# procedural asset
v -0.03800 0.92000 -0.40000
v -0.03800 0.84250 -0.34750
v -0.03800 0.76500 -0.29500
v -0.03800 0.68750 -0.24250
v -0.03800 0.61000 -0.19000
v -0.03800 0.53250 -0.13750
v -0.03800 0.45500 -0.08500
v -0.03800 0.37750 -0.03250
v -0.03800 0.30000 0.02000
v -0.03511 0.92816 -0.38796
v -0.03511 0.85066 -0.33546
v -0.03511 0.77316 -0.28296
v -0.03511 0.69566 -0.23046
v -0.03511 0.61816 -0.17796
v -0.03511 0.54066 -0.12546
v -0.03511 0.46316 -0.07296
v -0.03511 0.38566 -0.02046
v -0.03511 0.30816 0.03204
v -0.02687 0.93507 -0.37775
v -0.02687 0.85757 -0.32525
v -0.02687 0.78007 -0.27275
v -0.02687 0.70257 -0.22025
v -0.02687 0.62507 -0.16775
v -0.02687 0.54757 -0.11525
v -0.02687 0.47007 -0.06275
v -0.02687 0.39257 -0.01025
v -0.02687 0.31507 0.04225
v -0.01454 0.93969 -0.37093
v -0.01454 0.86219 -0.31843
v -0.01454 0.78469 -0.26593
v -0.01454 0.70719 -0.21343
v -0.01454 0.62969 -0.16093
v -0.01454 0.55219 -0.10843
v -0.01454 0.47469 -0.05593
v -0.01454 0.39719 -0.00343
v -0.01454 0.31969 0.04907
v -0.00000 0.94131 -0.36854
v -0.00000 0.86381 -0.31604
v -0.00000 0.78631 -0.26354
v -0.00000 0.70881 -0.21104
v -0.00000 0.63131 -0.15854
v -0.00000 0.55381 -0.10604
v -0.00000 0.47631 -0.05354
v -0.00000 0.39881 -0.00104
v -0.00000 0.32131 0.05146
v 0.01454 0.93969 -0.37093
v 0.01454 0.86219 -0.31843
v 0.01454 0.78469 -0.26593
v 0.01454 0.70719 -0.21343
v 0.01454 0.62969 -0.16093
v 0.01454 0.55219 -0.10843
v 0.01454 0.47469 -0.05593
v 0.01454 0.39719 -0.00343
v 0.01454 0.31969 0.04907
v 0.02687 0.93507 -0.37775
v 0.02687 0.85757 -0.32525
v 0.02687 0.78007 -0.27275
v 0.02687 0.70257 -0.22025
v 0.02687 0.62507 -0.16775
v 0.02687 0.54757 -0.11525
v 0.02687 0.47007 -0.06275
v 0.02687 0.39257 -0.01025
v 0.02687 0.31507 0.04225
v 0.03511 0.92816 -0.38796
v 0.03511 0.85066 -0.33546
v 0.03511 0.77316 -0.28296
v 0.03511 0.69566 -0.23046
v 0.03511 0.61816 -0.17796
v 0.03511 0.54066 -0.12546
v 0.03511 0.46316 -0.07296
v 0.03511 0.38566 -0.02046
v 0.03511 0.30816 0.03204
v 0.03800 0.92000 -0.40000
v 0.03800 0.84250 -0.34750
v 0.03800 0.76500 -0.29500
v 0.03800 0.68750 -0.24250
v 0.03800 0.61000 -0.19000
v 0.03800 0.53250 -0.13750
v 0.03800 0.45500 -0.08500
v 0.03800 0.37750 -0.03250
v 0.03800 0.30000 0.02000
v 0.03511 0.91184 -0.41204
v 0.03511 0.83434 -0.35954
v 0.03511 0.75684 -0.30704
v 0.03511 0.67934 -0.25454
v 0.03511 0.60184 -0.20204
v 0.03511 0.52434 -0.14954
v 0.03511 0.44684 -0.09704
v 0.03511 0.36934 -0.04454
v 0.03511 0.29184 0.00796
v 0.02687 0.90493 -0.42225
v 0.02687 0.82743 -0.36975
v 0.02687 0.74993 -0.31725
v 0.02687 0.67243 -0.26475
v 0.02687 0.59493 -0.21225
v 0.02687 0.51743 -0.15975
v 0.02687 0.43993 -0.10725
v 0.02687 0.36243 -0.05475
v 0.02687 0.28493 -0.00225
v 0.01454 0.90031 -0.42907
v 0.01454 0.82281 -0.37657
v 0.01454 0.74531 -0.32407
v 0.01454 0.66781 -0.27157
v 0.01454 0.59031 -0.21907
v 0.01454 0.51281 -0.16657
v 0.01454 0.43531 -0.11407
v 0.01454 0.35781 -0.06157
v 0.01454 0.28031 -0.00907
v 0.00000 0.89869 -0.43146
v 0.00000 0.82119 -0.37896
v 0.00000 0.74369 -0.32646
v 0.00000 0.66619 -0.27396
v 0.00000 0.58869 -0.22146
v 0.00000 0.51119 -0.16896
v 0.00000 0.43369 -0.11646
v 0.00000 0.35619 -0.06396
v 0.00000 0.27869 -0.01146
v -0.01454 0.90031 -0.42907
v -0.01454 0.82281 -0.37657
v -0.01454 0.74531 -0.32407
v -0.01454 0.66781 -0.27157
v -0.01454 0.59031 -0.21907
v -0.01454 0.51281 -0.16657
v -0.01454 0.43531 -0.11407
v -0.01454 0.35781 -0.06157
v -0.01454 0.28031 -0.00907
v -0.02687 0.90493 -0.42225
v -0.02687 0.82743 -0.36975
v -0.02687 0.74993 -0.31725
v -0.02687 0.67243 -0.26475
v -0.02687 0.59493 -0.21225
v -0.02687 0.51743 -0.15975
v -0.02687 0.43993 -0.10725
v -0.02687 0.36243 -0.05475
v -0.02687 0.28493 -0.00225
v -0.03511 0.91184 -0.41204
v -0.03511 0.83434 -0.35954
v -0.03511 0.75684 -0.30704
v -0.03511 0.67934 -0.25454
v -0.03511 0.60184 -0.20204
v -0.03511 0.52434 -0.14954
v -0.03511 0.44684 -0.09704
v -0.03511 0.36934 -0.04454
v -0.03511 0.29184 0.00796
v -0.03800 0.92000 -0.40000
v -0.03800 0.84250 -0.34750
v -0.03800 0.76500 -0.29500
v -0.03800 0.68750 -0.24250
v -0.03800 0.61000 -0.19000
v -0.03800 0.53250 -0.13750
v -0.03800 0.45500 -0.08500
v -0.03800 0.37750 -0.03250
v -0.03800 0.30000 0.02000
v 0.00000 0.97890 -0.40000
v 0.00921 0.97817 -0.40000
v 0.01820 0.97602 -0.40000
v 0.02674 0.97248 -0.40000
v 0.03462 0.96765 -0.40000
v 0.04165 0.96165 -0.40000
v 0.04765 0.95462 -0.40000
v 0.05248 0.94674 -0.40000
v 0.05602 0.93820 -0.40000
v 0.05817 0.92921 -0.40000
v 0.05890 0.92000 -0.40000
v 0.05817 0.91079 -0.40000
v 0.05602 0.90180 -0.40000
v 0.05248 0.89326 -0.40000
v 0.04765 0.88538 -0.40000
v 0.04165 0.87835 -0.40000
v 0.03462 0.87235 -0.40000
v 0.02674 0.86752 -0.40000
v 0.01820 0.86398 -0.40000
v 0.00921 0.86183 -0.40000
v 0.00000 0.86110 -0.40000
v 0.00000 0.97890 -0.40000
v 0.00901 0.97817 -0.39808
v 0.01780 0.97602 -0.39622
v 0.02616 0.97248 -0.39444
v 0.03386 0.96765 -0.39280
v 0.04074 0.96165 -0.39134
v 0.04661 0.95462 -0.39009
v 0.05133 0.94674 -0.38909
v 0.05479 0.93820 -0.38835
v 0.05690 0.92921 -0.38790
v 0.05761 0.92000 -0.38775
v 0.05690 0.91079 -0.38790
v 0.05479 0.90180 -0.38835
v 0.05133 0.89326 -0.38909
v 0.04661 0.88538 -0.39009
v 0.04074 0.87835 -0.39134
v 0.03386 0.87235 -0.39280
v 0.02616 0.86752 -0.39444
v 0.01780 0.86398 -0.39622
v 0.00901 0.86183 -0.39808
v 0.00000 0.86110 -0.40000
v 0.00000 0.97890 -0.40000
v 0.00842 0.97817 -0.39625
v 0.01663 0.97602 -0.39260
v 0.02443 0.97248 -0.38912
v 0.03163 0.96765 -0.38592
v 0.03805 0.96165 -0.38306
v 0.04353 0.95462 -0.38062
v 0.04794 0.94674 -0.37865
v 0.05117 0.93820 -0.37722
v 0.05315 0.92921 -0.37634
v 0.05381 0.92000 -0.37604
v 0.05315 0.91079 -0.37634
v 0.05117 0.90180 -0.37722
v 0.04794 0.89326 -0.37865
v 0.04353 0.88538 -0.38062
v 0.03805 0.87835 -0.38306
v 0.03163 0.87235 -0.38592
v 0.02443 0.86752 -0.38912
v 0.01663 0.86398 -0.39260
v 0.00842 0.86183 -0.39625
v 0.00000 0.86110 -0.40000
v 0.00000 0.97890 -0.40000
v 0.00745 0.97817 -0.39458
v 0.01472 0.97602 -0.38930
v 0.02163 0.97248 -0.38428
v 0.02801 0.96765 -0.37965
v 0.03369 0.96165 -0.37552
v 0.03855 0.95462 -0.37199
v 0.04246 0.94674 -0.36915
v 0.04532 0.93820 -0.36707
v 0.04706 0.92921 -0.36581
v 0.04765 0.92000 -0.36538
v 0.04706 0.91079 -0.36581
v 0.04532 0.90180 -0.36707
v 0.04246 0.89326 -0.36915
v 0.03855 0.88538 -0.37199
v 0.03369 0.87835 -0.37552
v 0.02801 0.87235 -0.37965
v 0.02163 0.86752 -0.38428
v 0.01473 0.86398 -0.38930
v 0.00745 0.86183 -0.39458
v 0.00000 0.86110 -0.40000
v 0.00000 0.97890 -0.40000
v 0.00617 0.97817 -0.39315
v 0.01218 0.97602 -0.38647
v 0.01789 0.97248 -0.38013
v 0.02317 0.96765 -0.37427
v 0.02787 0.96165 -0.36905
v 0.03188 0.95462 -0.36459
v 0.03512 0.94674 -0.36100
v 0.03748 0.93820 -0.35837
v 0.03893 0.92921 -0.35677
v 0.03941 0.92000 -0.35623
v 0.03893 0.91079 -0.35677
v 0.03748 0.90180 -0.35837
v 0.03512 0.89326 -0.36100
v 0.03188 0.88538 -0.36459
v 0.02787 0.87835 -0.36905
v 0.02317 0.87235 -0.37427
v 0.01789 0.86752 -0.38013
v 0.01218 0.86398 -0.38647
v 0.00617 0.86183 -0.39315
v 0.00000 0.86110 -0.40000
v 0.00000 0.97890 -0.40000
v 0.00461 0.97817 -0.39202
v 0.00910 0.97602 -0.38424
v 0.01337 0.97248 -0.37684
v 0.01731 0.96765 -0.37002
v 0.02082 0.96165 -0.36393
v 0.02383 0.95462 -0.35873
v 0.02624 0.94674 -0.35455
v 0.02801 0.93820 -0.35149
v 0.02909 0.92921 -0.34962
v 0.02945 0.92000 -0.34899
v 0.02909 0.91079 -0.34962
v 0.02801 0.90180 -0.35149
v 0.02624 0.89326 -0.35455
v 0.02383 0.88538 -0.35873
v 0.02082 0.87835 -0.36393
v 0.01731 0.87235 -0.37002
v 0.01337 0.86752 -0.37684
v 0.00910 0.86398 -0.38424
v 0.00461 0.86183 -0.39202
v 0.00000 0.86110 -0.40000
v 0.00000 0.97890 -0.40000
v 0.00285 0.97817 -0.39124
v 0.00562 0.97602 -0.38269
v 0.00826 0.97248 -0.37457
v 0.01070 0.96765 -0.36707
v 0.01287 0.96165 -0.36039
v 0.01473 0.95462 -0.35468
v 0.01622 0.94674 -0.35009
v 0.01731 0.93820 -0.34672
v 0.01798 0.92921 -0.34467
v 0.01820 0.92000 -0.34398
v 0.01798 0.91079 -0.34467
v 0.01731 0.90180 -0.34672
v 0.01622 0.89326 -0.35009
v 0.01473 0.88538 -0.35468
v 0.01287 0.87835 -0.36039
v 0.01070 0.87235 -0.36707
v 0.00826 0.86752 -0.37457
v 0.00562 0.86398 -0.38269
v 0.00285 0.86183 -0.39124
v 0.00000 0.86110 -0.40000
v 0.00000 0.97890 -0.40000
v 0.00096 0.97817 -0.39084
v 0.00190 0.97602 -0.38190
v 0.00280 0.97248 -0.37341
v 0.00362 0.96765 -0.36557
v 0.00435 0.96165 -0.35858
v 0.00498 0.95462 -0.35261
v 0.00549 0.94674 -0.34781
v 0.00586 0.93820 -0.34429
v 0.00608 0.92921 -0.34214
v 0.00616 0.92000 -0.34142
v 0.00608 0.91079 -0.34214
v 0.00586 0.90180 -0.34429
v 0.00549 0.89326 -0.34781
v 0.00498 0.88538 -0.35261
v 0.00435 0.87835 -0.35858
v 0.00362 0.87235 -0.36557
v 0.00280 0.86752 -0.37341
v 0.00190 0.86398 -0.38190
v 0.00096 0.86183 -0.39084
v 0.00000 0.86110 -0.40000
v 0.00000 0.97890 -0.40000
v -0.00096 0.97817 -0.39084
v -0.00190 0.97602 -0.38190
v -0.00280 0.97248 -0.37341
v -0.00362 0.96765 -0.36557
v -0.00435 0.96165 -0.35858
v -0.00498 0.95462 -0.35261
v -0.00549 0.94674 -0.34781
v -0.00586 0.93820 -0.34429
v -0.00608 0.92921 -0.34214
v -0.00616 0.92000 -0.34142
v -0.00608 0.91079 -0.34214
v -0.00586 0.90180 -0.34429
v -0.00549 0.89326 -0.34781
v -0.00498 0.88538 -0.35261
v -0.00435 0.87835 -0.35858
v -0.00362 0.87235 -0.36557
v -0.00280 0.86752 -0.37341
v -0.00190 0.86398 -0.38190
v -0.00096 0.86183 -0.39084
v -0.00000 0.86110 -0.40000
v 0.00000 0.97890 -0.40000
v -0.00285 0.97817 -0.39124
v -0.00562 0.97602 -0.38269
v -0.00826 0.97248 -0.37457
v -0.01070 0.96765 -0.36707
v -0.01287 0.96165 -0.36039
v -0.01472 0.95462 -0.35468
v -0.01622 0.94674 -0.35009
v -0.01731 0.93820 -0.34672
v -0.01798 0.92921 -0.34467
v -0.01820 0.92000 -0.34398
v -0.01798 0.91079 -0.34467
v -0.01731 0.90180 -0.34672
v -0.01622 0.89326 -0.35009
v -0.01472 0.88538 -0.35468
v -0.01287 0.87835 -0.36039
v -0.01070 0.87235 -0.36707
v -0.00826 0.86752 -0.37457
v -0.00562 0.86398 -0.38269
v -0.00285 0.86183 -0.39124
v -0.00000 0.86110 -0.40000
v 0.00000 0.97890 -0.40000
v -0.00461 0.97817 -0.39202
v -0.00910 0.97602 -0.38424
v -0.01337 0.97248 -0.37684
v -0.01731 0.96765 -0.37002
v -0.02082 0.96165 -0.36393
v -0.02383 0.95462 -0.35873
v -0.02624 0.94674 -0.35455
v -0.02801 0.93820 -0.35149
v -0.02909 0.92921 -0.34962
v -0.02945 0.92000 -0.34899
v -0.02909 0.91079 -0.34962
v -0.02801 0.90180 -0.35149
v -0.02624 0.89326 -0.35455
v -0.02383 0.88538 -0.35873
v -0.02082 0.87835 -0.36393
v -0.01731 0.87235 -0.37002
v -0.01337 0.86752 -0.37684
v -0.00910 0.86398 -0.38424
v -0.00461 0.86183 -0.39202
v -0.00000 0.86110 -0.40000
v 0.00000 0.97890 -0.40000
v -0.00617 0.97817 -0.39315
v -0.01218 0.97602 -0.38647
v -0.01789 0.97248 -0.38013
v -0.02317 0.96765 -0.37427
v -0.02787 0.96165 -0.36905
v -0.03188 0.95462 -0.36459
v -0.03512 0.94674 -0.36100
v -0.03748 0.93820 -0.35837
v -0.03893 0.92921 -0.35677
v -0.03941 0.92000 -0.35623
v -0.03893 0.91079 -0.35677
v -0.03748 0.90180 -0.35837
v -0.03512 0.89326 -0.36100
v -0.03188 0.88538 -0.36459
v -0.02787 0.87835 -0.36905
v -0.02317 0.87235 -0.37427
v -0.01789 0.86752 -0.38013
v -0.01218 0.86398 -0.38647
v -0.00617 0.86183 -0.39315
v -0.00000 0.86110 -0.40000
v 0.00000 0.97890 -0.40000
v -0.00745 0.97817 -0.39458
v -0.01472 0.97602 -0.38930
v -0.02163 0.97248 -0.38428
v -0.02801 0.96765 -0.37965
v -0.03369 0.96165 -0.37552
v -0.03855 0.95462 -0.37199
v -0.04246 0.94674 -0.36915
v -0.04532 0.93820 -0.36707
v -0.04706 0.92921 -0.36581
v -0.04765 0.92000 -0.36538
v -0.04706 0.91079 -0.36581
v -0.04532 0.90180 -0.36707
v -0.04246 0.89326 -0.36915
v -0.03855 0.88538 -0.37199
v -0.03369 0.87835 -0.37552
v -0.02801 0.87235 -0.37965
v -0.02163 0.86752 -0.38428
v -0.01473 0.86398 -0.38930
v -0.00745 0.86183 -0.39458
v -0.00000 0.86110 -0.40000
v 0.00000 0.97890 -0.40000
v -0.00842 0.97817 -0.39625
v -0.01663 0.97602 -0.39260
v -0.02443 0.97248 -0.38912
v -0.03163 0.96765 -0.38592
v -0.03805 0.96165 -0.38306
v -0.04353 0.95462 -0.38062
v -0.04794 0.94674 -0.37865
v -0.05117 0.93820 -0.37722
v -0.05315 0.92921 -0.37634
v -0.05381 0.92000 -0.37604
v -0.05315 0.91079 -0.37634
v -0.05117 0.90180 -0.37722
v -0.04794 0.89326 -0.37865
v -0.04353 0.88538 -0.38062
v -0.03805 0.87835 -0.38306
v -0.03163 0.87235 -0.38592
v -0.02443 0.86752 -0.38912
v -0.01663 0.86398 -0.39260
v -0.00842 0.86183 -0.39625
v -0.00000 0.86110 -0.40000
v 0.00000 0.97890 -0.40000
v -0.00901 0.97817 -0.39808
v -0.01780 0.97602 -0.39622
v -0.02616 0.97248 -0.39444
v -0.03386 0.96765 -0.39280
v -0.04074 0.96165 -0.39134
v -0.04661 0.95462 -0.39009
v -0.05133 0.94674 -0.38909
v -0.05479 0.93820 -0.38835
v -0.05690 0.92921 -0.38790
v -0.05761 0.92000 -0.38775
v -0.05690 0.91079 -0.38790
v -0.05479 0.90180 -0.38835
v -0.05133 0.89326 -0.38909
v -0.04661 0.88538 -0.39009
v -0.04074 0.87835 -0.39134
v -0.03386 0.87235 -0.39280
v -0.02616 0.86752 -0.39444
v -0.01780 0.86398 -0.39622
v -0.00901 0.86183 -0.39808
v -0.00000 0.86110 -0.40000
v 0.00000 0.97890 -0.40000
v -0.00921 0.97817 -0.40000
v -0.01820 0.97602 -0.40000
v -0.02674 0.97248 -0.40000
v -0.03462 0.96765 -0.40000
v -0.04165 0.96165 -0.40000
v -0.04765 0.95462 -0.40000
v -0.05248 0.94674 -0.40000
v -0.05602 0.93820 -0.40000
v -0.05817 0.92921 -0.40000
v -0.05890 0.92000 -0.40000
v -0.05817 0.91079 -0.40000
v -0.05602 0.90180 -0.40000
v -0.05248 0.89326 -0.40000
v -0.04765 0.88538 -0.40000
v -0.04165 0.87835 -0.40000
v -0.03462 0.87235 -0.40000
v -0.02674 0.86752 -0.40000
v -0.01820 0.86398 -0.40000
v -0.00921 0.86183 -0.40000
v -0.00000 0.86110 -0.40000
v 0.00000 0.97890 -0.40000
v -0.00901 0.97817 -0.40192
v -0.01780 0.97602 -0.40378
v -0.02616 0.97248 -0.40556
v -0.03386 0.96765 -0.40720
v -0.04074 0.96165 -0.40866
v -0.04661 0.95462 -0.40991
v -0.05133 0.94674 -0.41091
v -0.05479 0.93820 -0.41165
v -0.05690 0.92921 -0.41210
v -0.05761 0.92000 -0.41225
v -0.05690 0.91079 -0.41210
v -0.05479 0.90180 -0.41165
v -0.05133 0.89326 -0.41091
v -0.04661 0.88538 -0.40991
v -0.04074 0.87835 -0.40866
v -0.03386 0.87235 -0.40720
v -0.02616 0.86752 -0.40556
v -0.01780 0.86398 -0.40378
v -0.00901 0.86183 -0.40192
v -0.00000 0.86110 -0.40000
v 0.00000 0.97890 -0.40000
v -0.00842 0.97817 -0.40375
v -0.01663 0.97602 -0.40740
v -0.02443 0.97248 -0.41088
v -0.03163 0.96765 -0.41408
v -0.03805 0.96165 -0.41694
v -0.04353 0.95462 -0.41938
v -0.04794 0.94674 -0.42135
v -0.05117 0.93820 -0.42278
v -0.05315 0.92921 -0.42366
v -0.05381 0.92000 -0.42396
v -0.05315 0.91079 -0.42366
v -0.05117 0.90180 -0.42278
v -0.04794 0.89326 -0.42135
v -0.04353 0.88538 -0.41938
v -0.03805 0.87835 -0.41694
v -0.03163 0.87235 -0.41408
v -0.02443 0.86752 -0.41088
v -0.01663 0.86398 -0.40740
v -0.00842 0.86183 -0.40375
v -0.00000 0.86110 -0.40000
v 0.00000 0.97890 -0.40000
v -0.00745 0.97817 -0.40542
v -0.01472 0.97602 -0.41070
v -0.02163 0.97248 -0.41572
v -0.02801 0.96765 -0.42035
v -0.03369 0.96165 -0.42448
v -0.03855 0.95462 -0.42801
v -0.04246 0.94674 -0.43085
v -0.04532 0.93820 -0.43293
v -0.04706 0.92921 -0.43419
v -0.04765 0.92000 -0.43462
v -0.04706 0.91079 -0.43419
v -0.04532 0.90180 -0.43293
v -0.04246 0.89326 -0.43085
v -0.03855 0.88538 -0.42801
v -0.03369 0.87835 -0.42448
v -0.02801 0.87235 -0.42035
v -0.02163 0.86752 -0.41572
v -0.01473 0.86398 -0.41070
v -0.00745 0.86183 -0.40542
v -0.00000 0.86110 -0.40000
v 0.00000 0.97890 -0.40000
v -0.00617 0.97817 -0.40685
v -0.01218 0.97602 -0.41353
v -0.01789 0.97248 -0.41987
v -0.02317 0.96765 -0.42573
v -0.02787 0.96165 -0.43095
v -0.03188 0.95462 -0.43541
v -0.03512 0.94674 -0.43900
v -0.03748 0.93820 -0.44163
v -0.03893 0.92921 -0.44323
v -0.03941 0.92000 -0.44377
v -0.03893 0.91079 -0.44323
v -0.03748 0.90180 -0.44163
v -0.03512 0.89326 -0.43900
v -0.03188 0.88538 -0.43541
v -0.02787 0.87835 -0.43095
v -0.02317 0.87235 -0.42573
v -0.01789 0.86752 -0.41987
v -0.01218 0.86398 -0.41353
v -0.00617 0.86183 -0.40685
v -0.00000 0.86110 -0.40000
v 0.00000 0.97890 -0.40000
v -0.00461 0.97817 -0.40798
v -0.00910 0.97602 -0.41576
v -0.01337 0.97248 -0.42316
v -0.01731 0.96765 -0.42998
v -0.02082 0.96165 -0.43607
v -0.02383 0.95462 -0.44127
v -0.02624 0.94674 -0.44545
v -0.02801 0.93820 -0.44851
v -0.02909 0.92921 -0.45038
v -0.02945 0.92000 -0.45101
v -0.02909 0.91079 -0.45038
v -0.02801 0.90180 -0.44851
v -0.02624 0.89326 -0.44545
v -0.02383 0.88538 -0.44127
v -0.02082 0.87835 -0.43607
v -0.01731 0.87235 -0.42998
v -0.01337 0.86752 -0.42316
v -0.00910 0.86398 -0.41576
v -0.00461 0.86183 -0.40798
v -0.00000 0.86110 -0.40000
v 0.00000 0.97890 -0.40000
v -0.00285 0.97817 -0.40876
v -0.00562 0.97602 -0.41731
v -0.00826 0.97248 -0.42543
v -0.01070 0.96765 -0.43293
v -0.01287 0.96165 -0.43961
v -0.01473 0.95462 -0.44532
v -0.01622 0.94674 -0.44991
v -0.01731 0.93820 -0.45328
v -0.01798 0.92921 -0.45533
v -0.01820 0.92000 -0.45602
v -0.01798 0.91079 -0.45533
v -0.01731 0.90180 -0.45328
v -0.01622 0.89326 -0.44991
v -0.01473 0.88538 -0.44532
v -0.01287 0.87835 -0.43961
v -0.01070 0.87235 -0.43293
v -0.00826 0.86752 -0.42543
v -0.00562 0.86398 -0.41731
v -0.00285 0.86183 -0.40876
v -0.00000 0.86110 -0.40000
v 0.00000 0.97890 -0.40000
v -0.00096 0.97817 -0.40916
v -0.00190 0.97602 -0.41810
v -0.00280 0.97248 -0.42659
v -0.00362 0.96765 -0.43443
v -0.00435 0.96165 -0.44142
v -0.00498 0.95462 -0.44739
v -0.00549 0.94674 -0.45219
v -0.00586 0.93820 -0.45571
v -0.00608 0.92921 -0.45786
v -0.00616 0.92000 -0.45858
v -0.00608 0.91079 -0.45786
v -0.00586 0.90180 -0.45571
v -0.00549 0.89326 -0.45219
v -0.00498 0.88538 -0.44739
v -0.00435 0.87835 -0.44142
v -0.00362 0.87235 -0.43443
v -0.00280 0.86752 -0.42659
v -0.00190 0.86398 -0.41810
v -0.00096 0.86183 -0.40916
v -0.00000 0.86110 -0.40000
v 0.00000 0.97890 -0.40000
v 0.00096 0.97817 -0.40916
v 0.00190 0.97602 -0.41810
v 0.00280 0.97248 -0.42659
v 0.00362 0.96765 -0.43443
v 0.00435 0.96165 -0.44142
v 0.00498 0.95462 -0.44739
v 0.00549 0.94674 -0.45219
v 0.00586 0.93820 -0.45571
v 0.00608 0.92921 -0.45786
v 0.00616 0.92000 -0.45858
v 0.00608 0.91079 -0.45786
v 0.00586 0.90180 -0.45571
v 0.00549 0.89326 -0.45219
v 0.00498 0.88538 -0.44739
v 0.00435 0.87835 -0.44142
v 0.00362 0.87235 -0.43443
v 0.00280 0.86752 -0.42659
v 0.00190 0.86398 -0.41810
v 0.00096 0.86183 -0.40916
v 0.00000 0.86110 -0.40000
v 0.00000 0.97890 -0.40000
v 0.00285 0.97817 -0.40876
v 0.00562 0.97602 -0.41731
v 0.00826 0.97248 -0.42543
v 0.01070 0.96765 -0.43293
v 0.01287 0.96165 -0.43961
v 0.01472 0.95462 -0.44532
v 0.01622 0.94674 -0.44991
v 0.01731 0.93820 -0.45328
v 0.01798 0.92921 -0.45533
v 0.01820 0.92000 -0.45602
v 0.01798 0.91079 -0.45533
v 0.01731 0.90180 -0.45328
v 0.01622 0.89326 -0.44991
v 0.01472 0.88538 -0.44532
v 0.01287 0.87835 -0.43961
v 0.01070 0.87235 -0.43293
v 0.00826 0.86752 -0.42543
v 0.00562 0.86398 -0.41731
v 0.00285 0.86183 -0.40876
v 0.00000 0.86110 -0.40000
v 0.00000 0.97890 -0.40000
v 0.00461 0.97817 -0.40798
v 0.00910 0.97602 -0.41576
v 0.01337 0.97248 -0.42316
v 0.01731 0.96765 -0.42998
v 0.02082 0.96165 -0.43607
v 0.02383 0.95462 -0.44127
v 0.02624 0.94674 -0.44545
v 0.02801 0.93820 -0.44851
v 0.02909 0.92921 -0.45038
v 0.02945 0.92000 -0.45101
v 0.02909 0.91079 -0.45038
v 0.02801 0.90180 -0.44851
v 0.02624 0.89326 -0.44545
v 0.02383 0.88538 -0.44127
v 0.02082 0.87835 -0.43607
v 0.01731 0.87235 -0.42998
v 0.01337 0.86752 -0.42316
v 0.00910 0.86398 -0.41576
v 0.00461 0.86183 -0.40798
v 0.00000 0.86110 -0.40000
v 0.00000 0.97890 -0.40000
v 0.00617 0.97817 -0.40685
v 0.01218 0.97602 -0.41353
v 0.01789 0.97248 -0.41987
v 0.02317 0.96765 -0.42573
v 0.02787 0.96165 -0.43095
v 0.03188 0.95462 -0.43541
v 0.03512 0.94674 -0.43900
v 0.03748 0.93820 -0.44163
v 0.03893 0.92921 -0.44323
v 0.03941 0.92000 -0.44377
v 0.03893 0.91079 -0.44323
v 0.03748 0.90180 -0.44163
v 0.03512 0.89326 -0.43900
v 0.03188 0.88538 -0.43541
v 0.02787 0.87835 -0.43095
v 0.02317 0.87235 -0.42573
v 0.01789 0.86752 -0.41987
v 0.01218 0.86398 -0.41353
v 0.00617 0.86183 -0.40685
v 0.00000 0.86110 -0.40000
v 0.00000 0.97890 -0.40000
v 0.00745 0.97817 -0.40542
v 0.01472 0.97602 -0.41070
v 0.02163 0.97248 -0.41572
v 0.02801 0.96765 -0.42035
v 0.03369 0.96165 -0.42448
v 0.03855 0.95462 -0.42801
v 0.04246 0.94674 -0.43085
v 0.04532 0.93820 -0.43293
v 0.04706 0.92921 -0.43419
v 0.04765 0.92000 -0.43462
v 0.04706 0.91079 -0.43419
v 0.04532 0.90180 -0.43293
v 0.04246 0.89326 -0.43085
v 0.03855 0.88538 -0.42801
v 0.03369 0.87835 -0.42448
v 0.02801 0.87235 -0.42035
v 0.02163 0.86752 -0.41572
v 0.01473 0.86398 -0.41070
v 0.00745 0.86183 -0.40542
v 0.00000 0.86110 -0.40000
v 0.00000 0.97890 -0.40000
v 0.00842 0.97817 -0.40375
v 0.01663 0.97602 -0.40740
v 0.02443 0.97248 -0.41088
v 0.03163 0.96765 -0.41408
v 0.03805 0.96165 -0.41694
v 0.04353 0.95462 -0.41938
v 0.04794 0.94674 -0.42135
v 0.05117 0.93820 -0.42278
v 0.05315 0.92921 -0.42366
v 0.05381 0.92000 -0.42396
v 0.05315 0.91079 -0.42366
v 0.05117 0.90180 -0.42278
v 0.04794 0.89326 -0.42135
v 0.04353 0.88538 -0.41938
v 0.03805 0.87835 -0.41694
v 0.03163 0.87235 -0.41408
v 0.02443 0.86752 -0.41088
v 0.01663 0.86398 -0.40740
v 0.00842 0.86183 -0.40375
v 0.00000 0.86110 -0.40000
v 0.00000 0.97890 -0.40000
v 0.00901 0.97817 -0.40192
v 0.01780 0.97602 -0.40378
v 0.02616 0.97248 -0.40556
v 0.03386 0.96765 -0.40720
v 0.04074 0.96165 -0.40866
v 0.04661 0.95462 -0.40991
v 0.05133 0.94674 -0.41091
v 0.05479 0.93820 -0.41165
v 0.05690 0.92921 -0.41210
v 0.05761 0.92000 -0.41225
v 0.05690 0.91079 -0.41210
v 0.05479 0.90180 -0.41165
v 0.05133 0.89326 -0.41091
v 0.04661 0.88538 -0.40991
v 0.04074 0.87835 -0.40866
v 0.03386 0.87235 -0.40720
v 0.02616 0.86752 -0.40556
v 0.01780 0.86398 -0.40378
v 0.00901 0.86183 -0.40192
v 0.00000 0.86110 -0.40000
v 0.00000 0.97890 -0.40000
v 0.00921 0.97817 -0.40000
v 0.01820 0.97602 -0.40000
v 0.02674 0.97248 -0.40000
v 0.03462 0.96765 -0.40000
v 0.04165 0.96165 -0.40000
v 0.04765 0.95462 -0.40000
v 0.05248 0.94674 -0.40000
v 0.05602 0.93820 -0.40000
v 0.05817 0.92921 -0.40000
v 0.05890 0.92000 -0.40000
v 0.05817 0.91079 -0.40000
v 0.05602 0.90180 -0.40000
v 0.05248 0.89326 -0.40000
v 0.04765 0.88538 -0.40000
v 0.04165 0.87835 -0.40000
v 0.03462 0.87235 -0.40000
v 0.02674 0.86752 -0.40000
v 0.01820 0.86398 -0.40000
v 0.00921 0.86183 -0.40000
v 0.00000 0.86110 -0.40000
v 0.00000 0.30706 -0.01530
v 0.00000 0.38206 -0.00030
v 0.00000 0.45706 0.01470
v 0.00000 0.53206 0.02970
v 0.00000 0.60706 0.04470
v 0.00000 0.68206 0.05970
v 0.00000 0.75706 0.07470
v 0.00000 0.83206 0.08970
v 0.00000 0.90706 0.10470
v 0.01378 0.30652 -0.01261
v 0.01378 0.38152 0.00239
v 0.01378 0.45652 0.01739
v 0.01378 0.53152 0.03239
v 0.01378 0.60652 0.04739
v 0.01378 0.68152 0.06239
v 0.01378 0.75652 0.07739
v 0.01378 0.83152 0.09239
v 0.01378 0.90652 0.10739
v 0.02546 0.30499 -0.00496
v 0.02546 0.37999 0.01004
v 0.02546 0.45499 0.02504
v 0.02546 0.52999 0.04004
v 0.02546 0.60499 0.05504
v 0.02546 0.67999 0.07004
v 0.02546 0.75499 0.08504
v 0.02546 0.82999 0.10004
v 0.02546 0.90499 0.11504
v 0.03326 0.30270 0.00649
v 0.03326 0.37770 0.02149
v 0.03326 0.45270 0.03649
v 0.03326 0.52770 0.05149
v 0.03326 0.60270 0.06649
v 0.03326 0.67770 0.08149
v 0.03326 0.75270 0.09649
v 0.03326 0.82770 0.11149
v 0.03326 0.90270 0.12649
v 0.03600 0.30000 0.02000
v 0.03600 0.37500 0.03500
v 0.03600 0.45000 0.05000
v 0.03600 0.52500 0.06500
v 0.03600 0.60000 0.08000
v 0.03600 0.67500 0.09500
v 0.03600 0.75000 0.11000
v 0.03600 0.82500 0.12500
v 0.03600 0.90000 0.14000
v 0.03326 0.29730 0.03351
v 0.03326 0.37230 0.04851
v 0.03326 0.44730 0.06351
v 0.03326 0.52230 0.07851
v 0.03326 0.59730 0.09351
v 0.03326 0.67230 0.10851
v 0.03326 0.74730 0.12351
v 0.03326 0.82230 0.13851
v 0.03326 0.89730 0.15351
v 0.02546 0.29501 0.04496
v 0.02546 0.37001 0.05996
v 0.02546 0.44501 0.07496
v 0.02546 0.52001 0.08996
v 0.02546 0.59501 0.10496
v 0.02546 0.67001 0.11996
v 0.02546 0.74501 0.13496
v 0.02546 0.82001 0.14996
v 0.02546 0.89501 0.16496
v 0.01378 0.29348 0.05261
v 0.01378 0.36848 0.06761
v 0.01378 0.44348 0.08261
v 0.01378 0.51848 0.09761
v 0.01378 0.59348 0.11261
v 0.01378 0.66848 0.12761
v 0.01378 0.74348 0.14261
v 0.01378 0.81848 0.15761
v 0.01378 0.89348 0.17261
v 0.00000 0.29294 0.05530
v 0.00000 0.36794 0.07030
v 0.00000 0.44294 0.08530
v 0.00000 0.51794 0.10030
v 0.00000 0.59294 0.11530
v 0.00000 0.66794 0.13030
v 0.00000 0.74294 0.14530
v 0.00000 0.81794 0.16030
v 0.00000 0.89294 0.17530
v -0.01378 0.29348 0.05261
v -0.01378 0.36848 0.06761
v -0.01378 0.44348 0.08261
v -0.01378 0.51848 0.09761
v -0.01378 0.59348 0.11261
v -0.01378 0.66848 0.12761
v -0.01378 0.74348 0.14261
v -0.01378 0.81848 0.15761
v -0.01378 0.89348 0.17261
v -0.02546 0.29501 0.04496
v -0.02546 0.37001 0.05996
v -0.02546 0.44501 0.07496
v -0.02546 0.52001 0.08996
v -0.02546 0.59501 0.10496
v -0.02546 0.67001 0.11996
v -0.02546 0.74501 0.13496
v -0.02546 0.82001 0.14996
v -0.02546 0.89501 0.16496
v -0.03326 0.29730 0.03351
v -0.03326 0.37230 0.04851
v -0.03326 0.44730 0.06351
v -0.03326 0.52230 0.07851
v -0.03326 0.59730 0.09351
v -0.03326 0.67230 0.10851
v -0.03326 0.74730 0.12351
v -0.03326 0.82230 0.13851
v -0.03326 0.89730 0.15351
v -0.03600 0.30000 0.02000
v -0.03600 0.37500 0.03500
v -0.03600 0.45000 0.05000
v -0.03600 0.52500 0.06500
v -0.03600 0.60000 0.08000
v -0.03600 0.67500 0.09500
v -0.03600 0.75000 0.11000
v -0.03600 0.82500 0.12500
v -0.03600 0.90000 0.14000
v -0.03326 0.30270 0.00649
v -0.03326 0.37770 0.02149
v -0.03326 0.45270 0.03649
v -0.03326 0.52770 0.05149
v -0.03326 0.60270 0.06649
v -0.03326 0.67770 0.08149
v -0.03326 0.75270 0.09649
v -0.03326 0.82770 0.11149
v -0.03326 0.90270 0.12649
v -0.02546 0.30499 -0.00496
v -0.02546 0.37999 0.01004
v -0.02546 0.45499 0.02504
v -0.02546 0.52999 0.04004
v -0.02546 0.60499 0.05504
v -0.02546 0.67999 0.07004
v -0.02546 0.75499 0.08504
v -0.02546 0.82999 0.10004
v -0.02546 0.90499 0.11504
v -0.01378 0.30652 -0.01261
v -0.01378 0.38152 0.00239
v -0.01378 0.45652 0.01739
v -0.01378 0.53152 0.03239
v -0.01378 0.60652 0.04739
v -0.01378 0.68152 0.06239
v -0.01378 0.75652 0.07739
v -0.01378 0.83152 0.09239
v -0.01378 0.90652 0.10739
v -0.00000 0.30706 -0.01530
v -0.00000 0.38206 -0.00030
v -0.00000 0.45706 0.01470
v -0.00000 0.53206 0.02970
v -0.00000 0.60706 0.04470
v -0.00000 0.68206 0.05970
v -0.00000 0.75706 0.07470
v -0.00000 0.83206 0.08970
v -0.00000 0.90706 0.10470
v 0.00000 0.35580 0.02000
v 0.00873 0.35511 0.02000
v 0.01724 0.35307 0.02000
v 0.02533 0.34972 0.02000
v 0.03280 0.34514 0.02000
v 0.03946 0.33946 0.02000
v 0.04514 0.33280 0.02000
v 0.04972 0.32533 0.02000
v 0.05307 0.31724 0.02000
v 0.05511 0.30873 0.02000
v 0.05580 0.30000 0.02000
v 0.05511 0.29127 0.02000
v 0.05307 0.28276 0.02000
v 0.04972 0.27467 0.02000
v 0.04514 0.26720 0.02000
v 0.03946 0.26054 0.02000
v 0.03280 0.25486 0.02000
v 0.02533 0.25028 0.02000
v 0.01724 0.24693 0.02000
v 0.00873 0.24489 0.02000
v 0.00000 0.24420 0.02000
v 0.00000 0.35580 0.02000
v 0.00854 0.35511 0.02181
v 0.01687 0.35307 0.02359
v 0.02478 0.34972 0.02527
v 0.03208 0.34514 0.02682
v 0.03859 0.33946 0.02820
v 0.04416 0.33280 0.02939
v 0.04863 0.32533 0.03034
v 0.05191 0.31724 0.03103
v 0.05391 0.30873 0.03146
v 0.05458 0.30000 0.03160
v 0.05391 0.29127 0.03146
v 0.05191 0.28276 0.03103
v 0.04863 0.27467 0.03034
v 0.04416 0.26720 0.02939
v 0.03859 0.26054 0.02820
v 0.03208 0.25486 0.02682
v 0.02478 0.25028 0.02527
v 0.01687 0.24693 0.02359
v 0.00854 0.24489 0.02181
v 0.00000 0.24420 0.02000
v 0.00000 0.35580 0.02000
v 0.00797 0.35511 0.02355
v 0.01575 0.35307 0.02701
v 0.02314 0.34972 0.03030
v 0.02996 0.34514 0.03334
v 0.03605 0.33946 0.03605
v 0.04124 0.33280 0.03836
v 0.04542 0.32533 0.04022
v 0.04848 0.31724 0.04159
v 0.05035 0.30873 0.04242
v 0.05098 0.30000 0.04270
v 0.05035 0.29127 0.04242
v 0.04848 0.28276 0.04159
v 0.04542 0.27467 0.04022
v 0.04124 0.26720 0.03836
v 0.03605 0.26054 0.03605
v 0.02996 0.25486 0.03334
v 0.02314 0.25028 0.03030
v 0.01575 0.24693 0.02701
v 0.00797 0.24489 0.02355
v 0.00000 0.24420 0.02000
v 0.00000 0.35580 0.02000
v 0.00706 0.35511 0.02513
v 0.01395 0.35307 0.03014
v 0.02049 0.34972 0.03489
v 0.02653 0.34514 0.03928
v 0.03192 0.33946 0.04319
v 0.03652 0.33280 0.04653
v 0.04022 0.32533 0.04922
v 0.04293 0.31724 0.05119
v 0.04459 0.30873 0.05239
v 0.04514 0.30000 0.05280
v 0.04459 0.29127 0.05239
v 0.04293 0.28276 0.05119
v 0.04022 0.27467 0.04922
v 0.03652 0.26720 0.04653
v 0.03192 0.26054 0.04319
v 0.02653 0.25486 0.03928
v 0.02049 0.25028 0.03489
v 0.01395 0.24693 0.03014
v 0.00706 0.24489 0.02513
v 0.00000 0.24420 0.02000
v 0.00000 0.35580 0.02000
v 0.00584 0.35511 0.02649
v 0.01154 0.35307 0.03281
v 0.01695 0.34972 0.03883
v 0.02195 0.34514 0.04437
v 0.02640 0.33946 0.04932
v 0.03021 0.33280 0.05355
v 0.03327 0.32533 0.05695
v 0.03551 0.31724 0.05944
v 0.03688 0.30873 0.06096
v 0.03734 0.30000 0.06147
v 0.03688 0.29127 0.06096
v 0.03551 0.28276 0.05944
v 0.03327 0.27467 0.05695
v 0.03021 0.26720 0.05355
v 0.02640 0.26054 0.04932
v 0.02195 0.25486 0.04437
v 0.01695 0.25028 0.03883
v 0.01154 0.24693 0.03281
v 0.00584 0.24489 0.02649
v 0.00000 0.24420 0.02000
v 0.00000 0.35580 0.02000
v 0.00436 0.35511 0.02756
v 0.00862 0.35307 0.03493
v 0.01267 0.34972 0.04194
v 0.01640 0.34514 0.04840
v 0.01973 0.33946 0.05417
v 0.02257 0.33280 0.05910
v 0.02486 0.32533 0.06306
v 0.02653 0.31724 0.06596
v 0.02756 0.30873 0.06773
v 0.02790 0.30000 0.06832
v 0.02756 0.29127 0.06773
v 0.02653 0.28276 0.06596
v 0.02486 0.27467 0.06306
v 0.02257 0.26720 0.05910
v 0.01973 0.26054 0.05417
v 0.01640 0.25486 0.04840
v 0.01267 0.25028 0.04194
v 0.00862 0.24693 0.03493
v 0.00436 0.24489 0.02756
v 0.00000 0.24420 0.02000
v 0.00000 0.35580 0.02000
v 0.00270 0.35511 0.02830
v 0.00533 0.35307 0.03640
v 0.00783 0.34972 0.04409
v 0.01014 0.34514 0.05119
v 0.01219 0.33946 0.05753
v 0.01395 0.33280 0.06293
v 0.01536 0.32533 0.06728
v 0.01640 0.31724 0.07047
v 0.01703 0.30873 0.07242
v 0.01724 0.30000 0.07307
v 0.01703 0.29127 0.07242
v 0.01640 0.28276 0.07047
v 0.01536 0.27467 0.06728
v 0.01395 0.26720 0.06293
v 0.01219 0.26054 0.05753
v 0.01014 0.25486 0.05119
v 0.00783 0.25028 0.04409
v 0.00533 0.24693 0.03640
v 0.00270 0.24489 0.02830
v 0.00000 0.24420 0.02000
v 0.00000 0.35580 0.02000
v 0.00091 0.35511 0.02868
v 0.00180 0.35307 0.03715
v 0.00265 0.34972 0.04519
v 0.00343 0.34514 0.05262
v 0.00412 0.33946 0.05924
v 0.00472 0.33280 0.06490
v 0.00520 0.32533 0.06945
v 0.00555 0.31724 0.07278
v 0.00576 0.30873 0.07481
v 0.00583 0.30000 0.07549
v 0.00576 0.29127 0.07481
v 0.00555 0.28276 0.07278
v 0.00520 0.27467 0.06945
v 0.00472 0.26720 0.06490
v 0.00412 0.26054 0.05924
v 0.00343 0.25486 0.05262
v 0.00265 0.25028 0.04519
v 0.00180 0.24693 0.03715
v 0.00091 0.24489 0.02868
v 0.00000 0.24420 0.02000
v 0.00000 0.35580 0.02000
v -0.00091 0.35511 0.02868
v -0.00180 0.35307 0.03715
v -0.00265 0.34972 0.04519
v -0.00343 0.34514 0.05262
v -0.00412 0.33946 0.05924
v -0.00472 0.33280 0.06490
v -0.00520 0.32533 0.06945
v -0.00555 0.31724 0.07278
v -0.00576 0.30873 0.07481
v -0.00583 0.30000 0.07549
v -0.00576 0.29127 0.07481
v -0.00555 0.28276 0.07278
v -0.00520 0.27467 0.06945
v -0.00472 0.26720 0.06490
v -0.00412 0.26054 0.05924
v -0.00343 0.25486 0.05262
v -0.00265 0.25028 0.04519
v -0.00180 0.24693 0.03715
v -0.00091 0.24489 0.02868
v -0.00000 0.24420 0.02000
v 0.00000 0.35580 0.02000
v -0.00270 0.35511 0.02830
v -0.00533 0.35307 0.03640
v -0.00783 0.34972 0.04409
v -0.01014 0.34514 0.05119
v -0.01219 0.33946 0.05753
v -0.01395 0.33280 0.06293
v -0.01536 0.32533 0.06728
v -0.01640 0.31724 0.07047
v -0.01703 0.30873 0.07242
v -0.01724 0.30000 0.07307
v -0.01703 0.29127 0.07242
v -0.01640 0.28276 0.07047
v -0.01536 0.27467 0.06728
v -0.01395 0.26720 0.06293
v -0.01219 0.26054 0.05753
v -0.01014 0.25486 0.05119
v -0.00783 0.25028 0.04409
v -0.00533 0.24693 0.03640
v -0.00270 0.24489 0.02830
v -0.00000 0.24420 0.02000
v 0.00000 0.35580 0.02000
v -0.00436 0.35511 0.02756
v -0.00862 0.35307 0.03493
v -0.01267 0.34972 0.04194
v -0.01640 0.34514 0.04840
v -0.01973 0.33946 0.05417
v -0.02257 0.33280 0.05910
v -0.02486 0.32533 0.06306
v -0.02653 0.31724 0.06596
v -0.02756 0.30873 0.06773
v -0.02790 0.30000 0.06832
v -0.02756 0.29127 0.06773
v -0.02653 0.28276 0.06596
v -0.02486 0.27467 0.06306
v -0.02257 0.26720 0.05910
v -0.01973 0.26054 0.05417
v -0.01640 0.25486 0.04840
v -0.01267 0.25028 0.04194
v -0.00862 0.24693 0.03493
v -0.00436 0.24489 0.02756
v -0.00000 0.24420 0.02000
v 0.00000 0.35580 0.02000
v -0.00584 0.35511 0.02649
v -0.01154 0.35307 0.03281
v -0.01695 0.34972 0.03883
v -0.02195 0.34514 0.04437
v -0.02640 0.33946 0.04932
v -0.03021 0.33280 0.05355
v -0.03327 0.32533 0.05695
v -0.03551 0.31724 0.05944
v -0.03688 0.30873 0.06096
v -0.03734 0.30000 0.06147
v -0.03688 0.29127 0.06096
v -0.03551 0.28276 0.05944
v -0.03327 0.27467 0.05695
v -0.03021 0.26720 0.05355
v -0.02640 0.26054 0.04932
v -0.02195 0.25486 0.04437
v -0.01695 0.25028 0.03883
v -0.01154 0.24693 0.03281
v -0.00584 0.24489 0.02649
v -0.00000 0.24420 0.02000
v 0.00000 0.35580 0.02000
v -0.00706 0.35511 0.02513
v -0.01395 0.35307 0.03014
v -0.02049 0.34972 0.03489
v -0.02653 0.34514 0.03928
v -0.03192 0.33946 0.04319
v -0.03652 0.33280 0.04653
v -0.04022 0.32533 0.04922
v -0.04293 0.31724 0.05119
v -0.04459 0.30873 0.05239
v -0.04514 0.30000 0.05280
v -0.04459 0.29127 0.05239
v -0.04293 0.28276 0.05119
v -0.04022 0.27467 0.04922
v -0.03652 0.26720 0.04653
v -0.03192 0.26054 0.04319
v -0.02653 0.25486 0.03928
v -0.02049 0.25028 0.03489
v -0.01395 0.24693 0.03014
v -0.00706 0.24489 0.02513
v -0.00000 0.24420 0.02000
v 0.00000 0.35580 0.02000
v -0.00797 0.35511 0.02355
v -0.01575 0.35307 0.02701
v -0.02314 0.34972 0.03030
v -0.02996 0.34514 0.03334
v -0.03605 0.33946 0.03605
v -0.04124 0.33280 0.03836
v -0.04542 0.32533 0.04022
v -0.04848 0.31724 0.04159
v -0.05035 0.30873 0.04242
v -0.05098 0.30000 0.04270
v -0.05035 0.29127 0.04242
v -0.04848 0.28276 0.04159
v -0.04542 0.27467 0.04022
v -0.04124 0.26720 0.03836
v -0.03605 0.26054 0.03605
v -0.02996 0.25486 0.03334
v -0.02314 0.25028 0.03030
v -0.01575 0.24693 0.02701
v -0.00797 0.24489 0.02355
v -0.00000 0.24420 0.02000
v 0.00000 0.35580 0.02000
v -0.00854 0.35511 0.02181
v -0.01687 0.35307 0.02359
v -0.02478 0.34972 0.02527
v -0.03208 0.34514 0.02682
v -0.03859 0.33946 0.02820
v -0.04416 0.33280 0.02939
v -0.04863 0.32533 0.03034
v -0.05191 0.31724 0.03103
v -0.05391 0.30873 0.03146
v -0.05458 0.30000 0.03160
v -0.05391 0.29127 0.03146
v -0.05191 0.28276 0.03103
v -0.04863 0.27467 0.03034
v -0.04416 0.26720 0.02939
v -0.03859 0.26054 0.02820
v -0.03208 0.25486 0.02682
v -0.02478 0.25028 0.02527
v -0.01687 0.24693 0.02359
v -0.00854 0.24489 0.02181
v -0.00000 0.24420 0.02000
v 0.00000 0.35580 0.02000
v -0.00873 0.35511 0.02000
v -0.01724 0.35307 0.02000
v -0.02533 0.34972 0.02000
v -0.03280 0.34514 0.02000
v -0.03946 0.33946 0.02000
v -0.04514 0.33280 0.02000
v -0.04972 0.32533 0.02000
v -0.05307 0.31724 0.02000
v -0.05511 0.30873 0.02000
v -0.05580 0.30000 0.02000
v -0.05511 0.29127 0.02000
v -0.05307 0.28276 0.02000
v -0.04972 0.27467 0.02000
v -0.04514 0.26720 0.02000
v -0.03946 0.26054 0.02000
v -0.03280 0.25486 0.02000
v -0.02533 0.25028 0.02000
v -0.01724 0.24693 0.02000
v -0.00873 0.24489 0.02000
v -0.00000 0.24420 0.02000
v 0.00000 0.35580 0.02000
v -0.00854 0.35511 0.01819
v -0.01687 0.35307 0.01641
v -0.02478 0.34972 0.01473
v -0.03208 0.34514 0.01318
v -0.03859 0.33946 0.01180
v -0.04416 0.33280 0.01061
v -0.04863 0.32533 0.00966
v -0.05191 0.31724 0.00897
v -0.05391 0.30873 0.00854
v -0.05458 0.30000 0.00840
v -0.05391 0.29127 0.00854
v -0.05191 0.28276 0.00897
v -0.04863 0.27467 0.00966
v -0.04416 0.26720 0.01061
v -0.03859 0.26054 0.01180
v -0.03208 0.25486 0.01318
v -0.02478 0.25028 0.01473
v -0.01687 0.24693 0.01641
v -0.00854 0.24489 0.01819
v -0.00000 0.24420 0.02000
v 0.00000 0.35580 0.02000
v -0.00797 0.35511 0.01645
v -0.01575 0.35307 0.01299
v -0.02314 0.34972 0.00970
v -0.02996 0.34514 0.00666
v -0.03605 0.33946 0.00395
v -0.04124 0.33280 0.00164
v -0.04542 0.32533 -0.00022
v -0.04848 0.31724 -0.00159
v -0.05035 0.30873 -0.00242
v -0.05098 0.30000 -0.00270
v -0.05035 0.29127 -0.00242
v -0.04848 0.28276 -0.00159
v -0.04542 0.27467 -0.00022
v -0.04124 0.26720 0.00164
v -0.03605 0.26054 0.00395
v -0.02996 0.25486 0.00666
v -0.02314 0.25028 0.00970
v -0.01575 0.24693 0.01299
v -0.00797 0.24489 0.01645
v -0.00000 0.24420 0.02000
v 0.00000 0.35580 0.02000
v -0.00706 0.35511 0.01487
v -0.01395 0.35307 0.00986
v -0.02049 0.34972 0.00511
v -0.02653 0.34514 0.00072
v -0.03192 0.33946 -0.00319
v -0.03652 0.33280 -0.00653
v -0.04022 0.32533 -0.00922
v -0.04293 0.31724 -0.01119
v -0.04459 0.30873 -0.01239
v -0.04514 0.30000 -0.01280
v -0.04459 0.29127 -0.01239
v -0.04293 0.28276 -0.01119
v -0.04022 0.27467 -0.00922
v -0.03652 0.26720 -0.00653
v -0.03192 0.26054 -0.00319
v -0.02653 0.25486 0.00072
v -0.02049 0.25028 0.00511
v -0.01395 0.24693 0.00986
v -0.00706 0.24489 0.01487
v -0.00000 0.24420 0.02000
v 0.00000 0.35580 0.02000
v -0.00584 0.35511 0.01351
v -0.01154 0.35307 0.00719
v -0.01695 0.34972 0.00117
v -0.02195 0.34514 -0.00437
v -0.02640 0.33946 -0.00932
v -0.03021 0.33280 -0.01355
v -0.03327 0.32533 -0.01695
v -0.03551 0.31724 -0.01944
v -0.03688 0.30873 -0.02096
v -0.03734 0.30000 -0.02147
v -0.03688 0.29127 -0.02096
v -0.03551 0.28276 -0.01944
v -0.03327 0.27467 -0.01695
v -0.03021 0.26720 -0.01355
v -0.02640 0.26054 -0.00932
v -0.02195 0.25486 -0.00437
v -0.01695 0.25028 0.00117
v -0.01154 0.24693 0.00719
v -0.00584 0.24489 0.01351
v -0.00000 0.24420 0.02000
v 0.00000 0.35580 0.02000
v -0.00436 0.35511 0.01244
v -0.00862 0.35307 0.00507
v -0.01267 0.34972 -0.00194
v -0.01640 0.34514 -0.00840
v -0.01973 0.33946 -0.01417
v -0.02257 0.33280 -0.01910
v -0.02486 0.32533 -0.02306
v -0.02653 0.31724 -0.02596
v -0.02756 0.30873 -0.02773
v -0.02790 0.30000 -0.02832
v -0.02756 0.29127 -0.02773
v -0.02653 0.28276 -0.02596
v -0.02486 0.27467 -0.02306
v -0.02257 0.26720 -0.01910
v -0.01973 0.26054 -0.01417
v -0.01640 0.25486 -0.00840
v -0.01267 0.25028 -0.00194
v -0.00862 0.24693 0.00507
v -0.00436 0.24489 0.01244
v -0.00000 0.24420 0.02000
v 0.00000 0.35580 0.02000
v -0.00270 0.35511 0.01170
v -0.00533 0.35307 0.00360
v -0.00783 0.34972 -0.00409
v -0.01014 0.34514 -0.01119
v -0.01219 0.33946 -0.01753
v -0.01395 0.33280 -0.02293
v -0.01536 0.32533 -0.02728
v -0.01640 0.31724 -0.03047
v -0.01703 0.30873 -0.03242
v -0.01724 0.30000 -0.03307
v -0.01703 0.29127 -0.03242
v -0.01640 0.28276 -0.03047
v -0.01536 0.27467 -0.02728
v -0.01395 0.26720 -0.02293
v -0.01219 0.26054 -0.01753
v -0.01014 0.25486 -0.01119
v -0.00783 0.25028 -0.00409
v -0.00533 0.24693 0.00360
v -0.00270 0.24489 0.01170
v -0.00000 0.24420 0.02000
v 0.00000 0.35580 0.02000
v -0.00091 0.35511 0.01132
v -0.00180 0.35307 0.00285
v -0.00265 0.34972 -0.00519
v -0.00343 0.34514 -0.01262
v -0.00412 0.33946 -0.01924
v -0.00472 0.33280 -0.02490
v -0.00520 0.32533 -0.02945
v -0.00555 0.31724 -0.03278
v -0.00576 0.30873 -0.03481
v -0.00583 0.30000 -0.03549
v -0.00576 0.29127 -0.03481
v -0.00555 0.28276 -0.03278
v -0.00520 0.27467 -0.02945
v -0.00472 0.26720 -0.02490
v -0.00412 0.26054 -0.01924
v -0.00343 0.25486 -0.01262
v -0.00265 0.25028 -0.00519
v -0.00180 0.24693 0.00285
v -0.00091 0.24489 0.01132
v -0.00000 0.24420 0.02000
v 0.00000 0.35580 0.02000
v 0.00091 0.35511 0.01132
v 0.00180 0.35307 0.00285
v 0.00265 0.34972 -0.00519
v 0.00343 0.34514 -0.01262
v 0.00412 0.33946 -0.01924
v 0.00472 0.33280 -0.02490
v 0.00520 0.32533 -0.02945
v 0.00555 0.31724 -0.03278
v 0.00576 0.30873 -0.03481
v 0.00583 0.30000 -0.03549
v 0.00576 0.29127 -0.03481
v 0.00555 0.28276 -0.03278
v 0.00520 0.27467 -0.02945
v 0.00472 0.26720 -0.02490
v 0.00412 0.26054 -0.01924
v 0.00343 0.25486 -0.01262
v 0.00265 0.25028 -0.00519
v 0.00180 0.24693 0.00285
v 0.00091 0.24489 0.01132
v 0.00000 0.24420 0.02000
v 0.00000 0.35580 0.02000
v 0.00270 0.35511 0.01170
v 0.00533 0.35307 0.00360
v 0.00783 0.34972 -0.00409
v 0.01014 0.34514 -0.01119
v 0.01219 0.33946 -0.01753
v 0.01395 0.33280 -0.02293
v 0.01536 0.32533 -0.02728
v 0.01640 0.31724 -0.03047
v 0.01703 0.30873 -0.03242
v 0.01724 0.30000 -0.03307
v 0.01703 0.29127 -0.03242
v 0.01640 0.28276 -0.03047
v 0.01536 0.27467 -0.02728
v 0.01395 0.26720 -0.02293
v 0.01219 0.26054 -0.01753
v 0.01014 0.25486 -0.01119
v 0.00783 0.25028 -0.00409
v 0.00533 0.24693 0.00360
v 0.00270 0.24489 0.01170
v 0.00000 0.24420 0.02000
v 0.00000 0.35580 0.02000
v 0.00436 0.35511 0.01244
v 0.00862 0.35307 0.00507
v 0.01267 0.34972 -0.00194
v 0.01640 0.34514 -0.00840
v 0.01973 0.33946 -0.01417
v 0.02257 0.33280 -0.01910
v 0.02486 0.32533 -0.02306
v 0.02653 0.31724 -0.02596
v 0.02756 0.30873 -0.02773
v 0.02790 0.30000 -0.02832
v 0.02756 0.29127 -0.02773
v 0.02653 0.28276 -0.02596
v 0.02486 0.27467 -0.02306
v 0.02257 0.26720 -0.01910
v 0.01973 0.26054 -0.01417
v 0.01640 0.25486 -0.00840
v 0.01267 0.25028 -0.00194
v 0.00862 0.24693 0.00507
v 0.00436 0.24489 0.01244
v 0.00000 0.24420 0.02000
v 0.00000 0.35580 0.02000
v 0.00584 0.35511 0.01351
v 0.01154 0.35307 0.00719
v 0.01695 0.34972 0.00117
v 0.02195 0.34514 -0.00437
v 0.02640 0.33946 -0.00932
v 0.03021 0.33280 -0.01355
v 0.03327 0.32533 -0.01695
v 0.03551 0.31724 -0.01944
v 0.03688 0.30873 -0.02096
v 0.03734 0.30000 -0.02147
v 0.03688 0.29127 -0.02096
v 0.03551 0.28276 -0.01944
v 0.03327 0.27467 -0.01695
v 0.03021 0.26720 -0.01355
v 0.02640 0.26054 -0.00932
v 0.02195 0.25486 -0.00437
v 0.01695 0.25028 0.00117
v 0.01154 0.24693 0.00719
v 0.00584 0.24489 0.01351
v 0.00000 0.24420 0.02000
v 0.00000 0.35580 0.02000
v 0.00706 0.35511 0.01487
v 0.01395 0.35307 0.00986
v 0.02049 0.34972 0.00511
v 0.02653 0.34514 0.00072
v 0.03192 0.33946 -0.00319
v 0.03652 0.33280 -0.00653
v 0.04022 0.32533 -0.00922
v 0.04293 0.31724 -0.01119
v 0.04459 0.30873 -0.01239
v 0.04514 0.30000 -0.01280
v 0.04459 0.29127 -0.01239
v 0.04293 0.28276 -0.01119
v 0.04022 0.27467 -0.00922
v 0.03652 0.26720 -0.00653
v 0.03192 0.26054 -0.00319
v 0.02653 0.25486 0.00072
v 0.02049 0.25028 0.00511
v 0.01395 0.24693 0.00986
v 0.00706 0.24489 0.01487
v 0.00000 0.24420 0.02000
v 0.00000 0.35580 0.02000
v 0.00797 0.35511 0.01645
v 0.01575 0.35307 0.01299
v 0.02314 0.34972 0.00970
v 0.02996 0.34514 0.00666
v 0.03605 0.33946 0.00395
v 0.04124 0.33280 0.00164
v 0.04542 0.32533 -0.00022
v 0.04848 0.31724 -0.00159
v 0.05035 0.30873 -0.00242
v 0.05098 0.30000 -0.00270
v 0.05035 0.29127 -0.00242
v 0.04848 0.28276 -0.00159
v 0.04542 0.27467 -0.00022
v 0.04124 0.26720 0.00164
v 0.03605 0.26054 0.00395
v 0.02996 0.25486 0.00666
v 0.02314 0.25028 0.00970
v 0.01575 0.24693 0.01299
v 0.00797 0.24489 0.01645
v 0.00000 0.24420 0.02000
v 0.00000 0.35580 0.02000
v 0.00854 0.35511 0.01819
v 0.01687 0.35307 0.01641
v 0.02478 0.34972 0.01473
v 0.03208 0.34514 0.01318
v 0.03859 0.33946 0.01180
v 0.04416 0.33280 0.01061
v 0.04863 0.32533 0.00966
v 0.05191 0.31724 0.00897
v 0.05391 0.30873 0.00854
v 0.05458 0.30000 0.00840
v 0.05391 0.29127 0.00854
v 0.05191 0.28276 0.00897
v 0.04863 0.27467 0.00966
v 0.04416 0.26720 0.01061
v 0.03859 0.26054 0.01180
v 0.03208 0.25486 0.01318
v 0.02478 0.25028 0.01473
v 0.01687 0.24693 0.01641
v 0.00854 0.24489 0.01819
v 0.00000 0.24420 0.02000
v 0.00000 0.35580 0.02000
v 0.00873 0.35511 0.02000
v 0.01724 0.35307 0.02000
v 0.02533 0.34972 0.02000
v 0.03280 0.34514 0.02000
v 0.03946 0.33946 0.02000
v 0.04514 0.33280 0.02000
v 0.04972 0.32533 0.02000
v 0.05307 0.31724 0.02000
v 0.05511 0.30873 0.02000
v 0.05580 0.30000 0.02000
v 0.05511 0.29127 0.02000
v 0.05307 0.28276 0.02000
v 0.04972 0.27467 0.02000
v 0.04514 0.26720 0.02000
v 0.03946 0.26054 0.02000
v 0.03280 0.25486 0.02000
v 0.02533 0.25028 0.02000
v 0.01724 0.24693 0.02000
v 0.00873 0.24489 0.02000
v 0.00000 0.24420 0.02000
v 0.03200 0.90000 0.14000
v 0.03200 0.90250 0.07250
v 0.03200 0.90500 0.00500
v 0.03200 0.90750 -0.06250
v 0.03200 0.91000 -0.13000
v 0.03200 0.91250 -0.19750
v 0.03200 0.91500 -0.26500
v 0.03200 0.91750 -0.33250
v 0.03200 0.92000 -0.40000
v 0.02956 0.91224 0.14045
v 0.02956 0.91474 0.07295
v 0.02956 0.91724 0.00545
v 0.02956 0.91974 -0.06205
v 0.02956 0.92224 -0.12955
v 0.02956 0.92474 -0.19705
v 0.02956 0.92724 -0.26455
v 0.02956 0.92974 -0.33205
v 0.02956 0.93224 -0.39955
v 0.02263 0.92261 0.14084
v 0.02263 0.92511 0.07334
v 0.02263 0.92761 0.00584
v 0.02263 0.93011 -0.06166
v 0.02263 0.93261 -0.12916
v 0.02263 0.93511 -0.19666
v 0.02263 0.93761 -0.26416
v 0.02263 0.94011 -0.33166
v 0.02263 0.94261 -0.39916
v 0.01225 0.92954 0.14109
v 0.01225 0.93204 0.07359
v 0.01225 0.93454 0.00609
v 0.01225 0.93704 -0.06141
v 0.01225 0.93954 -0.12891
v 0.01225 0.94204 -0.19641
v 0.01225 0.94454 -0.26391
v 0.01225 0.94704 -0.33141
v 0.01225 0.94954 -0.39891
v 0.00000 0.93198 0.14118
v 0.00000 0.93448 0.07368
v 0.00000 0.93698 0.00618
v 0.00000 0.93948 -0.06132
v 0.00000 0.94198 -0.12882
v 0.00000 0.94448 -0.19632
v 0.00000 0.94698 -0.26382
v 0.00000 0.94948 -0.33132
v 0.00000 0.95198 -0.39882
v -0.01225 0.92954 0.14109
v -0.01225 0.93204 0.07359
v -0.01225 0.93454 0.00609
v -0.01225 0.93704 -0.06141
v -0.01225 0.93954 -0.12891
v -0.01225 0.94204 -0.19641
v -0.01225 0.94454 -0.26391
v -0.01225 0.94704 -0.33141
v -0.01225 0.94954 -0.39891
v -0.02263 0.92261 0.14084
v -0.02263 0.92511 0.07334
v -0.02263 0.92761 0.00584
v -0.02263 0.93011 -0.06166
v -0.02263 0.93261 -0.12916
v -0.02263 0.93511 -0.19666
v -0.02263 0.93761 -0.26416
v -0.02263 0.94011 -0.33166
v -0.02263 0.94261 -0.39916
v -0.02956 0.91224 0.14045
v -0.02956 0.91474 0.07295
v -0.02956 0.91724 0.00545
v -0.02956 0.91974 -0.06205
v -0.02956 0.92224 -0.12955
v -0.02956 0.92474 -0.19705
v -0.02956 0.92724 -0.26455
v -0.02956 0.92974 -0.33205
v -0.02956 0.93224 -0.39955
v -0.03200 0.90000 0.14000
v -0.03200 0.90250 0.07250
v -0.03200 0.90500 0.00500
v -0.03200 0.90750 -0.06250
v -0.03200 0.91000 -0.13000
v -0.03200 0.91250 -0.19750
v -0.03200 0.91500 -0.26500
v -0.03200 0.91750 -0.33250
v -0.03200 0.92000 -0.40000
v -0.02956 0.88776 0.13955
v -0.02956 0.89026 0.07205
v -0.02956 0.89276 0.00455
v -0.02956 0.89526 -0.06295
v -0.02956 0.89776 -0.13045
v -0.02956 0.90026 -0.19795
v -0.02956 0.90276 -0.26545
v -0.02956 0.90526 -0.33295
v -0.02956 0.90776 -0.40045
v -0.02263 0.87739 0.13916
v -0.02263 0.87989 0.07166
v -0.02263 0.88239 0.00416
v -0.02263 0.88489 -0.06334
v -0.02263 0.88739 -0.13084
v -0.02263 0.88989 -0.19834
v -0.02263 0.89239 -0.26584
v -0.02263 0.89489 -0.33334
v -0.02263 0.89739 -0.40084
v -0.01225 0.87046 0.13891
v -0.01225 0.87296 0.07141
v -0.01225 0.87546 0.00391
v -0.01225 0.87796 -0.06359
v -0.01225 0.88046 -0.13109
v -0.01225 0.88296 -0.19859
v -0.01225 0.88546 -0.26609
v -0.01225 0.88796 -0.33359
v -0.01225 0.89046 -0.40109
v -0.00000 0.86802 0.13882
v -0.00000 0.87052 0.07132
v -0.00000 0.87302 0.00382
v -0.00000 0.87552 -0.06368
v -0.00000 0.87802 -0.13118
v -0.00000 0.88052 -0.19868
v -0.00000 0.88302 -0.26618
v -0.00000 0.88552 -0.33368
v -0.00000 0.88802 -0.40118
v 0.01225 0.87046 0.13891
v 0.01225 0.87296 0.07141
v 0.01225 0.87546 0.00391
v 0.01225 0.87796 -0.06359
v 0.01225 0.88046 -0.13109
v 0.01225 0.88296 -0.19859
v 0.01225 0.88546 -0.26609
v 0.01225 0.88796 -0.33359
v 0.01225 0.89046 -0.40109
v 0.02263 0.87739 0.13916
v 0.02263 0.87989 0.07166
v 0.02263 0.88239 0.00416
v 0.02263 0.88489 -0.06334
v 0.02263 0.88739 -0.13084
v 0.02263 0.88989 -0.19834
v 0.02263 0.89239 -0.26584
v 0.02263 0.89489 -0.33334
v 0.02263 0.89739 -0.40084
v 0.02956 0.88776 0.13955
v 0.02956 0.89026 0.07205
v 0.02956 0.89276 0.00455
v 0.02956 0.89526 -0.06295
v 0.02956 0.89776 -0.13045
v 0.02956 0.90026 -0.19795
v 0.02956 0.90276 -0.26545
v 0.02956 0.90526 -0.33295
v 0.02956 0.90776 -0.40045
v 0.03200 0.90000 0.14000
v 0.03200 0.90250 0.07250
v 0.03200 0.90500 0.00500
v 0.03200 0.90750 -0.06250
v 0.03200 0.91000 -0.13000
v 0.03200 0.91250 -0.19750
v 0.03200 0.91500 -0.26500
v 0.03200 0.91750 -0.33250
v 0.03200 0.92000 -0.40000
v 0.00000 0.94960 0.14000
v 0.00776 0.94899 0.14000
v 0.01533 0.94717 0.14000
v 0.02252 0.94419 0.14000
v 0.02915 0.94013 0.14000
v 0.03507 0.93507 0.14000
v 0.04013 0.92915 0.14000
v 0.04419 0.92252 0.14000
v 0.04717 0.91533 0.14000
v 0.04899 0.90776 0.14000
v 0.04960 0.90000 0.14000
v 0.04899 0.89224 0.14000
v 0.04717 0.88467 0.14000
v 0.04419 0.87748 0.14000
v 0.04013 0.87085 0.14000
v 0.03507 0.86493 0.14000
v 0.02915 0.85987 0.14000
v 0.02252 0.85581 0.14000
v 0.01533 0.85283 0.14000
v 0.00776 0.85101 0.14000
v 0.00000 0.85040 0.14000
v 0.00000 0.94960 0.14000
v 0.00759 0.94899 0.14161
v 0.01499 0.94717 0.14319
v 0.02203 0.94419 0.14468
v 0.02852 0.94013 0.14606
v 0.03431 0.93507 0.14729
v 0.03925 0.92915 0.14834
v 0.04323 0.92252 0.14919
v 0.04614 0.91533 0.14981
v 0.04792 0.90776 0.15019
v 0.04852 0.90000 0.15031
v 0.04792 0.89224 0.15019
v 0.04614 0.88467 0.14981
v 0.04323 0.87748 0.14919
v 0.03925 0.87085 0.14834
v 0.03431 0.86493 0.14729
v 0.02852 0.85987 0.14606
v 0.02203 0.85581 0.14468
v 0.01499 0.85283 0.14319
v 0.00759 0.85101 0.14161
v 0.00000 0.85040 0.14000
v 0.00000 0.94960 0.14000
v 0.00709 0.94899 0.14316
v 0.01400 0.94717 0.14623
v 0.02057 0.94419 0.14916
v 0.02663 0.94013 0.15186
v 0.03204 0.93507 0.15427
v 0.03666 0.92915 0.15632
v 0.04037 0.92252 0.15798
v 0.04309 0.91533 0.15919
v 0.04475 0.90776 0.15993
v 0.04531 0.90000 0.16017
v 0.04475 0.89224 0.15993
v 0.04309 0.88467 0.15919
v 0.04037 0.87748 0.15798
v 0.03666 0.87085 0.15632
v 0.03204 0.86493 0.15427
v 0.02663 0.85987 0.15186
v 0.02057 0.85581 0.14916
v 0.01400 0.85283 0.14623
v 0.00709 0.85101 0.14316
v 0.00000 0.85040 0.14000
v 0.00000 0.94960 0.14000
v 0.00628 0.94899 0.14456
v 0.01240 0.94717 0.14901
v 0.01822 0.94419 0.15324
v 0.02359 0.94013 0.15714
v 0.02837 0.93507 0.16062
v 0.03246 0.92915 0.16359
v 0.03575 0.92252 0.16598
v 0.03816 0.91533 0.16773
v 0.03963 0.90776 0.16880
v 0.04013 0.90000 0.16915
v 0.03963 0.89224 0.16880
v 0.03816 0.88467 0.16773
v 0.03575 0.87748 0.16598
v 0.03246 0.87085 0.16359
v 0.02837 0.86493 0.16062
v 0.02359 0.85987 0.15714
v 0.01822 0.85581 0.15324
v 0.01240 0.85283 0.14901
v 0.00628 0.85101 0.14456
v 0.00000 0.85040 0.14000
v 0.00000 0.94960 0.14000
v 0.00519 0.94899 0.14577
v 0.01026 0.94717 0.15139
v 0.01507 0.94419 0.15673
v 0.01951 0.94013 0.16167
v 0.02347 0.93507 0.16606
v 0.02685 0.92915 0.16982
v 0.02957 0.92252 0.17284
v 0.03156 0.91533 0.17506
v 0.03278 0.90776 0.17641
v 0.03319 0.90000 0.17686
v 0.03278 0.89224 0.17641
v 0.03156 0.88467 0.17506
v 0.02957 0.87748 0.17284
v 0.02685 0.87085 0.16982
v 0.02347 0.86493 0.16606
v 0.01951 0.85987 0.16167
v 0.01507 0.85581 0.15673
v 0.01026 0.85283 0.15139
v 0.00519 0.85101 0.14577
v 0.00000 0.85040 0.14000
v 0.00000 0.94960 0.14000
v 0.00388 0.94899 0.14672
v 0.00766 0.94717 0.15327
v 0.01126 0.94419 0.15950
v 0.01458 0.94013 0.16525
v 0.01754 0.93507 0.17037
v 0.02006 0.92915 0.17475
v 0.02210 0.92252 0.17827
v 0.02359 0.91533 0.18085
v 0.02449 0.90776 0.18243
v 0.02480 0.90000 0.18295
v 0.02449 0.89224 0.18243
v 0.02359 0.88467 0.18085
v 0.02210 0.87748 0.17827
v 0.02006 0.87085 0.17475
v 0.01754 0.86493 0.17037
v 0.01458 0.85987 0.16525
v 0.01126 0.85581 0.15950
v 0.00766 0.85283 0.15327
v 0.00388 0.85101 0.14672
v 0.00000 0.85040 0.14000
v 0.00000 0.94960 0.14000
v 0.00240 0.94899 0.14738
v 0.00474 0.94717 0.15458
v 0.00696 0.94419 0.16142
v 0.00901 0.94013 0.16773
v 0.01084 0.93507 0.17336
v 0.01240 0.92915 0.17816
v 0.01366 0.92252 0.18203
v 0.01458 0.91533 0.18486
v 0.01514 0.90776 0.18659
v 0.01533 0.90000 0.18717
v 0.01514 0.89224 0.18659
v 0.01458 0.88467 0.18486
v 0.01366 0.87748 0.18203
v 0.01240 0.87085 0.17816
v 0.01084 0.86493 0.17336
v 0.00901 0.85987 0.16773
v 0.00696 0.85581 0.16142
v 0.00474 0.85283 0.15458
v 0.00240 0.85101 0.14738
v 0.00000 0.85040 0.14000
v 0.00000 0.94960 0.14000
v 0.00081 0.94899 0.14772
v 0.00160 0.94717 0.15524
v 0.00235 0.94419 0.16239
v 0.00305 0.94013 0.16899
v 0.00367 0.93507 0.17488
v 0.00419 0.92915 0.17991
v 0.00462 0.92252 0.18395
v 0.00493 0.91533 0.18691
v 0.00512 0.90776 0.18872
v 0.00518 0.90000 0.18933
v 0.00512 0.89224 0.18872
v 0.00493 0.88467 0.18691
v 0.00462 0.87748 0.18395
v 0.00419 0.87085 0.17991
v 0.00367 0.86493 0.17488
v 0.00305 0.85987 0.16899
v 0.00235 0.85581 0.16239
v 0.00160 0.85283 0.15524
v 0.00081 0.85101 0.14772
v 0.00000 0.85040 0.14000
v 0.00000 0.94960 0.14000
v -0.00081 0.94899 0.14772
v -0.00160 0.94717 0.15524
v -0.00235 0.94419 0.16239
v -0.00305 0.94013 0.16899
v -0.00367 0.93507 0.17488
v -0.00419 0.92915 0.17991
v -0.00462 0.92252 0.18395
v -0.00493 0.91533 0.18691
v -0.00512 0.90776 0.18872
v -0.00518 0.90000 0.18933
v -0.00512 0.89224 0.18872
v -0.00493 0.88467 0.18691
v -0.00462 0.87748 0.18395
v -0.00419 0.87085 0.17991
v -0.00367 0.86493 0.17488
v -0.00305 0.85987 0.16899
v -0.00235 0.85581 0.16239
v -0.00160 0.85283 0.15524
v -0.00081 0.85101 0.14772
v -0.00000 0.85040 0.14000
v 0.00000 0.94960 0.14000
v -0.00240 0.94899 0.14738
v -0.00474 0.94717 0.15458
v -0.00696 0.94419 0.16142
v -0.00901 0.94013 0.16773
v -0.01084 0.93507 0.17336
v -0.01240 0.92915 0.17816
v -0.01366 0.92252 0.18203
v -0.01458 0.91533 0.18486
v -0.01514 0.90776 0.18659
v -0.01533 0.90000 0.18717
v -0.01514 0.89224 0.18659
v -0.01458 0.88467 0.18486
v -0.01366 0.87748 0.18203
v -0.01240 0.87085 0.17816
v -0.01084 0.86493 0.17336
v -0.00901 0.85987 0.16773
v -0.00696 0.85581 0.16142
v -0.00474 0.85283 0.15458
v -0.00240 0.85101 0.14738
v -0.00000 0.85040 0.14000
v 0.00000 0.94960 0.14000
v -0.00388 0.94899 0.14672
v -0.00766 0.94717 0.15327
v -0.01126 0.94419 0.15950
v -0.01458 0.94013 0.16525
v -0.01754 0.93507 0.17037
v -0.02006 0.92915 0.17475
v -0.02210 0.92252 0.17827
v -0.02359 0.91533 0.18085
v -0.02449 0.90776 0.18243
v -0.02480 0.90000 0.18295
v -0.02449 0.89224 0.18243
v -0.02359 0.88467 0.18085
v -0.02210 0.87748 0.17827
v -0.02006 0.87085 0.17475
v -0.01754 0.86493 0.17037
v -0.01458 0.85987 0.16525
v -0.01126 0.85581 0.15950
v -0.00766 0.85283 0.15327
v -0.00388 0.85101 0.14672
v -0.00000 0.85040 0.14000
v 0.00000 0.94960 0.14000
v -0.00519 0.94899 0.14577
v -0.01026 0.94717 0.15139
v -0.01507 0.94419 0.15673
v -0.01951 0.94013 0.16167
v -0.02347 0.93507 0.16606
v -0.02685 0.92915 0.16982
v -0.02957 0.92252 0.17284
v -0.03156 0.91533 0.17506
v -0.03278 0.90776 0.17641
v -0.03319 0.90000 0.17686
v -0.03278 0.89224 0.17641
v -0.03156 0.88467 0.17506
v -0.02957 0.87748 0.17284
v -0.02685 0.87085 0.16982
v -0.02347 0.86493 0.16606
v -0.01951 0.85987 0.16167
v -0.01507 0.85581 0.15673
v -0.01026 0.85283 0.15139
v -0.00519 0.85101 0.14577
v -0.00000 0.85040 0.14000
v 0.00000 0.94960 0.14000
v -0.00628 0.94899 0.14456
v -0.01240 0.94717 0.14901
v -0.01822 0.94419 0.15324
v -0.02359 0.94013 0.15714
v -0.02837 0.93507 0.16062
v -0.03246 0.92915 0.16359
v -0.03575 0.92252 0.16598
v -0.03816 0.91533 0.16773
v -0.03963 0.90776 0.16880
v -0.04013 0.90000 0.16915
v -0.03963 0.89224 0.16880
v -0.03816 0.88467 0.16773
v -0.03575 0.87748 0.16598
v -0.03246 0.87085 0.16359
v -0.02837 0.86493 0.16062
v -0.02359 0.85987 0.15714
v -0.01822 0.85581 0.15324
v -0.01240 0.85283 0.14901
v -0.00628 0.85101 0.14456
v -0.00000 0.85040 0.14000
v 0.00000 0.94960 0.14000
v -0.00709 0.94899 0.14316
v -0.01400 0.94717 0.14623
v -0.02057 0.94419 0.14916
v -0.02663 0.94013 0.15186
v -0.03204 0.93507 0.15427
v -0.03666 0.92915 0.15632
v -0.04037 0.92252 0.15798
v -0.04309 0.91533 0.15919
v -0.04475 0.90776 0.15993
v -0.04531 0.90000 0.16017
v -0.04475 0.89224 0.15993
v -0.04309 0.88467 0.15919
v -0.04037 0.87748 0.15798
v -0.03666 0.87085 0.15632
v -0.03204 0.86493 0.15427
v -0.02663 0.85987 0.15186
v -0.02057 0.85581 0.14916
v -0.01400 0.85283 0.14623
v -0.00709 0.85101 0.14316
v -0.00000 0.85040 0.14000
v 0.00000 0.94960 0.14000
v -0.00759 0.94899 0.14161
v -0.01499 0.94717 0.14319
v -0.02203 0.94419 0.14468
v -0.02852 0.94013 0.14606
v -0.03431 0.93507 0.14729
v -0.03925 0.92915 0.14834
v -0.04323 0.92252 0.14919
v -0.04614 0.91533 0.14981
v -0.04792 0.90776 0.15019
v -0.04852 0.90000 0.15031
v -0.04792 0.89224 0.15019
v -0.04614 0.88467 0.14981
v -0.04323 0.87748 0.14919
v -0.03925 0.87085 0.14834
v -0.03431 0.86493 0.14729
v -0.02852 0.85987 0.14606
v -0.02203 0.85581 0.14468
v -0.01499 0.85283 0.14319
v -0.00759 0.85101 0.14161
v -0.00000 0.85040 0.14000
v 0.00000 0.94960 0.14000
v -0.00776 0.94899 0.14000
v -0.01533 0.94717 0.14000
v -0.02252 0.94419 0.14000
v -0.02915 0.94013 0.14000
v -0.03507 0.93507 0.14000
v -0.04013 0.92915 0.14000
v -0.04419 0.92252 0.14000
v -0.04717 0.91533 0.14000
v -0.04899 0.90776 0.14000
v -0.04960 0.90000 0.14000
v -0.04899 0.89224 0.14000
v -0.04717 0.88467 0.14000
v -0.04419 0.87748 0.14000
v -0.04013 0.87085 0.14000
v -0.03507 0.86493 0.14000
v -0.02915 0.85987 0.14000
v -0.02252 0.85581 0.14000
v -0.01533 0.85283 0.14000
v -0.00776 0.85101 0.14000
v -0.00000 0.85040 0.14000
v 0.00000 0.94960 0.14000
v -0.00759 0.94899 0.13839
v -0.01499 0.94717 0.13681
v -0.02203 0.94419 0.13532
v -0.02852 0.94013 0.13394
v -0.03431 0.93507 0.13271
v -0.03925 0.92915 0.13166
v -0.04323 0.92252 0.13081
v -0.04614 0.91533 0.13019
v -0.04792 0.90776 0.12981
v -0.04852 0.90000 0.12969
v -0.04792 0.89224 0.12981
v -0.04614 0.88467 0.13019
v -0.04323 0.87748 0.13081
v -0.03925 0.87085 0.13166
v -0.03431 0.86493 0.13271
v -0.02852 0.85987 0.13394
v -0.02203 0.85581 0.13532
v -0.01499 0.85283 0.13681
v -0.00759 0.85101 0.13839
v -0.00000 0.85040 0.14000
v 0.00000 0.94960 0.14000
v -0.00709 0.94899 0.13684
v -0.01400 0.94717 0.13377
v -0.02057 0.94419 0.13084
v -0.02663 0.94013 0.12814
v -0.03204 0.93507 0.12573
v -0.03666 0.92915 0.12368
v -0.04037 0.92252 0.12202
v -0.04309 0.91533 0.12081
v -0.04475 0.90776 0.12007
v -0.04531 0.90000 0.11983
v -0.04475 0.89224 0.12007
v -0.04309 0.88467 0.12081
v -0.04037 0.87748 0.12202
v -0.03666 0.87085 0.12368
v -0.03204 0.86493 0.12573
v -0.02663 0.85987 0.12814
v -0.02057 0.85581 0.13084
v -0.01400 0.85283 0.13377
v -0.00709 0.85101 0.13684
v -0.00000 0.85040 0.14000
v 0.00000 0.94960 0.14000
v -0.00628 0.94899 0.13544
v -0.01240 0.94717 0.13099
v -0.01822 0.94419 0.12676
v -0.02359 0.94013 0.12286
v -0.02837 0.93507 0.11938
v -0.03246 0.92915 0.11641
v -0.03575 0.92252 0.11402
v -0.03816 0.91533 0.11227
v -0.03963 0.90776 0.11120
v -0.04013 0.90000 0.11085
v -0.03963 0.89224 0.11120
v -0.03816 0.88467 0.11227
v -0.03575 0.87748 0.11402
v -0.03246 0.87085 0.11641
v -0.02837 0.86493 0.11938
v -0.02359 0.85987 0.12286
v -0.01822 0.85581 0.12676
v -0.01240 0.85283 0.13099
v -0.00628 0.85101 0.13544
v -0.00000 0.85040 0.14000
v 0.00000 0.94960 0.14000
v -0.00519 0.94899 0.13423
v -0.01026 0.94717 0.12861
v -0.01507 0.94419 0.12327
v -0.01951 0.94013 0.11833
v -0.02347 0.93507 0.11394
v -0.02685 0.92915 0.11018
v -0.02957 0.92252 0.10716
v -0.03156 0.91533 0.10494
v -0.03278 0.90776 0.10359
v -0.03319 0.90000 0.10314
v -0.03278 0.89224 0.10359
v -0.03156 0.88467 0.10494
v -0.02957 0.87748 0.10716
v -0.02685 0.87085 0.11018
v -0.02347 0.86493 0.11394
v -0.01951 0.85987 0.11833
v -0.01507 0.85581 0.12327
v -0.01026 0.85283 0.12861
v -0.00519 0.85101 0.13423
v -0.00000 0.85040 0.14000
v 0.00000 0.94960 0.14000
v -0.00388 0.94899 0.13328
v -0.00766 0.94717 0.12673
v -0.01126 0.94419 0.12050
v -0.01458 0.94013 0.11475
v -0.01754 0.93507 0.10963
v -0.02006 0.92915 0.10525
v -0.02210 0.92252 0.10173
v -0.02359 0.91533 0.09915
v -0.02449 0.90776 0.09757
v -0.02480 0.90000 0.09705
v -0.02449 0.89224 0.09757
v -0.02359 0.88467 0.09915
v -0.02210 0.87748 0.10173
v -0.02006 0.87085 0.10525
v -0.01754 0.86493 0.10963
v -0.01458 0.85987 0.11475
v -0.01126 0.85581 0.12050
v -0.00766 0.85283 0.12673
v -0.00388 0.85101 0.13328
v -0.00000 0.85040 0.14000
v 0.00000 0.94960 0.14000
v -0.00240 0.94899 0.13262
v -0.00474 0.94717 0.12542
v -0.00696 0.94419 0.11858
v -0.00901 0.94013 0.11227
v -0.01084 0.93507 0.10664
v -0.01240 0.92915 0.10184
v -0.01366 0.92252 0.09797
v -0.01458 0.91533 0.09514
v -0.01514 0.90776 0.09341
v -0.01533 0.90000 0.09283
v -0.01514 0.89224 0.09341
v -0.01458 0.88467 0.09514
v -0.01366 0.87748 0.09797
v -0.01240 0.87085 0.10184
v -0.01084 0.86493 0.10664
v -0.00901 0.85987 0.11227
v -0.00696 0.85581 0.11858
v -0.00474 0.85283 0.12542
v -0.00240 0.85101 0.13262
v -0.00000 0.85040 0.14000
v 0.00000 0.94960 0.14000
v -0.00081 0.94899 0.13228
v -0.00160 0.94717 0.12476
v -0.00235 0.94419 0.11761
v -0.00305 0.94013 0.11101
v -0.00367 0.93507 0.10512
v -0.00419 0.92915 0.10009
v -0.00462 0.92252 0.09605
v -0.00493 0.91533 0.09309
v -0.00512 0.90776 0.09128
v -0.00518 0.90000 0.09067
v -0.00512 0.89224 0.09128
v -0.00493 0.88467 0.09309
v -0.00462 0.87748 0.09605
v -0.00419 0.87085 0.10009
v -0.00367 0.86493 0.10512
v -0.00305 0.85987 0.11101
v -0.00235 0.85581 0.11761
v -0.00160 0.85283 0.12476
v -0.00081 0.85101 0.13228
v -0.00000 0.85040 0.14000
v 0.00000 0.94960 0.14000
v 0.00081 0.94899 0.13228
v 0.00160 0.94717 0.12476
v 0.00235 0.94419 0.11761
v 0.00305 0.94013 0.11101
v 0.00367 0.93507 0.10512
v 0.00419 0.92915 0.10009
v 0.00462 0.92252 0.09605
v 0.00493 0.91533 0.09309
v 0.00512 0.90776 0.09128
v 0.00518 0.90000 0.09067
v 0.00512 0.89224 0.09128
v 0.00493 0.88467 0.09309
v 0.00462 0.87748 0.09605
v 0.00419 0.87085 0.10009
v 0.00367 0.86493 0.10512
v 0.00305 0.85987 0.11101
v 0.00235 0.85581 0.11761
v 0.00160 0.85283 0.12476
v 0.00081 0.85101 0.13228
v 0.00000 0.85040 0.14000
v 0.00000 0.94960 0.14000
v 0.00240 0.94899 0.13262
v 0.00474 0.94717 0.12542
v 0.00696 0.94419 0.11858
v 0.00901 0.94013 0.11227
v 0.01084 0.93507 0.10664
v 0.01240 0.92915 0.10184
v 0.01366 0.92252 0.09797
v 0.01458 0.91533 0.09514
v 0.01514 0.90776 0.09341
v 0.01533 0.90000 0.09283
v 0.01514 0.89224 0.09341
v 0.01458 0.88467 0.09514
v 0.01366 0.87748 0.09797
v 0.01240 0.87085 0.10184
v 0.01084 0.86493 0.10664
v 0.00901 0.85987 0.11227
v 0.00696 0.85581 0.11858
v 0.00474 0.85283 0.12542
v 0.00240 0.85101 0.13262
v 0.00000 0.85040 0.14000
v 0.00000 0.94960 0.14000
v 0.00388 0.94899 0.13328
v 0.00766 0.94717 0.12673
v 0.01126 0.94419 0.12050
v 0.01458 0.94013 0.11475
v 0.01754 0.93507 0.10963
v 0.02006 0.92915 0.10525
v 0.02210 0.92252 0.10173
v 0.02359 0.91533 0.09915
v 0.02449 0.90776 0.09757
v 0.02480 0.90000 0.09705
v 0.02449 0.89224 0.09757
v 0.02359 0.88467 0.09915
v 0.02210 0.87748 0.10173
v 0.02006 0.87085 0.10525
v 0.01754 0.86493 0.10963
v 0.01458 0.85987 0.11475
v 0.01126 0.85581 0.12050
v 0.00766 0.85283 0.12673
v 0.00388 0.85101 0.13328
v 0.00000 0.85040 0.14000
v 0.00000 0.94960 0.14000
v 0.00519 0.94899 0.13423
v 0.01026 0.94717 0.12861
v 0.01507 0.94419 0.12327
v 0.01951 0.94013 0.11833
v 0.02347 0.93507 0.11394
v 0.02685 0.92915 0.11018
v 0.02957 0.92252 0.10716
v 0.03156 0.91533 0.10494
v 0.03278 0.90776 0.10359
v 0.03319 0.90000 0.10314
v 0.03278 0.89224 0.10359
v 0.03156 0.88467 0.10494
v 0.02957 0.87748 0.10716
v 0.02685 0.87085 0.11018
v 0.02347 0.86493 0.11394
v 0.01951 0.85987 0.11833
v 0.01507 0.85581 0.12327
v 0.01026 0.85283 0.12861
v 0.00519 0.85101 0.13423
v 0.00000 0.85040 0.14000
v 0.00000 0.94960 0.14000
v 0.00628 0.94899 0.13544
v 0.01240 0.94717 0.13099
v 0.01822 0.94419 0.12676
v 0.02359 0.94013 0.12286
v 0.02837 0.93507 0.11938
v 0.03246 0.92915 0.11641
v 0.03575 0.92252 0.11402
v 0.03816 0.91533 0.11227
v 0.03963 0.90776 0.11120
v 0.04013 0.90000 0.11085
v 0.03963 0.89224 0.11120
v 0.03816 0.88467 0.11227
v 0.03575 0.87748 0.11402
v 0.03246 0.87085 0.11641
v 0.02837 0.86493 0.11938
v 0.02359 0.85987 0.12286
v 0.01822 0.85581 0.12676
v 0.01240 0.85283 0.13099
v 0.00628 0.85101 0.13544
v 0.00000 0.85040 0.14000
v 0.00000 0.94960 0.14000
v 0.00709 0.94899 0.13684
v 0.01400 0.94717 0.13377
v 0.02057 0.94419 0.13084
v 0.02663 0.94013 0.12814
v 0.03204 0.93507 0.12573
v 0.03666 0.92915 0.12368
v 0.04037 0.92252 0.12202
v 0.04309 0.91533 0.12081
v 0.04475 0.90776 0.12007
v 0.04531 0.90000 0.11983
v 0.04475 0.89224 0.12007
v 0.04309 0.88467 0.12081
v 0.04037 0.87748 0.12202
v 0.03666 0.87085 0.12368
v 0.03204 0.86493 0.12573
v 0.02663 0.85987 0.12814
v 0.02057 0.85581 0.13084
v 0.01400 0.85283 0.13377
v 0.00709 0.85101 0.13684
v 0.00000 0.85040 0.14000
v 0.00000 0.94960 0.14000
v 0.00759 0.94899 0.13839
v 0.01499 0.94717 0.13681
v 0.02203 0.94419 0.13532
v 0.02852 0.94013 0.13394
v 0.03431 0.93507 0.13271
v 0.03925 0.92915 0.13166
v 0.04323 0.92252 0.13081
v 0.04614 0.91533 0.13019
v 0.04792 0.90776 0.12981
v 0.04852 0.90000 0.12969
v 0.04792 0.89224 0.12981
v 0.04614 0.88467 0.13019
v 0.04323 0.87748 0.13081
v 0.03925 0.87085 0.13166
v 0.03431 0.86493 0.13271
v 0.02852 0.85987 0.13394
v 0.02203 0.85581 0.13532
v 0.01499 0.85283 0.13681
v 0.00759 0.85101 0.13839
v 0.00000 0.85040 0.14000
v 0.00000 0.94960 0.14000
v 0.00776 0.94899 0.14000
v 0.01533 0.94717 0.14000
v 0.02252 0.94419 0.14000
v 0.02915 0.94013 0.14000
v 0.03507 0.93507 0.14000
v 0.04013 0.92915 0.14000
v 0.04419 0.92252 0.14000
v 0.04717 0.91533 0.14000
v 0.04899 0.90776 0.14000
v 0.04960 0.90000 0.14000
v 0.04899 0.89224 0.14000
v 0.04717 0.88467 0.14000
v 0.04419 0.87748 0.14000
v 0.04013 0.87085 0.14000
v 0.03507 0.86493 0.14000
v 0.02915 0.85987 0.14000
v 0.02252 0.85581 0.14000
v 0.01533 0.85283 0.14000
v 0.00776 0.85101 0.14000
v 0.00000 0.85040 0.14000
v -0.02800 0.30000 0.02000
v -0.02800 0.30500 0.09000
v -0.02800 0.31000 0.16000
v -0.02800 0.31500 0.23000
v -0.02800 0.32000 0.30000
v -0.02800 0.32500 0.37000
v -0.02800 0.33000 0.44000
v -0.02800 0.33500 0.51000
v -0.02800 0.34000 0.58000
v -0.02587 0.31069 0.01924
v -0.02587 0.31569 0.08924
v -0.02587 0.32069 0.15924
v -0.02587 0.32569 0.22924
v -0.02587 0.33069 0.29924
v -0.02587 0.33569 0.36924
v -0.02587 0.34069 0.43924
v -0.02587 0.34569 0.50924
v -0.02587 0.35069 0.57924
v -0.01980 0.31975 0.01859
v -0.01980 0.32475 0.08859
v -0.01980 0.32975 0.15859
v -0.01980 0.33475 0.22859
v -0.01980 0.33975 0.29859
v -0.01980 0.34475 0.36859
v -0.01980 0.34975 0.43859
v -0.01980 0.35475 0.50859
v -0.01980 0.35975 0.57859
v -0.01072 0.32580 0.01816
v -0.01072 0.33080 0.08816
v -0.01072 0.33580 0.15816
v -0.01072 0.34080 0.22816
v -0.01072 0.34580 0.29816
v -0.01072 0.35080 0.36816
v -0.01072 0.35580 0.43816
v -0.01072 0.36080 0.50816
v -0.01072 0.36580 0.57816
v -0.00000 0.32793 0.01801
v -0.00000 0.33293 0.08801
v -0.00000 0.33793 0.15801
v -0.00000 0.34293 0.22801
v -0.00000 0.34793 0.29801
v -0.00000 0.35293 0.36801
v -0.00000 0.35793 0.43801
v -0.00000 0.36293 0.50801
v -0.00000 0.36793 0.57801
v 0.01072 0.32580 0.01816
v 0.01072 0.33080 0.08816
v 0.01072 0.33580 0.15816
v 0.01072 0.34080 0.22816
v 0.01072 0.34580 0.29816
v 0.01072 0.35080 0.36816
v 0.01072 0.35580 0.43816
v 0.01072 0.36080 0.50816
v 0.01072 0.36580 0.57816
v 0.01980 0.31975 0.01859
v 0.01980 0.32475 0.08859
v 0.01980 0.32975 0.15859
v 0.01980 0.33475 0.22859
v 0.01980 0.33975 0.29859
v 0.01980 0.34475 0.36859
v 0.01980 0.34975 0.43859
v 0.01980 0.35475 0.50859
v 0.01980 0.35975 0.57859
v 0.02587 0.31069 0.01924
v 0.02587 0.31569 0.08924
v 0.02587 0.32069 0.15924
v 0.02587 0.32569 0.22924
v 0.02587 0.33069 0.29924
v 0.02587 0.33569 0.36924
v 0.02587 0.34069 0.43924
v 0.02587 0.34569 0.50924
v 0.02587 0.35069 0.57924
v 0.02800 0.30000 0.02000
v 0.02800 0.30500 0.09000
v 0.02800 0.31000 0.16000
v 0.02800 0.31500 0.23000
v 0.02800 0.32000 0.30000
v 0.02800 0.32500 0.37000
v 0.02800 0.33000 0.44000
v 0.02800 0.33500 0.51000
v 0.02800 0.34000 0.58000
v 0.02587 0.28931 0.02076
v 0.02587 0.29431 0.09076
v 0.02587 0.29931 0.16076
v 0.02587 0.30431 0.23076
v 0.02587 0.30931 0.30076
v 0.02587 0.31431 0.37076
v 0.02587 0.31931 0.44076
v 0.02587 0.32431 0.51076
v 0.02587 0.32931 0.58076
v 0.01980 0.28025 0.02141
v 0.01980 0.28525 0.09141
v 0.01980 0.29025 0.16141
v 0.01980 0.29525 0.23141
v 0.01980 0.30025 0.30141
v 0.01980 0.30525 0.37141
v 0.01980 0.31025 0.44141
v 0.01980 0.31525 0.51141
v 0.01980 0.32025 0.58141
v 0.01072 0.27420 0.02184
v 0.01072 0.27920 0.09184
v 0.01072 0.28420 0.16184
v 0.01072 0.28920 0.23184
v 0.01072 0.29420 0.30184
v 0.01072 0.29920 0.37184
v 0.01072 0.30420 0.44184
v 0.01072 0.30920 0.51184
v 0.01072 0.31420 0.58184
v 0.00000 0.27207 0.02199
v 0.00000 0.27707 0.09199
v 0.00000 0.28207 0.16199
v 0.00000 0.28707 0.23199
v 0.00000 0.29207 0.30199
v 0.00000 0.29707 0.37199
v 0.00000 0.30207 0.44199
v 0.00000 0.30707 0.51199
v 0.00000 0.31207 0.58199
v -0.01072 0.27420 0.02184
v -0.01072 0.27920 0.09184
v -0.01072 0.28420 0.16184
v -0.01072 0.28920 0.23184
v -0.01072 0.29420 0.30184
v -0.01072 0.29920 0.37184
v -0.01072 0.30420 0.44184
v -0.01072 0.30920 0.51184
v -0.01072 0.31420 0.58184
v -0.01980 0.28025 0.02141
v -0.01980 0.28525 0.09141
v -0.01980 0.29025 0.16141
v -0.01980 0.29525 0.23141
v -0.01980 0.30025 0.30141
v -0.01980 0.30525 0.37141
v -0.01980 0.31025 0.44141
v -0.01980 0.31525 0.51141
v -0.01980 0.32025 0.58141
v -0.02587 0.28931 0.02076
v -0.02587 0.29431 0.09076
v -0.02587 0.29931 0.16076
v -0.02587 0.30431 0.23076
v -0.02587 0.30931 0.30076
v -0.02587 0.31431 0.37076
v -0.02587 0.31931 0.44076
v -0.02587 0.32431 0.51076
v -0.02587 0.32931 0.58076
v -0.02800 0.30000 0.02000
v -0.02800 0.30500 0.09000
v -0.02800 0.31000 0.16000
v -0.02800 0.31500 0.23000
v -0.02800 0.32000 0.30000
v -0.02800 0.32500 0.37000
v -0.02800 0.33000 0.44000
v -0.02800 0.33500 0.51000
v -0.02800 0.34000 0.58000
v 0.00000 0.34340 0.02000
v 0.00679 0.34287 0.02000
v 0.01341 0.34128 0.02000
v 0.01970 0.33867 0.02000
v 0.02551 0.33511 0.02000
v 0.03069 0.33069 0.02000
v 0.03511 0.32551 0.02000
v 0.03867 0.31970 0.02000
v 0.04128 0.31341 0.02000
v 0.04287 0.30679 0.02000
v 0.04340 0.30000 0.02000
v 0.04287 0.29321 0.02000
v 0.04128 0.28659 0.02000
v 0.03867 0.28030 0.02000
v 0.03511 0.27449 0.02000
v 0.03069 0.26931 0.02000
v 0.02551 0.26489 0.02000
v 0.01970 0.26133 0.02000
v 0.01341 0.25872 0.02000
v 0.00679 0.25713 0.02000
v 0.00000 0.25660 0.02000
v 0.00000 0.34340 0.02000
v 0.00664 0.34287 0.02141
v 0.01312 0.34128 0.02279
v 0.01927 0.33867 0.02410
v 0.02495 0.33511 0.02530
v 0.03002 0.33069 0.02638
v 0.03434 0.32551 0.02730
v 0.03782 0.31970 0.02804
v 0.04037 0.31341 0.02858
v 0.04193 0.30679 0.02891
v 0.04245 0.30000 0.02902
v 0.04193 0.29321 0.02891
v 0.04037 0.28659 0.02858
v 0.03782 0.28030 0.02804
v 0.03434 0.27449 0.02730
v 0.03002 0.26931 0.02638
v 0.02495 0.26489 0.02530
v 0.01927 0.26133 0.02410
v 0.01312 0.25872 0.02279
v 0.00664 0.25713 0.02141
v 0.00000 0.25660 0.02000
v 0.00000 0.34340 0.02000
v 0.00620 0.34287 0.02276
v 0.01225 0.34128 0.02545
v 0.01800 0.33867 0.02801
v 0.02330 0.33511 0.03038
v 0.02804 0.33069 0.03248
v 0.03208 0.32551 0.03428
v 0.03533 0.31970 0.03573
v 0.03771 0.31341 0.03679
v 0.03916 0.30679 0.03744
v 0.03965 0.30000 0.03765
v 0.03916 0.29321 0.03744
v 0.03771 0.28659 0.03679
v 0.03533 0.28030 0.03573
v 0.03208 0.27449 0.03428
v 0.02804 0.26931 0.03248
v 0.02330 0.26489 0.03038
v 0.01800 0.26133 0.02801
v 0.01225 0.25872 0.02545
v 0.00620 0.25713 0.02276
v 0.00000 0.25660 0.02000
v 0.00000 0.34340 0.02000
v 0.00549 0.34287 0.02399
v 0.01085 0.34128 0.02788
v 0.01594 0.33867 0.03158
v 0.02064 0.33511 0.03499
v 0.02483 0.33069 0.03804
v 0.02841 0.32551 0.04064
v 0.03128 0.31970 0.04273
v 0.03339 0.31341 0.04426
v 0.03468 0.30679 0.04520
v 0.03511 0.30000 0.04551
v 0.03468 0.29321 0.04520
v 0.03339 0.28659 0.04426
v 0.03128 0.28030 0.04273
v 0.02841 0.27449 0.04064
v 0.02483 0.26931 0.03804
v 0.02064 0.26489 0.03499
v 0.01594 0.26133 0.03158
v 0.01085 0.25872 0.02788
v 0.00549 0.25713 0.02399
v 0.00000 0.25660 0.02000
v 0.00000 0.34340 0.02000
v 0.00454 0.34287 0.02505
v 0.00897 0.34128 0.02997
v 0.01318 0.33867 0.03464
v 0.01707 0.33511 0.03896
v 0.02053 0.33069 0.04281
v 0.02349 0.32551 0.04609
v 0.02588 0.31970 0.04874
v 0.02762 0.31341 0.05067
v 0.02868 0.30679 0.05186
v 0.02904 0.30000 0.05225
v 0.02868 0.29321 0.05186
v 0.02762 0.28659 0.05067
v 0.02588 0.28030 0.04874
v 0.02349 0.27449 0.04609
v 0.02053 0.26931 0.04281
v 0.01707 0.26489 0.03896
v 0.01318 0.26133 0.03464
v 0.00897 0.25872 0.02997
v 0.00454 0.25713 0.02505
v 0.00000 0.25660 0.02000
v 0.00000 0.34340 0.02000
v 0.00339 0.34287 0.02588
v 0.00671 0.34128 0.03161
v 0.00985 0.33867 0.03706
v 0.01275 0.33511 0.04209
v 0.01534 0.33069 0.04658
v 0.01756 0.32551 0.05041
v 0.01933 0.31970 0.05349
v 0.02064 0.31341 0.05575
v 0.02143 0.30679 0.05712
v 0.02170 0.30000 0.05759
v 0.02143 0.29321 0.05712
v 0.02064 0.28659 0.05575
v 0.01933 0.28030 0.05349
v 0.01756 0.27449 0.05041
v 0.01534 0.26931 0.04658
v 0.01275 0.26489 0.04209
v 0.00985 0.26133 0.03706
v 0.00671 0.25872 0.03161
v 0.00339 0.25713 0.02588
v 0.00000 0.25660 0.02000
v 0.00000 0.34340 0.02000
v 0.00210 0.34287 0.02646
v 0.00414 0.34128 0.03275
v 0.00609 0.33867 0.03874
v 0.00788 0.33511 0.04426
v 0.00948 0.33069 0.04919
v 0.01085 0.32551 0.05339
v 0.01195 0.31970 0.05678
v 0.01275 0.31341 0.05926
v 0.01325 0.30679 0.06077
v 0.01341 0.30000 0.06128
v 0.01325 0.29321 0.06077
v 0.01275 0.28659 0.05926
v 0.01195 0.28030 0.05678
v 0.01085 0.27449 0.05339
v 0.00948 0.26931 0.04919
v 0.00788 0.26489 0.04426
v 0.00609 0.26133 0.03874
v 0.00414 0.25872 0.03275
v 0.00210 0.25713 0.02646
v 0.00000 0.25660 0.02000
v 0.00000 0.34340 0.02000
v 0.00071 0.34287 0.02675
v 0.00140 0.34128 0.03334
v 0.00206 0.33867 0.03960
v 0.00267 0.33511 0.04537
v 0.00321 0.33069 0.05052
v 0.00367 0.32551 0.05492
v 0.00404 0.31970 0.05846
v 0.00431 0.31341 0.06105
v 0.00448 0.30679 0.06263
v 0.00454 0.30000 0.06316
v 0.00448 0.29321 0.06263
v 0.00431 0.28659 0.06105
v 0.00404 0.28030 0.05846
v 0.00367 0.27449 0.05492
v 0.00321 0.26931 0.05052
v 0.00267 0.26489 0.04537
v 0.00206 0.26133 0.03960
v 0.00140 0.25872 0.03334
v 0.00071 0.25713 0.02675
v 0.00000 0.25660 0.02000
v 0.00000 0.34340 0.02000
v -0.00071 0.34287 0.02675
v -0.00140 0.34128 0.03334
v -0.00206 0.33867 0.03960
v -0.00267 0.33511 0.04537
v -0.00321 0.33069 0.05052
v -0.00367 0.32551 0.05492
v -0.00404 0.31970 0.05846
v -0.00431 0.31341 0.06105
v -0.00448 0.30679 0.06263
v -0.00454 0.30000 0.06316
v -0.00448 0.29321 0.06263
v -0.00431 0.28659 0.06105
v -0.00404 0.28030 0.05846
v -0.00367 0.27449 0.05492
v -0.00321 0.26931 0.05052
v -0.00267 0.26489 0.04537
v -0.00206 0.26133 0.03960
v -0.00140 0.25872 0.03334
v -0.00071 0.25713 0.02675
v -0.00000 0.25660 0.02000
v 0.00000 0.34340 0.02000
v -0.00210 0.34287 0.02646
v -0.00414 0.34128 0.03275
v -0.00609 0.33867 0.03874
v -0.00788 0.33511 0.04426
v -0.00948 0.33069 0.04919
v -0.01085 0.32551 0.05339
v -0.01195 0.31970 0.05678
v -0.01275 0.31341 0.05926
v -0.01325 0.30679 0.06077
v -0.01341 0.30000 0.06128
v -0.01325 0.29321 0.06077
v -0.01275 0.28659 0.05926
v -0.01195 0.28030 0.05678
v -0.01085 0.27449 0.05339
v -0.00948 0.26931 0.04919
v -0.00788 0.26489 0.04426
v -0.00609 0.26133 0.03874
v -0.00414 0.25872 0.03275
v -0.00210 0.25713 0.02646
v -0.00000 0.25660 0.02000
v 0.00000 0.34340 0.02000
v -0.00339 0.34287 0.02588
v -0.00671 0.34128 0.03161
v -0.00985 0.33867 0.03706
v -0.01275 0.33511 0.04209
v -0.01534 0.33069 0.04658
v -0.01756 0.32551 0.05041
v -0.01933 0.31970 0.05349
v -0.02064 0.31341 0.05575
v -0.02143 0.30679 0.05712
v -0.02170 0.30000 0.05759
v -0.02143 0.29321 0.05712
v -0.02064 0.28659 0.05575
v -0.01933 0.28030 0.05349
v -0.01756 0.27449 0.05041
v -0.01534 0.26931 0.04658
v -0.01275 0.26489 0.04209
v -0.00985 0.26133 0.03706
v -0.00671 0.25872 0.03161
v -0.00339 0.25713 0.02588
v -0.00000 0.25660 0.02000
v 0.00000 0.34340 0.02000
v -0.00454 0.34287 0.02505
v -0.00897 0.34128 0.02997
v -0.01318 0.33867 0.03464
v -0.01707 0.33511 0.03896
v -0.02053 0.33069 0.04281
v -0.02349 0.32551 0.04609
v -0.02588 0.31970 0.04874
v -0.02762 0.31341 0.05067
v -0.02868 0.30679 0.05186
v -0.02904 0.30000 0.05225
v -0.02868 0.29321 0.05186
v -0.02762 0.28659 0.05067
v -0.02588 0.28030 0.04874
v -0.02349 0.27449 0.04609
v -0.02053 0.26931 0.04281
v -0.01707 0.26489 0.03896
v -0.01318 0.26133 0.03464
v -0.00897 0.25872 0.02997
v -0.00454 0.25713 0.02505
v -0.00000 0.25660 0.02000
v 0.00000 0.34340 0.02000
v -0.00549 0.34287 0.02399
v -0.01085 0.34128 0.02788
v -0.01594 0.33867 0.03158
v -0.02064 0.33511 0.03499
v -0.02483 0.33069 0.03804
v -0.02841 0.32551 0.04064
v -0.03128 0.31970 0.04273
v -0.03339 0.31341 0.04426
v -0.03468 0.30679 0.04520
v -0.03511 0.30000 0.04551
v -0.03468 0.29321 0.04520
v -0.03339 0.28659 0.04426
v -0.03128 0.28030 0.04273
v -0.02841 0.27449 0.04064
v -0.02483 0.26931 0.03804
v -0.02064 0.26489 0.03499
v -0.01594 0.26133 0.03158
v -0.01085 0.25872 0.02788
v -0.00549 0.25713 0.02399
v -0.00000 0.25660 0.02000
v 0.00000 0.34340 0.02000
v -0.00620 0.34287 0.02276
v -0.01225 0.34128 0.02545
v -0.01800 0.33867 0.02801
v -0.02330 0.33511 0.03038
v -0.02804 0.33069 0.03248
v -0.03208 0.32551 0.03428
v -0.03533 0.31970 0.03573
v -0.03771 0.31341 0.03679
v -0.03916 0.30679 0.03744
v -0.03965 0.30000 0.03765
v -0.03916 0.29321 0.03744
v -0.03771 0.28659 0.03679
v -0.03533 0.28030 0.03573
v -0.03208 0.27449 0.03428
v -0.02804 0.26931 0.03248
v -0.02330 0.26489 0.03038
v -0.01800 0.26133 0.02801
v -0.01225 0.25872 0.02545
v -0.00620 0.25713 0.02276
v -0.00000 0.25660 0.02000
v 0.00000 0.34340 0.02000
v -0.00664 0.34287 0.02141
v -0.01312 0.34128 0.02279
v -0.01927 0.33867 0.02410
v -0.02495 0.33511 0.02530
v -0.03002 0.33069 0.02638
v -0.03434 0.32551 0.02730
v -0.03782 0.31970 0.02804
v -0.04037 0.31341 0.02858
v -0.04193 0.30679 0.02891
v -0.04245 0.30000 0.02902
v -0.04193 0.29321 0.02891
v -0.04037 0.28659 0.02858
v -0.03782 0.28030 0.02804
v -0.03434 0.27449 0.02730
v -0.03002 0.26931 0.02638
v -0.02495 0.26489 0.02530
v -0.01927 0.26133 0.02410
v -0.01312 0.25872 0.02279
v -0.00664 0.25713 0.02141
v -0.00000 0.25660 0.02000
v 0.00000 0.34340 0.02000
v -0.00679 0.34287 0.02000
v -0.01341 0.34128 0.02000
v -0.01970 0.33867 0.02000
v -0.02551 0.33511 0.02000
v -0.03069 0.33069 0.02000
v -0.03511 0.32551 0.02000
v -0.03867 0.31970 0.02000
v -0.04128 0.31341 0.02000
v -0.04287 0.30679 0.02000
v -0.04340 0.30000 0.02000
v -0.04287 0.29321 0.02000
v -0.04128 0.28659 0.02000
v -0.03867 0.28030 0.02000
v -0.03511 0.27449 0.02000
v -0.03069 0.26931 0.02000
v -0.02551 0.26489 0.02000
v -0.01970 0.26133 0.02000
v -0.01341 0.25872 0.02000
v -0.00679 0.25713 0.02000
v -0.00000 0.25660 0.02000
v 0.00000 0.34340 0.02000
v -0.00664 0.34287 0.01859
v -0.01312 0.34128 0.01721
v -0.01927 0.33867 0.01590
v -0.02495 0.33511 0.01470
v -0.03002 0.33069 0.01362
v -0.03434 0.32551 0.01270
v -0.03782 0.31970 0.01196
v -0.04037 0.31341 0.01142
v -0.04193 0.30679 0.01109
v -0.04245 0.30000 0.01098
v -0.04193 0.29321 0.01109
v -0.04037 0.28659 0.01142
v -0.03782 0.28030 0.01196
v -0.03434 0.27449 0.01270
v -0.03002 0.26931 0.01362
v -0.02495 0.26489 0.01470
v -0.01927 0.26133 0.01590
v -0.01312 0.25872 0.01721
v -0.00664 0.25713 0.01859
v -0.00000 0.25660 0.02000
v 0.00000 0.34340 0.02000
v -0.00620 0.34287 0.01724
v -0.01225 0.34128 0.01455
v -0.01800 0.33867 0.01199
v -0.02330 0.33511 0.00962
v -0.02804 0.33069 0.00752
v -0.03208 0.32551 0.00572
v -0.03533 0.31970 0.00427
v -0.03771 0.31341 0.00321
v -0.03916 0.30679 0.00256
v -0.03965 0.30000 0.00235
v -0.03916 0.29321 0.00256
v -0.03771 0.28659 0.00321
v -0.03533 0.28030 0.00427
v -0.03208 0.27449 0.00572
v -0.02804 0.26931 0.00752
v -0.02330 0.26489 0.00962
v -0.01800 0.26133 0.01199
v -0.01225 0.25872 0.01455
v -0.00620 0.25713 0.01724
v -0.00000 0.25660 0.02000
v 0.00000 0.34340 0.02000
v -0.00549 0.34287 0.01601
v -0.01085 0.34128 0.01212
v -0.01594 0.33867 0.00842
v -0.02064 0.33511 0.00501
v -0.02483 0.33069 0.00196
v -0.02841 0.32551 -0.00064
v -0.03128 0.31970 -0.00273
v -0.03339 0.31341 -0.00426
v -0.03468 0.30679 -0.00520
v -0.03511 0.30000 -0.00551
v -0.03468 0.29321 -0.00520
v -0.03339 0.28659 -0.00426
v -0.03128 0.28030 -0.00273
v -0.02841 0.27449 -0.00064
v -0.02483 0.26931 0.00196
v -0.02064 0.26489 0.00501
v -0.01594 0.26133 0.00842
v -0.01085 0.25872 0.01212
v -0.00549 0.25713 0.01601
v -0.00000 0.25660 0.02000
v 0.00000 0.34340 0.02000
v -0.00454 0.34287 0.01495
v -0.00897 0.34128 0.01003
v -0.01318 0.33867 0.00536
v -0.01707 0.33511 0.00104
v -0.02053 0.33069 -0.00281
v -0.02349 0.32551 -0.00609
v -0.02588 0.31970 -0.00874
v -0.02762 0.31341 -0.01067
v -0.02868 0.30679 -0.01186
v -0.02904 0.30000 -0.01225
v -0.02868 0.29321 -0.01186
v -0.02762 0.28659 -0.01067
v -0.02588 0.28030 -0.00874
v -0.02349 0.27449 -0.00609
v -0.02053 0.26931 -0.00281
v -0.01707 0.26489 0.00104
v -0.01318 0.26133 0.00536
v -0.00897 0.25872 0.01003
v -0.00454 0.25713 0.01495
v -0.00000 0.25660 0.02000
v 0.00000 0.34340 0.02000
v -0.00339 0.34287 0.01412
v -0.00671 0.34128 0.00839
v -0.00985 0.33867 0.00294
v -0.01275 0.33511 -0.00209
v -0.01534 0.33069 -0.00658
v -0.01756 0.32551 -0.01041
v -0.01933 0.31970 -0.01349
v -0.02064 0.31341 -0.01575
v -0.02143 0.30679 -0.01712
v -0.02170 0.30000 -0.01759
v -0.02143 0.29321 -0.01712
v -0.02064 0.28659 -0.01575
v -0.01933 0.28030 -0.01349
v -0.01756 0.27449 -0.01041
v -0.01534 0.26931 -0.00658
v -0.01275 0.26489 -0.00209
v -0.00985 0.26133 0.00294
v -0.00671 0.25872 0.00839
v -0.00339 0.25713 0.01412
v -0.00000 0.25660 0.02000
v 0.00000 0.34340 0.02000
v -0.00210 0.34287 0.01354
v -0.00414 0.34128 0.00725
v -0.00609 0.33867 0.00126
v -0.00788 0.33511 -0.00426
v -0.00948 0.33069 -0.00919
v -0.01085 0.32551 -0.01339
v -0.01195 0.31970 -0.01678
v -0.01275 0.31341 -0.01926
v -0.01325 0.30679 -0.02077
v -0.01341 0.30000 -0.02128
v -0.01325 0.29321 -0.02077
v -0.01275 0.28659 -0.01926
v -0.01195 0.28030 -0.01678
v -0.01085 0.27449 -0.01339
v -0.00948 0.26931 -0.00919
v -0.00788 0.26489 -0.00426
v -0.00609 0.26133 0.00126
v -0.00414 0.25872 0.00725
v -0.00210 0.25713 0.01354
v -0.00000 0.25660 0.02000
v 0.00000 0.34340 0.02000
v -0.00071 0.34287 0.01325
v -0.00140 0.34128 0.00666
v -0.00206 0.33867 0.00040
v -0.00267 0.33511 -0.00537
v -0.00321 0.33069 -0.01052
v -0.00367 0.32551 -0.01492
v -0.00404 0.31970 -0.01846
v -0.00431 0.31341 -0.02105
v -0.00448 0.30679 -0.02263
v -0.00454 0.30000 -0.02316
v -0.00448 0.29321 -0.02263
v -0.00431 0.28659 -0.02105
v -0.00404 0.28030 -0.01846
v -0.00367 0.27449 -0.01492
v -0.00321 0.26931 -0.01052
v -0.00267 0.26489 -0.00537
v -0.00206 0.26133 0.00040
v -0.00140 0.25872 0.00666
v -0.00071 0.25713 0.01325
v -0.00000 0.25660 0.02000
v 0.00000 0.34340 0.02000
v 0.00071 0.34287 0.01325
v 0.00140 0.34128 0.00666
v 0.00206 0.33867 0.00040
v 0.00267 0.33511 -0.00537
v 0.00321 0.33069 -0.01052
v 0.00367 0.32551 -0.01492
v 0.00404 0.31970 -0.01846
v 0.00431 0.31341 -0.02105
v 0.00448 0.30679 -0.02263
v 0.00454 0.30000 -0.02316
v 0.00448 0.29321 -0.02263
v 0.00431 0.28659 -0.02105
v 0.00404 0.28030 -0.01846
v 0.00367 0.27449 -0.01492
v 0.00321 0.26931 -0.01052
v 0.00267 0.26489 -0.00537
v 0.00206 0.26133 0.00040
v 0.00140 0.25872 0.00666
v 0.00071 0.25713 0.01325
v 0.00000 0.25660 0.02000
v 0.00000 0.34340 0.02000
v 0.00210 0.34287 0.01354
v 0.00414 0.34128 0.00725
v 0.00609 0.33867 0.00126
v 0.00788 0.33511 -0.00426
v 0.00948 0.33069 -0.00919
v 0.01085 0.32551 -0.01339
v 0.01195 0.31970 -0.01678
v 0.01275 0.31341 -0.01926
v 0.01325 0.30679 -0.02077
v 0.01341 0.30000 -0.02128
v 0.01325 0.29321 -0.02077
v 0.01275 0.28659 -0.01926
v 0.01195 0.28030 -0.01678
v 0.01085 0.27449 -0.01339
v 0.00948 0.26931 -0.00919
v 0.00788 0.26489 -0.00426
v 0.00609 0.26133 0.00126
v 0.00414 0.25872 0.00725
v 0.00210 0.25713 0.01354
v 0.00000 0.25660 0.02000
v 0.00000 0.34340 0.02000
v 0.00339 0.34287 0.01412
v 0.00671 0.34128 0.00839
v 0.00985 0.33867 0.00294
v 0.01275 0.33511 -0.00209
v 0.01534 0.33069 -0.00658
v 0.01756 0.32551 -0.01041
v 0.01933 0.31970 -0.01349
v 0.02064 0.31341 -0.01575
v 0.02143 0.30679 -0.01712
v 0.02170 0.30000 -0.01759
v 0.02143 0.29321 -0.01712
v 0.02064 0.28659 -0.01575
v 0.01933 0.28030 -0.01349
v 0.01756 0.27449 -0.01041
v 0.01534 0.26931 -0.00658
v 0.01275 0.26489 -0.00209
v 0.00985 0.26133 0.00294
v 0.00671 0.25872 0.00839
v 0.00339 0.25713 0.01412
v 0.00000 0.25660 0.02000
v 0.00000 0.34340 0.02000
v 0.00454 0.34287 0.01495
v 0.00897 0.34128 0.01003
v 0.01318 0.33867 0.00536
v 0.01707 0.33511 0.00104
v 0.02053 0.33069 -0.00281
v 0.02349 0.32551 -0.00609
v 0.02588 0.31970 -0.00874
v 0.02762 0.31341 -0.01067
v 0.02868 0.30679 -0.01186
v 0.02904 0.30000 -0.01225
v 0.02868 0.29321 -0.01186
v 0.02762 0.28659 -0.01067
v 0.02588 0.28030 -0.00874
v 0.02349 0.27449 -0.00609
v 0.02053 0.26931 -0.00281
v 0.01707 0.26489 0.00104
v 0.01318 0.26133 0.00536
v 0.00897 0.25872 0.01003
v 0.00454 0.25713 0.01495
v 0.00000 0.25660 0.02000
v 0.00000 0.34340 0.02000
v 0.00549 0.34287 0.01601
v 0.01085 0.34128 0.01212
v 0.01594 0.33867 0.00842
v 0.02064 0.33511 0.00501
v 0.02483 0.33069 0.00196
v 0.02841 0.32551 -0.00064
v 0.03128 0.31970 -0.00273
v 0.03339 0.31341 -0.00426
v 0.03468 0.30679 -0.00520
v 0.03511 0.30000 -0.00551
v 0.03468 0.29321 -0.00520
v 0.03339 0.28659 -0.00426
v 0.03128 0.28030 -0.00273
v 0.02841 0.27449 -0.00064
v 0.02483 0.26931 0.00196
v 0.02064 0.26489 0.00501
v 0.01594 0.26133 0.00842
v 0.01085 0.25872 0.01212
v 0.00549 0.25713 0.01601
v 0.00000 0.25660 0.02000
v 0.00000 0.34340 0.02000
v 0.00620 0.34287 0.01724
v 0.01225 0.34128 0.01455
v 0.01800 0.33867 0.01199
v 0.02330 0.33511 0.00962
v 0.02804 0.33069 0.00752
v 0.03208 0.32551 0.00572
v 0.03533 0.31970 0.00427
v 0.03771 0.31341 0.00321
v 0.03916 0.30679 0.00256
v 0.03965 0.30000 0.00235
v 0.03916 0.29321 0.00256
v 0.03771 0.28659 0.00321
v 0.03533 0.28030 0.00427
v 0.03208 0.27449 0.00572
v 0.02804 0.26931 0.00752
v 0.02330 0.26489 0.00962
v 0.01800 0.26133 0.01199
v 0.01225 0.25872 0.01455
v 0.00620 0.25713 0.01724
v 0.00000 0.25660 0.02000
v 0.00000 0.34340 0.02000
v 0.00664 0.34287 0.01859
v 0.01312 0.34128 0.01721
v 0.01927 0.33867 0.01590
v 0.02495 0.33511 0.01470
v 0.03002 0.33069 0.01362
v 0.03434 0.32551 0.01270
v 0.03782 0.31970 0.01196
v 0.04037 0.31341 0.01142
v 0.04193 0.30679 0.01109
v 0.04245 0.30000 0.01098
v 0.04193 0.29321 0.01109
v 0.04037 0.28659 0.01142
v 0.03782 0.28030 0.01196
v 0.03434 0.27449 0.01270
v 0.03002 0.26931 0.01362
v 0.02495 0.26489 0.01470
v 0.01927 0.26133 0.01590
v 0.01312 0.25872 0.01721
v 0.00664 0.25713 0.01859
v 0.00000 0.25660 0.02000
v 0.00000 0.34340 0.02000
v 0.00679 0.34287 0.02000
v 0.01341 0.34128 0.02000
v 0.01970 0.33867 0.02000
v 0.02551 0.33511 0.02000
v 0.03069 0.33069 0.02000
v 0.03511 0.32551 0.02000
v 0.03867 0.31970 0.02000
v 0.04128 0.31341 0.02000
v 0.04287 0.30679 0.02000
v 0.04340 0.30000 0.02000
v 0.04287 0.29321 0.02000
v 0.04128 0.28659 0.02000
v 0.03867 0.28030 0.02000
v 0.03511 0.27449 0.02000
v 0.03069 0.26931 0.02000
v 0.02551 0.26489 0.02000
v 0.01970 0.26133 0.02000
v 0.01341 0.25872 0.02000
v 0.00679 0.25713 0.02000
v 0.00000 0.25660 0.02000
v -0.02400 0.90000 0.14000
v -0.02400 0.83000 0.19500
v -0.02400 0.76000 0.25000
v -0.02400 0.69000 0.30500
v -0.02400 0.62000 0.36000
v -0.02400 0.55000 0.41500
v -0.02400 0.48000 0.47000
v -0.02400 0.41000 0.52500
v -0.02400 0.34000 0.58000
v -0.02217 0.90567 0.14722
v -0.02217 0.83567 0.20222
v -0.02217 0.76567 0.25722
v -0.02217 0.69567 0.31222
v -0.02217 0.62567 0.36722
v -0.02217 0.55567 0.42222
v -0.02217 0.48567 0.47722
v -0.02217 0.41567 0.53222
v -0.02217 0.34567 0.58722
v -0.01697 0.91048 0.15334
v -0.01697 0.84048 0.20834
v -0.01697 0.77048 0.26334
v -0.01697 0.70048 0.31834
v -0.01697 0.63048 0.37334
v -0.01697 0.56048 0.42834
v -0.01697 0.49048 0.48334
v -0.01697 0.42048 0.53834
v -0.01697 0.35048 0.59334
v -0.00918 0.91370 0.15744
v -0.00918 0.84370 0.21244
v -0.00918 0.77370 0.26744
v -0.00918 0.70370 0.32244
v -0.00918 0.63370 0.37744
v -0.00918 0.56370 0.43244
v -0.00918 0.49370 0.48744
v -0.00918 0.42370 0.54244
v -0.00918 0.35370 0.59744
v -0.00000 0.91483 0.15887
v -0.00000 0.84483 0.21387
v -0.00000 0.77483 0.26887
v -0.00000 0.70483 0.32387
v -0.00000 0.63483 0.37887
v -0.00000 0.56483 0.43387
v -0.00000 0.49483 0.48887
v -0.00000 0.42483 0.54387
v -0.00000 0.35483 0.59887
v 0.00918 0.91370 0.15744
v 0.00918 0.84370 0.21244
v 0.00918 0.77370 0.26744
v 0.00918 0.70370 0.32244
v 0.00918 0.63370 0.37744
v 0.00918 0.56370 0.43244
v 0.00918 0.49370 0.48744
v 0.00918 0.42370 0.54244
v 0.00918 0.35370 0.59744
v 0.01697 0.91048 0.15334
v 0.01697 0.84048 0.20834
v 0.01697 0.77048 0.26334
v 0.01697 0.70048 0.31834
v 0.01697 0.63048 0.37334
v 0.01697 0.56048 0.42834
v 0.01697 0.49048 0.48334
v 0.01697 0.42048 0.53834
v 0.01697 0.35048 0.59334
v 0.02217 0.90567 0.14722
v 0.02217 0.83567 0.20222
v 0.02217 0.76567 0.25722
v 0.02217 0.69567 0.31222
v 0.02217 0.62567 0.36722
v 0.02217 0.55567 0.42222
v 0.02217 0.48567 0.47722
v 0.02217 0.41567 0.53222
v 0.02217 0.34567 0.58722
v 0.02400 0.90000 0.14000
v 0.02400 0.83000 0.19500
v 0.02400 0.76000 0.25000
v 0.02400 0.69000 0.30500
v 0.02400 0.62000 0.36000
v 0.02400 0.55000 0.41500
v 0.02400 0.48000 0.47000
v 0.02400 0.41000 0.52500
v 0.02400 0.34000 0.58000
v 0.02217 0.89433 0.13278
v 0.02217 0.82433 0.18778
v 0.02217 0.75433 0.24278
v 0.02217 0.68433 0.29778
v 0.02217 0.61433 0.35278
v 0.02217 0.54433 0.40778
v 0.02217 0.47433 0.46278
v 0.02217 0.40433 0.51778
v 0.02217 0.33433 0.57278
v 0.01697 0.88952 0.12666
v 0.01697 0.81952 0.18166
v 0.01697 0.74952 0.23666
v 0.01697 0.67952 0.29166
v 0.01697 0.60952 0.34666
v 0.01697 0.53952 0.40166
v 0.01697 0.46952 0.45666
v 0.01697 0.39952 0.51166
v 0.01697 0.32952 0.56666
v 0.00918 0.88630 0.12256
v 0.00918 0.81630 0.17756
v 0.00918 0.74630 0.23256
v 0.00918 0.67630 0.28756
v 0.00918 0.60630 0.34256
v 0.00918 0.53630 0.39756
v 0.00918 0.46630 0.45256
v 0.00918 0.39630 0.50756
v 0.00918 0.32630 0.56256
v 0.00000 0.88517 0.12113
v 0.00000 0.81517 0.17613
v 0.00000 0.74517 0.23113
v 0.00000 0.67517 0.28613
v 0.00000 0.60517 0.34113
v 0.00000 0.53517 0.39613
v 0.00000 0.46517 0.45113
v 0.00000 0.39517 0.50613
v 0.00000 0.32517 0.56113
v -0.00918 0.88630 0.12256
v -0.00918 0.81630 0.17756
v -0.00918 0.74630 0.23256
v -0.00918 0.67630 0.28756
v -0.00918 0.60630 0.34256
v -0.00918 0.53630 0.39756
v -0.00918 0.46630 0.45256
v -0.00918 0.39630 0.50756
v -0.00918 0.32630 0.56256
v -0.01697 0.88952 0.12666
v -0.01697 0.81952 0.18166
v -0.01697 0.74952 0.23666
v -0.01697 0.67952 0.29166
v -0.01697 0.60952 0.34666
v -0.01697 0.53952 0.40166
v -0.01697 0.46952 0.45666
v -0.01697 0.39952 0.51166
v -0.01697 0.32952 0.56666
v -0.02217 0.89433 0.13278
v -0.02217 0.82433 0.18778
v -0.02217 0.75433 0.24278
v -0.02217 0.68433 0.29778
v -0.02217 0.61433 0.35278
v -0.02217 0.54433 0.40778
v -0.02217 0.47433 0.46278
v -0.02217 0.40433 0.51778
v -0.02217 0.33433 0.57278
v -0.02400 0.90000 0.14000
v -0.02400 0.83000 0.19500
v -0.02400 0.76000 0.25000
v -0.02400 0.69000 0.30500
v -0.02400 0.62000 0.36000
v -0.02400 0.55000 0.41500
v -0.02400 0.48000 0.47000
v -0.02400 0.41000 0.52500
v -0.02400 0.34000 0.58000
v 0.00000 0.93720 0.14000
v 0.00582 0.93674 0.14000
v 0.01150 0.93538 0.14000
v 0.01689 0.93315 0.14000
v 0.02187 0.93010 0.14000
v 0.02630 0.92630 0.14000
v 0.03010 0.92187 0.14000
v 0.03315 0.91689 0.14000
v 0.03538 0.91150 0.14000
v 0.03674 0.90582 0.14000
v 0.03720 0.90000 0.14000
v 0.03674 0.89418 0.14000
v 0.03538 0.88850 0.14000
v 0.03315 0.88311 0.14000
v 0.03010 0.87813 0.14000
v 0.02630 0.87370 0.14000
v 0.02187 0.86990 0.14000
v 0.01689 0.86685 0.14000
v 0.01150 0.86462 0.14000
v 0.00582 0.86326 0.14000
v 0.00000 0.86280 0.14000
v 0.00000 0.93720 0.14000
v 0.00569 0.93674 0.14121
v 0.01124 0.93538 0.14239
v 0.01652 0.93315 0.14351
v 0.02139 0.93010 0.14455
v 0.02573 0.92630 0.14547
v 0.02944 0.92187 0.14626
v 0.03242 0.91689 0.14689
v 0.03461 0.91150 0.14736
v 0.03594 0.90582 0.14764
v 0.03639 0.90000 0.14773
v 0.03594 0.89418 0.14764
v 0.03461 0.88850 0.14736
v 0.03242 0.88311 0.14689
v 0.02944 0.87813 0.14626
v 0.02573 0.87370 0.14547
v 0.02139 0.86990 0.14455
v 0.01652 0.86685 0.14351
v 0.01124 0.86462 0.14239
v 0.00569 0.86326 0.14121
v 0.00000 0.86280 0.14000
v 0.00000 0.93720 0.14000
v 0.00532 0.93674 0.14237
v 0.01050 0.93538 0.14468
v 0.01543 0.93315 0.14687
v 0.01998 0.93010 0.14889
v 0.02403 0.92630 0.15070
v 0.02749 0.92187 0.15224
v 0.03028 0.91689 0.15348
v 0.03232 0.91150 0.15439
v 0.03357 0.90582 0.15494
v 0.03398 0.90000 0.15513
v 0.03357 0.89418 0.15494
v 0.03232 0.88850 0.15439
v 0.03028 0.88311 0.15348
v 0.02749 0.87813 0.15224
v 0.02403 0.87370 0.15070
v 0.01998 0.86990 0.14889
v 0.01543 0.86685 0.14687
v 0.01050 0.86462 0.14468
v 0.00532 0.86326 0.14237
v 0.00000 0.86280 0.14000
v 0.00000 0.93720 0.14000
v 0.00471 0.93674 0.14342
v 0.00930 0.93538 0.14676
v 0.01366 0.93315 0.14993
v 0.01769 0.93010 0.15285
v 0.02128 0.92630 0.15546
v 0.02435 0.92187 0.15769
v 0.02682 0.91689 0.15948
v 0.02862 0.91150 0.16080
v 0.02972 0.90582 0.16160
v 0.03010 0.90000 0.16187
v 0.02972 0.89418 0.16160
v 0.02862 0.88850 0.16080
v 0.02682 0.88311 0.15948
v 0.02435 0.87813 0.15769
v 0.02128 0.87370 0.15546
v 0.01769 0.86990 0.15285
v 0.01366 0.86685 0.14993
v 0.00930 0.86462 0.14676
v 0.00471 0.86326 0.14342
v 0.00000 0.86280 0.14000
v 0.00000 0.93720 0.14000
v 0.00389 0.93674 0.14432
v 0.00769 0.93538 0.14854
v 0.01130 0.93315 0.15255
v 0.01463 0.93010 0.15625
v 0.01760 0.92630 0.15955
v 0.02014 0.92187 0.16237
v 0.02218 0.91689 0.16463
v 0.02367 0.91150 0.16629
v 0.02459 0.90582 0.16730
v 0.02489 0.90000 0.16764
v 0.02459 0.89418 0.16730
v 0.02367 0.88850 0.16629
v 0.02218 0.88311 0.16463
v 0.02014 0.87813 0.16237
v 0.01760 0.87370 0.15955
v 0.01463 0.86990 0.15625
v 0.01130 0.86685 0.15255
v 0.00769 0.86462 0.14854
v 0.00389 0.86326 0.14432
v 0.00000 0.86280 0.14000
v 0.00000 0.93720 0.14000
v 0.00291 0.93674 0.14504
v 0.00575 0.93538 0.14996
v 0.00844 0.93315 0.15463
v 0.01093 0.93010 0.15894
v 0.01315 0.92630 0.16278
v 0.01505 0.92187 0.16606
v 0.01657 0.91689 0.16870
v 0.01769 0.91150 0.17064
v 0.01837 0.90582 0.17182
v 0.01860 0.90000 0.17222
v 0.01837 0.89418 0.17182
v 0.01769 0.88850 0.17064
v 0.01657 0.88311 0.16870
v 0.01505 0.87813 0.16606
v 0.01315 0.87370 0.16278
v 0.01093 0.86990 0.15894
v 0.00844 0.86685 0.15463
v 0.00575 0.86462 0.14996
v 0.00291 0.86326 0.14504
v 0.00000 0.86280 0.14000
v 0.00000 0.93720 0.14000
v 0.00180 0.93674 0.14553
v 0.00355 0.93538 0.15093
v 0.00522 0.93315 0.15606
v 0.00676 0.93010 0.16080
v 0.00813 0.92630 0.16502
v 0.00930 0.92187 0.16862
v 0.01024 0.91689 0.17152
v 0.01093 0.91150 0.17365
v 0.01135 0.90582 0.17494
v 0.01150 0.90000 0.17538
v 0.01135 0.89418 0.17494
v 0.01093 0.88850 0.17365
v 0.01024 0.88311 0.17152
v 0.00930 0.87813 0.16862
v 0.00813 0.87370 0.16502
v 0.00676 0.86990 0.16080
v 0.00522 0.86685 0.15606
v 0.00355 0.86462 0.15093
v 0.00180 0.86326 0.14553
v 0.00000 0.86280 0.14000
v 0.00000 0.93720 0.14000
v 0.00061 0.93674 0.14579
v 0.00120 0.93538 0.15143
v 0.00177 0.93315 0.15680
v 0.00229 0.93010 0.16175
v 0.00275 0.92630 0.16616
v 0.00315 0.92187 0.16993
v 0.00346 0.91689 0.17296
v 0.00370 0.91150 0.17519
v 0.00384 0.90582 0.17654
v 0.00389 0.90000 0.17700
v 0.00384 0.89418 0.17654
v 0.00370 0.88850 0.17519
v 0.00346 0.88311 0.17296
v 0.00315 0.87813 0.16993
v 0.00275 0.87370 0.16616
v 0.00229 0.86990 0.16175
v 0.00177 0.86685 0.15680
v 0.00120 0.86462 0.15143
v 0.00061 0.86326 0.14579
v 0.00000 0.86280 0.14000
v 0.00000 0.93720 0.14000
v -0.00061 0.93674 0.14579
v -0.00120 0.93538 0.15143
v -0.00177 0.93315 0.15680
v -0.00229 0.93010 0.16175
v -0.00275 0.92630 0.16616
v -0.00315 0.92187 0.16993
v -0.00346 0.91689 0.17296
v -0.00370 0.91150 0.17519
v -0.00384 0.90582 0.17654
v -0.00389 0.90000 0.17700
v -0.00384 0.89418 0.17654
v -0.00370 0.88850 0.17519
v -0.00346 0.88311 0.17296
v -0.00315 0.87813 0.16993
v -0.00275 0.87370 0.16616
v -0.00229 0.86990 0.16175
v -0.00177 0.86685 0.15680
v -0.00120 0.86462 0.15143
v -0.00061 0.86326 0.14579
v -0.00000 0.86280 0.14000
v 0.00000 0.93720 0.14000
v -0.00180 0.93674 0.14553
v -0.00355 0.93538 0.15093
v -0.00522 0.93315 0.15606
v -0.00676 0.93010 0.16080
v -0.00813 0.92630 0.16502
v -0.00930 0.92187 0.16862
v -0.01024 0.91689 0.17152
v -0.01093 0.91150 0.17365
v -0.01135 0.90582 0.17494
v -0.01150 0.90000 0.17538
v -0.01135 0.89418 0.17494
v -0.01093 0.88850 0.17365
v -0.01024 0.88311 0.17152
v -0.00930 0.87813 0.16862
v -0.00813 0.87370 0.16502
v -0.00676 0.86990 0.16080
v -0.00522 0.86685 0.15606
v -0.00355 0.86462 0.15093
v -0.00180 0.86326 0.14553
v -0.00000 0.86280 0.14000
v 0.00000 0.93720 0.14000
v -0.00291 0.93674 0.14504
v -0.00575 0.93538 0.14996
v -0.00844 0.93315 0.15463
v -0.01093 0.93010 0.15894
v -0.01315 0.92630 0.16278
v -0.01505 0.92187 0.16606
v -0.01657 0.91689 0.16870
v -0.01769 0.91150 0.17064
v -0.01837 0.90582 0.17182
v -0.01860 0.90000 0.17222
v -0.01837 0.89418 0.17182
v -0.01769 0.88850 0.17064
v -0.01657 0.88311 0.16870
v -0.01505 0.87813 0.16606
v -0.01315 0.87370 0.16278
v -0.01093 0.86990 0.15894
v -0.00844 0.86685 0.15463
v -0.00575 0.86462 0.14996
v -0.00291 0.86326 0.14504
v -0.00000 0.86280 0.14000
v 0.00000 0.93720 0.14000
v -0.00389 0.93674 0.14432
v -0.00769 0.93538 0.14854
v -0.01130 0.93315 0.15255
v -0.01463 0.93010 0.15625
v -0.01760 0.92630 0.15955
v -0.02014 0.92187 0.16237
v -0.02218 0.91689 0.16463
v -0.02367 0.91150 0.16629
v -0.02459 0.90582 0.16730
v -0.02489 0.90000 0.16764
v -0.02459 0.89418 0.16730
v -0.02367 0.88850 0.16629
v -0.02218 0.88311 0.16463
v -0.02014 0.87813 0.16237
v -0.01760 0.87370 0.15955
v -0.01463 0.86990 0.15625
v -0.01130 0.86685 0.15255
v -0.00769 0.86462 0.14854
v -0.00389 0.86326 0.14432
v -0.00000 0.86280 0.14000
v 0.00000 0.93720 0.14000
v -0.00471 0.93674 0.14342
v -0.00930 0.93538 0.14676
v -0.01366 0.93315 0.14993
v -0.01769 0.93010 0.15285
v -0.02128 0.92630 0.15546
v -0.02435 0.92187 0.15769
v -0.02682 0.91689 0.15948
v -0.02862 0.91150 0.16080
v -0.02972 0.90582 0.16160
v -0.03010 0.90000 0.16187
v -0.02972 0.89418 0.16160
v -0.02862 0.88850 0.16080
v -0.02682 0.88311 0.15948
v -0.02435 0.87813 0.15769
v -0.02128 0.87370 0.15546
v -0.01769 0.86990 0.15285
v -0.01366 0.86685 0.14993
v -0.00930 0.86462 0.14676
v -0.00471 0.86326 0.14342
v -0.00000 0.86280 0.14000
v 0.00000 0.93720 0.14000
v -0.00532 0.93674 0.14237
v -0.01050 0.93538 0.14468
v -0.01543 0.93315 0.14687
v -0.01998 0.93010 0.14889
v -0.02403 0.92630 0.15070
v -0.02749 0.92187 0.15224
v -0.03028 0.91689 0.15348
v -0.03232 0.91150 0.15439
v -0.03357 0.90582 0.15494
v -0.03398 0.90000 0.15513
v -0.03357 0.89418 0.15494
v -0.03232 0.88850 0.15439
v -0.03028 0.88311 0.15348
v -0.02749 0.87813 0.15224
v -0.02403 0.87370 0.15070
v -0.01998 0.86990 0.14889
v -0.01543 0.86685 0.14687
v -0.01050 0.86462 0.14468
v -0.00532 0.86326 0.14237
v -0.00000 0.86280 0.14000
v 0.00000 0.93720 0.14000
v -0.00569 0.93674 0.14121
v -0.01124 0.93538 0.14239
v -0.01652 0.93315 0.14351
v -0.02139 0.93010 0.14455
v -0.02573 0.92630 0.14547
v -0.02944 0.92187 0.14626
v -0.03242 0.91689 0.14689
v -0.03461 0.91150 0.14736
v -0.03594 0.90582 0.14764
v -0.03639 0.90000 0.14773
v -0.03594 0.89418 0.14764
v -0.03461 0.88850 0.14736
v -0.03242 0.88311 0.14689
v -0.02944 0.87813 0.14626
v -0.02573 0.87370 0.14547
v -0.02139 0.86990 0.14455
v -0.01652 0.86685 0.14351
v -0.01124 0.86462 0.14239
v -0.00569 0.86326 0.14121
v -0.00000 0.86280 0.14000
v 0.00000 0.93720 0.14000
v -0.00582 0.93674 0.14000
v -0.01150 0.93538 0.14000
v -0.01689 0.93315 0.14000
v -0.02187 0.93010 0.14000
v -0.02630 0.92630 0.14000
v -0.03010 0.92187 0.14000
v -0.03315 0.91689 0.14000
v -0.03538 0.91150 0.14000
v -0.03674 0.90582 0.14000
v -0.03720 0.90000 0.14000
v -0.03674 0.89418 0.14000
v -0.03538 0.88850 0.14000
v -0.03315 0.88311 0.14000
v -0.03010 0.87813 0.14000
v -0.02630 0.87370 0.14000
v -0.02187 0.86990 0.14000
v -0.01689 0.86685 0.14000
v -0.01150 0.86462 0.14000
v -0.00582 0.86326 0.14000
v -0.00000 0.86280 0.14000
v 0.00000 0.93720 0.14000
v -0.00569 0.93674 0.13879
v -0.01124 0.93538 0.13761
v -0.01652 0.93315 0.13649
v -0.02139 0.93010 0.13545
v -0.02573 0.92630 0.13453
v -0.02944 0.92187 0.13374
v -0.03242 0.91689 0.13311
v -0.03461 0.91150 0.13264
v -0.03594 0.90582 0.13236
v -0.03639 0.90000 0.13227
v -0.03594 0.89418 0.13236
v -0.03461 0.88850 0.13264
v -0.03242 0.88311 0.13311
v -0.02944 0.87813 0.13374
v -0.02573 0.87370 0.13453
v -0.02139 0.86990 0.13545
v -0.01652 0.86685 0.13649
v -0.01124 0.86462 0.13761
v -0.00569 0.86326 0.13879
v -0.00000 0.86280 0.14000
v 0.00000 0.93720 0.14000
v -0.00532 0.93674 0.13763
v -0.01050 0.93538 0.13532
v -0.01543 0.93315 0.13313
v -0.01998 0.93010 0.13111
v -0.02403 0.92630 0.12930
v -0.02749 0.92187 0.12776
v -0.03028 0.91689 0.12652
v -0.03232 0.91150 0.12561
v -0.03357 0.90582 0.12506
v -0.03398 0.90000 0.12487
v -0.03357 0.89418 0.12506
v -0.03232 0.88850 0.12561
v -0.03028 0.88311 0.12652
v -0.02749 0.87813 0.12776
v -0.02403 0.87370 0.12930
v -0.01998 0.86990 0.13111
v -0.01543 0.86685 0.13313
v -0.01050 0.86462 0.13532
v -0.00532 0.86326 0.13763
v -0.00000 0.86280 0.14000
v 0.00000 0.93720 0.14000
v -0.00471 0.93674 0.13658
v -0.00930 0.93538 0.13324
v -0.01366 0.93315 0.13007
v -0.01769 0.93010 0.12715
v -0.02128 0.92630 0.12454
v -0.02435 0.92187 0.12231
v -0.02682 0.91689 0.12052
v -0.02862 0.91150 0.11920
v -0.02972 0.90582 0.11840
v -0.03010 0.90000 0.11813
v -0.02972 0.89418 0.11840
v -0.02862 0.88850 0.11920
v -0.02682 0.88311 0.12052
v -0.02435 0.87813 0.12231
v -0.02128 0.87370 0.12454
v -0.01769 0.86990 0.12715
v -0.01366 0.86685 0.13007
v -0.00930 0.86462 0.13324
v -0.00471 0.86326 0.13658
v -0.00000 0.86280 0.14000
v 0.00000 0.93720 0.14000
v -0.00389 0.93674 0.13568
v -0.00769 0.93538 0.13146
v -0.01130 0.93315 0.12745
v -0.01463 0.93010 0.12375
v -0.01760 0.92630 0.12045
v -0.02014 0.92187 0.11763
v -0.02218 0.91689 0.11537
v -0.02367 0.91150 0.11371
v -0.02459 0.90582 0.11270
v -0.02489 0.90000 0.11236
v -0.02459 0.89418 0.11270
v -0.02367 0.88850 0.11371
v -0.02218 0.88311 0.11537
v -0.02014 0.87813 0.11763
v -0.01760 0.87370 0.12045
v -0.01463 0.86990 0.12375
v -0.01130 0.86685 0.12745
v -0.00769 0.86462 0.13146
v -0.00389 0.86326 0.13568
v -0.00000 0.86280 0.14000
v 0.00000 0.93720 0.14000
v -0.00291 0.93674 0.13496
v -0.00575 0.93538 0.13004
v -0.00844 0.93315 0.12537
v -0.01093 0.93010 0.12106
v -0.01315 0.92630 0.11722
v -0.01505 0.92187 0.11394
v -0.01657 0.91689 0.11130
v -0.01769 0.91150 0.10936
v -0.01837 0.90582 0.10818
v -0.01860 0.90000 0.10778
v -0.01837 0.89418 0.10818
v -0.01769 0.88850 0.10936
v -0.01657 0.88311 0.11130
v -0.01505 0.87813 0.11394
v -0.01315 0.87370 0.11722
v -0.01093 0.86990 0.12106
v -0.00844 0.86685 0.12537
v -0.00575 0.86462 0.13004
v -0.00291 0.86326 0.13496
v -0.00000 0.86280 0.14000
v 0.00000 0.93720 0.14000
v -0.00180 0.93674 0.13447
v -0.00355 0.93538 0.12907
v -0.00522 0.93315 0.12394
v -0.00676 0.93010 0.11920
v -0.00813 0.92630 0.11498
v -0.00930 0.92187 0.11138
v -0.01024 0.91689 0.10848
v -0.01093 0.91150 0.10635
v -0.01135 0.90582 0.10506
v -0.01150 0.90000 0.10462
v -0.01135 0.89418 0.10506
v -0.01093 0.88850 0.10635
v -0.01024 0.88311 0.10848
v -0.00930 0.87813 0.11138
v -0.00813 0.87370 0.11498
v -0.00676 0.86990 0.11920
v -0.00522 0.86685 0.12394
v -0.00355 0.86462 0.12907
v -0.00180 0.86326 0.13447
v -0.00000 0.86280 0.14000
v 0.00000 0.93720 0.14000
v -0.00061 0.93674 0.13421
v -0.00120 0.93538 0.12857
v -0.00177 0.93315 0.12320
v -0.00229 0.93010 0.11825
v -0.00275 0.92630 0.11384
v -0.00315 0.92187 0.11007
v -0.00346 0.91689 0.10704
v -0.00370 0.91150 0.10481
v -0.00384 0.90582 0.10346
v -0.00389 0.90000 0.10300
v -0.00384 0.89418 0.10346
v -0.00370 0.88850 0.10481
v -0.00346 0.88311 0.10704
v -0.00315 0.87813 0.11007
v -0.00275 0.87370 0.11384
v -0.00229 0.86990 0.11825
v -0.00177 0.86685 0.12320
v -0.00120 0.86462 0.12857
v -0.00061 0.86326 0.13421
v -0.00000 0.86280 0.14000
v 0.00000 0.93720 0.14000
v 0.00061 0.93674 0.13421
v 0.00120 0.93538 0.12857
v 0.00177 0.93315 0.12320
v 0.00229 0.93010 0.11825
v 0.00275 0.92630 0.11384
v 0.00315 0.92187 0.11007
v 0.00346 0.91689 0.10704
v 0.00370 0.91150 0.10481
v 0.00384 0.90582 0.10346
v 0.00389 0.90000 0.10300
v 0.00384 0.89418 0.10346
v 0.00370 0.88850 0.10481
v 0.00346 0.88311 0.10704
v 0.00315 0.87813 0.11007
v 0.00275 0.87370 0.11384
v 0.00229 0.86990 0.11825
v 0.00177 0.86685 0.12320
v 0.00120 0.86462 0.12857
v 0.00061 0.86326 0.13421
v 0.00000 0.86280 0.14000
v 0.00000 0.93720 0.14000
v 0.00180 0.93674 0.13447
v 0.00355 0.93538 0.12907
v 0.00522 0.93315 0.12394
v 0.00676 0.93010 0.11920
v 0.00813 0.92630 0.11498
v 0.00930 0.92187 0.11138
v 0.01024 0.91689 0.10848
v 0.01093 0.91150 0.10635
v 0.01135 0.90582 0.10506
v 0.01150 0.90000 0.10462
v 0.01135 0.89418 0.10506
v 0.01093 0.88850 0.10635
v 0.01024 0.88311 0.10848
v 0.00930 0.87813 0.11138
v 0.00813 0.87370 0.11498
v 0.00676 0.86990 0.11920
v 0.00522 0.86685 0.12394
v 0.00355 0.86462 0.12907
v 0.00180 0.86326 0.13447
v 0.00000 0.86280 0.14000
v 0.00000 0.93720 0.14000
v 0.00291 0.93674 0.13496
v 0.00575 0.93538 0.13004
v 0.00844 0.93315 0.12537
v 0.01093 0.93010 0.12106
v 0.01315 0.92630 0.11722
v 0.01505 0.92187 0.11394
v 0.01657 0.91689 0.11130
v 0.01769 0.91150 0.10936
v 0.01837 0.90582 0.10818
v 0.01860 0.90000 0.10778
v 0.01837 0.89418 0.10818
v 0.01769 0.88850 0.10936
v 0.01657 0.88311 0.11130
v 0.01505 0.87813 0.11394
v 0.01315 0.87370 0.11722
v 0.01093 0.86990 0.12106
v 0.00844 0.86685 0.12537
v 0.00575 0.86462 0.13004
v 0.00291 0.86326 0.13496
v 0.00000 0.86280 0.14000
v 0.00000 0.93720 0.14000
v 0.00389 0.93674 0.13568
v 0.00769 0.93538 0.13146
v 0.01130 0.93315 0.12745
v 0.01463 0.93010 0.12375
v 0.01760 0.92630 0.12045
v 0.02014 0.92187 0.11763
v 0.02218 0.91689 0.11537
v 0.02367 0.91150 0.11371
v 0.02459 0.90582 0.11270
v 0.02489 0.90000 0.11236
v 0.02459 0.89418 0.11270
v 0.02367 0.88850 0.11371
v 0.02218 0.88311 0.11537
v 0.02014 0.87813 0.11763
v 0.01760 0.87370 0.12045
v 0.01463 0.86990 0.12375
v 0.01130 0.86685 0.12745
v 0.00769 0.86462 0.13146
v 0.00389 0.86326 0.13568
v 0.00000 0.86280 0.14000
v 0.00000 0.93720 0.14000
v 0.00471 0.93674 0.13658
v 0.00930 0.93538 0.13324
v 0.01366 0.93315 0.13007
v 0.01769 0.93010 0.12715
v 0.02128 0.92630 0.12454
v 0.02435 0.92187 0.12231
v 0.02682 0.91689 0.12052
v 0.02862 0.91150 0.11920
v 0.02972 0.90582 0.11840
v 0.03010 0.90000 0.11813
v 0.02972 0.89418 0.11840
v 0.02862 0.88850 0.11920
v 0.02682 0.88311 0.12052
v 0.02435 0.87813 0.12231
v 0.02128 0.87370 0.12454
v 0.01769 0.86990 0.12715
v 0.01366 0.86685 0.13007
v 0.00930 0.86462 0.13324
v 0.00471 0.86326 0.13658
v 0.00000 0.86280 0.14000
v 0.00000 0.93720 0.14000
v 0.00532 0.93674 0.13763
v 0.01050 0.93538 0.13532
v 0.01543 0.93315 0.13313
v 0.01998 0.93010 0.13111
v 0.02403 0.92630 0.12930
v 0.02749 0.92187 0.12776
v 0.03028 0.91689 0.12652
v 0.03232 0.91150 0.12561
v 0.03357 0.90582 0.12506
v 0.03398 0.90000 0.12487
v 0.03357 0.89418 0.12506
v 0.03232 0.88850 0.12561
v 0.03028 0.88311 0.12652
v 0.02749 0.87813 0.12776
v 0.02403 0.87370 0.12930
v 0.01998 0.86990 0.13111
v 0.01543 0.86685 0.13313
v 0.01050 0.86462 0.13532
v 0.00532 0.86326 0.13763
v 0.00000 0.86280 0.14000
v 0.00000 0.93720 0.14000
v 0.00569 0.93674 0.13879
v 0.01124 0.93538 0.13761
v 0.01652 0.93315 0.13649
v 0.02139 0.93010 0.13545
v 0.02573 0.92630 0.13453
v 0.02944 0.92187 0.13374
v 0.03242 0.91689 0.13311
v 0.03461 0.91150 0.13264
v 0.03594 0.90582 0.13236
v 0.03639 0.90000 0.13227
v 0.03594 0.89418 0.13236
v 0.03461 0.88850 0.13264
v 0.03242 0.88311 0.13311
v 0.02944 0.87813 0.13374
v 0.02573 0.87370 0.13453
v 0.02139 0.86990 0.13545
v 0.01652 0.86685 0.13649
v 0.01124 0.86462 0.13761
v 0.00569 0.86326 0.13879
v 0.00000 0.86280 0.14000
v 0.00000 0.93720 0.14000
v 0.00582 0.93674 0.14000
v 0.01150 0.93538 0.14000
v 0.01689 0.93315 0.14000
v 0.02187 0.93010 0.14000
v 0.02630 0.92630 0.14000
v 0.03010 0.92187 0.14000
v 0.03315 0.91689 0.14000
v 0.03538 0.91150 0.14000
v 0.03674 0.90582 0.14000
v 0.03720 0.90000 0.14000
v 0.03674 0.89418 0.14000
v 0.03538 0.88850 0.14000
v 0.03315 0.88311 0.14000
v 0.03010 0.87813 0.14000
v 0.02630 0.87370 0.14000
v 0.02187 0.86990 0.14000
v 0.01689 0.86685 0.14000
v 0.01150 0.86462 0.14000
v 0.00582 0.86326 0.14000
v 0.00000 0.86280 0.14000
vt 0.00000 0.00000
vt 0.00000 0.12500
vt 0.00000 0.25000
vt 0.00000 0.37500
vt 0.00000 0.50000
vt 0.00000 0.62500
vt 0.00000 0.75000
vt 0.00000 0.87500
vt 0.00000 1.00000
vt 0.06250 0.00000
vt 0.06250 0.12500
vt 0.06250 0.25000
vt 0.06250 0.37500
vt 0.06250 0.50000
vt 0.06250 0.62500
vt 0.06250 0.75000
vt 0.06250 0.87500
vt 0.06250 1.00000
vt 0.12500 0.00000
vt 0.12500 0.12500
vt 0.12500 0.25000
vt 0.12500 0.37500
vt 0.12500 0.50000
vt 0.12500 0.62500
vt 0.12500 0.75000
vt 0.12500 0.87500
vt 0.12500 1.00000
vt 0.18750 0.00000
vt 0.18750 0.12500
vt 0.18750 0.25000
vt 0.18750 0.37500
vt 0.18750 0.50000
vt 0.18750 0.62500
vt 0.18750 0.75000
vt 0.18750 0.87500
vt 0.18750 1.00000
vt 0.25000 0.00000
vt 0.25000 0.12500
vt 0.25000 0.25000
vt 0.25000 0.37500
vt 0.25000 0.50000
vt 0.25000 0.62500
vt 0.25000 0.75000
vt 0.25000 0.87500
vt 0.25000 1.00000
vt 0.31250 0.00000
vt 0.31250 0.12500
vt 0.31250 0.25000
vt 0.31250 0.37500
vt 0.31250 0.50000
vt 0.31250 0.62500
vt 0.31250 0.75000
vt 0.31250 0.87500
vt 0.31250 1.00000
vt 0.37500 0.00000
vt 0.37500 0.12500
vt 0.37500 0.25000
vt 0.37500 0.37500
vt 0.37500 0.50000
vt 0.37500 0.62500
vt 0.37500 0.75000
vt 0.37500 0.87500
vt 0.37500 1.00000
vt 0.43750 0.00000
vt 0.43750 0.12500
vt 0.43750 0.25000
vt 0.43750 0.37500
vt 0.43750 0.50000
vt 0.43750 0.62500
vt 0.43750 0.75000
vt 0.43750 0.87500
vt 0.43750 1.00000
vt 0.50000 0.00000
vt 0.50000 0.12500
vt 0.50000 0.25000
vt 0.50000 0.37500
vt 0.50000 0.50000
vt 0.50000 0.62500
vt 0.50000 0.75000
vt 0.50000 0.87500
vt 0.50000 1.00000
vt 0.56250 0.00000
vt 0.56250 0.12500
vt 0.56250 0.25000
vt 0.56250 0.37500
vt 0.56250 0.50000
vt 0.56250 0.62500
vt 0.56250 0.75000
vt 0.56250 0.87500
vt 0.56250 1.00000
vt 0.62500 0.00000
vt 0.62500 0.12500
vt 0.62500 0.25000
vt 0.62500 0.37500
vt 0.62500 0.50000
vt 0.62500 0.62500
vt 0.62500 0.75000
vt 0.62500 0.87500
vt 0.62500 1.00000
vt 0.68750 0.00000
vt 0.68750 0.12500
vt 0.68750 0.25000
vt 0.68750 0.37500
vt 0.68750 0.50000
vt 0.68750 0.62500
vt 0.68750 0.75000
vt 0.68750 0.87500
vt 0.68750 1.00000
vt 0.75000 0.00000
vt 0.75000 0.12500
vt 0.75000 0.25000
vt 0.75000 0.37500
vt 0.75000 0.50000
vt 0.75000 0.62500
vt 0.75000 0.75000
vt 0.75000 0.87500
vt 0.75000 1.00000
vt 0.81250 0.00000
vt 0.81250 0.12500
vt 0.81250 0.25000
vt 0.81250 0.37500
vt 0.81250 0.50000
vt 0.81250 0.62500
vt 0.81250 0.75000
vt 0.81250 0.87500
vt 0.81250 1.00000
vt 0.87500 0.00000
vt 0.87500 0.12500
vt 0.87500 0.25000
vt 0.87500 0.37500
vt 0.87500 0.50000
vt 0.87500 0.62500
vt 0.87500 0.75000
vt 0.87500 0.87500
vt 0.87500 1.00000
vt 0.93750 0.00000
vt 0.93750 0.12500
vt 0.93750 0.25000
vt 0.93750 0.37500
vt 0.93750 0.50000
vt 0.93750 0.62500
vt 0.93750 0.75000
vt 0.93750 0.87500
vt 0.93750 1.00000
vt 1.00000 0.00000
vt 1.00000 0.12500
vt 1.00000 0.25000
vt 1.00000 0.37500
vt 1.00000 0.50000
vt 1.00000 0.62500
vt 1.00000 0.75000
vt 1.00000 0.87500
vt 1.00000 1.00000
vt 0.00000 0.00000
vt 0.00000 0.05000
vt 0.00000 0.10000
vt 0.00000 0.15000
vt 0.00000 0.20000
vt 0.00000 0.25000
vt 0.00000 0.30000
vt 0.00000 0.35000
vt 0.00000 0.40000
vt 0.00000 0.45000
vt 0.00000 0.50000
vt 0.00000 0.55000
vt 0.00000 0.60000
vt 0.00000 0.65000
vt 0.00000 0.70000
vt 0.00000 0.75000
vt 0.00000 0.80000
vt 0.00000 0.85000
vt 0.00000 0.90000
vt 0.00000 0.95000
vt 0.00000 1.00000
vt 0.03333 0.00000
vt 0.03333 0.05000
vt 0.03333 0.10000
vt 0.03333 0.15000
vt 0.03333 0.20000
vt 0.03333 0.25000
vt 0.03333 0.30000
vt 0.03333 0.35000
vt 0.03333 0.40000
vt 0.03333 0.45000
vt 0.03333 0.50000
vt 0.03333 0.55000
vt 0.03333 0.60000
vt 0.03333 0.65000
vt 0.03333 0.70000
vt 0.03333 0.75000
vt 0.03333 0.80000
vt 0.03333 0.85000
vt 0.03333 0.90000
vt 0.03333 0.95000
vt 0.03333 1.00000
vt 0.06667 0.00000
vt 0.06667 0.05000
vt 0.06667 0.10000
vt 0.06667 0.15000
vt 0.06667 0.20000
vt 0.06667 0.25000
vt 0.06667 0.30000
vt 0.06667 0.35000
vt 0.06667 0.40000
vt 0.06667 0.45000
vt 0.06667 0.50000
vt 0.06667 0.55000
vt 0.06667 0.60000
vt 0.06667 0.65000
vt 0.06667 0.70000
vt 0.06667 0.75000
vt 0.06667 0.80000
vt 0.06667 0.85000
vt 0.06667 0.90000
vt 0.06667 0.95000
vt 0.06667 1.00000
vt 0.10000 0.00000
vt 0.10000 0.05000
vt 0.10000 0.10000
vt 0.10000 0.15000
vt 0.10000 0.20000
vt 0.10000 0.25000
vt 0.10000 0.30000
vt 0.10000 0.35000
vt 0.10000 0.40000
vt 0.10000 0.45000
vt 0.10000 0.50000
vt 0.10000 0.55000
vt 0.10000 0.60000
vt 0.10000 0.65000
vt 0.10000 0.70000
vt 0.10000 0.75000
vt 0.10000 0.80000
vt 0.10000 0.85000
vt 0.10000 0.90000
vt 0.10000 0.95000
vt 0.10000 1.00000
vt 0.13333 0.00000
vt 0.13333 0.05000
vt 0.13333 0.10000
vt 0.13333 0.15000
vt 0.13333 0.20000
vt 0.13333 0.25000
vt 0.13333 0.30000
vt 0.13333 0.35000
vt 0.13333 0.40000
vt 0.13333 0.45000
vt 0.13333 0.50000
vt 0.13333 0.55000
vt 0.13333 0.60000
vt 0.13333 0.65000
vt 0.13333 0.70000
vt 0.13333 0.75000
vt 0.13333 0.80000
vt 0.13333 0.85000
vt 0.13333 0.90000
vt 0.13333 0.95000
vt 0.13333 1.00000
vt 0.16667 0.00000
vt 0.16667 0.05000
vt 0.16667 0.10000
vt 0.16667 0.15000
vt 0.16667 0.20000
vt 0.16667 0.25000
vt 0.16667 0.30000
vt 0.16667 0.35000
vt 0.16667 0.40000
vt 0.16667 0.45000
vt 0.16667 0.50000
vt 0.16667 0.55000
vt 0.16667 0.60000
vt 0.16667 0.65000
vt 0.16667 0.70000
vt 0.16667 0.75000
vt 0.16667 0.80000
vt 0.16667 0.85000
vt 0.16667 0.90000
vt 0.16667 0.95000
vt 0.16667 1.00000
vt 0.20000 0.00000
vt 0.20000 0.05000
vt 0.20000 0.10000
vt 0.20000 0.15000
vt 0.20000 0.20000
vt 0.20000 0.25000
vt 0.20000 0.30000
vt 0.20000 0.35000
vt 0.20000 0.40000
vt 0.20000 0.45000
vt 0.20000 0.50000
vt 0.20000 0.55000
vt 0.20000 0.60000
vt 0.20000 0.65000
vt 0.20000 0.70000
vt 0.20000 0.75000
vt 0.20000 0.80000
vt 0.20000 0.85000
vt 0.20000 0.90000
vt 0.20000 0.95000
vt 0.20000 1.00000
vt 0.23333 0.00000
vt 0.23333 0.05000
vt 0.23333 0.10000
vt 0.23333 0.15000
vt 0.23333 0.20000
vt 0.23333 0.25000
vt 0.23333 0.30000
vt 0.23333 0.35000
vt 0.23333 0.40000
vt 0.23333 0.45000
vt 0.23333 0.50000
vt 0.23333 0.55000
vt 0.23333 0.60000
vt 0.23333 0.65000
vt 0.23333 0.70000
vt 0.23333 0.75000
vt 0.23333 0.80000
vt 0.23333 0.85000
vt 0.23333 0.90000
vt 0.23333 0.95000
vt 0.23333 1.00000
vt 0.26667 0.00000
vt 0.26667 0.05000
vt 0.26667 0.10000
vt 0.26667 0.15000
vt 0.26667 0.20000
vt 0.26667 0.25000
vt 0.26667 0.30000
vt 0.26667 0.35000
vt 0.26667 0.40000
vt 0.26667 0.45000
vt 0.26667 0.50000
vt 0.26667 0.55000
vt 0.26667 0.60000
vt 0.26667 0.65000
vt 0.26667 0.70000
vt 0.26667 0.75000
vt 0.26667 0.80000
vt 0.26667 0.85000
vt 0.26667 0.90000
vt 0.26667 0.95000
vt 0.26667 1.00000
vt 0.30000 0.00000
vt 0.30000 0.05000
vt 0.30000 0.10000
vt 0.30000 0.15000
vt 0.30000 0.20000
vt 0.30000 0.25000
vt 0.30000 0.30000
vt 0.30000 0.35000
vt 0.30000 0.40000
vt 0.30000 0.45000
vt 0.30000 0.50000
vt 0.30000 0.55000
vt 0.30000 0.60000
vt 0.30000 0.65000
vt 0.30000 0.70000
vt 0.30000 0.75000
vt 0.30000 0.80000
vt 0.30000 0.85000
vt 0.30000 0.90000
vt 0.30000 0.95000
vt 0.30000 1.00000
vt 0.33333 0.00000
vt 0.33333 0.05000
vt 0.33333 0.10000
vt 0.33333 0.15000
vt 0.33333 0.20000
vt 0.33333 0.25000
vt 0.33333 0.30000
vt 0.33333 0.35000
vt 0.33333 0.40000
vt 0.33333 0.45000
vt 0.33333 0.50000
vt 0.33333 0.55000
vt 0.33333 0.60000
vt 0.33333 0.65000
vt 0.33333 0.70000
vt 0.33333 0.75000
vt 0.33333 0.80000
vt 0.33333 0.85000
vt 0.33333 0.90000
vt 0.33333 0.95000
vt 0.33333 1.00000
vt 0.36667 0.00000
vt 0.36667 0.05000
vt 0.36667 0.10000
vt 0.36667 0.15000
vt 0.36667 0.20000
vt 0.36667 0.25000
vt 0.36667 0.30000
vt 0.36667 0.35000
vt 0.36667 0.40000
vt 0.36667 0.45000
vt 0.36667 0.50000
vt 0.36667 0.55000
vt 0.36667 0.60000
vt 0.36667 0.65000
vt 0.36667 0.70000
vt 0.36667 0.75000
vt 0.36667 0.80000
vt 0.36667 0.85000
vt 0.36667 0.90000
vt 0.36667 0.95000
vt 0.36667 1.00000
vt 0.40000 0.00000
vt 0.40000 0.05000
vt 0.40000 0.10000
vt 0.40000 0.15000
vt 0.40000 0.20000
vt 0.40000 0.25000
vt 0.40000 0.30000
vt 0.40000 0.35000
vt 0.40000 0.40000
vt 0.40000 0.45000
vt 0.40000 0.50000
vt 0.40000 0.55000
vt 0.40000 0.60000
vt 0.40000 0.65000
vt 0.40000 0.70000
vt 0.40000 0.75000
vt 0.40000 0.80000
vt 0.40000 0.85000
vt 0.40000 0.90000
vt 0.40000 0.95000
vt 0.40000 1.00000
vt 0.43333 0.00000
vt 0.43333 0.05000
vt 0.43333 0.10000
vt 0.43333 0.15000
vt 0.43333 0.20000
vt 0.43333 0.25000
vt 0.43333 0.30000
vt 0.43333 0.35000
vt 0.43333 0.40000
vt 0.43333 0.45000
vt 0.43333 0.50000
vt 0.43333 0.55000
vt 0.43333 0.60000
vt 0.43333 0.65000
vt 0.43333 0.70000
vt 0.43333 0.75000
vt 0.43333 0.80000
vt 0.43333 0.85000
vt 0.43333 0.90000
vt 0.43333 0.95000
vt 0.43333 1.00000
vt 0.46667 0.00000
vt 0.46667 0.05000
vt 0.46667 0.10000
vt 0.46667 0.15000
vt 0.46667 0.20000
vt 0.46667 0.25000
vt 0.46667 0.30000
vt 0.46667 0.35000
vt 0.46667 0.40000
vt 0.46667 0.45000
vt 0.46667 0.50000
vt 0.46667 0.55000
vt 0.46667 0.60000
vt 0.46667 0.65000
vt 0.46667 0.70000
vt 0.46667 0.75000
vt 0.46667 0.80000
vt 0.46667 0.85000
vt 0.46667 0.90000
vt 0.46667 0.95000
vt 0.46667 1.00000
vt 0.50000 0.00000
vt 0.50000 0.05000
vt 0.50000 0.10000
vt 0.50000 0.15000
vt 0.50000 0.20000
vt 0.50000 0.25000
vt 0.50000 0.30000
vt 0.50000 0.35000
vt 0.50000 0.40000
vt 0.50000 0.45000
vt 0.50000 0.50000
vt 0.50000 0.55000
vt 0.50000 0.60000
vt 0.50000 0.65000
vt 0.50000 0.70000
vt 0.50000 0.75000
vt 0.50000 0.80000
vt 0.50000 0.85000
vt 0.50000 0.90000
vt 0.50000 0.95000
vt 0.50000 1.00000
vt 0.53333 0.00000
vt 0.53333 0.05000
vt 0.53333 0.10000
vt 0.53333 0.15000
vt 0.53333 0.20000
vt 0.53333 0.25000
vt 0.53333 0.30000
vt 0.53333 0.35000
vt 0.53333 0.40000
vt 0.53333 0.45000
vt 0.53333 0.50000
vt 0.53333 0.55000
vt 0.53333 0.60000
vt 0.53333 0.65000
vt 0.53333 0.70000
vt 0.53333 0.75000
vt 0.53333 0.80000
vt 0.53333 0.85000
vt 0.53333 0.90000
vt 0.53333 0.95000
vt 0.53333 1.00000
vt 0.56667 0.00000
vt 0.56667 0.05000
vt 0.56667 0.10000
vt 0.56667 0.15000
vt 0.56667 0.20000
vt 0.56667 0.25000
vt 0.56667 0.30000
vt 0.56667 0.35000
vt 0.56667 0.40000
vt 0.56667 0.45000
vt 0.56667 0.50000
vt 0.56667 0.55000
vt 0.56667 0.60000
vt 0.56667 0.65000
vt 0.56667 0.70000
vt 0.56667 0.75000
vt 0.56667 0.80000
vt 0.56667 0.85000
vt 0.56667 0.90000
vt 0.56667 0.95000
vt 0.56667 1.00000
vt 0.60000 0.00000
vt 0.60000 0.05000
vt 0.60000 0.10000
vt 0.60000 0.15000
vt 0.60000 0.20000
vt 0.60000 0.25000
vt 0.60000 0.30000
vt 0.60000 0.35000
vt 0.60000 0.40000
vt 0.60000 0.45000
vt 0.60000 0.50000
vt 0.60000 0.55000
vt 0.60000 0.60000
vt 0.60000 0.65000
vt 0.60000 0.70000
vt 0.60000 0.75000
vt 0.60000 0.80000
vt 0.60000 0.85000
vt 0.60000 0.90000
vt 0.60000 0.95000
vt 0.60000 1.00000
vt 0.63333 0.00000
vt 0.63333 0.05000
vt 0.63333 0.10000
vt 0.63333 0.15000
vt 0.63333 0.20000
vt 0.63333 0.25000
vt 0.63333 0.30000
vt 0.63333 0.35000
vt 0.63333 0.40000
vt 0.63333 0.45000
vt 0.63333 0.50000
vt 0.63333 0.55000
vt 0.63333 0.60000
vt 0.63333 0.65000
vt 0.63333 0.70000
vt 0.63333 0.75000
vt 0.63333 0.80000
vt 0.63333 0.85000
vt 0.63333 0.90000
vt 0.63333 0.95000
vt 0.63333 1.00000
vt 0.66667 0.00000
vt 0.66667 0.05000
vt 0.66667 0.10000
vt 0.66667 0.15000
vt 0.66667 0.20000
vt 0.66667 0.25000
vt 0.66667 0.30000
vt 0.66667 0.35000
vt 0.66667 0.40000
vt 0.66667 0.45000
vt 0.66667 0.50000
vt 0.66667 0.55000
vt 0.66667 0.60000
vt 0.66667 0.65000
vt 0.66667 0.70000
vt 0.66667 0.75000
vt 0.66667 0.80000
vt 0.66667 0.85000
vt 0.66667 0.90000
vt 0.66667 0.95000
vt 0.66667 1.00000
vt 0.70000 0.00000
vt 0.70000 0.05000
vt 0.70000 0.10000
vt 0.70000 0.15000
vt 0.70000 0.20000
vt 0.70000 0.25000
vt 0.70000 0.30000
vt 0.70000 0.35000
vt 0.70000 0.40000
vt 0.70000 0.45000
vt 0.70000 0.50000
vt 0.70000 0.55000
vt 0.70000 0.60000
vt 0.70000 0.65000
vt 0.70000 0.70000
vt 0.70000 0.75000
vt 0.70000 0.80000
vt 0.70000 0.85000
vt 0.70000 0.90000
vt 0.70000 0.95000
vt 0.70000 1.00000
vt 0.73333 0.00000
vt 0.73333 0.05000
vt 0.73333 0.10000
vt 0.73333 0.15000
vt 0.73333 0.20000
vt 0.73333 0.25000
vt 0.73333 0.30000
vt 0.73333 0.35000
vt 0.73333 0.40000
vt 0.73333 0.45000
vt 0.73333 0.50000
vt 0.73333 0.55000
vt 0.73333 0.60000
vt 0.73333 0.65000
vt 0.73333 0.70000
vt 0.73333 0.75000
vt 0.73333 0.80000
vt 0.73333 0.85000
vt 0.73333 0.90000
vt 0.73333 0.95000
vt 0.73333 1.00000
vt 0.76667 0.00000
vt 0.76667 0.05000
vt 0.76667 0.10000
vt 0.76667 0.15000
vt 0.76667 0.20000
vt 0.76667 0.25000
vt 0.76667 0.30000
vt 0.76667 0.35000
vt 0.76667 0.40000
vt 0.76667 0.45000
vt 0.76667 0.50000
vt 0.76667 0.55000
vt 0.76667 0.60000
vt 0.76667 0.65000
vt 0.76667 0.70000
vt 0.76667 0.75000
vt 0.76667 0.80000
vt 0.76667 0.85000
vt 0.76667 0.90000
vt 0.76667 0.95000
vt 0.76667 1.00000
vt 0.80000 0.00000
vt 0.80000 0.05000
vt 0.80000 0.10000
vt 0.80000 0.15000
vt 0.80000 0.20000
vt 0.80000 0.25000
vt 0.80000 0.30000
vt 0.80000 0.35000
vt 0.80000 0.40000
vt 0.80000 0.45000
vt 0.80000 0.50000
vt 0.80000 0.55000
vt 0.80000 0.60000
vt 0.80000 0.65000
vt 0.80000 0.70000
vt 0.80000 0.75000
vt 0.80000 0.80000
vt 0.80000 0.85000
vt 0.80000 0.90000
vt 0.80000 0.95000
vt 0.80000 1.00000
vt 0.83333 0.00000
vt 0.83333 0.05000
vt 0.83333 0.10000
vt 0.83333 0.15000
vt 0.83333 0.20000
vt 0.83333 0.25000
vt 0.83333 0.30000
vt 0.83333 0.35000
vt 0.83333 0.40000
vt 0.83333 0.45000
vt 0.83333 0.50000
vt 0.83333 0.55000
vt 0.83333 0.60000
vt 0.83333 0.65000
vt 0.83333 0.70000
vt 0.83333 0.75000
vt 0.83333 0.80000
vt 0.83333 0.85000
vt 0.83333 0.90000
vt 0.83333 0.95000
vt 0.83333 1.00000
vt 0.86667 0.00000
vt 0.86667 0.05000
vt 0.86667 0.10000
vt 0.86667 0.15000
vt 0.86667 0.20000
vt 0.86667 0.25000
vt 0.86667 0.30000
vt 0.86667 0.35000
vt 0.86667 0.40000
vt 0.86667 0.45000
vt 0.86667 0.50000
vt 0.86667 0.55000
vt 0.86667 0.60000
vt 0.86667 0.65000
vt 0.86667 0.70000
vt 0.86667 0.75000
vt 0.86667 0.80000
vt 0.86667 0.85000
vt 0.86667 0.90000
vt 0.86667 0.95000
vt 0.86667 1.00000
vt 0.90000 0.00000
vt 0.90000 0.05000
vt 0.90000 0.10000
vt 0.90000 0.15000
vt 0.90000 0.20000
vt 0.90000 0.25000
vt 0.90000 0.30000
vt 0.90000 0.35000
vt 0.90000 0.40000
vt 0.90000 0.45000
vt 0.90000 0.50000
vt 0.90000 0.55000
vt 0.90000 0.60000
vt 0.90000 0.65000
vt 0.90000 0.70000
vt 0.90000 0.75000
vt 0.90000 0.80000
vt 0.90000 0.85000
vt 0.90000 0.90000
vt 0.90000 0.95000
vt 0.90000 1.00000
vt 0.93333 0.00000
vt 0.93333 0.05000
vt 0.93333 0.10000
vt 0.93333 0.15000
vt 0.93333 0.20000
vt 0.93333 0.25000
vt 0.93333 0.30000
vt 0.93333 0.35000
vt 0.93333 0.40000
vt 0.93333 0.45000
vt 0.93333 0.50000
vt 0.93333 0.55000
vt 0.93333 0.60000
vt 0.93333 0.65000
vt 0.93333 0.70000
vt 0.93333 0.75000
vt 0.93333 0.80000
vt 0.93333 0.85000
vt 0.93333 0.90000
vt 0.93333 0.95000
vt 0.93333 1.00000
vt 0.96667 0.00000
vt 0.96667 0.05000
vt 0.96667 0.10000
vt 0.96667 0.15000
vt 0.96667 0.20000
vt 0.96667 0.25000
vt 0.96667 0.30000
vt 0.96667 0.35000
vt 0.96667 0.40000
vt 0.96667 0.45000
vt 0.96667 0.50000
vt 0.96667 0.55000
vt 0.96667 0.60000
vt 0.96667 0.65000
vt 0.96667 0.70000
vt 0.96667 0.75000
vt 0.96667 0.80000
vt 0.96667 0.85000
vt 0.96667 0.90000
vt 0.96667 0.95000
vt 0.96667 1.00000
vt 1.00000 0.00000
vt 1.00000 0.05000
vt 1.00000 0.10000
vt 1.00000 0.15000
vt 1.00000 0.20000
vt 1.00000 0.25000
vt 1.00000 0.30000
vt 1.00000 0.35000
vt 1.00000 0.40000
vt 1.00000 0.45000
vt 1.00000 0.50000
vt 1.00000 0.55000
vt 1.00000 0.60000
vt 1.00000 0.65000
vt 1.00000 0.70000
vt 1.00000 0.75000
vt 1.00000 0.80000
vt 1.00000 0.85000
vt 1.00000 0.90000
vt 1.00000 0.95000
vt 1.00000 1.00000
vt 0.00000 0.00000
vt 0.00000 0.12500
vt 0.00000 0.25000
vt 0.00000 0.37500
vt 0.00000 0.50000
vt 0.00000 0.62500
vt 0.00000 0.75000
vt 0.00000 0.87500
vt 0.00000 1.00000
vt 0.06250 0.00000
vt 0.06250 0.12500
vt 0.06250 0.25000
vt 0.06250 0.37500
vt 0.06250 0.50000
vt 0.06250 0.62500
vt 0.06250 0.75000
vt 0.06250 0.87500
vt 0.06250 1.00000
vt 0.12500 0.00000
vt 0.12500 0.12500
vt 0.12500 0.25000
vt 0.12500 0.37500
vt 0.12500 0.50000
vt 0.12500 0.62500
vt 0.12500 0.75000
vt 0.12500 0.87500
vt 0.12500 1.00000
vt 0.18750 0.00000
vt 0.18750 0.12500
vt 0.18750 0.25000
vt 0.18750 0.37500
vt 0.18750 0.50000
vt 0.18750 0.62500
vt 0.18750 0.75000
vt 0.18750 0.87500
vt 0.18750 1.00000
vt 0.25000 0.00000
vt 0.25000 0.12500
vt 0.25000 0.25000
vt 0.25000 0.37500
vt 0.25000 0.50000
vt 0.25000 0.62500
vt 0.25000 0.75000
vt 0.25000 0.87500
vt 0.25000 1.00000
vt 0.31250 0.00000
vt 0.31250 0.12500
vt 0.31250 0.25000
vt 0.31250 0.37500
vt 0.31250 0.50000
vt 0.31250 0.62500
vt 0.31250 0.75000
vt 0.31250 0.87500
vt 0.31250 1.00000
vt 0.37500 0.00000
vt 0.37500 0.12500
vt 0.37500 0.25000
vt 0.37500 0.37500
vt 0.37500 0.50000
vt 0.37500 0.62500
vt 0.37500 0.75000
vt 0.37500 0.87500
vt 0.37500 1.00000
vt 0.43750 0.00000
vt 0.43750 0.12500
vt 0.43750 0.25000
vt 0.43750 0.37500
vt 0.43750 0.50000
vt 0.43750 0.62500
vt 0.43750 0.75000
vt 0.43750 0.87500
vt 0.43750 1.00000
vt 0.50000 0.00000
vt 0.50000 0.12500
vt 0.50000 0.25000
vt 0.50000 0.37500
vt 0.50000 0.50000
vt 0.50000 0.62500
vt 0.50000 0.75000
vt 0.50000 0.87500
vt 0.50000 1.00000
vt 0.56250 0.00000
vt 0.56250 0.12500
vt 0.56250 0.25000
vt 0.56250 0.37500
vt 0.56250 0.50000
vt 0.56250 0.62500
vt 0.56250 0.75000
vt 0.56250 0.87500
vt 0.56250 1.00000
vt 0.62500 0.00000
vt 0.62500 0.12500
vt 0.62500 0.25000
vt 0.62500 0.37500
vt 0.62500 0.50000
vt 0.62500 0.62500
vt 0.62500 0.75000
vt 0.62500 0.87500
vt 0.62500 1.00000
vt 0.68750 0.00000
vt 0.68750 0.12500
vt 0.68750 0.25000
vt 0.68750 0.37500
vt 0.68750 0.50000
vt 0.68750 0.62500
vt 0.68750 0.75000
vt 0.68750 0.87500
vt 0.68750 1.00000
vt 0.75000 0.00000
vt 0.75000 0.12500
vt 0.75000 0.25000
vt 0.75000 0.37500
vt 0.75000 0.50000
vt 0.75000 0.62500
vt 0.75000 0.75000
vt 0.75000 0.87500
vt 0.75000 1.00000
vt 0.81250 0.00000
vt 0.81250 0.12500
vt 0.81250 0.25000
vt 0.81250 0.37500
vt 0.81250 0.50000
vt 0.81250 0.62500
vt 0.81250 0.75000
vt 0.81250 0.87500
vt 0.81250 1.00000
vt 0.87500 0.00000
vt 0.87500 0.12500
vt 0.87500 0.25000
vt 0.87500 0.37500
vt 0.87500 0.50000
vt 0.87500 0.62500
vt 0.87500 0.75000
vt 0.87500 0.87500
vt 0.87500 1.00000
vt 0.93750 0.00000
vt 0.93750 0.12500
vt 0.93750 0.25000
vt 0.93750 0.37500
vt 0.93750 0.50000
vt 0.93750 0.62500
vt 0.93750 0.75000
vt 0.93750 0.87500
vt 0.93750 1.00000
vt 1.00000 0.00000
vt 1.00000 0.12500
vt 1.00000 0.25000
vt 1.00000 0.37500
vt 1.00000 0.50000
vt 1.00000 0.62500
vt 1.00000 0.75000
vt 1.00000 0.87500
vt 1.00000 1.00000
vt 0.00000 0.00000
vt 0.00000 0.05000
vt 0.00000 0.10000
vt 0.00000 0.15000
vt 0.00000 0.20000
vt 0.00000 0.25000
vt 0.00000 0.30000
vt 0.00000 0.35000
vt 0.00000 0.40000
vt 0.00000 0.45000
vt 0.00000 0.50000
vt 0.00000 0.55000
vt 0.00000 0.60000
vt 0.00000 0.65000
vt 0.00000 0.70000
vt 0.00000 0.75000
vt 0.00000 0.80000
vt 0.00000 0.85000
vt 0.00000 0.90000
vt 0.00000 0.95000
vt 0.00000 1.00000
vt 0.03333 0.00000
vt 0.03333 0.05000
vt 0.03333 0.10000
vt 0.03333 0.15000
vt 0.03333 0.20000
vt 0.03333 0.25000
vt 0.03333 0.30000
vt 0.03333 0.35000
vt 0.03333 0.40000
vt 0.03333 0.45000
vt 0.03333 0.50000
vt 0.03333 0.55000
vt 0.03333 0.60000
vt 0.03333 0.65000
vt 0.03333 0.70000
vt 0.03333 0.75000
vt 0.03333 0.80000
vt 0.03333 0.85000
vt 0.03333 0.90000
vt 0.03333 0.95000
vt 0.03333 1.00000
vt 0.06667 0.00000
vt 0.06667 0.05000
vt 0.06667 0.10000
vt 0.06667 0.15000
vt 0.06667 0.20000
vt 0.06667 0.25000
vt 0.06667 0.30000
vt 0.06667 0.35000
vt 0.06667 0.40000
vt 0.06667 0.45000
vt 0.06667 0.50000
vt 0.06667 0.55000
vt 0.06667 0.60000
vt 0.06667 0.65000
vt 0.06667 0.70000
vt 0.06667 0.75000
vt 0.06667 0.80000
vt 0.06667 0.85000
vt 0.06667 0.90000
vt 0.06667 0.95000
vt 0.06667 1.00000
vt 0.10000 0.00000
vt 0.10000 0.05000
vt 0.10000 0.10000
vt 0.10000 0.15000
vt 0.10000 0.20000
vt 0.10000 0.25000
vt 0.10000 0.30000
vt 0.10000 0.35000
vt 0.10000 0.40000
vt 0.10000 0.45000
vt 0.10000 0.50000
vt 0.10000 0.55000
vt 0.10000 0.60000
vt 0.10000 0.65000
vt 0.10000 0.70000
vt 0.10000 0.75000
vt 0.10000 0.80000
vt 0.10000 0.85000
vt 0.10000 0.90000
vt 0.10000 0.95000
vt 0.10000 1.00000
vt 0.13333 0.00000
vt 0.13333 0.05000
vt 0.13333 0.10000
vt 0.13333 0.15000
vt 0.13333 0.20000
vt 0.13333 0.25000
vt 0.13333 0.30000
vt 0.13333 0.35000
vt 0.13333 0.40000
vt 0.13333 0.45000
vt 0.13333 0.50000
vt 0.13333 0.55000
vt 0.13333 0.60000
vt 0.13333 0.65000
vt 0.13333 0.70000
vt 0.13333 0.75000
vt 0.13333 0.80000
vt 0.13333 0.85000
vt 0.13333 0.90000
vt 0.13333 0.95000
vt 0.13333 1.00000
vt 0.16667 0.00000
vt 0.16667 0.05000
vt 0.16667 0.10000
vt 0.16667 0.15000
vt 0.16667 0.20000
vt 0.16667 0.25000
vt 0.16667 0.30000
vt 0.16667 0.35000
vt 0.16667 0.40000
vt 0.16667 0.45000
vt 0.16667 0.50000
vt 0.16667 0.55000
vt 0.16667 0.60000
vt 0.16667 0.65000
vt 0.16667 0.70000
vt 0.16667 0.75000
vt 0.16667 0.80000
vt 0.16667 0.85000
vt 0.16667 0.90000
vt 0.16667 0.95000
vt 0.16667 1.00000
vt 0.20000 0.00000
vt 0.20000 0.05000
vt 0.20000 0.10000
vt 0.20000 0.15000
vt 0.20000 0.20000
vt 0.20000 0.25000
vt 0.20000 0.30000
vt 0.20000 0.35000
vt 0.20000 0.40000
vt 0.20000 0.45000
vt 0.20000 0.50000
vt 0.20000 0.55000
vt 0.20000 0.60000
vt 0.20000 0.65000
vt 0.20000 0.70000
vt 0.20000 0.75000
vt 0.20000 0.80000
vt 0.20000 0.85000
vt 0.20000 0.90000
vt 0.20000 0.95000
vt 0.20000 1.00000
vt 0.23333 0.00000
vt 0.23333 0.05000
vt 0.23333 0.10000
vt 0.23333 0.15000
vt 0.23333 0.20000
vt 0.23333 0.25000
vt 0.23333 0.30000
vt 0.23333 0.35000
vt 0.23333 0.40000
vt 0.23333 0.45000
vt 0.23333 0.50000
vt 0.23333 0.55000
vt 0.23333 0.60000
vt 0.23333 0.65000
vt 0.23333 0.70000
vt 0.23333 0.75000
vt 0.23333 0.80000
vt 0.23333 0.85000
vt 0.23333 0.90000
vt 0.23333 0.95000
vt 0.23333 1.00000
vt 0.26667 0.00000
vt 0.26667 0.05000
vt 0.26667 0.10000
vt 0.26667 0.15000
vt 0.26667 0.20000
vt 0.26667 0.25000
vt 0.26667 0.30000
vt 0.26667 0.35000
vt 0.26667 0.40000
vt 0.26667 0.45000
vt 0.26667 0.50000
vt 0.26667 0.55000
vt 0.26667 0.60000
vt 0.26667 0.65000
vt 0.26667 0.70000
vt 0.26667 0.75000
vt 0.26667 0.80000
vt 0.26667 0.85000
vt 0.26667 0.90000
vt 0.26667 0.95000
vt 0.26667 1.00000
vt 0.30000 0.00000
vt 0.30000 0.05000
vt 0.30000 0.10000
vt 0.30000 0.15000
vt 0.30000 0.20000
vt 0.30000 0.25000
vt 0.30000 0.30000
vt 0.30000 0.35000
vt 0.30000 0.40000
vt 0.30000 0.45000
vt 0.30000 0.50000
vt 0.30000 0.55000
vt 0.30000 0.60000
vt 0.30000 0.65000
vt 0.30000 0.70000
vt 0.30000 0.75000
vt 0.30000 0.80000
vt 0.30000 0.85000
vt 0.30000 0.90000
vt 0.30000 0.95000
vt 0.30000 1.00000
vt 0.33333 0.00000
vt 0.33333 0.05000
vt 0.33333 0.10000
vt 0.33333 0.15000
vt 0.33333 0.20000
vt 0.33333 0.25000
vt 0.33333 0.30000
vt 0.33333 0.35000
vt 0.33333 0.40000
vt 0.33333 0.45000
vt 0.33333 0.50000
vt 0.33333 0.55000
vt 0.33333 0.60000
vt 0.33333 0.65000
vt 0.33333 0.70000
vt 0.33333 0.75000
vt 0.33333 0.80000
vt 0.33333 0.85000
vt 0.33333 0.90000
vt 0.33333 0.95000
vt 0.33333 1.00000
vt 0.36667 0.00000
vt 0.36667 0.05000
vt 0.36667 0.10000
vt 0.36667 0.15000
vt 0.36667 0.20000
vt 0.36667 0.25000
vt 0.36667 0.30000
vt 0.36667 0.35000
vt 0.36667 0.40000
vt 0.36667 0.45000
vt 0.36667 0.50000
vt 0.36667 0.55000
vt 0.36667 0.60000
vt 0.36667 0.65000
vt 0.36667 0.70000
vt 0.36667 0.75000
vt 0.36667 0.80000
vt 0.36667 0.85000
vt 0.36667 0.90000
vt 0.36667 0.95000
vt 0.36667 1.00000
vt 0.40000 0.00000
vt 0.40000 0.05000
vt 0.40000 0.10000
vt 0.40000 0.15000
vt 0.40000 0.20000
vt 0.40000 0.25000
vt 0.40000 0.30000
vt 0.40000 0.35000
vt 0.40000 0.40000
vt 0.40000 0.45000
vt 0.40000 0.50000
vt 0.40000 0.55000
vt 0.40000 0.60000
vt 0.40000 0.65000
vt 0.40000 0.70000
vt 0.40000 0.75000
vt 0.40000 0.80000
vt 0.40000 0.85000
vt 0.40000 0.90000
vt 0.40000 0.95000
vt 0.40000 1.00000
vt 0.43333 0.00000
vt 0.43333 0.05000
vt 0.43333 0.10000
vt 0.43333 0.15000
vt 0.43333 0.20000
vt 0.43333 0.25000
vt 0.43333 0.30000
vt 0.43333 0.35000
vt 0.43333 0.40000
vt 0.43333 0.45000
vt 0.43333 0.50000
vt 0.43333 0.55000
vt 0.43333 0.60000
vt 0.43333 0.65000
vt 0.43333 0.70000
vt 0.43333 0.75000
vt 0.43333 0.80000
vt 0.43333 0.85000
vt 0.43333 0.90000
vt 0.43333 0.95000
vt 0.43333 1.00000
vt 0.46667 0.00000
vt 0.46667 0.05000
vt 0.46667 0.10000
vt 0.46667 0.15000
vt 0.46667 0.20000
vt 0.46667 0.25000
vt 0.46667 0.30000
vt 0.46667 0.35000
vt 0.46667 0.40000
vt 0.46667 0.45000
vt 0.46667 0.50000
vt 0.46667 0.55000
vt 0.46667 0.60000
vt 0.46667 0.65000
vt 0.46667 0.70000
vt 0.46667 0.75000
vt 0.46667 0.80000
vt 0.46667 0.85000
vt 0.46667 0.90000
vt 0.46667 0.95000
vt 0.46667 1.00000
vt 0.50000 0.00000
vt 0.50000 0.05000
vt 0.50000 0.10000
vt 0.50000 0.15000
vt 0.50000 0.20000
vt 0.50000 0.25000
vt 0.50000 0.30000
vt 0.50000 0.35000
vt 0.50000 0.40000
vt 0.50000 0.45000
vt 0.50000 0.50000
vt 0.50000 0.55000
vt 0.50000 0.60000
vt 0.50000 0.65000
vt 0.50000 0.70000
vt 0.50000 0.75000
vt 0.50000 0.80000
vt 0.50000 0.85000
vt 0.50000 0.90000
vt 0.50000 0.95000
vt 0.50000 1.00000
vt 0.53333 0.00000
vt 0.53333 0.05000
vt 0.53333 0.10000
vt 0.53333 0.15000
vt 0.53333 0.20000
vt 0.53333 0.25000
vt 0.53333 0.30000
vt 0.53333 0.35000
vt 0.53333 0.40000
vt 0.53333 0.45000
vt 0.53333 0.50000
vt 0.53333 0.55000
vt 0.53333 0.60000
vt 0.53333 0.65000
vt 0.53333 0.70000
vt 0.53333 0.75000
vt 0.53333 0.80000
vt 0.53333 0.85000
vt 0.53333 0.90000
vt 0.53333 0.95000
vt 0.53333 1.00000
vt 0.56667 0.00000
vt 0.56667 0.05000
vt 0.56667 0.10000
vt 0.56667 0.15000
vt 0.56667 0.20000
vt 0.56667 0.25000
vt 0.56667 0.30000
vt 0.56667 0.35000
vt 0.56667 0.40000
vt 0.56667 0.45000
vt 0.56667 0.50000
vt 0.56667 0.55000
vt 0.56667 0.60000
vt 0.56667 0.65000
vt 0.56667 0.70000
vt 0.56667 0.75000
vt 0.56667 0.80000
vt 0.56667 0.85000
vt 0.56667 0.90000
vt 0.56667 0.95000
vt 0.56667 1.00000
vt 0.60000 0.00000
vt 0.60000 0.05000
vt 0.60000 0.10000
vt 0.60000 0.15000
vt 0.60000 0.20000
vt 0.60000 0.25000
vt 0.60000 0.30000
vt 0.60000 0.35000
vt 0.60000 0.40000
vt 0.60000 0.45000
vt 0.60000 0.50000
vt 0.60000 0.55000
vt 0.60000 0.60000
vt 0.60000 0.65000
vt 0.60000 0.70000
vt 0.60000 0.75000
vt 0.60000 0.80000
vt 0.60000 0.85000
vt 0.60000 0.90000
vt 0.60000 0.95000
vt 0.60000 1.00000
vt 0.63333 0.00000
vt 0.63333 0.05000
vt 0.63333 0.10000
vt 0.63333 0.15000
vt 0.63333 0.20000
vt 0.63333 0.25000
vt 0.63333 0.30000
vt 0.63333 0.35000
vt 0.63333 0.40000
vt 0.63333 0.45000
vt 0.63333 0.50000
vt 0.63333 0.55000
vt 0.63333 0.60000
vt 0.63333 0.65000
vt 0.63333 0.70000
vt 0.63333 0.75000
vt 0.63333 0.80000
vt 0.63333 0.85000
vt 0.63333 0.90000
vt 0.63333 0.95000
vt 0.63333 1.00000
vt 0.66667 0.00000
vt 0.66667 0.05000
vt 0.66667 0.10000
vt 0.66667 0.15000
vt 0.66667 0.20000
vt 0.66667 0.25000
vt 0.66667 0.30000
vt 0.66667 0.35000
vt 0.66667 0.40000
vt 0.66667 0.45000
vt 0.66667 0.50000
vt 0.66667 0.55000
vt 0.66667 0.60000
vt 0.66667 0.65000
vt 0.66667 0.70000
vt 0.66667 0.75000
vt 0.66667 0.80000
vt 0.66667 0.85000
vt 0.66667 0.90000
vt 0.66667 0.95000
vt 0.66667 1.00000
vt 0.70000 0.00000
vt 0.70000 0.05000
vt 0.70000 0.10000
vt 0.70000 0.15000
vt 0.70000 0.20000
vt 0.70000 0.25000
vt 0.70000 0.30000
vt 0.70000 0.35000
vt 0.70000 0.40000
vt 0.70000 0.45000
vt 0.70000 0.50000
vt 0.70000 0.55000
vt 0.70000 0.60000
vt 0.70000 0.65000
vt 0.70000 0.70000
vt 0.70000 0.75000
vt 0.70000 0.80000
vt 0.70000 0.85000
vt 0.70000 0.90000
vt 0.70000 0.95000
vt 0.70000 1.00000
vt 0.73333 0.00000
vt 0.73333 0.05000
vt 0.73333 0.10000
vt 0.73333 0.15000
vt 0.73333 0.20000
vt 0.73333 0.25000
vt 0.73333 0.30000
vt 0.73333 0.35000
vt 0.73333 0.40000
vt 0.73333 0.45000
vt 0.73333 0.50000
vt 0.73333 0.55000
vt 0.73333 0.60000
vt 0.73333 0.65000
vt 0.73333 0.70000
vt 0.73333 0.75000
vt 0.73333 0.80000
vt 0.73333 0.85000
vt 0.73333 0.90000
vt 0.73333 0.95000
vt 0.73333 1.00000
vt 0.76667 0.00000
vt 0.76667 0.05000
vt 0.76667 0.10000
vt 0.76667 0.15000
vt 0.76667 0.20000
vt 0.76667 0.25000
vt 0.76667 0.30000
vt 0.76667 0.35000
vt 0.76667 0.40000
vt 0.76667 0.45000
vt 0.76667 0.50000
vt 0.76667 0.55000
vt 0.76667 0.60000
vt 0.76667 0.65000
vt 0.76667 0.70000
vt 0.76667 0.75000
vt 0.76667 0.80000
vt 0.76667 0.85000
vt 0.76667 0.90000
vt 0.76667 0.95000
vt 0.76667 1.00000
vt 0.80000 0.00000
vt 0.80000 0.05000
vt 0.80000 0.10000
vt 0.80000 0.15000
vt 0.80000 0.20000
vt 0.80000 0.25000
vt 0.80000 0.30000
vt 0.80000 0.35000
vt 0.80000 0.40000
vt 0.80000 0.45000
vt 0.80000 0.50000
vt 0.80000 0.55000
vt 0.80000 0.60000
vt 0.80000 0.65000
vt 0.80000 0.70000
vt 0.80000 0.75000
vt 0.80000 0.80000
vt 0.80000 0.85000
vt 0.80000 0.90000
vt 0.80000 0.95000
vt 0.80000 1.00000
vt 0.83333 0.00000
vt 0.83333 0.05000
vt 0.83333 0.10000
vt 0.83333 0.15000
vt 0.83333 0.20000
vt 0.83333 0.25000
vt 0.83333 0.30000
vt 0.83333 0.35000
vt 0.83333 0.40000
vt 0.83333 0.45000
vt 0.83333 0.50000
vt 0.83333 0.55000
vt 0.83333 0.60000
vt 0.83333 0.65000
vt 0.83333 0.70000
vt 0.83333 0.75000
vt 0.83333 0.80000
vt 0.83333 0.85000
vt 0.83333 0.90000
vt 0.83333 0.95000
vt 0.83333 1.00000
vt 0.86667 0.00000
vt 0.86667 0.05000
vt 0.86667 0.10000
vt 0.86667 0.15000
vt 0.86667 0.20000
vt 0.86667 0.25000
vt 0.86667 0.30000
vt 0.86667 0.35000
vt 0.86667 0.40000
vt 0.86667 0.45000
vt 0.86667 0.50000
vt 0.86667 0.55000
vt 0.86667 0.60000
vt 0.86667 0.65000
vt 0.86667 0.70000
vt 0.86667 0.75000
vt 0.86667 0.80000
vt 0.86667 0.85000
vt 0.86667 0.90000
vt 0.86667 0.95000
vt 0.86667 1.00000
vt 0.90000 0.00000
vt 0.90000 0.05000
vt 0.90000 0.10000
vt 0.90000 0.15000
vt 0.90000 0.20000
vt 0.90000 0.25000
vt 0.90000 0.30000
vt 0.90000 0.35000
vt 0.90000 0.40000
vt 0.90000 0.45000
vt 0.90000 0.50000
vt 0.90000 0.55000
vt 0.90000 0.60000
vt 0.90000 0.65000
vt 0.90000 0.70000
vt 0.90000 0.75000
vt 0.90000 0.80000
vt 0.90000 0.85000
vt 0.90000 0.90000
vt 0.90000 0.95000
vt 0.90000 1.00000
vt 0.93333 0.00000
vt 0.93333 0.05000
vt 0.93333 0.10000
vt 0.93333 0.15000
vt 0.93333 0.20000
vt 0.93333 0.25000
vt 0.93333 0.30000
vt 0.93333 0.35000
vt 0.93333 0.40000
vt 0.93333 0.45000
vt 0.93333 0.50000
vt 0.93333 0.55000
vt 0.93333 0.60000
vt 0.93333 0.65000
vt 0.93333 0.70000
vt 0.93333 0.75000
vt 0.93333 0.80000
vt 0.93333 0.85000
vt 0.93333 0.90000
vt 0.93333 0.95000
vt 0.93333 1.00000
vt 0.96667 0.00000
vt 0.96667 0.05000
vt 0.96667 0.10000
vt 0.96667 0.15000
vt 0.96667 0.20000
vt 0.96667 0.25000
vt 0.96667 0.30000
vt 0.96667 0.35000
vt 0.96667 0.40000
vt 0.96667 0.45000
vt 0.96667 0.50000
vt 0.96667 0.55000
vt 0.96667 0.60000
vt 0.96667 0.65000
vt 0.96667 0.70000
vt 0.96667 0.75000
vt 0.96667 0.80000
vt 0.96667 0.85000
vt 0.96667 0.90000
vt 0.96667 0.95000
vt 0.96667 1.00000
vt 1.00000 0.00000
vt 1.00000 0.05000
vt 1.00000 0.10000
vt 1.00000 0.15000
vt 1.00000 0.20000
vt 1.00000 0.25000
vt 1.00000 0.30000
vt 1.00000 0.35000
vt 1.00000 0.40000
vt 1.00000 0.45000
vt 1.00000 0.50000
vt 1.00000 0.55000
vt 1.00000 0.60000
vt 1.00000 0.65000
vt 1.00000 0.70000
vt 1.00000 0.75000
vt 1.00000 0.80000
vt 1.00000 0.85000
vt 1.00000 0.90000
vt 1.00000 0.95000
vt 1.00000 1.00000
vt 0.00000 0.00000
vt 0.00000 0.12500
vt 0.00000 0.25000
vt 0.00000 0.37500
vt 0.00000 0.50000
vt 0.00000 0.62500
vt 0.00000 0.75000
vt 0.00000 0.87500
vt 0.00000 1.00000
vt 0.06250 0.00000
vt 0.06250 0.12500
vt 0.06250 0.25000
vt 0.06250 0.37500
vt 0.06250 0.50000
vt 0.06250 0.62500
vt 0.06250 0.75000
vt 0.06250 0.87500
vt 0.06250 1.00000
vt 0.12500 0.00000
vt 0.12500 0.12500
vt 0.12500 0.25000
vt 0.12500 0.37500
vt 0.12500 0.50000
vt 0.12500 0.62500
vt 0.12500 0.75000
vt 0.12500 0.87500
vt 0.12500 1.00000
vt 0.18750 0.00000
vt 0.18750 0.12500
vt 0.18750 0.25000
vt 0.18750 0.37500
vt 0.18750 0.50000
vt 0.18750 0.62500
vt 0.18750 0.75000
vt 0.18750 0.87500
vt 0.18750 1.00000
vt 0.25000 0.00000
vt 0.25000 0.12500
vt 0.25000 0.25000
vt 0.25000 0.37500
vt 0.25000 0.50000
vt 0.25000 0.62500
vt 0.25000 0.75000
vt 0.25000 0.87500
vt 0.25000 1.00000
vt 0.31250 0.00000
vt 0.31250 0.12500
vt 0.31250 0.25000
vt 0.31250 0.37500
vt 0.31250 0.50000
vt 0.31250 0.62500
vt 0.31250 0.75000
vt 0.31250 0.87500
vt 0.31250 1.00000
vt 0.37500 0.00000
vt 0.37500 0.12500
vt 0.37500 0.25000
vt 0.37500 0.37500
vt 0.37500 0.50000
vt 0.37500 0.62500
vt 0.37500 0.75000
vt 0.37500 0.87500
vt 0.37500 1.00000
vt 0.43750 0.00000
vt 0.43750 0.12500
vt 0.43750 0.25000
vt 0.43750 0.37500
vt 0.43750 0.50000
vt 0.43750 0.62500
vt 0.43750 0.75000
vt 0.43750 0.87500
vt 0.43750 1.00000
vt 0.50000 0.00000
vt 0.50000 0.12500
vt 0.50000 0.25000
vt 0.50000 0.37500
vt 0.50000 0.50000
vt 0.50000 0.62500
vt 0.50000 0.75000
vt 0.50000 0.87500
vt 0.50000 1.00000
vt 0.56250 0.00000
vt 0.56250 0.12500
vt 0.56250 0.25000
vt 0.56250 0.37500
vt 0.56250 0.50000
vt 0.56250 0.62500
vt 0.56250 0.75000
vt 0.56250 0.87500
vt 0.56250 1.00000
vt 0.62500 0.00000
vt 0.62500 0.12500
vt 0.62500 0.25000
vt 0.62500 0.37500
vt 0.62500 0.50000
vt 0.62500 0.62500
vt 0.62500 0.75000
vt 0.62500 0.87500
vt 0.62500 1.00000
vt 0.68750 0.00000
vt 0.68750 0.12500
vt 0.68750 0.25000
vt 0.68750 0.37500
vt 0.68750 0.50000
vt 0.68750 0.62500
vt 0.68750 0.75000
vt 0.68750 0.87500
vt 0.68750 1.00000
vt 0.75000 0.00000
vt 0.75000 0.12500
vt 0.75000 0.25000
vt 0.75000 0.37500
vt 0.75000 0.50000
vt 0.75000 0.62500
vt 0.75000 0.75000
vt 0.75000 0.87500
vt 0.75000 1.00000
vt 0.81250 0.00000
vt 0.81250 0.12500
vt 0.81250 0.25000
vt 0.81250 0.37500
vt 0.81250 0.50000
vt 0.81250 0.62500
vt 0.81250 0.75000
vt 0.81250 0.87500
vt 0.81250 1.00000
vt 0.87500 0.00000
vt 0.87500 0.12500
vt 0.87500 0.25000
vt 0.87500 0.37500
vt 0.87500 0.50000
vt 0.87500 0.62500
vt 0.87500 0.75000
vt 0.87500 0.87500
vt 0.87500 1.00000
vt 0.93750 0.00000
vt 0.93750 0.12500
vt 0.93750 0.25000
vt 0.93750 0.37500
vt 0.93750 0.50000
vt 0.93750 0.62500
vt 0.93750 0.75000
vt 0.93750 0.87500
vt 0.93750 1.00000
vt 1.00000 0.00000
vt 1.00000 0.12500
vt 1.00000 0.25000
vt 1.00000 0.37500
vt 1.00000 0.50000
vt 1.00000 0.62500
vt 1.00000 0.75000
vt 1.00000 0.87500
vt 1.00000 1.00000
vt 0.00000 0.00000
vt 0.00000 0.05000
vt 0.00000 0.10000
vt 0.00000 0.15000
vt 0.00000 0.20000
vt 0.00000 0.25000
vt 0.00000 0.30000
vt 0.00000 0.35000
vt 0.00000 0.40000
vt 0.00000 0.45000
vt 0.00000 0.50000
vt 0.00000 0.55000
vt 0.00000 0.60000
vt 0.00000 0.65000
vt 0.00000 0.70000
vt 0.00000 0.75000
vt 0.00000 0.80000
vt 0.00000 0.85000
vt 0.00000 0.90000
vt 0.00000 0.95000
vt 0.00000 1.00000
vt 0.03333 0.00000
vt 0.03333 0.05000
vt 0.03333 0.10000
vt 0.03333 0.15000
vt 0.03333 0.20000
vt 0.03333 0.25000
vt 0.03333 0.30000
vt 0.03333 0.35000
vt 0.03333 0.40000
vt 0.03333 0.45000
vt 0.03333 0.50000
vt 0.03333 0.55000
vt 0.03333 0.60000
vt 0.03333 0.65000
vt 0.03333 0.70000
vt 0.03333 0.75000
vt 0.03333 0.80000
vt 0.03333 0.85000
vt 0.03333 0.90000
vt 0.03333 0.95000
vt 0.03333 1.00000
vt 0.06667 0.00000
vt 0.06667 0.05000
vt 0.06667 0.10000
vt 0.06667 0.15000
vt 0.06667 0.20000
vt 0.06667 0.25000
vt 0.06667 0.30000
vt 0.06667 0.35000
vt 0.06667 0.40000
vt 0.06667 0.45000
vt 0.06667 0.50000
vt 0.06667 0.55000
vt 0.06667 0.60000
vt 0.06667 0.65000
vt 0.06667 0.70000
vt 0.06667 0.75000
vt 0.06667 0.80000
vt 0.06667 0.85000
vt 0.06667 0.90000
vt 0.06667 0.95000
vt 0.06667 1.00000
vt 0.10000 0.00000
vt 0.10000 0.05000
vt 0.10000 0.10000
vt 0.10000 0.15000
vt 0.10000 0.20000
vt 0.10000 0.25000
vt 0.10000 0.30000
vt 0.10000 0.35000
vt 0.10000 0.40000
vt 0.10000 0.45000
vt 0.10000 0.50000
vt 0.10000 0.55000
vt 0.10000 0.60000
vt 0.10000 0.65000
vt 0.10000 0.70000
vt 0.10000 0.75000
vt 0.10000 0.80000
vt 0.10000 0.85000
vt 0.10000 0.90000
vt 0.10000 0.95000
vt 0.10000 1.00000
vt 0.13333 0.00000
vt 0.13333 0.05000
vt 0.13333 0.10000
vt 0.13333 0.15000
vt 0.13333 0.20000
vt 0.13333 0.25000
vt 0.13333 0.30000
vt 0.13333 0.35000
vt 0.13333 0.40000
vt 0.13333 0.45000
vt 0.13333 0.50000
vt 0.13333 0.55000
vt 0.13333 0.60000
vt 0.13333 0.65000
vt 0.13333 0.70000
vt 0.13333 0.75000
vt 0.13333 0.80000
vt 0.13333 0.85000
vt 0.13333 0.90000
vt 0.13333 0.95000
vt 0.13333 1.00000
vt 0.16667 0.00000
vt 0.16667 0.05000
vt 0.16667 0.10000
vt 0.16667 0.15000
vt 0.16667 0.20000
vt 0.16667 0.25000
vt 0.16667 0.30000
vt 0.16667 0.35000
vt 0.16667 0.40000
vt 0.16667 0.45000
vt 0.16667 0.50000
vt 0.16667 0.55000
vt 0.16667 0.60000
vt 0.16667 0.65000
vt 0.16667 0.70000
vt 0.16667 0.75000
vt 0.16667 0.80000
vt 0.16667 0.85000
vt 0.16667 0.90000
vt 0.16667 0.95000
vt 0.16667 1.00000
vt 0.20000 0.00000
vt 0.20000 0.05000
vt 0.20000 0.10000
vt 0.20000 0.15000
vt 0.20000 0.20000
vt 0.20000 0.25000
vt 0.20000 0.30000
vt 0.20000 0.35000
vt 0.20000 0.40000
vt 0.20000 0.45000
vt 0.20000 0.50000
vt 0.20000 0.55000
vt 0.20000 0.60000
vt 0.20000 0.65000
vt 0.20000 0.70000
vt 0.20000 0.75000
vt 0.20000 0.80000
vt 0.20000 0.85000
vt 0.20000 0.90000
vt 0.20000 0.95000
vt 0.20000 1.00000
vt 0.23333 0.00000
vt 0.23333 0.05000
vt 0.23333 0.10000
vt 0.23333 0.15000
vt 0.23333 0.20000
vt 0.23333 0.25000
vt 0.23333 0.30000
vt 0.23333 0.35000
vt 0.23333 0.40000
vt 0.23333 0.45000
vt 0.23333 0.50000
vt 0.23333 0.55000
vt 0.23333 0.60000
vt 0.23333 0.65000
vt 0.23333 0.70000
vt 0.23333 0.75000
vt 0.23333 0.80000
vt 0.23333 0.85000
vt 0.23333 0.90000
vt 0.23333 0.95000
vt 0.23333 1.00000
vt 0.26667 0.00000
vt 0.26667 0.05000
vt 0.26667 0.10000
vt 0.26667 0.15000
vt 0.26667 0.20000
vt 0.26667 0.25000
vt 0.26667 0.30000
vt 0.26667 0.35000
vt 0.26667 0.40000
vt 0.26667 0.45000
vt 0.26667 0.50000
vt 0.26667 0.55000
vt 0.26667 0.60000
vt 0.26667 0.65000
vt 0.26667 0.70000
vt 0.26667 0.75000
vt 0.26667 0.80000
vt 0.26667 0.85000
vt 0.26667 0.90000
vt 0.26667 0.95000
vt 0.26667 1.00000
vt 0.30000 0.00000
vt 0.30000 0.05000
vt 0.30000 0.10000
vt 0.30000 0.15000
vt 0.30000 0.20000
vt 0.30000 0.25000
vt 0.30000 0.30000
vt 0.30000 0.35000
vt 0.30000 0.40000
vt 0.30000 0.45000
vt 0.30000 0.50000
vt 0.30000 0.55000
vt 0.30000 0.60000
vt 0.30000 0.65000
vt 0.30000 0.70000
vt 0.30000 0.75000
vt 0.30000 0.80000
vt 0.30000 0.85000
vt 0.30000 0.90000
vt 0.30000 0.95000
vt 0.30000 1.00000
vt 0.33333 0.00000
vt 0.33333 0.05000
vt 0.33333 0.10000
vt 0.33333 0.15000
vt 0.33333 0.20000
vt 0.33333 0.25000
vt 0.33333 0.30000
vt 0.33333 0.35000
vt 0.33333 0.40000
vt 0.33333 0.45000
vt 0.33333 0.50000
vt 0.33333 0.55000
vt 0.33333 0.60000
vt 0.33333 0.65000
vt 0.33333 0.70000
vt 0.33333 0.75000
vt 0.33333 0.80000
vt 0.33333 0.85000
vt 0.33333 0.90000
vt 0.33333 0.95000
vt 0.33333 1.00000
vt 0.36667 0.00000
vt 0.36667 0.05000
vt 0.36667 0.10000
vt 0.36667 0.15000
vt 0.36667 0.20000
vt 0.36667 0.25000
vt 0.36667 0.30000
vt 0.36667 0.35000
vt 0.36667 0.40000
vt 0.36667 0.45000
vt 0.36667 0.50000
vt 0.36667 0.55000
vt 0.36667 0.60000
vt 0.36667 0.65000
vt 0.36667 0.70000
vt 0.36667 0.75000
vt 0.36667 0.80000
vt 0.36667 0.85000
vt 0.36667 0.90000
vt 0.36667 0.95000
vt 0.36667 1.00000
vt 0.40000 0.00000
vt 0.40000 0.05000
vt 0.40000 0.10000
vt 0.40000 0.15000
vt 0.40000 0.20000
vt 0.40000 0.25000
vt 0.40000 0.30000
vt 0.40000 0.35000
vt 0.40000 0.40000
vt 0.40000 0.45000
vt 0.40000 0.50000
vt 0.40000 0.55000
vt 0.40000 0.60000
vt 0.40000 0.65000
vt 0.40000 0.70000
vt 0.40000 0.75000
vt 0.40000 0.80000
vt 0.40000 0.85000
vt 0.40000 0.90000
vt 0.40000 0.95000
vt 0.40000 1.00000
vt 0.43333 0.00000
vt 0.43333 0.05000
vt 0.43333 0.10000
vt 0.43333 0.15000
vt 0.43333 0.20000
vt 0.43333 0.25000
vt 0.43333 0.30000
vt 0.43333 0.35000
vt 0.43333 0.40000
vt 0.43333 0.45000
vt 0.43333 0.50000
vt 0.43333 0.55000
vt 0.43333 0.60000
vt 0.43333 0.65000
vt 0.43333 0.70000
vt 0.43333 0.75000
vt 0.43333 0.80000
vt 0.43333 0.85000
vt 0.43333 0.90000
vt 0.43333 0.95000
vt 0.43333 1.00000
vt 0.46667 0.00000
vt 0.46667 0.05000
vt 0.46667 0.10000
vt 0.46667 0.15000
vt 0.46667 0.20000
vt 0.46667 0.25000
vt 0.46667 0.30000
vt 0.46667 0.35000
vt 0.46667 0.40000
vt 0.46667 0.45000
vt 0.46667 0.50000
vt 0.46667 0.55000
vt 0.46667 0.60000
vt 0.46667 0.65000
vt 0.46667 0.70000
vt 0.46667 0.75000
vt 0.46667 0.80000
vt 0.46667 0.85000
vt 0.46667 0.90000
vt 0.46667 0.95000
vt 0.46667 1.00000
vt 0.50000 0.00000
vt 0.50000 0.05000
vt 0.50000 0.10000
vt 0.50000 0.15000
vt 0.50000 0.20000
vt 0.50000 0.25000
vt 0.50000 0.30000
vt 0.50000 0.35000
vt 0.50000 0.40000
vt 0.50000 0.45000
vt 0.50000 0.50000
vt 0.50000 0.55000
vt 0.50000 0.60000
vt 0.50000 0.65000
vt 0.50000 0.70000
vt 0.50000 0.75000
vt 0.50000 0.80000
vt 0.50000 0.85000
vt 0.50000 0.90000
vt 0.50000 0.95000
vt 0.50000 1.00000
vt 0.53333 0.00000
vt 0.53333 0.05000
vt 0.53333 0.10000
vt 0.53333 0.15000
vt 0.53333 0.20000
vt 0.53333 0.25000
vt 0.53333 0.30000
vt 0.53333 0.35000
vt 0.53333 0.40000
vt 0.53333 0.45000
vt 0.53333 0.50000
vt 0.53333 0.55000
vt 0.53333 0.60000
vt 0.53333 0.65000
vt 0.53333 0.70000
vt 0.53333 0.75000
vt 0.53333 0.80000
vt 0.53333 0.85000
vt 0.53333 0.90000
vt 0.53333 0.95000
vt 0.53333 1.00000
vt 0.56667 0.00000
vt 0.56667 0.05000
vt 0.56667 0.10000
vt 0.56667 0.15000
vt 0.56667 0.20000
vt 0.56667 0.25000
vt 0.56667 0.30000
vt 0.56667 0.35000
vt 0.56667 0.40000
vt 0.56667 0.45000
vt 0.56667 0.50000
vt 0.56667 0.55000
vt 0.56667 0.60000
vt 0.56667 0.65000
vt 0.56667 0.70000
vt 0.56667 0.75000
vt 0.56667 0.80000
vt 0.56667 0.85000
vt 0.56667 0.90000
vt 0.56667 0.95000
vt 0.56667 1.00000
vt 0.60000 0.00000
vt 0.60000 0.05000
vt 0.60000 0.10000
vt 0.60000 0.15000
vt 0.60000 0.20000
vt 0.60000 0.25000
vt 0.60000 0.30000
vt 0.60000 0.35000
vt 0.60000 0.40000
vt 0.60000 0.45000
vt 0.60000 0.50000
vt 0.60000 0.55000
vt 0.60000 0.60000
vt 0.60000 0.65000
vt 0.60000 0.70000
vt 0.60000 0.75000
vt 0.60000 0.80000
vt 0.60000 0.85000
vt 0.60000 0.90000
vt 0.60000 0.95000
vt 0.60000 1.00000
vt 0.63333 0.00000
vt 0.63333 0.05000
vt 0.63333 0.10000
vt 0.63333 0.15000
vt 0.63333 0.20000
vt 0.63333 0.25000
vt 0.63333 0.30000
vt 0.63333 0.35000
vt 0.63333 0.40000
vt 0.63333 0.45000
vt 0.63333 0.50000
vt 0.63333 0.55000
vt 0.63333 0.60000
vt 0.63333 0.65000
vt 0.63333 0.70000
vt 0.63333 0.75000
vt 0.63333 0.80000
vt 0.63333 0.85000
vt 0.63333 0.90000
vt 0.63333 0.95000
vt 0.63333 1.00000
vt 0.66667 0.00000
vt 0.66667 0.05000
vt 0.66667 0.10000
vt 0.66667 0.15000
vt 0.66667 0.20000
vt 0.66667 0.25000
vt 0.66667 0.30000
vt 0.66667 0.35000
vt 0.66667 0.40000
vt 0.66667 0.45000
vt 0.66667 0.50000
vt 0.66667 0.55000
vt 0.66667 0.60000
vt 0.66667 0.65000
vt 0.66667 0.70000
vt 0.66667 0.75000
vt 0.66667 0.80000
vt 0.66667 0.85000
vt 0.66667 0.90000
vt 0.66667 0.95000
vt 0.66667 1.00000
vt 0.70000 0.00000
vt 0.70000 0.05000
vt 0.70000 0.10000
vt 0.70000 0.15000
vt 0.70000 0.20000
vt 0.70000 0.25000
vt 0.70000 0.30000
vt 0.70000 0.35000
vt 0.70000 0.40000
vt 0.70000 0.45000
vt 0.70000 0.50000
vt 0.70000 0.55000
vt 0.70000 0.60000
vt 0.70000 0.65000
vt 0.70000 0.70000
vt 0.70000 0.75000
vt 0.70000 0.80000
vt 0.70000 0.85000
vt 0.70000 0.90000
vt 0.70000 0.95000
vt 0.70000 1.00000
vt 0.73333 0.00000
vt 0.73333 0.05000
vt 0.73333 0.10000
vt 0.73333 0.15000
vt 0.73333 0.20000
vt 0.73333 0.25000
vt 0.73333 0.30000
vt 0.73333 0.35000
vt 0.73333 0.40000
vt 0.73333 0.45000
vt 0.73333 0.50000
vt 0.73333 0.55000
vt 0.73333 0.60000
vt 0.73333 0.65000
vt 0.73333 0.70000
vt 0.73333 0.75000
vt 0.73333 0.80000
vt 0.73333 0.85000
vt 0.73333 0.90000
vt 0.73333 0.95000
vt 0.73333 1.00000
vt 0.76667 0.00000
vt 0.76667 0.05000
vt 0.76667 0.10000
vt 0.76667 0.15000
vt 0.76667 0.20000
vt 0.76667 0.25000
vt 0.76667 0.30000
vt 0.76667 0.35000
vt 0.76667 0.40000
vt 0.76667 0.45000
vt 0.76667 0.50000
vt 0.76667 0.55000
vt 0.76667 0.60000
vt 0.76667 0.65000
vt 0.76667 0.70000
vt 0.76667 0.75000
vt 0.76667 0.80000
vt 0.76667 0.85000
vt 0.76667 0.90000
vt 0.76667 0.95000
vt 0.76667 1.00000
vt 0.80000 0.00000
vt 0.80000 0.05000
vt 0.80000 0.10000
vt 0.80000 0.15000
vt 0.80000 0.20000
vt 0.80000 0.25000
vt 0.80000 0.30000
vt 0.80000 0.35000
vt 0.80000 0.40000
vt 0.80000 0.45000
vt 0.80000 0.50000
vt 0.80000 0.55000
vt 0.80000 0.60000
vt 0.80000 0.65000
vt 0.80000 0.70000
vt 0.80000 0.75000
vt 0.80000 0.80000
vt 0.80000 0.85000
vt 0.80000 0.90000
vt 0.80000 0.95000
vt 0.80000 1.00000
vt 0.83333 0.00000
vt 0.83333 0.05000
vt 0.83333 0.10000
vt 0.83333 0.15000
vt 0.83333 0.20000
vt 0.83333 0.25000
vt 0.83333 0.30000
vt 0.83333 0.35000
vt 0.83333 0.40000
vt 0.83333 0.45000
vt 0.83333 0.50000
vt 0.83333 0.55000
vt 0.83333 0.60000
vt 0.83333 0.65000
vt 0.83333 0.70000
vt 0.83333 0.75000
vt 0.83333 0.80000
vt 0.83333 0.85000
vt 0.83333 0.90000
vt 0.83333 0.95000
vt 0.83333 1.00000
vt 0.86667 0.00000
vt 0.86667 0.05000
vt 0.86667 0.10000
vt 0.86667 0.15000
vt 0.86667 0.20000
vt 0.86667 0.25000
vt 0.86667 0.30000
vt 0.86667 0.35000
vt 0.86667 0.40000
vt 0.86667 0.45000
vt 0.86667 0.50000
vt 0.86667 0.55000
vt 0.86667 0.60000
vt 0.86667 0.65000
vt 0.86667 0.70000
vt 0.86667 0.75000
vt 0.86667 0.80000
vt 0.86667 0.85000
vt 0.86667 0.90000
vt 0.86667 0.95000
vt 0.86667 1.00000
vt 0.90000 0.00000
vt 0.90000 0.05000
vt 0.90000 0.10000
vt 0.90000 0.15000
vt 0.90000 0.20000
vt 0.90000 0.25000
vt 0.90000 0.30000
vt 0.90000 0.35000
vt 0.90000 0.40000
vt 0.90000 0.45000
vt 0.90000 0.50000
vt 0.90000 0.55000
vt 0.90000 0.60000
vt 0.90000 0.65000
vt 0.90000 0.70000
vt 0.90000 0.75000
vt 0.90000 0.80000
vt 0.90000 0.85000
vt 0.90000 0.90000
vt 0.90000 0.95000
vt 0.90000 1.00000
vt 0.93333 0.00000
vt 0.93333 0.05000
vt 0.93333 0.10000
vt 0.93333 0.15000
vt 0.93333 0.20000
vt 0.93333 0.25000
vt 0.93333 0.30000
vt 0.93333 0.35000
vt 0.93333 0.40000
vt 0.93333 0.45000
vt 0.93333 0.50000
vt 0.93333 0.55000
vt 0.93333 0.60000
vt 0.93333 0.65000
vt 0.93333 0.70000
vt 0.93333 0.75000
vt 0.93333 0.80000
vt 0.93333 0.85000
vt 0.93333 0.90000
vt 0.93333 0.95000
vt 0.93333 1.00000
vt 0.96667 0.00000
vt 0.96667 0.05000
vt 0.96667 0.10000
vt 0.96667 0.15000
vt 0.96667 0.20000
vt 0.96667 0.25000
vt 0.96667 0.30000
vt 0.96667 0.35000
vt 0.96667 0.40000
vt 0.96667 0.45000
vt 0.96667 0.50000
vt 0.96667 0.55000
vt 0.96667 0.60000
vt 0.96667 0.65000
vt 0.96667 0.70000
vt 0.96667 0.75000
vt 0.96667 0.80000
vt 0.96667 0.85000
vt 0.96667 0.90000
vt 0.96667 0.95000
vt 0.96667 1.00000
vt 1.00000 0.00000
vt 1.00000 0.05000
vt 1.00000 0.10000
vt 1.00000 0.15000
vt 1.00000 0.20000
vt 1.00000 0.25000
vt 1.00000 0.30000
vt 1.00000 0.35000
vt 1.00000 0.40000
vt 1.00000 0.45000
vt 1.00000 0.50000
vt 1.00000 0.55000
vt 1.00000 0.60000
vt 1.00000 0.65000
vt 1.00000 0.70000
vt 1.00000 0.75000
vt 1.00000 0.80000
vt 1.00000 0.85000
vt 1.00000 0.90000
vt 1.00000 0.95000
vt 1.00000 1.00000
vt 0.00000 0.00000
vt 0.00000 0.12500
vt 0.00000 0.25000
vt 0.00000 0.37500
vt 0.00000 0.50000
vt 0.00000 0.62500
vt 0.00000 0.75000
vt 0.00000 0.87500
vt 0.00000 1.00000
vt 0.06250 0.00000
vt 0.06250 0.12500
vt 0.06250 0.25000
vt 0.06250 0.37500
vt 0.06250 0.50000
vt 0.06250 0.62500
vt 0.06250 0.75000
vt 0.06250 0.87500
vt 0.06250 1.00000
vt 0.12500 0.00000
vt 0.12500 0.12500
vt 0.12500 0.25000
vt 0.12500 0.37500
vt 0.12500 0.50000
vt 0.12500 0.62500
vt 0.12500 0.75000
vt 0.12500 0.87500
vt 0.12500 1.00000
vt 0.18750 0.00000
vt 0.18750 0.12500
vt 0.18750 0.25000
vt 0.18750 0.37500
vt 0.18750 0.50000
vt 0.18750 0.62500
vt 0.18750 0.75000
vt 0.18750 0.87500
vt 0.18750 1.00000
vt 0.25000 0.00000
vt 0.25000 0.12500
vt 0.25000 0.25000
vt 0.25000 0.37500
vt 0.25000 0.50000
vt 0.25000 0.62500
vt 0.25000 0.75000
vt 0.25000 0.87500
vt 0.25000 1.00000
vt 0.31250 0.00000
vt 0.31250 0.12500
vt 0.31250 0.25000
vt 0.31250 0.37500
vt 0.31250 0.50000
vt 0.31250 0.62500
vt 0.31250 0.75000
vt 0.31250 0.87500
vt 0.31250 1.00000
vt 0.37500 0.00000
vt 0.37500 0.12500
vt 0.37500 0.25000
vt 0.37500 0.37500
vt 0.37500 0.50000
vt 0.37500 0.62500
vt 0.37500 0.75000
vt 0.37500 0.87500
vt 0.37500 1.00000
vt 0.43750 0.00000
vt 0.43750 0.12500
vt 0.43750 0.25000
vt 0.43750 0.37500
vt 0.43750 0.50000
vt 0.43750 0.62500
vt 0.43750 0.75000
vt 0.43750 0.87500
vt 0.43750 1.00000
vt 0.50000 0.00000
vt 0.50000 0.12500
vt 0.50000 0.25000
vt 0.50000 0.37500
vt 0.50000 0.50000
vt 0.50000 0.62500
vt 0.50000 0.75000
vt 0.50000 0.87500
vt 0.50000 1.00000
vt 0.56250 0.00000
vt 0.56250 0.12500
vt 0.56250 0.25000
vt 0.56250 0.37500
vt 0.56250 0.50000
vt 0.56250 0.62500
vt 0.56250 0.75000
vt 0.56250 0.87500
vt 0.56250 1.00000
vt 0.62500 0.00000
vt 0.62500 0.12500
vt 0.62500 0.25000
vt 0.62500 0.37500
vt 0.62500 0.50000
vt 0.62500 0.62500
vt 0.62500 0.75000
vt 0.62500 0.87500
vt 0.62500 1.00000
vt 0.68750 0.00000
vt 0.68750 0.12500
vt 0.68750 0.25000
vt 0.68750 0.37500
vt 0.68750 0.50000
vt 0.68750 0.62500
vt 0.68750 0.75000
vt 0.68750 0.87500
vt 0.68750 1.00000
vt 0.75000 0.00000
vt 0.75000 0.12500
vt 0.75000 0.25000
vt 0.75000 0.37500
vt 0.75000 0.50000
vt 0.75000 0.62500
vt 0.75000 0.75000
vt 0.75000 0.87500
vt 0.75000 1.00000
vt 0.81250 0.00000
vt 0.81250 0.12500
vt 0.81250 0.25000
vt 0.81250 0.37500
vt 0.81250 0.50000
vt 0.81250 0.62500
vt 0.81250 0.75000
vt 0.81250 0.87500
vt 0.81250 1.00000
vt 0.87500 0.00000
vt 0.87500 0.12500
vt 0.87500 0.25000
vt 0.87500 0.37500
vt 0.87500 0.50000
vt 0.87500 0.62500
vt 0.87500 0.75000
vt 0.87500 0.87500
vt 0.87500 1.00000
vt 0.93750 0.00000
vt 0.93750 0.12500
vt 0.93750 0.25000
vt 0.93750 0.37500
vt 0.93750 0.50000
vt 0.93750 0.62500
vt 0.93750 0.75000
vt 0.93750 0.87500
vt 0.93750 1.00000
vt 1.00000 0.00000
vt 1.00000 0.12500
vt 1.00000 0.25000
vt 1.00000 0.37500
vt 1.00000 0.50000
vt 1.00000 0.62500
vt 1.00000 0.75000
vt 1.00000 0.87500
vt 1.00000 1.00000
vt 0.00000 0.00000
vt 0.00000 0.05000
vt 0.00000 0.10000
vt 0.00000 0.15000
vt 0.00000 0.20000
vt 0.00000 0.25000
vt 0.00000 0.30000
vt 0.00000 0.35000
vt 0.00000 0.40000
vt 0.00000 0.45000
vt 0.00000 0.50000
vt 0.00000 0.55000
vt 0.00000 0.60000
vt 0.00000 0.65000
vt 0.00000 0.70000
vt 0.00000 0.75000
vt 0.00000 0.80000
vt 0.00000 0.85000
vt 0.00000 0.90000
vt 0.00000 0.95000
vt 0.00000 1.00000
vt 0.03333 0.00000
vt 0.03333 0.05000
vt 0.03333 0.10000
vt 0.03333 0.15000
vt 0.03333 0.20000
vt 0.03333 0.25000
vt 0.03333 0.30000
vt 0.03333 0.35000
vt 0.03333 0.40000
vt 0.03333 0.45000
vt 0.03333 0.50000
vt 0.03333 0.55000
vt 0.03333 0.60000
vt 0.03333 0.65000
vt 0.03333 0.70000
vt 0.03333 0.75000
vt 0.03333 0.80000
vt 0.03333 0.85000
vt 0.03333 0.90000
vt 0.03333 0.95000
vt 0.03333 1.00000
vt 0.06667 0.00000
vt 0.06667 0.05000
vt 0.06667 0.10000
vt 0.06667 0.15000
vt 0.06667 0.20000
vt 0.06667 0.25000
vt 0.06667 0.30000
vt 0.06667 0.35000
vt 0.06667 0.40000
vt 0.06667 0.45000
vt 0.06667 0.50000
vt 0.06667 0.55000
vt 0.06667 0.60000
vt 0.06667 0.65000
vt 0.06667 0.70000
vt 0.06667 0.75000
vt 0.06667 0.80000
vt 0.06667 0.85000
vt 0.06667 0.90000
vt 0.06667 0.95000
vt 0.06667 1.00000
vt 0.10000 0.00000
vt 0.10000 0.05000
vt 0.10000 0.10000
vt 0.10000 0.15000
vt 0.10000 0.20000
vt 0.10000 0.25000
vt 0.10000 0.30000
vt 0.10000 0.35000
vt 0.10000 0.40000
vt 0.10000 0.45000
vt 0.10000 0.50000
vt 0.10000 0.55000
vt 0.10000 0.60000
vt 0.10000 0.65000
vt 0.10000 0.70000
vt 0.10000 0.75000
vt 0.10000 0.80000
vt 0.10000 0.85000
vt 0.10000 0.90000
vt 0.10000 0.95000
vt 0.10000 1.00000
vt 0.13333 0.00000
vt 0.13333 0.05000
vt 0.13333 0.10000
vt 0.13333 0.15000
vt 0.13333 0.20000
vt 0.13333 0.25000
vt 0.13333 0.30000
vt 0.13333 0.35000
vt 0.13333 0.40000
vt 0.13333 0.45000
vt 0.13333 0.50000
vt 0.13333 0.55000
vt 0.13333 0.60000
vt 0.13333 0.65000
vt 0.13333 0.70000
vt 0.13333 0.75000
vt 0.13333 0.80000
vt 0.13333 0.85000
vt 0.13333 0.90000
vt 0.13333 0.95000
vt 0.13333 1.00000
vt 0.16667 0.00000
vt 0.16667 0.05000
vt 0.16667 0.10000
vt 0.16667 0.15000
vt 0.16667 0.20000
vt 0.16667 0.25000
vt 0.16667 0.30000
vt 0.16667 0.35000
vt 0.16667 0.40000
vt 0.16667 0.45000
vt 0.16667 0.50000
vt 0.16667 0.55000
vt 0.16667 0.60000
vt 0.16667 0.65000
vt 0.16667 0.70000
vt 0.16667 0.75000
vt 0.16667 0.80000
vt 0.16667 0.85000
vt 0.16667 0.90000
vt 0.16667 0.95000
vt 0.16667 1.00000
vt 0.20000 0.00000
vt 0.20000 0.05000
vt 0.20000 0.10000
vt 0.20000 0.15000
vt 0.20000 0.20000
vt 0.20000 0.25000
vt 0.20000 0.30000
vt 0.20000 0.35000
vt 0.20000 0.40000
vt 0.20000 0.45000
vt 0.20000 0.50000
vt 0.20000 0.55000
vt 0.20000 0.60000
vt 0.20000 0.65000
vt 0.20000 0.70000
vt 0.20000 0.75000
vt 0.20000 0.80000
vt 0.20000 0.85000
vt 0.20000 0.90000
vt 0.20000 0.95000
vt 0.20000 1.00000
vt 0.23333 0.00000
vt 0.23333 0.05000
vt 0.23333 0.10000
vt 0.23333 0.15000
vt 0.23333 0.20000
vt 0.23333 0.25000
vt 0.23333 0.30000
vt 0.23333 0.35000
vt 0.23333 0.40000
vt 0.23333 0.45000
vt 0.23333 0.50000
vt 0.23333 0.55000
vt 0.23333 0.60000
vt 0.23333 0.65000
vt 0.23333 0.70000
vt 0.23333 0.75000
vt 0.23333 0.80000
vt 0.23333 0.85000
vt 0.23333 0.90000
vt 0.23333 0.95000
vt 0.23333 1.00000
vt 0.26667 0.00000
vt 0.26667 0.05000
vt 0.26667 0.10000
vt 0.26667 0.15000
vt 0.26667 0.20000
vt 0.26667 0.25000
vt 0.26667 0.30000
vt 0.26667 0.35000
vt 0.26667 0.40000
vt 0.26667 0.45000
vt 0.26667 0.50000
vt 0.26667 0.55000
vt 0.26667 0.60000
vt 0.26667 0.65000
vt 0.26667 0.70000
vt 0.26667 0.75000
vt 0.26667 0.80000
vt 0.26667 0.85000
vt 0.26667 0.90000
vt 0.26667 0.95000
vt 0.26667 1.00000
vt 0.30000 0.00000
vt 0.30000 0.05000
vt 0.30000 0.10000
vt 0.30000 0.15000
vt 0.30000 0.20000
vt 0.30000 0.25000
vt 0.30000 0.30000
vt 0.30000 0.35000
vt 0.30000 0.40000
vt 0.30000 0.45000
vt 0.30000 0.50000
vt 0.30000 0.55000
vt 0.30000 0.60000
vt 0.30000 0.65000
vt 0.30000 0.70000
vt 0.30000 0.75000
vt 0.30000 0.80000
vt 0.30000 0.85000
vt 0.30000 0.90000
vt 0.30000 0.95000
vt 0.30000 1.00000
vt 0.33333 0.00000
vt 0.33333 0.05000
vt 0.33333 0.10000
vt 0.33333 0.15000
vt 0.33333 0.20000
vt 0.33333 0.25000
vt 0.33333 0.30000
vt 0.33333 0.35000
vt 0.33333 0.40000
vt 0.33333 0.45000
vt 0.33333 0.50000
vt 0.33333 0.55000
vt 0.33333 0.60000
vt 0.33333 0.65000
vt 0.33333 0.70000
vt 0.33333 0.75000
vt 0.33333 0.80000
vt 0.33333 0.85000
vt 0.33333 0.90000
vt 0.33333 0.95000
vt 0.33333 1.00000
vt 0.36667 0.00000
vt 0.36667 0.05000
vt 0.36667 0.10000
vt 0.36667 0.15000
vt 0.36667 0.20000
vt 0.36667 0.25000
vt 0.36667 0.30000
vt 0.36667 0.35000
vt 0.36667 0.40000
vt 0.36667 0.45000
vt 0.36667 0.50000
vt 0.36667 0.55000
vt 0.36667 0.60000
vt 0.36667 0.65000
vt 0.36667 0.70000
vt 0.36667 0.75000
vt 0.36667 0.80000
vt 0.36667 0.85000
vt 0.36667 0.90000
vt 0.36667 0.95000
vt 0.36667 1.00000
vt 0.40000 0.00000
vt 0.40000 0.05000
vt 0.40000 0.10000
vt 0.40000 0.15000
vt 0.40000 0.20000
vt 0.40000 0.25000
vt 0.40000 0.30000
vt 0.40000 0.35000
vt 0.40000 0.40000
vt 0.40000 0.45000
vt 0.40000 0.50000
vt 0.40000 0.55000
vt 0.40000 0.60000
vt 0.40000 0.65000
vt 0.40000 0.70000
vt 0.40000 0.75000
vt 0.40000 0.80000
vt 0.40000 0.85000
vt 0.40000 0.90000
vt 0.40000 0.95000
vt 0.40000 1.00000
vt 0.43333 0.00000
vt 0.43333 0.05000
vt 0.43333 0.10000
vt 0.43333 0.15000
vt 0.43333 0.20000
vt 0.43333 0.25000
vt 0.43333 0.30000
vt 0.43333 0.35000
vt 0.43333 0.40000
vt 0.43333 0.45000
vt 0.43333 0.50000
vt 0.43333 0.55000
vt 0.43333 0.60000
vt 0.43333 0.65000
vt 0.43333 0.70000
vt 0.43333 0.75000
vt 0.43333 0.80000
vt 0.43333 0.85000
vt 0.43333 0.90000
vt 0.43333 0.95000
vt 0.43333 1.00000
vt 0.46667 0.00000
vt 0.46667 0.05000
vt 0.46667 0.10000
vt 0.46667 0.15000
vt 0.46667 0.20000
vt 0.46667 0.25000
vt 0.46667 0.30000
vt 0.46667 0.35000
vt 0.46667 0.40000
vt 0.46667 0.45000
vt 0.46667 0.50000
vt 0.46667 0.55000
vt 0.46667 0.60000
vt 0.46667 0.65000
vt 0.46667 0.70000
vt 0.46667 0.75000
vt 0.46667 0.80000
vt 0.46667 0.85000
vt 0.46667 0.90000
vt 0.46667 0.95000
vt 0.46667 1.00000
vt 0.50000 0.00000
vt 0.50000 0.05000
vt 0.50000 0.10000
vt 0.50000 0.15000
vt 0.50000 0.20000
vt 0.50000 0.25000
vt 0.50000 0.30000
vt 0.50000 0.35000
vt 0.50000 0.40000
vt 0.50000 0.45000
vt 0.50000 0.50000
vt 0.50000 0.55000
vt 0.50000 0.60000
vt 0.50000 0.65000
vt 0.50000 0.70000
vt 0.50000 0.75000
vt 0.50000 0.80000
vt 0.50000 0.85000
vt 0.50000 0.90000
vt 0.50000 0.95000
vt 0.50000 1.00000
vt 0.53333 0.00000
vt 0.53333 0.05000
vt 0.53333 0.10000
vt 0.53333 0.15000
vt 0.53333 0.20000
vt 0.53333 0.25000
vt 0.53333 0.30000
vt 0.53333 0.35000
vt 0.53333 0.40000
vt 0.53333 0.45000
vt 0.53333 0.50000
vt 0.53333 0.55000
vt 0.53333 0.60000
vt 0.53333 0.65000
vt 0.53333 0.70000
vt 0.53333 0.75000
vt 0.53333 0.80000
vt 0.53333 0.85000
vt 0.53333 0.90000
vt 0.53333 0.95000
vt 0.53333 1.00000
vt 0.56667 0.00000
vt 0.56667 0.05000
vt 0.56667 0.10000
vt 0.56667 0.15000
vt 0.56667 0.20000
vt 0.56667 0.25000
vt 0.56667 0.30000
vt 0.56667 0.35000
vt 0.56667 0.40000
vt 0.56667 0.45000
vt 0.56667 0.50000
vt 0.56667 0.55000
vt 0.56667 0.60000
vt 0.56667 0.65000
vt 0.56667 0.70000
vt 0.56667 0.75000
vt 0.56667 0.80000
vt 0.56667 0.85000
vt 0.56667 0.90000
vt 0.56667 0.95000
vt 0.56667 1.00000
vt 0.60000 0.00000
vt 0.60000 0.05000
vt 0.60000 0.10000
vt 0.60000 0.15000
vt 0.60000 0.20000
vt 0.60000 0.25000
vt 0.60000 0.30000
vt 0.60000 0.35000
vt 0.60000 0.40000
vt 0.60000 0.45000
vt 0.60000 0.50000
vt 0.60000 0.55000
vt 0.60000 0.60000
vt 0.60000 0.65000
vt 0.60000 0.70000
vt 0.60000 0.75000
vt 0.60000 0.80000
vt 0.60000 0.85000
vt 0.60000 0.90000
vt 0.60000 0.95000
vt 0.60000 1.00000
vt 0.63333 0.00000
vt 0.63333 0.05000
vt 0.63333 0.10000
vt 0.63333 0.15000
vt 0.63333 0.20000
vt 0.63333 0.25000
vt 0.63333 0.30000
vt 0.63333 0.35000
vt 0.63333 0.40000
vt 0.63333 0.45000
vt 0.63333 0.50000
vt 0.63333 0.55000
vt 0.63333 0.60000
vt 0.63333 0.65000
vt 0.63333 0.70000
vt 0.63333 0.75000
vt 0.63333 0.80000
vt 0.63333 0.85000
vt 0.63333 0.90000
vt 0.63333 0.95000
vt 0.63333 1.00000
vt 0.66667 0.00000
vt 0.66667 0.05000
vt 0.66667 0.10000
vt 0.66667 0.15000
vt 0.66667 0.20000
vt 0.66667 0.25000
vt 0.66667 0.30000
vt 0.66667 0.35000
vt 0.66667 0.40000
vt 0.66667 0.45000
vt 0.66667 0.50000
vt 0.66667 0.55000
vt 0.66667 0.60000
vt 0.66667 0.65000
vt 0.66667 0.70000
vt 0.66667 0.75000
vt 0.66667 0.80000
vt 0.66667 0.85000
vt 0.66667 0.90000
vt 0.66667 0.95000
vt 0.66667 1.00000
vt 0.70000 0.00000
vt 0.70000 0.05000
vt 0.70000 0.10000
vt 0.70000 0.15000
vt 0.70000 0.20000
vt 0.70000 0.25000
vt 0.70000 0.30000
vt 0.70000 0.35000
vt 0.70000 0.40000
vt 0.70000 0.45000
vt 0.70000 0.50000
vt 0.70000 0.55000
vt 0.70000 0.60000
vt 0.70000 0.65000
vt 0.70000 0.70000
vt 0.70000 0.75000
vt 0.70000 0.80000
vt 0.70000 0.85000
vt 0.70000 0.90000
vt 0.70000 0.95000
vt 0.70000 1.00000
vt 0.73333 0.00000
vt 0.73333 0.05000
vt 0.73333 0.10000
vt 0.73333 0.15000
vt 0.73333 0.20000
vt 0.73333 0.25000
vt 0.73333 0.30000
vt 0.73333 0.35000
vt 0.73333 0.40000
vt 0.73333 0.45000
vt 0.73333 0.50000
vt 0.73333 0.55000
vt 0.73333 0.60000
vt 0.73333 0.65000
vt 0.73333 0.70000
vt 0.73333 0.75000
vt 0.73333 0.80000
vt 0.73333 0.85000
vt 0.73333 0.90000
vt 0.73333 0.95000
vt 0.73333 1.00000
vt 0.76667 0.00000
vt 0.76667 0.05000
vt 0.76667 0.10000
vt 0.76667 0.15000
vt 0.76667 0.20000
vt 0.76667 0.25000
vt 0.76667 0.30000
vt 0.76667 0.35000
vt 0.76667 0.40000
vt 0.76667 0.45000
vt 0.76667 0.50000
vt 0.76667 0.55000
vt 0.76667 0.60000
vt 0.76667 0.65000
vt 0.76667 0.70000
vt 0.76667 0.75000
vt 0.76667 0.80000
vt 0.76667 0.85000
vt 0.76667 0.90000
vt 0.76667 0.95000
vt 0.76667 1.00000
vt 0.80000 0.00000
vt 0.80000 0.05000
vt 0.80000 0.10000
vt 0.80000 0.15000
vt 0.80000 0.20000
vt 0.80000 0.25000
vt 0.80000 0.30000
vt 0.80000 0.35000
vt 0.80000 0.40000
vt 0.80000 0.45000
vt 0.80000 0.50000
vt 0.80000 0.55000
vt 0.80000 0.60000
vt 0.80000 0.65000
vt 0.80000 0.70000
vt 0.80000 0.75000
vt 0.80000 0.80000
vt 0.80000 0.85000
vt 0.80000 0.90000
vt 0.80000 0.95000
vt 0.80000 1.00000
vt 0.83333 0.00000
vt 0.83333 0.05000
vt 0.83333 0.10000
vt 0.83333 0.15000
vt 0.83333 0.20000
vt 0.83333 0.25000
vt 0.83333 0.30000
vt 0.83333 0.35000
vt 0.83333 0.40000
vt 0.83333 0.45000
vt 0.83333 0.50000
vt 0.83333 0.55000
vt 0.83333 0.60000
vt 0.83333 0.65000
vt 0.83333 0.70000
vt 0.83333 0.75000
vt 0.83333 0.80000
vt 0.83333 0.85000
vt 0.83333 0.90000
vt 0.83333 0.95000
vt 0.83333 1.00000
vt 0.86667 0.00000
vt 0.86667 0.05000
vt 0.86667 0.10000
vt 0.86667 0.15000
vt 0.86667 0.20000
vt 0.86667 0.25000
vt 0.86667 0.30000
vt 0.86667 0.35000
vt 0.86667 0.40000
vt 0.86667 0.45000
vt 0.86667 0.50000
vt 0.86667 0.55000
vt 0.86667 0.60000
vt 0.86667 0.65000
vt 0.86667 0.70000
vt 0.86667 0.75000
vt 0.86667 0.80000
vt 0.86667 0.85000
vt 0.86667 0.90000
vt 0.86667 0.95000
vt 0.86667 1.00000
vt 0.90000 0.00000
vt 0.90000 0.05000
vt 0.90000 0.10000
vt 0.90000 0.15000
vt 0.90000 0.20000
vt 0.90000 0.25000
vt 0.90000 0.30000
vt 0.90000 0.35000
vt 0.90000 0.40000
vt 0.90000 0.45000
vt 0.90000 0.50000
vt 0.90000 0.55000
vt 0.90000 0.60000
vt 0.90000 0.65000
vt 0.90000 0.70000
vt 0.90000 0.75000
vt 0.90000 0.80000
vt 0.90000 0.85000
vt 0.90000 0.90000
vt 0.90000 0.95000
vt 0.90000 1.00000
vt 0.93333 0.00000
vt 0.93333 0.05000
vt 0.93333 0.10000
vt 0.93333 0.15000
vt 0.93333 0.20000
vt 0.93333 0.25000
vt 0.93333 0.30000
vt 0.93333 0.35000
vt 0.93333 0.40000
vt 0.93333 0.45000
vt 0.93333 0.50000
vt 0.93333 0.55000
vt 0.93333 0.60000
vt 0.93333 0.65000
vt 0.93333 0.70000
vt 0.93333 0.75000
vt 0.93333 0.80000
vt 0.93333 0.85000
vt 0.93333 0.90000
vt 0.93333 0.95000
vt 0.93333 1.00000
vt 0.96667 0.00000
vt 0.96667 0.05000
vt 0.96667 0.10000
vt 0.96667 0.15000
vt 0.96667 0.20000
vt 0.96667 0.25000
vt 0.96667 0.30000
vt 0.96667 0.35000
vt 0.96667 0.40000
vt 0.96667 0.45000
vt 0.96667 0.50000
vt 0.96667 0.55000
vt 0.96667 0.60000
vt 0.96667 0.65000
vt 0.96667 0.70000
vt 0.96667 0.75000
vt 0.96667 0.80000
vt 0.96667 0.85000
vt 0.96667 0.90000
vt 0.96667 0.95000
vt 0.96667 1.00000
vt 1.00000 0.00000
vt 1.00000 0.05000
vt 1.00000 0.10000
vt 1.00000 0.15000
vt 1.00000 0.20000
vt 1.00000 0.25000
vt 1.00000 0.30000
vt 1.00000 0.35000
vt 1.00000 0.40000
vt 1.00000 0.45000
vt 1.00000 0.50000
vt 1.00000 0.55000
vt 1.00000 0.60000
vt 1.00000 0.65000
vt 1.00000 0.70000
vt 1.00000 0.75000
vt 1.00000 0.80000
vt 1.00000 0.85000
vt 1.00000 0.90000
vt 1.00000 0.95000
vt 1.00000 1.00000
vt 0.00000 0.00000
vt 0.00000 0.12500
vt 0.00000 0.25000
vt 0.00000 0.37500
vt 0.00000 0.50000
vt 0.00000 0.62500
vt 0.00000 0.75000
vt 0.00000 0.87500
vt 0.00000 1.00000
vt 0.06250 0.00000
vt 0.06250 0.12500
vt 0.06250 0.25000
vt 0.06250 0.37500
vt 0.06250 0.50000
vt 0.06250 0.62500
vt 0.06250 0.75000
vt 0.06250 0.87500
vt 0.06250 1.00000
vt 0.12500 0.00000
vt 0.12500 0.12500
vt 0.12500 0.25000
vt 0.12500 0.37500
vt 0.12500 0.50000
vt 0.12500 0.62500
vt 0.12500 0.75000
vt 0.12500 0.87500
vt 0.12500 1.00000
vt 0.18750 0.00000
vt 0.18750 0.12500
vt 0.18750 0.25000
vt 0.18750 0.37500
vt 0.18750 0.50000
vt 0.18750 0.62500
vt 0.18750 0.75000
vt 0.18750 0.87500
vt 0.18750 1.00000
vt 0.25000 0.00000
vt 0.25000 0.12500
vt 0.25000 0.25000
vt 0.25000 0.37500
vt 0.25000 0.50000
vt 0.25000 0.62500
vt 0.25000 0.75000
vt 0.25000 0.87500
vt 0.25000 1.00000
vt 0.31250 0.00000
vt 0.31250 0.12500
vt 0.31250 0.25000
vt 0.31250 0.37500
vt 0.31250 0.50000
vt 0.31250 0.62500
vt 0.31250 0.75000
vt 0.31250 0.87500
vt 0.31250 1.00000
vt 0.37500 0.00000
vt 0.37500 0.12500
vt 0.37500 0.25000
vt 0.37500 0.37500
vt 0.37500 0.50000
vt 0.37500 0.62500
vt 0.37500 0.75000
vt 0.37500 0.87500
vt 0.37500 1.00000
vt 0.43750 0.00000
vt 0.43750 0.12500
vt 0.43750 0.25000
vt 0.43750 0.37500
vt 0.43750 0.50000
vt 0.43750 0.62500
vt 0.43750 0.75000
vt 0.43750 0.87500
vt 0.43750 1.00000
vt 0.50000 0.00000
vt 0.50000 0.12500
vt 0.50000 0.25000
vt 0.50000 0.37500
vt 0.50000 0.50000
vt 0.50000 0.62500
vt 0.50000 0.75000
vt 0.50000 0.87500
vt 0.50000 1.00000
vt 0.56250 0.00000
vt 0.56250 0.12500
vt 0.56250 0.25000
vt 0.56250 0.37500
vt 0.56250 0.50000
vt 0.56250 0.62500
vt 0.56250 0.75000
vt 0.56250 0.87500
vt 0.56250 1.00000
vt 0.62500 0.00000
vt 0.62500 0.12500
vt 0.62500 0.25000
vt 0.62500 0.37500
vt 0.62500 0.50000
vt 0.62500 0.62500
vt 0.62500 0.75000
vt 0.62500 0.87500
vt 0.62500 1.00000
vt 0.68750 0.00000
vt 0.68750 0.12500
vt 0.68750 0.25000
vt 0.68750 0.37500
vt 0.68750 0.50000
vt 0.68750 0.62500
vt 0.68750 0.75000
vt 0.68750 0.87500
vt 0.68750 1.00000
vt 0.75000 0.00000
vt 0.75000 0.12500
vt 0.75000 0.25000
vt 0.75000 0.37500
vt 0.75000 0.50000
vt 0.75000 0.62500
vt 0.75000 0.75000
vt 0.75000 0.87500
vt 0.75000 1.00000
vt 0.81250 0.00000
vt 0.81250 0.12500
vt 0.81250 0.25000
vt 0.81250 0.37500
vt 0.81250 0.50000
vt 0.81250 0.62500
vt 0.81250 0.75000
vt 0.81250 0.87500
vt 0.81250 1.00000
vt 0.87500 0.00000
vt 0.87500 0.12500
vt 0.87500 0.25000
vt 0.87500 0.37500
vt 0.87500 0.50000
vt 0.87500 0.62500
vt 0.87500 0.75000
vt 0.87500 0.87500
vt 0.87500 1.00000
vt 0.93750 0.00000
vt 0.93750 0.12500
vt 0.93750 0.25000
vt 0.93750 0.37500
vt 0.93750 0.50000
vt 0.93750 0.62500
vt 0.93750 0.75000
vt 0.93750 0.87500
vt 0.93750 1.00000
vt 1.00000 0.00000
vt 1.00000 0.12500
vt 1.00000 0.25000
vt 1.00000 0.37500
vt 1.00000 0.50000
vt 1.00000 0.62500
vt 1.00000 0.75000
vt 1.00000 0.87500
vt 1.00000 1.00000
vt 0.00000 0.00000
vt 0.00000 0.05000
vt 0.00000 0.10000
vt 0.00000 0.15000
vt 0.00000 0.20000
vt 0.00000 0.25000
vt 0.00000 0.30000
vt 0.00000 0.35000
vt 0.00000 0.40000
vt 0.00000 0.45000
vt 0.00000 0.50000
vt 0.00000 0.55000
vt 0.00000 0.60000
vt 0.00000 0.65000
vt 0.00000 0.70000
vt 0.00000 0.75000
vt 0.00000 0.80000
vt 0.00000 0.85000
vt 0.00000 0.90000
vt 0.00000 0.95000
vt 0.00000 1.00000
vt 0.03333 0.00000
vt 0.03333 0.05000
vt 0.03333 0.10000
vt 0.03333 0.15000
vt 0.03333 0.20000
vt 0.03333 0.25000
vt 0.03333 0.30000
vt 0.03333 0.35000
vt 0.03333 0.40000
vt 0.03333 0.45000
vt 0.03333 0.50000
vt 0.03333 0.55000
vt 0.03333 0.60000
vt 0.03333 0.65000
vt 0.03333 0.70000
vt 0.03333 0.75000
vt 0.03333 0.80000
vt 0.03333 0.85000
vt 0.03333 0.90000
vt 0.03333 0.95000
vt 0.03333 1.00000
vt 0.06667 0.00000
vt 0.06667 0.05000
vt 0.06667 0.10000
vt 0.06667 0.15000
vt 0.06667 0.20000
vt 0.06667 0.25000
vt 0.06667 0.30000
vt 0.06667 0.35000
vt 0.06667 0.40000
vt 0.06667 0.45000
vt 0.06667 0.50000
vt 0.06667 0.55000
vt 0.06667 0.60000
vt 0.06667 0.65000
vt 0.06667 0.70000
vt 0.06667 0.75000
vt 0.06667 0.80000
vt 0.06667 0.85000
vt 0.06667 0.90000
vt 0.06667 0.95000
vt 0.06667 1.00000
vt 0.10000 0.00000
vt 0.10000 0.05000
vt 0.10000 0.10000
vt 0.10000 0.15000
vt 0.10000 0.20000
vt 0.10000 0.25000
vt 0.10000 0.30000
vt 0.10000 0.35000
vt 0.10000 0.40000
vt 0.10000 0.45000
vt 0.10000 0.50000
vt 0.10000 0.55000
vt 0.10000 0.60000
vt 0.10000 0.65000
vt 0.10000 0.70000
vt 0.10000 0.75000
vt 0.10000 0.80000
vt 0.10000 0.85000
vt 0.10000 0.90000
vt 0.10000 0.95000
vt 0.10000 1.00000
vt 0.13333 0.00000
vt 0.13333 0.05000
vt 0.13333 0.10000
vt 0.13333 0.15000
vt 0.13333 0.20000
vt 0.13333 0.25000
vt 0.13333 0.30000
vt 0.13333 0.35000
vt 0.13333 0.40000
vt 0.13333 0.45000
vt 0.13333 0.50000
vt 0.13333 0.55000
vt 0.13333 0.60000
vt 0.13333 0.65000
vt 0.13333 0.70000
vt 0.13333 0.75000
vt 0.13333 0.80000
vt 0.13333 0.85000
vt 0.13333 0.90000
vt 0.13333 0.95000
vt 0.13333 1.00000
vt 0.16667 0.00000
vt 0.16667 0.05000
vt 0.16667 0.10000
vt 0.16667 0.15000
vt 0.16667 0.20000
vt 0.16667 0.25000
vt 0.16667 0.30000
vt 0.16667 0.35000
vt 0.16667 0.40000
vt 0.16667 0.45000
vt 0.16667 0.50000
vt 0.16667 0.55000
vt 0.16667 0.60000
vt 0.16667 0.65000
vt 0.16667 0.70000
vt 0.16667 0.75000
vt 0.16667 0.80000
vt 0.16667 0.85000
vt 0.16667 0.90000
vt 0.16667 0.95000
vt 0.16667 1.00000
vt 0.20000 0.00000
vt 0.20000 0.05000
vt 0.20000 0.10000
vt 0.20000 0.15000
vt 0.20000 0.20000
vt 0.20000 0.25000
vt 0.20000 0.30000
vt 0.20000 0.35000
vt 0.20000 0.40000
vt 0.20000 0.45000
vt 0.20000 0.50000
vt 0.20000 0.55000
vt 0.20000 0.60000
vt 0.20000 0.65000
vt 0.20000 0.70000
vt 0.20000 0.75000
vt 0.20000 0.80000
vt 0.20000 0.85000
vt 0.20000 0.90000
vt 0.20000 0.95000
vt 0.20000 1.00000
vt 0.23333 0.00000
vt 0.23333 0.05000
vt 0.23333 0.10000
vt 0.23333 0.15000
vt 0.23333 0.20000
vt 0.23333 0.25000
vt 0.23333 0.30000
vt 0.23333 0.35000
vt 0.23333 0.40000
vt 0.23333 0.45000
vt 0.23333 0.50000
vt 0.23333 0.55000
vt 0.23333 0.60000
vt 0.23333 0.65000
vt 0.23333 0.70000
vt 0.23333 0.75000
vt 0.23333 0.80000
vt 0.23333 0.85000
vt 0.23333 0.90000
vt 0.23333 0.95000
vt 0.23333 1.00000
vt 0.26667 0.00000
vt 0.26667 0.05000
vt 0.26667 0.10000
vt 0.26667 0.15000
vt 0.26667 0.20000
vt 0.26667 0.25000
vt 0.26667 0.30000
vt 0.26667 0.35000
vt 0.26667 0.40000
vt 0.26667 0.45000
vt 0.26667 0.50000
vt 0.26667 0.55000
vt 0.26667 0.60000
vt 0.26667 0.65000
vt 0.26667 0.70000
vt 0.26667 0.75000
vt 0.26667 0.80000
vt 0.26667 0.85000
vt 0.26667 0.90000
vt 0.26667 0.95000
vt 0.26667 1.00000
vt 0.30000 0.00000
vt 0.30000 0.05000
vt 0.30000 0.10000
vt 0.30000 0.15000
vt 0.30000 0.20000
vt 0.30000 0.25000
vt 0.30000 0.30000
vt 0.30000 0.35000
vt 0.30000 0.40000
vt 0.30000 0.45000
vt 0.30000 0.50000
vt 0.30000 0.55000
vt 0.30000 0.60000
vt 0.30000 0.65000
vt 0.30000 0.70000
vt 0.30000 0.75000
vt 0.30000 0.80000
vt 0.30000 0.85000
vt 0.30000 0.90000
vt 0.30000 0.95000
vt 0.30000 1.00000
vt 0.33333 0.00000
vt 0.33333 0.05000
vt 0.33333 0.10000
vt 0.33333 0.15000
vt 0.33333 0.20000
vt 0.33333 0.25000
vt 0.33333 0.30000
vt 0.33333 0.35000
vt 0.33333 0.40000
vt 0.33333 0.45000
vt 0.33333 0.50000
vt 0.33333 0.55000
vt 0.33333 0.60000
vt 0.33333 0.65000
vt 0.33333 0.70000
vt 0.33333 0.75000
vt 0.33333 0.80000
vt 0.33333 0.85000
vt 0.33333 0.90000
vt 0.33333 0.95000
vt 0.33333 1.00000
vt 0.36667 0.00000
vt 0.36667 0.05000
vt 0.36667 0.10000
vt 0.36667 0.15000
vt 0.36667 0.20000
vt 0.36667 0.25000
vt 0.36667 0.30000
vt 0.36667 0.35000
vt 0.36667 0.40000
vt 0.36667 0.45000
vt 0.36667 0.50000
vt 0.36667 0.55000
vt 0.36667 0.60000
vt 0.36667 0.65000
vt 0.36667 0.70000
vt 0.36667 0.75000
vt 0.36667 0.80000
vt 0.36667 0.85000
vt 0.36667 0.90000
vt 0.36667 0.95000
vt 0.36667 1.00000
vt 0.40000 0.00000
vt 0.40000 0.05000
vt 0.40000 0.10000
vt 0.40000 0.15000
vt 0.40000 0.20000
vt 0.40000 0.25000
vt 0.40000 0.30000
vt 0.40000 0.35000
vt 0.40000 0.40000
vt 0.40000 0.45000
vt 0.40000 0.50000
vt 0.40000 0.55000
vt 0.40000 0.60000
vt 0.40000 0.65000
vt 0.40000 0.70000
vt 0.40000 0.75000
vt 0.40000 0.80000
vt 0.40000 0.85000
vt 0.40000 0.90000
vt 0.40000 0.95000
vt 0.40000 1.00000
vt 0.43333 0.00000
vt 0.43333 0.05000
vt 0.43333 0.10000
vt 0.43333 0.15000
vt 0.43333 0.20000
vt 0.43333 0.25000
vt 0.43333 0.30000
vt 0.43333 0.35000
vt 0.43333 0.40000
vt 0.43333 0.45000
vt 0.43333 0.50000
vt 0.43333 0.55000
vt 0.43333 0.60000
vt 0.43333 0.65000
vt 0.43333 0.70000
vt 0.43333 0.75000
vt 0.43333 0.80000
vt 0.43333 0.85000
vt 0.43333 0.90000
vt 0.43333 0.95000
vt 0.43333 1.00000
vt 0.46667 0.00000
vt 0.46667 0.05000
vt 0.46667 0.10000
vt 0.46667 0.15000
vt 0.46667 0.20000
vt 0.46667 0.25000
vt 0.46667 0.30000
vt 0.46667 0.35000
vt 0.46667 0.40000
vt 0.46667 0.45000
vt 0.46667 0.50000
vt 0.46667 0.55000
vt 0.46667 0.60000
vt 0.46667 0.65000
vt 0.46667 0.70000
vt 0.46667 0.75000
vt 0.46667 0.80000
vt 0.46667 0.85000
vt 0.46667 0.90000
vt 0.46667 0.95000
vt 0.46667 1.00000
vt 0.50000 0.00000
vt 0.50000 0.05000
vt 0.50000 0.10000
vt 0.50000 0.15000
vt 0.50000 0.20000
vt 0.50000 0.25000
vt 0.50000 0.30000
vt 0.50000 0.35000
vt 0.50000 0.40000
vt 0.50000 0.45000
vt 0.50000 0.50000
vt 0.50000 0.55000
vt 0.50000 0.60000
vt 0.50000 0.65000
vt 0.50000 0.70000
vt 0.50000 0.75000
vt 0.50000 0.80000
vt 0.50000 0.85000
vt 0.50000 0.90000
vt 0.50000 0.95000
vt 0.50000 1.00000
vt 0.53333 0.00000
vt 0.53333 0.05000
vt 0.53333 0.10000
vt 0.53333 0.15000
vt 0.53333 0.20000
vt 0.53333 0.25000
vt 0.53333 0.30000
vt 0.53333 0.35000
vt 0.53333 0.40000
vt 0.53333 0.45000
vt 0.53333 0.50000
vt 0.53333 0.55000
vt 0.53333 0.60000
vt 0.53333 0.65000
vt 0.53333 0.70000
vt 0.53333 0.75000
vt 0.53333 0.80000
vt 0.53333 0.85000
vt 0.53333 0.90000
vt 0.53333 0.95000
vt 0.53333 1.00000
vt 0.56667 0.00000
vt 0.56667 0.05000
vt 0.56667 0.10000
vt 0.56667 0.15000
vt 0.56667 0.20000
vt 0.56667 0.25000
vt 0.56667 0.30000
vt 0.56667 0.35000
vt 0.56667 0.40000
vt 0.56667 0.45000
vt 0.56667 0.50000
vt 0.56667 0.55000
vt 0.56667 0.60000
vt 0.56667 0.65000
vt 0.56667 0.70000
vt 0.56667 0.75000
vt 0.56667 0.80000
vt 0.56667 0.85000
vt 0.56667 0.90000
vt 0.56667 0.95000
vt 0.56667 1.00000
vt 0.60000 0.00000
vt 0.60000 0.05000
vt 0.60000 0.10000
vt 0.60000 0.15000
vt 0.60000 0.20000
vt 0.60000 0.25000
vt 0.60000 0.30000
vt 0.60000 0.35000
vt 0.60000 0.40000
vt 0.60000 0.45000
vt 0.60000 0.50000
vt 0.60000 0.55000
vt 0.60000 0.60000
vt 0.60000 0.65000
vt 0.60000 0.70000
vt 0.60000 0.75000
vt 0.60000 0.80000
vt 0.60000 0.85000
vt 0.60000 0.90000
vt 0.60000 0.95000
vt 0.60000 1.00000
vt 0.63333 0.00000
vt 0.63333 0.05000
vt 0.63333 0.10000
vt 0.63333 0.15000
vt 0.63333 0.20000
vt 0.63333 0.25000
vt 0.63333 0.30000
vt 0.63333 0.35000
vt 0.63333 0.40000
vt 0.63333 0.45000
vt 0.63333 0.50000
vt 0.63333 0.55000
vt 0.63333 0.60000
vt 0.63333 0.65000
vt 0.63333 0.70000
vt 0.63333 0.75000
vt 0.63333 0.80000
vt 0.63333 0.85000
vt 0.63333 0.90000
vt 0.63333 0.95000
vt 0.63333 1.00000
vt 0.66667 0.00000
vt 0.66667 0.05000
vt 0.66667 0.10000
vt 0.66667 0.15000
vt 0.66667 0.20000
vt 0.66667 0.25000
vt 0.66667 0.30000
vt 0.66667 0.35000
vt 0.66667 0.40000
vt 0.66667 0.45000
vt 0.66667 0.50000
vt 0.66667 0.55000
vt 0.66667 0.60000
vt 0.66667 0.65000
vt 0.66667 0.70000
vt 0.66667 0.75000
vt 0.66667 0.80000
vt 0.66667 0.85000
vt 0.66667 0.90000
vt 0.66667 0.95000
vt 0.66667 1.00000
vt 0.70000 0.00000
vt 0.70000 0.05000
vt 0.70000 0.10000
vt 0.70000 0.15000
vt 0.70000 0.20000
vt 0.70000 0.25000
vt 0.70000 0.30000
vt 0.70000 0.35000
vt 0.70000 0.40000
vt 0.70000 0.45000
vt 0.70000 0.50000
vt 0.70000 0.55000
vt 0.70000 0.60000
vt 0.70000 0.65000
vt 0.70000 0.70000
vt 0.70000 0.75000
vt 0.70000 0.80000
vt 0.70000 0.85000
vt 0.70000 0.90000
vt 0.70000 0.95000
vt 0.70000 1.00000
vt 0.73333 0.00000
vt 0.73333 0.05000
vt 0.73333 0.10000
vt 0.73333 0.15000
vt 0.73333 0.20000
vt 0.73333 0.25000
vt 0.73333 0.30000
vt 0.73333 0.35000
vt 0.73333 0.40000
vt 0.73333 0.45000
vt 0.73333 0.50000
vt 0.73333 0.55000
vt 0.73333 0.60000
vt 0.73333 0.65000
vt 0.73333 0.70000
vt 0.73333 0.75000
vt 0.73333 0.80000
vt 0.73333 0.85000
vt 0.73333 0.90000
vt 0.73333 0.95000
vt 0.73333 1.00000
vt 0.76667 0.00000
vt 0.76667 0.05000
vt 0.76667 0.10000
vt 0.76667 0.15000
vt 0.76667 0.20000
vt 0.76667 0.25000
vt 0.76667 0.30000
vt 0.76667 0.35000
vt 0.76667 0.40000
vt 0.76667 0.45000
vt 0.76667 0.50000
vt 0.76667 0.55000
vt 0.76667 0.60000
vt 0.76667 0.65000
vt 0.76667 0.70000
vt 0.76667 0.75000
vt 0.76667 0.80000
vt 0.76667 0.85000
vt 0.76667 0.90000
vt 0.76667 0.95000
vt 0.76667 1.00000
vt 0.80000 0.00000
vt 0.80000 0.05000
vt 0.80000 0.10000
vt 0.80000 0.15000
vt 0.80000 0.20000
vt 0.80000 0.25000
vt 0.80000 0.30000
vt 0.80000 0.35000
vt 0.80000 0.40000
vt 0.80000 0.45000
vt 0.80000 0.50000
vt 0.80000 0.55000
vt 0.80000 0.60000
vt 0.80000 0.65000
vt 0.80000 0.70000
vt 0.80000 0.75000
vt 0.80000 0.80000
vt 0.80000 0.85000
vt 0.80000 0.90000
vt 0.80000 0.95000
vt 0.80000 1.00000
vt 0.83333 0.00000
vt 0.83333 0.05000
vt 0.83333 0.10000
vt 0.83333 0.15000
vt 0.83333 0.20000
vt 0.83333 0.25000
vt 0.83333 0.30000
vt 0.83333 0.35000
vt 0.83333 0.40000
vt 0.83333 0.45000
vt 0.83333 0.50000
vt 0.83333 0.55000
vt 0.83333 0.60000
vt 0.83333 0.65000
vt 0.83333 0.70000
vt 0.83333 0.75000
vt 0.83333 0.80000
vt 0.83333 0.85000
vt 0.83333 0.90000
vt 0.83333 0.95000
vt 0.83333 1.00000
vt 0.86667 0.00000
vt 0.86667 0.05000
vt 0.86667 0.10000
vt 0.86667 0.15000
vt 0.86667 0.20000
vt 0.86667 0.25000
vt 0.86667 0.30000
vt 0.86667 0.35000
vt 0.86667 0.40000
vt 0.86667 0.45000
vt 0.86667 0.50000
vt 0.86667 0.55000
vt 0.86667 0.60000
vt 0.86667 0.65000
vt 0.86667 0.70000
vt 0.86667 0.75000
vt 0.86667 0.80000
vt 0.86667 0.85000
vt 0.86667 0.90000
vt 0.86667 0.95000
vt 0.86667 1.00000
vt 0.90000 0.00000
vt 0.90000 0.05000
vt 0.90000 0.10000
vt 0.90000 0.15000
vt 0.90000 0.20000
vt 0.90000 0.25000
vt 0.90000 0.30000
vt 0.90000 0.35000
vt 0.90000 0.40000
vt 0.90000 0.45000
vt 0.90000 0.50000
vt 0.90000 0.55000
vt 0.90000 0.60000
vt 0.90000 0.65000
vt 0.90000 0.70000
vt 0.90000 0.75000
vt 0.90000 0.80000
vt 0.90000 0.85000
vt 0.90000 0.90000
vt 0.90000 0.95000
vt 0.90000 1.00000
vt 0.93333 0.00000
vt 0.93333 0.05000
vt 0.93333 0.10000
vt 0.93333 0.15000
vt 0.93333 0.20000
vt 0.93333 0.25000
vt 0.93333 0.30000
vt 0.93333 0.35000
vt 0.93333 0.40000
vt 0.93333 0.45000
vt 0.93333 0.50000
vt 0.93333 0.55000
vt 0.93333 0.60000
vt 0.93333 0.65000
vt 0.93333 0.70000
vt 0.93333 0.75000
vt 0.93333 0.80000
vt 0.93333 0.85000
vt 0.93333 0.90000
vt 0.93333 0.95000
vt 0.93333 1.00000
vt 0.96667 0.00000
vt 0.96667 0.05000
vt 0.96667 0.10000
vt 0.96667 0.15000
vt 0.96667 0.20000
vt 0.96667 0.25000
vt 0.96667 0.30000
vt 0.96667 0.35000
vt 0.96667 0.40000
vt 0.96667 0.45000
vt 0.96667 0.50000
vt 0.96667 0.55000
vt 0.96667 0.60000
vt 0.96667 0.65000
vt 0.96667 0.70000
vt 0.96667 0.75000
vt 0.96667 0.80000
vt 0.96667 0.85000
vt 0.96667 0.90000
vt 0.96667 0.95000
vt 0.96667 1.00000
vt 1.00000 0.00000
vt 1.00000 0.05000
vt 1.00000 0.10000
vt 1.00000 0.15000
vt 1.00000 0.20000
vt 1.00000 0.25000
vt 1.00000 0.30000
vt 1.00000 0.35000
vt 1.00000 0.40000
vt 1.00000 0.45000
vt 1.00000 0.50000
vt 1.00000 0.55000
vt 1.00000 0.60000
vt 1.00000 0.65000
vt 1.00000 0.70000
vt 1.00000 0.75000
vt 1.00000 0.80000
vt 1.00000 0.85000
vt 1.00000 0.90000
vt 1.00000 0.95000
vt 1.00000 1.00000
vn -0.03785 0.91641 -0.39844
vn -0.04166 0.92365 -0.38097
vn -0.04630 0.93203 -0.35941
vn -0.05205 0.94178 -0.33219
vn -0.05937 0.95307 -0.29686
vn -0.06893 0.96594 -0.24942
vn -0.08182 0.97970 -0.18302
vn -0.09979 0.99134 -0.08535
vn -0.12539 0.98991 0.06599
vn -0.03488 0.92208 -0.38542
vn -0.03837 0.92959 -0.36659
vn -0.04260 0.93823 -0.34338
vn -0.04785 0.94818 -0.31412
vn -0.05450 0.95954 -0.27624
vn -0.06313 0.97217 -0.22560
vn -0.07467 0.98506 -0.15518
vn -0.09053 0.99449 -0.05276
vn -0.11260 0.98831 0.10276
vn -0.02663 0.92687 -0.37444
vn -0.02928 0.93461 -0.35447
vn -0.03250 0.94346 -0.32988
vn -0.03647 0.95357 -0.29894
vn -0.04148 0.96499 -0.25898
vn -0.04796 0.97743 -0.20573
vn -0.05657 0.98962 -0.13211
vn -0.06826 0.99733 -0.02605
vn -0.08423 0.98761 0.13242
vn -0.01439 0.93006 -0.36713
vn -0.01582 0.93795 -0.34641
vn -0.01755 0.94694 -0.32092
vn -0.01968 0.95716 -0.28888
vn -0.02237 0.96862 -0.24756
vn -0.02583 0.98093 -0.19263
vn -0.03041 0.99267 -0.11697
vn -0.03659 0.99929 -0.00864
vn -0.04492 0.98743 0.15155
vn -0.00000 0.93118 -0.36457
vn -0.00000 0.93912 -0.34359
vn -0.00000 0.94816 -0.31778
vn -0.00000 0.95842 -0.28536
vn -0.00000 0.96988 -0.24356
vn -0.00000 0.98216 -0.18806
vn -0.00000 0.99374 -0.11170
vn -0.00000 1.00000 -0.00261
vn -0.00000 0.98742 0.15814
vn 0.01439 0.93006 -0.36713
vn 0.01582 0.93795 -0.34641
vn 0.01755 0.94694 -0.32092
vn 0.01968 0.95716 -0.28888
vn 0.02237 0.96862 -0.24756
vn 0.02583 0.98093 -0.19263
vn 0.03041 0.99267 -0.11697
vn 0.03659 0.99929 -0.00864
vn 0.04492 0.98743 0.15155
vn 0.02663 0.92687 -0.37444
vn 0.02928 0.93461 -0.35447
vn 0.03250 0.94346 -0.32988
vn 0.03647 0.95357 -0.29894
vn 0.04148 0.96499 -0.25898
vn 0.04796 0.97743 -0.20573
vn 0.05657 0.98962 -0.13211
vn 0.06826 0.99733 -0.02605
vn 0.08423 0.98761 0.13242
vn 0.03488 0.92208 -0.38542
vn 0.03837 0.92959 -0.36659
vn 0.04260 0.93823 -0.34338
vn 0.04785 0.94818 -0.31412
vn 0.05450 0.95954 -0.27624
vn 0.06313 0.97217 -0.22560
vn 0.07467 0.98506 -0.15518
vn 0.09053 0.99449 -0.05276
vn 0.11260 0.98831 0.10276
vn 0.03785 0.91641 -0.39844
vn 0.04166 0.92365 -0.38097
vn 0.04630 0.93203 -0.35941
vn 0.05205 0.94178 -0.33219
vn 0.05937 0.95307 -0.29686
vn 0.06893 0.96594 -0.24942
vn 0.08182 0.97970 -0.18302
vn 0.09979 0.99134 -0.08535
vn 0.12539 0.98991 0.06599
vn 0.03506 0.91072 -0.41153
vn 0.03861 0.91768 -0.39545
vn 0.04294 0.92579 -0.37558
vn 0.04834 0.93533 -0.35045
vn 0.05522 0.94656 -0.31776
vn 0.06425 0.95967 -0.27369
vn 0.07655 0.97435 -0.21160
vn 0.09395 0.98842 -0.11919
vn 0.11939 0.99248 0.02707
vn 0.02690 0.90588 -0.42269
vn 0.02964 0.91259 -0.40780
vn 0.03298 0.92048 -0.38939
vn 0.03716 0.92984 -0.36609
vn 0.04250 0.94101 -0.33571
vn 0.04956 0.95433 -0.29463
vn 0.05924 0.96984 -0.23643
vn 0.07311 0.98614 -0.14896
vn 0.09388 0.99555 -0.00785
vn 0.01458 0.90263 -0.43017
vn 0.01607 0.90918 -0.41609
vn 0.01789 0.91692 -0.39868
vn 0.02017 0.92615 -0.37662
vn 0.02309 0.93727 -0.34783
vn 0.02696 0.95074 -0.30881
vn 0.03230 0.96684 -0.25334
vn 0.04002 0.98473 -0.16944
vn 0.05178 0.99814 -0.03228
vn 0.00000 0.90149 -0.43281
vn 0.00000 0.90798 -0.41901
vn 0.00000 0.91566 -0.40195
vn 0.00000 0.92485 -0.38033
vn 0.00000 0.93596 -0.35210
vn 0.00000 0.94948 -0.31383
vn 0.00000 0.96578 -0.25935
vn 0.00000 0.98426 -0.17674
vn 0.00000 0.99916 -0.04109
vn -0.01458 0.90263 -0.43017
vn -0.01607 0.90918 -0.41609
vn -0.01789 0.91692 -0.39868
vn -0.02017 0.92615 -0.37662
vn -0.02309 0.93727 -0.34783
vn -0.02696 0.95074 -0.30881
vn -0.03230 0.96684 -0.25334
vn -0.04002 0.98473 -0.16944
vn -0.05178 0.99814 -0.03228
vn -0.02690 0.90588 -0.42269
vn -0.02964 0.91259 -0.40780
vn -0.03298 0.92048 -0.38939
vn -0.03716 0.92984 -0.36609
vn -0.04250 0.94101 -0.33571
vn -0.04956 0.95433 -0.29463
vn -0.05924 0.96984 -0.23643
vn -0.07311 0.98614 -0.14896
vn -0.09388 0.99555 -0.00785
vn -0.03506 0.91072 -0.41153
vn -0.03861 0.91768 -0.39545
vn -0.04294 0.92579 -0.37558
vn -0.04834 0.93533 -0.35045
vn -0.05522 0.94656 -0.31776
vn -0.06425 0.95967 -0.27369
vn -0.07655 0.97435 -0.21160
vn -0.09395 0.98842 -0.11919
vn -0.11939 0.99248 0.02707
vn -0.03785 0.91641 -0.39844
vn -0.04166 0.92365 -0.38097
vn -0.04630 0.93203 -0.35941
vn -0.05205 0.94178 -0.33219
vn -0.05937 0.95307 -0.29686
vn -0.06893 0.96594 -0.24942
vn -0.08182 0.97970 -0.18302
vn -0.09979 0.99134 -0.08535
vn -0.12539 0.98991 0.06599
vn 0.00000 0.92570 -0.37826
vn 0.00872 0.92557 -0.37849
vn 0.01725 0.92517 -0.37916
vn 0.02542 0.92452 -0.38027
vn 0.03305 0.92365 -0.38181
vn 0.03996 0.92257 -0.38375
vn 0.04599 0.92133 -0.38605
vn 0.05100 0.91996 -0.38868
vn 0.05484 0.91850 -0.39160
vn 0.05741 0.91700 -0.39474
vn 0.05861 0.91549 -0.39804
vn 0.05838 0.91403 -0.40142
vn 0.05669 0.91264 -0.40481
vn 0.05354 0.91136 -0.40811
vn 0.04899 0.91022 -0.41122
vn 0.04311 0.90923 -0.41406
vn 0.03605 0.90841 -0.41653
vn 0.02798 0.90776 -0.41855
vn 0.01911 0.90730 -0.42005
vn 0.00970 0.90702 -0.42098
vn 0.00000 0.90693 -0.42129
vn 0.00000 0.92570 -0.37826
vn 0.00853 0.92620 -0.37693
vn 0.01690 0.92643 -0.37609
vn 0.02492 0.92639 -0.37575
vn 0.03241 0.92608 -0.37593
vn 0.03921 0.92553 -0.37664
vn 0.04515 0.92475 -0.37789
vn 0.05009 0.92377 -0.37965
vn 0.05388 0.92263 -0.38191
vn 0.05642 0.92135 -0.38462
vn 0.05761 0.91997 -0.38774
vn 0.05739 0.91852 -0.39120
vn 0.05572 0.91703 -0.39491
vn 0.05261 0.91553 -0.39879
vn 0.04812 0.91405 -0.40273
vn 0.04233 0.91262 -0.40661
vn 0.03537 0.91125 -0.41032
vn 0.02744 0.90998 -0.41375
vn 0.01873 0.90882 -0.41678
vn 0.00949 0.90779 -0.41932
vn 0.00000 0.90693 -0.42129
vn 0.00000 0.92570 -0.37826
vn 0.00798 0.92681 -0.37544
vn 0.01580 0.92764 -0.37314
vn 0.02332 0.92818 -0.37140
vn 0.03035 0.92843 -0.37027
vn 0.03673 0.92838 -0.36981
vn 0.04232 0.92806 -0.37003
vn 0.04697 0.92747 -0.37095
vn 0.05054 0.92663 -0.37256
vn 0.05294 0.92557 -0.37486
vn 0.05406 0.92431 -0.37780
vn 0.05385 0.92287 -0.38133
vn 0.05228 0.92128 -0.38537
vn 0.04936 0.91957 -0.38981
vn 0.04512 0.91777 -0.39454
vn 0.03967 0.91590 -0.39944
vn 0.03314 0.91401 -0.40435
vn 0.02568 0.91212 -0.40913
vn 0.01752 0.91028 -0.41363
vn 0.00887 0.90853 -0.41773
vn 0.00000 0.90693 -0.42129
vn 0.00000 0.92570 -0.37826
vn 0.00707 0.92737 -0.37409
vn 0.01401 0.92875 -0.37045
vn 0.02068 0.92982 -0.36743
vn 0.02694 0.93058 -0.36510
vn 0.03262 0.93100 -0.36355
vn 0.03760 0.93110 -0.36283
vn 0.04175 0.93087 -0.36296
vn 0.04494 0.93032 -0.36399
vn 0.04708 0.92946 -0.36590
vn 0.04808 0.92831 -0.36868
vn 0.04790 0.92689 -0.37227
vn 0.04650 0.92521 -0.37660
vn 0.04389 0.92330 -0.38157
vn 0.04011 0.92119 -0.38704
vn 0.03525 0.91892 -0.39286
vn 0.02943 0.91653 -0.39888
vn 0.02279 0.91407 -0.40490
vn 0.01554 0.91161 -0.41076
vn 0.00786 0.90920 -0.41628
vn 0.00000 0.90693 -0.42129
vn 0.00000 0.92570 -0.37826
vn 0.00585 0.92784 -0.37292
vn 0.01160 0.92970 -0.36813
vn 0.01713 0.93124 -0.36401
vn 0.02232 0.93243 -0.36065
vn 0.02705 0.93327 -0.35816
vn 0.03119 0.93373 -0.35661
vn 0.03464 0.93382 -0.35607
vn 0.03730 0.93352 -0.35658
vn 0.03908 0.93284 -0.35816
vn 0.03992 0.93179 -0.36079
vn 0.03976 0.93038 -0.36444
vn 0.03860 0.92862 -0.36903
vn 0.03642 0.92653 -0.37445
vn 0.03328 0.92416 -0.38056
vn 0.02924 0.92153 -0.38719
vn 0.02440 0.91872 -0.39417
vn 0.01889 0.91577 -0.40127
vn 0.01287 0.91276 -0.40829
vn 0.00651 0.90978 -0.41503
vn 0.00000 0.90693 -0.42129
vn 0.00000 0.92570 -0.37826
vn 0.00437 0.92822 -0.37200
vn 0.00868 0.93046 -0.36630
vn 0.01282 0.93236 -0.36130
vn 0.01671 0.93391 -0.35712
vn 0.02025 0.93507 -0.35387
vn 0.02336 0.93583 -0.35167
vn 0.02595 0.93617 -0.35059
vn 0.02795 0.93607 -0.35069
vn 0.02929 0.93554 -0.35200
vn 0.02992 0.93457 -0.35452
vn 0.02980 0.93317 -0.35821
vn 0.02893 0.93134 -0.36300
vn 0.02729 0.92912 -0.36878
vn 0.02493 0.92653 -0.37540
vn 0.02190 0.92362 -0.38269
vn 0.01826 0.92045 -0.39042
vn 0.01413 0.91711 -0.39838
vn 0.00962 0.91367 -0.40634
vn 0.00487 0.91024 -0.41404
vn 0.00000 0.90693 -0.42129
vn 0.00000 0.92570 -0.37826
vn 0.00270 0.92848 -0.37136
vn 0.00536 0.93098 -0.36503
vn 0.00793 0.93314 -0.35942
vn 0.01034 0.93494 -0.35466
vn 0.01253 0.93633 -0.35090
vn 0.01446 0.93729 -0.34824
vn 0.01606 0.93781 -0.34679
vn 0.01730 0.93785 -0.34660
vn 0.01814 0.93742 -0.34772
vn 0.01853 0.93651 -0.35016
vn 0.01846 0.93511 -0.35388
vn 0.01791 0.93324 -0.35881
vn 0.01690 0.93091 -0.36485
vn 0.01544 0.92817 -0.37182
vn 0.01355 0.92507 -0.37956
vn 0.01130 0.92166 -0.38782
vn 0.00874 0.91804 -0.39638
vn 0.00595 0.91431 -0.40498
vn 0.00301 0.91056 -0.41336
vn 0.00000 0.90693 -0.42129
vn 0.00000 0.92570 -0.37826
vn 0.00091 0.92862 -0.37104
vn 0.00182 0.93125 -0.36438
vn 0.00268 0.93354 -0.35846
vn 0.00350 0.93546 -0.35341
vn 0.00424 0.93697 -0.34938
vn 0.00489 0.93804 -0.34649
vn 0.00544 0.93865 -0.34483
vn 0.00586 0.93877 -0.34450
vn 0.00614 0.93839 -0.34552
vn 0.00627 0.93750 -0.34792
vn 0.00625 0.93611 -0.35166
vn 0.00607 0.93421 -0.35666
vn 0.00572 0.93184 -0.36283
vn 0.00523 0.92902 -0.36999
vn 0.00459 0.92581 -0.37796
vn 0.00383 0.92228 -0.38649
vn 0.00296 0.91852 -0.39536
vn 0.00201 0.91463 -0.40429
vn 0.00102 0.91072 -0.41301
vn 0.00000 0.90693 -0.42129
vn 0.00000 0.92570 -0.37826
vn -0.00091 0.92862 -0.37104
vn -0.00182 0.93125 -0.36438
vn -0.00268 0.93354 -0.35846
vn -0.00350 0.93546 -0.35341
vn -0.00424 0.93697 -0.34938
vn -0.00489 0.93804 -0.34649
vn -0.00544 0.93865 -0.34483
vn -0.00586 0.93877 -0.34450
vn -0.00614 0.93839 -0.34552
vn -0.00627 0.93750 -0.34792
vn -0.00625 0.93611 -0.35166
vn -0.00607 0.93421 -0.35666
vn -0.00572 0.93184 -0.36283
vn -0.00523 0.92902 -0.36999
vn -0.00459 0.92581 -0.37796
vn -0.00383 0.92228 -0.38649
vn -0.00296 0.91852 -0.39536
vn -0.00201 0.91463 -0.40429
vn -0.00102 0.91072 -0.41301
vn -0.00000 0.90693 -0.42129
vn 0.00000 0.92570 -0.37826
vn -0.00270 0.92848 -0.37136
vn -0.00536 0.93098 -0.36503
vn -0.00793 0.93314 -0.35942
vn -0.01034 0.93494 -0.35466
vn -0.01253 0.93633 -0.35090
vn -0.01446 0.93729 -0.34824
vn -0.01606 0.93781 -0.34679
vn -0.01730 0.93785 -0.34660
vn -0.01814 0.93742 -0.34772
vn -0.01853 0.93651 -0.35016
vn -0.01846 0.93511 -0.35388
vn -0.01791 0.93324 -0.35881
vn -0.01690 0.93091 -0.36485
vn -0.01544 0.92817 -0.37182
vn -0.01355 0.92507 -0.37956
vn -0.01130 0.92166 -0.38782
vn -0.00874 0.91804 -0.39638
vn -0.00595 0.91431 -0.40498
vn -0.00301 0.91056 -0.41336
vn -0.00000 0.90693 -0.42129
vn 0.00000 0.92570 -0.37826
vn -0.00437 0.92822 -0.37200
vn -0.00868 0.93046 -0.36630
vn -0.01282 0.93236 -0.36130
vn -0.01671 0.93391 -0.35712
vn -0.02025 0.93507 -0.35387
vn -0.02336 0.93583 -0.35167
vn -0.02595 0.93617 -0.35059
vn -0.02795 0.93607 -0.35069
vn -0.02929 0.93554 -0.35200
vn -0.02992 0.93457 -0.35452
vn -0.02980 0.93317 -0.35821
vn -0.02893 0.93134 -0.36300
vn -0.02729 0.92912 -0.36878
vn -0.02493 0.92653 -0.37540
vn -0.02190 0.92362 -0.38269
vn -0.01826 0.92045 -0.39042
vn -0.01413 0.91711 -0.39838
vn -0.00962 0.91367 -0.40634
vn -0.00487 0.91024 -0.41404
vn -0.00000 0.90693 -0.42129
vn 0.00000 0.92570 -0.37826
vn -0.00585 0.92784 -0.37292
vn -0.01160 0.92970 -0.36813
vn -0.01713 0.93124 -0.36401
vn -0.02232 0.93243 -0.36065
vn -0.02705 0.93327 -0.35816
vn -0.03119 0.93373 -0.35661
vn -0.03464 0.93382 -0.35607
vn -0.03730 0.93352 -0.35658
vn -0.03908 0.93284 -0.35816
vn -0.03992 0.93179 -0.36079
vn -0.03976 0.93038 -0.36444
vn -0.03860 0.92862 -0.36903
vn -0.03642 0.92653 -0.37445
vn -0.03328 0.92416 -0.38056
vn -0.02924 0.92153 -0.38719
vn -0.02440 0.91872 -0.39417
vn -0.01889 0.91577 -0.40127
vn -0.01287 0.91276 -0.40829
vn -0.00651 0.90978 -0.41503
vn -0.00000 0.90693 -0.42129
vn 0.00000 0.92570 -0.37826
vn -0.00707 0.92737 -0.37409
vn -0.01401 0.92875 -0.37045
vn -0.02068 0.92982 -0.36743
vn -0.02694 0.93058 -0.36510
vn -0.03262 0.93100 -0.36355
vn -0.03760 0.93110 -0.36283
vn -0.04175 0.93087 -0.36296
vn -0.04494 0.93032 -0.36399
vn -0.04708 0.92946 -0.36590
vn -0.04808 0.92831 -0.36868
vn -0.04790 0.92689 -0.37227
vn -0.04650 0.92521 -0.37660
vn -0.04389 0.92330 -0.38157
vn -0.04011 0.92119 -0.38704
vn -0.03525 0.91892 -0.39286
vn -0.02943 0.91653 -0.39888
vn -0.02279 0.91407 -0.40490
vn -0.01554 0.91161 -0.41076
vn -0.00786 0.90920 -0.41628
vn -0.00000 0.90693 -0.42129
vn 0.00000 0.92570 -0.37826
vn -0.00798 0.92681 -0.37544
vn -0.01580 0.92764 -0.37314
vn -0.02332 0.92818 -0.37140
vn -0.03035 0.92843 -0.37027
vn -0.03673 0.92838 -0.36981
vn -0.04232 0.92806 -0.37003
vn -0.04697 0.92747 -0.37095
vn -0.05054 0.92663 -0.37256
vn -0.05294 0.92557 -0.37486
vn -0.05406 0.92431 -0.37780
vn -0.05385 0.92287 -0.38133
vn -0.05228 0.92128 -0.38537
vn -0.04936 0.91957 -0.38981
vn -0.04512 0.91777 -0.39454
vn -0.03967 0.91590 -0.39944
vn -0.03314 0.91401 -0.40435
vn -0.02568 0.91212 -0.40913
vn -0.01752 0.91028 -0.41363
vn -0.00887 0.90853 -0.41773
vn -0.00000 0.90693 -0.42129
vn 0.00000 0.92570 -0.37826
vn -0.00853 0.92620 -0.37693
vn -0.01690 0.92643 -0.37609
vn -0.02492 0.92639 -0.37575
vn -0.03241 0.92608 -0.37593
vn -0.03921 0.92553 -0.37664
vn -0.04515 0.92475 -0.37789
vn -0.05009 0.92377 -0.37965
vn -0.05388 0.92263 -0.38191
vn -0.05642 0.92135 -0.38462
vn -0.05761 0.91997 -0.38774
vn -0.05739 0.91852 -0.39120
vn -0.05572 0.91703 -0.39491
vn -0.05261 0.91553 -0.39879
vn -0.04812 0.91405 -0.40273
vn -0.04233 0.91262 -0.40661
vn -0.03537 0.91125 -0.41032
vn -0.02744 0.90998 -0.41375
vn -0.01873 0.90882 -0.41678
vn -0.00949 0.90779 -0.41932
vn -0.00000 0.90693 -0.42129
vn 0.00000 0.92570 -0.37826
vn -0.00872 0.92557 -0.37849
vn -0.01725 0.92517 -0.37916
vn -0.02542 0.92452 -0.38027
vn -0.03305 0.92365 -0.38181
vn -0.03996 0.92257 -0.38375
vn -0.04599 0.92133 -0.38605
vn -0.05100 0.91996 -0.38868
vn -0.05484 0.91850 -0.39160
vn -0.05741 0.91700 -0.39474
vn -0.05861 0.91549 -0.39804
vn -0.05838 0.91403 -0.40142
vn -0.05669 0.91264 -0.40481
vn -0.05354 0.91136 -0.40811
vn -0.04899 0.91022 -0.41122
vn -0.04311 0.90923 -0.41406
vn -0.03605 0.90841 -0.41653
vn -0.02798 0.90776 -0.41855
vn -0.01911 0.90730 -0.42005
vn -0.00970 0.90702 -0.42098
vn -0.00000 0.90693 -0.42129
vn 0.00000 0.92570 -0.37826
vn -0.00852 0.92493 -0.38004
vn -0.01685 0.92391 -0.38223
vn -0.02482 0.92267 -0.38479
vn -0.03224 0.92124 -0.38767
vn -0.03896 0.91965 -0.39081
vn -0.04482 0.91795 -0.39416
vn -0.04968 0.91619 -0.39765
vn -0.05340 0.91443 -0.40121
vn -0.05589 0.91271 -0.40477
vn -0.05705 0.91108 -0.40825
vn -0.05683 0.90961 -0.41156
vn -0.05519 0.90832 -0.41462
vn -0.05214 0.90725 -0.41735
vn -0.04772 0.90643 -0.41965
vn -0.04201 0.90587 -0.42146
vn -0.03515 0.90558 -0.42271
vn -0.02730 0.90556 -0.42334
vn -0.01866 0.90579 -0.42332
vn -0.00948 0.90625 -0.42263
vn -0.00000 0.90693 -0.42129
vn 0.00000 0.92570 -0.37826
vn -0.00795 0.92433 -0.38152
vn -0.01572 0.92272 -0.38516
vn -0.02313 0.92091 -0.38909
vn -0.03004 0.91895 -0.39324
vn -0.03628 0.91687 -0.39753
vn -0.04171 0.91475 -0.40186
vn -0.04622 0.91263 -0.40617
vn -0.04967 0.91058 -0.41034
vn -0.05197 0.90866 -0.41429
vn -0.05304 0.90693 -0.41793
vn -0.05283 0.90544 -0.42117
vn -0.05131 0.90424 -0.42393
vn -0.04849 0.90337 -0.42611
vn -0.04439 0.90285 -0.42766
vn -0.03910 0.90270 -0.42850
vn -0.03274 0.90291 -0.42859
vn -0.02544 0.90347 -0.42790
vn -0.01740 0.90435 -0.42644
vn -0.00884 0.90552 -0.42422
vn -0.00000 0.90693 -0.42129
vn 0.00000 0.92570 -0.37826
vn -0.00704 0.92378 -0.38287
vn -0.01390 0.92163 -0.38781
vn -0.02045 0.91932 -0.39299
vn -0.02654 0.91687 -0.39829
vn -0.03204 0.91437 -0.40361
vn -0.03682 0.91186 -0.40884
vn -0.04078 0.90942 -0.41387
vn -0.04382 0.90712 -0.41858
vn -0.04584 0.90502 -0.42289
vn -0.04678 0.90319 -0.42668
vn -0.04659 0.90169 -0.42986
vn -0.04526 0.90057 -0.43234
vn -0.04277 0.89988 -0.43404
vn -0.03917 0.89963 -0.43490
vn -0.03452 0.89983 -0.43486
vn -0.02891 0.90049 -0.43391
vn -0.02248 0.90158 -0.43204
vn -0.01539 0.90305 -0.42927
vn -0.00783 0.90485 -0.42566
vn -0.00000 0.90693 -0.42129
vn 0.00000 0.92570 -0.37826
vn -0.00582 0.92330 -0.38403
vn -0.01149 0.92070 -0.39009
vn -0.01689 0.91795 -0.39633
vn -0.02191 0.91511 -0.40261
vn -0.02644 0.91224 -0.40881
vn -0.03037 0.90941 -0.41479
vn -0.03363 0.90670 -0.42043
vn -0.03612 0.90418 -0.42562
vn -0.03778 0.90193 -0.43022
vn -0.03856 0.90002 -0.43413
vn -0.03840 0.89851 -0.43726
vn -0.03730 0.89746 -0.43951
vn -0.03526 0.89691 -0.44080
vn -0.03230 0.89689 -0.44107
vn -0.02847 0.89740 -0.44030
vn -0.02386 0.89843 -0.43846
vn -0.01856 0.89996 -0.43557
vn -0.01271 0.90193 -0.43169
vn -0.00647 0.90428 -0.42689
vn -0.00000 0.90693 -0.42129
vn 0.00000 0.92570 -0.37826
vn -0.00435 0.92293 -0.38494
vn -0.00858 0.91997 -0.39189
vn -0.01261 0.91688 -0.39896
vn -0.01635 0.91372 -0.40602
vn -0.01972 0.91056 -0.41290
vn -0.02265 0.90748 -0.41948
vn -0.02507 0.90456 -0.42560
vn -0.02692 0.90188 -0.43115
vn -0.02816 0.89951 -0.43599
vn -0.02873 0.89754 -0.44000
vn -0.02862 0.89602 -0.44308
vn -0.02780 0.89503 -0.44514
vn -0.02628 0.89459 -0.44611
vn -0.02408 0.89474 -0.44593
vn -0.02123 0.89549 -0.44458
vn -0.01780 0.89682 -0.44204
vn -0.01385 0.89869 -0.43836
vn -0.00949 0.90105 -0.43360
vn -0.00483 0.90383 -0.42786
vn -0.00000 0.90693 -0.42129
vn 0.00000 0.92570 -0.37826
vn -0.00269 0.92267 -0.38557
vn -0.00530 0.91947 -0.39313
vn -0.00778 0.91614 -0.40078
vn -0.01009 0.91276 -0.40837
vn -0.01217 0.90941 -0.41573
vn -0.01398 0.90616 -0.42271
vn -0.01547 0.90309 -0.42917
vn -0.01661 0.90030 -0.43496
vn -0.01737 0.89785 -0.43996
vn -0.01772 0.89583 -0.44404
vn -0.01765 0.89431 -0.44709
vn -0.01715 0.89335 -0.44903
vn -0.01621 0.89299 -0.44978
vn -0.01486 0.89326 -0.44929
vn -0.01310 0.89417 -0.44753
vn -0.01098 0.89570 -0.44452
vn -0.00855 0.89782 -0.44029
vn -0.00586 0.90045 -0.43492
vn -0.00299 0.90352 -0.42854
vn -0.00000 0.90693 -0.42129
vn 0.00000 0.92570 -0.37826
vn -0.00091 0.92254 -0.38589
vn -0.00179 0.91921 -0.39377
vn -0.00263 0.91576 -0.40171
vn -0.00341 0.91227 -0.40957
vn -0.00411 0.90882 -0.41717
vn -0.00472 0.90548 -0.42436
vn -0.00523 0.90234 -0.43099
vn -0.00561 0.89949 -0.43691
vn -0.00587 0.89700 -0.44198
vn -0.00599 0.89496 -0.44610
vn -0.00597 0.89344 -0.44914
vn -0.00580 0.89250 -0.45101
vn -0.00548 0.89218 -0.45165
vn -0.00502 0.89251 -0.45099
vn -0.00443 0.89350 -0.44904
vn -0.00371 0.89514 -0.44578
vn -0.00289 0.89737 -0.44127
vn -0.00198 0.90014 -0.43560
vn -0.00101 0.90336 -0.42888
vn -0.00000 0.90693 -0.42129
vn 0.00000 0.92570 -0.37826
vn 0.00091 0.92254 -0.38589
vn 0.00179 0.91921 -0.39377
vn 0.00263 0.91576 -0.40171
vn 0.00341 0.91227 -0.40957
vn 0.00411 0.90882 -0.41717
vn 0.00472 0.90548 -0.42436
vn 0.00523 0.90234 -0.43099
vn 0.00561 0.89949 -0.43691
vn 0.00587 0.89700 -0.44198
vn 0.00599 0.89496 -0.44610
vn 0.00597 0.89344 -0.44914
vn 0.00580 0.89250 -0.45101
vn 0.00548 0.89218 -0.45165
vn 0.00502 0.89251 -0.45099
vn 0.00443 0.89350 -0.44904
vn 0.00371 0.89514 -0.44578
vn 0.00289 0.89737 -0.44127
vn 0.00198 0.90014 -0.43560
vn 0.00101 0.90336 -0.42888
vn 0.00000 0.90693 -0.42129
vn 0.00000 0.92570 -0.37826
vn 0.00269 0.92267 -0.38557
vn 0.00530 0.91947 -0.39313
vn 0.00778 0.91614 -0.40078
vn 0.01009 0.91276 -0.40837
vn 0.01217 0.90941 -0.41573
vn 0.01398 0.90616 -0.42271
vn 0.01547 0.90309 -0.42917
vn 0.01661 0.90030 -0.43496
vn 0.01737 0.89785 -0.43996
vn 0.01772 0.89583 -0.44404
vn 0.01765 0.89431 -0.44709
vn 0.01715 0.89335 -0.44903
vn 0.01621 0.89299 -0.44978
vn 0.01486 0.89326 -0.44929
vn 0.01310 0.89417 -0.44753
vn 0.01098 0.89570 -0.44452
vn 0.00855 0.89782 -0.44029
vn 0.00586 0.90045 -0.43492
vn 0.00299 0.90352 -0.42854
vn 0.00000 0.90693 -0.42129
vn 0.00000 0.92570 -0.37826
vn 0.00435 0.92293 -0.38494
vn 0.00858 0.91997 -0.39189
vn 0.01261 0.91688 -0.39896
vn 0.01635 0.91372 -0.40602
vn 0.01972 0.91056 -0.41290
vn 0.02265 0.90748 -0.41948
vn 0.02507 0.90456 -0.42560
vn 0.02692 0.90188 -0.43115
vn 0.02816 0.89951 -0.43599
vn 0.02873 0.89754 -0.44000
vn 0.02862 0.89602 -0.44308
vn 0.02780 0.89503 -0.44514
vn 0.02628 0.89459 -0.44611
vn 0.02408 0.89474 -0.44593
vn 0.02123 0.89549 -0.44458
vn 0.01780 0.89682 -0.44204
vn 0.01385 0.89869 -0.43836
vn 0.00949 0.90105 -0.43360
vn 0.00483 0.90383 -0.42786
vn 0.00000 0.90693 -0.42129
vn 0.00000 0.92570 -0.37826
vn 0.00582 0.92330 -0.38403
vn 0.01149 0.92070 -0.39009
vn 0.01689 0.91795 -0.39633
vn 0.02191 0.91511 -0.40261
vn 0.02644 0.91224 -0.40881
vn 0.03037 0.90941 -0.41479
vn 0.03363 0.90670 -0.42043
vn 0.03612 0.90418 -0.42562
vn 0.03778 0.90193 -0.43022
vn 0.03856 0.90002 -0.43413
vn 0.03840 0.89851 -0.43726
vn 0.03730 0.89746 -0.43951
vn 0.03526 0.89691 -0.44080
vn 0.03230 0.89689 -0.44107
vn 0.02847 0.89740 -0.44030
vn 0.02386 0.89843 -0.43846
vn 0.01856 0.89996 -0.43557
vn 0.01271 0.90193 -0.43169
vn 0.00647 0.90428 -0.42689
vn 0.00000 0.90693 -0.42129
vn 0.00000 0.92570 -0.37826
vn 0.00704 0.92378 -0.38287
vn 0.01390 0.92163 -0.38781
vn 0.02045 0.91932 -0.39299
vn 0.02654 0.91687 -0.39829
vn 0.03204 0.91437 -0.40361
vn 0.03682 0.91186 -0.40884
vn 0.04078 0.90942 -0.41387
vn 0.04382 0.90712 -0.41858
vn 0.04584 0.90502 -0.42289
vn 0.04678 0.90319 -0.42668
vn 0.04659 0.90169 -0.42986
vn 0.04526 0.90057 -0.43234
vn 0.04277 0.89988 -0.43404
vn 0.03917 0.89963 -0.43490
vn 0.03452 0.89983 -0.43486
vn 0.02891 0.90049 -0.43391
vn 0.02248 0.90158 -0.43204
vn 0.01539 0.90305 -0.42927
vn 0.00783 0.90485 -0.42566
vn 0.00000 0.90693 -0.42129
vn 0.00000 0.92570 -0.37826
vn 0.00795 0.92433 -0.38152
vn 0.01572 0.92272 -0.38516
vn 0.02313 0.92091 -0.38909
vn 0.03004 0.91895 -0.39324
vn 0.03628 0.91687 -0.39753
vn 0.04171 0.91475 -0.40186
vn 0.04622 0.91263 -0.40617
vn 0.04967 0.91058 -0.41034
vn 0.05197 0.90866 -0.41429
vn 0.05304 0.90693 -0.41793
vn 0.05283 0.90544 -0.42117
vn 0.05131 0.90424 -0.42393
vn 0.04849 0.90337 -0.42611
vn 0.04439 0.90285 -0.42766
vn 0.03910 0.90270 -0.42850
vn 0.03274 0.90291 -0.42859
vn 0.02544 0.90347 -0.42790
vn 0.01740 0.90435 -0.42644
vn 0.00884 0.90552 -0.42422
vn 0.00000 0.90693 -0.42129
vn 0.00000 0.92570 -0.37826
vn 0.00852 0.92493 -0.38004
vn 0.01685 0.92391 -0.38223
vn 0.02482 0.92267 -0.38479
vn 0.03224 0.92124 -0.38767
vn 0.03896 0.91965 -0.39081
vn 0.04482 0.91795 -0.39416
vn 0.04968 0.91619 -0.39765
vn 0.05340 0.91443 -0.40121
vn 0.05589 0.91271 -0.40477
vn 0.05705 0.91108 -0.40825
vn 0.05683 0.90961 -0.41156
vn 0.05519 0.90832 -0.41462
vn 0.05214 0.90725 -0.41735
vn 0.04772 0.90643 -0.41965
vn 0.04201 0.90587 -0.42146
vn 0.03515 0.90558 -0.42271
vn 0.02730 0.90556 -0.42334
vn 0.01866 0.90579 -0.42332
vn 0.00948 0.90625 -0.42263
vn 0.00000 0.90693 -0.42129
vn 0.00000 0.92570 -0.37826
vn 0.00872 0.92557 -0.37849
vn 0.01725 0.92517 -0.37916
vn 0.02542 0.92452 -0.38027
vn 0.03305 0.92365 -0.38181
vn 0.03996 0.92257 -0.38375
vn 0.04599 0.92133 -0.38605
vn 0.05100 0.91996 -0.38868
vn 0.05484 0.91850 -0.39160
vn 0.05741 0.91700 -0.39474
vn 0.05861 0.91549 -0.39804
vn 0.05838 0.91403 -0.40142
vn 0.05669 0.91264 -0.40481
vn 0.05354 0.91136 -0.40811
vn 0.04899 0.91022 -0.41122
vn 0.04311 0.90923 -0.41406
vn 0.03605 0.90841 -0.41653
vn 0.02798 0.90776 -0.41855
vn 0.01911 0.90730 -0.42005
vn 0.00970 0.90702 -0.42098
vn 0.00000 0.90693 -0.42129
vn 0.00000 0.99876 -0.04977
vn 0.00000 1.00000 -0.00079
vn 0.00000 0.99948 0.03214
vn 0.00000 0.99845 0.05573
vn 0.00000 0.99730 0.07343
vn 0.00000 0.99619 0.08719
vn 0.00000 0.99517 0.09819
vn 0.00000 0.99424 0.10718
vn 0.00000 0.99340 0.11467
vn 0.04486 0.99815 -0.04108
vn 0.03609 0.99933 0.00625
vn 0.03014 0.99882 0.03804
vn 0.02586 0.99781 0.06080
vn 0.02264 0.99671 0.07787
vn 0.02013 0.99563 0.09114
vn 0.01811 0.99465 0.10174
vn 0.01646 0.99375 0.11041
vn 0.01509 0.99294 0.11762
vn 0.08316 0.99640 -0.01621
vn 0.06682 0.99742 0.02635
vn 0.05578 0.99693 0.05486
vn 0.04784 0.99602 0.07524
vn 0.04187 0.99501 0.09052
vn 0.03721 0.99405 0.10239
vn 0.03349 0.99316 0.11186
vn 0.03044 0.99235 0.11961
vn 0.02789 0.99163 0.12605
vn 0.10919 0.99379 0.02131
vn 0.08758 0.99455 0.05659
vn 0.07304 0.99410 0.08013
vn 0.06261 0.99332 0.09692
vn 0.05477 0.99248 0.10949
vn 0.04867 0.99167 0.11924
vn 0.04379 0.99093 0.12703
vn 0.03979 0.99026 0.13339
vn 0.03646 0.98967 0.13868
vn 0.11889 0.99071 0.06605
vn 0.09515 0.99116 0.09251
vn 0.07926 0.99076 0.11008
vn 0.06789 0.99013 0.12259
vn 0.05937 0.98948 0.13193
vn 0.05274 0.98886 0.13917
vn 0.04744 0.98830 0.14495
vn 0.04310 0.98780 0.14967
vn 0.03949 0.98735 0.15359
vn 0.11049 0.98762 0.11132
vn 0.08824 0.98775 0.12870
vn 0.07342 0.98740 0.14019
vn 0.06285 0.98694 0.14835
vn 0.05493 0.98647 0.15444
vn 0.04878 0.98605 0.15915
vn 0.04387 0.98567 0.16291
vn 0.03985 0.98533 0.16597
vn 0.03651 0.98502 0.16852
vn 0.08500 0.98501 0.15012
vn 0.06776 0.98485 0.15960
vn 0.05632 0.98454 0.16585
vn 0.04818 0.98422 0.17027
vn 0.04209 0.98392 0.17357
vn 0.03737 0.98366 0.17612
vn 0.03360 0.98343 0.17815
vn 0.03052 0.98323 0.17981
vn 0.02796 0.98305 0.18119
vn 0.04616 0.98326 0.17628
vn 0.03675 0.98291 0.18036
vn 0.03053 0.98263 0.18305
vn 0.02610 0.98240 0.18496
vn 0.02280 0.98221 0.18638
vn 0.02024 0.98206 0.18748
vn 0.01820 0.98193 0.18835
vn 0.01653 0.98182 0.18907
vn 0.01514 0.98173 0.18966
vn 0.00000 0.98264 0.18550
vn 0.00000 0.98223 0.18767
vn 0.00000 0.98196 0.18910
vn 0.00000 0.98176 0.19012
vn 0.00000 0.98161 0.19088
vn 0.00000 0.98150 0.19147
vn 0.00000 0.98141 0.19194
vn 0.00000 0.98133 0.19232
vn 0.00000 0.98127 0.19264
vn -0.04616 0.98326 0.17628
vn -0.03675 0.98291 0.18036
vn -0.03053 0.98263 0.18305
vn -0.02610 0.98240 0.18496
vn -0.02280 0.98221 0.18638
vn -0.02024 0.98206 0.18748
vn -0.01820 0.98193 0.18835
vn -0.01653 0.98182 0.18907
vn -0.01514 0.98173 0.18966
vn -0.08500 0.98501 0.15012
vn -0.06776 0.98485 0.15960
vn -0.05632 0.98454 0.16585
vn -0.04818 0.98422 0.17027
vn -0.04209 0.98392 0.17357
vn -0.03737 0.98366 0.17612
vn -0.03360 0.98343 0.17815
vn -0.03052 0.98323 0.17981
vn -0.02796 0.98305 0.18119
vn -0.11049 0.98762 0.11132
vn -0.08824 0.98775 0.12870
vn -0.07342 0.98740 0.14019
vn -0.06285 0.98694 0.14835
vn -0.05493 0.98647 0.15444
vn -0.04878 0.98605 0.15915
vn -0.04387 0.98567 0.16291
vn -0.03985 0.98533 0.16597
vn -0.03651 0.98502 0.16852
vn -0.11889 0.99071 0.06605
vn -0.09515 0.99116 0.09251
vn -0.07926 0.99076 0.11008
vn -0.06789 0.99013 0.12259
vn -0.05937 0.98948 0.13193
vn -0.05274 0.98886 0.13917
vn -0.04744 0.98830 0.14495
vn -0.04310 0.98780 0.14967
vn -0.03949 0.98735 0.15359
vn -0.10919 0.99379 0.02131
vn -0.08758 0.99455 0.05659
vn -0.07304 0.99410 0.08013
vn -0.06261 0.99332 0.09692
vn -0.05477 0.99248 0.10949
vn -0.04867 0.99167 0.11924
vn -0.04379 0.99093 0.12703
vn -0.03979 0.99026 0.13339
vn -0.03646 0.98967 0.13868
vn -0.08316 0.99640 -0.01621
vn -0.06682 0.99742 0.02635
vn -0.05578 0.99693 0.05486
vn -0.04784 0.99602 0.07524
vn -0.04187 0.99501 0.09052
vn -0.03721 0.99405 0.10239
vn -0.03349 0.99316 0.11186
vn -0.03044 0.99235 0.11961
vn -0.02789 0.99163 0.12605
vn -0.04486 0.99815 -0.04108
vn -0.03609 0.99933 0.00625
vn -0.03014 0.99882 0.03804
vn -0.02586 0.99781 0.06080
vn -0.02264 0.99671 0.07787
vn -0.02013 0.99563 0.09114
vn -0.01811 0.99465 0.10174
vn -0.01646 0.99375 0.11041
vn -0.01509 0.99294 0.11762
vn -0.00000 0.99876 -0.04977
vn -0.00000 1.00000 -0.00079
vn -0.00000 0.99948 0.03214
vn -0.00000 0.99845 0.05573
vn -0.00000 0.99730 0.07343
vn -0.00000 0.99619 0.08719
vn -0.00000 0.99517 0.09819
vn -0.00000 0.99424 0.10718
vn -0.00000 0.99340 0.11467
vn 0.00000 0.99842 0.05612
vn 0.02453 0.99812 0.05621
vn 0.04870 0.99721 0.05649
vn 0.07213 0.99577 0.05695
vn 0.09445 0.99386 0.05759
vn 0.11526 0.99162 0.05842
vn 0.13418 0.98917 0.05945
vn 0.15079 0.98670 0.06066
vn 0.16467 0.98439 0.06206
vn 0.17538 0.98244 0.06364
vn 0.18247 0.98103 0.06540
vn 0.18550 0.98034 0.06731
vn 0.18402 0.98047 0.06935
vn 0.17766 0.98149 0.07147
vn 0.16614 0.98335 0.07360
vn 0.14930 0.98589 0.07568
vn 0.12726 0.98883 0.07760
vn 0.10039 0.99179 0.07925
vn 0.06943 0.99433 0.08054
vn 0.03550 0.99605 0.08135
vn 0.00000 0.99666 0.08163
vn 0.00000 0.99842 0.05612
vn 0.02399 0.99783 0.06130
vn 0.04761 0.99664 0.06658
vn 0.07049 0.99492 0.07188
vn 0.09228 0.99274 0.07714
vn 0.11258 0.99023 0.08227
vn 0.13103 0.98754 0.08720
vn 0.14722 0.98483 0.09183
vn 0.16073 0.98231 0.09609
vn 0.17115 0.98017 0.09988
vn 0.17804 0.97861 0.10308
vn 0.18097 0.97780 0.10561
vn 0.17952 0.97788 0.10733
vn 0.17332 0.97891 0.10812
vn 0.16209 0.98086 0.10787
vn 0.14570 0.98358 0.10647
vn 0.12422 0.98681 0.10384
vn 0.09803 0.99015 0.09996
vn 0.06784 0.99318 0.09486
vn 0.03471 0.99546 0.08868
vn 0.00000 0.99666 0.08163
vn 0.00000 0.99842 0.05612
vn 0.02240 0.99756 0.06616
vn 0.04444 0.99610 0.07621
vn 0.06578 0.99411 0.08614
vn 0.08609 0.99167 0.09579
vn 0.10501 0.98891 0.10502
vn 0.12218 0.98598 0.11365
vn 0.13724 0.98305 0.12154
vn 0.14981 0.98033 0.12850
vn 0.15950 0.97801 0.13437
vn 0.16589 0.97631 0.13895
vn 0.16860 0.97540 0.14204
vn 0.16724 0.97542 0.14346
vn 0.16147 0.97646 0.14299
vn 0.15102 0.97850 0.14048
vn 0.13577 0.98139 0.13578
vn 0.11579 0.98488 0.12884
vn 0.09141 0.98859 0.11970
vn 0.06329 0.99208 0.10853
vn 0.03240 0.99489 0.09568
vn 0.00000 0.99666 0.08163
vn 0.00000 0.99842 0.05612
vn 0.01983 0.99731 0.07058
vn 0.03934 0.99561 0.08498
vn 0.05821 0.99337 0.09911
vn 0.07616 0.99070 0.11274
vn 0.09288 0.98771 0.12568
vn 0.10805 0.98457 0.13767
vn 0.12134 0.98144 0.14849
vn 0.13243 0.97853 0.15790
vn 0.14096 0.97606 0.16565
vn 0.14660 0.97422 0.17146
vn 0.14898 0.97322 0.17507
vn 0.14777 0.97320 0.17620
vn 0.14267 0.97425 0.17460
vn 0.13345 0.97636 0.17004
vn 0.11999 0.97941 0.16236
vn 0.10236 0.98314 0.15152
vn 0.08084 0.98718 0.13762
vn 0.05599 0.99108 0.12095
vn 0.02868 0.99437 0.10204
vn 0.00000 0.99666 0.08163
vn 0.00000 0.99842 0.05612
vn 0.01640 0.99710 0.07437
vn 0.03252 0.99518 0.09249
vn 0.04812 0.99274 0.11021
vn 0.06294 0.98987 0.12726
vn 0.07674 0.98669 0.14336
vn 0.08926 0.98336 0.15822
vn 0.10022 0.98006 0.17156
vn 0.10936 0.97700 0.18305
vn 0.11639 0.97439 0.19239
vn 0.12103 0.97245 0.19925
vn 0.12298 0.97136 0.20329
vn 0.12198 0.97130 0.20418
vn 0.11777 0.97236 0.20160
vn 0.11017 0.97454 0.19530
vn 0.09907 0.97772 0.18509
vn 0.08453 0.98165 0.17092
vn 0.06678 0.98597 0.15295
vn 0.04627 0.99022 0.13159
vn 0.02371 0.99392 0.10750
vn 0.00000 0.99666 0.08163
vn 0.00000 0.99842 0.05612
vn 0.01225 0.99693 0.07737
vn 0.02429 0.99485 0.09843
vn 0.03594 0.99224 0.11899
vn 0.04700 0.98921 0.13873
vn 0.05730 0.98588 0.15733
vn 0.06663 0.98241 0.17445
vn 0.07481 0.97898 0.18975
vn 0.08162 0.97580 0.20288
vn 0.08686 0.97308 0.21348
vn 0.09031 0.97105 0.22115
vn 0.09176 0.96990 0.22553
vn 0.09101 0.96981 0.22623
vn 0.08787 0.97088 0.22289
vn 0.08220 0.97310 0.21521
vn 0.07393 0.97638 0.20300
vn 0.06309 0.98048 0.18622
vn 0.04985 0.98502 0.16506
vn 0.03455 0.98955 0.13999
vn 0.01771 0.99357 0.11182
vn 0.00000 0.99666 0.08163
vn 0.00000 0.99842 0.05612
vn 0.00757 0.99681 0.07944
vn 0.01501 0.99462 0.10254
vn 0.02220 0.99190 0.12506
vn 0.02904 0.98876 0.14666
vn 0.03539 0.98533 0.16698
vn 0.04115 0.98175 0.18565
vn 0.04620 0.97823 0.20232
vn 0.05040 0.97496 0.21658
vn 0.05363 0.97218 0.22803
vn 0.05576 0.97008 0.23628
vn 0.05665 0.96890 0.24089
vn 0.05619 0.96879 0.24145
vn 0.05425 0.96985 0.23758
vn 0.05075 0.97211 0.22896
vn 0.04565 0.97546 0.21537
vn 0.03896 0.97967 0.19679
vn 0.03079 0.98437 0.17342
vn 0.02134 0.98908 0.14580
vn 0.01094 0.99333 0.11480
vn 0.00000 0.99666 0.08163
vn 0.00000 0.99842 0.05612
vn 0.00256 0.99675 0.08050
vn 0.00508 0.99450 0.10464
vn 0.00751 0.99173 0.12816
vn 0.00982 0.98853 0.15071
vn 0.01197 0.98504 0.17190
vn 0.01392 0.98142 0.19138
vn 0.01562 0.97785 0.20873
vn 0.01704 0.97454 0.22357
vn 0.01813 0.97171 0.23547
vn 0.01885 0.96959 0.24400
vn 0.01915 0.96839 0.24872
vn 0.01900 0.96826 0.24922
vn 0.01834 0.96933 0.24508
vn 0.01716 0.97161 0.23598
vn 0.01543 0.97500 0.22169
vn 0.01317 0.97926 0.20218
vn 0.01041 0.98403 0.17769
vn 0.00722 0.98885 0.14876
vn 0.00370 0.99320 0.11632
vn 0.00000 0.99666 0.08163
vn 0.00000 0.99842 0.05612
vn -0.00256 0.99675 0.08050
vn -0.00508 0.99450 0.10464
vn -0.00751 0.99173 0.12816
vn -0.00982 0.98853 0.15071
vn -0.01197 0.98504 0.17190
vn -0.01392 0.98142 0.19138
vn -0.01562 0.97785 0.20873
vn -0.01704 0.97454 0.22357
vn -0.01813 0.97171 0.23547
vn -0.01885 0.96959 0.24400
vn -0.01915 0.96839 0.24872
vn -0.01900 0.96826 0.24922
vn -0.01834 0.96933 0.24508
vn -0.01716 0.97161 0.23598
vn -0.01543 0.97500 0.22169
vn -0.01317 0.97926 0.20218
vn -0.01041 0.98403 0.17769
vn -0.00722 0.98885 0.14876
vn -0.00370 0.99320 0.11632
vn -0.00000 0.99666 0.08163
vn 0.00000 0.99842 0.05612
vn -0.00757 0.99681 0.07944
vn -0.01501 0.99462 0.10254
vn -0.02220 0.99190 0.12506
vn -0.02904 0.98876 0.14666
vn -0.03539 0.98533 0.16698
vn -0.04115 0.98175 0.18565
vn -0.04620 0.97823 0.20232
vn -0.05040 0.97496 0.21658
vn -0.05363 0.97218 0.22803
vn -0.05576 0.97008 0.23628
vn -0.05665 0.96890 0.24089
vn -0.05619 0.96879 0.24145
vn -0.05425 0.96985 0.23758
vn -0.05075 0.97211 0.22896
vn -0.04565 0.97546 0.21537
vn -0.03896 0.97967 0.19679
vn -0.03079 0.98437 0.17342
vn -0.02134 0.98908 0.14580
vn -0.01094 0.99333 0.11480
vn -0.00000 0.99666 0.08163
vn 0.00000 0.99842 0.05612
vn -0.01225 0.99693 0.07737
vn -0.02429 0.99485 0.09843
vn -0.03594 0.99224 0.11899
vn -0.04700 0.98921 0.13873
vn -0.05730 0.98588 0.15733
vn -0.06663 0.98241 0.17445
vn -0.07481 0.97898 0.18975
vn -0.08162 0.97580 0.20288
vn -0.08686 0.97308 0.21348
vn -0.09031 0.97105 0.22115
vn -0.09176 0.96990 0.22553
vn -0.09101 0.96981 0.22623
vn -0.08787 0.97088 0.22289
vn -0.08220 0.97310 0.21521
vn -0.07393 0.97638 0.20300
vn -0.06309 0.98048 0.18622
vn -0.04985 0.98502 0.16506
vn -0.03455 0.98955 0.13999
vn -0.01771 0.99357 0.11182
vn -0.00000 0.99666 0.08163
vn 0.00000 0.99842 0.05612
vn -0.01640 0.99710 0.07437
vn -0.03252 0.99518 0.09249
vn -0.04812 0.99274 0.11021
vn -0.06294 0.98987 0.12726
vn -0.07674 0.98669 0.14336
vn -0.08926 0.98336 0.15822
vn -0.10022 0.98006 0.17156
vn -0.10936 0.97700 0.18305
vn -0.11639 0.97439 0.19239
vn -0.12103 0.97245 0.19925
vn -0.12298 0.97136 0.20329
vn -0.12198 0.97130 0.20418
vn -0.11777 0.97236 0.20160
vn -0.11017 0.97454 0.19530
vn -0.09907 0.97772 0.18509
vn -0.08453 0.98165 0.17092
vn -0.06678 0.98597 0.15295
vn -0.04627 0.99022 0.13159
vn -0.02371 0.99392 0.10750
vn -0.00000 0.99666 0.08163
vn 0.00000 0.99842 0.05612
vn -0.01983 0.99731 0.07058
vn -0.03934 0.99561 0.08498
vn -0.05821 0.99337 0.09911
vn -0.07616 0.99070 0.11274
vn -0.09288 0.98771 0.12568
vn -0.10805 0.98457 0.13767
vn -0.12134 0.98144 0.14849
vn -0.13243 0.97853 0.15790
vn -0.14096 0.97606 0.16565
vn -0.14660 0.97422 0.17146
vn -0.14898 0.97322 0.17507
vn -0.14777 0.97320 0.17620
vn -0.14267 0.97425 0.17460
vn -0.13345 0.97636 0.17004
vn -0.11999 0.97941 0.16236
vn -0.10236 0.98314 0.15152
vn -0.08084 0.98718 0.13762
vn -0.05599 0.99108 0.12095
vn -0.02868 0.99437 0.10204
vn -0.00000 0.99666 0.08163
vn 0.00000 0.99842 0.05612
vn -0.02240 0.99756 0.06616
vn -0.04444 0.99610 0.07621
vn -0.06578 0.99411 0.08614
vn -0.08609 0.99167 0.09579
vn -0.10501 0.98891 0.10502
vn -0.12218 0.98598 0.11365
vn -0.13724 0.98305 0.12154
vn -0.14981 0.98033 0.12850
vn -0.15950 0.97801 0.13437
vn -0.16589 0.97631 0.13895
vn -0.16860 0.97540 0.14204
vn -0.16724 0.97542 0.14346
vn -0.16147 0.97646 0.14299
vn -0.15102 0.97850 0.14048
vn -0.13577 0.98139 0.13578
vn -0.11579 0.98488 0.12884
vn -0.09141 0.98859 0.11970
vn -0.06329 0.99208 0.10853
vn -0.03240 0.99489 0.09568
vn -0.00000 0.99666 0.08163
vn 0.00000 0.99842 0.05612
vn -0.02399 0.99783 0.06130
vn -0.04761 0.99664 0.06658
vn -0.07049 0.99492 0.07188
vn -0.09228 0.99274 0.07714
vn -0.11258 0.99023 0.08227
vn -0.13103 0.98754 0.08720
vn -0.14722 0.98483 0.09183
vn -0.16073 0.98231 0.09609
vn -0.17115 0.98017 0.09988
vn -0.17804 0.97861 0.10308
vn -0.18097 0.97780 0.10561
vn -0.17952 0.97788 0.10733
vn -0.17332 0.97891 0.10812
vn -0.16209 0.98086 0.10787
vn -0.14570 0.98358 0.10647
vn -0.12422 0.98681 0.10384
vn -0.09803 0.99015 0.09996
vn -0.06784 0.99318 0.09486
vn -0.03471 0.99546 0.08868
vn -0.00000 0.99666 0.08163
vn 0.00000 0.99842 0.05612
vn -0.02453 0.99812 0.05621
vn -0.04870 0.99721 0.05649
vn -0.07213 0.99577 0.05695
vn -0.09445 0.99386 0.05759
vn -0.11526 0.99162 0.05842
vn -0.13418 0.98917 0.05945
vn -0.15079 0.98670 0.06066
vn -0.16467 0.98439 0.06206
vn -0.17538 0.98244 0.06364
vn -0.18247 0.98103 0.06540
vn -0.18550 0.98034 0.06731
vn -0.18402 0.98047 0.06935
vn -0.17766 0.98149 0.07147
vn -0.16614 0.98335 0.07360
vn -0.14930 0.98589 0.07568
vn -0.12726 0.98883 0.07760
vn -0.10039 0.99179 0.07925
vn -0.06943 0.99433 0.08054
vn -0.03550 0.99605 0.08135
vn -0.00000 0.99666 0.08163
vn 0.00000 0.99842 0.05612
vn -0.02401 0.99840 0.05113
vn -0.04766 0.99779 0.04639
vn -0.07061 0.99662 0.04199
vn -0.09249 0.99499 0.03800
vn -0.11290 0.99301 0.03451
vn -0.13146 0.99082 0.03160
vn -0.14778 0.98858 0.02936
vn -0.16142 0.98649 0.02788
vn -0.17195 0.98473 0.02724
vn -0.17893 0.98348 0.02753
vn -0.18191 0.98289 0.02882
vn -0.18048 0.98308 0.03117
vn -0.17424 0.98409 0.03462
vn -0.16292 0.98586 0.03916
vn -0.14638 0.98822 0.04474
vn -0.12473 0.99087 0.05125
vn -0.09835 0.99343 0.05848
vn -0.06800 0.99549 0.06618
vn -0.03475 0.99665 0.07401
vn -0.00000 0.99666 0.08163
vn 0.00000 0.99842 0.05612
vn -0.02243 0.99868 0.04626
vn -0.04454 0.99833 0.03672
vn -0.06601 0.99744 0.02765
vn -0.08647 0.99607 0.01922
vn -0.10558 0.99434 0.01158
vn -0.12298 0.99240 0.00489
vn -0.13827 0.99039 -0.00068
vn -0.15106 0.98851 -0.00494
vn -0.16095 0.98693 -0.00772
vn -0.16751 0.98583 -0.00886
vn -0.17033 0.98535 -0.00817
vn -0.16899 0.98560 -0.00553
vn -0.16315 0.98660 -0.00080
vn -0.15253 0.98828 0.00606
vn -0.13703 0.99045 0.01502
vn -0.11672 0.99283 0.02594
vn -0.09200 0.99501 0.03855
vn -0.06358 0.99660 0.05241
vn -0.03247 0.99723 0.06699
vn -0.00000 0.99666 0.08163
vn 0.00000 0.99842 0.05612
vn -0.01987 0.99893 0.04183
vn -0.03946 0.99883 0.02791
vn -0.05850 0.99818 0.01458
vn -0.07665 0.99706 0.00208
vn -0.09362 0.99556 -0.00936
vn -0.10907 0.99384 -0.01951
vn -0.12265 0.99205 -0.02813
vn -0.13403 0.99036 -0.03494
vn -0.14283 0.98895 -0.03970
vn -0.14867 0.98799 -0.04215
vn -0.15118 0.98761 -0.04203
vn -0.15000 0.98791 -0.03911
vn -0.14482 0.98890 -0.03321
vn -0.13538 0.99050 -0.02422
vn -0.12160 0.99250 -0.01216
vn -0.10356 0.99462 0.00282
vn -0.08160 0.99646 0.02034
vn -0.05636 0.99761 0.03985
vn -0.02877 0.99775 0.06058
vn -0.00000 0.99666 0.08163
vn 0.00000 0.99842 0.05612
vn -0.01643 0.99914 0.03802
vn -0.03265 0.99926 0.02034
vn -0.04841 0.99882 0.00335
vn -0.06345 0.99790 -0.01265
vn -0.07751 0.99662 -0.02737
vn -0.09032 0.99509 -0.04051
vn -0.10159 0.99348 -0.05175
vn -0.11103 0.99196 -0.06078
vn -0.11834 0.99069 -0.06725
vn -0.12320 0.98985 -0.07083
vn -0.12529 0.98956 -0.07120
vn -0.12432 0.98991 -0.06805
vn -0.12002 0.99089 -0.06114
vn -0.11219 0.99241 -0.05032
vn -0.10075 0.99428 -0.03557
vn -0.08578 0.99617 -0.01710
vn -0.06757 0.99770 0.00468
vn -0.04665 0.99849 0.02906
vn -0.02381 0.99820 0.05508
vn -0.00000 0.99666 0.08163
vn 0.00000 0.99842 0.05612
vn -0.01228 0.99931 0.03501
vn -0.02441 0.99960 0.01435
vn -0.03619 0.99933 -0.00554
vn -0.04745 0.99858 -0.02432
vn -0.05797 0.99745 -0.04164
vn -0.06756 0.99608 -0.05715
vn -0.07600 0.99461 -0.07049
vn -0.08307 0.99322 -0.08127
vn -0.08855 0.99208 -0.08911
vn -0.09219 0.99133 -0.09360
vn -0.09377 0.99111 -0.09435
vn -0.09304 0.99149 -0.09103
vn -0.08982 0.99247 -0.08331
vn -0.08396 0.99393 -0.07103
vn -0.07539 0.99568 -0.05415
vn -0.06418 0.99740 -0.03289
vn -0.05054 0.99869 -0.00774
vn -0.03489 0.99918 0.02050
vn -0.01780 0.99855 0.05073
vn -0.00000 0.99666 0.08163
vn 0.00000 0.99842 0.05612
vn -0.00759 0.99943 0.03292
vn -0.01509 0.99983 0.01020
vn -0.02238 0.99968 -0.01170
vn -0.02934 0.99904 -0.03240
vn -0.03585 0.99803 -0.05153
vn -0.04178 0.99676 -0.06869
vn -0.04701 0.99540 -0.08348
vn -0.05139 0.99410 -0.09548
vn -0.05478 0.99304 -0.10427
vn -0.05704 0.99236 -0.10939
vn -0.05801 0.99219 -0.11042
vn -0.05757 0.99259 -0.10697
vn -0.05558 0.99356 -0.09870
vn -0.05195 0.99499 -0.08540
vn -0.04664 0.99666 -0.06704
vn -0.03970 0.99825 -0.04384
vn -0.03126 0.99938 -0.01634
vn -0.02157 0.99966 0.01458
vn -0.01100 0.99880 0.04771
vn -0.00000 0.99666 0.08163
vn 0.00000 0.99842 0.05612
vn -0.00257 0.99949 0.03186
vn -0.00510 0.99995 0.00808
vn -0.00757 0.99986 -0.01485
vn -0.00993 0.99928 -0.03653
vn -0.01213 0.99832 -0.05659
vn -0.01414 0.99711 -0.07459
vn -0.01591 0.99580 -0.09013
vn -0.01739 0.99455 -0.10276
vn -0.01854 0.99353 -0.11203
vn -0.01930 0.99289 -0.11747
vn -0.01963 0.99274 -0.11865
vn -0.01948 0.99316 -0.11513
vn -0.01881 0.99413 -0.10658
vn -0.01758 0.99553 -0.09276
vn -0.01578 0.99716 -0.07364
vn -0.01343 0.99869 -0.04945
vn -0.01058 0.99973 -0.02075
vn -0.00730 0.99991 0.01155
vn -0.00372 0.99893 0.04617
vn -0.00000 0.99666 0.08163
vn 0.00000 0.99842 0.05612
vn 0.00257 0.99949 0.03186
vn 0.00510 0.99995 0.00808
vn 0.00757 0.99986 -0.01485
vn 0.00993 0.99928 -0.03653
vn 0.01213 0.99832 -0.05659
vn 0.01414 0.99711 -0.07459
vn 0.01591 0.99580 -0.09013
vn 0.01739 0.99455 -0.10276
vn 0.01854 0.99353 -0.11203
vn 0.01930 0.99289 -0.11747
vn 0.01963 0.99274 -0.11865
vn 0.01948 0.99316 -0.11513
vn 0.01881 0.99413 -0.10658
vn 0.01758 0.99553 -0.09276
vn 0.01578 0.99716 -0.07364
vn 0.01343 0.99869 -0.04945
vn 0.01058 0.99973 -0.02075
vn 0.00730 0.99991 0.01155
vn 0.00372 0.99893 0.04617
vn 0.00000 0.99666 0.08163
vn 0.00000 0.99842 0.05612
vn 0.00759 0.99943 0.03292
vn 0.01509 0.99983 0.01020
vn 0.02238 0.99968 -0.01170
vn 0.02934 0.99904 -0.03240
vn 0.03585 0.99803 -0.05153
vn 0.04178 0.99676 -0.06869
vn 0.04701 0.99540 -0.08348
vn 0.05139 0.99410 -0.09548
vn 0.05478 0.99304 -0.10427
vn 0.05704 0.99236 -0.10939
vn 0.05801 0.99219 -0.11042
vn 0.05757 0.99259 -0.10697
vn 0.05558 0.99356 -0.09870
vn 0.05195 0.99499 -0.08540
vn 0.04664 0.99666 -0.06704
vn 0.03970 0.99825 -0.04384
vn 0.03126 0.99938 -0.01634
vn 0.02157 0.99966 0.01458
vn 0.01100 0.99880 0.04771
vn 0.00000 0.99666 0.08163
vn 0.00000 0.99842 0.05612
vn 0.01228 0.99931 0.03501
vn 0.02441 0.99960 0.01435
vn 0.03619 0.99933 -0.00554
vn 0.04745 0.99858 -0.02432
vn 0.05797 0.99745 -0.04164
vn 0.06756 0.99608 -0.05715
vn 0.07600 0.99461 -0.07049
vn 0.08307 0.99322 -0.08127
vn 0.08855 0.99208 -0.08911
vn 0.09219 0.99133 -0.09360
vn 0.09377 0.99111 -0.09435
vn 0.09304 0.99149 -0.09103
vn 0.08982 0.99247 -0.08331
vn 0.08396 0.99393 -0.07103
vn 0.07539 0.99568 -0.05415
vn 0.06418 0.99740 -0.03289
vn 0.05054 0.99869 -0.00774
vn 0.03489 0.99918 0.02050
vn 0.01780 0.99855 0.05073
vn 0.00000 0.99666 0.08163
vn 0.00000 0.99842 0.05612
vn 0.01643 0.99914 0.03802
vn 0.03265 0.99926 0.02034
vn 0.04841 0.99882 0.00335
vn 0.06345 0.99790 -0.01265
vn 0.07751 0.99662 -0.02737
vn 0.09032 0.99509 -0.04051
vn 0.10159 0.99348 -0.05175
vn 0.11103 0.99196 -0.06078
vn 0.11834 0.99069 -0.06725
vn 0.12320 0.98985 -0.07083
vn 0.12529 0.98956 -0.07120
vn 0.12432 0.98991 -0.06805
vn 0.12002 0.99089 -0.06114
vn 0.11219 0.99241 -0.05032
vn 0.10075 0.99428 -0.03557
vn 0.08578 0.99617 -0.01710
vn 0.06757 0.99770 0.00468
vn 0.04665 0.99849 0.02906
vn 0.02381 0.99820 0.05508
vn 0.00000 0.99666 0.08163
vn 0.00000 0.99842 0.05612
vn 0.01987 0.99893 0.04183
vn 0.03946 0.99883 0.02791
vn 0.05850 0.99818 0.01458
vn 0.07665 0.99706 0.00208
vn 0.09362 0.99556 -0.00936
vn 0.10907 0.99384 -0.01951
vn 0.12265 0.99205 -0.02813
vn 0.13403 0.99036 -0.03494
vn 0.14283 0.98895 -0.03970
vn 0.14867 0.98799 -0.04215
vn 0.15118 0.98761 -0.04203
vn 0.15000 0.98791 -0.03911
vn 0.14482 0.98890 -0.03321
vn 0.13538 0.99050 -0.02422
vn 0.12160 0.99250 -0.01216
vn 0.10356 0.99462 0.00282
vn 0.08160 0.99646 0.02034
vn 0.05636 0.99761 0.03985
vn 0.02877 0.99775 0.06058
vn 0.00000 0.99666 0.08163
vn 0.00000 0.99842 0.05612
vn 0.02243 0.99868 0.04626
vn 0.04454 0.99833 0.03672
vn 0.06601 0.99744 0.02765
vn 0.08647 0.99607 0.01922
vn 0.10558 0.99434 0.01158
vn 0.12298 0.99240 0.00489
vn 0.13827 0.99039 -0.00068
vn 0.15106 0.98851 -0.00494
vn 0.16095 0.98693 -0.00772
vn 0.16751 0.98583 -0.00886
vn 0.17033 0.98535 -0.00817
vn 0.16899 0.98560 -0.00553
vn 0.16315 0.98660 -0.00080
vn 0.15253 0.98828 0.00606
vn 0.13703 0.99045 0.01502
vn 0.11672 0.99283 0.02594
vn 0.09200 0.99501 0.03855
vn 0.06358 0.99660 0.05241
vn 0.03247 0.99723 0.06699
vn 0.00000 0.99666 0.08163
vn 0.00000 0.99842 0.05612
vn 0.02401 0.99840 0.05113
vn 0.04766 0.99779 0.04639
vn 0.07061 0.99662 0.04199
vn 0.09249 0.99499 0.03800
vn 0.11290 0.99301 0.03451
vn 0.13146 0.99082 0.03160
vn 0.14778 0.98858 0.02936
vn 0.16142 0.98649 0.02788
vn 0.17195 0.98473 0.02724
vn 0.17893 0.98348 0.02753
vn 0.18191 0.98289 0.02882
vn 0.18048 0.98308 0.03117
vn 0.17424 0.98409 0.03462
vn 0.16292 0.98586 0.03916
vn 0.14638 0.98822 0.04474
vn 0.12473 0.99087 0.05125
vn 0.09835 0.99343 0.05848
vn 0.06800 0.99549 0.06618
vn 0.03475 0.99665 0.07401
vn 0.00000 0.99666 0.08163
vn 0.00000 0.99842 0.05612
vn 0.02453 0.99812 0.05621
vn 0.04870 0.99721 0.05649
vn 0.07213 0.99577 0.05695
vn 0.09445 0.99386 0.05759
vn 0.11526 0.99162 0.05842
vn 0.13418 0.98917 0.05945
vn 0.15079 0.98670 0.06066
vn 0.16467 0.98439 0.06206
vn 0.17538 0.98244 0.06364
vn 0.18247 0.98103 0.06540
vn 0.18550 0.98034 0.06731
vn 0.18402 0.98047 0.06935
vn 0.17766 0.98149 0.07147
vn 0.16614 0.98335 0.07360
vn 0.14930 0.98589 0.07568
vn 0.12726 0.98883 0.07760
vn 0.10039 0.99179 0.07925
vn 0.06943 0.99433 0.08054
vn 0.03550 0.99605 0.08135
vn 0.00000 0.99666 0.08163
vn 0.03511 0.98751 0.15361
vn 0.03532 0.99617 0.08002
vn 0.03534 0.99936 0.00552
vn 0.03516 0.99702 -0.06867
vn 0.03479 0.98935 -0.14134
vn 0.03425 0.97680 -0.21142
vn 0.03357 0.95999 -0.27803
vn 0.03277 0.93966 -0.34053
vn 0.03188 0.91660 -0.39852
vn 0.03201 0.98785 0.15209
vn 0.03220 0.99632 0.07946
vn 0.03221 0.99946 0.00594
vn 0.03205 0.99722 -0.06727
vn 0.03173 0.98978 -0.13903
vn 0.03125 0.97756 -0.20830
vn 0.03065 0.96118 -0.27423
vn 0.02993 0.94132 -0.33618
vn 0.02914 0.91875 -0.39377
vn 0.02424 0.98826 0.15086
vn 0.02438 0.99658 0.07900
vn 0.02439 0.99968 0.00629
vn 0.02427 0.99752 -0.06613
vn 0.02403 0.99026 -0.13715
vn 0.02367 0.97832 -0.20575
vn 0.02322 0.96227 -0.27111
vn 0.02269 0.94279 -0.33261
vn 0.02210 0.92061 -0.38985
vn 0.01302 0.98859 0.15006
vn 0.01310 0.99681 0.07871
vn 0.01310 0.99989 0.00652
vn 0.01304 0.99777 -0.06539
vn 0.01291 0.99064 -0.13592
vn 0.01272 0.97887 -0.20408
vn 0.01249 0.96304 -0.26907
vn 0.01220 0.94381 -0.33027
vn 0.01189 0.92188 -0.38729
vn 0.00000 0.98872 0.14978
vn 0.00000 0.99691 0.07861
vn 0.00000 0.99998 0.00660
vn 0.00000 0.99788 -0.06513
vn 0.00000 0.99078 -0.13549
vn 0.00000 0.97907 -0.20351
vn 0.00000 0.96332 -0.26837
vn 0.00000 0.94417 -0.32946
vn 0.00000 0.92233 -0.38640
vn -0.01302 0.98859 0.15006
vn -0.01310 0.99681 0.07871
vn -0.01310 0.99989 0.00652
vn -0.01304 0.99777 -0.06539
vn -0.01291 0.99064 -0.13592
vn -0.01272 0.97887 -0.20408
vn -0.01249 0.96304 -0.26907
vn -0.01220 0.94381 -0.33027
vn -0.01189 0.92188 -0.38729
vn -0.02424 0.98826 0.15086
vn -0.02438 0.99658 0.07900
vn -0.02439 0.99968 0.00629
vn -0.02427 0.99752 -0.06613
vn -0.02403 0.99026 -0.13715
vn -0.02367 0.97832 -0.20575
vn -0.02322 0.96227 -0.27111
vn -0.02269 0.94279 -0.33261
vn -0.02210 0.92061 -0.38985
vn -0.03201 0.98785 0.15209
vn -0.03220 0.99632 0.07946
vn -0.03221 0.99946 0.00594
vn -0.03205 0.99722 -0.06727
vn -0.03173 0.98978 -0.13903
vn -0.03125 0.97756 -0.20830
vn -0.03065 0.96118 -0.27423
vn -0.02993 0.94132 -0.33618
vn -0.02914 0.91875 -0.39377
vn -0.03511 0.98751 0.15361
vn -0.03532 0.99617 0.08002
vn -0.03534 0.99936 0.00552
vn -0.03516 0.99702 -0.06867
vn -0.03479 0.98935 -0.14134
vn -0.03425 0.97680 -0.21142
vn -0.03357 0.95999 -0.27803
vn -0.03277 0.93966 -0.34053
vn -0.03188 0.91660 -0.39852
vn -0.03288 0.98734 0.15520
vn -0.03308 0.99620 0.08062
vn -0.03310 0.99944 0.00509
vn -0.03292 0.99700 -0.07011
vn -0.03257 0.98908 -0.14372
vn -0.03206 0.97617 -0.21464
vn -0.03140 0.95891 -0.28196
vn -0.03064 0.93809 -0.34503
vn -0.02978 0.91452 -0.40344
vn -0.02546 0.98733 0.15660
vn -0.02562 0.99637 0.08115
vn -0.02563 0.99966 0.00472
vn -0.02550 0.99712 -0.07137
vn -0.02522 0.98899 -0.14582
vn -0.02481 0.97575 -0.21747
vn -0.02429 0.95810 -0.28541
vn -0.02369 0.93684 -0.34896
vn -0.02302 0.91281 -0.40773
vn -0.01389 0.98741 0.15757
vn -0.01398 0.99657 0.08152
vn -0.01399 0.99989 0.00446
vn -0.01391 0.99729 -0.07224
vn -0.01376 0.98900 -0.14726
vn -0.01353 0.97554 -0.21942
vn -0.01324 0.95761 -0.28778
vn -0.01291 0.93604 -0.35166
vn -0.01254 0.91170 -0.41066
vn -0.00000 0.98745 0.15792
vn -0.00000 0.99666 0.08165
vn -0.00000 0.99999 0.00437
vn -0.00000 0.99736 -0.07255
vn -0.00000 0.98902 -0.14777
vn -0.00000 0.97548 -0.22011
vn -0.00000 0.95744 -0.28862
vn -0.00000 0.93577 -0.35262
vn -0.00000 0.91132 -0.41171
vn 0.01389 0.98741 0.15757
vn 0.01398 0.99657 0.08152
vn 0.01399 0.99989 0.00446
vn 0.01391 0.99729 -0.07224
vn 0.01376 0.98900 -0.14726
vn 0.01353 0.97554 -0.21942
vn 0.01324 0.95761 -0.28778
vn 0.01291 0.93604 -0.35166
vn 0.01254 0.91170 -0.41066
vn 0.02546 0.98733 0.15660
vn 0.02562 0.99637 0.08115
vn 0.02563 0.99966 0.00472
vn 0.02550 0.99712 -0.07137
vn 0.02522 0.98899 -0.14582
vn 0.02481 0.97575 -0.21747
vn 0.02429 0.95810 -0.28541
vn 0.02369 0.93684 -0.34896
vn 0.02302 0.91281 -0.40773
vn 0.03288 0.98734 0.15520
vn 0.03308 0.99620 0.08062
vn 0.03310 0.99944 0.00509
vn 0.03292 0.99700 -0.07011
vn 0.03257 0.98908 -0.14372
vn 0.03206 0.97617 -0.21464
vn 0.03140 0.95891 -0.28196
vn 0.03064 0.93809 -0.34503
vn 0.02978 0.91452 -0.40344
vn 0.03511 0.98751 0.15361
vn 0.03532 0.99617 0.08002
vn 0.03534 0.99936 0.00552
vn 0.03516 0.99702 -0.06867
vn 0.03479 0.98935 -0.14134
vn 0.03425 0.97680 -0.21142
vn 0.03357 0.95999 -0.27803
vn 0.03277 0.93966 -0.34053
vn 0.03188 0.91660 -0.39852
vn 0.00000 0.98931 0.14585
vn 0.00809 0.98926 0.14594
vn 0.01601 0.98913 0.14620
vn 0.02358 0.98891 0.14663
vn 0.03066 0.98863 0.14722
vn 0.03707 0.98830 0.14797
vn 0.04267 0.98794 0.14886
vn 0.04731 0.98757 0.14987
vn 0.05088 0.98722 0.15100
vn 0.05326 0.98691 0.15221
vn 0.05438 0.98665 0.15348
vn 0.05416 0.98646 0.15478
vn 0.05259 0.98634 0.15609
vn 0.04967 0.98629 0.15736
vn 0.04545 0.98630 0.15856
vn 0.04000 0.98636 0.15966
vn 0.03345 0.98645 0.16061
vn 0.02596 0.98655 0.16139
vn 0.01773 0.98664 0.16197
vn 0.00900 0.98670 0.16232
vn 0.00000 0.98672 0.16244
vn 0.00000 0.98931 0.14585
vn 0.00791 0.98902 0.14759
vn 0.01565 0.98864 0.14946
vn 0.02305 0.98820 0.15142
vn 0.02996 0.98770 0.15345
vn 0.03622 0.98717 0.15550
vn 0.04168 0.98664 0.15752
vn 0.04621 0.98612 0.15947
vn 0.04969 0.98565 0.16132
vn 0.05201 0.98525 0.16301
vn 0.05310 0.98495 0.16450
vn 0.05289 0.98475 0.16576
vn 0.05136 0.98466 0.16674
vn 0.04851 0.98469 0.16742
vn 0.04439 0.98483 0.16776
vn 0.03907 0.98506 0.16775
vn 0.03268 0.98535 0.16738
vn 0.02537 0.98569 0.16664
vn 0.01733 0.98605 0.16555
vn 0.00880 0.98640 0.16414
vn 0.00000 0.98672 0.16244
vn 0.00000 0.98931 0.14585
vn 0.00739 0.98879 0.14916
vn 0.01461 0.98819 0.15257
vn 0.02152 0.98752 0.15600
vn 0.02796 0.98682 0.15940
vn 0.03379 0.98610 0.16268
vn 0.03888 0.98540 0.16578
vn 0.04310 0.98474 0.16863
vn 0.04633 0.98415 0.17116
vn 0.04850 0.98367 0.17330
vn 0.04951 0.98332 0.17500
vn 0.04931 0.98312 0.17621
vn 0.04789 0.98306 0.17689
vn 0.04524 0.98317 0.17700
vn 0.04140 0.98342 0.17653
vn 0.03644 0.98381 0.17547
vn 0.03049 0.98430 0.17383
vn 0.02367 0.98487 0.17165
vn 0.01618 0.98549 0.16898
vn 0.00821 0.98611 0.16588
vn 0.00000 0.98672 0.16244
vn 0.00000 0.98931 0.14585
vn 0.00654 0.98857 0.15059
vn 0.01293 0.98777 0.15540
vn 0.01904 0.98691 0.16017
vn 0.02474 0.98602 0.16481
vn 0.02989 0.98513 0.16921
vn 0.03439 0.98427 0.17329
vn 0.03812 0.98348 0.17695
vn 0.04098 0.98280 0.18009
vn 0.04289 0.98224 0.18265
vn 0.04378 0.98185 0.18454
vn 0.04360 0.98164 0.18571
vn 0.04235 0.98162 0.18611
vn 0.04000 0.98179 0.18571
vn 0.03661 0.98215 0.18449
vn 0.03224 0.98268 0.18248
vn 0.02697 0.98335 0.17970
vn 0.02095 0.98413 0.17621
vn 0.01432 0.98498 0.17210
vn 0.00727 0.98585 0.16747
vn 0.00000 0.98672 0.16244
vn 0.00000 0.98931 0.14585
vn 0.00541 0.98839 0.15182
vn 0.01069 0.98741 0.15782
vn 0.01574 0.98638 0.16374
vn 0.02045 0.98533 0.16944
vn 0.02470 0.98429 0.17481
vn 0.02842 0.98331 0.17972
vn 0.03149 0.98241 0.18406
vn 0.03385 0.98164 0.18774
vn 0.03543 0.98102 0.19064
vn 0.03616 0.98059 0.19270
vn 0.03602 0.98037 0.19383
vn 0.03498 0.98038 0.19399
vn 0.03305 0.98061 0.19316
vn 0.03025 0.98106 0.19131
vn 0.02664 0.98171 0.18849
vn 0.02229 0.98254 0.18473
vn 0.01732 0.98349 0.18012
vn 0.01184 0.98454 0.17477
vn 0.00601 0.98563 0.16882
vn 0.00000 0.98672 0.16244
vn 0.00000 0.98931 0.14585
vn 0.00404 0.98825 0.15279
vn 0.00799 0.98713 0.15974
vn 0.01176 0.98596 0.16656
vn 0.01527 0.98479 0.17310
vn 0.01845 0.98364 0.17922
vn 0.02122 0.98255 0.18479
vn 0.02351 0.98156 0.18968
vn 0.02527 0.98072 0.19377
vn 0.02645 0.98006 0.19695
vn 0.02699 0.97960 0.19914
vn 0.02689 0.97938 0.20024
vn 0.02611 0.97940 0.20022
vn 0.02467 0.97968 0.19904
vn 0.02258 0.98020 0.19670
vn 0.01989 0.98095 0.19323
vn 0.01665 0.98189 0.18870
vn 0.01293 0.98299 0.18320
vn 0.00884 0.98419 0.17688
vn 0.00449 0.98545 0.16990
vn 0.00000 0.98672 0.16244
vn 0.00000 0.98931 0.14585
vn 0.00250 0.98815 0.15346
vn 0.00494 0.98693 0.16107
vn 0.00726 0.98567 0.16851
vn 0.00943 0.98441 0.17563
vn 0.01140 0.98318 0.18228
vn 0.01311 0.98202 0.18830
vn 0.01452 0.98098 0.19357
vn 0.01561 0.98009 0.19794
vn 0.01633 0.97939 0.20132
vn 0.01667 0.97892 0.20358
vn 0.01661 0.97869 0.20467
vn 0.01613 0.97873 0.20452
vn 0.01524 0.97904 0.20310
vn 0.01395 0.97961 0.20042
vn 0.01229 0.98043 0.19651
vn 0.01028 0.98145 0.19144
vn 0.00799 0.98264 0.18534
vn 0.00546 0.98395 0.17834
vn 0.00278 0.98533 0.17064
vn 0.00000 0.98672 0.16244
vn 0.00000 0.98931 0.14585
vn 0.00084 0.98810 0.15380
vn 0.00167 0.98683 0.16174
vn 0.00246 0.98553 0.16950
vn 0.00319 0.98422 0.17692
vn 0.00385 0.98295 0.18383
vn 0.00443 0.98176 0.19009
vn 0.00491 0.98068 0.19555
vn 0.00528 0.97977 0.20007
vn 0.00552 0.97905 0.20354
vn 0.00564 0.97857 0.20586
vn 0.00561 0.97834 0.20693
vn 0.00545 0.97839 0.20671
vn 0.00515 0.97871 0.20517
vn 0.00472 0.97931 0.20231
vn 0.00415 0.98016 0.19818
vn 0.00348 0.98122 0.19284
vn 0.00270 0.98246 0.18643
vn 0.00185 0.98383 0.17909
vn 0.00094 0.98527 0.17102
vn 0.00000 0.98672 0.16244
vn 0.00000 0.98931 0.14585
vn -0.00084 0.98810 0.15380
vn -0.00167 0.98683 0.16174
vn -0.00246 0.98553 0.16950
vn -0.00319 0.98422 0.17692
vn -0.00385 0.98295 0.18383
vn -0.00443 0.98176 0.19009
vn -0.00491 0.98068 0.19555
vn -0.00528 0.97977 0.20007
vn -0.00552 0.97905 0.20354
vn -0.00564 0.97857 0.20586
vn -0.00561 0.97834 0.20693
vn -0.00545 0.97839 0.20671
vn -0.00515 0.97871 0.20517
vn -0.00472 0.97931 0.20231
vn -0.00415 0.98016 0.19818
vn -0.00348 0.98122 0.19284
vn -0.00270 0.98246 0.18643
vn -0.00185 0.98383 0.17909
vn -0.00094 0.98527 0.17102
vn -0.00000 0.98672 0.16244
vn 0.00000 0.98931 0.14585
vn -0.00250 0.98815 0.15346
vn -0.00494 0.98693 0.16107
vn -0.00726 0.98567 0.16851
vn -0.00943 0.98441 0.17563
vn -0.01140 0.98318 0.18228
vn -0.01311 0.98202 0.18830
vn -0.01452 0.98098 0.19357
vn -0.01561 0.98009 0.19794
vn -0.01633 0.97939 0.20132
vn -0.01667 0.97892 0.20358
vn -0.01661 0.97869 0.20467
vn -0.01613 0.97873 0.20452
vn -0.01524 0.97904 0.20310
vn -0.01395 0.97961 0.20042
vn -0.01229 0.98043 0.19651
vn -0.01028 0.98145 0.19144
vn -0.00799 0.98264 0.18534
vn -0.00546 0.98395 0.17834
vn -0.00278 0.98533 0.17064
vn -0.00000 0.98672 0.16244
vn 0.00000 0.98931 0.14585
vn -0.00404 0.98825 0.15279
vn -0.00799 0.98713 0.15974
vn -0.01176 0.98596 0.16656
vn -0.01527 0.98479 0.17310
vn -0.01845 0.98364 0.17922
vn -0.02122 0.98255 0.18479
vn -0.02351 0.98156 0.18968
vn -0.02527 0.98072 0.19377
vn -0.02645 0.98006 0.19695
vn -0.02699 0.97960 0.19914
vn -0.02689 0.97938 0.20024
vn -0.02611 0.97940 0.20022
vn -0.02467 0.97968 0.19904
vn -0.02258 0.98020 0.19670
vn -0.01989 0.98095 0.19323
vn -0.01665 0.98189 0.18870
vn -0.01293 0.98299 0.18320
vn -0.00884 0.98419 0.17688
vn -0.00449 0.98545 0.16990
vn -0.00000 0.98672 0.16244
vn 0.00000 0.98931 0.14585
vn -0.00541 0.98839 0.15182
vn -0.01069 0.98741 0.15782
vn -0.01574 0.98638 0.16374
vn -0.02045 0.98533 0.16944
vn -0.02470 0.98429 0.17481
vn -0.02842 0.98331 0.17972
vn -0.03149 0.98241 0.18406
vn -0.03385 0.98164 0.18774
vn -0.03543 0.98102 0.19064
vn -0.03616 0.98059 0.19270
vn -0.03602 0.98037 0.19383
vn -0.03498 0.98038 0.19399
vn -0.03305 0.98061 0.19316
vn -0.03025 0.98106 0.19131
vn -0.02664 0.98171 0.18849
vn -0.02229 0.98254 0.18473
vn -0.01732 0.98349 0.18012
vn -0.01184 0.98454 0.17477
vn -0.00601 0.98563 0.16882
vn -0.00000 0.98672 0.16244
vn 0.00000 0.98931 0.14585
vn -0.00654 0.98857 0.15059
vn -0.01293 0.98777 0.15540
vn -0.01904 0.98691 0.16017
vn -0.02474 0.98602 0.16481
vn -0.02989 0.98513 0.16921
vn -0.03439 0.98427 0.17329
vn -0.03812 0.98348 0.17695
vn -0.04098 0.98280 0.18009
vn -0.04289 0.98224 0.18265
vn -0.04378 0.98185 0.18454
vn -0.04360 0.98164 0.18571
vn -0.04235 0.98162 0.18611
vn -0.04000 0.98179 0.18571
vn -0.03661 0.98215 0.18449
vn -0.03224 0.98268 0.18248
vn -0.02697 0.98335 0.17970
vn -0.02095 0.98413 0.17621
vn -0.01432 0.98498 0.17210
vn -0.00727 0.98585 0.16747
vn -0.00000 0.98672 0.16244
vn 0.00000 0.98931 0.14585
vn -0.00739 0.98879 0.14916
vn -0.01461 0.98819 0.15257
vn -0.02152 0.98752 0.15600
vn -0.02796 0.98682 0.15940
vn -0.03379 0.98610 0.16268
vn -0.03888 0.98540 0.16578
vn -0.04310 0.98474 0.16863
vn -0.04633 0.98415 0.17116
vn -0.04850 0.98367 0.17330
vn -0.04951 0.98332 0.17500
vn -0.04931 0.98312 0.17621
vn -0.04789 0.98306 0.17689
vn -0.04524 0.98317 0.17700
vn -0.04140 0.98342 0.17653
vn -0.03644 0.98381 0.17547
vn -0.03049 0.98430 0.17383
vn -0.02367 0.98487 0.17165
vn -0.01618 0.98549 0.16898
vn -0.00821 0.98611 0.16588
vn -0.00000 0.98672 0.16244
vn 0.00000 0.98931 0.14585
vn -0.00791 0.98902 0.14759
vn -0.01565 0.98864 0.14946
vn -0.02305 0.98820 0.15142
vn -0.02996 0.98770 0.15345
vn -0.03622 0.98717 0.15550
vn -0.04168 0.98664 0.15752
vn -0.04621 0.98612 0.15947
vn -0.04969 0.98565 0.16132
vn -0.05201 0.98525 0.16301
vn -0.05310 0.98495 0.16450
vn -0.05289 0.98475 0.16576
vn -0.05136 0.98466 0.16674
vn -0.04851 0.98469 0.16742
vn -0.04439 0.98483 0.16776
vn -0.03907 0.98506 0.16775
vn -0.03268 0.98535 0.16738
vn -0.02537 0.98569 0.16664
vn -0.01733 0.98605 0.16555
vn -0.00880 0.98640 0.16414
vn -0.00000 0.98672 0.16244
vn 0.00000 0.98931 0.14585
vn -0.00809 0.98926 0.14594
vn -0.01601 0.98913 0.14620
vn -0.02358 0.98891 0.14663
vn -0.03066 0.98863 0.14722
vn -0.03707 0.98830 0.14797
vn -0.04267 0.98794 0.14886
vn -0.04731 0.98757 0.14987
vn -0.05088 0.98722 0.15100
vn -0.05326 0.98691 0.15221
vn -0.05438 0.98665 0.15348
vn -0.05416 0.98646 0.15478
vn -0.05259 0.98634 0.15609
vn -0.04967 0.98629 0.15736
vn -0.04545 0.98630 0.15856
vn -0.04000 0.98636 0.15966
vn -0.03345 0.98645 0.16061
vn -0.02596 0.98655 0.16139
vn -0.01773 0.98664 0.16197
vn -0.00900 0.98670 0.16232
vn -0.00000 0.98672 0.16244
vn 0.00000 0.98931 0.14585
vn -0.00791 0.98950 0.14429
vn -0.01566 0.98961 0.14294
vn -0.02309 0.98962 0.14183
vn -0.03002 0.98956 0.14098
vn -0.03630 0.98943 0.14042
vn -0.04179 0.98924 0.14017
vn -0.04634 0.98903 0.14024
vn -0.04985 0.98880 0.14064
vn -0.05219 0.98858 0.14137
vn -0.05328 0.98837 0.14242
vn -0.05307 0.98819 0.14377
vn -0.05153 0.98803 0.14540
vn -0.04867 0.98790 0.14727
vn -0.04452 0.98778 0.14934
vn -0.03917 0.98767 0.15154
vn -0.03275 0.98755 0.15383
vn -0.02541 0.98741 0.15613
vn -0.01735 0.98723 0.15837
vn -0.00880 0.98700 0.16050
vn -0.00000 0.98672 0.16244
vn 0.00000 0.98931 0.14585
vn -0.00739 0.98974 0.14272
vn -0.01464 0.99007 0.13982
vn -0.02158 0.99030 0.13723
vn -0.02806 0.99045 0.13500
vn -0.03394 0.99051 0.13319
vn -0.03908 0.99050 0.13184
vn -0.04335 0.99043 0.13101
vn -0.04662 0.99032 0.13071
vn -0.04882 0.99018 0.13098
vn -0.04984 0.99002 0.13181
vn -0.04965 0.98984 0.13321
vn -0.04821 0.98965 0.13515
vn -0.04552 0.98944 0.13759
vn -0.04164 0.98921 0.14049
vn -0.03663 0.98893 0.14376
vn -0.03062 0.98861 0.14733
vn -0.02375 0.98823 0.15109
vn -0.01622 0.98779 0.15493
vn -0.00822 0.98728 0.15876
vn -0.00000 0.98672 0.16244
vn 0.00000 0.98931 0.14585
vn -0.00655 0.98995 0.14128
vn -0.01297 0.99049 0.13698
vn -0.01912 0.99093 0.13304
vn -0.02487 0.99126 0.12955
vn -0.03009 0.99150 0.12659
vn -0.03465 0.99165 0.12424
vn -0.03844 0.99171 0.12258
vn -0.04135 0.99171 0.12164
vn -0.04330 0.99165 0.12148
vn -0.04421 0.99153 0.12212
vn -0.04404 0.99136 0.12356
vn -0.04276 0.99114 0.12578
vn -0.04037 0.99085 0.12876
vn -0.03692 0.99051 0.13241
vn -0.03248 0.99009 0.13666
vn -0.02714 0.98958 0.14140
vn -0.02105 0.98899 0.14649
vn -0.01437 0.98831 0.15180
vn -0.00728 0.98754 0.15717
vn -0.00000 0.98672 0.16244
vn 0.00000 0.98931 0.14585
vn -0.00542 0.99013 0.14005
vn -0.01073 0.99085 0.13454
vn -0.01582 0.99146 0.12944
vn -0.02058 0.99196 0.12486
vn -0.02491 0.99235 0.12092
vn -0.02868 0.99263 0.11771
vn -0.03182 0.99282 0.11532
vn -0.03424 0.99291 0.11384
vn -0.03586 0.99291 0.11331
vn -0.03661 0.99283 0.11378
vn -0.03647 0.99267 0.11525
vn -0.03541 0.99241 0.11772
vn -0.03343 0.99207 0.12115
vn -0.03057 0.99163 0.12546
vn -0.02689 0.99108 0.13055
vn -0.02247 0.99041 0.13630
vn -0.01742 0.98964 0.14254
vn -0.01189 0.98875 0.14911
vn -0.00603 0.98777 0.15581
vn -0.00000 0.98672 0.16244
vn 0.00000 0.98931 0.14585
vn -0.00405 0.99027 0.13908
vn -0.00802 0.99114 0.13261
vn -0.01183 0.99189 0.12659
vn -0.01539 0.99252 0.12115
vn -0.01862 0.99303 0.11642
vn -0.02145 0.99342 0.11253
vn -0.02380 0.99369 0.10958
vn -0.02561 0.99386 0.10765
vn -0.02682 0.99392 0.10683
vn -0.02739 0.99386 0.10717
vn -0.02728 0.99370 0.10867
vn -0.02649 0.99343 0.11134
vn -0.02501 0.99304 0.11512
vn -0.02287 0.99252 0.11995
vn -0.02011 0.99186 0.12571
vn -0.01680 0.99107 0.13226
vn -0.01303 0.99015 0.13941
vn -0.00889 0.98910 0.14698
vn -0.00450 0.98795 0.15473
vn -0.00000 0.98672 0.16244
vn 0.00000 0.98931 0.14585
vn -0.00250 0.99037 0.13840
vn -0.00496 0.99133 0.13127
vn -0.00731 0.99218 0.12461
vn -0.00951 0.99290 0.11857
vn -0.01152 0.99349 0.11331
vn -0.01326 0.99396 0.10894
vn -0.01472 0.99430 0.10559
vn -0.01584 0.99452 0.10337
vn -0.01659 0.99461 0.10235
vn -0.01694 0.99458 0.10258
vn -0.01687 0.99442 0.10411
vn -0.01638 0.99413 0.10691
vn -0.01547 0.99371 0.11095
vn -0.01414 0.99313 0.11614
vn -0.01244 0.99241 0.12236
vn -0.01039 0.99153 0.12946
vn -0.00805 0.99050 0.13725
vn -0.00549 0.98934 0.14550
vn -0.00278 0.98807 0.15398
vn -0.00000 0.98672 0.16244
vn 0.00000 0.98931 0.14585
vn -0.00085 0.99042 0.13806
vn -0.00168 0.99144 0.13059
vn -0.00247 0.99233 0.12360
vn -0.00322 0.99310 0.11726
vn -0.00390 0.99373 0.11171
vn -0.00449 0.99424 0.10710
vn -0.00498 0.99461 0.10355
vn -0.00536 0.99485 0.10117
vn -0.00561 0.99497 0.10005
vn -0.00573 0.99495 0.10024
vn -0.00571 0.99479 0.10177
vn -0.00554 0.99449 0.10464
vn -0.00523 0.99405 0.10881
vn -0.00478 0.99345 0.11418
vn -0.00421 0.99269 0.12065
vn -0.00351 0.99176 0.12803
vn -0.00272 0.99069 0.13614
vn -0.00186 0.98947 0.14475
vn -0.00094 0.98813 0.15360
vn -0.00000 0.98672 0.16244
vn 0.00000 0.98931 0.14585
vn 0.00085 0.99042 0.13806
vn 0.00168 0.99144 0.13059
vn 0.00247 0.99233 0.12360
vn 0.00322 0.99310 0.11726
vn 0.00390 0.99373 0.11171
vn 0.00449 0.99424 0.10710
vn 0.00498 0.99461 0.10355
vn 0.00536 0.99485 0.10117
vn 0.00561 0.99497 0.10005
vn 0.00573 0.99495 0.10024
vn 0.00571 0.99479 0.10177
vn 0.00554 0.99449 0.10464
vn 0.00523 0.99405 0.10881
vn 0.00478 0.99345 0.11418
vn 0.00421 0.99269 0.12065
vn 0.00351 0.99176 0.12803
vn 0.00272 0.99069 0.13614
vn 0.00186 0.98947 0.14475
vn 0.00094 0.98813 0.15360
vn 0.00000 0.98672 0.16244
vn 0.00000 0.98931 0.14585
vn 0.00250 0.99037 0.13840
vn 0.00496 0.99133 0.13127
vn 0.00731 0.99218 0.12461
vn 0.00951 0.99290 0.11857
vn 0.01152 0.99349 0.11331
vn 0.01326 0.99396 0.10894
vn 0.01472 0.99430 0.10559
vn 0.01584 0.99452 0.10337
vn 0.01659 0.99461 0.10235
vn 0.01694 0.99458 0.10258
vn 0.01687 0.99442 0.10411
vn 0.01638 0.99413 0.10691
vn 0.01547 0.99371 0.11095
vn 0.01414 0.99313 0.11614
vn 0.01244 0.99241 0.12236
vn 0.01039 0.99153 0.12946
vn 0.00805 0.99050 0.13725
vn 0.00549 0.98934 0.14550
vn 0.00278 0.98807 0.15398
vn 0.00000 0.98672 0.16244
vn 0.00000 0.98931 0.14585
vn 0.00405 0.99027 0.13908
vn 0.00802 0.99114 0.13261
vn 0.01183 0.99189 0.12659
vn 0.01539 0.99252 0.12115
vn 0.01862 0.99303 0.11642
vn 0.02145 0.99342 0.11253
vn 0.02380 0.99369 0.10958
vn 0.02561 0.99386 0.10765
vn 0.02682 0.99392 0.10683
vn 0.02739 0.99386 0.10717
vn 0.02728 0.99370 0.10867
vn 0.02649 0.99343 0.11134
vn 0.02501 0.99304 0.11512
vn 0.02287 0.99252 0.11995
vn 0.02011 0.99186 0.12571
vn 0.01680 0.99107 0.13226
vn 0.01303 0.99015 0.13941
vn 0.00889 0.98910 0.14698
vn 0.00450 0.98795 0.15473
vn 0.00000 0.98672 0.16244
vn 0.00000 0.98931 0.14585
vn 0.00542 0.99013 0.14005
vn 0.01073 0.99085 0.13454
vn 0.01582 0.99146 0.12944
vn 0.02058 0.99196 0.12486
vn 0.02491 0.99235 0.12092
vn 0.02868 0.99263 0.11771
vn 0.03182 0.99282 0.11532
vn 0.03424 0.99291 0.11384
vn 0.03586 0.99291 0.11331
vn 0.03661 0.99283 0.11378
vn 0.03647 0.99267 0.11525
vn 0.03541 0.99241 0.11772
vn 0.03343 0.99207 0.12115
vn 0.03057 0.99163 0.12546
vn 0.02689 0.99108 0.13055
vn 0.02247 0.99041 0.13630
vn 0.01742 0.98964 0.14254
vn 0.01189 0.98875 0.14911
vn 0.00603 0.98777 0.15581
vn 0.00000 0.98672 0.16244
vn 0.00000 0.98931 0.14585
vn 0.00655 0.98995 0.14128
vn 0.01297 0.99049 0.13698
vn 0.01912 0.99093 0.13304
vn 0.02487 0.99126 0.12955
vn 0.03009 0.99150 0.12659
vn 0.03465 0.99165 0.12424
vn 0.03844 0.99171 0.12258
vn 0.04135 0.99171 0.12164
vn 0.04330 0.99165 0.12148
vn 0.04421 0.99153 0.12212
vn 0.04404 0.99136 0.12356
vn 0.04276 0.99114 0.12578
vn 0.04037 0.99085 0.12876
vn 0.03692 0.99051 0.13241
vn 0.03248 0.99009 0.13666
vn 0.02714 0.98958 0.14140
vn 0.02105 0.98899 0.14649
vn 0.01437 0.98831 0.15180
vn 0.00728 0.98754 0.15717
vn 0.00000 0.98672 0.16244
vn 0.00000 0.98931 0.14585
vn 0.00739 0.98974 0.14272
vn 0.01464 0.99007 0.13982
vn 0.02158 0.99030 0.13723
vn 0.02806 0.99045 0.13500
vn 0.03394 0.99051 0.13319
vn 0.03908 0.99050 0.13184
vn 0.04335 0.99043 0.13101
vn 0.04662 0.99032 0.13071
vn 0.04882 0.99018 0.13098
vn 0.04984 0.99002 0.13181
vn 0.04965 0.98984 0.13321
vn 0.04821 0.98965 0.13515
vn 0.04552 0.98944 0.13759
vn 0.04164 0.98921 0.14049
vn 0.03663 0.98893 0.14376
vn 0.03062 0.98861 0.14733
vn 0.02375 0.98823 0.15109
vn 0.01622 0.98779 0.15493
vn 0.00822 0.98728 0.15876
vn 0.00000 0.98672 0.16244
vn 0.00000 0.98931 0.14585
vn 0.00791 0.98950 0.14429
vn 0.01566 0.98961 0.14294
vn 0.02309 0.98962 0.14183
vn 0.03002 0.98956 0.14098
vn 0.03630 0.98943 0.14042
vn 0.04179 0.98924 0.14017
vn 0.04634 0.98903 0.14024
vn 0.04985 0.98880 0.14064
vn 0.05219 0.98858 0.14137
vn 0.05328 0.98837 0.14242
vn 0.05307 0.98819 0.14377
vn 0.05153 0.98803 0.14540
vn 0.04867 0.98790 0.14727
vn 0.04452 0.98778 0.14934
vn 0.03917 0.98767 0.15154
vn 0.03275 0.98755 0.15383
vn 0.02541 0.98741 0.15613
vn 0.01735 0.98723 0.15837
vn 0.00880 0.98700 0.16050
vn 0.00000 0.98672 0.16244
vn 0.00000 0.98931 0.14585
vn 0.00809 0.98926 0.14594
vn 0.01601 0.98913 0.14620
vn 0.02358 0.98891 0.14663
vn 0.03066 0.98863 0.14722
vn 0.03707 0.98830 0.14797
vn 0.04267 0.98794 0.14886
vn 0.04731 0.98757 0.14987
vn 0.05088 0.98722 0.15100
vn 0.05326 0.98691 0.15221
vn 0.05438 0.98665 0.15348
vn 0.05416 0.98646 0.15478
vn 0.05259 0.98634 0.15609
vn 0.04967 0.98629 0.15736
vn 0.04545 0.98630 0.15856
vn 0.04000 0.98636 0.15966
vn 0.03345 0.98645 0.16061
vn 0.02596 0.98655 0.16139
vn 0.01773 0.98664 0.16197
vn 0.00900 0.98670 0.16232
vn 0.00000 0.98672 0.16244
vn -0.09273 0.99349 0.06623
vn -0.08771 0.95542 0.28193
vn -0.08001 0.88577 0.45717
vn -0.07160 0.80555 0.58818
vn -0.06370 0.72806 0.68255
vn -0.05676 0.65888 0.75011
vn -0.05084 0.59922 0.79897
vn -0.04584 0.54844 0.83493
vn -0.04161 0.50528 0.86195
vn -0.08282 0.99466 0.06159
vn -0.07861 0.95932 0.27117
vn -0.07206 0.89333 0.44358
vn -0.06482 0.81603 0.57437
vn -0.05791 0.74024 0.66984
vn -0.05177 0.67179 0.73893
vn -0.04649 0.61222 0.78932
vn -0.04199 0.56116 0.82664
vn -0.03818 0.51753 0.85481
vn -0.06170 0.99641 0.05793
vn -0.05872 0.96308 0.26272
vn -0.05403 0.89988 0.43279
vn -0.04879 0.82484 0.56326
vn -0.04373 0.75042 0.65951
vn -0.03920 0.68257 0.72977
vn -0.03527 0.62309 0.78136
vn -0.03191 0.57180 0.81977
vn -0.02905 0.52780 0.84887
vn -0.03282 0.99791 0.05561
vn -0.03128 0.96580 0.25738
vn -0.02886 0.90430 0.42591
vn -0.02612 0.83069 0.55612
vn -0.02346 0.75715 0.65282
vn -0.02107 0.68968 0.72380
vn -0.01898 0.63027 0.77615
vn -0.01719 0.57885 0.81525
vn -0.01566 0.53461 0.84496
vn -0.00000 0.99850 0.05482
vn -0.00000 0.96679 0.25556
vn -0.00000 0.90587 0.42356
vn -0.00000 0.83274 0.55367
vn -0.00000 0.75949 0.65051
vn -0.00000 0.69217 0.72174
vn -0.00000 0.63277 0.77434
vn -0.00000 0.58131 0.81368
vn -0.00000 0.53699 0.84359
vn 0.03282 0.99791 0.05561
vn 0.03128 0.96580 0.25738
vn 0.02886 0.90430 0.42591
vn 0.02612 0.83069 0.55612
vn 0.02346 0.75715 0.65282
vn 0.02107 0.68968 0.72380
vn 0.01898 0.63027 0.77615
vn 0.01719 0.57885 0.81525
vn 0.01566 0.53461 0.84496
vn 0.06170 0.99641 0.05793
vn 0.05872 0.96308 0.26272
vn 0.05403 0.89988 0.43279
vn 0.04879 0.82484 0.56326
vn 0.04373 0.75042 0.65951
vn 0.03920 0.68257 0.72977
vn 0.03527 0.62309 0.78136
vn 0.03191 0.57180 0.81977
vn 0.02905 0.52780 0.84887
vn 0.08282 0.99466 0.06159
vn 0.07861 0.95932 0.27117
vn 0.07206 0.89333 0.44358
vn 0.06482 0.81603 0.57437
vn 0.05791 0.74024 0.66984
vn 0.05177 0.67179 0.73893
vn 0.04649 0.61222 0.78932
vn 0.04199 0.56116 0.82664
vn 0.03818 0.51753 0.85481
vn 0.09273 0.99349 0.06623
vn 0.08771 0.95542 0.28193
vn 0.08001 0.88577 0.45717
vn 0.07160 0.80555 0.58818
vn 0.06370 0.72806 0.68255
vn 0.05676 0.65888 0.75011
vn 0.05084 0.59922 0.79897
vn 0.04584 0.54844 0.83493
vn 0.04161 0.50528 0.86195
vn 0.08883 0.99349 0.07130
vn 0.08370 0.95224 0.29366
vn 0.07592 0.87843 0.47181
vn 0.06758 0.79499 0.60285
vn 0.05985 0.71566 0.69588
vn 0.05315 0.64573 0.76171
vn 0.04748 0.58602 0.80891
vn 0.04272 0.53554 0.84343
vn 0.03872 0.49288 0.86923
vn 0.07027 0.99463 0.07599
vn 0.06595 0.95022 0.30451
vn 0.05951 0.87240 0.48515
vn 0.05271 0.78597 0.61602
vn 0.04649 0.70498 0.70770
vn 0.04115 0.63441 0.77190
vn 0.03667 0.57465 0.81758
vn 0.03294 0.52446 0.85080
vn 0.02981 0.48225 0.87552
vn 0.03893 0.99609 0.07935
vn 0.03643 0.94929 0.31227
vn 0.03275 0.86851 0.49459
vn 0.02890 0.77990 0.62523
vn 0.02541 0.69775 0.71589
vn 0.02245 0.62674 0.77891
vn 0.01997 0.56696 0.82350
vn 0.01792 0.51698 0.85581
vn 0.01620 0.47509 0.87979
vn 0.00000 0.99675 0.08058
vn 0.00000 0.94905 0.31511
vn 0.00000 0.86717 0.49802
vn 0.00000 0.77777 0.62855
vn 0.00000 0.69520 0.71882
vn 0.00000 0.62402 0.78141
vn 0.00000 0.56424 0.82561
vn 0.00000 0.51434 0.85759
vn 0.00000 0.47256 0.88130
vn -0.03893 0.99609 0.07935
vn -0.03643 0.94929 0.31227
vn -0.03275 0.86851 0.49459
vn -0.02890 0.77990 0.62523
vn -0.02541 0.69775 0.71589
vn -0.02245 0.62674 0.77891
vn -0.01997 0.56696 0.82350
vn -0.01792 0.51698 0.85581
vn -0.01620 0.47509 0.87979
vn -0.07027 0.99463 0.07599
vn -0.06595 0.95022 0.30451
vn -0.05951 0.87240 0.48515
vn -0.05271 0.78597 0.61602
vn -0.04649 0.70498 0.70770
vn -0.04115 0.63441 0.77190
vn -0.03667 0.57465 0.81758
vn -0.03294 0.52446 0.85080
vn -0.02981 0.48225 0.87552
vn -0.08883 0.99349 0.07130
vn -0.08370 0.95224 0.29366
vn -0.07592 0.87843 0.47181
vn -0.06758 0.79499 0.60285
vn -0.05985 0.71566 0.69588
vn -0.05315 0.64573 0.76171
vn -0.04748 0.58602 0.80891
vn -0.04272 0.53554 0.84343
vn -0.03872 0.49288 0.86923
vn -0.09273 0.99349 0.06623
vn -0.08771 0.95542 0.28193
vn -0.08001 0.88577 0.45717
vn -0.07160 0.80555 0.58818
vn -0.06370 0.72806 0.68255
vn -0.05676 0.65888 0.75011
vn -0.05084 0.59922 0.79897
vn -0.04584 0.54844 0.83493
vn -0.04161 0.50528 0.86195
vn 0.00000 0.99831 0.05814
vn 0.01976 0.99811 0.05822
vn 0.03920 0.99752 0.05846
vn 0.05798 0.99658 0.05885
vn 0.07577 0.99535 0.05940
vn 0.09224 0.99392 0.06011
vn 0.10704 0.99238 0.06097
vn 0.11985 0.99086 0.06199
vn 0.13031 0.98946 0.06314
vn 0.13809 0.98832 0.06443
vn 0.14287 0.98755 0.06584
vn 0.14433 0.98724 0.06734
vn 0.14221 0.98743 0.06891
vn 0.13633 0.98815 0.07051
vn 0.12655 0.98934 0.07209
vn 0.11291 0.99088 0.07359
vn 0.09559 0.99260 0.07494
vn 0.07496 0.99428 0.07609
vn 0.05161 0.99570 0.07697
vn 0.02631 0.99664 0.07752
vn 0.00000 0.99698 0.07771
vn 0.00000 0.99831 0.05814
vn 0.01933 0.99787 0.06232
vn 0.03833 0.99704 0.06658
vn 0.05667 0.99588 0.07086
vn 0.07404 0.99442 0.07509
vn 0.09012 0.99278 0.07920
vn 0.10456 0.99104 0.08312
vn 0.11705 0.98933 0.08677
vn 0.12725 0.98777 0.09008
vn 0.13482 0.98650 0.09297
vn 0.13947 0.98562 0.09535
vn 0.14089 0.98525 0.09715
vn 0.13882 0.98543 0.09828
vn 0.13308 0.98618 0.09865
vn 0.12355 0.98747 0.09821
vn 0.11025 0.98917 0.09689
vn 0.09336 0.99112 0.09468
vn 0.07324 0.99310 0.09157
vn 0.05044 0.99488 0.08763
vn 0.02573 0.99622 0.08296
vn 0.00000 0.99698 0.07771
vn 0.00000 0.99831 0.05814
vn 0.01805 0.99764 0.06623
vn 0.03578 0.99659 0.07433
vn 0.05289 0.99520 0.08232
vn 0.06909 0.99354 0.09006
vn 0.08407 0.99169 0.09741
vn 0.09753 0.98976 0.10424
vn 0.10916 0.98787 0.11040
vn 0.11865 0.98617 0.11576
vn 0.12570 0.98476 0.12016
vn 0.13002 0.98379 0.12347
vn 0.13133 0.98336 0.12555
vn 0.12941 0.98352 0.12625
vn 0.12406 0.98431 0.12547
vn 0.11518 0.98569 0.12310
vn 0.10280 0.98754 0.11911
vn 0.08707 0.98972 0.11349
vn 0.06833 0.99198 0.10634
vn 0.04708 0.99409 0.09780
vn 0.02402 0.99582 0.08815
vn 0.00000 0.99698 0.07771
vn 0.00000 0.99831 0.05814
vn 0.01598 0.99743 0.06979
vn 0.03167 0.99618 0.08139
vn 0.04681 0.99459 0.09275
vn 0.06114 0.99273 0.10367
vn 0.07438 0.99070 0.11396
vn 0.08627 0.98860 0.12342
vn 0.09654 0.98656 0.13186
vn 0.10492 0.98471 0.13907
vn 0.11114 0.98319 0.14484
vn 0.11495 0.98214 0.14899
vn 0.11610 0.98164 0.15131
vn 0.11440 0.98180 0.15163
vn 0.10967 0.98262 0.14979
vn 0.10184 0.98407 0.14569
vn 0.09090 0.98607 0.13928
vn 0.07701 0.98844 0.13058
vn 0.06045 0.99096 0.11976
vn 0.04166 0.99338 0.10706
vn 0.02126 0.99545 0.09288
vn 0.00000 0.99698 0.07771
vn 0.00000 0.99831 0.05814
vn 0.01321 0.99726 0.07285
vn 0.02619 0.99583 0.08744
vn 0.03870 0.99406 0.10168
vn 0.05053 0.99204 0.11533
vn 0.06147 0.98985 0.12813
vn 0.07128 0.98760 0.13985
vn 0.07976 0.98543 0.15022
vn 0.08667 0.98347 0.15901
vn 0.09180 0.98185 0.16596
vn 0.09493 0.98072 0.17082
vn 0.09588 0.98018 0.17335
vn 0.09447 0.98032 0.17334
vn 0.09057 0.98117 0.17060
vn 0.08411 0.98270 0.16502
vn 0.07509 0.98481 0.15653
vn 0.06363 0.98735 0.14521
vn 0.04995 0.99009 0.13125
vn 0.03443 0.99277 0.11499
vn 0.01758 0.99514 0.09693
vn 0.00000 0.99698 0.07771
vn 0.00000 0.99831 0.05814
vn 0.00987 0.99711 0.07526
vn 0.01956 0.99555 0.09222
vn 0.02890 0.99365 0.10874
vn 0.03774 0.99150 0.12454
vn 0.04590 0.98918 0.13932
vn 0.05322 0.98682 0.15282
vn 0.05954 0.98454 0.16472
vn 0.06470 0.98248 0.17475
vn 0.06852 0.98079 0.18262
vn 0.07086 0.97960 0.18804
vn 0.07156 0.97903 0.19073
vn 0.07051 0.97916 0.19046
vn 0.06760 0.98003 0.18702
vn 0.06278 0.98161 0.18026
vn 0.05605 0.98382 0.17015
vn 0.04750 0.98649 0.15676
vn 0.03730 0.98940 0.14032
vn 0.02572 0.99229 0.12125
vn 0.01313 0.99489 0.10013
vn 0.00000 0.99698 0.07771
vn 0.00000 0.99831 0.05814
vn 0.00610 0.99702 0.07693
vn 0.01209 0.99535 0.09553
vn 0.01786 0.99336 0.11363
vn 0.02331 0.99112 0.13091
vn 0.02835 0.98872 0.14706
vn 0.03287 0.98628 0.16178
vn 0.03678 0.98393 0.17474
vn 0.03996 0.98181 0.18563
vn 0.04232 0.98006 0.19413
vn 0.04376 0.97883 0.19993
vn 0.04419 0.97824 0.20274
vn 0.04354 0.97836 0.20229
vn 0.04175 0.97924 0.19836
vn 0.03877 0.98086 0.19079
vn 0.03462 0.98314 0.17956
vn 0.02934 0.98590 0.16474
vn 0.02304 0.98893 0.14660
vn 0.01589 0.99196 0.12558
vn 0.00812 0.99472 0.10235
vn 0.00000 0.99698 0.07771
vn 0.00000 0.99831 0.05814
vn 0.00206 0.99697 0.07779
vn 0.00409 0.99525 0.09722
vn 0.00604 0.99322 0.11612
vn 0.00788 0.99093 0.13416
vn 0.00959 0.98849 0.15101
vn 0.01112 0.98600 0.16636
vn 0.01244 0.98361 0.17985
vn 0.01351 0.98146 0.19118
vn 0.01431 0.97969 0.20000
vn 0.01480 0.97844 0.20600
vn 0.01494 0.97783 0.20887
vn 0.01472 0.97795 0.20832
vn 0.01412 0.97884 0.20414
vn 0.01311 0.98048 0.19617
vn 0.01171 0.98279 0.18436
vn 0.00992 0.98560 0.16881
vn 0.00779 0.98869 0.14980
vn 0.00537 0.99179 0.12780
vn 0.00275 0.99463 0.10348
vn 0.00000 0.99698 0.07771
vn 0.00000 0.99831 0.05814
vn -0.00206 0.99697 0.07779
vn -0.00409 0.99525 0.09722
vn -0.00604 0.99322 0.11612
vn -0.00788 0.99093 0.13416
vn -0.00959 0.98849 0.15101
vn -0.01112 0.98600 0.16636
vn -0.01244 0.98361 0.17985
vn -0.01351 0.98146 0.19118
vn -0.01431 0.97969 0.20000
vn -0.01480 0.97844 0.20600
vn -0.01494 0.97783 0.20887
vn -0.01472 0.97795 0.20832
vn -0.01412 0.97884 0.20414
vn -0.01311 0.98048 0.19617
vn -0.01171 0.98279 0.18436
vn -0.00992 0.98560 0.16881
vn -0.00779 0.98869 0.14980
vn -0.00537 0.99179 0.12780
vn -0.00275 0.99463 0.10348
vn -0.00000 0.99698 0.07771
vn 0.00000 0.99831 0.05814
vn -0.00610 0.99702 0.07693
vn -0.01209 0.99535 0.09553
vn -0.01786 0.99336 0.11363
vn -0.02331 0.99112 0.13091
vn -0.02835 0.98872 0.14706
vn -0.03287 0.98628 0.16178
vn -0.03678 0.98393 0.17474
vn -0.03996 0.98181 0.18563
vn -0.04232 0.98006 0.19413
vn -0.04376 0.97883 0.19993
vn -0.04419 0.97824 0.20274
vn -0.04354 0.97836 0.20229
vn -0.04175 0.97924 0.19836
vn -0.03877 0.98086 0.19079
vn -0.03462 0.98314 0.17956
vn -0.02934 0.98590 0.16474
vn -0.02304 0.98893 0.14660
vn -0.01589 0.99196 0.12558
vn -0.00812 0.99472 0.10235
vn -0.00000 0.99698 0.07771
vn 0.00000 0.99831 0.05814
vn -0.00987 0.99711 0.07526
vn -0.01956 0.99555 0.09222
vn -0.02890 0.99365 0.10874
vn -0.03774 0.99150 0.12454
vn -0.04590 0.98918 0.13932
vn -0.05322 0.98682 0.15282
vn -0.05954 0.98454 0.16472
vn -0.06470 0.98248 0.17475
vn -0.06852 0.98079 0.18262
vn -0.07086 0.97960 0.18804
vn -0.07156 0.97903 0.19073
vn -0.07051 0.97916 0.19046
vn -0.06760 0.98003 0.18702
vn -0.06278 0.98161 0.18026
vn -0.05605 0.98382 0.17015
vn -0.04750 0.98649 0.15676
vn -0.03730 0.98940 0.14032
vn -0.02572 0.99229 0.12125
vn -0.01313 0.99489 0.10013
vn -0.00000 0.99698 0.07771
vn 0.00000 0.99831 0.05814
vn -0.01321 0.99726 0.07285
vn -0.02619 0.99583 0.08744
vn -0.03870 0.99406 0.10168
vn -0.05053 0.99204 0.11533
vn -0.06147 0.98985 0.12813
vn -0.07128 0.98760 0.13985
vn -0.07976 0.98543 0.15022
vn -0.08667 0.98347 0.15901
vn -0.09180 0.98185 0.16596
vn -0.09493 0.98072 0.17082
vn -0.09588 0.98018 0.17335
vn -0.09447 0.98032 0.17334
vn -0.09057 0.98117 0.17060
vn -0.08411 0.98270 0.16502
vn -0.07509 0.98481 0.15653
vn -0.06363 0.98735 0.14521
vn -0.04995 0.99009 0.13125
vn -0.03443 0.99277 0.11499
vn -0.01758 0.99514 0.09693
vn -0.00000 0.99698 0.07771
vn 0.00000 0.99831 0.05814
vn -0.01598 0.99743 0.06979
vn -0.03167 0.99618 0.08139
vn -0.04681 0.99459 0.09275
vn -0.06114 0.99273 0.10367
vn -0.07438 0.99070 0.11396
vn -0.08627 0.98860 0.12342
vn -0.09654 0.98656 0.13186
vn -0.10492 0.98471 0.13907
vn -0.11114 0.98319 0.14484
vn -0.11495 0.98214 0.14899
vn -0.11610 0.98164 0.15131
vn -0.11440 0.98180 0.15163
vn -0.10967 0.98262 0.14979
vn -0.10184 0.98407 0.14569
vn -0.09090 0.98607 0.13928
vn -0.07701 0.98844 0.13058
vn -0.06045 0.99096 0.11976
vn -0.04166 0.99338 0.10706
vn -0.02126 0.99545 0.09288
vn -0.00000 0.99698 0.07771
vn 0.00000 0.99831 0.05814
vn -0.01805 0.99764 0.06623
vn -0.03578 0.99659 0.07433
vn -0.05289 0.99520 0.08232
vn -0.06909 0.99354 0.09006
vn -0.08407 0.99169 0.09741
vn -0.09753 0.98976 0.10424
vn -0.10916 0.98787 0.11040
vn -0.11865 0.98617 0.11576
vn -0.12570 0.98476 0.12016
vn -0.13002 0.98379 0.12347
vn -0.13133 0.98336 0.12555
vn -0.12941 0.98352 0.12625
vn -0.12406 0.98431 0.12547
vn -0.11518 0.98569 0.12310
vn -0.10280 0.98754 0.11911
vn -0.08707 0.98972 0.11349
vn -0.06833 0.99198 0.10634
vn -0.04708 0.99409 0.09780
vn -0.02402 0.99582 0.08815
vn -0.00000 0.99698 0.07771
vn 0.00000 0.99831 0.05814
vn -0.01933 0.99787 0.06232
vn -0.03833 0.99704 0.06658
vn -0.05667 0.99588 0.07086
vn -0.07404 0.99442 0.07509
vn -0.09012 0.99278 0.07920
vn -0.10456 0.99104 0.08312
vn -0.11705 0.98933 0.08677
vn -0.12725 0.98777 0.09008
vn -0.13482 0.98650 0.09297
vn -0.13947 0.98562 0.09535
vn -0.14089 0.98525 0.09715
vn -0.13882 0.98543 0.09828
vn -0.13308 0.98618 0.09865
vn -0.12355 0.98747 0.09821
vn -0.11025 0.98917 0.09689
vn -0.09336 0.99112 0.09468
vn -0.07324 0.99310 0.09157
vn -0.05044 0.99488 0.08763
vn -0.02573 0.99622 0.08296
vn -0.00000 0.99698 0.07771
vn 0.00000 0.99831 0.05814
vn -0.01976 0.99811 0.05822
vn -0.03920 0.99752 0.05846
vn -0.05798 0.99658 0.05885
vn -0.07577 0.99535 0.05940
vn -0.09224 0.99392 0.06011
vn -0.10704 0.99238 0.06097
vn -0.11985 0.99086 0.06199
vn -0.13031 0.98946 0.06314
vn -0.13809 0.98832 0.06443
vn -0.14287 0.98755 0.06584
vn -0.14433 0.98724 0.06734
vn -0.14221 0.98743 0.06891
vn -0.13633 0.98815 0.07051
vn -0.12655 0.98934 0.07209
vn -0.11291 0.99088 0.07359
vn -0.09559 0.99260 0.07494
vn -0.07496 0.99428 0.07609
vn -0.05161 0.99570 0.07697
vn -0.02631 0.99664 0.07752
vn -0.00000 0.99698 0.07771
vn 0.00000 0.99831 0.05814
vn -0.01934 0.99835 0.05413
vn -0.03836 0.99800 0.05033
vn -0.05675 0.99729 0.04683
vn -0.07418 0.99629 0.04369
vn -0.09033 0.99507 0.04098
vn -0.10485 0.99373 0.03877
vn -0.11741 0.99239 0.03713
vn -0.12768 0.99116 0.03611
vn -0.13532 0.99015 0.03579
vn -0.14002 0.98949 0.03620
vn -0.14146 0.98924 0.03741
vn -0.13939 0.98945 0.03942
vn -0.13361 0.99013 0.04225
vn -0.12402 0.99122 0.04586
vn -0.11064 0.99259 0.05020
vn -0.09364 0.99408 0.05515
vn -0.07341 0.99546 0.06058
vn -0.05053 0.99652 0.06629
vn -0.02575 0.99707 0.07208
vn -0.00000 0.99698 0.07771
vn 0.00000 0.99831 0.05814
vn -0.01806 0.99858 0.05021
vn -0.03584 0.99845 0.04255
vn -0.05304 0.99797 0.03532
vn -0.06935 0.99718 0.02864
vn -0.08445 0.99617 0.02265
vn -0.09805 0.99503 0.01748
vn -0.10982 0.99386 0.01328
vn -0.11945 0.99279 0.01017
vn -0.12661 0.99192 0.00829
vn -0.13102 0.99135 0.00776
vn -0.13237 0.99116 0.00867
vn -0.13044 0.99139 0.01111
vn -0.12503 0.99204 0.01512
vn -0.11604 0.99303 0.02069
vn -0.10350 0.99424 0.02775
vn -0.08758 0.99550 0.03617
vn -0.06864 0.99659 0.04571
vn -0.04723 0.99731 0.05607
vn -0.02406 0.99747 0.06687
vn -0.00000 0.99698 0.07771
vn 0.00000 0.99831 0.05814
vn -0.01600 0.99878 0.04664
vn -0.03176 0.99887 0.03546
vn -0.04700 0.99859 0.02482
vn -0.06146 0.99800 0.01491
vn -0.07487 0.99718 0.00592
vn -0.08693 0.99621 -0.00195
vn -0.09739 0.99521 -0.00850
vn -0.10594 0.99428 -0.01352
vn -0.11231 0.99353 -0.01683
vn -0.11623 0.99306 -0.01824
vn -0.11744 0.99292 -0.01760
vn -0.11572 0.99317 -0.01477
vn -0.11092 0.99378 -0.00968
vn -0.10294 0.99469 -0.00231
vn -0.09180 0.99575 0.00725
vn -0.07766 0.99680 0.01884
vn -0.06085 0.99763 0.03214
vn -0.04185 0.99803 0.04674
vn -0.02131 0.99784 0.06213
vn -0.00000 0.99698 0.07771
vn 0.00000 0.99831 0.05814
vn -0.01324 0.99896 0.04357
vn -0.02627 0.99922 0.02938
vn -0.03889 0.99912 0.01581
vn -0.05087 0.99870 0.00311
vn -0.06197 0.99804 -0.00847
vn -0.07198 0.99723 -0.01867
vn -0.08064 0.99637 -0.02723
vn -0.08773 0.99557 -0.03391
vn -0.09302 0.99492 -0.03845
vn -0.09627 0.99453 -0.04062
vn -0.09728 0.99444 -0.04021
vn -0.09586 0.99471 -0.03705
vn -0.09188 0.99529 -0.03102
vn -0.08526 0.99611 -0.02211
vn -0.07602 0.99705 -0.01039
vn -0.06431 0.99792 0.00393
vn -0.05037 0.99852 0.02047
vn -0.03464 0.99865 0.03873
vn -0.01763 0.99816 0.05805
vn -0.00000 0.99698 0.07771
vn 0.00000 0.99831 0.05814
vn -0.00989 0.99910 0.04115
vn -0.01964 0.99951 0.02456
vn -0.02908 0.99954 0.00867
vn -0.03803 0.99926 -0.00624
vn -0.04634 0.99873 -0.01986
vn -0.05383 0.99804 -0.03191
vn -0.06031 0.99729 -0.04208
vn -0.06562 0.99659 -0.05007
vn -0.06958 0.99603 -0.05559
vn -0.07202 0.99569 -0.05837
vn -0.07278 0.99565 -0.05814
vn -0.07172 0.99592 -0.05472
vn -0.06874 0.99648 -0.04795
vn -0.06378 0.99725 -0.03781
vn -0.05687 0.99808 -0.02437
vn -0.04809 0.99881 -0.00789
vn -0.03767 0.99923 0.01123
vn -0.02590 0.99914 0.03238
vn -0.01318 0.99841 0.05483
vn -0.00000 0.99698 0.07771
vn 0.00000 0.99831 0.05814
vn -0.00611 0.99920 0.03947
vn -0.01214 0.99970 0.02122
vn -0.01798 0.99983 0.00372
vn -0.02352 0.99964 -0.01271
vn -0.02865 0.99920 -0.02776
vn -0.03329 0.99860 -0.04109
vn -0.03730 0.99793 -0.05237
vn -0.04059 0.99730 -0.06127
vn -0.04304 0.99679 -0.06748
vn -0.04455 0.99650 -0.07067
vn -0.04502 0.99649 -0.07058
vn -0.04436 0.99677 -0.06697
vn -0.04252 0.99731 -0.05969
vn -0.03945 0.99803 -0.04870
vn -0.03517 0.99880 -0.03407
vn -0.02974 0.99943 -0.01608
vn -0.02329 0.99972 0.00482
vn -0.01601 0.99948 0.02799
vn -0.00815 0.99858 0.05259
vn -0.00000 0.99698 0.07771
vn 0.00000 0.99831 0.05814
vn -0.00207 0.99925 0.03861
vn -0.00411 0.99980 0.01952
vn -0.00608 0.99998 0.00120
vn -0.00796 0.99984 -0.01602
vn -0.00970 0.99945 -0.03180
vn -0.01126 0.99889 -0.04578
vn -0.01262 0.99826 -0.05763
vn -0.01373 0.99766 -0.06701
vn -0.01456 0.99718 -0.07356
vn -0.01508 0.99692 -0.07697
vn -0.01523 0.99692 -0.07695
vn -0.01501 0.99720 -0.07324
vn -0.01439 0.99774 -0.06570
vn -0.01335 0.99844 -0.05427
vn -0.01190 0.99917 -0.03903
vn -0.01006 0.99974 -0.02027
vn -0.00788 0.99997 0.00155
vn -0.00542 0.99965 0.02574
vn -0.00276 0.99867 0.05145
vn -0.00000 0.99698 0.07771
vn 0.00000 0.99831 0.05814
vn 0.00207 0.99925 0.03861
vn 0.00411 0.99980 0.01952
vn 0.00608 0.99998 0.00120
vn 0.00796 0.99984 -0.01602
vn 0.00970 0.99945 -0.03180
vn 0.01126 0.99889 -0.04578
vn 0.01262 0.99826 -0.05763
vn 0.01373 0.99766 -0.06701
vn 0.01456 0.99718 -0.07356
vn 0.01508 0.99692 -0.07697
vn 0.01523 0.99692 -0.07695
vn 0.01501 0.99720 -0.07324
vn 0.01439 0.99774 -0.06570
vn 0.01335 0.99844 -0.05427
vn 0.01190 0.99917 -0.03903
vn 0.01006 0.99974 -0.02027
vn 0.00788 0.99997 0.00155
vn 0.00542 0.99965 0.02574
vn 0.00276 0.99867 0.05145
vn 0.00000 0.99698 0.07771
vn 0.00000 0.99831 0.05814
vn 0.00611 0.99920 0.03947
vn 0.01214 0.99970 0.02122
vn 0.01798 0.99983 0.00372
vn 0.02352 0.99964 -0.01271
vn 0.02865 0.99920 -0.02776
vn 0.03329 0.99860 -0.04109
vn 0.03730 0.99793 -0.05237
vn 0.04059 0.99730 -0.06127
vn 0.04304 0.99679 -0.06748
vn 0.04455 0.99650 -0.07067
vn 0.04502 0.99649 -0.07058
vn 0.04436 0.99677 -0.06697
vn 0.04252 0.99731 -0.05969
vn 0.03945 0.99803 -0.04870
vn 0.03517 0.99880 -0.03407
vn 0.02974 0.99943 -0.01608
vn 0.02329 0.99972 0.00482
vn 0.01601 0.99948 0.02799
vn 0.00815 0.99858 0.05259
vn 0.00000 0.99698 0.07771
vn 0.00000 0.99831 0.05814
vn 0.00989 0.99910 0.04115
vn 0.01964 0.99951 0.02456
vn 0.02908 0.99954 0.00867
vn 0.03803 0.99926 -0.00624
vn 0.04634 0.99873 -0.01986
vn 0.05383 0.99804 -0.03191
vn 0.06031 0.99729 -0.04208
vn 0.06562 0.99659 -0.05007
vn 0.06958 0.99603 -0.05559
vn 0.07202 0.99569 -0.05837
vn 0.07278 0.99565 -0.05814
vn 0.07172 0.99592 -0.05472
vn 0.06874 0.99648 -0.04795
vn 0.06378 0.99725 -0.03781
vn 0.05687 0.99808 -0.02437
vn 0.04809 0.99881 -0.00789
vn 0.03767 0.99923 0.01123
vn 0.02590 0.99914 0.03238
vn 0.01318 0.99841 0.05483
vn 0.00000 0.99698 0.07771
vn 0.00000 0.99831 0.05814
vn 0.01324 0.99896 0.04357
vn 0.02627 0.99922 0.02938
vn 0.03889 0.99912 0.01581
vn 0.05087 0.99870 0.00311
vn 0.06197 0.99804 -0.00847
vn 0.07198 0.99723 -0.01867
vn 0.08064 0.99637 -0.02723
vn 0.08773 0.99557 -0.03391
vn 0.09302 0.99492 -0.03845
vn 0.09627 0.99453 -0.04062
vn 0.09728 0.99444 -0.04021
vn 0.09586 0.99471 -0.03705
vn 0.09188 0.99529 -0.03102
vn 0.08526 0.99611 -0.02211
vn 0.07602 0.99705 -0.01039
vn 0.06431 0.99792 0.00393
vn 0.05037 0.99852 0.02047
vn 0.03464 0.99865 0.03873
vn 0.01763 0.99816 0.05805
vn 0.00000 0.99698 0.07771
vn 0.00000 0.99831 0.05814
vn 0.01600 0.99878 0.04664
vn 0.03176 0.99887 0.03546
vn 0.04700 0.99859 0.02482
vn 0.06146 0.99800 0.01491
vn 0.07487 0.99718 0.00592
vn 0.08693 0.99621 -0.00195
vn 0.09739 0.99521 -0.00850
vn 0.10594 0.99428 -0.01352
vn 0.11231 0.99353 -0.01683
vn 0.11623 0.99306 -0.01824
vn 0.11744 0.99292 -0.01760
vn 0.11572 0.99317 -0.01477
vn 0.11092 0.99378 -0.00968
vn 0.10294 0.99469 -0.00231
vn 0.09180 0.99575 0.00725
vn 0.07766 0.99680 0.01884
vn 0.06085 0.99763 0.03214
vn 0.04185 0.99803 0.04674
vn 0.02131 0.99784 0.06213
vn 0.00000 0.99698 0.07771
vn 0.00000 0.99831 0.05814
vn 0.01806 0.99858 0.05021
vn 0.03584 0.99845 0.04255
vn 0.05304 0.99797 0.03532
vn 0.06935 0.99718 0.02864
vn 0.08445 0.99617 0.02265
vn 0.09805 0.99503 0.01748
vn 0.10982 0.99386 0.01328
vn 0.11945 0.99279 0.01017
vn 0.12661 0.99192 0.00829
vn 0.13102 0.99135 0.00776
vn 0.13237 0.99116 0.00867
vn 0.13044 0.99139 0.01111
vn 0.12503 0.99204 0.01512
vn 0.11604 0.99303 0.02069
vn 0.10350 0.99424 0.02775
vn 0.08758 0.99550 0.03617
vn 0.06864 0.99659 0.04571
vn 0.04723 0.99731 0.05607
vn 0.02406 0.99747 0.06687
vn 0.00000 0.99698 0.07771
vn 0.00000 0.99831 0.05814
vn 0.01934 0.99835 0.05413
vn 0.03836 0.99800 0.05033
vn 0.05675 0.99729 0.04683
vn 0.07418 0.99629 0.04369
vn 0.09033 0.99507 0.04098
vn 0.10485 0.99373 0.03877
vn 0.11741 0.99239 0.03713
vn 0.12768 0.99116 0.03611
vn 0.13532 0.99015 0.03579
vn 0.14002 0.98949 0.03620
vn 0.14146 0.98924 0.03741
vn 0.13939 0.98945 0.03942
vn 0.13361 0.99013 0.04225
vn 0.12402 0.99122 0.04586
vn 0.11064 0.99259 0.05020
vn 0.09364 0.99408 0.05515
vn 0.07341 0.99546 0.06058
vn 0.05053 0.99652 0.06629
vn 0.02575 0.99707 0.07208
vn 0.00000 0.99698 0.07771
vn 0.00000 0.99831 0.05814
vn 0.01976 0.99811 0.05822
vn 0.03920 0.99752 0.05846
vn 0.05798 0.99658 0.05885
vn 0.07577 0.99535 0.05940
vn 0.09224 0.99392 0.06011
vn 0.10704 0.99238 0.06097
vn 0.11985 0.99086 0.06199
vn 0.13031 0.98946 0.06314
vn 0.13809 0.98832 0.06443
vn 0.14287 0.98755 0.06584
vn 0.14433 0.98724 0.06734
vn 0.14221 0.98743 0.06891
vn 0.13633 0.98815 0.07051
vn 0.12655 0.98934 0.07209
vn 0.11291 0.99088 0.07359
vn 0.09559 0.99260 0.07494
vn 0.07496 0.99428 0.07609
vn 0.05161 0.99570 0.07697
vn 0.02631 0.99664 0.07752
vn 0.00000 0.99698 0.07771
vn -0.02634 0.98777 0.15365
vn -0.02814 0.97311 0.22862
vn -0.02998 0.94950 0.31234
vn -0.03180 0.91417 0.40409
vn -0.03346 0.86430 0.50185
vn -0.03481 0.79777 0.60195
vn -0.03570 0.71405 0.69918
vn -0.03601 0.61510 0.78763
vn -0.03568 0.50540 0.86215
vn -0.02416 0.98676 0.16040
vn -0.02578 0.97162 0.23512
vn -0.02744 0.94758 0.31833
vn -0.02907 0.91194 0.40928
vn -0.03055 0.86203 0.50594
vn -0.03176 0.79582 0.60470
vn -0.03255 0.71291 0.70050
vn -0.03282 0.61520 0.78769
vn -0.03252 0.50702 0.86132
vn -0.01838 0.98595 0.16605
vn -0.01959 0.97044 0.24056
vn -0.02084 0.94605 0.32335
vn -0.02205 0.91017 0.41364
vn -0.02315 0.86023 0.50939
vn -0.02405 0.79431 0.60704
vn -0.02464 0.71206 0.70169
vn -0.02484 0.61537 0.78785
vn -0.02462 0.50844 0.86075
vn -0.00991 0.98543 0.16979
vn -0.01056 0.96968 0.24416
vn -0.01122 0.94507 0.32667
vn -0.01186 0.90905 0.41653
vn -0.01245 0.85909 0.51168
vn -0.01293 0.79336 0.60862
vn -0.01324 0.71154 0.70252
vn -0.01334 0.61552 0.78801
vn -0.01323 0.50940 0.86043
vn -0.00000 0.98525 0.17110
vn -0.00000 0.96942 0.24541
vn -0.00000 0.94474 0.32783
vn -0.00000 0.90866 0.41753
vn -0.00000 0.85870 0.51248
vn -0.00000 0.79304 0.60917
vn -0.00000 0.71138 0.70281
vn -0.00000 0.61558 0.78807
vn -0.00000 0.50974 0.86033
vn 0.00991 0.98543 0.16979
vn 0.01056 0.96968 0.24416
vn 0.01122 0.94507 0.32667
vn 0.01186 0.90905 0.41653
vn 0.01245 0.85909 0.51168
vn 0.01293 0.79336 0.60862
vn 0.01324 0.71154 0.70252
vn 0.01334 0.61552 0.78801
vn 0.01323 0.50940 0.86043
vn 0.01838 0.98595 0.16605
vn 0.01959 0.97044 0.24056
vn 0.02084 0.94605 0.32335
vn 0.02205 0.91017 0.41364
vn 0.02315 0.86023 0.50939
vn 0.02405 0.79431 0.60704
vn 0.02464 0.71206 0.70169
vn 0.02484 0.61537 0.78785
vn 0.02462 0.50844 0.86075
vn 0.02416 0.98676 0.16040
vn 0.02578 0.97162 0.23512
vn 0.02744 0.94758 0.31833
vn 0.02907 0.91194 0.40928
vn 0.03055 0.86203 0.50594
vn 0.03176 0.79582 0.60470
vn 0.03255 0.71291 0.70050
vn 0.03282 0.61520 0.78769
vn 0.03252 0.50702 0.86132
vn 0.02634 0.98777 0.15365
vn 0.02814 0.97311 0.22862
vn 0.02998 0.94950 0.31234
vn 0.03180 0.91417 0.40409
vn 0.03346 0.86430 0.50185
vn 0.03481 0.79777 0.60195
vn 0.03570 0.71405 0.69918
vn 0.03601 0.61510 0.78763
vn 0.03568 0.50540 0.86215
vn 0.02452 0.98886 0.14681
vn 0.02622 0.97469 0.22203
vn 0.02797 0.95154 0.30625
vn 0.02970 0.91655 0.39883
vn 0.03128 0.86676 0.49774
vn 0.03258 0.79990 0.59924
vn 0.03344 0.71537 0.69795
vn 0.03373 0.61512 0.78771
vn 0.03341 0.50382 0.86316
vn 0.01888 0.98984 0.14094
vn 0.02021 0.97610 0.21637
vn 0.02159 0.95337 0.30102
vn 0.02294 0.91869 0.39431
vn 0.02420 0.86899 0.49423
vn 0.02522 0.80187 0.59697
vn 0.02590 0.71662 0.69699
vn 0.02613 0.61523 0.78792
vn 0.02588 0.50253 0.86418
vn 0.01026 0.99052 0.13698
vn 0.01099 0.97709 0.21254
vn 0.01175 0.95465 0.29749
vn 0.01250 0.92019 0.39127
vn 0.01319 0.87057 0.49188
vn 0.01376 0.80326 0.59547
vn 0.01413 0.71753 0.69639
vn 0.01426 0.61536 0.78812
vn 0.01412 0.50168 0.86494
vn 0.00000 0.99077 0.13558
vn 0.00000 0.97745 0.21119
vn 0.00000 0.95511 0.29624
vn 0.00000 0.92073 0.39019
vn 0.00000 0.87113 0.49105
vn 0.00000 0.80377 0.59494
vn 0.00000 0.71786 0.69619
vn 0.00000 0.61541 0.78821
vn 0.00000 0.50139 0.86522
vn -0.01026 0.99052 0.13698
vn -0.01099 0.97709 0.21254
vn -0.01175 0.95465 0.29749
vn -0.01250 0.92019 0.39127
vn -0.01319 0.87057 0.49188
vn -0.01376 0.80326 0.59547
vn -0.01413 0.71753 0.69639
vn -0.01426 0.61536 0.78812
vn -0.01412 0.50168 0.86494
vn -0.01888 0.98984 0.14094
vn -0.02021 0.97610 0.21637
vn -0.02159 0.95337 0.30102
vn -0.02294 0.91869 0.39431
vn -0.02420 0.86899 0.49423
vn -0.02522 0.80187 0.59697
vn -0.02590 0.71662 0.69699
vn -0.02613 0.61523 0.78792
vn -0.02588 0.50253 0.86418
vn -0.02452 0.98886 0.14681
vn -0.02622 0.97469 0.22203
vn -0.02797 0.95154 0.30625
vn -0.02970 0.91655 0.39883
vn -0.03128 0.86676 0.49774
vn -0.03258 0.79990 0.59924
vn -0.03344 0.71537 0.69795
vn -0.03373 0.61512 0.78771
vn -0.03341 0.50382 0.86316
vn -0.02634 0.98777 0.15365
vn -0.02814 0.97311 0.22862
vn -0.02998 0.94950 0.31234
vn -0.03180 0.91417 0.40409
vn -0.03346 0.86430 0.50185
vn -0.03481 0.79777 0.60195
vn -0.03570 0.71405 0.69918
vn -0.03601 0.61510 0.78763
vn -0.03568 0.50540 0.86215
vn 0.00000 0.98903 0.14774
vn 0.00614 0.98900 0.14781
vn 0.01215 0.98891 0.14801
vn 0.01790 0.98877 0.14835
vn 0.02324 0.98859 0.14881
vn 0.02807 0.98838 0.14938
vn 0.03226 0.98815 0.15007
vn 0.03571 0.98791 0.15084
vn 0.03834 0.98768 0.15170
vn 0.04005 0.98747 0.15262
vn 0.04081 0.98729 0.15358
vn 0.04056 0.98715 0.15456
vn 0.03930 0.98705 0.15553
vn 0.03704 0.98699 0.15647
vn 0.03383 0.98696 0.15735
vn 0.02971 0.98697 0.15815
vn 0.02481 0.98699 0.15884
vn 0.01923 0.98703 0.15941
vn 0.01312 0.98706 0.15983
vn 0.00665 0.98708 0.16008
vn 0.00000 0.98709 0.16017
vn 0.00000 0.98903 0.14774
vn 0.00601 0.98881 0.14906
vn 0.01188 0.98854 0.15048
vn 0.01749 0.98823 0.15198
vn 0.02272 0.98788 0.15353
vn 0.02743 0.98752 0.15508
vn 0.03152 0.98716 0.15662
vn 0.03489 0.98681 0.15809
vn 0.03745 0.98649 0.15948
vn 0.03913 0.98622 0.16074
vn 0.03986 0.98601 0.16185
vn 0.03962 0.98587 0.16278
vn 0.03840 0.98580 0.16349
vn 0.03619 0.98580 0.16397
vn 0.03305 0.98587 0.16420
vn 0.02904 0.98600 0.16417
vn 0.02425 0.98618 0.16387
vn 0.01880 0.98640 0.16330
vn 0.01283 0.98663 0.16248
vn 0.00651 0.98686 0.16143
vn 0.00000 0.98709 0.16017
vn 0.00000 0.98903 0.14774
vn 0.00561 0.98863 0.15025
vn 0.01109 0.98819 0.15284
vn 0.01633 0.98771 0.15546
vn 0.02120 0.98721 0.15804
vn 0.02560 0.98670 0.16052
vn 0.02941 0.98621 0.16287
vn 0.03255 0.98575 0.16501
vn 0.03494 0.98535 0.16690
vn 0.03650 0.98503 0.16849
vn 0.03719 0.98479 0.16974
vn 0.03696 0.98464 0.17062
vn 0.03582 0.98460 0.17109
vn 0.03376 0.98467 0.17113
vn 0.03083 0.98483 0.17074
vn 0.02709 0.98509 0.16991
vn 0.02263 0.98541 0.16866
vn 0.01755 0.98580 0.16702
vn 0.01198 0.98622 0.16502
vn 0.00608 0.98665 0.16272
vn 0.00000 0.98709 0.16017
vn 0.00000 0.98903 0.14774
vn 0.00497 0.98847 0.15134
vn 0.00982 0.98787 0.15499
vn 0.01446 0.98723 0.15862
vn 0.01876 0.98659 0.16214
vn 0.02265 0.98595 0.16547
vn 0.02602 0.98535 0.16855
vn 0.02880 0.98480 0.17129
vn 0.03091 0.98432 0.17364
vn 0.03229 0.98394 0.17553
vn 0.03289 0.98368 0.17691
vn 0.03270 0.98353 0.17774
vn 0.03168 0.98352 0.17799
vn 0.02987 0.98364 0.17764
vn 0.02728 0.98389 0.17668
vn 0.02397 0.98425 0.17513
vn 0.02002 0.98471 0.17303
vn 0.01553 0.98525 0.17040
vn 0.01060 0.98584 0.16733
vn 0.00538 0.98646 0.16389
vn 0.00000 0.98709 0.16017
vn 0.00000 0.98903 0.14774
vn 0.00411 0.98833 0.15227
vn 0.00812 0.98759 0.15683
vn 0.01195 0.98683 0.16133
vn 0.01551 0.98606 0.16565
vn 0.01872 0.98532 0.16971
vn 0.02151 0.98461 0.17342
vn 0.02380 0.98398 0.17668
vn 0.02554 0.98344 0.17942
vn 0.02668 0.98302 0.18156
vn 0.02718 0.98273 0.18305
vn 0.02702 0.98258 0.18385
vn 0.02618 0.98260 0.18390
vn 0.02468 0.98276 0.18321
vn 0.02254 0.98308 0.18177
vn 0.01981 0.98354 0.17961
vn 0.01655 0.98411 0.17676
vn 0.01284 0.98478 0.17330
vn 0.00877 0.98552 0.16931
vn 0.00445 0.98630 0.16490
vn 0.00000 0.98709 0.16017
vn 0.00000 0.98903 0.14774
vn 0.00307 0.98822 0.15301
vn 0.00607 0.98737 0.15829
vn 0.00893 0.98651 0.16347
vn 0.01159 0.98565 0.16843
vn 0.01398 0.98481 0.17306
vn 0.01606 0.98403 0.17726
vn 0.01777 0.98334 0.18093
vn 0.01907 0.98275 0.18398
vn 0.01992 0.98229 0.18632
vn 0.02029 0.98198 0.18790
vn 0.02017 0.98183 0.18866
vn 0.01955 0.98187 0.18857
vn 0.01843 0.98207 0.18761
vn 0.01684 0.98245 0.18579
vn 0.01480 0.98298 0.18314
vn 0.01236 0.98364 0.17972
vn 0.00959 0.98442 0.17560
vn 0.00655 0.98527 0.17088
vn 0.00332 0.98617 0.16569
vn 0.00000 0.98709 0.16017
vn 0.00000 0.98903 0.14774
vn 0.00190 0.98814 0.15352
vn 0.00375 0.98722 0.15930
vn 0.00552 0.98629 0.16495
vn 0.00716 0.98536 0.17035
vn 0.00864 0.98446 0.17538
vn 0.00992 0.98363 0.17992
vn 0.01098 0.98289 0.18387
vn 0.01178 0.98226 0.18713
vn 0.01231 0.98178 0.18961
vn 0.01254 0.98146 0.19125
vn 0.01246 0.98132 0.19199
vn 0.01208 0.98136 0.19180
vn 0.01138 0.98159 0.19065
vn 0.01040 0.98201 0.18857
vn 0.00914 0.98259 0.18558
vn 0.00764 0.98331 0.18176
vn 0.00593 0.98416 0.17718
vn 0.00405 0.98510 0.17196
vn 0.00205 0.98608 0.16624
vn 0.00000 0.98709 0.16017
vn 0.00000 0.98903 0.14774
vn 0.00064 0.98810 0.15378
vn 0.00127 0.98715 0.15981
vn 0.00187 0.98617 0.16571
vn 0.00242 0.98521 0.17133
vn 0.00292 0.98429 0.17656
vn 0.00336 0.98343 0.18128
vn 0.00371 0.98266 0.18537
vn 0.00398 0.98202 0.18874
vn 0.00416 0.98152 0.19130
vn 0.00424 0.98120 0.19296
vn 0.00421 0.98105 0.19369
vn 0.00408 0.98110 0.19344
vn 0.00385 0.98135 0.19220
vn 0.00352 0.98178 0.18999
vn 0.00309 0.98239 0.18683
vn 0.00258 0.98315 0.18280
vn 0.00200 0.98403 0.17799
vn 0.00137 0.98501 0.17252
vn 0.00069 0.98604 0.16652
vn 0.00000 0.98709 0.16017
vn 0.00000 0.98903 0.14774
vn -0.00064 0.98810 0.15378
vn -0.00127 0.98715 0.15981
vn -0.00187 0.98617 0.16571
vn -0.00242 0.98521 0.17133
vn -0.00292 0.98429 0.17656
vn -0.00336 0.98343 0.18128
vn -0.00371 0.98266 0.18537
vn -0.00398 0.98202 0.18874
vn -0.00416 0.98152 0.19130
vn -0.00424 0.98120 0.19296
vn -0.00421 0.98105 0.19369
vn -0.00408 0.98110 0.19344
vn -0.00385 0.98135 0.19220
vn -0.00352 0.98178 0.18999
vn -0.00309 0.98239 0.18683
vn -0.00258 0.98315 0.18280
vn -0.00200 0.98403 0.17799
vn -0.00137 0.98501 0.17252
vn -0.00069 0.98604 0.16652
vn -0.00000 0.98709 0.16017
vn 0.00000 0.98903 0.14774
vn -0.00190 0.98814 0.15352
vn -0.00375 0.98722 0.15930
vn -0.00552 0.98629 0.16495
vn -0.00716 0.98536 0.17035
vn -0.00864 0.98446 0.17538
vn -0.00992 0.98363 0.17992
vn -0.01098 0.98289 0.18387
vn -0.01178 0.98226 0.18713
vn -0.01231 0.98178 0.18961
vn -0.01254 0.98146 0.19125
vn -0.01246 0.98132 0.19199
vn -0.01208 0.98136 0.19180
vn -0.01138 0.98159 0.19065
vn -0.01040 0.98201 0.18857
vn -0.00914 0.98259 0.18558
vn -0.00764 0.98331 0.18176
vn -0.00593 0.98416 0.17718
vn -0.00405 0.98510 0.17196
vn -0.00205 0.98608 0.16624
vn -0.00000 0.98709 0.16017
vn 0.00000 0.98903 0.14774
vn -0.00307 0.98822 0.15301
vn -0.00607 0.98737 0.15829
vn -0.00893 0.98651 0.16347
vn -0.01159 0.98565 0.16843
vn -0.01398 0.98481 0.17306
vn -0.01606 0.98403 0.17726
vn -0.01777 0.98334 0.18093
vn -0.01907 0.98275 0.18398
vn -0.01992 0.98229 0.18632
vn -0.02029 0.98198 0.18790
vn -0.02017 0.98183 0.18866
vn -0.01955 0.98187 0.18857
vn -0.01843 0.98207 0.18761
vn -0.01684 0.98245 0.18579
vn -0.01480 0.98298 0.18314
vn -0.01236 0.98364 0.17972
vn -0.00959 0.98442 0.17560
vn -0.00655 0.98527 0.17088
vn -0.00332 0.98617 0.16569
vn -0.00000 0.98709 0.16017
vn 0.00000 0.98903 0.14774
vn -0.00411 0.98833 0.15227
vn -0.00812 0.98759 0.15683
vn -0.01195 0.98683 0.16133
vn -0.01551 0.98606 0.16565
vn -0.01872 0.98532 0.16971
vn -0.02151 0.98461 0.17342
vn -0.02380 0.98398 0.17668
vn -0.02554 0.98344 0.17942
vn -0.02668 0.98302 0.18156
vn -0.02718 0.98273 0.18305
vn -0.02702 0.98258 0.18385
vn -0.02618 0.98260 0.18390
vn -0.02468 0.98276 0.18321
vn -0.02254 0.98308 0.18177
vn -0.01981 0.98354 0.17961
vn -0.01655 0.98411 0.17676
vn -0.01284 0.98478 0.17330
vn -0.00877 0.98552 0.16931
vn -0.00445 0.98630 0.16490
vn -0.00000 0.98709 0.16017
vn 0.00000 0.98903 0.14774
vn -0.00497 0.98847 0.15134
vn -0.00982 0.98787 0.15499
vn -0.01446 0.98723 0.15862
vn -0.01876 0.98659 0.16214
vn -0.02265 0.98595 0.16547
vn -0.02602 0.98535 0.16855
vn -0.02880 0.98480 0.17129
vn -0.03091 0.98432 0.17364
vn -0.03229 0.98394 0.17553
vn -0.03289 0.98368 0.17691
vn -0.03270 0.98353 0.17774
vn -0.03168 0.98352 0.17799
vn -0.02987 0.98364 0.17764
vn -0.02728 0.98389 0.17668
vn -0.02397 0.98425 0.17513
vn -0.02002 0.98471 0.17303
vn -0.01553 0.98525 0.17040
vn -0.01060 0.98584 0.16733
vn -0.00538 0.98646 0.16389
vn -0.00000 0.98709 0.16017
vn 0.00000 0.98903 0.14774
vn -0.00561 0.98863 0.15025
vn -0.01109 0.98819 0.15284
vn -0.01633 0.98771 0.15546
vn -0.02120 0.98721 0.15804
vn -0.02560 0.98670 0.16052
vn -0.02941 0.98621 0.16287
vn -0.03255 0.98575 0.16501
vn -0.03494 0.98535 0.16690
vn -0.03650 0.98503 0.16849
vn -0.03719 0.98479 0.16974
vn -0.03696 0.98464 0.17062
vn -0.03582 0.98460 0.17109
vn -0.03376 0.98467 0.17113
vn -0.03083 0.98483 0.17074
vn -0.02709 0.98509 0.16991
vn -0.02263 0.98541 0.16866
vn -0.01755 0.98580 0.16702
vn -0.01198 0.98622 0.16502
vn -0.00608 0.98665 0.16272
vn -0.00000 0.98709 0.16017
vn 0.00000 0.98903 0.14774
vn -0.00601 0.98881 0.14906
vn -0.01188 0.98854 0.15048
vn -0.01749 0.98823 0.15198
vn -0.02272 0.98788 0.15353
vn -0.02743 0.98752 0.15508
vn -0.03152 0.98716 0.15662
vn -0.03489 0.98681 0.15809
vn -0.03745 0.98649 0.15948
vn -0.03913 0.98622 0.16074
vn -0.03986 0.98601 0.16185
vn -0.03962 0.98587 0.16278
vn -0.03840 0.98580 0.16349
vn -0.03619 0.98580 0.16397
vn -0.03305 0.98587 0.16420
vn -0.02904 0.98600 0.16417
vn -0.02425 0.98618 0.16387
vn -0.01880 0.98640 0.16330
vn -0.01283 0.98663 0.16248
vn -0.00651 0.98686 0.16143
vn -0.00000 0.98709 0.16017
vn 0.00000 0.98903 0.14774
vn -0.00614 0.98900 0.14781
vn -0.01215 0.98891 0.14801
vn -0.01790 0.98877 0.14835
vn -0.02324 0.98859 0.14881
vn -0.02807 0.98838 0.14938
vn -0.03226 0.98815 0.15007
vn -0.03571 0.98791 0.15084
vn -0.03834 0.98768 0.15170
vn -0.04005 0.98747 0.15262
vn -0.04081 0.98729 0.15358
vn -0.04056 0.98715 0.15456
vn -0.03930 0.98705 0.15553
vn -0.03704 0.98699 0.15647
vn -0.03383 0.98696 0.15735
vn -0.02971 0.98697 0.15815
vn -0.02481 0.98699 0.15884
vn -0.01923 0.98703 0.15941
vn -0.01312 0.98706 0.15983
vn -0.00665 0.98708 0.16008
vn -0.00000 0.98709 0.16017
vn 0.00000 0.98903 0.14774
vn -0.00601 0.98918 0.14656
vn -0.01189 0.98928 0.14554
vn -0.01751 0.98932 0.14471
vn -0.02275 0.98930 0.14408
vn -0.02748 0.98924 0.14367
vn -0.03159 0.98915 0.14350
vn -0.03497 0.98902 0.14358
vn -0.03754 0.98888 0.14391
vn -0.03923 0.98873 0.14448
vn -0.03997 0.98858 0.14528
vn -0.03973 0.98844 0.14631
vn -0.03849 0.98831 0.14754
vn -0.03628 0.98818 0.14895
vn -0.03312 0.98806 0.15048
vn -0.02909 0.98793 0.15212
vn -0.02429 0.98780 0.15381
vn -0.01882 0.98766 0.15551
vn -0.01284 0.98749 0.15717
vn -0.00651 0.98730 0.15873
vn -0.00000 0.98709 0.16017
vn 0.00000 0.98903 0.14774
vn -0.00561 0.98936 0.14536
vn -0.01111 0.98964 0.14317
vn -0.01637 0.98984 0.14122
vn -0.02126 0.98999 0.13955
vn -0.02568 0.99007 0.13820
vn -0.02953 0.99010 0.13722
vn -0.03270 0.99008 0.13662
vn -0.03511 0.99003 0.13643
vn -0.03668 0.98994 0.13667
vn -0.03738 0.98982 0.13733
vn -0.03715 0.98968 0.13841
vn -0.03599 0.98951 0.13989
vn -0.03392 0.98932 0.14173
vn -0.03097 0.98911 0.14390
vn -0.02720 0.98886 0.14634
vn -0.02270 0.98858 0.14899
vn -0.01759 0.98826 0.15178
vn -0.01200 0.98790 0.15462
vn -0.00608 0.98751 0.15744
vn -0.00000 0.98709 0.16017
vn 0.00000 0.98903 0.14774
vn -0.00497 0.98953 0.14428
vn -0.00984 0.98996 0.14102
vn -0.01450 0.99032 0.13804
vn -0.01884 0.99061 0.13542
vn -0.02276 0.99083 0.13321
vn -0.02617 0.99097 0.13148
vn -0.02898 0.99106 0.13027
vn -0.03112 0.99108 0.12961
vn -0.03252 0.99104 0.12954
vn -0.03314 0.99095 0.13007
vn -0.03294 0.99081 0.13120
vn -0.03191 0.99062 0.13290
vn -0.03007 0.99037 0.13515
vn -0.02745 0.99007 0.13790
vn -0.02411 0.98971 0.14107
vn -0.02012 0.98929 0.14460
vn -0.01559 0.98881 0.14837
vn -0.01063 0.98828 0.15230
vn -0.00539 0.98770 0.15627
vn -0.00000 0.98709 0.16017
vn 0.00000 0.98903 0.14774
vn -0.00411 0.98966 0.14334
vn -0.00814 0.99024 0.13917
vn -0.01200 0.99073 0.13531
vn -0.01559 0.99114 0.13187
vn -0.01884 0.99148 0.12893
vn -0.02166 0.99172 0.12655
vn -0.02399 0.99189 0.12481
vn -0.02576 0.99198 0.12375
vn -0.02692 0.99199 0.12342
vn -0.02743 0.99192 0.12383
vn -0.02727 0.99178 0.12500
vn -0.02642 0.99156 0.12690
vn -0.02489 0.99127 0.12950
vn -0.02272 0.99089 0.13274
vn -0.01995 0.99043 0.13655
vn -0.01665 0.98990 0.14082
vn -0.01290 0.98928 0.14545
vn -0.00879 0.98860 0.15031
vn -0.00446 0.98786 0.15526
vn -0.00000 0.98709 0.16017
vn 0.00000 0.98903 0.14774
vn -0.00307 0.98978 0.14260
vn -0.00609 0.99046 0.13770
vn -0.00897 0.99105 0.13315
vn -0.01166 0.99157 0.12907
vn -0.01408 0.99199 0.12553
vn -0.01620 0.99232 0.12264
vn -0.01794 0.99255 0.12048
vn -0.01927 0.99269 0.11910
vn -0.02013 0.99274 0.11856
vn -0.02052 0.99270 0.11889
vn -0.02039 0.99255 0.12008
vn -0.01976 0.99232 0.12214
vn -0.01862 0.99198 0.12502
vn -0.01699 0.99154 0.12865
vn -0.01492 0.99101 0.13296
vn -0.01245 0.99038 0.13783
vn -0.00964 0.98966 0.14314
vn -0.00657 0.98886 0.14873
vn -0.00333 0.98799 0.15446
vn -0.00000 0.98709 0.16017
vn 0.00000 0.98903 0.14774
vn -0.00190 0.98985 0.14209
vn -0.00376 0.99061 0.13669
vn -0.00554 0.99128 0.13166
vn -0.00721 0.99186 0.12712
vn -0.00871 0.99235 0.12318
vn -0.01001 0.99273 0.11994
vn -0.01109 0.99301 0.11748
vn -0.01191 0.99319 0.11588
vn -0.01245 0.99326 0.11520
vn -0.01269 0.99323 0.11546
vn -0.01261 0.99309 0.11668
vn -0.01222 0.99284 0.11884
vn -0.01151 0.99247 0.12191
vn -0.01051 0.99200 0.12582
vn -0.00922 0.99141 0.13047
vn -0.00770 0.99071 0.13576
vn -0.00596 0.98992 0.14153
vn -0.00406 0.98903 0.14764
vn -0.00206 0.98808 0.15391
vn -0.00000 0.98709 0.16017
vn 0.00000 0.98903 0.14774
vn -0.00064 0.98989 0.14183
vn -0.00127 0.99068 0.13617
vn -0.00188 0.99139 0.13089
vn -0.00244 0.99201 0.12613
vn -0.00295 0.99253 0.12198
vn -0.00339 0.99294 0.11856
vn -0.00375 0.99325 0.11595
vn -0.00403 0.99345 0.11424
vn -0.00421 0.99353 0.11348
vn -0.00429 0.99351 0.11371
vn -0.00427 0.99336 0.11494
vn -0.00413 0.99311 0.11715
vn -0.00389 0.99273 0.12032
vn -0.00355 0.99223 0.12437
vn -0.00312 0.99161 0.12920
vn -0.00260 0.99088 0.13470
vn -0.00202 0.99005 0.14071
vn -0.00137 0.98912 0.14708
vn -0.00070 0.98813 0.15363
vn -0.00000 0.98709 0.16017
vn 0.00000 0.98903 0.14774
vn 0.00064 0.98989 0.14183
vn 0.00127 0.99068 0.13617
vn 0.00188 0.99139 0.13089
vn 0.00244 0.99201 0.12613
vn 0.00295 0.99253 0.12198
vn 0.00339 0.99294 0.11856
vn 0.00375 0.99325 0.11595
vn 0.00403 0.99345 0.11424
vn 0.00421 0.99353 0.11348
vn 0.00429 0.99351 0.11371
vn 0.00427 0.99336 0.11494
vn 0.00413 0.99311 0.11715
vn 0.00389 0.99273 0.12032
vn 0.00355 0.99223 0.12437
vn 0.00312 0.99161 0.12920
vn 0.00260 0.99088 0.13470
vn 0.00202 0.99005 0.14071
vn 0.00137 0.98912 0.14708
vn 0.00070 0.98813 0.15363
vn 0.00000 0.98709 0.16017
vn 0.00000 0.98903 0.14774
vn 0.00190 0.98985 0.14209
vn 0.00376 0.99061 0.13669
vn 0.00554 0.99128 0.13166
vn 0.00721 0.99186 0.12712
vn 0.00871 0.99235 0.12318
vn 0.01001 0.99273 0.11994
vn 0.01109 0.99301 0.11748
vn 0.01191 0.99319 0.11588
vn 0.01245 0.99326 0.11520
vn 0.01269 0.99323 0.11546
vn 0.01261 0.99309 0.11668
vn 0.01222 0.99284 0.11884
vn 0.01151 0.99247 0.12191
vn 0.01051 0.99200 0.12582
vn 0.00922 0.99141 0.13047
vn 0.00770 0.99071 0.13576
vn 0.00596 0.98992 0.14153
vn 0.00406 0.98903 0.14764
vn 0.00206 0.98808 0.15391
vn 0.00000 0.98709 0.16017
vn 0.00000 0.98903 0.14774
vn 0.00307 0.98978 0.14260
vn 0.00609 0.99046 0.13770
vn 0.00897 0.99105 0.13315
vn 0.01166 0.99157 0.12907
vn 0.01408 0.99199 0.12553
vn 0.01620 0.99232 0.12264
vn 0.01794 0.99255 0.12048
vn 0.01927 0.99269 0.11910
vn 0.02013 0.99274 0.11856
vn 0.02052 0.99270 0.11889
vn 0.02039 0.99255 0.12008
vn 0.01976 0.99232 0.12214
vn 0.01862 0.99198 0.12502
vn 0.01699 0.99154 0.12865
vn 0.01492 0.99101 0.13296
vn 0.01245 0.99038 0.13783
vn 0.00964 0.98966 0.14314
vn 0.00657 0.98886 0.14873
vn 0.00333 0.98799 0.15446
vn 0.00000 0.98709 0.16017
vn 0.00000 0.98903 0.14774
vn 0.00411 0.98966 0.14334
vn 0.00814 0.99024 0.13917
vn 0.01200 0.99073 0.13531
vn 0.01559 0.99114 0.13187
vn 0.01884 0.99148 0.12893
vn 0.02166 0.99172 0.12655
vn 0.02399 0.99189 0.12481
vn 0.02576 0.99198 0.12375
vn 0.02692 0.99199 0.12342
vn 0.02743 0.99192 0.12383
vn 0.02727 0.99178 0.12500
vn 0.02642 0.99156 0.12690
vn 0.02489 0.99127 0.12950
vn 0.02272 0.99089 0.13274
vn 0.01995 0.99043 0.13655
vn 0.01665 0.98990 0.14082
vn 0.01290 0.98928 0.14545
vn 0.00879 0.98860 0.15031
vn 0.00446 0.98786 0.15526
vn 0.00000 0.98709 0.16017
vn 0.00000 0.98903 0.14774
vn 0.00497 0.98953 0.14428
vn 0.00984 0.98996 0.14102
vn 0.01450 0.99032 0.13804
vn 0.01884 0.99061 0.13542
vn 0.02276 0.99083 0.13321
vn 0.02617 0.99097 0.13148
vn 0.02898 0.99106 0.13027
vn 0.03112 0.99108 0.12961
vn 0.03252 0.99104 0.12954
vn 0.03314 0.99095 0.13007
vn 0.03294 0.99081 0.13120
vn 0.03191 0.99062 0.13290
vn 0.03007 0.99037 0.13515
vn 0.02745 0.99007 0.13790
vn 0.02411 0.98971 0.14107
vn 0.02012 0.98929 0.14460
vn 0.01559 0.98881 0.14837
vn 0.01063 0.98828 0.15230
vn 0.00539 0.98770 0.15627
vn 0.00000 0.98709 0.16017
vn 0.00000 0.98903 0.14774
vn 0.00561 0.98936 0.14536
vn 0.01111 0.98964 0.14317
vn 0.01637 0.98984 0.14122
vn 0.02126 0.98999 0.13955
vn 0.02568 0.99007 0.13820
vn 0.02953 0.99010 0.13722
vn 0.03270 0.99008 0.13662
vn 0.03511 0.99003 0.13643
vn 0.03668 0.98994 0.13667
vn 0.03738 0.98982 0.13733
vn 0.03715 0.98968 0.13841
vn 0.03599 0.98951 0.13989
vn 0.03392 0.98932 0.14173
vn 0.03097 0.98911 0.14390
vn 0.02720 0.98886 0.14634
vn 0.02270 0.98858 0.14899
vn 0.01759 0.98826 0.15178
vn 0.01200 0.98790 0.15462
vn 0.00608 0.98751 0.15744
vn 0.00000 0.98709 0.16017
vn 0.00000 0.98903 0.14774
vn 0.00601 0.98918 0.14656
vn 0.01189 0.98928 0.14554
vn 0.01751 0.98932 0.14471
vn 0.02275 0.98930 0.14408
vn 0.02748 0.98924 0.14367
vn 0.03159 0.98915 0.14350
vn 0.03497 0.98902 0.14358
vn 0.03754 0.98888 0.14391
vn 0.03923 0.98873 0.14448
vn 0.03997 0.98858 0.14528
vn 0.03973 0.98844 0.14631
vn 0.03849 0.98831 0.14754
vn 0.03628 0.98818 0.14895
vn 0.03312 0.98806 0.15048
vn 0.02909 0.98793 0.15212
vn 0.02429 0.98780 0.15381
vn 0.01882 0.98766 0.15551
vn 0.01284 0.98749 0.15717
vn 0.00651 0.98730 0.15873
vn 0.00000 0.98709 0.16017
vn 0.00000 0.98903 0.14774
vn 0.00614 0.98900 0.14781
vn 0.01215 0.98891 0.14801
vn 0.01790 0.98877 0.14835
vn 0.02324 0.98859 0.14881
vn 0.02807 0.98838 0.14938
vn 0.03226 0.98815 0.15007
vn 0.03571 0.98791 0.15084
vn 0.03834 0.98768 0.15170
vn 0.04005 0.98747 0.15262
vn 0.04081 0.98729 0.15358
vn 0.04056 0.98715 0.15456
vn 0.03930 0.98705 0.15553
vn 0.03704 0.98699 0.15647
vn 0.03383 0.98696 0.15735
vn 0.02971 0.98697 0.15815
vn 0.02481 0.98699 0.15884
vn 0.01923 0.98703 0.15941
vn 0.01312 0.98706 0.15983
vn 0.00665 0.98708 0.16008
vn 0.00000 0.98709 0.16017
f 1/1/1 10/10/10 11/11/11
f 1/1/1 11/11/11 2/2/2
f 2/2/2 11/11/11 12/12/12
f 2/2/2 12/12/12 3/3/3
f 3/3/3 12/12/12 13/13/13
f 3/3/3 13/13/13 4/4/4
f 4/4/4 13/13/13 14/14/14
f 4/4/4 14/14/14 5/5/5
f 5/5/5 14/14/14 15/15/15
f 5/5/5 15/15/15 6/6/6
f 6/6/6 15/15/15 16/16/16
f 6/6/6 16/16/16 7/7/7
f 7/7/7 16/16/16 17/17/17
f 7/7/7 17/17/17 8/8/8
f 8/8/8 17/17/17 18/18/18
f 8/8/8 18/18/18 9/9/9
f 10/10/10 19/19/19 20/20/20
f 10/10/10 20/20/20 11/11/11
f 11/11/11 20/20/20 21/21/21
f 11/11/11 21/21/21 12/12/12
f 12/12/12 21/21/21 22/22/22
f 12/12/12 22/22/22 13/13/13
f 13/13/13 22/22/22 23/23/23
f 13/13/13 23/23/23 14/14/14
f 14/14/14 23/23/23 24/24/24
f 14/14/14 24/24/24 15/15/15
f 15/15/15 24/24/24 25/25/25
f 15/15/15 25/25/25 16/16/16
f 16/16/16 25/25/25 26/26/26
f 16/16/16 26/26/26 17/17/17
f 17/17/17 26/26/26 27/27/27
f 17/17/17 27/27/27 18/18/18
f 19/19/19 28/28/28 29/29/29
f 19/19/19 29/29/29 20/20/20
f 20/20/20 29/29/29 30/30/30
f 20/20/20 30/30/30 21/21/21
f 21/21/21 30/30/30 31/31/31
f 21/21/21 31/31/31 22/22/22
f 22/22/22 31/31/31 32/32/32
f 22/22/22 32/32/32 23/23/23
f 23/23/23 32/32/32 33/33/33
f 23/23/23 33/33/33 24/24/24
f 24/24/24 33/33/33 34/34/34
f 24/24/24 34/34/34 25/25/25
f 25/25/25 34/34/34 35/35/35
f 25/25/25 35/35/35 26/26/26
f 26/26/26 35/35/35 36/36/36
f 26/26/26 36/36/36 27/27/27
f 28/28/28 37/37/37 38/38/38
f 28/28/28 38/38/38 29/29/29
f 29/29/29 38/38/38 39/39/39
f 29/29/29 39/39/39 30/30/30
f 30/30/30 39/39/39 40/40/40
f 30/30/30 40/40/40 31/31/31
f 31/31/31 40/40/40 41/41/41
f 31/31/31 41/41/41 32/32/32
f 32/32/32 41/41/41 42/42/42
f 32/32/32 42/42/42 33/33/33
f 33/33/33 42/42/42 43/43/43
f 33/33/33 43/43/43 34/34/34
f 34/34/34 43/43/43 44/44/44
f 34/34/34 44/44/44 35/35/35
f 35/35/35 44/44/44 45/45/45
f 35/35/35 45/45/45 36/36/36
f 37/37/37 46/46/46 47/47/47
f 37/37/37 47/47/47 38/38/38
f 38/38/38 47/47/47 48/48/48
f 38/38/38 48/48/48 39/39/39
f 39/39/39 48/48/48 49/49/49
f 39/39/39 49/49/49 40/40/40
f 40/40/40 49/49/49 50/50/50
f 40/40/40 50/50/50 41/41/41
f 41/41/41 50/50/50 51/51/51
f 41/41/41 51/51/51 42/42/42
f 42/42/42 51/51/51 52/52/52
f 42/42/42 52/52/52 43/43/43
f 43/43/43 52/52/52 53/53/53
f 43/43/43 53/53/53 44/44/44
f 44/44/44 53/53/53 54/54/54
f 44/44/44 54/54/54 45/45/45
f 46/46/46 55/55/55 56/56/56
f 46/46/46 56/56/56 47/47/47
f 47/47/47 56/56/56 57/57/57
f 47/47/47 57/57/57 48/48/48
f 48/48/48 57/57/57 58/58/58
f 48/48/48 58/58/58 49/49/49
f 49/49/49 58/58/58 59/59/59
f 49/49/49 59/59/59 50/50/50
f 50/50/50 59/59/59 60/60/60
f 50/50/50 60/60/60 51/51/51
f 51/51/51 60/60/60 61/61/61
f 51/51/51 61/61/61 52/52/52
f 52/52/52 61/61/61 62/62/62
f 52/52/52 62/62/62 53/53/53
f 53/53/53 62/62/62 63/63/63
f 53/53/53 63/63/63 54/54/54
f 55/55/55 64/64/64 65/65/65
f 55/55/55 65/65/65 56/56/56
f 56/56/56 65/65/65 66/66/66
f 56/56/56 66/66/66 57/57/57
f 57/57/57 66/66/66 67/67/67
f 57/57/57 67/67/67 58/58/58
f 58/58/58 67/67/67 68/68/68
f 58/58/58 68/68/68 59/59/59
f 59/59/59 68/68/68 69/69/69
f 59/59/59 69/69/69 60/60/60
f 60/60/60 69/69/69 70/70/70
f 60/60/60 70/70/70 61/61/61
f 61/61/61 70/70/70 71/71/71
f 61/61/61 71/71/71 62/62/62
f 62/62/62 71/71/71 72/72/72
f 62/62/62 72/72/72 63/63/63
f 64/64/64 73/73/73 74/74/74
f 64/64/64 74/74/74 65/65/65
f 65/65/65 74/74/74 75/75/75
f 65/65/65 75/75/75 66/66/66
f 66/66/66 75/75/75 76/76/76
f 66/66/66 76/76/76 67/67/67
f 67/67/67 76/76/76 77/77/77
f 67/67/67 77/77/77 68/68/68
f 68/68/68 77/77/77 78/78/78
f 68/68/68 78/78/78 69/69/69
f 69/69/69 78/78/78 79/79/79
f 69/69/69 79/79/79 70/70/70
f 70/70/70 79/79/79 80/80/80
f 70/70/70 80/80/80 71/71/71
f 71/71/71 80/80/80 81/81/81
f 71/71/71 81/81/81 72/72/72
f 73/73/73 82/82/82 83/83/83
f 73/73/73 83/83/83 74/74/74
f 74/74/74 83/83/83 84/84/84
f 74/74/74 84/84/84 75/75/75
f 75/75/75 84/84/84 85/85/85
f 75/75/75 85/85/85 76/76/76
f 76/76/76 85/85/85 86/86/86
f 76/76/76 86/86/86 77/77/77
f 77/77/77 86/86/86 87/87/87
f 77/77/77 87/87/87 78/78/78
f 78/78/78 87/87/87 88/88/88
f 78/78/78 88/88/88 79/79/79
f 79/79/79 88/88/88 89/89/89
f 79/79/79 89/89/89 80/80/80
f 80/80/80 89/89/89 90/90/90
f 80/80/80 90/90/90 81/81/81
f 82/82/82 91/91/91 92/92/92
f 82/82/82 92/92/92 83/83/83
f 83/83/83 92/92/92 93/93/93
f 83/83/83 93/93/93 84/84/84
f 84/84/84 93/93/93 94/94/94
f 84/84/84 94/94/94 85/85/85
f 85/85/85 94/94/94 95/95/95
f 85/85/85 95/95/95 86/86/86
f 86/86/86 95/95/95 96/96/96
f 86/86/86 96/96/96 87/87/87
f 87/87/87 96/96/96 97/97/97
f 87/87/87 97/97/97 88/88/88
f 88/88/88 97/97/97 98/98/98
f 88/88/88 98/98/98 89/89/89
f 89/89/89 98/98/98 99/99/99
f 89/89/89 99/99/99 90/90/90
f 91/91/91 100/100/100 101/101/101
f 91/91/91 101/101/101 92/92/92
f 92/92/92 101/101/101 102/102/102
f 92/92/92 102/102/102 93/93/93
f 93/93/93 102/102/102 103/103/103
f 93/93/93 103/103/103 94/94/94
f 94/94/94 103/103/103 104/104/104
f 94/94/94 104/104/104 95/95/95
f 95/95/95 104/104/104 105/105/105
f 95/95/95 105/105/105 96/96/96
f 96/96/96 105/105/105 106/106/106
f 96/96/96 106/106/106 97/97/97
f 97/97/97 106/106/106 107/107/107
f 97/97/97 107/107/107 98/98/98
f 98/98/98 107/107/107 108/108/108
f 98/98/98 108/108/108 99/99/99
f 100/100/100 109/109/109 110/110/110
f 100/100/100 110/110/110 101/101/101
f 101/101/101 110/110/110 111/111/111
f 101/101/101 111/111/111 102/102/102
f 102/102/102 111/111/111 112/112/112
f 102/102/102 112/112/112 103/103/103
f 103/103/103 112/112/112 113/113/113
f 103/103/103 113/113/113 104/104/104
f 104/104/104 113/113/113 114/114/114
f 104/104/104 114/114/114 105/105/105
f 105/105/105 114/114/114 115/115/115
f 105/105/105 115/115/115 106/106/106
f 106/106/106 115/115/115 116/116/116
f 106/106/106 116/116/116 107/107/107
f 107/107/107 116/116/116 117/117/117
f 107/107/107 117/117/117 108/108/108
f 109/109/109 118/118/118 119/119/119
f 109/109/109 119/119/119 110/110/110
f 110/110/110 119/119/119 120/120/120
f 110/110/110 120/120/120 111/111/111
f 111/111/111 120/120/120 121/121/121
f 111/111/111 121/121/121 112/112/112
f 112/112/112 121/121/121 122/122/122
f 112/112/112 122/122/122 113/113/113
f 113/113/113 122/122/122 123/123/123
f 113/113/113 123/123/123 114/114/114
f 114/114/114 123/123/123 124/124/124
f 114/114/114 124/124/124 115/115/115
f 115/115/115 124/124/124 125/125/125
f 115/115/115 125/125/125 116/116/116
f 116/116/116 125/125/125 126/126/126
f 116/116/116 126/126/126 117/117/117
f 118/118/118 127/127/127 128/128/128
f 118/118/118 128/128/128 119/119/119
f 119/119/119 128/128/128 129/129/129
f 119/119/119 129/129/129 120/120/120
f 120/120/120 129/129/129 130/130/130
f 120/120/120 130/130/130 121/121/121
f 121/121/121 130/130/130 131/131/131
f 121/121/121 131/131/131 122/122/122
f 122/122/122 131/131/131 132/132/132
f 122/122/122 132/132/132 123/123/123
f 123/123/123 132/132/132 133/133/133
f 123/123/123 133/133/133 124/124/124
f 124/124/124 133/133/133 134/134/134
f 124/124/124 134/134/134 125/125/125
f 125/125/125 134/134/134 135/135/135
f 125/125/125 135/135/135 126/126/126
f 127/127/127 136/136/136 137/137/137
f 127/127/127 137/137/137 128/128/128
f 128/128/128 137/137/137 138/138/138
f 128/128/128 138/138/138 129/129/129
f 129/129/129 138/138/138 139/139/139
f 129/129/129 139/139/139 130/130/130
f 130/130/130 139/139/139 140/140/140
f 130/130/130 140/140/140 131/131/131
f 131/131/131 140/140/140 141/141/141
f 131/131/131 141/141/141 132/132/132
f 132/132/132 141/141/141 142/142/142
f 132/132/132 142/142/142 133/133/133
f 133/133/133 142/142/142 143/143/143
f 133/133/133 143/143/143 134/134/134
f 134/134/134 143/143/143 144/144/144
f 134/134/134 144/144/144 135/135/135
f 136/136/136 145/145/145 146/146/146
f 136/136/136 146/146/146 137/137/137
f 137/137/137 146/146/146 147/147/147
f 137/137/137 147/147/147 138/138/138
f 138/138/138 147/147/147 148/148/148
f 138/138/138 148/148/148 139/139/139
f 139/139/139 148/148/148 149/149/149
f 139/139/139 149/149/149 140/140/140
f 140/140/140 149/149/149 150/150/150
f 140/140/140 150/150/150 141/141/141
f 141/141/141 150/150/150 151/151/151
f 141/141/141 151/151/151 142/142/142
f 142/142/142 151/151/151 152/152/152
f 142/142/142 152/152/152 143/143/143
f 143/143/143 152/152/152 153/153/153
f 143/143/143 153/153/153 144/144/144
f 154/154/154 175/175/175 176/176/176
f 154/154/154 176/176/176 155/155/155
f 155/155/155 176/176/176 177/177/177
f 155/155/155 177/177/177 156/156/156
f 156/156/156 177/177/177 178/178/178
f 156/156/156 178/178/178 157/157/157
f 157/157/157 178/178/178 179/179/179
f 157/157/157 179/179/179 158/158/158
f 158/158/158 179/179/179 180/180/180
f 158/158/158 180/180/180 159/159/159
f 159/159/159 180/180/180 181/181/181
f 159/159/159 181/181/181 160/160/160
f 160/160/160 181/181/181 182/182/182
f 160/160/160 182/182/182 161/161/161
f 161/161/161 182/182/182 183/183/183
f 161/161/161 183/183/183 162/162/162
f 162/162/162 183/183/183 184/184/184
f 162/162/162 184/184/184 163/163/163
f 163/163/163 184/184/184 185/185/185
f 163/163/163 185/185/185 164/164/164
f 164/164/164 185/185/185 186/186/186
f 164/164/164 186/186/186 165/165/165
f 165/165/165 186/186/186 187/187/187
f 165/165/165 187/187/187 166/166/166
f 166/166/166 187/187/187 188/188/188
f 166/166/166 188/188/188 167/167/167
f 167/167/167 188/188/188 189/189/189
f 167/167/167 189/189/189 168/168/168
f 168/168/168 189/189/189 190/190/190
f 168/168/168 190/190/190 169/169/169
f 169/169/169 190/190/190 191/191/191
f 169/169/169 191/191/191 170/170/170
f 170/170/170 191/191/191 192/192/192
f 170/170/170 192/192/192 171/171/171
f 171/171/171 192/192/192 193/193/193
f 171/171/171 193/193/193 172/172/172
f 172/172/172 193/193/193 194/194/194
f 172/172/172 194/194/194 173/173/173
f 173/173/173 194/194/194 195/195/195
f 173/173/173 195/195/195 174/174/174
f 175/175/175 196/196/196 197/197/197
f 175/175/175 197/197/197 176/176/176
f 176/176/176 197/197/197 198/198/198
f 176/176/176 198/198/198 177/177/177
f 177/177/177 198/198/198 199/199/199
f 177/177/177 199/199/199 178/178/178
f 178/178/178 199/199/199 200/200/200
f 178/178/178 200/200/200 179/179/179
f 179/179/179 200/200/200 201/201/201
f 179/179/179 201/201/201 180/180/180
f 180/180/180 201/201/201 202/202/202
f 180/180/180 202/202/202 181/181/181
f 181/181/181 202/202/202 203/203/203
f 181/181/181 203/203/203 182/182/182
f 182/182/182 203/203/203 204/204/204
f 182/182/182 204/204/204 183/183/183
f 183/183/183 204/204/204 205/205/205
f 183/183/183 205/205/205 184/184/184
f 184/184/184 205/205/205 206/206/206
f 184/184/184 206/206/206 185/185/185
f 185/185/185 206/206/206 207/207/207
f 185/185/185 207/207/207 186/186/186
f 186/186/186 207/207/207 208/208/208
f 186/186/186 208/208/208 187/187/187
f 187/187/187 208/208/208 209/209/209
f 187/187/187 209/209/209 188/188/188
f 188/188/188 209/209/209 210/210/210
f 188/188/188 210/210/210 189/189/189
f 189/189/189 210/210/210 211/211/211
f 189/189/189 211/211/211 190/190/190
f 190/190/190 211/211/211 212/212/212
f 190/190/190 212/212/212 191/191/191
f 191/191/191 212/212/212 213/213/213
f 191/191/191 213/213/213 192/192/192
f 192/192/192 213/213/213 214/214/214
f 192/192/192 214/214/214 193/193/193
f 193/193/193 214/214/214 215/215/215
f 193/193/193 215/215/215 194/194/194
f 194/194/194 215/215/215 216/216/216
f 194/194/194 216/216/216 195/195/195
f 196/196/196 217/217/217 218/218/218
f 196/196/196 218/218/218 197/197/197
f 197/197/197 218/218/218 219/219/219
f 197/197/197 219/219/219 198/198/198
f 198/198/198 219/219/219 220/220/220
f 198/198/198 220/220/220 199/199/199
f 199/199/199 220/220/220 221/221/221
f 199/199/199 221/221/221 200/200/200
f 200/200/200 221/221/221 222/222/222
f 200/200/200 222/222/222 201/201/201
f 201/201/201 222/222/222 223/223/223
f 201/201/201 223/223/223 202/202/202
f 202/202/202 223/223/223 224/224/224
f 202/202/202 224/224/224 203/203/203
f 203/203/203 224/224/224 225/225/225
f 203/203/203 225/225/225 204/204/204
f 204/204/204 225/225/225 226/226/226
f 204/204/204 226/226/226 205/205/205
f 205/205/205 226/226/226 227/227/227
f 205/205/205 227/227/227 206/206/206
f 206/206/206 227/227/227 228/228/228
f 206/206/206 228/228/228 207/207/207
f 207/207/207 228/228/228 229/229/229
f 207/207/207 229/229/229 208/208/208
f 208/208/208 229/229/229 230/230/230
f 208/208/208 230/230/230 209/209/209
f 209/209/209 230/230/230 231/231/231
f 209/209/209 231/231/231 210/210/210
f 210/210/210 231/231/231 232/232/232
f 210/210/210 232/232/232 211/211/211
f 211/211/211 232/232/232 233/233/233
f 211/211/211 233/233/233 212/212/212
f 212/212/212 233/233/233 234/234/234
f 212/212/212 234/234/234 213/213/213
f 213/213/213 234/234/234 235/235/235
f 213/213/213 235/235/235 214/214/214
f 214/214/214 235/235/235 236/236/236
f 214/214/214 236/236/236 215/215/215
f 215/215/215 236/236/236 237/237/237
f 215/215/215 237/237/237 216/216/216
f 217/217/217 238/238/238 239/239/239
f 217/217/217 239/239/239 218/218/218
f 218/218/218 239/239/239 240/240/240
f 218/218/218 240/240/240 219/219/219
f 219/219/219 240/240/240 241/241/241
f 219/219/219 241/241/241 220/220/220
f 220/220/220 241/241/241 242/242/242
f 220/220/220 242/242/242 221/221/221
f 221/221/221 242/242/242 243/243/243
f 221/221/221 243/243/243 222/222/222
f 222/222/222 243/243/243 244/244/244
f 222/222/222 244/244/244 223/223/223
f 223/223/223 244/244/244 245/245/245
f 223/223/223 245/245/245 224/224/224
f 224/224/224 245/245/245 246/246/246
f 224/224/224 246/246/246 225/225/225
f 225/225/225 246/246/246 247/247/247
f 225/225/225 247/247/247 226/226/226
f 226/226/226 247/247/247 248/248/248
f 226/226/226 248/248/248 227/227/227
f 227/227/227 248/248/248 249/249/249
f 227/227/227 249/249/249 228/228/228
f 228/228/228 249/249/249 250/250/250
f 228/228/228 250/250/250 229/229/229
f 229/229/229 250/250/250 251/251/251
f 229/229/229 251/251/251 230/230/230
f 230/230/230 251/251/251 252/252/252
f 230/230/230 252/252/252 231/231/231
f 231/231/231 252/252/252 253/253/253
f 231/231/231 253/253/253 232/232/232
f 232/232/232 253/253/253 254/254/254
f 232/232/232 254/254/254 233/233/233
f 233/233/233 254/254/254 255/255/255
f 233/233/233 255/255/255 234/234/234
f 234/234/234 255/255/255 256/256/256
f 234/234/234 256/256/256 235/235/235
f 235/235/235 256/256/256 257/257/257
f 235/235/235 257/257/257 236/236/236
f 236/236/236 257/257/257 258/258/258
f 236/236/236 258/258/258 237/237/237
f 238/238/238 259/259/259 260/260/260
f 238/238/238 260/260/260 239/239/239
f 239/239/239 260/260/260 261/261/261
f 239/239/239 261/261/261 240/240/240
f 240/240/240 261/261/261 262/262/262
f 240/240/240 262/262/262 241/241/241
f 241/241/241 262/262/262 263/263/263
f 241/241/241 263/263/263 242/242/242
f 242/242/242 263/263/263 264/264/264
f 242/242/242 264/264/264 243/243/243
f 243/243/243 264/264/264 265/265/265
f 243/243/243 265/265/265 244/244/244
f 244/244/244 265/265/265 266/266/266
f 244/244/244 266/266/266 245/245/245
f 245/245/245 266/266/266 267/267/267
f 245/245/245 267/267/267 246/246/246
f 246/246/246 267/267/267 268/268/268
f 246/246/246 268/268/268 247/247/247
f 247/247/247 268/268/268 269/269/269
f 247/247/247 269/269/269 248/248/248
f 248/248/248 269/269/269 270/270/270
f 248/248/248 270/270/270 249/249/249
f 249/249/249 270/270/270 271/271/271
f 249/249/249 271/271/271 250/250/250
f 250/250/250 271/271/271 272/272/272
f 250/250/250 272/272/272 251/251/251
f 251/251/251 272/272/272 273/273/273
f 251/251/251 273/273/273 252/252/252
f 252/252/252 273/273/273 274/274/274
f 252/252/252 274/274/274 253/253/253
f 253/253/253 274/274/274 275/275/275
f 253/253/253 275/275/275 254/254/254
f 254/254/254 275/275/275 276/276/276
f 254/254/254 276/276/276 255/255/255
f 255/255/255 276/276/276 277/277/277
f 255/255/255 277/277/277 256/256/256
f 256/256/256 277/277/277 278/278/278
f 256/256/256 278/278/278 257/257/257
f 257/257/257 278/278/278 279/279/279
f 257/257/257 279/279/279 258/258/258
f 259/259/259 280/280/280 281/281/281
f 259/259/259 281/281/281 260/260/260
f 260/260/260 281/281/281 282/282/282
f 260/260/260 282/282/282 261/261/261
f 261/261/261 282/282/282 283/283/283
f 261/261/261 283/283/283 262/262/262
f 262/262/262 283/283/283 284/284/284
f 262/262/262 284/284/284 263/263/263
f 263/263/263 284/284/284 285/285/285
f 263/263/263 285/285/285 264/264/264
f 264/264/264 285/285/285 286/286/286
f 264/264/264 286/286/286 265/265/265
f 265/265/265 286/286/286 287/287/287
f 265/265/265 287/287/287 266/266/266
f 266/266/266 287/287/287 288/288/288
f 266/266/266 288/288/288 267/267/267
f 267/267/267 288/288/288 289/289/289
f 267/267/267 289/289/289 268/268/268
f 268/268/268 289/289/289 290/290/290
f 268/268/268 290/290/290 269/269/269
f 269/269/269 290/290/290 291/291/291
f 269/269/269 291/291/291 270/270/270
f 270/270/270 291/291/291 292/292/292
f 270/270/270 292/292/292 271/271/271
f 271/271/271 292/292/292 293/293/293
f 271/271/271 293/293/293 272/272/272
f 272/272/272 293/293/293 294/294/294
f 272/272/272 294/294/294 273/273/273
f 273/273/273 294/294/294 295/295/295
f 273/273/273 295/295/295 274/274/274
f 274/274/274 295/295/295 296/296/296
f 274/274/274 296/296/296 275/275/275
f 275/275/275 296/296/296 297/297/297
f 275/275/275 297/297/297 276/276/276
f 276/276/276 297/297/297 298/298/298
f 276/276/276 298/298/298 277/277/277
f 277/277/277 298/298/298 299/299/299
f 277/277/277 299/299/299 278/278/278
f 278/278/278 299/299/299 300/300/300
f 278/278/278 300/300/300 279/279/279
f 280/280/280 301/301/301 302/302/302
f 280/280/280 302/302/302 281/281/281
f 281/281/281 302/302/302 303/303/303
f 281/281/281 303/303/303 282/282/282
f 282/282/282 303/303/303 304/304/304
f 282/282/282 304/304/304 283/283/283
f 283/283/283 304/304/304 305/305/305
f 283/283/283 305/305/305 284/284/284
f 284/284/284 305/305/305 306/306/306
f 284/284/284 306/306/306 285/285/285
f 285/285/285 306/306/306 307/307/307
f 285/285/285 307/307/307 286/286/286
f 286/286/286 307/307/307 308/308/308
f 286/286/286 308/308/308 287/287/287
f 287/287/287 308/308/308 309/309/309
f 287/287/287 309/309/309 288/288/288
f 288/288/288 309/309/309 310/310/310
f 288/288/288 310/310/310 289/289/289
f 289/289/289 310/310/310 311/311/311
f 289/289/289 311/311/311 290/290/290
f 290/290/290 311/311/311 312/312/312
f 290/290/290 312/312/312 291/291/291
f 291/291/291 312/312/312 313/313/313
f 291/291/291 313/313/313 292/292/292
f 292/292/292 313/313/313 314/314/314
f 292/292/292 314/314/314 293/293/293
f 293/293/293 314/314/314 315/315/315
f 293/293/293 315/315/315 294/294/294
f 294/294/294 315/315/315 316/316/316
f 294/294/294 316/316/316 295/295/295
f 295/295/295 316/316/316 317/317/317
f 295/295/295 317/317/317 296/296/296
f 296/296/296 317/317/317 318/318/318
f 296/296/296 318/318/318 297/297/297
f 297/297/297 318/318/318 319/319/319
f 297/297/297 319/319/319 298/298/298
f 298/298/298 319/319/319 320/320/320
f 298/298/298 320/320/320 299/299/299
f 299/299/299 320/320/320 321/321/321
f 299/299/299 321/321/321 300/300/300
f 301/301/301 322/322/322 323/323/323
f 301/301/301 323/323/323 302/302/302
f 302/302/302 323/323/323 324/324/324
f 302/302/302 324/324/324 303/303/303
f 303/303/303 324/324/324 325/325/325
f 303/303/303 325/325/325 304/304/304
f 304/304/304 325/325/325 326/326/326
f 304/304/304 326/326/326 305/305/305
f 305/305/305 326/326/326 327/327/327
f 305/305/305 327/327/327 306/306/306
f 306/306/306 327/327/327 328/328/328
f 306/306/306 328/328/328 307/307/307
f 307/307/307 328/328/328 329/329/329
f 307/307/307 329/329/329 308/308/308
f 308/308/308 329/329/329 330/330/330
f 308/308/308 330/330/330 309/309/309
f 309/309/309 330/330/330 331/331/331
f 309/309/309 331/331/331 310/310/310
f 310/310/310 331/331/331 332/332/332
f 310/310/310 332/332/332 311/311/311
f 311/311/311 332/332/332 333/333/333
f 311/311/311 333/333/333 312/312/312
f 312/312/312 333/333/333 334/334/334
f 312/312/312 334/334/334 313/313/313
f 313/313/313 334/334/334 335/335/335
f 313/313/313 335/335/335 314/314/314
f 314/314/314 335/335/335 336/336/336
f 314/314/314 336/336/336 315/315/315
f 315/315/315 336/336/336 337/337/337
f 315/315/315 337/337/337 316/316/316
f 316/316/316 337/337/337 338/338/338
f 316/316/316 338/338/338 317/317/317
f 317/317/317 338/338/338 339/339/339
f 317/317/317 339/339/339 318/318/318
f 318/318/318 339/339/339 340/340/340
f 318/318/318 340/340/340 319/319/319
f 319/319/319 340/340/340 341/341/341
f 319/319/319 341/341/341 320/320/320
f 320/320/320 341/341/341 342/342/342
f 320/320/320 342/342/342 321/321/321
f 322/322/322 343/343/343 344/344/344
f 322/322/322 344/344/344 323/323/323
f 323/323/323 344/344/344 345/345/345
f 323/323/323 345/345/345 324/324/324
f 324/324/324 345/345/345 346/346/346
f 324/324/324 346/346/346 325/325/325
f 325/325/325 346/346/346 347/347/347
f 325/325/325 347/347/347 326/326/326
f 326/326/326 347/347/347 348/348/348
f 326/326/326 348/348/348 327/327/327
f 327/327/327 348/348/348 349/349/349
f 327/327/327 349/349/349 328/328/328
f 328/328/328 349/349/349 350/350/350
f 328/328/328 350/350/350 329/329/329
f 329/329/329 350/350/350 351/351/351
f 329/329/329 351/351/351 330/330/330
f 330/330/330 351/351/351 352/352/352
f 330/330/330 352/352/352 331/331/331
f 331/331/331 352/352/352 353/353/353
f 331/331/331 353/353/353 332/332/332
f 332/332/332 353/353/353 354/354/354
f 332/332/332 354/354/354 333/333/333
f 333/333/333 354/354/354 355/355/355
f 333/333/333 355/355/355 334/334/334
f 334/334/334 355/355/355 356/356/356
f 334/334/334 356/356/356 335/335/335
f 335/335/335 356/356/356 357/357/357
f 335/335/335 357/357/357 336/336/336
f 336/336/336 357/357/357 358/358/358
f 336/336/336 358/358/358 337/337/337
f 337/337/337 358/358/358 359/359/359
f 337/337/337 359/359/359 338/338/338
f 338/338/338 359/359/359 360/360/360
f 338/338/338 360/360/360 339/339/339
f 339/339/339 360/360/360 361/361/361
f 339/339/339 361/361/361 340/340/340
f 340/340/340 361/361/361 362/362/362
f 340/340/340 362/362/362 341/341/341
f 341/341/341 362/362/362 363/363/363
f 341/341/341 363/363/363 342/342/342
f 343/343/343 364/364/364 365/365/365
f 343/343/343 365/365/365 344/344/344
f 344/344/344 365/365/365 366/366/366
f 344/344/344 366/366/366 345/345/345
f 345/345/345 366/366/366 367/367/367
f 345/345/345 367/367/367 346/346/346
f 346/346/346 367/367/367 368/368/368
f 346/346/346 368/368/368 347/347/347
f 347/347/347 368/368/368 369/369/369
f 347/347/347 369/369/369 348/348/348
f 348/348/348 369/369/369 370/370/370
f 348/348/348 370/370/370 349/349/349
f 349/349/349 370/370/370 371/371/371
f 349/349/349 371/371/371 350/350/350
f 350/350/350 371/371/371 372/372/372
f 350/350/350 372/372/372 351/351/351
f 351/351/351 372/372/372 373/373/373
f 351/351/351 373/373/373 352/352/352
f 352/352/352 373/373/373 374/374/374
f 352/352/352 374/374/374 353/353/353
f 353/353/353 374/374/374 375/375/375
f 353/353/353 375/375/375 354/354/354
f 354/354/354 375/375/375 376/376/376
f 354/354/354 376/376/376 355/355/355
f 355/355/355 376/376/376 377/377/377
f 355/355/355 377/377/377 356/356/356
f 356/356/356 377/377/377 378/378/378
f 356/356/356 378/378/378 357/357/357
f 357/357/357 378/378/378 379/379/379
f 357/357/357 379/379/379 358/358/358
f 358/358/358 379/379/379 380/380/380
f 358/358/358 380/380/380 359/359/359
f 359/359/359 380/380/380 381/381/381
f 359/359/359 381/381/381 360/360/360
f 360/360/360 381/381/381 382/382/382
f 360/360/360 382/382/382 361/361/361
f 361/361/361 382/382/382 383/383/383
f 361/361/361 383/383/383 362/362/362
f 362/362/362 383/383/383 384/384/384
f 362/362/362 384/384/384 363/363/363
f 364/364/364 385/385/385 386/386/386
f 364/364/364 386/386/386 365/365/365
f 365/365/365 386/386/386 387/387/387
f 365/365/365 387/387/387 366/366/366
f 366/366/366 387/387/387 388/388/388
f 366/366/366 388/388/388 367/367/367
f 367/367/367 388/388/388 389/389/389
f 367/367/367 389/389/389 368/368/368
f 368/368/368 389/389/389 390/390/390
f 368/368/368 390/390/390 369/369/369
f 369/369/369 390/390/390 391/391/391
f 369/369/369 391/391/391 370/370/370
f 370/370/370 391/391/391 392/392/392
f 370/370/370 392/392/392 371/371/371
f 371/371/371 392/392/392 393/393/393
f 371/371/371 393/393/393 372/372/372
f 372/372/372 393/393/393 394/394/394
f 372/372/372 394/394/394 373/373/373
f 373/373/373 394/394/394 395/395/395
f 373/373/373 395/395/395 374/374/374
f 374/374/374 395/395/395 396/396/396
f 374/374/374 396/396/396 375/375/375
f 375/375/375 396/396/396 397/397/397
f 375/375/375 397/397/397 376/376/376
f 376/376/376 397/397/397 398/398/398
f 376/376/376 398/398/398 377/377/377
f 377/377/377 398/398/398 399/399/399
f 377/377/377 399/399/399 378/378/378
f 378/378/378 399/399/399 400/400/400
f 378/378/378 400/400/400 379/379/379
f 379/379/379 400/400/400 401/401/401
f 379/379/379 401/401/401 380/380/380
f 380/380/380 401/401/401 402/402/402
f 380/380/380 402/402/402 381/381/381
f 381/381/381 402/402/402 403/403/403
f 381/381/381 403/403/403 382/382/382
f 382/382/382 403/403/403 404/404/404
f 382/382/382 404/404/404 383/383/383
f 383/383/383 404/404/404 405/405/405
f 383/383/383 405/405/405 384/384/384
f 385/385/385 406/406/406 407/407/407
f 385/385/385 407/407/407 386/386/386
f 386/386/386 407/407/407 408/408/408
f 386/386/386 408/408/408 387/387/387
f 387/387/387 408/408/408 409/409/409
f 387/387/387 409/409/409 388/388/388
f 388/388/388 409/409/409 410/410/410
f 388/388/388 410/410/410 389/389/389
f 389/389/389 410/410/410 411/411/411
f 389/389/389 411/411/411 390/390/390
f 390/390/390 411/411/411 412/412/412
f 390/390/390 412/412/412 391/391/391
f 391/391/391 412/412/412 413/413/413
f 391/391/391 413/413/413 392/392/392
f 392/392/392 413/413/413 414/414/414
f 392/392/392 414/414/414 393/393/393
f 393/393/393 414/414/414 415/415/415
f 393/393/393 415/415/415 394/394/394
f 394/394/394 415/415/415 416/416/416
f 394/394/394 416/416/416 395/395/395
f 395/395/395 416/416/416 417/417/417
f 395/395/395 417/417/417 396/396/396
f 396/396/396 417/417/417 418/418/418
f 396/396/396 418/418/418 397/397/397
f 397/397/397 418/418/418 419/419/419
f 397/397/397 419/419/419 398/398/398
f 398/398/398 419/419/419 420/420/420
f 398/398/398 420/420/420 399/399/399
f 399/399/399 420/420/420 421/421/421
f 399/399/399 421/421/421 400/400/400
f 400/400/400 421/421/421 422/422/422
f 400/400/400 422/422/422 401/401/401
f 401/401/401 422/422/422 423/423/423
f 401/401/401 423/423/423 402/402/402
f 402/402/402 423/423/423 424/424/424
f 402/402/402 424/424/424 403/403/403
f 403/403/403 424/424/424 425/425/425
f 403/403/403 425/425/425 404/404/404
f 404/404/404 425/425/425 426/426/426
f 404/404/404 426/426/426 405/405/405
f 406/406/406 427/427/427 428/428/428
f 406/406/406 428/428/428 407/407/407
f 407/407/407 428/428/428 429/429/429
f 407/407/407 429/429/429 408/408/408
f 408/408/408 429/429/429 430/430/430
f 408/408/408 430/430/430 409/409/409
f 409/409/409 430/430/430 431/431/431
f 409/409/409 431/431/431 410/410/410
f 410/410/410 431/431/431 432/432/432
f 410/410/410 432/432/432 411/411/411
f 411/411/411 432/432/432 433/433/433
f 411/411/411 433/433/433 412/412/412
f 412/412/412 433/433/433 434/434/434
f 412/412/412 434/434/434 413/413/413
f 413/413/413 434/434/434 435/435/435
f 413/413/413 435/435/435 414/414/414
f 414/414/414 435/435/435 436/436/436
f 414/414/414 436/436/436 415/415/415
f 415/415/415 436/436/436 437/437/437
f 415/415/415 437/437/437 416/416/416
f 416/416/416 437/437/437 438/438/438
f 416/416/416 438/438/438 417/417/417
f 417/417/417 438/438/438 439/439/439
f 417/417/417 439/439/439 418/418/418
f 418/418/418 439/439/439 440/440/440
f 418/418/418 440/440/440 419/419/419
f 419/419/419 440/440/440 441/441/441
f 419/419/419 441/441/441 420/420/420
f 420/420/420 441/441/441 442/442/442
f 420/420/420 442/442/442 421/421/421
f 421/421/421 442/442/442 443/443/443
f 421/421/421 443/443/443 422/422/422
f 422/422/422 443/443/443 444/444/444
f 422/422/422 444/444/444 423/423/423
f 423/423/423 444/444/444 445/445/445
f 423/423/423 445/445/445 424/424/424
f 424/424/424 445/445/445 446/446/446
f 424/424/424 446/446/446 425/425/425
f 425/425/425 446/446/446 447/447/447
f 425/425/425 447/447/447 426/426/426
f 427/427/427 448/448/448 449/449/449
f 427/427/427 449/449/449 428/428/428
f 428/428/428 449/449/449 450/450/450
f 428/428/428 450/450/450 429/429/429
f 429/429/429 450/450/450 451/451/451
f 429/429/429 451/451/451 430/430/430
f 430/430/430 451/451/451 452/452/452
f 430/430/430 452/452/452 431/431/431
f 431/431/431 452/452/452 453/453/453
f 431/431/431 453/453/453 432/432/432
f 432/432/432 453/453/453 454/454/454
f 432/432/432 454/454/454 433/433/433
f 433/433/433 454/454/454 455/455/455
f 433/433/433 455/455/455 434/434/434
f 434/434/434 455/455/455 456/456/456
f 434/434/434 456/456/456 435/435/435
f 435/435/435 456/456/456 457/457/457
f 435/435/435 457/457/457 436/436/436
f 436/436/436 457/457/457 458/458/458
f 436/436/436 458/458/458 437/437/437
f 437/437/437 458/458/458 459/459/459
f 437/437/437 459/459/459 438/438/438
f 438/438/438 459/459/459 460/460/460
f 438/438/438 460/460/460 439/439/439
f 439/439/439 460/460/460 461/461/461
f 439/439/439 461/461/461 440/440/440
f 440/440/440 461/461/461 462/462/462
f 440/440/440 462/462/462 441/441/441
f 441/441/441 462/462/462 463/463/463
f 441/441/441 463/463/463 442/442/442
f 442/442/442 463/463/463 464/464/464
f 442/442/442 464/464/464 443/443/443
f 443/443/443 464/464/464 465/465/465
f 443/443/443 465/465/465 444/444/444
f 444/444/444 465/465/465 466/466/466
f 444/444/444 466/466/466 445/445/445
f 445/445/445 466/466/466 467/467/467
f 445/445/445 467/467/467 446/446/446
f 446/446/446 467/467/467 468/468/468
f 446/446/446 468/468/468 447/447/447
f 448/448/448 469/469/469 470/470/470
f 448/448/448 470/470/470 449/449/449
f 449/449/449 470/470/470 471/471/471
f 449/449/449 471/471/471 450/450/450
f 450/450/450 471/471/471 472/472/472
f 450/450/450 472/472/472 451/451/451
f 451/451/451 472/472/472 473/473/473
f 451/451/451 473/473/473 452/452/452
f 452/452/452 473/473/473 474/474/474
f 452/452/452 474/474/474 453/453/453
f 453/453/453 474/474/474 475/475/475
f 453/453/453 475/475/475 454/454/454
f 454/454/454 475/475/475 476/476/476
f 454/454/454 476/476/476 455/455/455
f 455/455/455 476/476/476 477/477/477
f 455/455/455 477/477/477 456/456/456
f 456/456/456 477/477/477 478/478/478
f 456/456/456 478/478/478 457/457/457
f 457/457/457 478/478/478 479/479/479
f 457/457/457 479/479/479 458/458/458
f 458/458/458 479/479/479 480/480/480
f 458/458/458 480/480/480 459/459/459
f 459/459/459 480/480/480 481/481/481
f 459/459/459 481/481/481 460/460/460
f 460/460/460 481/481/481 482/482/482
f 460/460/460 482/482/482 461/461/461
f 461/461/461 482/482/482 483/483/483
f 461/461/461 483/483/483 462/462/462
f 462/462/462 483/483/483 484/484/484
f 462/462/462 484/484/484 463/463/463
f 463/463/463 484/484/484 485/485/485
f 463/463/463 485/485/485 464/464/464
f 464/464/464 485/485/485 486/486/486
f 464/464/464 486/486/486 465/465/465
f 465/465/465 486/486/486 487/487/487
f 465/465/465 487/487/487 466/466/466
f 466/466/466 487/487/487 488/488/488
f 466/466/466 488/488/488 467/467/467
f 467/467/467 488/488/488 489/489/489
f 467/467/467 489/489/489 468/468/468
f 469/469/469 490/490/490 491/491/491
f 469/469/469 491/491/491 470/470/470
f 470/470/470 491/491/491 492/492/492
f 470/470/470 492/492/492 471/471/471
f 471/471/471 492/492/492 493/493/493
f 471/471/471 493/493/493 472/472/472
f 472/472/472 493/493/493 494/494/494
f 472/472/472 494/494/494 473/473/473
f 473/473/473 494/494/494 495/495/495
f 473/473/473 495/495/495 474/474/474
f 474/474/474 495/495/495 496/496/496
f 474/474/474 496/496/496 475/475/475
f 475/475/475 496/496/496 497/497/497
f 475/475/475 497/497/497 476/476/476
f 476/476/476 497/497/497 498/498/498
f 476/476/476 498/498/498 477/477/477
f 477/477/477 498/498/498 499/499/499
f 477/477/477 499/499/499 478/478/478
f 478/478/478 499/499/499 500/500/500
f 478/478/478 500/500/500 479/479/479
f 479/479/479 500/500/500 501/501/501
f 479/479/479 501/501/501 480/480/480
f 480/480/480 501/501/501 502/502/502
f 480/480/480 502/502/502 481/481/481
f 481/481/481 502/502/502 503/503/503
f 481/481/481 503/503/503 482/482/482
f 482/482/482 503/503/503 504/504/504
f 482/482/482 504/504/504 483/483/483
f 483/483/483 504/504/504 505/505/505
f 483/483/483 505/505/505 484/484/484
f 484/484/484 505/505/505 506/506/506
f 484/484/484 506/506/506 485/485/485
f 485/485/485 506/506/506 507/507/507
f 485/485/485 507/507/507 486/486/486
f 486/486/486 507/507/507 508/508/508
f 486/486/486 508/508/508 487/487/487
f 487/487/487 508/508/508 509/509/509
f 487/487/487 509/509/509 488/488/488
f 488/488/488 509/509/509 510/510/510
f 488/488/488 510/510/510 489/489/489
f 490/490/490 511/511/511 512/512/512
f 490/490/490 512/512/512 491/491/491
f 491/491/491 512/512/512 513/513/513
f 491/491/491 513/513/513 492/492/492
f 492/492/492 513/513/513 514/514/514
f 492/492/492 514/514/514 493/493/493
f 493/493/493 514/514/514 515/515/515
f 493/493/493 515/515/515 494/494/494
f 494/494/494 515/515/515 516/516/516
f 494/494/494 516/516/516 495/495/495
f 495/495/495 516/516/516 517/517/517
f 495/495/495 517/517/517 496/496/496
f 496/496/496 517/517/517 518/518/518
f 496/496/496 518/518/518 497/497/497
f 497/497/497 518/518/518 519/519/519
f 497/497/497 519/519/519 498/498/498
f 498/498/498 519/519/519 520/520/520
f 498/498/498 520/520/520 499/499/499
f 499/499/499 520/520/520 521/521/521
f 499/499/499 521/521/521 500/500/500
f 500/500/500 521/521/521 522/522/522
f 500/500/500 522/522/522 501/501/501
f 501/501/501 522/522/522 523/523/523
f 501/501/501 523/523/523 502/502/502
f 502/502/502 523/523/523 524/524/524
f 502/502/502 524/524/524 503/503/503
f 503/503/503 524/524/524 525/525/525
f 503/503/503 525/525/525 504/504/504
f 504/504/504 525/525/525 526/526/526
f 504/504/504 526/526/526 505/505/505
f 505/505/505 526/526/526 527/527/527
f 505/505/505 527/527/527 506/506/506
f 506/506/506 527/527/527 528/528/528
f 506/506/506 528/528/528 507/507/507
f 507/507/507 528/528/528 529/529/529
f 507/507/507 529/529/529 508/508/508
f 508/508/508 529/529/529 530/530/530
f 508/508/508 530/530/530 509/509/509
f 509/509/509 530/530/530 531/531/531
f 509/509/509 531/531/531 510/510/510
f 511/511/511 532/532/532 533/533/533
f 511/511/511 533/533/533 512/512/512
f 512/512/512 533/533/533 534/534/534
f 512/512/512 534/534/534 513/513/513
f 513/513/513 534/534/534 535/535/535
f 513/513/513 535/535/535 514/514/514
f 514/514/514 535/535/535 536/536/536
f 514/514/514 536/536/536 515/515/515
f 515/515/515 536/536/536 537/537/537
f 515/515/515 537/537/537 516/516/516
f 516/516/516 537/537/537 538/538/538
f 516/516/516 538/538/538 517/517/517
f 517/517/517 538/538/538 539/539/539
f 517/517/517 539/539/539 518/518/518
f 518/518/518 539/539/539 540/540/540
f 518/518/518 540/540/540 519/519/519
f 519/519/519 540/540/540 541/541/541
f 519/519/519 541/541/541 520/520/520
f 520/520/520 541/541/541 542/542/542
f 520/520/520 542/542/542 521/521/521
f 521/521/521 542/542/542 543/543/543
f 521/521/521 543/543/543 522/522/522
f 522/522/522 543/543/543 544/544/544
f 522/522/522 544/544/544 523/523/523
f 523/523/523 544/544/544 545/545/545
f 523/523/523 545/545/545 524/524/524
f 524/524/524 545/545/545 546/546/546
f 524/524/524 546/546/546 525/525/525
f 525/525/525 546/546/546 547/547/547
f 525/525/525 547/547/547 526/526/526
f 526/526/526 547/547/547 548/548/548
f 526/526/526 548/548/548 527/527/527
f 527/527/527 548/548/548 549/549/549
f 527/527/527 549/549/549 528/528/528
f 528/528/528 549/549/549 550/550/550
f 528/528/528 550/550/550 529/529/529
f 529/529/529 550/550/550 551/551/551
f 529/529/529 551/551/551 530/530/530
f 530/530/530 551/551/551 552/552/552
f 530/530/530 552/552/552 531/531/531
f 532/532/532 553/553/553 554/554/554
f 532/532/532 554/554/554 533/533/533
f 533/533/533 554/554/554 555/555/555
f 533/533/533 555/555/555 534/534/534
f 534/534/534 555/555/555 556/556/556
f 534/534/534 556/556/556 535/535/535
f 535/535/535 556/556/556 557/557/557
f 535/535/535 557/557/557 536/536/536
f 536/536/536 557/557/557 558/558/558
f 536/536/536 558/558/558 537/537/537
f 537/537/537 558/558/558 559/559/559
f 537/537/537 559/559/559 538/538/538
f 538/538/538 559/559/559 560/560/560
f 538/538/538 560/560/560 539/539/539
f 539/539/539 560/560/560 561/561/561
f 539/539/539 561/561/561 540/540/540
f 540/540/540 561/561/561 562/562/562
f 540/540/540 562/562/562 541/541/541
f 541/541/541 562/562/562 563/563/563
f 541/541/541 563/563/563 542/542/542
f 542/542/542 563/563/563 564/564/564
f 542/542/542 564/564/564 543/543/543
f 543/543/543 564/564/564 565/565/565
f 543/543/543 565/565/565 544/544/544
f 544/544/544 565/565/565 566/566/566
f 544/544/544 566/566/566 545/545/545
f 545/545/545 566/566/566 567/567/567
f 545/545/545 567/567/567 546/546/546
f 546/546/546 567/567/567 568/568/568
f 546/546/546 568/568/568 547/547/547
f 547/547/547 568/568/568 569/569/569
f 547/547/547 569/569/569 548/548/548
f 548/548/548 569/569/569 570/570/570
f 548/548/548 570/570/570 549/549/549
f 549/549/549 570/570/570 571/571/571
f 549/549/549 571/571/571 550/550/550
f 550/550/550 571/571/571 572/572/572
f 550/550/550 572/572/572 551/551/551
f 551/551/551 572/572/572 573/573/573
f 551/551/551 573/573/573 552/552/552
f 553/553/553 574/574/574 575/575/575
f 553/553/553 575/575/575 554/554/554
f 554/554/554 575/575/575 576/576/576
f 554/554/554 576/576/576 555/555/555
f 555/555/555 576/576/576 577/577/577
f 555/555/555 577/577/577 556/556/556
f 556/556/556 577/577/577 578/578/578
f 556/556/556 578/578/578 557/557/557
f 557/557/557 578/578/578 579/579/579
f 557/557/557 579/579/579 558/558/558
f 558/558/558 579/579/579 580/580/580
f 558/558/558 580/580/580 559/559/559
f 559/559/559 580/580/580 581/581/581
f 559/559/559 581/581/581 560/560/560
f 560/560/560 581/581/581 582/582/582
f 560/560/560 582/582/582 561/561/561
f 561/561/561 582/582/582 583/583/583
f 561/561/561 583/583/583 562/562/562
f 562/562/562 583/583/583 584/584/584
f 562/562/562 584/584/584 563/563/563
f 563/563/563 584/584/584 585/585/585
f 563/563/563 585/585/585 564/564/564
f 564/564/564 585/585/585 586/586/586
f 564/564/564 586/586/586 565/565/565
f 565/565/565 586/586/586 587/587/587
f 565/565/565 587/587/587 566/566/566
f 566/566/566 587/587/587 588/588/588
f 566/566/566 588/588/588 567/567/567
f 567/567/567 588/588/588 589/589/589
f 567/567/567 589/589/589 568/568/568
f 568/568/568 589/589/589 590/590/590
f 568/568/568 590/590/590 569/569/569
f 569/569/569 590/590/590 591/591/591
f 569/569/569 591/591/591 570/570/570
f 570/570/570 591/591/591 592/592/592
f 570/570/570 592/592/592 571/571/571
f 571/571/571 592/592/592 593/593/593
f 571/571/571 593/593/593 572/572/572
f 572/572/572 593/593/593 594/594/594
f 572/572/572 594/594/594 573/573/573
f 574/574/574 595/595/595 596/596/596
f 574/574/574 596/596/596 575/575/575
f 575/575/575 596/596/596 597/597/597
f 575/575/575 597/597/597 576/576/576
f 576/576/576 597/597/597 598/598/598
f 576/576/576 598/598/598 577/577/577
f 577/577/577 598/598/598 599/599/599
f 577/577/577 599/599/599 578/578/578
f 578/578/578 599/599/599 600/600/600
f 578/578/578 600/600/600 579/579/579
f 579/579/579 600/600/600 601/601/601
f 579/579/579 601/601/601 580/580/580
f 580/580/580 601/601/601 602/602/602
f 580/580/580 602/602/602 581/581/581
f 581/581/581 602/602/602 603/603/603
f 581/581/581 603/603/603 582/582/582
f 582/582/582 603/603/603 604/604/604
f 582/582/582 604/604/604 583/583/583
f 583/583/583 604/604/604 605/605/605
f 583/583/583 605/605/605 584/584/584
f 584/584/584 605/605/605 606/606/606
f 584/584/584 606/606/606 585/585/585
f 585/585/585 606/606/606 607/607/607
f 585/585/585 607/607/607 586/586/586
f 586/586/586 607/607/607 608/608/608
f 586/586/586 608/608/608 587/587/587
f 587/587/587 608/608/608 609/609/609
f 587/587/587 609/609/609 588/588/588
f 588/588/588 609/609/609 610/610/610
f 588/588/588 610/610/610 589/589/589
f 589/589/589 610/610/610 611/611/611
f 589/589/589 611/611/611 590/590/590
f 590/590/590 611/611/611 612/612/612
f 590/590/590 612/612/612 591/591/591
f 591/591/591 612/612/612 613/613/613
f 591/591/591 613/613/613 592/592/592
f 592/592/592 613/613/613 614/614/614
f 592/592/592 614/614/614 593/593/593
f 593/593/593 614/614/614 615/615/615
f 593/593/593 615/615/615 594/594/594
f 595/595/595 616/616/616 617/617/617
f 595/595/595 617/617/617 596/596/596
f 596/596/596 617/617/617 618/618/618
f 596/596/596 618/618/618 597/597/597
f 597/597/597 618/618/618 619/619/619
f 597/597/597 619/619/619 598/598/598
f 598/598/598 619/619/619 620/620/620
f 598/598/598 620/620/620 599/599/599
f 599/599/599 620/620/620 621/621/621
f 599/599/599 621/621/621 600/600/600
f 600/600/600 621/621/621 622/622/622
f 600/600/600 622/622/622 601/601/601
f 601/601/601 622/622/622 623/623/623
f 601/601/601 623/623/623 602/602/602
f 602/602/602 623/623/623 624/624/624
f 602/602/602 624/624/624 603/603/603
f 603/603/603 624/624/624 625/625/625
f 603/603/603 625/625/625 604/604/604
f 604/604/604 625/625/625 626/626/626
f 604/604/604 626/626/626 605/605/605
f 605/605/605 626/626/626 627/627/627
f 605/605/605 627/627/627 606/606/606
f 606/606/606 627/627/627 628/628/628
f 606/606/606 628/628/628 607/607/607
f 607/607/607 628/628/628 629/629/629
f 607/607/607 629/629/629 608/608/608
f 608/608/608 629/629/629 630/630/630
f 608/608/608 630/630/630 609/609/609
f 609/609/609 630/630/630 631/631/631
f 609/609/609 631/631/631 610/610/610
f 610/610/610 631/631/631 632/632/632
f 610/610/610 632/632/632 611/611/611
f 611/611/611 632/632/632 633/633/633
f 611/611/611 633/633/633 612/612/612
f 612/612/612 633/633/633 634/634/634
f 612/612/612 634/634/634 613/613/613
f 613/613/613 634/634/634 635/635/635
f 613/613/613 635/635/635 614/614/614
f 614/614/614 635/635/635 636/636/636
f 614/614/614 636/636/636 615/615/615
f 616/616/616 637/637/637 638/638/638
f 616/616/616 638/638/638 617/617/617
f 617/617/617 638/638/638 639/639/639
f 617/617/617 639/639/639 618/618/618
f 618/618/618 639/639/639 640/640/640
f 618/618/618 640/640/640 619/619/619
f 619/619/619 640/640/640 641/641/641
f 619/619/619 641/641/641 620/620/620
f 620/620/620 641/641/641 642/642/642
f 620/620/620 642/642/642 621/621/621
f 621/621/621 642/642/642 643/643/643
f 621/621/621 643/643/643 622/622/622
f 622/622/622 643/643/643 644/644/644
f 622/622/622 644/644/644 623/623/623
f 623/623/623 644/644/644 645/645/645
f 623/623/623 645/645/645 624/624/624
f 624/624/624 645/645/645 646/646/646
f 624/624/624 646/646/646 625/625/625
f 625/625/625 646/646/646 647/647/647
f 625/625/625 647/647/647 626/626/626
f 626/626/626 647/647/647 648/648/648
f 626/626/626 648/648/648 627/627/627
f 627/627/627 648/648/648 649/649/649
f 627/627/627 649/649/649 628/628/628
f 628/628/628 649/649/649 650/650/650
f 628/628/628 650/650/650 629/629/629
f 629/629/629 650/650/650 651/651/651
f 629/629/629 651/651/651 630/630/630
f 630/630/630 651/651/651 652/652/652
f 630/630/630 652/652/652 631/631/631
f 631/631/631 652/652/652 653/653/653
f 631/631/631 653/653/653 632/632/632
f 632/632/632 653/653/653 654/654/654
f 632/632/632 654/654/654 633/633/633
f 633/633/633 654/654/654 655/655/655
f 633/633/633 655/655/655 634/634/634
f 634/634/634 655/655/655 656/656/656
f 634/634/634 656/656/656 635/635/635
f 635/635/635 656/656/656 657/657/657
f 635/635/635 657/657/657 636/636/636
f 637/637/637 658/658/658 659/659/659
f 637/637/637 659/659/659 638/638/638
f 638/638/638 659/659/659 660/660/660
f 638/638/638 660/660/660 639/639/639
f 639/639/639 660/660/660 661/661/661
f 639/639/639 661/661/661 640/640/640
f 640/640/640 661/661/661 662/662/662
f 640/640/640 662/662/662 641/641/641
f 641/641/641 662/662/662 663/663/663
f 641/641/641 663/663/663 642/642/642
f 642/642/642 663/663/663 664/664/664
f 642/642/642 664/664/664 643/643/643
f 643/643/643 664/664/664 665/665/665
f 643/643/643 665/665/665 644/644/644
f 644/644/644 665/665/665 666/666/666
f 644/644/644 666/666/666 645/645/645
f 645/645/645 666/666/666 667/667/667
f 645/645/645 667/667/667 646/646/646
f 646/646/646 667/667/667 668/668/668
f 646/646/646 668/668/668 647/647/647
f 647/647/647 668/668/668 669/669/669
f 647/647/647 669/669/669 648/648/648
f 648/648/648 669/669/669 670/670/670
f 648/648/648 670/670/670 649/649/649
f 649/649/649 670/670/670 671/671/671
f 649/649/649 671/671/671 650/650/650
f 650/650/650 671/671/671 672/672/672
f 650/650/650 672/672/672 651/651/651
f 651/651/651 672/672/672 673/673/673
f 651/651/651 673/673/673 652/652/652
f 652/652/652 673/673/673 674/674/674
f 652/652/652 674/674/674 653/653/653
f 653/653/653 674/674/674 675/675/675
f 653/653/653 675/675/675 654/654/654
f 654/654/654 675/675/675 676/676/676
f 654/654/654 676/676/676 655/655/655
f 655/655/655 676/676/676 677/677/677
f 655/655/655 677/677/677 656/656/656
f 656/656/656 677/677/677 678/678/678
f 656/656/656 678/678/678 657/657/657
f 658/658/658 679/679/679 680/680/680
f 658/658/658 680/680/680 659/659/659
f 659/659/659 680/680/680 681/681/681
f 659/659/659 681/681/681 660/660/660
f 660/660/660 681/681/681 682/682/682
f 660/660/660 682/682/682 661/661/661
f 661/661/661 682/682/682 683/683/683
f 661/661/661 683/683/683 662/662/662
f 662/662/662 683/683/683 684/684/684
f 662/662/662 684/684/684 663/663/663
f 663/663/663 684/684/684 685/685/685
f 663/663/663 685/685/685 664/664/664
f 664/664/664 685/685/685 686/686/686
f 664/664/664 686/686/686 665/665/665
f 665/665/665 686/686/686 687/687/687
f 665/665/665 687/687/687 666/666/666
f 666/666/666 687/687/687 688/688/688
f 666/666/666 688/688/688 667/667/667
f 667/667/667 688/688/688 689/689/689
f 667/667/667 689/689/689 668/668/668
f 668/668/668 689/689/689 690/690/690
f 668/668/668 690/690/690 669/669/669
f 669/669/669 690/690/690 691/691/691
f 669/669/669 691/691/691 670/670/670
f 670/670/670 691/691/691 692/692/692
f 670/670/670 692/692/692 671/671/671
f 671/671/671 692/692/692 693/693/693
f 671/671/671 693/693/693 672/672/672
f 672/672/672 693/693/693 694/694/694
f 672/672/672 694/694/694 673/673/673
f 673/673/673 694/694/694 695/695/695
f 673/673/673 695/695/695 674/674/674
f 674/674/674 695/695/695 696/696/696
f 674/674/674 696/696/696 675/675/675
f 675/675/675 696/696/696 697/697/697
f 675/675/675 697/697/697 676/676/676
f 676/676/676 697/697/697 698/698/698
f 676/676/676 698/698/698 677/677/677
f 677/677/677 698/698/698 699/699/699
f 677/677/677 699/699/699 678/678/678
f 679/679/679 700/700/700 701/701/701
f 679/679/679 701/701/701 680/680/680
f 680/680/680 701/701/701 702/702/702
f 680/680/680 702/702/702 681/681/681
f 681/681/681 702/702/702 703/703/703
f 681/681/681 703/703/703 682/682/682
f 682/682/682 703/703/703 704/704/704
f 682/682/682 704/704/704 683/683/683
f 683/683/683 704/704/704 705/705/705
f 683/683/683 705/705/705 684/684/684
f 684/684/684 705/705/705 706/706/706
f 684/684/684 706/706/706 685/685/685
f 685/685/685 706/706/706 707/707/707
f 685/685/685 707/707/707 686/686/686
f 686/686/686 707/707/707 708/708/708
f 686/686/686 708/708/708 687/687/687
f 687/687/687 708/708/708 709/709/709
f 687/687/687 709/709/709 688/688/688
f 688/688/688 709/709/709 710/710/710
f 688/688/688 710/710/710 689/689/689
f 689/689/689 710/710/710 711/711/711
f 689/689/689 711/711/711 690/690/690
f 690/690/690 711/711/711 712/712/712
f 690/690/690 712/712/712 691/691/691
f 691/691/691 712/712/712 713/713/713
f 691/691/691 713/713/713 692/692/692
f 692/692/692 713/713/713 714/714/714
f 692/692/692 714/714/714 693/693/693
f 693/693/693 714/714/714 715/715/715
f 693/693/693 715/715/715 694/694/694
f 694/694/694 715/715/715 716/716/716
f 694/694/694 716/716/716 695/695/695
f 695/695/695 716/716/716 717/717/717
f 695/695/695 717/717/717 696/696/696
f 696/696/696 717/717/717 718/718/718
f 696/696/696 718/718/718 697/697/697
f 697/697/697 718/718/718 719/719/719
f 697/697/697 719/719/719 698/698/698
f 698/698/698 719/719/719 720/720/720
f 698/698/698 720/720/720 699/699/699
f 700/700/700 721/721/721 722/722/722
f 700/700/700 722/722/722 701/701/701
f 701/701/701 722/722/722 723/723/723
f 701/701/701 723/723/723 702/702/702
f 702/702/702 723/723/723 724/724/724
f 702/702/702 724/724/724 703/703/703
f 703/703/703 724/724/724 725/725/725
f 703/703/703 725/725/725 704/704/704
f 704/704/704 725/725/725 726/726/726
f 704/704/704 726/726/726 705/705/705
f 705/705/705 726/726/726 727/727/727
f 705/705/705 727/727/727 706/706/706
f 706/706/706 727/727/727 728/728/728
f 706/706/706 728/728/728 707/707/707
f 707/707/707 728/728/728 729/729/729
f 707/707/707 729/729/729 708/708/708
f 708/708/708 729/729/729 730/730/730
f 708/708/708 730/730/730 709/709/709
f 709/709/709 730/730/730 731/731/731
f 709/709/709 731/731/731 710/710/710
f 710/710/710 731/731/731 732/732/732
f 710/710/710 732/732/732 711/711/711
f 711/711/711 732/732/732 733/733/733
f 711/711/711 733/733/733 712/712/712
f 712/712/712 733/733/733 734/734/734
f 712/712/712 734/734/734 713/713/713
f 713/713/713 734/734/734 735/735/735
f 713/713/713 735/735/735 714/714/714
f 714/714/714 735/735/735 736/736/736
f 714/714/714 736/736/736 715/715/715
f 715/715/715 736/736/736 737/737/737
f 715/715/715 737/737/737 716/716/716
f 716/716/716 737/737/737 738/738/738
f 716/716/716 738/738/738 717/717/717
f 717/717/717 738/738/738 739/739/739
f 717/717/717 739/739/739 718/718/718
f 718/718/718 739/739/739 740/740/740
f 718/718/718 740/740/740 719/719/719
f 719/719/719 740/740/740 741/741/741
f 719/719/719 741/741/741 720/720/720
f 721/721/721 742/742/742 743/743/743
f 721/721/721 743/743/743 722/722/722
f 722/722/722 743/743/743 744/744/744
f 722/722/722 744/744/744 723/723/723
f 723/723/723 744/744/744 745/745/745
f 723/723/723 745/745/745 724/724/724
f 724/724/724 745/745/745 746/746/746
f 724/724/724 746/746/746 725/725/725
f 725/725/725 746/746/746 747/747/747
f 725/725/725 747/747/747 726/726/726
f 726/726/726 747/747/747 748/748/748
f 726/726/726 748/748/748 727/727/727
f 727/727/727 748/748/748 749/749/749
f 727/727/727 749/749/749 728/728/728
f 728/728/728 749/749/749 750/750/750
f 728/728/728 750/750/750 729/729/729
f 729/729/729 750/750/750 751/751/751
f 729/729/729 751/751/751 730/730/730
f 730/730/730 751/751/751 752/752/752
f 730/730/730 752/752/752 731/731/731
f 731/731/731 752/752/752 753/753/753
f 731/731/731 753/753/753 732/732/732
f 732/732/732 753/753/753 754/754/754
f 732/732/732 754/754/754 733/733/733
f 733/733/733 754/754/754 755/755/755
f 733/733/733 755/755/755 734/734/734
f 734/734/734 755/755/755 756/756/756
f 734/734/734 756/756/756 735/735/735
f 735/735/735 756/756/756 757/757/757
f 735/735/735 757/757/757 736/736/736
f 736/736/736 757/757/757 758/758/758
f 736/736/736 758/758/758 737/737/737
f 737/737/737 758/758/758 759/759/759
f 737/737/737 759/759/759 738/738/738
f 738/738/738 759/759/759 760/760/760
f 738/738/738 760/760/760 739/739/739
f 739/739/739 760/760/760 761/761/761
f 739/739/739 761/761/761 740/740/740
f 740/740/740 761/761/761 762/762/762
f 740/740/740 762/762/762 741/741/741
f 742/742/742 763/763/763 764/764/764
f 742/742/742 764/764/764 743/743/743
f 743/743/743 764/764/764 765/765/765
f 743/743/743 765/765/765 744/744/744
f 744/744/744 765/765/765 766/766/766
f 744/744/744 766/766/766 745/745/745
f 745/745/745 766/766/766 767/767/767
f 745/745/745 767/767/767 746/746/746
f 746/746/746 767/767/767 768/768/768
f 746/746/746 768/768/768 747/747/747
f 747/747/747 768/768/768 769/769/769
f 747/747/747 769/769/769 748/748/748
f 748/748/748 769/769/769 770/770/770
f 748/748/748 770/770/770 749/749/749
f 749/749/749 770/770/770 771/771/771
f 749/749/749 771/771/771 750/750/750
f 750/750/750 771/771/771 772/772/772
f 750/750/750 772/772/772 751/751/751
f 751/751/751 772/772/772 773/773/773
f 751/751/751 773/773/773 752/752/752
f 752/752/752 773/773/773 774/774/774
f 752/752/752 774/774/774 753/753/753
f 753/753/753 774/774/774 775/775/775
f 753/753/753 775/775/775 754/754/754
f 754/754/754 775/775/775 776/776/776
f 754/754/754 776/776/776 755/755/755
f 755/755/755 776/776/776 777/777/777
f 755/755/755 777/777/777 756/756/756
f 756/756/756 777/777/777 778/778/778
f 756/756/756 778/778/778 757/757/757
f 757/757/757 778/778/778 779/779/779
f 757/757/757 779/779/779 758/758/758
f 758/758/758 779/779/779 780/780/780
f 758/758/758 780/780/780 759/759/759
f 759/759/759 780/780/780 781/781/781
f 759/759/759 781/781/781 760/760/760
f 760/760/760 781/781/781 782/782/782
f 760/760/760 782/782/782 761/761/761
f 761/761/761 782/782/782 783/783/783
f 761/761/761 783/783/783 762/762/762
f 763/763/763 784/784/784 785/785/785
f 763/763/763 785/785/785 764/764/764
f 764/764/764 785/785/785 786/786/786
f 764/764/764 786/786/786 765/765/765
f 765/765/765 786/786/786 787/787/787
f 765/765/765 787/787/787 766/766/766
f 766/766/766 787/787/787 788/788/788
f 766/766/766 788/788/788 767/767/767
f 767/767/767 788/788/788 789/789/789
f 767/767/767 789/789/789 768/768/768
f 768/768/768 789/789/789 790/790/790
f 768/768/768 790/790/790 769/769/769
f 769/769/769 790/790/790 791/791/791
f 769/769/769 791/791/791 770/770/770
f 770/770/770 791/791/791 792/792/792
f 770/770/770 792/792/792 771/771/771
f 771/771/771 792/792/792 793/793/793
f 771/771/771 793/793/793 772/772/772
f 772/772/772 793/793/793 794/794/794
f 772/772/772 794/794/794 773/773/773
f 773/773/773 794/794/794 795/795/795
f 773/773/773 795/795/795 774/774/774
f 774/774/774 795/795/795 796/796/796
f 774/774/774 796/796/796 775/775/775
f 775/775/775 796/796/796 797/797/797
f 775/775/775 797/797/797 776/776/776
f 776/776/776 797/797/797 798/798/798
f 776/776/776 798/798/798 777/777/777
f 777/777/777 798/798/798 799/799/799
f 777/777/777 799/799/799 778/778/778
f 778/778/778 799/799/799 800/800/800
f 778/778/778 800/800/800 779/779/779
f 779/779/779 800/800/800 801/801/801
f 779/779/779 801/801/801 780/780/780
f 780/780/780 801/801/801 802/802/802
f 780/780/780 802/802/802 781/781/781
f 781/781/781 802/802/802 803/803/803
f 781/781/781 803/803/803 782/782/782
f 782/782/782 803/803/803 804/804/804
f 782/782/782 804/804/804 783/783/783
f 805/805/805 814/814/814 815/815/815
f 805/805/805 815/815/815 806/806/806
f 806/806/806 815/815/815 816/816/816
f 806/806/806 816/816/816 807/807/807
f 807/807/807 816/816/816 817/817/817
f 807/807/807 817/817/817 808/808/808
f 808/808/808 817/817/817 818/818/818
f 808/808/808 818/818/818 809/809/809
f 809/809/809 818/818/818 819/819/819
f 809/809/809 819/819/819 810/810/810
f 810/810/810 819/819/819 820/820/820
f 810/810/810 820/820/820 811/811/811
f 811/811/811 820/820/820 821/821/821
f 811/811/811 821/821/821 812/812/812
f 812/812/812 821/821/821 822/822/822
f 812/812/812 822/822/822 813/813/813
f 814/814/814 823/823/823 824/824/824
f 814/814/814 824/824/824 815/815/815
f 815/815/815 824/824/824 825/825/825
f 815/815/815 825/825/825 816/816/816
f 816/816/816 825/825/825 826/826/826
f 816/816/816 826/826/826 817/817/817
f 817/817/817 826/826/826 827/827/827
f 817/817/817 827/827/827 818/818/818
f 818/818/818 827/827/827 828/828/828
f 818/818/818 828/828/828 819/819/819
f 819/819/819 828/828/828 829/829/829
f 819/819/819 829/829/829 820/820/820
f 820/820/820 829/829/829 830/830/830
f 820/820/820 830/830/830 821/821/821
f 821/821/821 830/830/830 831/831/831
f 821/821/821 831/831/831 822/822/822
f 823/823/823 832/832/832 833/833/833
f 823/823/823 833/833/833 824/824/824
f 824/824/824 833/833/833 834/834/834
f 824/824/824 834/834/834 825/825/825
f 825/825/825 834/834/834 835/835/835
f 825/825/825 835/835/835 826/826/826
f 826/826/826 835/835/835 836/836/836
f 826/826/826 836/836/836 827/827/827
f 827/827/827 836/836/836 837/837/837
f 827/827/827 837/837/837 828/828/828
f 828/828/828 837/837/837 838/838/838
f 828/828/828 838/838/838 829/829/829
f 829/829/829 838/838/838 839/839/839
f 829/829/829 839/839/839 830/830/830
f 830/830/830 839/839/839 840/840/840
f 830/830/830 840/840/840 831/831/831
f 832/832/832 841/841/841 842/842/842
f 832/832/832 842/842/842 833/833/833
f 833/833/833 842/842/842 843/843/843
f 833/833/833 843/843/843 834/834/834
f 834/834/834 843/843/843 844/844/844
f 834/834/834 844/844/844 835/835/835
f 835/835/835 844/844/844 845/845/845
f 835/835/835 845/845/845 836/836/836
f 836/836/836 845/845/845 846/846/846
f 836/836/836 846/846/846 837/837/837
f 837/837/837 846/846/846 847/847/847
f 837/837/837 847/847/847 838/838/838
f 838/838/838 847/847/847 848/848/848
f 838/838/838 848/848/848 839/839/839
f 839/839/839 848/848/848 849/849/849
f 839/839/839 849/849/849 840/840/840
f 841/841/841 850/850/850 851/851/851
f 841/841/841 851/851/851 842/842/842
f 842/842/842 851/851/851 852/852/852
f 842/842/842 852/852/852 843/843/843
f 843/843/843 852/852/852 853/853/853
f 843/843/843 853/853/853 844/844/844
f 844/844/844 853/853/853 854/854/854
f 844/844/844 854/854/854 845/845/845
f 845/845/845 854/854/854 855/855/855
f 845/845/845 855/855/855 846/846/846
f 846/846/846 855/855/855 856/856/856
f 846/846/846 856/856/856 847/847/847
f 847/847/847 856/856/856 857/857/857
f 847/847/847 857/857/857 848/848/848
f 848/848/848 857/857/857 858/858/858
f 848/848/848 858/858/858 849/849/849
f 850/850/850 859/859/859 860/860/860
f 850/850/850 860/860/860 851/851/851
f 851/851/851 860/860/860 861/861/861
f 851/851/851 861/861/861 852/852/852
f 852/852/852 861/861/861 862/862/862
f 852/852/852 862/862/862 853/853/853
f 853/853/853 862/862/862 863/863/863
f 853/853/853 863/863/863 854/854/854
f 854/854/854 863/863/863 864/864/864
f 854/854/854 864/864/864 855/855/855
f 855/855/855 864/864/864 865/865/865
f 855/855/855 865/865/865 856/856/856
f 856/856/856 865/865/865 866/866/866
f 856/856/856 866/866/866 857/857/857
f 857/857/857 866/866/866 867/867/867
f 857/857/857 867/867/867 858/858/858
f 859/859/859 868/868/868 869/869/869
f 859/859/859 869/869/869 860/860/860
f 860/860/860 869/869/869 870/870/870
f 860/860/860 870/870/870 861/861/861
f 861/861/861 870/870/870 871/871/871
f 861/861/861 871/871/871 862/862/862
f 862/862/862 871/871/871 872/872/872
f 862/862/862 872/872/872 863/863/863
f 863/863/863 872/872/872 873/873/873
f 863/863/863 873/873/873 864/864/864
f 864/864/864 873/873/873 874/874/874
f 864/864/864 874/874/874 865/865/865
f 865/865/865 874/874/874 875/875/875
f 865/865/865 875/875/875 866/866/866
f 866/866/866 875/875/875 876/876/876
f 866/866/866 876/876/876 867/867/867
f 868/868/868 877/877/877 878/878/878
f 868/868/868 878/878/878 869/869/869
f 869/869/869 878/878/878 879/879/879
f 869/869/869 879/879/879 870/870/870
f 870/870/870 879/879/879 880/880/880
f 870/870/870 880/880/880 871/871/871
f 871/871/871 880/880/880 881/881/881
f 871/871/871 881/881/881 872/872/872
f 872/872/872 881/881/881 882/882/882
f 872/872/872 882/882/882 873/873/873
f 873/873/873 882/882/882 883/883/883
f 873/873/873 883/883/883 874/874/874
f 874/874/874 883/883/883 884/884/884
f 874/874/874 884/884/884 875/875/875
f 875/875/875 884/884/884 885/885/885
f 875/875/875 885/885/885 876/876/876
f 877/877/877 886/886/886 887/887/887
f 877/877/877 887/887/887 878/878/878
f 878/878/878 887/887/887 888/888/888
f 878/878/878 888/888/888 879/879/879
f 879/879/879 888/888/888 889/889/889
f 879/879/879 889/889/889 880/880/880
f 880/880/880 889/889/889 890/890/890
f 880/880/880 890/890/890 881/881/881
f 881/881/881 890/890/890 891/891/891
f 881/881/881 891/891/891 882/882/882
f 882/882/882 891/891/891 892/892/892
f 882/882/882 892/892/892 883/883/883
f 883/883/883 892/892/892 893/893/893
f 883/883/883 893/893/893 884/884/884
f 884/884/884 893/893/893 894/894/894
f 884/884/884 894/894/894 885/885/885
f 886/886/886 895/895/895 896/896/896
f 886/886/886 896/896/896 887/887/887
f 887/887/887 896/896/896 897/897/897
f 887/887/887 897/897/897 888/888/888
f 888/888/888 897/897/897 898/898/898
f 888/888/888 898/898/898 889/889/889
f 889/889/889 898/898/898 899/899/899
f 889/889/889 899/899/899 890/890/890
f 890/890/890 899/899/899 900/900/900
f 890/890/890 900/900/900 891/891/891
f 891/891/891 900/900/900 901/901/901
f 891/891/891 901/901/901 892/892/892
f 892/892/892 901/901/901 902/902/902
f 892/892/892 902/902/902 893/893/893
f 893/893/893 902/902/902 903/903/903
f 893/893/893 903/903/903 894/894/894
f 895/895/895 904/904/904 905/905/905
f 895/895/895 905/905/905 896/896/896
f 896/896/896 905/905/905 906/906/906
f 896/896/896 906/906/906 897/897/897
f 897/897/897 906/906/906 907/907/907
f 897/897/897 907/907/907 898/898/898
f 898/898/898 907/907/907 908/908/908
f 898/898/898 908/908/908 899/899/899
f 899/899/899 908/908/908 909/909/909
f 899/899/899 909/909/909 900/900/900
f 900/900/900 909/909/909 910/910/910
f 900/900/900 910/910/910 901/901/901
f 901/901/901 910/910/910 911/911/911
f 901/901/901 911/911/911 902/902/902
f 902/902/902 911/911/911 912/912/912
f 902/902/902 912/912/912 903/903/903
f 904/904/904 913/913/913 914/914/914
f 904/904/904 914/914/914 905/905/905
f 905/905/905 914/914/914 915/915/915
f 905/905/905 915/915/915 906/906/906
f 906/906/906 915/915/915 916/916/916
f 906/906/906 916/916/916 907/907/907
f 907/907/907 916/916/916 917/917/917
f 907/907/907 917/917/917 908/908/908
f 908/908/908 917/917/917 918/918/918
f 908/908/908 918/918/918 909/909/909
f 909/909/909 918/918/918 919/919/919
f 909/909/909 919/919/919 910/910/910
f 910/910/910 919/919/919 920/920/920
f 910/910/910 920/920/920 911/911/911
f 911/911/911 920/920/920 921/921/921
f 911/911/911 921/921/921 912/912/912
f 913/913/913 922/922/922 923/923/923
f 913/913/913 923/923/923 914/914/914
f 914/914/914 923/923/923 924/924/924
f 914/914/914 924/924/924 915/915/915
f 915/915/915 924/924/924 925/925/925
f 915/915/915 925/925/925 916/916/916
f 916/916/916 925/925/925 926/926/926
f 916/916/916 926/926/926 917/917/917
f 917/917/917 926/926/926 927/927/927
f 917/917/917 927/927/927 918/918/918
f 918/918/918 927/927/927 928/928/928
f 918/918/918 928/928/928 919/919/919
f 919/919/919 928/928/928 929/929/929
f 919/919/919 929/929/929 920/920/920
f 920/920/920 929/929/929 930/930/930
f 920/920/920 930/930/930 921/921/921
f 922/922/922 931/931/931 932/932/932
f 922/922/922 932/932/932 923/923/923
f 923/923/923 932/932/932 933/933/933
f 923/923/923 933/933/933 924/924/924
f 924/924/924 933/933/933 934/934/934
f 924/924/924 934/934/934 925/925/925
f 925/925/925 934/934/934 935/935/935
f 925/925/925 935/935/935 926/926/926
f 926/926/926 935/935/935 936/936/936
f 926/926/926 936/936/936 927/927/927
f 927/927/927 936/936/936 937/937/937
f 927/927/927 937/937/937 928/928/928
f 928/928/928 937/937/937 938/938/938
f 928/928/928 938/938/938 929/929/929
f 929/929/929 938/938/938 939/939/939
f 929/929/929 939/939/939 930/930/930
f 931/931/931 940/940/940 941/941/941
f 931/931/931 941/941/941 932/932/932
f 932/932/932 941/941/941 942/942/942
f 932/932/932 942/942/942 933/933/933
f 933/933/933 942/942/942 943/943/943
f 933/933/933 943/943/943 934/934/934
f 934/934/934 943/943/943 944/944/944
f 934/934/934 944/944/944 935/935/935
f 935/935/935 944/944/944 945/945/945
f 935/935/935 945/945/945 936/936/936
f 936/936/936 945/945/945 946/946/946
f 936/936/936 946/946/946 937/937/937
f 937/937/937 946/946/946 947/947/947
f 937/937/937 947/947/947 938/938/938
f 938/938/938 947/947/947 948/948/948
f 938/938/938 948/948/948 939/939/939
f 940/940/940 949/949/949 950/950/950
f 940/940/940 950/950/950 941/941/941
f 941/941/941 950/950/950 951/951/951
f 941/941/941 951/951/951 942/942/942
f 942/942/942 951/951/951 952/952/952
f 942/942/942 952/952/952 943/943/943
f 943/943/943 952/952/952 953/953/953
f 943/943/943 953/953/953 944/944/944
f 944/944/944 953/953/953 954/954/954
f 944/944/944 954/954/954 945/945/945
f 945/945/945 954/954/954 955/955/955
f 945/945/945 955/955/955 946/946/946
f 946/946/946 955/955/955 956/956/956
f 946/946/946 956/956/956 947/947/947
f 947/947/947 956/956/956 957/957/957
f 947/947/947 957/957/957 948/948/948
f 958/958/958 979/979/979 980/980/980
f 958/958/958 980/980/980 959/959/959
f 959/959/959 980/980/980 981/981/981
f 959/959/959 981/981/981 960/960/960
f 960/960/960 981/981/981 982/982/982
f 960/960/960 982/982/982 961/961/961
f 961/961/961 982/982/982 983/983/983
f 961/961/961 983/983/983 962/962/962
f 962/962/962 983/983/983 984/984/984
f 962/962/962 984/984/984 963/963/963
f 963/963/963 984/984/984 985/985/985
f 963/963/963 985/985/985 964/964/964
f 964/964/964 985/985/985 986/986/986
f 964/964/964 986/986/986 965/965/965
f 965/965/965 986/986/986 987/987/987
f 965/965/965 987/987/987 966/966/966
f 966/966/966 987/987/987 988/988/988
f 966/966/966 988/988/988 967/967/967
f 967/967/967 988/988/988 989/989/989
f 967/967/967 989/989/989 968/968/968
f 968/968/968 989/989/989 990/990/990
f 968/968/968 990/990/990 969/969/969
f 969/969/969 990/990/990 991/991/991
f 969/969/969 991/991/991 970/970/970
f 970/970/970 991/991/991 992/992/992
f 970/970/970 992/992/992 971/971/971
f 971/971/971 992/992/992 993/993/993
f 971/971/971 993/993/993 972/972/972
f 972/972/972 993/993/993 994/994/994
f 972/972/972 994/994/994 973/973/973
f 973/973/973 994/994/994 995/995/995
f 973/973/973 995/995/995 974/974/974
f 974/974/974 995/995/995 996/996/996
f 974/974/974 996/996/996 975/975/975
f 975/975/975 996/996/996 997/997/997
f 975/975/975 997/997/997 976/976/976
f 976/976/976 997/997/997 998/998/998
f 976/976/976 998/998/998 977/977/977
f 977/977/977 998/998/998 999/999/999
f 977/977/977 999/999/999 978/978/978
f 979/979/979 1000/1000/1000 1001/1001/1001
f 979/979/979 1001/1001/1001 980/980/980
f 980/980/980 1001/1001/1001 1002/1002/1002
f 980/980/980 1002/1002/1002 981/981/981
f 981/981/981 1002/1002/1002 1003/1003/1003
f 981/981/981 1003/1003/1003 982/982/982
f 982/982/982 1003/1003/1003 1004/1004/1004
f 982/982/982 1004/1004/1004 983/983/983
f 983/983/983 1004/1004/1004 1005/1005/1005
f 983/983/983 1005/1005/1005 984/984/984
f 984/984/984 1005/1005/1005 1006/1006/1006
f 984/984/984 1006/1006/1006 985/985/985
f 985/985/985 1006/1006/1006 1007/1007/1007
f 985/985/985 1007/1007/1007 986/986/986
f 986/986/986 1007/1007/1007 1008/1008/1008
f 986/986/986 1008/1008/1008 987/987/987
f 987/987/987 1008/1008/1008 1009/1009/1009
f 987/987/987 1009/1009/1009 988/988/988
f 988/988/988 1009/1009/1009 1010/1010/1010
f 988/988/988 1010/1010/1010 989/989/989
f 989/989/989 1010/1010/1010 1011/1011/1011
f 989/989/989 1011/1011/1011 990/990/990
f 990/990/990 1011/1011/1011 1012/1012/1012
f 990/990/990 1012/1012/1012 991/991/991
f 991/991/991 1012/1012/1012 1013/1013/1013
f 991/991/991 1013/1013/1013 992/992/992
f 992/992/992 1013/1013/1013 1014/1014/1014
f 992/992/992 1014/1014/1014 993/993/993
f 993/993/993 1014/1014/1014 1015/1015/1015
f 993/993/993 1015/1015/1015 994/994/994
f 994/994/994 1015/1015/1015 1016/1016/1016
f 994/994/994 1016/1016/1016 995/995/995
f 995/995/995 1016/1016/1016 1017/1017/1017
f 995/995/995 1017/1017/1017 996/996/996
f 996/996/996 1017/1017/1017 1018/1018/1018
f 996/996/996 1018/1018/1018 997/997/997
f 997/997/997 1018/1018/1018 1019/1019/1019
f 997/997/997 1019/1019/1019 998/998/998
f 998/998/998 1019/1019/1019 1020/1020/1020
f 998/998/998 1020/1020/1020 999/999/999
f 1000/1000/1000 1021/1021/1021 1022/1022/1022
f 1000/1000/1000 1022/1022/1022 1001/1001/1001
f 1001/1001/1001 1022/1022/1022 1023/1023/1023
f 1001/1001/1001 1023/1023/1023 1002/1002/1002
f 1002/1002/1002 1023/1023/1023 1024/1024/1024
f 1002/1002/1002 1024/1024/1024 1003/1003/1003
f 1003/1003/1003 1024/1024/1024 1025/1025/1025
f 1003/1003/1003 1025/1025/1025 1004/1004/1004
f 1004/1004/1004 1025/1025/1025 1026/1026/1026
f 1004/1004/1004 1026/1026/1026 1005/1005/1005
f 1005/1005/1005 1026/1026/1026 1027/1027/1027
f 1005/1005/1005 1027/1027/1027 1006/1006/1006
f 1006/1006/1006 1027/1027/1027 1028/1028/1028
f 1006/1006/1006 1028/1028/1028 1007/1007/1007
f 1007/1007/1007 1028/1028/1028 1029/1029/1029
f 1007/1007/1007 1029/1029/1029 1008/1008/1008
f 1008/1008/1008 1029/1029/1029 1030/1030/1030
f 1008/1008/1008 1030/1030/1030 1009/1009/1009
f 1009/1009/1009 1030/1030/1030 1031/1031/1031
f 1009/1009/1009 1031/1031/1031 1010/1010/1010
f 1010/1010/1010 1031/1031/1031 1032/1032/1032
f 1010/1010/1010 1032/1032/1032 1011/1011/1011
f 1011/1011/1011 1032/1032/1032 1033/1033/1033
f 1011/1011/1011 1033/1033/1033 1012/1012/1012
f 1012/1012/1012 1033/1033/1033 1034/1034/1034
f 1012/1012/1012 1034/1034/1034 1013/1013/1013
f 1013/1013/1013 1034/1034/1034 1035/1035/1035
f 1013/1013/1013 1035/1035/1035 1014/1014/1014
f 1014/1014/1014 1035/1035/1035 1036/1036/1036
f 1014/1014/1014 1036/1036/1036 1015/1015/1015
f 1015/1015/1015 1036/1036/1036 1037/1037/1037
f 1015/1015/1015 1037/1037/1037 1016/1016/1016
f 1016/1016/1016 1037/1037/1037 1038/1038/1038
f 1016/1016/1016 1038/1038/1038 1017/1017/1017
f 1017/1017/1017 1038/1038/1038 1039/1039/1039
f 1017/1017/1017 1039/1039/1039 1018/1018/1018
f 1018/1018/1018 1039/1039/1039 1040/1040/1040
f 1018/1018/1018 1040/1040/1040 1019/1019/1019
f 1019/1019/1019 1040/1040/1040 1041/1041/1041
f 1019/1019/1019 1041/1041/1041 1020/1020/1020
f 1021/1021/1021 1042/1042/1042 1043/1043/1043
f 1021/1021/1021 1043/1043/1043 1022/1022/1022
f 1022/1022/1022 1043/1043/1043 1044/1044/1044
f 1022/1022/1022 1044/1044/1044 1023/1023/1023
f 1023/1023/1023 1044/1044/1044 1045/1045/1045
f 1023/1023/1023 1045/1045/1045 1024/1024/1024
f 1024/1024/1024 1045/1045/1045 1046/1046/1046
f 1024/1024/1024 1046/1046/1046 1025/1025/1025
f 1025/1025/1025 1046/1046/1046 1047/1047/1047
f 1025/1025/1025 1047/1047/1047 1026/1026/1026
f 1026/1026/1026 1047/1047/1047 1048/1048/1048
f 1026/1026/1026 1048/1048/1048 1027/1027/1027
f 1027/1027/1027 1048/1048/1048 1049/1049/1049
f 1027/1027/1027 1049/1049/1049 1028/1028/1028
f 1028/1028/1028 1049/1049/1049 1050/1050/1050
f 1028/1028/1028 1050/1050/1050 1029/1029/1029
f 1029/1029/1029 1050/1050/1050 1051/1051/1051
f 1029/1029/1029 1051/1051/1051 1030/1030/1030
f 1030/1030/1030 1051/1051/1051 1052/1052/1052
f 1030/1030/1030 1052/1052/1052 1031/1031/1031
f 1031/1031/1031 1052/1052/1052 1053/1053/1053
f 1031/1031/1031 1053/1053/1053 1032/1032/1032
f 1032/1032/1032 1053/1053/1053 1054/1054/1054
f 1032/1032/1032 1054/1054/1054 1033/1033/1033
f 1033/1033/1033 1054/1054/1054 1055/1055/1055
f 1033/1033/1033 1055/1055/1055 1034/1034/1034
f 1034/1034/1034 1055/1055/1055 1056/1056/1056
f 1034/1034/1034 1056/1056/1056 1035/1035/1035
f 1035/1035/1035 1056/1056/1056 1057/1057/1057
f 1035/1035/1035 1057/1057/1057 1036/1036/1036
f 1036/1036/1036 1057/1057/1057 1058/1058/1058
f 1036/1036/1036 1058/1058/1058 1037/1037/1037
f 1037/1037/1037 1058/1058/1058 1059/1059/1059
f 1037/1037/1037 1059/1059/1059 1038/1038/1038
f 1038/1038/1038 1059/1059/1059 1060/1060/1060
f 1038/1038/1038 1060/1060/1060 1039/1039/1039
f 1039/1039/1039 1060/1060/1060 1061/1061/1061
f 1039/1039/1039 1061/1061/1061 1040/1040/1040
f 1040/1040/1040 1061/1061/1061 1062/1062/1062
f 1040/1040/1040 1062/1062/1062 1041/1041/1041
f 1042/1042/1042 1063/1063/1063 1064/1064/1064
f 1042/1042/1042 1064/1064/1064 1043/1043/1043
f 1043/1043/1043 1064/1064/1064 1065/1065/1065
f 1043/1043/1043 1065/1065/1065 1044/1044/1044
f 1044/1044/1044 1065/1065/1065 1066/1066/1066
f 1044/1044/1044 1066/1066/1066 1045/1045/1045
f 1045/1045/1045 1066/1066/1066 1067/1067/1067
f 1045/1045/1045 1067/1067/1067 1046/1046/1046
f 1046/1046/1046 1067/1067/1067 1068/1068/1068
f 1046/1046/1046 1068/1068/1068 1047/1047/1047
f 1047/1047/1047 1068/1068/1068 1069/1069/1069
f 1047/1047/1047 1069/1069/1069 1048/1048/1048
f 1048/1048/1048 1069/1069/1069 1070/1070/1070
f 1048/1048/1048 1070/1070/1070 1049/1049/1049
f 1049/1049/1049 1070/1070/1070 1071/1071/1071
f 1049/1049/1049 1071/1071/1071 1050/1050/1050
f 1050/1050/1050 1071/1071/1071 1072/1072/1072
f 1050/1050/1050 1072/1072/1072 1051/1051/1051
f 1051/1051/1051 1072/1072/1072 1073/1073/1073
f 1051/1051/1051 1073/1073/1073 1052/1052/1052
f 1052/1052/1052 1073/1073/1073 1074/1074/1074
f 1052/1052/1052 1074/1074/1074 1053/1053/1053
f 1053/1053/1053 1074/1074/1074 1075/1075/1075
f 1053/1053/1053 1075/1075/1075 1054/1054/1054
f 1054/1054/1054 1075/1075/1075 1076/1076/1076
f 1054/1054/1054 1076/1076/1076 1055/1055/1055
f 1055/1055/1055 1076/1076/1076 1077/1077/1077
f 1055/1055/1055 1077/1077/1077 1056/1056/1056
f 1056/1056/1056 1077/1077/1077 1078/1078/1078
f 1056/1056/1056 1078/1078/1078 1057/1057/1057
f 1057/1057/1057 1078/1078/1078 1079/1079/1079
f 1057/1057/1057 1079/1079/1079 1058/1058/1058
f 1058/1058/1058 1079/1079/1079 1080/1080/1080
f 1058/1058/1058 1080/1080/1080 1059/1059/1059
f 1059/1059/1059 1080/1080/1080 1081/1081/1081
f 1059/1059/1059 1081/1081/1081 1060/1060/1060
f 1060/1060/1060 1081/1081/1081 1082/1082/1082
f 1060/1060/1060 1082/1082/1082 1061/1061/1061
f 1061/1061/1061 1082/1082/1082 1083/1083/1083
f 1061/1061/1061 1083/1083/1083 1062/1062/1062
f 1063/1063/1063 1084/1084/1084 1085/1085/1085
f 1063/1063/1063 1085/1085/1085 1064/1064/1064
f 1064/1064/1064 1085/1085/1085 1086/1086/1086
f 1064/1064/1064 1086/1086/1086 1065/1065/1065
f 1065/1065/1065 1086/1086/1086 1087/1087/1087
f 1065/1065/1065 1087/1087/1087 1066/1066/1066
f 1066/1066/1066 1087/1087/1087 1088/1088/1088
f 1066/1066/1066 1088/1088/1088 1067/1067/1067
f 1067/1067/1067 1088/1088/1088 1089/1089/1089
f 1067/1067/1067 1089/1089/1089 1068/1068/1068
f 1068/1068/1068 1089/1089/1089 1090/1090/1090
f 1068/1068/1068 1090/1090/1090 1069/1069/1069
f 1069/1069/1069 1090/1090/1090 1091/1091/1091
f 1069/1069/1069 1091/1091/1091 1070/1070/1070
f 1070/1070/1070 1091/1091/1091 1092/1092/1092
f 1070/1070/1070 1092/1092/1092 1071/1071/1071
f 1071/1071/1071 1092/1092/1092 1093/1093/1093
f 1071/1071/1071 1093/1093/1093 1072/1072/1072
f 1072/1072/1072 1093/1093/1093 1094/1094/1094
f 1072/1072/1072 1094/1094/1094 1073/1073/1073
f 1073/1073/1073 1094/1094/1094 1095/1095/1095
f 1073/1073/1073 1095/1095/1095 1074/1074/1074
f 1074/1074/1074 1095/1095/1095 1096/1096/1096
f 1074/1074/1074 1096/1096/1096 1075/1075/1075
f 1075/1075/1075 1096/1096/1096 1097/1097/1097
f 1075/1075/1075 1097/1097/1097 1076/1076/1076
f 1076/1076/1076 1097/1097/1097 1098/1098/1098
f 1076/1076/1076 1098/1098/1098 1077/1077/1077
f 1077/1077/1077 1098/1098/1098 1099/1099/1099
f 1077/1077/1077 1099/1099/1099 1078/1078/1078
f 1078/1078/1078 1099/1099/1099 1100/1100/1100
f 1078/1078/1078 1100/1100/1100 1079/1079/1079
f 1079/1079/1079 1100/1100/1100 1101/1101/1101
f 1079/1079/1079 1101/1101/1101 1080/1080/1080
f 1080/1080/1080 1101/1101/1101 1102/1102/1102
f 1080/1080/1080 1102/1102/1102 1081/1081/1081
f 1081/1081/1081 1102/1102/1102 1103/1103/1103
f 1081/1081/1081 1103/1103/1103 1082/1082/1082
f 1082/1082/1082 1103/1103/1103 1104/1104/1104
f 1082/1082/1082 1104/1104/1104 1083/1083/1083
f 1084/1084/1084 1105/1105/1105 1106/1106/1106
f 1084/1084/1084 1106/1106/1106 1085/1085/1085
f 1085/1085/1085 1106/1106/1106 1107/1107/1107
f 1085/1085/1085 1107/1107/1107 1086/1086/1086
f 1086/1086/1086 1107/1107/1107 1108/1108/1108
f 1086/1086/1086 1108/1108/1108 1087/1087/1087
f 1087/1087/1087 1108/1108/1108 1109/1109/1109
f 1087/1087/1087 1109/1109/1109 1088/1088/1088
f 1088/1088/1088 1109/1109/1109 1110/1110/1110
f 1088/1088/1088 1110/1110/1110 1089/1089/1089
f 1089/1089/1089 1110/1110/1110 1111/1111/1111
f 1089/1089/1089 1111/1111/1111 1090/1090/1090
f 1090/1090/1090 1111/1111/1111 1112/1112/1112
f 1090/1090/1090 1112/1112/1112 1091/1091/1091
f 1091/1091/1091 1112/1112/1112 1113/1113/1113
f 1091/1091/1091 1113/1113/1113 1092/1092/1092
f 1092/1092/1092 1113/1113/1113 1114/1114/1114
f 1092/1092/1092 1114/1114/1114 1093/1093/1093
f 1093/1093/1093 1114/1114/1114 1115/1115/1115
f 1093/1093/1093 1115/1115/1115 1094/1094/1094
f 1094/1094/1094 1115/1115/1115 1116/1116/1116
f 1094/1094/1094 1116/1116/1116 1095/1095/1095
f 1095/1095/1095 1116/1116/1116 1117/1117/1117
f 1095/1095/1095 1117/1117/1117 1096/1096/1096
f 1096/1096/1096 1117/1117/1117 1118/1118/1118
f 1096/1096/1096 1118/1118/1118 1097/1097/1097
f 1097/1097/1097 1118/1118/1118 1119/1119/1119
f 1097/1097/1097 1119/1119/1119 1098/1098/1098
f 1098/1098/1098 1119/1119/1119 1120/1120/1120
f 1098/1098/1098 1120/1120/1120 1099/1099/1099
f 1099/1099/1099 1120/1120/1120 1121/1121/1121
f 1099/1099/1099 1121/1121/1121 1100/1100/1100
f 1100/1100/1100 1121/1121/1121 1122/1122/1122
f 1100/1100/1100 1122/1122/1122 1101/1101/1101
f 1101/1101/1101 1122/1122/1122 1123/1123/1123
f 1101/1101/1101 1123/1123/1123 1102/1102/1102
f 1102/1102/1102 1123/1123/1123 1124/1124/1124
f 1102/1102/1102 1124/1124/1124 1103/1103/1103
f 1103/1103/1103 1124/1124/1124 1125/1125/1125
f 1103/1103/1103 1125/1125/1125 1104/1104/1104
f 1105/1105/1105 1126/1126/1126 1127/1127/1127
f 1105/1105/1105 1127/1127/1127 1106/1106/1106
f 1106/1106/1106 1127/1127/1127 1128/1128/1128
f 1106/1106/1106 1128/1128/1128 1107/1107/1107
f 1107/1107/1107 1128/1128/1128 1129/1129/1129
f 1107/1107/1107 1129/1129/1129 1108/1108/1108
f 1108/1108/1108 1129/1129/1129 1130/1130/1130
f 1108/1108/1108 1130/1130/1130 1109/1109/1109
f 1109/1109/1109 1130/1130/1130 1131/1131/1131
f 1109/1109/1109 1131/1131/1131 1110/1110/1110
f 1110/1110/1110 1131/1131/1131 1132/1132/1132
f 1110/1110/1110 1132/1132/1132 1111/1111/1111
f 1111/1111/1111 1132/1132/1132 1133/1133/1133
f 1111/1111/1111 1133/1133/1133 1112/1112/1112
f 1112/1112/1112 1133/1133/1133 1134/1134/1134
f 1112/1112/1112 1134/1134/1134 1113/1113/1113
f 1113/1113/1113 1134/1134/1134 1135/1135/1135
f 1113/1113/1113 1135/1135/1135 1114/1114/1114
f 1114/1114/1114 1135/1135/1135 1136/1136/1136
f 1114/1114/1114 1136/1136/1136 1115/1115/1115
f 1115/1115/1115 1136/1136/1136 1137/1137/1137
f 1115/1115/1115 1137/1137/1137 1116/1116/1116
f 1116/1116/1116 1137/1137/1137 1138/1138/1138
f 1116/1116/1116 1138/1138/1138 1117/1117/1117
f 1117/1117/1117 1138/1138/1138 1139/1139/1139
f 1117/1117/1117 1139/1139/1139 1118/1118/1118
f 1118/1118/1118 1139/1139/1139 1140/1140/1140
f 1118/1118/1118 1140/1140/1140 1119/1119/1119
f 1119/1119/1119 1140/1140/1140 1141/1141/1141
f 1119/1119/1119 1141/1141/1141 1120/1120/1120
f 1120/1120/1120 1141/1141/1141 1142/1142/1142
f 1120/1120/1120 1142/1142/1142 1121/1121/1121
f 1121/1121/1121 1142/1142/1142 1143/1143/1143
f 1121/1121/1121 1143/1143/1143 1122/1122/1122
f 1122/1122/1122 1143/1143/1143 1144/1144/1144
f 1122/1122/1122 1144/1144/1144 1123/1123/1123
f 1123/1123/1123 1144/1144/1144 1145/1145/1145
f 1123/1123/1123 1145/1145/1145 1124/1124/1124
f 1124/1124/1124 1145/1145/1145 1146/1146/1146
f 1124/1124/1124 1146/1146/1146 1125/1125/1125
f 1126/1126/1126 1147/1147/1147 1148/1148/1148
f 1126/1126/1126 1148/1148/1148 1127/1127/1127
f 1127/1127/1127 1148/1148/1148 1149/1149/1149
f 1127/1127/1127 1149/1149/1149 1128/1128/1128
f 1128/1128/1128 1149/1149/1149 1150/1150/1150
f 1128/1128/1128 1150/1150/1150 1129/1129/1129
f 1129/1129/1129 1150/1150/1150 1151/1151/1151
f 1129/1129/1129 1151/1151/1151 1130/1130/1130
f 1130/1130/1130 1151/1151/1151 1152/1152/1152
f 1130/1130/1130 1152/1152/1152 1131/1131/1131
f 1131/1131/1131 1152/1152/1152 1153/1153/1153
f 1131/1131/1131 1153/1153/1153 1132/1132/1132
f 1132/1132/1132 1153/1153/1153 1154/1154/1154
f 1132/1132/1132 1154/1154/1154 1133/1133/1133
f 1133/1133/1133 1154/1154/1154 1155/1155/1155
f 1133/1133/1133 1155/1155/1155 1134/1134/1134
f 1134/1134/1134 1155/1155/1155 1156/1156/1156
f 1134/1134/1134 1156/1156/1156 1135/1135/1135
f 1135/1135/1135 1156/1156/1156 1157/1157/1157
f 1135/1135/1135 1157/1157/1157 1136/1136/1136
f 1136/1136/1136 1157/1157/1157 1158/1158/1158
f 1136/1136/1136 1158/1158/1158 1137/1137/1137
f 1137/1137/1137 1158/1158/1158 1159/1159/1159
f 1137/1137/1137 1159/1159/1159 1138/1138/1138
f 1138/1138/1138 1159/1159/1159 1160/1160/1160
f 1138/1138/1138 1160/1160/1160 1139/1139/1139
f 1139/1139/1139 1160/1160/1160 1161/1161/1161
f 1139/1139/1139 1161/1161/1161 1140/1140/1140
f 1140/1140/1140 1161/1161/1161 1162/1162/1162
f 1140/1140/1140 1162/1162/1162 1141/1141/1141
f 1141/1141/1141 1162/1162/1162 1163/1163/1163
f 1141/1141/1141 1163/1163/1163 1142/1142/1142
f 1142/1142/1142 1163/1163/1163 1164/1164/1164
f 1142/1142/1142 1164/1164/1164 1143/1143/1143
f 1143/1143/1143 1164/1164/1164 1165/1165/1165
f 1143/1143/1143 1165/1165/1165 1144/1144/1144
f 1144/1144/1144 1165/1165/1165 1166/1166/1166
f 1144/1144/1144 1166/1166/1166 1145/1145/1145
f 1145/1145/1145 1166/1166/1166 1167/1167/1167
f 1145/1145/1145 1167/1167/1167 1146/1146/1146
f 1147/1147/1147 1168/1168/1168 1169/1169/1169
f 1147/1147/1147 1169/1169/1169 1148/1148/1148
f 1148/1148/1148 1169/1169/1169 1170/1170/1170
f 1148/1148/1148 1170/1170/1170 1149/1149/1149
f 1149/1149/1149 1170/1170/1170 1171/1171/1171
f 1149/1149/1149 1171/1171/1171 1150/1150/1150
f 1150/1150/1150 1171/1171/1171 1172/1172/1172
f 1150/1150/1150 1172/1172/1172 1151/1151/1151
f 1151/1151/1151 1172/1172/1172 1173/1173/1173
f 1151/1151/1151 1173/1173/1173 1152/1152/1152
f 1152/1152/1152 1173/1173/1173 1174/1174/1174
f 1152/1152/1152 1174/1174/1174 1153/1153/1153
f 1153/1153/1153 1174/1174/1174 1175/1175/1175
f 1153/1153/1153 1175/1175/1175 1154/1154/1154
f 1154/1154/1154 1175/1175/1175 1176/1176/1176
f 1154/1154/1154 1176/1176/1176 1155/1155/1155
f 1155/1155/1155 1176/1176/1176 1177/1177/1177
f 1155/1155/1155 1177/1177/1177 1156/1156/1156
f 1156/1156/1156 1177/1177/1177 1178/1178/1178
f 1156/1156/1156 1178/1178/1178 1157/1157/1157
f 1157/1157/1157 1178/1178/1178 1179/1179/1179
f 1157/1157/1157 1179/1179/1179 1158/1158/1158
f 1158/1158/1158 1179/1179/1179 1180/1180/1180
f 1158/1158/1158 1180/1180/1180 1159/1159/1159
f 1159/1159/1159 1180/1180/1180 1181/1181/1181
f 1159/1159/1159 1181/1181/1181 1160/1160/1160
f 1160/1160/1160 1181/1181/1181 1182/1182/1182
f 1160/1160/1160 1182/1182/1182 1161/1161/1161
f 1161/1161/1161 1182/1182/1182 1183/1183/1183
f 1161/1161/1161 1183/1183/1183 1162/1162/1162
f 1162/1162/1162 1183/1183/1183 1184/1184/1184
f 1162/1162/1162 1184/1184/1184 1163/1163/1163
f 1163/1163/1163 1184/1184/1184 1185/1185/1185
f 1163/1163/1163 1185/1185/1185 1164/1164/1164
f 1164/1164/1164 1185/1185/1185 1186/1186/1186
f 1164/1164/1164 1186/1186/1186 1165/1165/1165
f 1165/1165/1165 1186/1186/1186 1187/1187/1187
f 1165/1165/1165 1187/1187/1187 1166/1166/1166
f 1166/1166/1166 1187/1187/1187 1188/1188/1188
f 1166/1166/1166 1188/1188/1188 1167/1167/1167
f 1168/1168/1168 1189/1189/1189 1190/1190/1190
f 1168/1168/1168 1190/1190/1190 1169/1169/1169
f 1169/1169/1169 1190/1190/1190 1191/1191/1191
f 1169/1169/1169 1191/1191/1191 1170/1170/1170
f 1170/1170/1170 1191/1191/1191 1192/1192/1192
f 1170/1170/1170 1192/1192/1192 1171/1171/1171
f 1171/1171/1171 1192/1192/1192 1193/1193/1193
f 1171/1171/1171 1193/1193/1193 1172/1172/1172
f 1172/1172/1172 1193/1193/1193 1194/1194/1194
f 1172/1172/1172 1194/1194/1194 1173/1173/1173
f 1173/1173/1173 1194/1194/1194 1195/1195/1195
f 1173/1173/1173 1195/1195/1195 1174/1174/1174
f 1174/1174/1174 1195/1195/1195 1196/1196/1196
f 1174/1174/1174 1196/1196/1196 1175/1175/1175
f 1175/1175/1175 1196/1196/1196 1197/1197/1197
f 1175/1175/1175 1197/1197/1197 1176/1176/1176
f 1176/1176/1176 1197/1197/1197 1198/1198/1198
f 1176/1176/1176 1198/1198/1198 1177/1177/1177
f 1177/1177/1177 1198/1198/1198 1199/1199/1199
f 1177/1177/1177 1199/1199/1199 1178/1178/1178
f 1178/1178/1178 1199/1199/1199 1200/1200/1200
f 1178/1178/1178 1200/1200/1200 1179/1179/1179
f 1179/1179/1179 1200/1200/1200 1201/1201/1201
f 1179/1179/1179 1201/1201/1201 1180/1180/1180
f 1180/1180/1180 1201/1201/1201 1202/1202/1202
f 1180/1180/1180 1202/1202/1202 1181/1181/1181
f 1181/1181/1181 1202/1202/1202 1203/1203/1203
f 1181/1181/1181 1203/1203/1203 1182/1182/1182
f 1182/1182/1182 1203/1203/1203 1204/1204/1204
f 1182/1182/1182 1204/1204/1204 1183/1183/1183
f 1183/1183/1183 1204/1204/1204 1205/1205/1205
f 1183/1183/1183 1205/1205/1205 1184/1184/1184
f 1184/1184/1184 1205/1205/1205 1206/1206/1206
f 1184/1184/1184 1206/1206/1206 1185/1185/1185
f 1185/1185/1185 1206/1206/1206 1207/1207/1207
f 1185/1185/1185 1207/1207/1207 1186/1186/1186
f 1186/1186/1186 1207/1207/1207 1208/1208/1208
f 1186/1186/1186 1208/1208/1208 1187/1187/1187
f 1187/1187/1187 1208/1208/1208 1209/1209/1209
f 1187/1187/1187 1209/1209/1209 1188/1188/1188
f 1189/1189/1189 1210/1210/1210 1211/1211/1211
f 1189/1189/1189 1211/1211/1211 1190/1190/1190
f 1190/1190/1190 1211/1211/1211 1212/1212/1212
f 1190/1190/1190 1212/1212/1212 1191/1191/1191
f 1191/1191/1191 1212/1212/1212 1213/1213/1213
f 1191/1191/1191 1213/1213/1213 1192/1192/1192
f 1192/1192/1192 1213/1213/1213 1214/1214/1214
f 1192/1192/1192 1214/1214/1214 1193/1193/1193
f 1193/1193/1193 1214/1214/1214 1215/1215/1215
f 1193/1193/1193 1215/1215/1215 1194/1194/1194
f 1194/1194/1194 1215/1215/1215 1216/1216/1216
f 1194/1194/1194 1216/1216/1216 1195/1195/1195
f 1195/1195/1195 1216/1216/1216 1217/1217/1217
f 1195/1195/1195 1217/1217/1217 1196/1196/1196
f 1196/1196/1196 1217/1217/1217 1218/1218/1218
f 1196/1196/1196 1218/1218/1218 1197/1197/1197
f 1197/1197/1197 1218/1218/1218 1219/1219/1219
f 1197/1197/1197 1219/1219/1219 1198/1198/1198
f 1198/1198/1198 1219/1219/1219 1220/1220/1220
f 1198/1198/1198 1220/1220/1220 1199/1199/1199
f 1199/1199/1199 1220/1220/1220 1221/1221/1221
f 1199/1199/1199 1221/1221/1221 1200/1200/1200
f 1200/1200/1200 1221/1221/1221 1222/1222/1222
f 1200/1200/1200 1222/1222/1222 1201/1201/1201
f 1201/1201/1201 1222/1222/1222 1223/1223/1223
f 1201/1201/1201 1223/1223/1223 1202/1202/1202
f 1202/1202/1202 1223/1223/1223 1224/1224/1224
f 1202/1202/1202 1224/1224/1224 1203/1203/1203
f 1203/1203/1203 1224/1224/1224 1225/1225/1225
f 1203/1203/1203 1225/1225/1225 1204/1204/1204
f 1204/1204/1204 1225/1225/1225 1226/1226/1226
f 1204/1204/1204 1226/1226/1226 1205/1205/1205
f 1205/1205/1205 1226/1226/1226 1227/1227/1227
f 1205/1205/1205 1227/1227/1227 1206/1206/1206
f 1206/1206/1206 1227/1227/1227 1228/1228/1228
f 1206/1206/1206 1228/1228/1228 1207/1207/1207
f 1207/1207/1207 1228/1228/1228 1229/1229/1229
f 1207/1207/1207 1229/1229/1229 1208/1208/1208
f 1208/1208/1208 1229/1229/1229 1230/1230/1230
f 1208/1208/1208 1230/1230/1230 1209/1209/1209
f 1210/1210/1210 1231/1231/1231 1232/1232/1232
f 1210/1210/1210 1232/1232/1232 1211/1211/1211
f 1211/1211/1211 1232/1232/1232 1233/1233/1233
f 1211/1211/1211 1233/1233/1233 1212/1212/1212
f 1212/1212/1212 1233/1233/1233 1234/1234/1234
f 1212/1212/1212 1234/1234/1234 1213/1213/1213
f 1213/1213/1213 1234/1234/1234 1235/1235/1235
f 1213/1213/1213 1235/1235/1235 1214/1214/1214
f 1214/1214/1214 1235/1235/1235 1236/1236/1236
f 1214/1214/1214 1236/1236/1236 1215/1215/1215
f 1215/1215/1215 1236/1236/1236 1237/1237/1237
f 1215/1215/1215 1237/1237/1237 1216/1216/1216
f 1216/1216/1216 1237/1237/1237 1238/1238/1238
f 1216/1216/1216 1238/1238/1238 1217/1217/1217
f 1217/1217/1217 1238/1238/1238 1239/1239/1239
f 1217/1217/1217 1239/1239/1239 1218/1218/1218
f 1218/1218/1218 1239/1239/1239 1240/1240/1240
f 1218/1218/1218 1240/1240/1240 1219/1219/1219
f 1219/1219/1219 1240/1240/1240 1241/1241/1241
f 1219/1219/1219 1241/1241/1241 1220/1220/1220
f 1220/1220/1220 1241/1241/1241 1242/1242/1242
f 1220/1220/1220 1242/1242/1242 1221/1221/1221
f 1221/1221/1221 1242/1242/1242 1243/1243/1243
f 1221/1221/1221 1243/1243/1243 1222/1222/1222
f 1222/1222/1222 1243/1243/1243 1244/1244/1244
f 1222/1222/1222 1244/1244/1244 1223/1223/1223
f 1223/1223/1223 1244/1244/1244 1245/1245/1245
f 1223/1223/1223 1245/1245/1245 1224/1224/1224
f 1224/1224/1224 1245/1245/1245 1246/1246/1246
f 1224/1224/1224 1246/1246/1246 1225/1225/1225
f 1225/1225/1225 1246/1246/1246 1247/1247/1247
f 1225/1225/1225 1247/1247/1247 1226/1226/1226
f 1226/1226/1226 1247/1247/1247 1248/1248/1248
f 1226/1226/1226 1248/1248/1248 1227/1227/1227
f 1227/1227/1227 1248/1248/1248 1249/1249/1249
f 1227/1227/1227 1249/1249/1249 1228/1228/1228
f 1228/1228/1228 1249/1249/1249 1250/1250/1250
f 1228/1228/1228 1250/1250/1250 1229/1229/1229
f 1229/1229/1229 1250/1250/1250 1251/1251/1251
f 1229/1229/1229 1251/1251/1251 1230/1230/1230
f 1231/1231/1231 1252/1252/1252 1253/1253/1253
f 1231/1231/1231 1253/1253/1253 1232/1232/1232
f 1232/1232/1232 1253/1253/1253 1254/1254/1254
f 1232/1232/1232 1254/1254/1254 1233/1233/1233
f 1233/1233/1233 1254/1254/1254 1255/1255/1255
f 1233/1233/1233 1255/1255/1255 1234/1234/1234
f 1234/1234/1234 1255/1255/1255 1256/1256/1256
f 1234/1234/1234 1256/1256/1256 1235/1235/1235
f 1235/1235/1235 1256/1256/1256 1257/1257/1257
f 1235/1235/1235 1257/1257/1257 1236/1236/1236
f 1236/1236/1236 1257/1257/1257 1258/1258/1258
f 1236/1236/1236 1258/1258/1258 1237/1237/1237
f 1237/1237/1237 1258/1258/1258 1259/1259/1259
f 1237/1237/1237 1259/1259/1259 1238/1238/1238
f 1238/1238/1238 1259/1259/1259 1260/1260/1260
f 1238/1238/1238 1260/1260/1260 1239/1239/1239
f 1239/1239/1239 1260/1260/1260 1261/1261/1261
f 1239/1239/1239 1261/1261/1261 1240/1240/1240
f 1240/1240/1240 1261/1261/1261 1262/1262/1262
f 1240/1240/1240 1262/1262/1262 1241/1241/1241
f 1241/1241/1241 1262/1262/1262 1263/1263/1263
f 1241/1241/1241 1263/1263/1263 1242/1242/1242
f 1242/1242/1242 1263/1263/1263 1264/1264/1264
f 1242/1242/1242 1264/1264/1264 1243/1243/1243
f 1243/1243/1243 1264/1264/1264 1265/1265/1265
f 1243/1243/1243 1265/1265/1265 1244/1244/1244
f 1244/1244/1244 1265/1265/1265 1266/1266/1266
f 1244/1244/1244 1266/1266/1266 1245/1245/1245
f 1245/1245/1245 1266/1266/1266 1267/1267/1267
f 1245/1245/1245 1267/1267/1267 1246/1246/1246
f 1246/1246/1246 1267/1267/1267 1268/1268/1268
f 1246/1246/1246 1268/1268/1268 1247/1247/1247
f 1247/1247/1247 1268/1268/1268 1269/1269/1269
f 1247/1247/1247 1269/1269/1269 1248/1248/1248
f 1248/1248/1248 1269/1269/1269 1270/1270/1270
f 1248/1248/1248 1270/1270/1270 1249/1249/1249
f 1249/1249/1249 1270/1270/1270 1271/1271/1271
f 1249/1249/1249 1271/1271/1271 1250/1250/1250
f 1250/1250/1250 1271/1271/1271 1272/1272/1272
f 1250/1250/1250 1272/1272/1272 1251/1251/1251
f 1252/1252/1252 1273/1273/1273 1274/1274/1274
f 1252/1252/1252 1274/1274/1274 1253/1253/1253
f 1253/1253/1253 1274/1274/1274 1275/1275/1275
f 1253/1253/1253 1275/1275/1275 1254/1254/1254
f 1254/1254/1254 1275/1275/1275 1276/1276/1276
f 1254/1254/1254 1276/1276/1276 1255/1255/1255
f 1255/1255/1255 1276/1276/1276 1277/1277/1277
f 1255/1255/1255 1277/1277/1277 1256/1256/1256
f 1256/1256/1256 1277/1277/1277 1278/1278/1278
f 1256/1256/1256 1278/1278/1278 1257/1257/1257
f 1257/1257/1257 1278/1278/1278 1279/1279/1279
f 1257/1257/1257 1279/1279/1279 1258/1258/1258
f 1258/1258/1258 1279/1279/1279 1280/1280/1280
f 1258/1258/1258 1280/1280/1280 1259/1259/1259
f 1259/1259/1259 1280/1280/1280 1281/1281/1281
f 1259/1259/1259 1281/1281/1281 1260/1260/1260
f 1260/1260/1260 1281/1281/1281 1282/1282/1282
f 1260/1260/1260 1282/1282/1282 1261/1261/1261
f 1261/1261/1261 1282/1282/1282 1283/1283/1283
f 1261/1261/1261 1283/1283/1283 1262/1262/1262
f 1262/1262/1262 1283/1283/1283 1284/1284/1284
f 1262/1262/1262 1284/1284/1284 1263/1263/1263
f 1263/1263/1263 1284/1284/1284 1285/1285/1285
f 1263/1263/1263 1285/1285/1285 1264/1264/1264
f 1264/1264/1264 1285/1285/1285 1286/1286/1286
f 1264/1264/1264 1286/1286/1286 1265/1265/1265
f 1265/1265/1265 1286/1286/1286 1287/1287/1287
f 1265/1265/1265 1287/1287/1287 1266/1266/1266
f 1266/1266/1266 1287/1287/1287 1288/1288/1288
f 1266/1266/1266 1288/1288/1288 1267/1267/1267
f 1267/1267/1267 1288/1288/1288 1289/1289/1289
f 1267/1267/1267 1289/1289/1289 1268/1268/1268
f 1268/1268/1268 1289/1289/1289 1290/1290/1290
f 1268/1268/1268 1290/1290/1290 1269/1269/1269
f 1269/1269/1269 1290/1290/1290 1291/1291/1291
f 1269/1269/1269 1291/1291/1291 1270/1270/1270
f 1270/1270/1270 1291/1291/1291 1292/1292/1292
f 1270/1270/1270 1292/1292/1292 1271/1271/1271
f 1271/1271/1271 1292/1292/1292 1293/1293/1293
f 1271/1271/1271 1293/1293/1293 1272/1272/1272
f 1273/1273/1273 1294/1294/1294 1295/1295/1295
f 1273/1273/1273 1295/1295/1295 1274/1274/1274
f 1274/1274/1274 1295/1295/1295 1296/1296/1296
f 1274/1274/1274 1296/1296/1296 1275/1275/1275
f 1275/1275/1275 1296/1296/1296 1297/1297/1297
f 1275/1275/1275 1297/1297/1297 1276/1276/1276
f 1276/1276/1276 1297/1297/1297 1298/1298/1298
f 1276/1276/1276 1298/1298/1298 1277/1277/1277
f 1277/1277/1277 1298/1298/1298 1299/1299/1299
f 1277/1277/1277 1299/1299/1299 1278/1278/1278
f 1278/1278/1278 1299/1299/1299 1300/1300/1300
f 1278/1278/1278 1300/1300/1300 1279/1279/1279
f 1279/1279/1279 1300/1300/1300 1301/1301/1301
f 1279/1279/1279 1301/1301/1301 1280/1280/1280
f 1280/1280/1280 1301/1301/1301 1302/1302/1302
f 1280/1280/1280 1302/1302/1302 1281/1281/1281
f 1281/1281/1281 1302/1302/1302 1303/1303/1303
f 1281/1281/1281 1303/1303/1303 1282/1282/1282
f 1282/1282/1282 1303/1303/1303 1304/1304/1304
f 1282/1282/1282 1304/1304/1304 1283/1283/1283
f 1283/1283/1283 1304/1304/1304 1305/1305/1305
f 1283/1283/1283 1305/1305/1305 1284/1284/1284
f 1284/1284/1284 1305/1305/1305 1306/1306/1306
f 1284/1284/1284 1306/1306/1306 1285/1285/1285
f 1285/1285/1285 1306/1306/1306 1307/1307/1307
f 1285/1285/1285 1307/1307/1307 1286/1286/1286
f 1286/1286/1286 1307/1307/1307 1308/1308/1308
f 1286/1286/1286 1308/1308/1308 1287/1287/1287
f 1287/1287/1287 1308/1308/1308 1309/1309/1309
f 1287/1287/1287 1309/1309/1309 1288/1288/1288
f 1288/1288/1288 1309/1309/1309 1310/1310/1310
f 1288/1288/1288 1310/1310/1310 1289/1289/1289
f 1289/1289/1289 1310/1310/1310 1311/1311/1311
f 1289/1289/1289 1311/1311/1311 1290/1290/1290
f 1290/1290/1290 1311/1311/1311 1312/1312/1312
f 1290/1290/1290 1312/1312/1312 1291/1291/1291
f 1291/1291/1291 1312/1312/1312 1313/1313/1313
f 1291/1291/1291 1313/1313/1313 1292/1292/1292
f 1292/1292/1292 1313/1313/1313 1314/1314/1314
f 1292/1292/1292 1314/1314/1314 1293/1293/1293
f 1294/1294/1294 1315/1315/1315 1316/1316/1316
f 1294/1294/1294 1316/1316/1316 1295/1295/1295
f 1295/1295/1295 1316/1316/1316 1317/1317/1317
f 1295/1295/1295 1317/1317/1317 1296/1296/1296
f 1296/1296/1296 1317/1317/1317 1318/1318/1318
f 1296/1296/1296 1318/1318/1318 1297/1297/1297
f 1297/1297/1297 1318/1318/1318 1319/1319/1319
f 1297/1297/1297 1319/1319/1319 1298/1298/1298
f 1298/1298/1298 1319/1319/1319 1320/1320/1320
f 1298/1298/1298 1320/1320/1320 1299/1299/1299
f 1299/1299/1299 1320/1320/1320 1321/1321/1321
f 1299/1299/1299 1321/1321/1321 1300/1300/1300
f 1300/1300/1300 1321/1321/1321 1322/1322/1322
f 1300/1300/1300 1322/1322/1322 1301/1301/1301
f 1301/1301/1301 1322/1322/1322 1323/1323/1323
f 1301/1301/1301 1323/1323/1323 1302/1302/1302
f 1302/1302/1302 1323/1323/1323 1324/1324/1324
f 1302/1302/1302 1324/1324/1324 1303/1303/1303
f 1303/1303/1303 1324/1324/1324 1325/1325/1325
f 1303/1303/1303 1325/1325/1325 1304/1304/1304
f 1304/1304/1304 1325/1325/1325 1326/1326/1326
f 1304/1304/1304 1326/1326/1326 1305/1305/1305
f 1305/1305/1305 1326/1326/1326 1327/1327/1327
f 1305/1305/1305 1327/1327/1327 1306/1306/1306
f 1306/1306/1306 1327/1327/1327 1328/1328/1328
f 1306/1306/1306 1328/1328/1328 1307/1307/1307
f 1307/1307/1307 1328/1328/1328 1329/1329/1329
f 1307/1307/1307 1329/1329/1329 1308/1308/1308
f 1308/1308/1308 1329/1329/1329 1330/1330/1330
f 1308/1308/1308 1330/1330/1330 1309/1309/1309
f 1309/1309/1309 1330/1330/1330 1331/1331/1331
f 1309/1309/1309 1331/1331/1331 1310/1310/1310
f 1310/1310/1310 1331/1331/1331 1332/1332/1332
f 1310/1310/1310 1332/1332/1332 1311/1311/1311
f 1311/1311/1311 1332/1332/1332 1333/1333/1333
f 1311/1311/1311 1333/1333/1333 1312/1312/1312
f 1312/1312/1312 1333/1333/1333 1334/1334/1334
f 1312/1312/1312 1334/1334/1334 1313/1313/1313
f 1313/1313/1313 1334/1334/1334 1335/1335/1335
f 1313/1313/1313 1335/1335/1335 1314/1314/1314
f 1315/1315/1315 1336/1336/1336 1337/1337/1337
f 1315/1315/1315 1337/1337/1337 1316/1316/1316
f 1316/1316/1316 1337/1337/1337 1338/1338/1338
f 1316/1316/1316 1338/1338/1338 1317/1317/1317
f 1317/1317/1317 1338/1338/1338 1339/1339/1339
f 1317/1317/1317 1339/1339/1339 1318/1318/1318
f 1318/1318/1318 1339/1339/1339 1340/1340/1340
f 1318/1318/1318 1340/1340/1340 1319/1319/1319
f 1319/1319/1319 1340/1340/1340 1341/1341/1341
f 1319/1319/1319 1341/1341/1341 1320/1320/1320
f 1320/1320/1320 1341/1341/1341 1342/1342/1342
f 1320/1320/1320 1342/1342/1342 1321/1321/1321
f 1321/1321/1321 1342/1342/1342 1343/1343/1343
f 1321/1321/1321 1343/1343/1343 1322/1322/1322
f 1322/1322/1322 1343/1343/1343 1344/1344/1344
f 1322/1322/1322 1344/1344/1344 1323/1323/1323
f 1323/1323/1323 1344/1344/1344 1345/1345/1345
f 1323/1323/1323 1345/1345/1345 1324/1324/1324
f 1324/1324/1324 1345/1345/1345 1346/1346/1346
f 1324/1324/1324 1346/1346/1346 1325/1325/1325
f 1325/1325/1325 1346/1346/1346 1347/1347/1347
f 1325/1325/1325 1347/1347/1347 1326/1326/1326
f 1326/1326/1326 1347/1347/1347 1348/1348/1348
f 1326/1326/1326 1348/1348/1348 1327/1327/1327
f 1327/1327/1327 1348/1348/1348 1349/1349/1349
f 1327/1327/1327 1349/1349/1349 1328/1328/1328
f 1328/1328/1328 1349/1349/1349 1350/1350/1350
f 1328/1328/1328 1350/1350/1350 1329/1329/1329
f 1329/1329/1329 1350/1350/1350 1351/1351/1351
f 1329/1329/1329 1351/1351/1351 1330/1330/1330
f 1330/1330/1330 1351/1351/1351 1352/1352/1352
f 1330/1330/1330 1352/1352/1352 1331/1331/1331
f 1331/1331/1331 1352/1352/1352 1353/1353/1353
f 1331/1331/1331 1353/1353/1353 1332/1332/1332
f 1332/1332/1332 1353/1353/1353 1354/1354/1354
f 1332/1332/1332 1354/1354/1354 1333/1333/1333
f 1333/1333/1333 1354/1354/1354 1355/1355/1355
f 1333/1333/1333 1355/1355/1355 1334/1334/1334
f 1334/1334/1334 1355/1355/1355 1356/1356/1356
f 1334/1334/1334 1356/1356/1356 1335/1335/1335
f 1336/1336/1336 1357/1357/1357 1358/1358/1358
f 1336/1336/1336 1358/1358/1358 1337/1337/1337
f 1337/1337/1337 1358/1358/1358 1359/1359/1359
f 1337/1337/1337 1359/1359/1359 1338/1338/1338
f 1338/1338/1338 1359/1359/1359 1360/1360/1360
f 1338/1338/1338 1360/1360/1360 1339/1339/1339
f 1339/1339/1339 1360/1360/1360 1361/1361/1361
f 1339/1339/1339 1361/1361/1361 1340/1340/1340
f 1340/1340/1340 1361/1361/1361 1362/1362/1362
f 1340/1340/1340 1362/1362/1362 1341/1341/1341
f 1341/1341/1341 1362/1362/1362 1363/1363/1363
f 1341/1341/1341 1363/1363/1363 1342/1342/1342
f 1342/1342/1342 1363/1363/1363 1364/1364/1364
f 1342/1342/1342 1364/1364/1364 1343/1343/1343
f 1343/1343/1343 1364/1364/1364 1365/1365/1365
f 1343/1343/1343 1365/1365/1365 1344/1344/1344
f 1344/1344/1344 1365/1365/1365 1366/1366/1366
f 1344/1344/1344 1366/1366/1366 1345/1345/1345
f 1345/1345/1345 1366/1366/1366 1367/1367/1367
f 1345/1345/1345 1367/1367/1367 1346/1346/1346
f 1346/1346/1346 1367/1367/1367 1368/1368/1368
f 1346/1346/1346 1368/1368/1368 1347/1347/1347
f 1347/1347/1347 1368/1368/1368 1369/1369/1369
f 1347/1347/1347 1369/1369/1369 1348/1348/1348
f 1348/1348/1348 1369/1369/1369 1370/1370/1370
f 1348/1348/1348 1370/1370/1370 1349/1349/1349
f 1349/1349/1349 1370/1370/1370 1371/1371/1371
f 1349/1349/1349 1371/1371/1371 1350/1350/1350
f 1350/1350/1350 1371/1371/1371 1372/1372/1372
f 1350/1350/1350 1372/1372/1372 1351/1351/1351
f 1351/1351/1351 1372/1372/1372 1373/1373/1373
f 1351/1351/1351 1373/1373/1373 1352/1352/1352
f 1352/1352/1352 1373/1373/1373 1374/1374/1374
f 1352/1352/1352 1374/1374/1374 1353/1353/1353
f 1353/1353/1353 1374/1374/1374 1375/1375/1375
f 1353/1353/1353 1375/1375/1375 1354/1354/1354
f 1354/1354/1354 1375/1375/1375 1376/1376/1376
f 1354/1354/1354 1376/1376/1376 1355/1355/1355
f 1355/1355/1355 1376/1376/1376 1377/1377/1377
f 1355/1355/1355 1377/1377/1377 1356/1356/1356
f 1357/1357/1357 1378/1378/1378 1379/1379/1379
f 1357/1357/1357 1379/1379/1379 1358/1358/1358
f 1358/1358/1358 1379/1379/1379 1380/1380/1380
f 1358/1358/1358 1380/1380/1380 1359/1359/1359
f 1359/1359/1359 1380/1380/1380 1381/1381/1381
f 1359/1359/1359 1381/1381/1381 1360/1360/1360
f 1360/1360/1360 1381/1381/1381 1382/1382/1382
f 1360/1360/1360 1382/1382/1382 1361/1361/1361
f 1361/1361/1361 1382/1382/1382 1383/1383/1383
f 1361/1361/1361 1383/1383/1383 1362/1362/1362
f 1362/1362/1362 1383/1383/1383 1384/1384/1384
f 1362/1362/1362 1384/1384/1384 1363/1363/1363
f 1363/1363/1363 1384/1384/1384 1385/1385/1385
f 1363/1363/1363 1385/1385/1385 1364/1364/1364
f 1364/1364/1364 1385/1385/1385 1386/1386/1386
f 1364/1364/1364 1386/1386/1386 1365/1365/1365
f 1365/1365/1365 1386/1386/1386 1387/1387/1387
f 1365/1365/1365 1387/1387/1387 1366/1366/1366
f 1366/1366/1366 1387/1387/1387 1388/1388/1388
f 1366/1366/1366 1388/1388/1388 1367/1367/1367
f 1367/1367/1367 1388/1388/1388 1389/1389/1389
f 1367/1367/1367 1389/1389/1389 1368/1368/1368
f 1368/1368/1368 1389/1389/1389 1390/1390/1390
f 1368/1368/1368 1390/1390/1390 1369/1369/1369
f 1369/1369/1369 1390/1390/1390 1391/1391/1391
f 1369/1369/1369 1391/1391/1391 1370/1370/1370
f 1370/1370/1370 1391/1391/1391 1392/1392/1392
f 1370/1370/1370 1392/1392/1392 1371/1371/1371
f 1371/1371/1371 1392/1392/1392 1393/1393/1393
f 1371/1371/1371 1393/1393/1393 1372/1372/1372
f 1372/1372/1372 1393/1393/1393 1394/1394/1394
f 1372/1372/1372 1394/1394/1394 1373/1373/1373
f 1373/1373/1373 1394/1394/1394 1395/1395/1395
f 1373/1373/1373 1395/1395/1395 1374/1374/1374
f 1374/1374/1374 1395/1395/1395 1396/1396/1396
f 1374/1374/1374 1396/1396/1396 1375/1375/1375
f 1375/1375/1375 1396/1396/1396 1397/1397/1397
f 1375/1375/1375 1397/1397/1397 1376/1376/1376
f 1376/1376/1376 1397/1397/1397 1398/1398/1398
f 1376/1376/1376 1398/1398/1398 1377/1377/1377
f 1378/1378/1378 1399/1399/1399 1400/1400/1400
f 1378/1378/1378 1400/1400/1400 1379/1379/1379
f 1379/1379/1379 1400/1400/1400 1401/1401/1401
f 1379/1379/1379 1401/1401/1401 1380/1380/1380
f 1380/1380/1380 1401/1401/1401 1402/1402/1402
f 1380/1380/1380 1402/1402/1402 1381/1381/1381
f 1381/1381/1381 1402/1402/1402 1403/1403/1403
f 1381/1381/1381 1403/1403/1403 1382/1382/1382
f 1382/1382/1382 1403/1403/1403 1404/1404/1404
f 1382/1382/1382 1404/1404/1404 1383/1383/1383
f 1383/1383/1383 1404/1404/1404 1405/1405/1405
f 1383/1383/1383 1405/1405/1405 1384/1384/1384
f 1384/1384/1384 1405/1405/1405 1406/1406/1406
f 1384/1384/1384 1406/1406/1406 1385/1385/1385
f 1385/1385/1385 1406/1406/1406 1407/1407/1407
f 1385/1385/1385 1407/1407/1407 1386/1386/1386
f 1386/1386/1386 1407/1407/1407 1408/1408/1408
f 1386/1386/1386 1408/1408/1408 1387/1387/1387
f 1387/1387/1387 1408/1408/1408 1409/1409/1409
f 1387/1387/1387 1409/1409/1409 1388/1388/1388
f 1388/1388/1388 1409/1409/1409 1410/1410/1410
f 1388/1388/1388 1410/1410/1410 1389/1389/1389
f 1389/1389/1389 1410/1410/1410 1411/1411/1411
f 1389/1389/1389 1411/1411/1411 1390/1390/1390
f 1390/1390/1390 1411/1411/1411 1412/1412/1412
f 1390/1390/1390 1412/1412/1412 1391/1391/1391
f 1391/1391/1391 1412/1412/1412 1413/1413/1413
f 1391/1391/1391 1413/1413/1413 1392/1392/1392
f 1392/1392/1392 1413/1413/1413 1414/1414/1414
f 1392/1392/1392 1414/1414/1414 1393/1393/1393
f 1393/1393/1393 1414/1414/1414 1415/1415/1415
f 1393/1393/1393 1415/1415/1415 1394/1394/1394
f 1394/1394/1394 1415/1415/1415 1416/1416/1416
f 1394/1394/1394 1416/1416/1416 1395/1395/1395
f 1395/1395/1395 1416/1416/1416 1417/1417/1417
f 1395/1395/1395 1417/1417/1417 1396/1396/1396
f 1396/1396/1396 1417/1417/1417 1418/1418/1418
f 1396/1396/1396 1418/1418/1418 1397/1397/1397
f 1397/1397/1397 1418/1418/1418 1419/1419/1419
f 1397/1397/1397 1419/1419/1419 1398/1398/1398
f 1399/1399/1399 1420/1420/1420 1421/1421/1421
f 1399/1399/1399 1421/1421/1421 1400/1400/1400
f 1400/1400/1400 1421/1421/1421 1422/1422/1422
f 1400/1400/1400 1422/1422/1422 1401/1401/1401
f 1401/1401/1401 1422/1422/1422 1423/1423/1423
f 1401/1401/1401 1423/1423/1423 1402/1402/1402
f 1402/1402/1402 1423/1423/1423 1424/1424/1424
f 1402/1402/1402 1424/1424/1424 1403/1403/1403
f 1403/1403/1403 1424/1424/1424 1425/1425/1425
f 1403/1403/1403 1425/1425/1425 1404/1404/1404
f 1404/1404/1404 1425/1425/1425 1426/1426/1426
f 1404/1404/1404 1426/1426/1426 1405/1405/1405
f 1405/1405/1405 1426/1426/1426 1427/1427/1427
f 1405/1405/1405 1427/1427/1427 1406/1406/1406
f 1406/1406/1406 1427/1427/1427 1428/1428/1428
f 1406/1406/1406 1428/1428/1428 1407/1407/1407
f 1407/1407/1407 1428/1428/1428 1429/1429/1429
f 1407/1407/1407 1429/1429/1429 1408/1408/1408
f 1408/1408/1408 1429/1429/1429 1430/1430/1430
f 1408/1408/1408 1430/1430/1430 1409/1409/1409
f 1409/1409/1409 1430/1430/1430 1431/1431/1431
f 1409/1409/1409 1431/1431/1431 1410/1410/1410
f 1410/1410/1410 1431/1431/1431 1432/1432/1432
f 1410/1410/1410 1432/1432/1432 1411/1411/1411
f 1411/1411/1411 1432/1432/1432 1433/1433/1433
f 1411/1411/1411 1433/1433/1433 1412/1412/1412
f 1412/1412/1412 1433/1433/1433 1434/1434/1434
f 1412/1412/1412 1434/1434/1434 1413/1413/1413
f 1413/1413/1413 1434/1434/1434 1435/1435/1435
f 1413/1413/1413 1435/1435/1435 1414/1414/1414
f 1414/1414/1414 1435/1435/1435 1436/1436/1436
f 1414/1414/1414 1436/1436/1436 1415/1415/1415
f 1415/1415/1415 1436/1436/1436 1437/1437/1437
f 1415/1415/1415 1437/1437/1437 1416/1416/1416
f 1416/1416/1416 1437/1437/1437 1438/1438/1438
f 1416/1416/1416 1438/1438/1438 1417/1417/1417
f 1417/1417/1417 1438/1438/1438 1439/1439/1439
f 1417/1417/1417 1439/1439/1439 1418/1418/1418
f 1418/1418/1418 1439/1439/1439 1440/1440/1440
f 1418/1418/1418 1440/1440/1440 1419/1419/1419
f 1420/1420/1420 1441/1441/1441 1442/1442/1442
f 1420/1420/1420 1442/1442/1442 1421/1421/1421
f 1421/1421/1421 1442/1442/1442 1443/1443/1443
f 1421/1421/1421 1443/1443/1443 1422/1422/1422
f 1422/1422/1422 1443/1443/1443 1444/1444/1444
f 1422/1422/1422 1444/1444/1444 1423/1423/1423
f 1423/1423/1423 1444/1444/1444 1445/1445/1445
f 1423/1423/1423 1445/1445/1445 1424/1424/1424
f 1424/1424/1424 1445/1445/1445 1446/1446/1446
f 1424/1424/1424 1446/1446/1446 1425/1425/1425
f 1425/1425/1425 1446/1446/1446 1447/1447/1447
f 1425/1425/1425 1447/1447/1447 1426/1426/1426
f 1426/1426/1426 1447/1447/1447 1448/1448/1448
f 1426/1426/1426 1448/1448/1448 1427/1427/1427
f 1427/1427/1427 1448/1448/1448 1449/1449/1449
f 1427/1427/1427 1449/1449/1449 1428/1428/1428
f 1428/1428/1428 1449/1449/1449 1450/1450/1450
f 1428/1428/1428 1450/1450/1450 1429/1429/1429
f 1429/1429/1429 1450/1450/1450 1451/1451/1451
f 1429/1429/1429 1451/1451/1451 1430/1430/1430
f 1430/1430/1430 1451/1451/1451 1452/1452/1452
f 1430/1430/1430 1452/1452/1452 1431/1431/1431
f 1431/1431/1431 1452/1452/1452 1453/1453/1453
f 1431/1431/1431 1453/1453/1453 1432/1432/1432
f 1432/1432/1432 1453/1453/1453 1454/1454/1454
f 1432/1432/1432 1454/1454/1454 1433/1433/1433
f 1433/1433/1433 1454/1454/1454 1455/1455/1455
f 1433/1433/1433 1455/1455/1455 1434/1434/1434
f 1434/1434/1434 1455/1455/1455 1456/1456/1456
f 1434/1434/1434 1456/1456/1456 1435/1435/1435
f 1435/1435/1435 1456/1456/1456 1457/1457/1457
f 1435/1435/1435 1457/1457/1457 1436/1436/1436
f 1436/1436/1436 1457/1457/1457 1458/1458/1458
f 1436/1436/1436 1458/1458/1458 1437/1437/1437
f 1437/1437/1437 1458/1458/1458 1459/1459/1459
f 1437/1437/1437 1459/1459/1459 1438/1438/1438
f 1438/1438/1438 1459/1459/1459 1460/1460/1460
f 1438/1438/1438 1460/1460/1460 1439/1439/1439
f 1439/1439/1439 1460/1460/1460 1461/1461/1461
f 1439/1439/1439 1461/1461/1461 1440/1440/1440
f 1441/1441/1441 1462/1462/1462 1463/1463/1463
f 1441/1441/1441 1463/1463/1463 1442/1442/1442
f 1442/1442/1442 1463/1463/1463 1464/1464/1464
f 1442/1442/1442 1464/1464/1464 1443/1443/1443
f 1443/1443/1443 1464/1464/1464 1465/1465/1465
f 1443/1443/1443 1465/1465/1465 1444/1444/1444
f 1444/1444/1444 1465/1465/1465 1466/1466/1466
f 1444/1444/1444 1466/1466/1466 1445/1445/1445
f 1445/1445/1445 1466/1466/1466 1467/1467/1467
f 1445/1445/1445 1467/1467/1467 1446/1446/1446
f 1446/1446/1446 1467/1467/1467 1468/1468/1468
f 1446/1446/1446 1468/1468/1468 1447/1447/1447
f 1447/1447/1447 1468/1468/1468 1469/1469/1469
f 1447/1447/1447 1469/1469/1469 1448/1448/1448
f 1448/1448/1448 1469/1469/1469 1470/1470/1470
f 1448/1448/1448 1470/1470/1470 1449/1449/1449
f 1449/1449/1449 1470/1470/1470 1471/1471/1471
f 1449/1449/1449 1471/1471/1471 1450/1450/1450
f 1450/1450/1450 1471/1471/1471 1472/1472/1472
f 1450/1450/1450 1472/1472/1472 1451/1451/1451
f 1451/1451/1451 1472/1472/1472 1473/1473/1473
f 1451/1451/1451 1473/1473/1473 1452/1452/1452
f 1452/1452/1452 1473/1473/1473 1474/1474/1474
f 1452/1452/1452 1474/1474/1474 1453/1453/1453
f 1453/1453/1453 1474/1474/1474 1475/1475/1475
f 1453/1453/1453 1475/1475/1475 1454/1454/1454
f 1454/1454/1454 1475/1475/1475 1476/1476/1476
f 1454/1454/1454 1476/1476/1476 1455/1455/1455
f 1455/1455/1455 1476/1476/1476 1477/1477/1477
f 1455/1455/1455 1477/1477/1477 1456/1456/1456
f 1456/1456/1456 1477/1477/1477 1478/1478/1478
f 1456/1456/1456 1478/1478/1478 1457/1457/1457
f 1457/1457/1457 1478/1478/1478 1479/1479/1479
f 1457/1457/1457 1479/1479/1479 1458/1458/1458
f 1458/1458/1458 1479/1479/1479 1480/1480/1480
f 1458/1458/1458 1480/1480/1480 1459/1459/1459
f 1459/1459/1459 1480/1480/1480 1481/1481/1481
f 1459/1459/1459 1481/1481/1481 1460/1460/1460
f 1460/1460/1460 1481/1481/1481 1482/1482/1482
f 1460/1460/1460 1482/1482/1482 1461/1461/1461
f 1462/1462/1462 1483/1483/1483 1484/1484/1484
f 1462/1462/1462 1484/1484/1484 1463/1463/1463
f 1463/1463/1463 1484/1484/1484 1485/1485/1485
f 1463/1463/1463 1485/1485/1485 1464/1464/1464
f 1464/1464/1464 1485/1485/1485 1486/1486/1486
f 1464/1464/1464 1486/1486/1486 1465/1465/1465
f 1465/1465/1465 1486/1486/1486 1487/1487/1487
f 1465/1465/1465 1487/1487/1487 1466/1466/1466
f 1466/1466/1466 1487/1487/1487 1488/1488/1488
f 1466/1466/1466 1488/1488/1488 1467/1467/1467
f 1467/1467/1467 1488/1488/1488 1489/1489/1489
f 1467/1467/1467 1489/1489/1489 1468/1468/1468
f 1468/1468/1468 1489/1489/1489 1490/1490/1490
f 1468/1468/1468 1490/1490/1490 1469/1469/1469
f 1469/1469/1469 1490/1490/1490 1491/1491/1491
f 1469/1469/1469 1491/1491/1491 1470/1470/1470
f 1470/1470/1470 1491/1491/1491 1492/1492/1492
f 1470/1470/1470 1492/1492/1492 1471/1471/1471
f 1471/1471/1471 1492/1492/1492 1493/1493/1493
f 1471/1471/1471 1493/1493/1493 1472/1472/1472
f 1472/1472/1472 1493/1493/1493 1494/1494/1494
f 1472/1472/1472 1494/1494/1494 1473/1473/1473
f 1473/1473/1473 1494/1494/1494 1495/1495/1495
f 1473/1473/1473 1495/1495/1495 1474/1474/1474
f 1474/1474/1474 1495/1495/1495 1496/1496/1496
f 1474/1474/1474 1496/1496/1496 1475/1475/1475
f 1475/1475/1475 1496/1496/1496 1497/1497/1497
f 1475/1475/1475 1497/1497/1497 1476/1476/1476
f 1476/1476/1476 1497/1497/1497 1498/1498/1498
f 1476/1476/1476 1498/1498/1498 1477/1477/1477
f 1477/1477/1477 1498/1498/1498 1499/1499/1499
f 1477/1477/1477 1499/1499/1499 1478/1478/1478
f 1478/1478/1478 1499/1499/1499 1500/1500/1500
f 1478/1478/1478 1500/1500/1500 1479/1479/1479
f 1479/1479/1479 1500/1500/1500 1501/1501/1501
f 1479/1479/1479 1501/1501/1501 1480/1480/1480
f 1480/1480/1480 1501/1501/1501 1502/1502/1502
f 1480/1480/1480 1502/1502/1502 1481/1481/1481
f 1481/1481/1481 1502/1502/1502 1503/1503/1503
f 1481/1481/1481 1503/1503/1503 1482/1482/1482
f 1483/1483/1483 1504/1504/1504 1505/1505/1505
f 1483/1483/1483 1505/1505/1505 1484/1484/1484
f 1484/1484/1484 1505/1505/1505 1506/1506/1506
f 1484/1484/1484 1506/1506/1506 1485/1485/1485
f 1485/1485/1485 1506/1506/1506 1507/1507/1507
f 1485/1485/1485 1507/1507/1507 1486/1486/1486
f 1486/1486/1486 1507/1507/1507 1508/1508/1508
f 1486/1486/1486 1508/1508/1508 1487/1487/1487
f 1487/1487/1487 1508/1508/1508 1509/1509/1509
f 1487/1487/1487 1509/1509/1509 1488/1488/1488
f 1488/1488/1488 1509/1509/1509 1510/1510/1510
f 1488/1488/1488 1510/1510/1510 1489/1489/1489
f 1489/1489/1489 1510/1510/1510 1511/1511/1511
f 1489/1489/1489 1511/1511/1511 1490/1490/1490
f 1490/1490/1490 1511/1511/1511 1512/1512/1512
f 1490/1490/1490 1512/1512/1512 1491/1491/1491
f 1491/1491/1491 1512/1512/1512 1513/1513/1513
f 1491/1491/1491 1513/1513/1513 1492/1492/1492
f 1492/1492/1492 1513/1513/1513 1514/1514/1514
f 1492/1492/1492 1514/1514/1514 1493/1493/1493
f 1493/1493/1493 1514/1514/1514 1515/1515/1515
f 1493/1493/1493 1515/1515/1515 1494/1494/1494
f 1494/1494/1494 1515/1515/1515 1516/1516/1516
f 1494/1494/1494 1516/1516/1516 1495/1495/1495
f 1495/1495/1495 1516/1516/1516 1517/1517/1517
f 1495/1495/1495 1517/1517/1517 1496/1496/1496
f 1496/1496/1496 1517/1517/1517 1518/1518/1518
f 1496/1496/1496 1518/1518/1518 1497/1497/1497
f 1497/1497/1497 1518/1518/1518 1519/1519/1519
f 1497/1497/1497 1519/1519/1519 1498/1498/1498
f 1498/1498/1498 1519/1519/1519 1520/1520/1520
f 1498/1498/1498 1520/1520/1520 1499/1499/1499
f 1499/1499/1499 1520/1520/1520 1521/1521/1521
f 1499/1499/1499 1521/1521/1521 1500/1500/1500
f 1500/1500/1500 1521/1521/1521 1522/1522/1522
f 1500/1500/1500 1522/1522/1522 1501/1501/1501
f 1501/1501/1501 1522/1522/1522 1523/1523/1523
f 1501/1501/1501 1523/1523/1523 1502/1502/1502
f 1502/1502/1502 1523/1523/1523 1524/1524/1524
f 1502/1502/1502 1524/1524/1524 1503/1503/1503
f 1504/1504/1504 1525/1525/1525 1526/1526/1526
f 1504/1504/1504 1526/1526/1526 1505/1505/1505
f 1505/1505/1505 1526/1526/1526 1527/1527/1527
f 1505/1505/1505 1527/1527/1527 1506/1506/1506
f 1506/1506/1506 1527/1527/1527 1528/1528/1528
f 1506/1506/1506 1528/1528/1528 1507/1507/1507
f 1507/1507/1507 1528/1528/1528 1529/1529/1529
f 1507/1507/1507 1529/1529/1529 1508/1508/1508
f 1508/1508/1508 1529/1529/1529 1530/1530/1530
f 1508/1508/1508 1530/1530/1530 1509/1509/1509
f 1509/1509/1509 1530/1530/1530 1531/1531/1531
f 1509/1509/1509 1531/1531/1531 1510/1510/1510
f 1510/1510/1510 1531/1531/1531 1532/1532/1532
f 1510/1510/1510 1532/1532/1532 1511/1511/1511
f 1511/1511/1511 1532/1532/1532 1533/1533/1533
f 1511/1511/1511 1533/1533/1533 1512/1512/1512
f 1512/1512/1512 1533/1533/1533 1534/1534/1534
f 1512/1512/1512 1534/1534/1534 1513/1513/1513
f 1513/1513/1513 1534/1534/1534 1535/1535/1535
f 1513/1513/1513 1535/1535/1535 1514/1514/1514
f 1514/1514/1514 1535/1535/1535 1536/1536/1536
f 1514/1514/1514 1536/1536/1536 1515/1515/1515
f 1515/1515/1515 1536/1536/1536 1537/1537/1537
f 1515/1515/1515 1537/1537/1537 1516/1516/1516
f 1516/1516/1516 1537/1537/1537 1538/1538/1538
f 1516/1516/1516 1538/1538/1538 1517/1517/1517
f 1517/1517/1517 1538/1538/1538 1539/1539/1539
f 1517/1517/1517 1539/1539/1539 1518/1518/1518
f 1518/1518/1518 1539/1539/1539 1540/1540/1540
f 1518/1518/1518 1540/1540/1540 1519/1519/1519
f 1519/1519/1519 1540/1540/1540 1541/1541/1541
f 1519/1519/1519 1541/1541/1541 1520/1520/1520
f 1520/1520/1520 1541/1541/1541 1542/1542/1542
f 1520/1520/1520 1542/1542/1542 1521/1521/1521
f 1521/1521/1521 1542/1542/1542 1543/1543/1543
f 1521/1521/1521 1543/1543/1543 1522/1522/1522
f 1522/1522/1522 1543/1543/1543 1544/1544/1544
f 1522/1522/1522 1544/1544/1544 1523/1523/1523
f 1523/1523/1523 1544/1544/1544 1545/1545/1545
f 1523/1523/1523 1545/1545/1545 1524/1524/1524
f 1525/1525/1525 1546/1546/1546 1547/1547/1547
f 1525/1525/1525 1547/1547/1547 1526/1526/1526
f 1526/1526/1526 1547/1547/1547 1548/1548/1548
f 1526/1526/1526 1548/1548/1548 1527/1527/1527
f 1527/1527/1527 1548/1548/1548 1549/1549/1549
f 1527/1527/1527 1549/1549/1549 1528/1528/1528
f 1528/1528/1528 1549/1549/1549 1550/1550/1550
f 1528/1528/1528 1550/1550/1550 1529/1529/1529
f 1529/1529/1529 1550/1550/1550 1551/1551/1551
f 1529/1529/1529 1551/1551/1551 1530/1530/1530
f 1530/1530/1530 1551/1551/1551 1552/1552/1552
f 1530/1530/1530 1552/1552/1552 1531/1531/1531
f 1531/1531/1531 1552/1552/1552 1553/1553/1553
f 1531/1531/1531 1553/1553/1553 1532/1532/1532
f 1532/1532/1532 1553/1553/1553 1554/1554/1554
f 1532/1532/1532 1554/1554/1554 1533/1533/1533
f 1533/1533/1533 1554/1554/1554 1555/1555/1555
f 1533/1533/1533 1555/1555/1555 1534/1534/1534
f 1534/1534/1534 1555/1555/1555 1556/1556/1556
f 1534/1534/1534 1556/1556/1556 1535/1535/1535
f 1535/1535/1535 1556/1556/1556 1557/1557/1557
f 1535/1535/1535 1557/1557/1557 1536/1536/1536
f 1536/1536/1536 1557/1557/1557 1558/1558/1558
f 1536/1536/1536 1558/1558/1558 1537/1537/1537
f 1537/1537/1537 1558/1558/1558 1559/1559/1559
f 1537/1537/1537 1559/1559/1559 1538/1538/1538
f 1538/1538/1538 1559/1559/1559 1560/1560/1560
f 1538/1538/1538 1560/1560/1560 1539/1539/1539
f 1539/1539/1539 1560/1560/1560 1561/1561/1561
f 1539/1539/1539 1561/1561/1561 1540/1540/1540
f 1540/1540/1540 1561/1561/1561 1562/1562/1562
f 1540/1540/1540 1562/1562/1562 1541/1541/1541
f 1541/1541/1541 1562/1562/1562 1563/1563/1563
f 1541/1541/1541 1563/1563/1563 1542/1542/1542
f 1542/1542/1542 1563/1563/1563 1564/1564/1564
f 1542/1542/1542 1564/1564/1564 1543/1543/1543
f 1543/1543/1543 1564/1564/1564 1565/1565/1565
f 1543/1543/1543 1565/1565/1565 1544/1544/1544
f 1544/1544/1544 1565/1565/1565 1566/1566/1566
f 1544/1544/1544 1566/1566/1566 1545/1545/1545
f 1546/1546/1546 1567/1567/1567 1568/1568/1568
f 1546/1546/1546 1568/1568/1568 1547/1547/1547
f 1547/1547/1547 1568/1568/1568 1569/1569/1569
f 1547/1547/1547 1569/1569/1569 1548/1548/1548
f 1548/1548/1548 1569/1569/1569 1570/1570/1570
f 1548/1548/1548 1570/1570/1570 1549/1549/1549
f 1549/1549/1549 1570/1570/1570 1571/1571/1571
f 1549/1549/1549 1571/1571/1571 1550/1550/1550
f 1550/1550/1550 1571/1571/1571 1572/1572/1572
f 1550/1550/1550 1572/1572/1572 1551/1551/1551
f 1551/1551/1551 1572/1572/1572 1573/1573/1573
f 1551/1551/1551 1573/1573/1573 1552/1552/1552
f 1552/1552/1552 1573/1573/1573 1574/1574/1574
f 1552/1552/1552 1574/1574/1574 1553/1553/1553
f 1553/1553/1553 1574/1574/1574 1575/1575/1575
f 1553/1553/1553 1575/1575/1575 1554/1554/1554
f 1554/1554/1554 1575/1575/1575 1576/1576/1576
f 1554/1554/1554 1576/1576/1576 1555/1555/1555
f 1555/1555/1555 1576/1576/1576 1577/1577/1577
f 1555/1555/1555 1577/1577/1577 1556/1556/1556
f 1556/1556/1556 1577/1577/1577 1578/1578/1578
f 1556/1556/1556 1578/1578/1578 1557/1557/1557
f 1557/1557/1557 1578/1578/1578 1579/1579/1579
f 1557/1557/1557 1579/1579/1579 1558/1558/1558
f 1558/1558/1558 1579/1579/1579 1580/1580/1580
f 1558/1558/1558 1580/1580/1580 1559/1559/1559
f 1559/1559/1559 1580/1580/1580 1581/1581/1581
f 1559/1559/1559 1581/1581/1581 1560/1560/1560
f 1560/1560/1560 1581/1581/1581 1582/1582/1582
f 1560/1560/1560 1582/1582/1582 1561/1561/1561
f 1561/1561/1561 1582/1582/1582 1583/1583/1583
f 1561/1561/1561 1583/1583/1583 1562/1562/1562
f 1562/1562/1562 1583/1583/1583 1584/1584/1584
f 1562/1562/1562 1584/1584/1584 1563/1563/1563
f 1563/1563/1563 1584/1584/1584 1585/1585/1585
f 1563/1563/1563 1585/1585/1585 1564/1564/1564
f 1564/1564/1564 1585/1585/1585 1586/1586/1586
f 1564/1564/1564 1586/1586/1586 1565/1565/1565
f 1565/1565/1565 1586/1586/1586 1587/1587/1587
f 1565/1565/1565 1587/1587/1587 1566/1566/1566
f 1567/1567/1567 1588/1588/1588 1589/1589/1589
f 1567/1567/1567 1589/1589/1589 1568/1568/1568
f 1568/1568/1568 1589/1589/1589 1590/1590/1590
f 1568/1568/1568 1590/1590/1590 1569/1569/1569
f 1569/1569/1569 1590/1590/1590 1591/1591/1591
f 1569/1569/1569 1591/1591/1591 1570/1570/1570
f 1570/1570/1570 1591/1591/1591 1592/1592/1592
f 1570/1570/1570 1592/1592/1592 1571/1571/1571
f 1571/1571/1571 1592/1592/1592 1593/1593/1593
f 1571/1571/1571 1593/1593/1593 1572/1572/1572
f 1572/1572/1572 1593/1593/1593 1594/1594/1594
f 1572/1572/1572 1594/1594/1594 1573/1573/1573
f 1573/1573/1573 1594/1594/1594 1595/1595/1595
f 1573/1573/1573 1595/1595/1595 1574/1574/1574
f 1574/1574/1574 1595/1595/1595 1596/1596/1596
f 1574/1574/1574 1596/1596/1596 1575/1575/1575
f 1575/1575/1575 1596/1596/1596 1597/1597/1597
f 1575/1575/1575 1597/1597/1597 1576/1576/1576
f 1576/1576/1576 1597/1597/1597 1598/1598/1598
f 1576/1576/1576 1598/1598/1598 1577/1577/1577
f 1577/1577/1577 1598/1598/1598 1599/1599/1599
f 1577/1577/1577 1599/1599/1599 1578/1578/1578
f 1578/1578/1578 1599/1599/1599 1600/1600/1600
f 1578/1578/1578 1600/1600/1600 1579/1579/1579
f 1579/1579/1579 1600/1600/1600 1601/1601/1601
f 1579/1579/1579 1601/1601/1601 1580/1580/1580
f 1580/1580/1580 1601/1601/1601 1602/1602/1602
f 1580/1580/1580 1602/1602/1602 1581/1581/1581
f 1581/1581/1581 1602/1602/1602 1603/1603/1603
f 1581/1581/1581 1603/1603/1603 1582/1582/1582
f 1582/1582/1582 1603/1603/1603 1604/1604/1604
f 1582/1582/1582 1604/1604/1604 1583/1583/1583
f 1583/1583/1583 1604/1604/1604 1605/1605/1605
f 1583/1583/1583 1605/1605/1605 1584/1584/1584
f 1584/1584/1584 1605/1605/1605 1606/1606/1606
f 1584/1584/1584 1606/1606/1606 1585/1585/1585
f 1585/1585/1585 1606/1606/1606 1607/1607/1607
f 1585/1585/1585 1607/1607/1607 1586/1586/1586
f 1586/1586/1586 1607/1607/1607 1608/1608/1608
f 1586/1586/1586 1608/1608/1608 1587/1587/1587
f 1609/1609/1609 1618/1618/1618 1619/1619/1619
f 1609/1609/1609 1619/1619/1619 1610/1610/1610
f 1610/1610/1610 1619/1619/1619 1620/1620/1620
f 1610/1610/1610 1620/1620/1620 1611/1611/1611
f 1611/1611/1611 1620/1620/1620 1621/1621/1621
f 1611/1611/1611 1621/1621/1621 1612/1612/1612
f 1612/1612/1612 1621/1621/1621 1622/1622/1622
f 1612/1612/1612 1622/1622/1622 1613/1613/1613
f 1613/1613/1613 1622/1622/1622 1623/1623/1623
f 1613/1613/1613 1623/1623/1623 1614/1614/1614
f 1614/1614/1614 1623/1623/1623 1624/1624/1624
f 1614/1614/1614 1624/1624/1624 1615/1615/1615
f 1615/1615/1615 1624/1624/1624 1625/1625/1625
f 1615/1615/1615 1625/1625/1625 1616/1616/1616
f 1616/1616/1616 1625/1625/1625 1626/1626/1626
f 1616/1616/1616 1626/1626/1626 1617/1617/1617
f 1618/1618/1618 1627/1627/1627 1628/1628/1628
f 1618/1618/1618 1628/1628/1628 1619/1619/1619
f 1619/1619/1619 1628/1628/1628 1629/1629/1629
f 1619/1619/1619 1629/1629/1629 1620/1620/1620
f 1620/1620/1620 1629/1629/1629 1630/1630/1630
f 1620/1620/1620 1630/1630/1630 1621/1621/1621
f 1621/1621/1621 1630/1630/1630 1631/1631/1631
f 1621/1621/1621 1631/1631/1631 1622/1622/1622
f 1622/1622/1622 1631/1631/1631 1632/1632/1632
f 1622/1622/1622 1632/1632/1632 1623/1623/1623
f 1623/1623/1623 1632/1632/1632 1633/1633/1633
f 1623/1623/1623 1633/1633/1633 1624/1624/1624
f 1624/1624/1624 1633/1633/1633 1634/1634/1634
f 1624/1624/1624 1634/1634/1634 1625/1625/1625
f 1625/1625/1625 1634/1634/1634 1635/1635/1635
f 1625/1625/1625 1635/1635/1635 1626/1626/1626
f 1627/1627/1627 1636/1636/1636 1637/1637/1637
f 1627/1627/1627 1637/1637/1637 1628/1628/1628
f 1628/1628/1628 1637/1637/1637 1638/1638/1638
f 1628/1628/1628 1638/1638/1638 1629/1629/1629
f 1629/1629/1629 1638/1638/1638 1639/1639/1639
f 1629/1629/1629 1639/1639/1639 1630/1630/1630
f 1630/1630/1630 1639/1639/1639 1640/1640/1640
f 1630/1630/1630 1640/1640/1640 1631/1631/1631
f 1631/1631/1631 1640/1640/1640 1641/1641/1641
f 1631/1631/1631 1641/1641/1641 1632/1632/1632
f 1632/1632/1632 1641/1641/1641 1642/1642/1642
f 1632/1632/1632 1642/1642/1642 1633/1633/1633
f 1633/1633/1633 1642/1642/1642 1643/1643/1643
f 1633/1633/1633 1643/1643/1643 1634/1634/1634
f 1634/1634/1634 1643/1643/1643 1644/1644/1644
f 1634/1634/1634 1644/1644/1644 1635/1635/1635
f 1636/1636/1636 1645/1645/1645 1646/1646/1646
f 1636/1636/1636 1646/1646/1646 1637/1637/1637
f 1637/1637/1637 1646/1646/1646 1647/1647/1647
f 1637/1637/1637 1647/1647/1647 1638/1638/1638
f 1638/1638/1638 1647/1647/1647 1648/1648/1648
f 1638/1638/1638 1648/1648/1648 1639/1639/1639
f 1639/1639/1639 1648/1648/1648 1649/1649/1649
f 1639/1639/1639 1649/1649/1649 1640/1640/1640
f 1640/1640/1640 1649/1649/1649 1650/1650/1650
f 1640/1640/1640 1650/1650/1650 1641/1641/1641
f 1641/1641/1641 1650/1650/1650 1651/1651/1651
f 1641/1641/1641 1651/1651/1651 1642/1642/1642
f 1642/1642/1642 1651/1651/1651 1652/1652/1652
f 1642/1642/1642 1652/1652/1652 1643/1643/1643
f 1643/1643/1643 1652/1652/1652 1653/1653/1653
f 1643/1643/1643 1653/1653/1653 1644/1644/1644
f 1645/1645/1645 1654/1654/1654 1655/1655/1655
f 1645/1645/1645 1655/1655/1655 1646/1646/1646
f 1646/1646/1646 1655/1655/1655 1656/1656/1656
f 1646/1646/1646 1656/1656/1656 1647/1647/1647
f 1647/1647/1647 1656/1656/1656 1657/1657/1657
f 1647/1647/1647 1657/1657/1657 1648/1648/1648
f 1648/1648/1648 1657/1657/1657 1658/1658/1658
f 1648/1648/1648 1658/1658/1658 1649/1649/1649
f 1649/1649/1649 1658/1658/1658 1659/1659/1659
f 1649/1649/1649 1659/1659/1659 1650/1650/1650
f 1650/1650/1650 1659/1659/1659 1660/1660/1660
f 1650/1650/1650 1660/1660/1660 1651/1651/1651
f 1651/1651/1651 1660/1660/1660 1661/1661/1661
f 1651/1651/1651 1661/1661/1661 1652/1652/1652
f 1652/1652/1652 1661/1661/1661 1662/1662/1662
f 1652/1652/1652 1662/1662/1662 1653/1653/1653
f 1654/1654/1654 1663/1663/1663 1664/1664/1664
f 1654/1654/1654 1664/1664/1664 1655/1655/1655
f 1655/1655/1655 1664/1664/1664 1665/1665/1665
f 1655/1655/1655 1665/1665/1665 1656/1656/1656
f 1656/1656/1656 1665/1665/1665 1666/1666/1666
f 1656/1656/1656 1666/1666/1666 1657/1657/1657
f 1657/1657/1657 1666/1666/1666 1667/1667/1667
f 1657/1657/1657 1667/1667/1667 1658/1658/1658
f 1658/1658/1658 1667/1667/1667 1668/1668/1668
f 1658/1658/1658 1668/1668/1668 1659/1659/1659
f 1659/1659/1659 1668/1668/1668 1669/1669/1669
f 1659/1659/1659 1669/1669/1669 1660/1660/1660
f 1660/1660/1660 1669/1669/1669 1670/1670/1670
f 1660/1660/1660 1670/1670/1670 1661/1661/1661
f 1661/1661/1661 1670/1670/1670 1671/1671/1671
f 1661/1661/1661 1671/1671/1671 1662/1662/1662
f 1663/1663/1663 1672/1672/1672 1673/1673/1673
f 1663/1663/1663 1673/1673/1673 1664/1664/1664
f 1664/1664/1664 1673/1673/1673 1674/1674/1674
f 1664/1664/1664 1674/1674/1674 1665/1665/1665
f 1665/1665/1665 1674/1674/1674 1675/1675/1675
f 1665/1665/1665 1675/1675/1675 1666/1666/1666
f 1666/1666/1666 1675/1675/1675 1676/1676/1676
f 1666/1666/1666 1676/1676/1676 1667/1667/1667
f 1667/1667/1667 1676/1676/1676 1677/1677/1677
f 1667/1667/1667 1677/1677/1677 1668/1668/1668
f 1668/1668/1668 1677/1677/1677 1678/1678/1678
f 1668/1668/1668 1678/1678/1678 1669/1669/1669
f 1669/1669/1669 1678/1678/1678 1679/1679/1679
f 1669/1669/1669 1679/1679/1679 1670/1670/1670
f 1670/1670/1670 1679/1679/1679 1680/1680/1680
f 1670/1670/1670 1680/1680/1680 1671/1671/1671
f 1672/1672/1672 1681/1681/1681 1682/1682/1682
f 1672/1672/1672 1682/1682/1682 1673/1673/1673
f 1673/1673/1673 1682/1682/1682 1683/1683/1683
f 1673/1673/1673 1683/1683/1683 1674/1674/1674
f 1674/1674/1674 1683/1683/1683 1684/1684/1684
f 1674/1674/1674 1684/1684/1684 1675/1675/1675
f 1675/1675/1675 1684/1684/1684 1685/1685/1685
f 1675/1675/1675 1685/1685/1685 1676/1676/1676
f 1676/1676/1676 1685/1685/1685 1686/1686/1686
f 1676/1676/1676 1686/1686/1686 1677/1677/1677
f 1677/1677/1677 1686/1686/1686 1687/1687/1687
f 1677/1677/1677 1687/1687/1687 1678/1678/1678
f 1678/1678/1678 1687/1687/1687 1688/1688/1688
f 1678/1678/1678 1688/1688/1688 1679/1679/1679
f 1679/1679/1679 1688/1688/1688 1689/1689/1689
f 1679/1679/1679 1689/1689/1689 1680/1680/1680
f 1681/1681/1681 1690/1690/1690 1691/1691/1691
f 1681/1681/1681 1691/1691/1691 1682/1682/1682
f 1682/1682/1682 1691/1691/1691 1692/1692/1692
f 1682/1682/1682 1692/1692/1692 1683/1683/1683
f 1683/1683/1683 1692/1692/1692 1693/1693/1693
f 1683/1683/1683 1693/1693/1693 1684/1684/1684
f 1684/1684/1684 1693/1693/1693 1694/1694/1694
f 1684/1684/1684 1694/1694/1694 1685/1685/1685
f 1685/1685/1685 1694/1694/1694 1695/1695/1695
f 1685/1685/1685 1695/1695/1695 1686/1686/1686
f 1686/1686/1686 1695/1695/1695 1696/1696/1696
f 1686/1686/1686 1696/1696/1696 1687/1687/1687
f 1687/1687/1687 1696/1696/1696 1697/1697/1697
f 1687/1687/1687 1697/1697/1697 1688/1688/1688
f 1688/1688/1688 1697/1697/1697 1698/1698/1698
f 1688/1688/1688 1698/1698/1698 1689/1689/1689
f 1690/1690/1690 1699/1699/1699 1700/1700/1700
f 1690/1690/1690 1700/1700/1700 1691/1691/1691
f 1691/1691/1691 1700/1700/1700 1701/1701/1701
f 1691/1691/1691 1701/1701/1701 1692/1692/1692
f 1692/1692/1692 1701/1701/1701 1702/1702/1702
f 1692/1692/1692 1702/1702/1702 1693/1693/1693
f 1693/1693/1693 1702/1702/1702 1703/1703/1703
f 1693/1693/1693 1703/1703/1703 1694/1694/1694
f 1694/1694/1694 1703/1703/1703 1704/1704/1704
f 1694/1694/1694 1704/1704/1704 1695/1695/1695
f 1695/1695/1695 1704/1704/1704 1705/1705/1705
f 1695/1695/1695 1705/1705/1705 1696/1696/1696
f 1696/1696/1696 1705/1705/1705 1706/1706/1706
f 1696/1696/1696 1706/1706/1706 1697/1697/1697
f 1697/1697/1697 1706/1706/1706 1707/1707/1707
f 1697/1697/1697 1707/1707/1707 1698/1698/1698
f 1699/1699/1699 1708/1708/1708 1709/1709/1709
f 1699/1699/1699 1709/1709/1709 1700/1700/1700
f 1700/1700/1700 1709/1709/1709 1710/1710/1710
f 1700/1700/1700 1710/1710/1710 1701/1701/1701
f 1701/1701/1701 1710/1710/1710 1711/1711/1711
f 1701/1701/1701 1711/1711/1711 1702/1702/1702
f 1702/1702/1702 1711/1711/1711 1712/1712/1712
f 1702/1702/1702 1712/1712/1712 1703/1703/1703
f 1703/1703/1703 1712/1712/1712 1713/1713/1713
f 1703/1703/1703 1713/1713/1713 1704/1704/1704
f 1704/1704/1704 1713/1713/1713 1714/1714/1714
f 1704/1704/1704 1714/1714/1714 1705/1705/1705
f 1705/1705/1705 1714/1714/1714 1715/1715/1715
f 1705/1705/1705 1715/1715/1715 1706/1706/1706
f 1706/1706/1706 1715/1715/1715 1716/1716/1716
f 1706/1706/1706 1716/1716/1716 1707/1707/1707
f 1708/1708/1708 1717/1717/1717 1718/1718/1718
f 1708/1708/1708 1718/1718/1718 1709/1709/1709
f 1709/1709/1709 1718/1718/1718 1719/1719/1719
f 1709/1709/1709 1719/1719/1719 1710/1710/1710
f 1710/1710/1710 1719/1719/1719 1720/1720/1720
f 1710/1710/1710 1720/1720/1720 1711/1711/1711
f 1711/1711/1711 1720/1720/1720 1721/1721/1721
f 1711/1711/1711 1721/1721/1721 1712/1712/1712
f 1712/1712/1712 1721/1721/1721 1722/1722/1722
f 1712/1712/1712 1722/1722/1722 1713/1713/1713
f 1713/1713/1713 1722/1722/1722 1723/1723/1723
f 1713/1713/1713 1723/1723/1723 1714/1714/1714
f 1714/1714/1714 1723/1723/1723 1724/1724/1724
f 1714/1714/1714 1724/1724/1724 1715/1715/1715
f 1715/1715/1715 1724/1724/1724 1725/1725/1725
f 1715/1715/1715 1725/1725/1725 1716/1716/1716
f 1717/1717/1717 1726/1726/1726 1727/1727/1727
f 1717/1717/1717 1727/1727/1727 1718/1718/1718
f 1718/1718/1718 1727/1727/1727 1728/1728/1728
f 1718/1718/1718 1728/1728/1728 1719/1719/1719
f 1719/1719/1719 1728/1728/1728 1729/1729/1729
f 1719/1719/1719 1729/1729/1729 1720/1720/1720
f 1720/1720/1720 1729/1729/1729 1730/1730/1730
f 1720/1720/1720 1730/1730/1730 1721/1721/1721
f 1721/1721/1721 1730/1730/1730 1731/1731/1731
f 1721/1721/1721 1731/1731/1731 1722/1722/1722
f 1722/1722/1722 1731/1731/1731 1732/1732/1732
f 1722/1722/1722 1732/1732/1732 1723/1723/1723
f 1723/1723/1723 1732/1732/1732 1733/1733/1733
f 1723/1723/1723 1733/1733/1733 1724/1724/1724
f 1724/1724/1724 1733/1733/1733 1734/1734/1734
f 1724/1724/1724 1734/1734/1734 1725/1725/1725
f 1726/1726/1726 1735/1735/1735 1736/1736/1736
f 1726/1726/1726 1736/1736/1736 1727/1727/1727
f 1727/1727/1727 1736/1736/1736 1737/1737/1737
f 1727/1727/1727 1737/1737/1737 1728/1728/1728
f 1728/1728/1728 1737/1737/1737 1738/1738/1738
f 1728/1728/1728 1738/1738/1738 1729/1729/1729
f 1729/1729/1729 1738/1738/1738 1739/1739/1739
f 1729/1729/1729 1739/1739/1739 1730/1730/1730
f 1730/1730/1730 1739/1739/1739 1740/1740/1740
f 1730/1730/1730 1740/1740/1740 1731/1731/1731
f 1731/1731/1731 1740/1740/1740 1741/1741/1741
f 1731/1731/1731 1741/1741/1741 1732/1732/1732
f 1732/1732/1732 1741/1741/1741 1742/1742/1742
f 1732/1732/1732 1742/1742/1742 1733/1733/1733
f 1733/1733/1733 1742/1742/1742 1743/1743/1743
f 1733/1733/1733 1743/1743/1743 1734/1734/1734
f 1735/1735/1735 1744/1744/1744 1745/1745/1745
f 1735/1735/1735 1745/1745/1745 1736/1736/1736
f 1736/1736/1736 1745/1745/1745 1746/1746/1746
f 1736/1736/1736 1746/1746/1746 1737/1737/1737
f 1737/1737/1737 1746/1746/1746 1747/1747/1747
f 1737/1737/1737 1747/1747/1747 1738/1738/1738
f 1738/1738/1738 1747/1747/1747 1748/1748/1748
f 1738/1738/1738 1748/1748/1748 1739/1739/1739
f 1739/1739/1739 1748/1748/1748 1749/1749/1749
f 1739/1739/1739 1749/1749/1749 1740/1740/1740
f 1740/1740/1740 1749/1749/1749 1750/1750/1750
f 1740/1740/1740 1750/1750/1750 1741/1741/1741
f 1741/1741/1741 1750/1750/1750 1751/1751/1751
f 1741/1741/1741 1751/1751/1751 1742/1742/1742
f 1742/1742/1742 1751/1751/1751 1752/1752/1752
f 1742/1742/1742 1752/1752/1752 1743/1743/1743
f 1744/1744/1744 1753/1753/1753 1754/1754/1754
f 1744/1744/1744 1754/1754/1754 1745/1745/1745
f 1745/1745/1745 1754/1754/1754 1755/1755/1755
f 1745/1745/1745 1755/1755/1755 1746/1746/1746
f 1746/1746/1746 1755/1755/1755 1756/1756/1756
f 1746/1746/1746 1756/1756/1756 1747/1747/1747
f 1747/1747/1747 1756/1756/1756 1757/1757/1757
f 1747/1747/1747 1757/1757/1757 1748/1748/1748
f 1748/1748/1748 1757/1757/1757 1758/1758/1758
f 1748/1748/1748 1758/1758/1758 1749/1749/1749
f 1749/1749/1749 1758/1758/1758 1759/1759/1759
f 1749/1749/1749 1759/1759/1759 1750/1750/1750
f 1750/1750/1750 1759/1759/1759 1760/1760/1760
f 1750/1750/1750 1760/1760/1760 1751/1751/1751
f 1751/1751/1751 1760/1760/1760 1761/1761/1761
f 1751/1751/1751 1761/1761/1761 1752/1752/1752
f 1762/1762/1762 1783/1783/1783 1784/1784/1784
f 1762/1762/1762 1784/1784/1784 1763/1763/1763
f 1763/1763/1763 1784/1784/1784 1785/1785/1785
f 1763/1763/1763 1785/1785/1785 1764/1764/1764
f 1764/1764/1764 1785/1785/1785 1786/1786/1786
f 1764/1764/1764 1786/1786/1786 1765/1765/1765
f 1765/1765/1765 1786/1786/1786 1787/1787/1787
f 1765/1765/1765 1787/1787/1787 1766/1766/1766
f 1766/1766/1766 1787/1787/1787 1788/1788/1788
f 1766/1766/1766 1788/1788/1788 1767/1767/1767
f 1767/1767/1767 1788/1788/1788 1789/1789/1789
f 1767/1767/1767 1789/1789/1789 1768/1768/1768
f 1768/1768/1768 1789/1789/1789 1790/1790/1790
f 1768/1768/1768 1790/1790/1790 1769/1769/1769
f 1769/1769/1769 1790/1790/1790 1791/1791/1791
f 1769/1769/1769 1791/1791/1791 1770/1770/1770
f 1770/1770/1770 1791/1791/1791 1792/1792/1792
f 1770/1770/1770 1792/1792/1792 1771/1771/1771
f 1771/1771/1771 1792/1792/1792 1793/1793/1793
f 1771/1771/1771 1793/1793/1793 1772/1772/1772
f 1772/1772/1772 1793/1793/1793 1794/1794/1794
f 1772/1772/1772 1794/1794/1794 1773/1773/1773
f 1773/1773/1773 1794/1794/1794 1795/1795/1795
f 1773/1773/1773 1795/1795/1795 1774/1774/1774
f 1774/1774/1774 1795/1795/1795 1796/1796/1796
f 1774/1774/1774 1796/1796/1796 1775/1775/1775
f 1775/1775/1775 1796/1796/1796 1797/1797/1797
f 1775/1775/1775 1797/1797/1797 1776/1776/1776
f 1776/1776/1776 1797/1797/1797 1798/1798/1798
f 1776/1776/1776 1798/1798/1798 1777/1777/1777
f 1777/1777/1777 1798/1798/1798 1799/1799/1799
f 1777/1777/1777 1799/1799/1799 1778/1778/1778
f 1778/1778/1778 1799/1799/1799 1800/1800/1800
f 1778/1778/1778 1800/1800/1800 1779/1779/1779
f 1779/1779/1779 1800/1800/1800 1801/1801/1801
f 1779/1779/1779 1801/1801/1801 1780/1780/1780
f 1780/1780/1780 1801/1801/1801 1802/1802/1802
f 1780/1780/1780 1802/1802/1802 1781/1781/1781
f 1781/1781/1781 1802/1802/1802 1803/1803/1803
f 1781/1781/1781 1803/1803/1803 1782/1782/1782
f 1783/1783/1783 1804/1804/1804 1805/1805/1805
f 1783/1783/1783 1805/1805/1805 1784/1784/1784
f 1784/1784/1784 1805/1805/1805 1806/1806/1806
f 1784/1784/1784 1806/1806/1806 1785/1785/1785
f 1785/1785/1785 1806/1806/1806 1807/1807/1807
f 1785/1785/1785 1807/1807/1807 1786/1786/1786
f 1786/1786/1786 1807/1807/1807 1808/1808/1808
f 1786/1786/1786 1808/1808/1808 1787/1787/1787
f 1787/1787/1787 1808/1808/1808 1809/1809/1809
f 1787/1787/1787 1809/1809/1809 1788/1788/1788
f 1788/1788/1788 1809/1809/1809 1810/1810/1810
f 1788/1788/1788 1810/1810/1810 1789/1789/1789
f 1789/1789/1789 1810/1810/1810 1811/1811/1811
f 1789/1789/1789 1811/1811/1811 1790/1790/1790
f 1790/1790/1790 1811/1811/1811 1812/1812/1812
f 1790/1790/1790 1812/1812/1812 1791/1791/1791
f 1791/1791/1791 1812/1812/1812 1813/1813/1813
f 1791/1791/1791 1813/1813/1813 1792/1792/1792
f 1792/1792/1792 1813/1813/1813 1814/1814/1814
f 1792/1792/1792 1814/1814/1814 1793/1793/1793
f 1793/1793/1793 1814/1814/1814 1815/1815/1815
f 1793/1793/1793 1815/1815/1815 1794/1794/1794
f 1794/1794/1794 1815/1815/1815 1816/1816/1816
f 1794/1794/1794 1816/1816/1816 1795/1795/1795
f 1795/1795/1795 1816/1816/1816 1817/1817/1817
f 1795/1795/1795 1817/1817/1817 1796/1796/1796
f 1796/1796/1796 1817/1817/1817 1818/1818/1818
f 1796/1796/1796 1818/1818/1818 1797/1797/1797
f 1797/1797/1797 1818/1818/1818 1819/1819/1819
f 1797/1797/1797 1819/1819/1819 1798/1798/1798
f 1798/1798/1798 1819/1819/1819 1820/1820/1820
f 1798/1798/1798 1820/1820/1820 1799/1799/1799
f 1799/1799/1799 1820/1820/1820 1821/1821/1821
f 1799/1799/1799 1821/1821/1821 1800/1800/1800
f 1800/1800/1800 1821/1821/1821 1822/1822/1822
f 1800/1800/1800 1822/1822/1822 1801/1801/1801
f 1801/1801/1801 1822/1822/1822 1823/1823/1823
f 1801/1801/1801 1823/1823/1823 1802/1802/1802
f 1802/1802/1802 1823/1823/1823 1824/1824/1824
f 1802/1802/1802 1824/1824/1824 1803/1803/1803
f 1804/1804/1804 1825/1825/1825 1826/1826/1826
f 1804/1804/1804 1826/1826/1826 1805/1805/1805
f 1805/1805/1805 1826/1826/1826 1827/1827/1827
f 1805/1805/1805 1827/1827/1827 1806/1806/1806
f 1806/1806/1806 1827/1827/1827 1828/1828/1828
f 1806/1806/1806 1828/1828/1828 1807/1807/1807
f 1807/1807/1807 1828/1828/1828 1829/1829/1829
f 1807/1807/1807 1829/1829/1829 1808/1808/1808
f 1808/1808/1808 1829/1829/1829 1830/1830/1830
f 1808/1808/1808 1830/1830/1830 1809/1809/1809
f 1809/1809/1809 1830/1830/1830 1831/1831/1831
f 1809/1809/1809 1831/1831/1831 1810/1810/1810
f 1810/1810/1810 1831/1831/1831 1832/1832/1832
f 1810/1810/1810 1832/1832/1832 1811/1811/1811
f 1811/1811/1811 1832/1832/1832 1833/1833/1833
f 1811/1811/1811 1833/1833/1833 1812/1812/1812
f 1812/1812/1812 1833/1833/1833 1834/1834/1834
f 1812/1812/1812 1834/1834/1834 1813/1813/1813
f 1813/1813/1813 1834/1834/1834 1835/1835/1835
f 1813/1813/1813 1835/1835/1835 1814/1814/1814
f 1814/1814/1814 1835/1835/1835 1836/1836/1836
f 1814/1814/1814 1836/1836/1836 1815/1815/1815
f 1815/1815/1815 1836/1836/1836 1837/1837/1837
f 1815/1815/1815 1837/1837/1837 1816/1816/1816
f 1816/1816/1816 1837/1837/1837 1838/1838/1838
f 1816/1816/1816 1838/1838/1838 1817/1817/1817
f 1817/1817/1817 1838/1838/1838 1839/1839/1839
f 1817/1817/1817 1839/1839/1839 1818/1818/1818
f 1818/1818/1818 1839/1839/1839 1840/1840/1840
f 1818/1818/1818 1840/1840/1840 1819/1819/1819
f 1819/1819/1819 1840/1840/1840 1841/1841/1841
f 1819/1819/1819 1841/1841/1841 1820/1820/1820
f 1820/1820/1820 1841/1841/1841 1842/1842/1842
f 1820/1820/1820 1842/1842/1842 1821/1821/1821
f 1821/1821/1821 1842/1842/1842 1843/1843/1843
f 1821/1821/1821 1843/1843/1843 1822/1822/1822
f 1822/1822/1822 1843/1843/1843 1844/1844/1844
f 1822/1822/1822 1844/1844/1844 1823/1823/1823
f 1823/1823/1823 1844/1844/1844 1845/1845/1845
f 1823/1823/1823 1845/1845/1845 1824/1824/1824
f 1825/1825/1825 1846/1846/1846 1847/1847/1847
f 1825/1825/1825 1847/1847/1847 1826/1826/1826
f 1826/1826/1826 1847/1847/1847 1848/1848/1848
f 1826/1826/1826 1848/1848/1848 1827/1827/1827
f 1827/1827/1827 1848/1848/1848 1849/1849/1849
f 1827/1827/1827 1849/1849/1849 1828/1828/1828
f 1828/1828/1828 1849/1849/1849 1850/1850/1850
f 1828/1828/1828 1850/1850/1850 1829/1829/1829
f 1829/1829/1829 1850/1850/1850 1851/1851/1851
f 1829/1829/1829 1851/1851/1851 1830/1830/1830
f 1830/1830/1830 1851/1851/1851 1852/1852/1852
f 1830/1830/1830 1852/1852/1852 1831/1831/1831
f 1831/1831/1831 1852/1852/1852 1853/1853/1853
f 1831/1831/1831 1853/1853/1853 1832/1832/1832
f 1832/1832/1832 1853/1853/1853 1854/1854/1854
f 1832/1832/1832 1854/1854/1854 1833/1833/1833
f 1833/1833/1833 1854/1854/1854 1855/1855/1855
f 1833/1833/1833 1855/1855/1855 1834/1834/1834
f 1834/1834/1834 1855/1855/1855 1856/1856/1856
f 1834/1834/1834 1856/1856/1856 1835/1835/1835
f 1835/1835/1835 1856/1856/1856 1857/1857/1857
f 1835/1835/1835 1857/1857/1857 1836/1836/1836
f 1836/1836/1836 1857/1857/1857 1858/1858/1858
f 1836/1836/1836 1858/1858/1858 1837/1837/1837
f 1837/1837/1837 1858/1858/1858 1859/1859/1859
f 1837/1837/1837 1859/1859/1859 1838/1838/1838
f 1838/1838/1838 1859/1859/1859 1860/1860/1860
f 1838/1838/1838 1860/1860/1860 1839/1839/1839
f 1839/1839/1839 1860/1860/1860 1861/1861/1861
f 1839/1839/1839 1861/1861/1861 1840/1840/1840
f 1840/1840/1840 1861/1861/1861 1862/1862/1862
f 1840/1840/1840 1862/1862/1862 1841/1841/1841
f 1841/1841/1841 1862/1862/1862 1863/1863/1863
f 1841/1841/1841 1863/1863/1863 1842/1842/1842
f 1842/1842/1842 1863/1863/1863 1864/1864/1864
f 1842/1842/1842 1864/1864/1864 1843/1843/1843
f 1843/1843/1843 1864/1864/1864 1865/1865/1865
f 1843/1843/1843 1865/1865/1865 1844/1844/1844
f 1844/1844/1844 1865/1865/1865 1866/1866/1866
f 1844/1844/1844 1866/1866/1866 1845/1845/1845
f 1846/1846/1846 1867/1867/1867 1868/1868/1868
f 1846/1846/1846 1868/1868/1868 1847/1847/1847
f 1847/1847/1847 1868/1868/1868 1869/1869/1869
f 1847/1847/1847 1869/1869/1869 1848/1848/1848
f 1848/1848/1848 1869/1869/1869 1870/1870/1870
f 1848/1848/1848 1870/1870/1870 1849/1849/1849
f 1849/1849/1849 1870/1870/1870 1871/1871/1871
f 1849/1849/1849 1871/1871/1871 1850/1850/1850
f 1850/1850/1850 1871/1871/1871 1872/1872/1872
f 1850/1850/1850 1872/1872/1872 1851/1851/1851
f 1851/1851/1851 1872/1872/1872 1873/1873/1873
f 1851/1851/1851 1873/1873/1873 1852/1852/1852
f 1852/1852/1852 1873/1873/1873 1874/1874/1874
f 1852/1852/1852 1874/1874/1874 1853/1853/1853
f 1853/1853/1853 1874/1874/1874 1875/1875/1875
f 1853/1853/1853 1875/1875/1875 1854/1854/1854
f 1854/1854/1854 1875/1875/1875 1876/1876/1876
f 1854/1854/1854 1876/1876/1876 1855/1855/1855
f 1855/1855/1855 1876/1876/1876 1877/1877/1877
f 1855/1855/1855 1877/1877/1877 1856/1856/1856
f 1856/1856/1856 1877/1877/1877 1878/1878/1878
f 1856/1856/1856 1878/1878/1878 1857/1857/1857
f 1857/1857/1857 1878/1878/1878 1879/1879/1879
f 1857/1857/1857 1879/1879/1879 1858/1858/1858
f 1858/1858/1858 1879/1879/1879 1880/1880/1880
f 1858/1858/1858 1880/1880/1880 1859/1859/1859
f 1859/1859/1859 1880/1880/1880 1881/1881/1881
f 1859/1859/1859 1881/1881/1881 1860/1860/1860
f 1860/1860/1860 1881/1881/1881 1882/1882/1882
f 1860/1860/1860 1882/1882/1882 1861/1861/1861
f 1861/1861/1861 1882/1882/1882 1883/1883/1883
f 1861/1861/1861 1883/1883/1883 1862/1862/1862
f 1862/1862/1862 1883/1883/1883 1884/1884/1884
f 1862/1862/1862 1884/1884/1884 1863/1863/1863
f 1863/1863/1863 1884/1884/1884 1885/1885/1885
f 1863/1863/1863 1885/1885/1885 1864/1864/1864
f 1864/1864/1864 1885/1885/1885 1886/1886/1886
f 1864/1864/1864 1886/1886/1886 1865/1865/1865
f 1865/1865/1865 1886/1886/1886 1887/1887/1887
f 1865/1865/1865 1887/1887/1887 1866/1866/1866
f 1867/1867/1867 1888/1888/1888 1889/1889/1889
f 1867/1867/1867 1889/1889/1889 1868/1868/1868
f 1868/1868/1868 1889/1889/1889 1890/1890/1890
f 1868/1868/1868 1890/1890/1890 1869/1869/1869
f 1869/1869/1869 1890/1890/1890 1891/1891/1891
f 1869/1869/1869 1891/1891/1891 1870/1870/1870
f 1870/1870/1870 1891/1891/1891 1892/1892/1892
f 1870/1870/1870 1892/1892/1892 1871/1871/1871
f 1871/1871/1871 1892/1892/1892 1893/1893/1893
f 1871/1871/1871 1893/1893/1893 1872/1872/1872
f 1872/1872/1872 1893/1893/1893 1894/1894/1894
f 1872/1872/1872 1894/1894/1894 1873/1873/1873
f 1873/1873/1873 1894/1894/1894 1895/1895/1895
f 1873/1873/1873 1895/1895/1895 1874/1874/1874
f 1874/1874/1874 1895/1895/1895 1896/1896/1896
f 1874/1874/1874 1896/1896/1896 1875/1875/1875
f 1875/1875/1875 1896/1896/1896 1897/1897/1897
f 1875/1875/1875 1897/1897/1897 1876/1876/1876
f 1876/1876/1876 1897/1897/1897 1898/1898/1898
f 1876/1876/1876 1898/1898/1898 1877/1877/1877
f 1877/1877/1877 1898/1898/1898 1899/1899/1899
f 1877/1877/1877 1899/1899/1899 1878/1878/1878
f 1878/1878/1878 1899/1899/1899 1900/1900/1900
f 1878/1878/1878 1900/1900/1900 1879/1879/1879
f 1879/1879/1879 1900/1900/1900 1901/1901/1901
f 1879/1879/1879 1901/1901/1901 1880/1880/1880
f 1880/1880/1880 1901/1901/1901 1902/1902/1902
f 1880/1880/1880 1902/1902/1902 1881/1881/1881
f 1881/1881/1881 1902/1902/1902 1903/1903/1903
f 1881/1881/1881 1903/1903/1903 1882/1882/1882
f 1882/1882/1882 1903/1903/1903 1904/1904/1904
f 1882/1882/1882 1904/1904/1904 1883/1883/1883
f 1883/1883/1883 1904/1904/1904 1905/1905/1905
f 1883/1883/1883 1905/1905/1905 1884/1884/1884
f 1884/1884/1884 1905/1905/1905 1906/1906/1906
f 1884/1884/1884 1906/1906/1906 1885/1885/1885
f 1885/1885/1885 1906/1906/1906 1907/1907/1907
f 1885/1885/1885 1907/1907/1907 1886/1886/1886
f 1886/1886/1886 1907/1907/1907 1908/1908/1908
f 1886/1886/1886 1908/1908/1908 1887/1887/1887
f 1888/1888/1888 1909/1909/1909 1910/1910/1910
f 1888/1888/1888 1910/1910/1910 1889/1889/1889
f 1889/1889/1889 1910/1910/1910 1911/1911/1911
f 1889/1889/1889 1911/1911/1911 1890/1890/1890
f 1890/1890/1890 1911/1911/1911 1912/1912/1912
f 1890/1890/1890 1912/1912/1912 1891/1891/1891
f 1891/1891/1891 1912/1912/1912 1913/1913/1913
f 1891/1891/1891 1913/1913/1913 1892/1892/1892
f 1892/1892/1892 1913/1913/1913 1914/1914/1914
f 1892/1892/1892 1914/1914/1914 1893/1893/1893
f 1893/1893/1893 1914/1914/1914 1915/1915/1915
f 1893/1893/1893 1915/1915/1915 1894/1894/1894
f 1894/1894/1894 1915/1915/1915 1916/1916/1916
f 1894/1894/1894 1916/1916/1916 1895/1895/1895
f 1895/1895/1895 1916/1916/1916 1917/1917/1917
f 1895/1895/1895 1917/1917/1917 1896/1896/1896
f 1896/1896/1896 1917/1917/1917 1918/1918/1918
f 1896/1896/1896 1918/1918/1918 1897/1897/1897
f 1897/1897/1897 1918/1918/1918 1919/1919/1919
f 1897/1897/1897 1919/1919/1919 1898/1898/1898
f 1898/1898/1898 1919/1919/1919 1920/1920/1920
f 1898/1898/1898 1920/1920/1920 1899/1899/1899
f 1899/1899/1899 1920/1920/1920 1921/1921/1921
f 1899/1899/1899 1921/1921/1921 1900/1900/1900
f 1900/1900/1900 1921/1921/1921 1922/1922/1922
f 1900/1900/1900 1922/1922/1922 1901/1901/1901
f 1901/1901/1901 1922/1922/1922 1923/1923/1923
f 1901/1901/1901 1923/1923/1923 1902/1902/1902
f 1902/1902/1902 1923/1923/1923 1924/1924/1924
f 1902/1902/1902 1924/1924/1924 1903/1903/1903
f 1903/1903/1903 1924/1924/1924 1925/1925/1925
f 1903/1903/1903 1925/1925/1925 1904/1904/1904
f 1904/1904/1904 1925/1925/1925 1926/1926/1926
f 1904/1904/1904 1926/1926/1926 1905/1905/1905
f 1905/1905/1905 1926/1926/1926 1927/1927/1927
f 1905/1905/1905 1927/1927/1927 1906/1906/1906
f 1906/1906/1906 1927/1927/1927 1928/1928/1928
f 1906/1906/1906 1928/1928/1928 1907/1907/1907
f 1907/1907/1907 1928/1928/1928 1929/1929/1929
f 1907/1907/1907 1929/1929/1929 1908/1908/1908
f 1909/1909/1909 1930/1930/1930 1931/1931/1931
f 1909/1909/1909 1931/1931/1931 1910/1910/1910
f 1910/1910/1910 1931/1931/1931 1932/1932/1932
f 1910/1910/1910 1932/1932/1932 1911/1911/1911
f 1911/1911/1911 1932/1932/1932 1933/1933/1933
f 1911/1911/1911 1933/1933/1933 1912/1912/1912
f 1912/1912/1912 1933/1933/1933 1934/1934/1934
f 1912/1912/1912 1934/1934/1934 1913/1913/1913
f 1913/1913/1913 1934/1934/1934 1935/1935/1935
f 1913/1913/1913 1935/1935/1935 1914/1914/1914
f 1914/1914/1914 1935/1935/1935 1936/1936/1936
f 1914/1914/1914 1936/1936/1936 1915/1915/1915
f 1915/1915/1915 1936/1936/1936 1937/1937/1937
f 1915/1915/1915 1937/1937/1937 1916/1916/1916
f 1916/1916/1916 1937/1937/1937 1938/1938/1938
f 1916/1916/1916 1938/1938/1938 1917/1917/1917
f 1917/1917/1917 1938/1938/1938 1939/1939/1939
f 1917/1917/1917 1939/1939/1939 1918/1918/1918
f 1918/1918/1918 1939/1939/1939 1940/1940/1940
f 1918/1918/1918 1940/1940/1940 1919/1919/1919
f 1919/1919/1919 1940/1940/1940 1941/1941/1941
f 1919/1919/1919 1941/1941/1941 1920/1920/1920
f 1920/1920/1920 1941/1941/1941 1942/1942/1942
f 1920/1920/1920 1942/1942/1942 1921/1921/1921
f 1921/1921/1921 1942/1942/1942 1943/1943/1943
f 1921/1921/1921 1943/1943/1943 1922/1922/1922
f 1922/1922/1922 1943/1943/1943 1944/1944/1944
f 1922/1922/1922 1944/1944/1944 1923/1923/1923
f 1923/1923/1923 1944/1944/1944 1945/1945/1945
f 1923/1923/1923 1945/1945/1945 1924/1924/1924
f 1924/1924/1924 1945/1945/1945 1946/1946/1946
f 1924/1924/1924 1946/1946/1946 1925/1925/1925
f 1925/1925/1925 1946/1946/1946 1947/1947/1947
f 1925/1925/1925 1947/1947/1947 1926/1926/1926
f 1926/1926/1926 1947/1947/1947 1948/1948/1948
f 1926/1926/1926 1948/1948/1948 1927/1927/1927
f 1927/1927/1927 1948/1948/1948 1949/1949/1949
f 1927/1927/1927 1949/1949/1949 1928/1928/1928
f 1928/1928/1928 1949/1949/1949 1950/1950/1950
f 1928/1928/1928 1950/1950/1950 1929/1929/1929
f 1930/1930/1930 1951/1951/1951 1952/1952/1952
f 1930/1930/1930 1952/1952/1952 1931/1931/1931
f 1931/1931/1931 1952/1952/1952 1953/1953/1953
f 1931/1931/1931 1953/1953/1953 1932/1932/1932
f 1932/1932/1932 1953/1953/1953 1954/1954/1954
f 1932/1932/1932 1954/1954/1954 1933/1933/1933
f 1933/1933/1933 1954/1954/1954 1955/1955/1955
f 1933/1933/1933 1955/1955/1955 1934/1934/1934
f 1934/1934/1934 1955/1955/1955 1956/1956/1956
f 1934/1934/1934 1956/1956/1956 1935/1935/1935
f 1935/1935/1935 1956/1956/1956 1957/1957/1957
f 1935/1935/1935 1957/1957/1957 1936/1936/1936
f 1936/1936/1936 1957/1957/1957 1958/1958/1958
f 1936/1936/1936 1958/1958/1958 1937/1937/1937
f 1937/1937/1937 1958/1958/1958 1959/1959/1959
f 1937/1937/1937 1959/1959/1959 1938/1938/1938
f 1938/1938/1938 1959/1959/1959 1960/1960/1960
f 1938/1938/1938 1960/1960/1960 1939/1939/1939
f 1939/1939/1939 1960/1960/1960 1961/1961/1961
f 1939/1939/1939 1961/1961/1961 1940/1940/1940
f 1940/1940/1940 1961/1961/1961 1962/1962/1962
f 1940/1940/1940 1962/1962/1962 1941/1941/1941
f 1941/1941/1941 1962/1962/1962 1963/1963/1963
f 1941/1941/1941 1963/1963/1963 1942/1942/1942
f 1942/1942/1942 1963/1963/1963 1964/1964/1964
f 1942/1942/1942 1964/1964/1964 1943/1943/1943
f 1943/1943/1943 1964/1964/1964 1965/1965/1965
f 1943/1943/1943 1965/1965/1965 1944/1944/1944
f 1944/1944/1944 1965/1965/1965 1966/1966/1966
f 1944/1944/1944 1966/1966/1966 1945/1945/1945
f 1945/1945/1945 1966/1966/1966 1967/1967/1967
f 1945/1945/1945 1967/1967/1967 1946/1946/1946
f 1946/1946/1946 1967/1967/1967 1968/1968/1968
f 1946/1946/1946 1968/1968/1968 1947/1947/1947
f 1947/1947/1947 1968/1968/1968 1969/1969/1969
f 1947/1947/1947 1969/1969/1969 1948/1948/1948
f 1948/1948/1948 1969/1969/1969 1970/1970/1970
f 1948/1948/1948 1970/1970/1970 1949/1949/1949
f 1949/1949/1949 1970/1970/1970 1971/1971/1971
f 1949/1949/1949 1971/1971/1971 1950/1950/1950
f 1951/1951/1951 1972/1972/1972 1973/1973/1973
f 1951/1951/1951 1973/1973/1973 1952/1952/1952
f 1952/1952/1952 1973/1973/1973 1974/1974/1974
f 1952/1952/1952 1974/1974/1974 1953/1953/1953
f 1953/1953/1953 1974/1974/1974 1975/1975/1975
f 1953/1953/1953 1975/1975/1975 1954/1954/1954
f 1954/1954/1954 1975/1975/1975 1976/1976/1976
f 1954/1954/1954 1976/1976/1976 1955/1955/1955
f 1955/1955/1955 1976/1976/1976 1977/1977/1977
f 1955/1955/1955 1977/1977/1977 1956/1956/1956
f 1956/1956/1956 1977/1977/1977 1978/1978/1978
f 1956/1956/1956 1978/1978/1978 1957/1957/1957
f 1957/1957/1957 1978/1978/1978 1979/1979/1979
f 1957/1957/1957 1979/1979/1979 1958/1958/1958
f 1958/1958/1958 1979/1979/1979 1980/1980/1980
f 1958/1958/1958 1980/1980/1980 1959/1959/1959
f 1959/1959/1959 1980/1980/1980 1981/1981/1981
f 1959/1959/1959 1981/1981/1981 1960/1960/1960
f 1960/1960/1960 1981/1981/1981 1982/1982/1982
f 1960/1960/1960 1982/1982/1982 1961/1961/1961
f 1961/1961/1961 1982/1982/1982 1983/1983/1983
f 1961/1961/1961 1983/1983/1983 1962/1962/1962
f 1962/1962/1962 1983/1983/1983 1984/1984/1984
f 1962/1962/1962 1984/1984/1984 1963/1963/1963
f 1963/1963/1963 1984/1984/1984 1985/1985/1985
f 1963/1963/1963 1985/1985/1985 1964/1964/1964
f 1964/1964/1964 1985/1985/1985 1986/1986/1986
f 1964/1964/1964 1986/1986/1986 1965/1965/1965
f 1965/1965/1965 1986/1986/1986 1987/1987/1987
f 1965/1965/1965 1987/1987/1987 1966/1966/1966
f 1966/1966/1966 1987/1987/1987 1988/1988/1988
f 1966/1966/1966 1988/1988/1988 1967/1967/1967
f 1967/1967/1967 1988/1988/1988 1989/1989/1989
f 1967/1967/1967 1989/1989/1989 1968/1968/1968
f 1968/1968/1968 1989/1989/1989 1990/1990/1990
f 1968/1968/1968 1990/1990/1990 1969/1969/1969
f 1969/1969/1969 1990/1990/1990 1991/1991/1991
f 1969/1969/1969 1991/1991/1991 1970/1970/1970
f 1970/1970/1970 1991/1991/1991 1992/1992/1992
f 1970/1970/1970 1992/1992/1992 1971/1971/1971
f 1972/1972/1972 1993/1993/1993 1994/1994/1994
f 1972/1972/1972 1994/1994/1994 1973/1973/1973
f 1973/1973/1973 1994/1994/1994 1995/1995/1995
f 1973/1973/1973 1995/1995/1995 1974/1974/1974
f 1974/1974/1974 1995/1995/1995 1996/1996/1996
f 1974/1974/1974 1996/1996/1996 1975/1975/1975
f 1975/1975/1975 1996/1996/1996 1997/1997/1997
f 1975/1975/1975 1997/1997/1997 1976/1976/1976
f 1976/1976/1976 1997/1997/1997 1998/1998/1998
f 1976/1976/1976 1998/1998/1998 1977/1977/1977
f 1977/1977/1977 1998/1998/1998 1999/1999/1999
f 1977/1977/1977 1999/1999/1999 1978/1978/1978
f 1978/1978/1978 1999/1999/1999 2000/2000/2000
f 1978/1978/1978 2000/2000/2000 1979/1979/1979
f 1979/1979/1979 2000/2000/2000 2001/2001/2001
f 1979/1979/1979 2001/2001/2001 1980/1980/1980
f 1980/1980/1980 2001/2001/2001 2002/2002/2002
f 1980/1980/1980 2002/2002/2002 1981/1981/1981
f 1981/1981/1981 2002/2002/2002 2003/2003/2003
f 1981/1981/1981 2003/2003/2003 1982/1982/1982
f 1982/1982/1982 2003/2003/2003 2004/2004/2004
f 1982/1982/1982 2004/2004/2004 1983/1983/1983
f 1983/1983/1983 2004/2004/2004 2005/2005/2005
f 1983/1983/1983 2005/2005/2005 1984/1984/1984
f 1984/1984/1984 2005/2005/2005 2006/2006/2006
f 1984/1984/1984 2006/2006/2006 1985/1985/1985
f 1985/1985/1985 2006/2006/2006 2007/2007/2007
f 1985/1985/1985 2007/2007/2007 1986/1986/1986
f 1986/1986/1986 2007/2007/2007 2008/2008/2008
f 1986/1986/1986 2008/2008/2008 1987/1987/1987
f 1987/1987/1987 2008/2008/2008 2009/2009/2009
f 1987/1987/1987 2009/2009/2009 1988/1988/1988
f 1988/1988/1988 2009/2009/2009 2010/2010/2010
f 1988/1988/1988 2010/2010/2010 1989/1989/1989
f 1989/1989/1989 2010/2010/2010 2011/2011/2011
f 1989/1989/1989 2011/2011/2011 1990/1990/1990
f 1990/1990/1990 2011/2011/2011 2012/2012/2012
f 1990/1990/1990 2012/2012/2012 1991/1991/1991
f 1991/1991/1991 2012/2012/2012 2013/2013/2013
f 1991/1991/1991 2013/2013/2013 1992/1992/1992
f 1993/1993/1993 2014/2014/2014 2015/2015/2015
f 1993/1993/1993 2015/2015/2015 1994/1994/1994
f 1994/1994/1994 2015/2015/2015 2016/2016/2016
f 1994/1994/1994 2016/2016/2016 1995/1995/1995
f 1995/1995/1995 2016/2016/2016 2017/2017/2017
f 1995/1995/1995 2017/2017/2017 1996/1996/1996
f 1996/1996/1996 2017/2017/2017 2018/2018/2018
f 1996/1996/1996 2018/2018/2018 1997/1997/1997
f 1997/1997/1997 2018/2018/2018 2019/2019/2019
f 1997/1997/1997 2019/2019/2019 1998/1998/1998
f 1998/1998/1998 2019/2019/2019 2020/2020/2020
f 1998/1998/1998 2020/2020/2020 1999/1999/1999
f 1999/1999/1999 2020/2020/2020 2021/2021/2021
f 1999/1999/1999 2021/2021/2021 2000/2000/2000
f 2000/2000/2000 2021/2021/2021 2022/2022/2022
f 2000/2000/2000 2022/2022/2022 2001/2001/2001
f 2001/2001/2001 2022/2022/2022 2023/2023/2023
f 2001/2001/2001 2023/2023/2023 2002/2002/2002
f 2002/2002/2002 2023/2023/2023 2024/2024/2024
f 2002/2002/2002 2024/2024/2024 2003/2003/2003
f 2003/2003/2003 2024/2024/2024 2025/2025/2025
f 2003/2003/2003 2025/2025/2025 2004/2004/2004
f 2004/2004/2004 2025/2025/2025 2026/2026/2026
f 2004/2004/2004 2026/2026/2026 2005/2005/2005
f 2005/2005/2005 2026/2026/2026 2027/2027/2027
f 2005/2005/2005 2027/2027/2027 2006/2006/2006
f 2006/2006/2006 2027/2027/2027 2028/2028/2028
f 2006/2006/2006 2028/2028/2028 2007/2007/2007
f 2007/2007/2007 2028/2028/2028 2029/2029/2029
f 2007/2007/2007 2029/2029/2029 2008/2008/2008
f 2008/2008/2008 2029/2029/2029 2030/2030/2030
f 2008/2008/2008 2030/2030/2030 2009/2009/2009
f 2009/2009/2009 2030/2030/2030 2031/2031/2031
f 2009/2009/2009 2031/2031/2031 2010/2010/2010
f 2010/2010/2010 2031/2031/2031 2032/2032/2032
f 2010/2010/2010 2032/2032/2032 2011/2011/2011
f 2011/2011/2011 2032/2032/2032 2033/2033/2033
f 2011/2011/2011 2033/2033/2033 2012/2012/2012
f 2012/2012/2012 2033/2033/2033 2034/2034/2034
f 2012/2012/2012 2034/2034/2034 2013/2013/2013
f 2014/2014/2014 2035/2035/2035 2036/2036/2036
f 2014/2014/2014 2036/2036/2036 2015/2015/2015
f 2015/2015/2015 2036/2036/2036 2037/2037/2037
f 2015/2015/2015 2037/2037/2037 2016/2016/2016
f 2016/2016/2016 2037/2037/2037 2038/2038/2038
f 2016/2016/2016 2038/2038/2038 2017/2017/2017
f 2017/2017/2017 2038/2038/2038 2039/2039/2039
f 2017/2017/2017 2039/2039/2039 2018/2018/2018
f 2018/2018/2018 2039/2039/2039 2040/2040/2040
f 2018/2018/2018 2040/2040/2040 2019/2019/2019
f 2019/2019/2019 2040/2040/2040 2041/2041/2041
f 2019/2019/2019 2041/2041/2041 2020/2020/2020
f 2020/2020/2020 2041/2041/2041 2042/2042/2042
f 2020/2020/2020 2042/2042/2042 2021/2021/2021
f 2021/2021/2021 2042/2042/2042 2043/2043/2043
f 2021/2021/2021 2043/2043/2043 2022/2022/2022
f 2022/2022/2022 2043/2043/2043 2044/2044/2044
f 2022/2022/2022 2044/2044/2044 2023/2023/2023
f 2023/2023/2023 2044/2044/2044 2045/2045/2045
f 2023/2023/2023 2045/2045/2045 2024/2024/2024
f 2024/2024/2024 2045/2045/2045 2046/2046/2046
f 2024/2024/2024 2046/2046/2046 2025/2025/2025
f 2025/2025/2025 2046/2046/2046 2047/2047/2047
f 2025/2025/2025 2047/2047/2047 2026/2026/2026
f 2026/2026/2026 2047/2047/2047 2048/2048/2048
f 2026/2026/2026 2048/2048/2048 2027/2027/2027
f 2027/2027/2027 2048/2048/2048 2049/2049/2049
f 2027/2027/2027 2049/2049/2049 2028/2028/2028
f 2028/2028/2028 2049/2049/2049 2050/2050/2050
f 2028/2028/2028 2050/2050/2050 2029/2029/2029
f 2029/2029/2029 2050/2050/2050 2051/2051/2051
f 2029/2029/2029 2051/2051/2051 2030/2030/2030
f 2030/2030/2030 2051/2051/2051 2052/2052/2052
f 2030/2030/2030 2052/2052/2052 2031/2031/2031
f 2031/2031/2031 2052/2052/2052 2053/2053/2053
f 2031/2031/2031 2053/2053/2053 2032/2032/2032
f 2032/2032/2032 2053/2053/2053 2054/2054/2054
f 2032/2032/2032 2054/2054/2054 2033/2033/2033
f 2033/2033/2033 2054/2054/2054 2055/2055/2055
f 2033/2033/2033 2055/2055/2055 2034/2034/2034
f 2035/2035/2035 2056/2056/2056 2057/2057/2057
f 2035/2035/2035 2057/2057/2057 2036/2036/2036
f 2036/2036/2036 2057/2057/2057 2058/2058/2058
f 2036/2036/2036 2058/2058/2058 2037/2037/2037
f 2037/2037/2037 2058/2058/2058 2059/2059/2059
f 2037/2037/2037 2059/2059/2059 2038/2038/2038
f 2038/2038/2038 2059/2059/2059 2060/2060/2060
f 2038/2038/2038 2060/2060/2060 2039/2039/2039
f 2039/2039/2039 2060/2060/2060 2061/2061/2061
f 2039/2039/2039 2061/2061/2061 2040/2040/2040
f 2040/2040/2040 2061/2061/2061 2062/2062/2062
f 2040/2040/2040 2062/2062/2062 2041/2041/2041
f 2041/2041/2041 2062/2062/2062 2063/2063/2063
f 2041/2041/2041 2063/2063/2063 2042/2042/2042
f 2042/2042/2042 2063/2063/2063 2064/2064/2064
f 2042/2042/2042 2064/2064/2064 2043/2043/2043
f 2043/2043/2043 2064/2064/2064 2065/2065/2065
f 2043/2043/2043 2065/2065/2065 2044/2044/2044
f 2044/2044/2044 2065/2065/2065 2066/2066/2066
f 2044/2044/2044 2066/2066/2066 2045/2045/2045
f 2045/2045/2045 2066/2066/2066 2067/2067/2067
f 2045/2045/2045 2067/2067/2067 2046/2046/2046
f 2046/2046/2046 2067/2067/2067 2068/2068/2068
f 2046/2046/2046 2068/2068/2068 2047/2047/2047
f 2047/2047/2047 2068/2068/2068 2069/2069/2069
f 2047/2047/2047 2069/2069/2069 2048/2048/2048
f 2048/2048/2048 2069/2069/2069 2070/2070/2070
f 2048/2048/2048 2070/2070/2070 2049/2049/2049
f 2049/2049/2049 2070/2070/2070 2071/2071/2071
f 2049/2049/2049 2071/2071/2071 2050/2050/2050
f 2050/2050/2050 2071/2071/2071 2072/2072/2072
f 2050/2050/2050 2072/2072/2072 2051/2051/2051
f 2051/2051/2051 2072/2072/2072 2073/2073/2073
f 2051/2051/2051 2073/2073/2073 2052/2052/2052
f 2052/2052/2052 2073/2073/2073 2074/2074/2074
f 2052/2052/2052 2074/2074/2074 2053/2053/2053
f 2053/2053/2053 2074/2074/2074 2075/2075/2075
f 2053/2053/2053 2075/2075/2075 2054/2054/2054
f 2054/2054/2054 2075/2075/2075 2076/2076/2076
f 2054/2054/2054 2076/2076/2076 2055/2055/2055
f 2056/2056/2056 2077/2077/2077 2078/2078/2078
f 2056/2056/2056 2078/2078/2078 2057/2057/2057
f 2057/2057/2057 2078/2078/2078 2079/2079/2079
f 2057/2057/2057 2079/2079/2079 2058/2058/2058
f 2058/2058/2058 2079/2079/2079 2080/2080/2080
f 2058/2058/2058 2080/2080/2080 2059/2059/2059
f 2059/2059/2059 2080/2080/2080 2081/2081/2081
f 2059/2059/2059 2081/2081/2081 2060/2060/2060
f 2060/2060/2060 2081/2081/2081 2082/2082/2082
f 2060/2060/2060 2082/2082/2082 2061/2061/2061
f 2061/2061/2061 2082/2082/2082 2083/2083/2083
f 2061/2061/2061 2083/2083/2083 2062/2062/2062
f 2062/2062/2062 2083/2083/2083 2084/2084/2084
f 2062/2062/2062 2084/2084/2084 2063/2063/2063
f 2063/2063/2063 2084/2084/2084 2085/2085/2085
f 2063/2063/2063 2085/2085/2085 2064/2064/2064
f 2064/2064/2064 2085/2085/2085 2086/2086/2086
f 2064/2064/2064 2086/2086/2086 2065/2065/2065
f 2065/2065/2065 2086/2086/2086 2087/2087/2087
f 2065/2065/2065 2087/2087/2087 2066/2066/2066
f 2066/2066/2066 2087/2087/2087 2088/2088/2088
f 2066/2066/2066 2088/2088/2088 2067/2067/2067
f 2067/2067/2067 2088/2088/2088 2089/2089/2089
f 2067/2067/2067 2089/2089/2089 2068/2068/2068
f 2068/2068/2068 2089/2089/2089 2090/2090/2090
f 2068/2068/2068 2090/2090/2090 2069/2069/2069
f 2069/2069/2069 2090/2090/2090 2091/2091/2091
f 2069/2069/2069 2091/2091/2091 2070/2070/2070
f 2070/2070/2070 2091/2091/2091 2092/2092/2092
f 2070/2070/2070 2092/2092/2092 2071/2071/2071
f 2071/2071/2071 2092/2092/2092 2093/2093/2093
f 2071/2071/2071 2093/2093/2093 2072/2072/2072
f 2072/2072/2072 2093/2093/2093 2094/2094/2094
f 2072/2072/2072 2094/2094/2094 2073/2073/2073
f 2073/2073/2073 2094/2094/2094 2095/2095/2095
f 2073/2073/2073 2095/2095/2095 2074/2074/2074
f 2074/2074/2074 2095/2095/2095 2096/2096/2096
f 2074/2074/2074 2096/2096/2096 2075/2075/2075
f 2075/2075/2075 2096/2096/2096 2097/2097/2097
f 2075/2075/2075 2097/2097/2097 2076/2076/2076
f 2077/2077/2077 2098/2098/2098 2099/2099/2099
f 2077/2077/2077 2099/2099/2099 2078/2078/2078
f 2078/2078/2078 2099/2099/2099 2100/2100/2100
f 2078/2078/2078 2100/2100/2100 2079/2079/2079
f 2079/2079/2079 2100/2100/2100 2101/2101/2101
f 2079/2079/2079 2101/2101/2101 2080/2080/2080
f 2080/2080/2080 2101/2101/2101 2102/2102/2102
f 2080/2080/2080 2102/2102/2102 2081/2081/2081
f 2081/2081/2081 2102/2102/2102 2103/2103/2103
f 2081/2081/2081 2103/2103/2103 2082/2082/2082
f 2082/2082/2082 2103/2103/2103 2104/2104/2104
f 2082/2082/2082 2104/2104/2104 2083/2083/2083
f 2083/2083/2083 2104/2104/2104 2105/2105/2105
f 2083/2083/2083 2105/2105/2105 2084/2084/2084
f 2084/2084/2084 2105/2105/2105 2106/2106/2106
f 2084/2084/2084 2106/2106/2106 2085/2085/2085
f 2085/2085/2085 2106/2106/2106 2107/2107/2107
f 2085/2085/2085 2107/2107/2107 2086/2086/2086
f 2086/2086/2086 2107/2107/2107 2108/2108/2108
f 2086/2086/2086 2108/2108/2108 2087/2087/2087
f 2087/2087/2087 2108/2108/2108 2109/2109/2109
f 2087/2087/2087 2109/2109/2109 2088/2088/2088
f 2088/2088/2088 2109/2109/2109 2110/2110/2110
f 2088/2088/2088 2110/2110/2110 2089/2089/2089
f 2089/2089/2089 2110/2110/2110 2111/2111/2111
f 2089/2089/2089 2111/2111/2111 2090/2090/2090
f 2090/2090/2090 2111/2111/2111 2112/2112/2112
f 2090/2090/2090 2112/2112/2112 2091/2091/2091
f 2091/2091/2091 2112/2112/2112 2113/2113/2113
f 2091/2091/2091 2113/2113/2113 2092/2092/2092
f 2092/2092/2092 2113/2113/2113 2114/2114/2114
f 2092/2092/2092 2114/2114/2114 2093/2093/2093
f 2093/2093/2093 2114/2114/2114 2115/2115/2115
f 2093/2093/2093 2115/2115/2115 2094/2094/2094
f 2094/2094/2094 2115/2115/2115 2116/2116/2116
f 2094/2094/2094 2116/2116/2116 2095/2095/2095
f 2095/2095/2095 2116/2116/2116 2117/2117/2117
f 2095/2095/2095 2117/2117/2117 2096/2096/2096
f 2096/2096/2096 2117/2117/2117 2118/2118/2118
f 2096/2096/2096 2118/2118/2118 2097/2097/2097
f 2098/2098/2098 2119/2119/2119 2120/2120/2120
f 2098/2098/2098 2120/2120/2120 2099/2099/2099
f 2099/2099/2099 2120/2120/2120 2121/2121/2121
f 2099/2099/2099 2121/2121/2121 2100/2100/2100
f 2100/2100/2100 2121/2121/2121 2122/2122/2122
f 2100/2100/2100 2122/2122/2122 2101/2101/2101
f 2101/2101/2101 2122/2122/2122 2123/2123/2123
f 2101/2101/2101 2123/2123/2123 2102/2102/2102
f 2102/2102/2102 2123/2123/2123 2124/2124/2124
f 2102/2102/2102 2124/2124/2124 2103/2103/2103
f 2103/2103/2103 2124/2124/2124 2125/2125/2125
f 2103/2103/2103 2125/2125/2125 2104/2104/2104
f 2104/2104/2104 2125/2125/2125 2126/2126/2126
f 2104/2104/2104 2126/2126/2126 2105/2105/2105
f 2105/2105/2105 2126/2126/2126 2127/2127/2127
f 2105/2105/2105 2127/2127/2127 2106/2106/2106
f 2106/2106/2106 2127/2127/2127 2128/2128/2128
f 2106/2106/2106 2128/2128/2128 2107/2107/2107
f 2107/2107/2107 2128/2128/2128 2129/2129/2129
f 2107/2107/2107 2129/2129/2129 2108/2108/2108
f 2108/2108/2108 2129/2129/2129 2130/2130/2130
f 2108/2108/2108 2130/2130/2130 2109/2109/2109
f 2109/2109/2109 2130/2130/2130 2131/2131/2131
f 2109/2109/2109 2131/2131/2131 2110/2110/2110
f 2110/2110/2110 2131/2131/2131 2132/2132/2132
f 2110/2110/2110 2132/2132/2132 2111/2111/2111
f 2111/2111/2111 2132/2132/2132 2133/2133/2133
f 2111/2111/2111 2133/2133/2133 2112/2112/2112
f 2112/2112/2112 2133/2133/2133 2134/2134/2134
f 2112/2112/2112 2134/2134/2134 2113/2113/2113
f 2113/2113/2113 2134/2134/2134 2135/2135/2135
f 2113/2113/2113 2135/2135/2135 2114/2114/2114
f 2114/2114/2114 2135/2135/2135 2136/2136/2136
f 2114/2114/2114 2136/2136/2136 2115/2115/2115
f 2115/2115/2115 2136/2136/2136 2137/2137/2137
f 2115/2115/2115 2137/2137/2137 2116/2116/2116
f 2116/2116/2116 2137/2137/2137 2138/2138/2138
f 2116/2116/2116 2138/2138/2138 2117/2117/2117
f 2117/2117/2117 2138/2138/2138 2139/2139/2139
f 2117/2117/2117 2139/2139/2139 2118/2118/2118
f 2119/2119/2119 2140/2140/2140 2141/2141/2141
f 2119/2119/2119 2141/2141/2141 2120/2120/2120
f 2120/2120/2120 2141/2141/2141 2142/2142/2142
f 2120/2120/2120 2142/2142/2142 2121/2121/2121
f 2121/2121/2121 2142/2142/2142 2143/2143/2143
f 2121/2121/2121 2143/2143/2143 2122/2122/2122
f 2122/2122/2122 2143/2143/2143 2144/2144/2144
f 2122/2122/2122 2144/2144/2144 2123/2123/2123
f 2123/2123/2123 2144/2144/2144 2145/2145/2145
f 2123/2123/2123 2145/2145/2145 2124/2124/2124
f 2124/2124/2124 2145/2145/2145 2146/2146/2146
f 2124/2124/2124 2146/2146/2146 2125/2125/2125
f 2125/2125/2125 2146/2146/2146 2147/2147/2147
f 2125/2125/2125 2147/2147/2147 2126/2126/2126
f 2126/2126/2126 2147/2147/2147 2148/2148/2148
f 2126/2126/2126 2148/2148/2148 2127/2127/2127
f 2127/2127/2127 2148/2148/2148 2149/2149/2149
f 2127/2127/2127 2149/2149/2149 2128/2128/2128
f 2128/2128/2128 2149/2149/2149 2150/2150/2150
f 2128/2128/2128 2150/2150/2150 2129/2129/2129
f 2129/2129/2129 2150/2150/2150 2151/2151/2151
f 2129/2129/2129 2151/2151/2151 2130/2130/2130
f 2130/2130/2130 2151/2151/2151 2152/2152/2152
f 2130/2130/2130 2152/2152/2152 2131/2131/2131
f 2131/2131/2131 2152/2152/2152 2153/2153/2153
f 2131/2131/2131 2153/2153/2153 2132/2132/2132
f 2132/2132/2132 2153/2153/2153 2154/2154/2154
f 2132/2132/2132 2154/2154/2154 2133/2133/2133
f 2133/2133/2133 2154/2154/2154 2155/2155/2155
f 2133/2133/2133 2155/2155/2155 2134/2134/2134
f 2134/2134/2134 2155/2155/2155 2156/2156/2156
f 2134/2134/2134 2156/2156/2156 2135/2135/2135
f 2135/2135/2135 2156/2156/2156 2157/2157/2157
f 2135/2135/2135 2157/2157/2157 2136/2136/2136
f 2136/2136/2136 2157/2157/2157 2158/2158/2158
f 2136/2136/2136 2158/2158/2158 2137/2137/2137
f 2137/2137/2137 2158/2158/2158 2159/2159/2159
f 2137/2137/2137 2159/2159/2159 2138/2138/2138
f 2138/2138/2138 2159/2159/2159 2160/2160/2160
f 2138/2138/2138 2160/2160/2160 2139/2139/2139
f 2140/2140/2140 2161/2161/2161 2162/2162/2162
f 2140/2140/2140 2162/2162/2162 2141/2141/2141
f 2141/2141/2141 2162/2162/2162 2163/2163/2163
f 2141/2141/2141 2163/2163/2163 2142/2142/2142
f 2142/2142/2142 2163/2163/2163 2164/2164/2164
f 2142/2142/2142 2164/2164/2164 2143/2143/2143
f 2143/2143/2143 2164/2164/2164 2165/2165/2165
f 2143/2143/2143 2165/2165/2165 2144/2144/2144
f 2144/2144/2144 2165/2165/2165 2166/2166/2166
f 2144/2144/2144 2166/2166/2166 2145/2145/2145
f 2145/2145/2145 2166/2166/2166 2167/2167/2167
f 2145/2145/2145 2167/2167/2167 2146/2146/2146
f 2146/2146/2146 2167/2167/2167 2168/2168/2168
f 2146/2146/2146 2168/2168/2168 2147/2147/2147
f 2147/2147/2147 2168/2168/2168 2169/2169/2169
f 2147/2147/2147 2169/2169/2169 2148/2148/2148
f 2148/2148/2148 2169/2169/2169 2170/2170/2170
f 2148/2148/2148 2170/2170/2170 2149/2149/2149
f 2149/2149/2149 2170/2170/2170 2171/2171/2171
f 2149/2149/2149 2171/2171/2171 2150/2150/2150
f 2150/2150/2150 2171/2171/2171 2172/2172/2172
f 2150/2150/2150 2172/2172/2172 2151/2151/2151
f 2151/2151/2151 2172/2172/2172 2173/2173/2173
f 2151/2151/2151 2173/2173/2173 2152/2152/2152
f 2152/2152/2152 2173/2173/2173 2174/2174/2174
f 2152/2152/2152 2174/2174/2174 2153/2153/2153
f 2153/2153/2153 2174/2174/2174 2175/2175/2175
f 2153/2153/2153 2175/2175/2175 2154/2154/2154
f 2154/2154/2154 2175/2175/2175 2176/2176/2176
f 2154/2154/2154 2176/2176/2176 2155/2155/2155
f 2155/2155/2155 2176/2176/2176 2177/2177/2177
f 2155/2155/2155 2177/2177/2177 2156/2156/2156
f 2156/2156/2156 2177/2177/2177 2178/2178/2178
f 2156/2156/2156 2178/2178/2178 2157/2157/2157
f 2157/2157/2157 2178/2178/2178 2179/2179/2179
f 2157/2157/2157 2179/2179/2179 2158/2158/2158
f 2158/2158/2158 2179/2179/2179 2180/2180/2180
f 2158/2158/2158 2180/2180/2180 2159/2159/2159
f 2159/2159/2159 2180/2180/2180 2181/2181/2181
f 2159/2159/2159 2181/2181/2181 2160/2160/2160
f 2161/2161/2161 2182/2182/2182 2183/2183/2183
f 2161/2161/2161 2183/2183/2183 2162/2162/2162
f 2162/2162/2162 2183/2183/2183 2184/2184/2184
f 2162/2162/2162 2184/2184/2184 2163/2163/2163
f 2163/2163/2163 2184/2184/2184 2185/2185/2185
f 2163/2163/2163 2185/2185/2185 2164/2164/2164
f 2164/2164/2164 2185/2185/2185 2186/2186/2186
f 2164/2164/2164 2186/2186/2186 2165/2165/2165
f 2165/2165/2165 2186/2186/2186 2187/2187/2187
f 2165/2165/2165 2187/2187/2187 2166/2166/2166
f 2166/2166/2166 2187/2187/2187 2188/2188/2188
f 2166/2166/2166 2188/2188/2188 2167/2167/2167
f 2167/2167/2167 2188/2188/2188 2189/2189/2189
f 2167/2167/2167 2189/2189/2189 2168/2168/2168
f 2168/2168/2168 2189/2189/2189 2190/2190/2190
f 2168/2168/2168 2190/2190/2190 2169/2169/2169
f 2169/2169/2169 2190/2190/2190 2191/2191/2191
f 2169/2169/2169 2191/2191/2191 2170/2170/2170
f 2170/2170/2170 2191/2191/2191 2192/2192/2192
f 2170/2170/2170 2192/2192/2192 2171/2171/2171
f 2171/2171/2171 2192/2192/2192 2193/2193/2193
f 2171/2171/2171 2193/2193/2193 2172/2172/2172
f 2172/2172/2172 2193/2193/2193 2194/2194/2194
f 2172/2172/2172 2194/2194/2194 2173/2173/2173
f 2173/2173/2173 2194/2194/2194 2195/2195/2195
f 2173/2173/2173 2195/2195/2195 2174/2174/2174
f 2174/2174/2174 2195/2195/2195 2196/2196/2196
f 2174/2174/2174 2196/2196/2196 2175/2175/2175
f 2175/2175/2175 2196/2196/2196 2197/2197/2197
f 2175/2175/2175 2197/2197/2197 2176/2176/2176
f 2176/2176/2176 2197/2197/2197 2198/2198/2198
f 2176/2176/2176 2198/2198/2198 2177/2177/2177
f 2177/2177/2177 2198/2198/2198 2199/2199/2199
f 2177/2177/2177 2199/2199/2199 2178/2178/2178
f 2178/2178/2178 2199/2199/2199 2200/2200/2200
f 2178/2178/2178 2200/2200/2200 2179/2179/2179
f 2179/2179/2179 2200/2200/2200 2201/2201/2201
f 2179/2179/2179 2201/2201/2201 2180/2180/2180
f 2180/2180/2180 2201/2201/2201 2202/2202/2202
f 2180/2180/2180 2202/2202/2202 2181/2181/2181
f 2182/2182/2182 2203/2203/2203 2204/2204/2204
f 2182/2182/2182 2204/2204/2204 2183/2183/2183
f 2183/2183/2183 2204/2204/2204 2205/2205/2205
f 2183/2183/2183 2205/2205/2205 2184/2184/2184
f 2184/2184/2184 2205/2205/2205 2206/2206/2206
f 2184/2184/2184 2206/2206/2206 2185/2185/2185
f 2185/2185/2185 2206/2206/2206 2207/2207/2207
f 2185/2185/2185 2207/2207/2207 2186/2186/2186
f 2186/2186/2186 2207/2207/2207 2208/2208/2208
f 2186/2186/2186 2208/2208/2208 2187/2187/2187
f 2187/2187/2187 2208/2208/2208 2209/2209/2209
f 2187/2187/2187 2209/2209/2209 2188/2188/2188
f 2188/2188/2188 2209/2209/2209 2210/2210/2210
f 2188/2188/2188 2210/2210/2210 2189/2189/2189
f 2189/2189/2189 2210/2210/2210 2211/2211/2211
f 2189/2189/2189 2211/2211/2211 2190/2190/2190
f 2190/2190/2190 2211/2211/2211 2212/2212/2212
f 2190/2190/2190 2212/2212/2212 2191/2191/2191
f 2191/2191/2191 2212/2212/2212 2213/2213/2213
f 2191/2191/2191 2213/2213/2213 2192/2192/2192
f 2192/2192/2192 2213/2213/2213 2214/2214/2214
f 2192/2192/2192 2214/2214/2214 2193/2193/2193
f 2193/2193/2193 2214/2214/2214 2215/2215/2215
f 2193/2193/2193 2215/2215/2215 2194/2194/2194
f 2194/2194/2194 2215/2215/2215 2216/2216/2216
f 2194/2194/2194 2216/2216/2216 2195/2195/2195
f 2195/2195/2195 2216/2216/2216 2217/2217/2217
f 2195/2195/2195 2217/2217/2217 2196/2196/2196
f 2196/2196/2196 2217/2217/2217 2218/2218/2218
f 2196/2196/2196 2218/2218/2218 2197/2197/2197
f 2197/2197/2197 2218/2218/2218 2219/2219/2219
f 2197/2197/2197 2219/2219/2219 2198/2198/2198
f 2198/2198/2198 2219/2219/2219 2220/2220/2220
f 2198/2198/2198 2220/2220/2220 2199/2199/2199
f 2199/2199/2199 2220/2220/2220 2221/2221/2221
f 2199/2199/2199 2221/2221/2221 2200/2200/2200
f 2200/2200/2200 2221/2221/2221 2222/2222/2222
f 2200/2200/2200 2222/2222/2222 2201/2201/2201
f 2201/2201/2201 2222/2222/2222 2223/2223/2223
f 2201/2201/2201 2223/2223/2223 2202/2202/2202
f 2203/2203/2203 2224/2224/2224 2225/2225/2225
f 2203/2203/2203 2225/2225/2225 2204/2204/2204
f 2204/2204/2204 2225/2225/2225 2226/2226/2226
f 2204/2204/2204 2226/2226/2226 2205/2205/2205
f 2205/2205/2205 2226/2226/2226 2227/2227/2227
f 2205/2205/2205 2227/2227/2227 2206/2206/2206
f 2206/2206/2206 2227/2227/2227 2228/2228/2228
f 2206/2206/2206 2228/2228/2228 2207/2207/2207
f 2207/2207/2207 2228/2228/2228 2229/2229/2229
f 2207/2207/2207 2229/2229/2229 2208/2208/2208
f 2208/2208/2208 2229/2229/2229 2230/2230/2230
f 2208/2208/2208 2230/2230/2230 2209/2209/2209
f 2209/2209/2209 2230/2230/2230 2231/2231/2231
f 2209/2209/2209 2231/2231/2231 2210/2210/2210
f 2210/2210/2210 2231/2231/2231 2232/2232/2232
f 2210/2210/2210 2232/2232/2232 2211/2211/2211
f 2211/2211/2211 2232/2232/2232 2233/2233/2233
f 2211/2211/2211 2233/2233/2233 2212/2212/2212
f 2212/2212/2212 2233/2233/2233 2234/2234/2234
f 2212/2212/2212 2234/2234/2234 2213/2213/2213
f 2213/2213/2213 2234/2234/2234 2235/2235/2235
f 2213/2213/2213 2235/2235/2235 2214/2214/2214
f 2214/2214/2214 2235/2235/2235 2236/2236/2236
f 2214/2214/2214 2236/2236/2236 2215/2215/2215
f 2215/2215/2215 2236/2236/2236 2237/2237/2237
f 2215/2215/2215 2237/2237/2237 2216/2216/2216
f 2216/2216/2216 2237/2237/2237 2238/2238/2238
f 2216/2216/2216 2238/2238/2238 2217/2217/2217
f 2217/2217/2217 2238/2238/2238 2239/2239/2239
f 2217/2217/2217 2239/2239/2239 2218/2218/2218
f 2218/2218/2218 2239/2239/2239 2240/2240/2240
f 2218/2218/2218 2240/2240/2240 2219/2219/2219
f 2219/2219/2219 2240/2240/2240 2241/2241/2241
f 2219/2219/2219 2241/2241/2241 2220/2220/2220
f 2220/2220/2220 2241/2241/2241 2242/2242/2242
f 2220/2220/2220 2242/2242/2242 2221/2221/2221
f 2221/2221/2221 2242/2242/2242 2243/2243/2243
f 2221/2221/2221 2243/2243/2243 2222/2222/2222
f 2222/2222/2222 2243/2243/2243 2244/2244/2244
f 2222/2222/2222 2244/2244/2244 2223/2223/2223
f 2224/2224/2224 2245/2245/2245 2246/2246/2246
f 2224/2224/2224 2246/2246/2246 2225/2225/2225
f 2225/2225/2225 2246/2246/2246 2247/2247/2247
f 2225/2225/2225 2247/2247/2247 2226/2226/2226
f 2226/2226/2226 2247/2247/2247 2248/2248/2248
f 2226/2226/2226 2248/2248/2248 2227/2227/2227
f 2227/2227/2227 2248/2248/2248 2249/2249/2249
f 2227/2227/2227 2249/2249/2249 2228/2228/2228
f 2228/2228/2228 2249/2249/2249 2250/2250/2250
f 2228/2228/2228 2250/2250/2250 2229/2229/2229
f 2229/2229/2229 2250/2250/2250 2251/2251/2251
f 2229/2229/2229 2251/2251/2251 2230/2230/2230
f 2230/2230/2230 2251/2251/2251 2252/2252/2252
f 2230/2230/2230 2252/2252/2252 2231/2231/2231
f 2231/2231/2231 2252/2252/2252 2253/2253/2253
f 2231/2231/2231 2253/2253/2253 2232/2232/2232
f 2232/2232/2232 2253/2253/2253 2254/2254/2254
f 2232/2232/2232 2254/2254/2254 2233/2233/2233
f 2233/2233/2233 2254/2254/2254 2255/2255/2255
f 2233/2233/2233 2255/2255/2255 2234/2234/2234
f 2234/2234/2234 2255/2255/2255 2256/2256/2256
f 2234/2234/2234 2256/2256/2256 2235/2235/2235
f 2235/2235/2235 2256/2256/2256 2257/2257/2257
f 2235/2235/2235 2257/2257/2257 2236/2236/2236
f 2236/2236/2236 2257/2257/2257 2258/2258/2258
f 2236/2236/2236 2258/2258/2258 2237/2237/2237
f 2237/2237/2237 2258/2258/2258 2259/2259/2259
f 2237/2237/2237 2259/2259/2259 2238/2238/2238
f 2238/2238/2238 2259/2259/2259 2260/2260/2260
f 2238/2238/2238 2260/2260/2260 2239/2239/2239
f 2239/2239/2239 2260/2260/2260 2261/2261/2261
f 2239/2239/2239 2261/2261/2261 2240/2240/2240
f 2240/2240/2240 2261/2261/2261 2262/2262/2262
f 2240/2240/2240 2262/2262/2262 2241/2241/2241
f 2241/2241/2241 2262/2262/2262 2263/2263/2263
f 2241/2241/2241 2263/2263/2263 2242/2242/2242
f 2242/2242/2242 2263/2263/2263 2264/2264/2264
f 2242/2242/2242 2264/2264/2264 2243/2243/2243
f 2243/2243/2243 2264/2264/2264 2265/2265/2265
f 2243/2243/2243 2265/2265/2265 2244/2244/2244
f 2245/2245/2245 2266/2266/2266 2267/2267/2267
f 2245/2245/2245 2267/2267/2267 2246/2246/2246
f 2246/2246/2246 2267/2267/2267 2268/2268/2268
f 2246/2246/2246 2268/2268/2268 2247/2247/2247
f 2247/2247/2247 2268/2268/2268 2269/2269/2269
f 2247/2247/2247 2269/2269/2269 2248/2248/2248
f 2248/2248/2248 2269/2269/2269 2270/2270/2270
f 2248/2248/2248 2270/2270/2270 2249/2249/2249
f 2249/2249/2249 2270/2270/2270 2271/2271/2271
f 2249/2249/2249 2271/2271/2271 2250/2250/2250
f 2250/2250/2250 2271/2271/2271 2272/2272/2272
f 2250/2250/2250 2272/2272/2272 2251/2251/2251
f 2251/2251/2251 2272/2272/2272 2273/2273/2273
f 2251/2251/2251 2273/2273/2273 2252/2252/2252
f 2252/2252/2252 2273/2273/2273 2274/2274/2274
f 2252/2252/2252 2274/2274/2274 2253/2253/2253
f 2253/2253/2253 2274/2274/2274 2275/2275/2275
f 2253/2253/2253 2275/2275/2275 2254/2254/2254
f 2254/2254/2254 2275/2275/2275 2276/2276/2276
f 2254/2254/2254 2276/2276/2276 2255/2255/2255
f 2255/2255/2255 2276/2276/2276 2277/2277/2277
f 2255/2255/2255 2277/2277/2277 2256/2256/2256
f 2256/2256/2256 2277/2277/2277 2278/2278/2278
f 2256/2256/2256 2278/2278/2278 2257/2257/2257
f 2257/2257/2257 2278/2278/2278 2279/2279/2279
f 2257/2257/2257 2279/2279/2279 2258/2258/2258
f 2258/2258/2258 2279/2279/2279 2280/2280/2280
f 2258/2258/2258 2280/2280/2280 2259/2259/2259
f 2259/2259/2259 2280/2280/2280 2281/2281/2281
f 2259/2259/2259 2281/2281/2281 2260/2260/2260
f 2260/2260/2260 2281/2281/2281 2282/2282/2282
f 2260/2260/2260 2282/2282/2282 2261/2261/2261
f 2261/2261/2261 2282/2282/2282 2283/2283/2283
f 2261/2261/2261 2283/2283/2283 2262/2262/2262
f 2262/2262/2262 2283/2283/2283 2284/2284/2284
f 2262/2262/2262 2284/2284/2284 2263/2263/2263
f 2263/2263/2263 2284/2284/2284 2285/2285/2285
f 2263/2263/2263 2285/2285/2285 2264/2264/2264
f 2264/2264/2264 2285/2285/2285 2286/2286/2286
f 2264/2264/2264 2286/2286/2286 2265/2265/2265
f 2266/2266/2266 2287/2287/2287 2288/2288/2288
f 2266/2266/2266 2288/2288/2288 2267/2267/2267
f 2267/2267/2267 2288/2288/2288 2289/2289/2289
f 2267/2267/2267 2289/2289/2289 2268/2268/2268
f 2268/2268/2268 2289/2289/2289 2290/2290/2290
f 2268/2268/2268 2290/2290/2290 2269/2269/2269
f 2269/2269/2269 2290/2290/2290 2291/2291/2291
f 2269/2269/2269 2291/2291/2291 2270/2270/2270
f 2270/2270/2270 2291/2291/2291 2292/2292/2292
f 2270/2270/2270 2292/2292/2292 2271/2271/2271
f 2271/2271/2271 2292/2292/2292 2293/2293/2293
f 2271/2271/2271 2293/2293/2293 2272/2272/2272
f 2272/2272/2272 2293/2293/2293 2294/2294/2294
f 2272/2272/2272 2294/2294/2294 2273/2273/2273
f 2273/2273/2273 2294/2294/2294 2295/2295/2295
f 2273/2273/2273 2295/2295/2295 2274/2274/2274
f 2274/2274/2274 2295/2295/2295 2296/2296/2296
f 2274/2274/2274 2296/2296/2296 2275/2275/2275
f 2275/2275/2275 2296/2296/2296 2297/2297/2297
f 2275/2275/2275 2297/2297/2297 2276/2276/2276
f 2276/2276/2276 2297/2297/2297 2298/2298/2298
f 2276/2276/2276 2298/2298/2298 2277/2277/2277
f 2277/2277/2277 2298/2298/2298 2299/2299/2299
f 2277/2277/2277 2299/2299/2299 2278/2278/2278
f 2278/2278/2278 2299/2299/2299 2300/2300/2300
f 2278/2278/2278 2300/2300/2300 2279/2279/2279
f 2279/2279/2279 2300/2300/2300 2301/2301/2301
f 2279/2279/2279 2301/2301/2301 2280/2280/2280
f 2280/2280/2280 2301/2301/2301 2302/2302/2302
f 2280/2280/2280 2302/2302/2302 2281/2281/2281
f 2281/2281/2281 2302/2302/2302 2303/2303/2303
f 2281/2281/2281 2303/2303/2303 2282/2282/2282
f 2282/2282/2282 2303/2303/2303 2304/2304/2304
f 2282/2282/2282 2304/2304/2304 2283/2283/2283
f 2283/2283/2283 2304/2304/2304 2305/2305/2305
f 2283/2283/2283 2305/2305/2305 2284/2284/2284
f 2284/2284/2284 2305/2305/2305 2306/2306/2306
f 2284/2284/2284 2306/2306/2306 2285/2285/2285
f 2285/2285/2285 2306/2306/2306 2307/2307/2307
f 2285/2285/2285 2307/2307/2307 2286/2286/2286
f 2287/2287/2287 2308/2308/2308 2309/2309/2309
f 2287/2287/2287 2309/2309/2309 2288/2288/2288
f 2288/2288/2288 2309/2309/2309 2310/2310/2310
f 2288/2288/2288 2310/2310/2310 2289/2289/2289
f 2289/2289/2289 2310/2310/2310 2311/2311/2311
f 2289/2289/2289 2311/2311/2311 2290/2290/2290
f 2290/2290/2290 2311/2311/2311 2312/2312/2312
f 2290/2290/2290 2312/2312/2312 2291/2291/2291
f 2291/2291/2291 2312/2312/2312 2313/2313/2313
f 2291/2291/2291 2313/2313/2313 2292/2292/2292
f 2292/2292/2292 2313/2313/2313 2314/2314/2314
f 2292/2292/2292 2314/2314/2314 2293/2293/2293
f 2293/2293/2293 2314/2314/2314 2315/2315/2315
f 2293/2293/2293 2315/2315/2315 2294/2294/2294
f 2294/2294/2294 2315/2315/2315 2316/2316/2316
f 2294/2294/2294 2316/2316/2316 2295/2295/2295
f 2295/2295/2295 2316/2316/2316 2317/2317/2317
f 2295/2295/2295 2317/2317/2317 2296/2296/2296
f 2296/2296/2296 2317/2317/2317 2318/2318/2318
f 2296/2296/2296 2318/2318/2318 2297/2297/2297
f 2297/2297/2297 2318/2318/2318 2319/2319/2319
f 2297/2297/2297 2319/2319/2319 2298/2298/2298
f 2298/2298/2298 2319/2319/2319 2320/2320/2320
f 2298/2298/2298 2320/2320/2320 2299/2299/2299
f 2299/2299/2299 2320/2320/2320 2321/2321/2321
f 2299/2299/2299 2321/2321/2321 2300/2300/2300
f 2300/2300/2300 2321/2321/2321 2322/2322/2322
f 2300/2300/2300 2322/2322/2322 2301/2301/2301
f 2301/2301/2301 2322/2322/2322 2323/2323/2323
f 2301/2301/2301 2323/2323/2323 2302/2302/2302
f 2302/2302/2302 2323/2323/2323 2324/2324/2324
f 2302/2302/2302 2324/2324/2324 2303/2303/2303
f 2303/2303/2303 2324/2324/2324 2325/2325/2325
f 2303/2303/2303 2325/2325/2325 2304/2304/2304
f 2304/2304/2304 2325/2325/2325 2326/2326/2326
f 2304/2304/2304 2326/2326/2326 2305/2305/2305
f 2305/2305/2305 2326/2326/2326 2327/2327/2327
f 2305/2305/2305 2327/2327/2327 2306/2306/2306
f 2306/2306/2306 2327/2327/2327 2328/2328/2328
f 2306/2306/2306 2328/2328/2328 2307/2307/2307
f 2308/2308/2308 2329/2329/2329 2330/2330/2330
f 2308/2308/2308 2330/2330/2330 2309/2309/2309
f 2309/2309/2309 2330/2330/2330 2331/2331/2331
f 2309/2309/2309 2331/2331/2331 2310/2310/2310
f 2310/2310/2310 2331/2331/2331 2332/2332/2332
f 2310/2310/2310 2332/2332/2332 2311/2311/2311
f 2311/2311/2311 2332/2332/2332 2333/2333/2333
f 2311/2311/2311 2333/2333/2333 2312/2312/2312
f 2312/2312/2312 2333/2333/2333 2334/2334/2334
f 2312/2312/2312 2334/2334/2334 2313/2313/2313
f 2313/2313/2313 2334/2334/2334 2335/2335/2335
f 2313/2313/2313 2335/2335/2335 2314/2314/2314
f 2314/2314/2314 2335/2335/2335 2336/2336/2336
f 2314/2314/2314 2336/2336/2336 2315/2315/2315
f 2315/2315/2315 2336/2336/2336 2337/2337/2337
f 2315/2315/2315 2337/2337/2337 2316/2316/2316
f 2316/2316/2316 2337/2337/2337 2338/2338/2338
f 2316/2316/2316 2338/2338/2338 2317/2317/2317
f 2317/2317/2317 2338/2338/2338 2339/2339/2339
f 2317/2317/2317 2339/2339/2339 2318/2318/2318
f 2318/2318/2318 2339/2339/2339 2340/2340/2340
f 2318/2318/2318 2340/2340/2340 2319/2319/2319
f 2319/2319/2319 2340/2340/2340 2341/2341/2341
f 2319/2319/2319 2341/2341/2341 2320/2320/2320
f 2320/2320/2320 2341/2341/2341 2342/2342/2342
f 2320/2320/2320 2342/2342/2342 2321/2321/2321
f 2321/2321/2321 2342/2342/2342 2343/2343/2343
f 2321/2321/2321 2343/2343/2343 2322/2322/2322
f 2322/2322/2322 2343/2343/2343 2344/2344/2344
f 2322/2322/2322 2344/2344/2344 2323/2323/2323
f 2323/2323/2323 2344/2344/2344 2345/2345/2345
f 2323/2323/2323 2345/2345/2345 2324/2324/2324
f 2324/2324/2324 2345/2345/2345 2346/2346/2346
f 2324/2324/2324 2346/2346/2346 2325/2325/2325
f 2325/2325/2325 2346/2346/2346 2347/2347/2347
f 2325/2325/2325 2347/2347/2347 2326/2326/2326
f 2326/2326/2326 2347/2347/2347 2348/2348/2348
f 2326/2326/2326 2348/2348/2348 2327/2327/2327
f 2327/2327/2327 2348/2348/2348 2349/2349/2349
f 2327/2327/2327 2349/2349/2349 2328/2328/2328
f 2329/2329/2329 2350/2350/2350 2351/2351/2351
f 2329/2329/2329 2351/2351/2351 2330/2330/2330
f 2330/2330/2330 2351/2351/2351 2352/2352/2352
f 2330/2330/2330 2352/2352/2352 2331/2331/2331
f 2331/2331/2331 2352/2352/2352 2353/2353/2353
f 2331/2331/2331 2353/2353/2353 2332/2332/2332
f 2332/2332/2332 2353/2353/2353 2354/2354/2354
f 2332/2332/2332 2354/2354/2354 2333/2333/2333
f 2333/2333/2333 2354/2354/2354 2355/2355/2355
f 2333/2333/2333 2355/2355/2355 2334/2334/2334
f 2334/2334/2334 2355/2355/2355 2356/2356/2356
f 2334/2334/2334 2356/2356/2356 2335/2335/2335
f 2335/2335/2335 2356/2356/2356 2357/2357/2357
f 2335/2335/2335 2357/2357/2357 2336/2336/2336
f 2336/2336/2336 2357/2357/2357 2358/2358/2358
f 2336/2336/2336 2358/2358/2358 2337/2337/2337
f 2337/2337/2337 2358/2358/2358 2359/2359/2359
f 2337/2337/2337 2359/2359/2359 2338/2338/2338
f 2338/2338/2338 2359/2359/2359 2360/2360/2360
f 2338/2338/2338 2360/2360/2360 2339/2339/2339
f 2339/2339/2339 2360/2360/2360 2361/2361/2361
f 2339/2339/2339 2361/2361/2361 2340/2340/2340
f 2340/2340/2340 2361/2361/2361 2362/2362/2362
f 2340/2340/2340 2362/2362/2362 2341/2341/2341
f 2341/2341/2341 2362/2362/2362 2363/2363/2363
f 2341/2341/2341 2363/2363/2363 2342/2342/2342
f 2342/2342/2342 2363/2363/2363 2364/2364/2364
f 2342/2342/2342 2364/2364/2364 2343/2343/2343
f 2343/2343/2343 2364/2364/2364 2365/2365/2365
f 2343/2343/2343 2365/2365/2365 2344/2344/2344
f 2344/2344/2344 2365/2365/2365 2366/2366/2366
f 2344/2344/2344 2366/2366/2366 2345/2345/2345
f 2345/2345/2345 2366/2366/2366 2367/2367/2367
f 2345/2345/2345 2367/2367/2367 2346/2346/2346
f 2346/2346/2346 2367/2367/2367 2368/2368/2368
f 2346/2346/2346 2368/2368/2368 2347/2347/2347
f 2347/2347/2347 2368/2368/2368 2369/2369/2369
f 2347/2347/2347 2369/2369/2369 2348/2348/2348
f 2348/2348/2348 2369/2369/2369 2370/2370/2370
f 2348/2348/2348 2370/2370/2370 2349/2349/2349
f 2350/2350/2350 2371/2371/2371 2372/2372/2372
f 2350/2350/2350 2372/2372/2372 2351/2351/2351
f 2351/2351/2351 2372/2372/2372 2373/2373/2373
f 2351/2351/2351 2373/2373/2373 2352/2352/2352
f 2352/2352/2352 2373/2373/2373 2374/2374/2374
f 2352/2352/2352 2374/2374/2374 2353/2353/2353
f 2353/2353/2353 2374/2374/2374 2375/2375/2375
f 2353/2353/2353 2375/2375/2375 2354/2354/2354
f 2354/2354/2354 2375/2375/2375 2376/2376/2376
f 2354/2354/2354 2376/2376/2376 2355/2355/2355
f 2355/2355/2355 2376/2376/2376 2377/2377/2377
f 2355/2355/2355 2377/2377/2377 2356/2356/2356
f 2356/2356/2356 2377/2377/2377 2378/2378/2378
f 2356/2356/2356 2378/2378/2378 2357/2357/2357
f 2357/2357/2357 2378/2378/2378 2379/2379/2379
f 2357/2357/2357 2379/2379/2379 2358/2358/2358
f 2358/2358/2358 2379/2379/2379 2380/2380/2380
f 2358/2358/2358 2380/2380/2380 2359/2359/2359
f 2359/2359/2359 2380/2380/2380 2381/2381/2381
f 2359/2359/2359 2381/2381/2381 2360/2360/2360
f 2360/2360/2360 2381/2381/2381 2382/2382/2382
f 2360/2360/2360 2382/2382/2382 2361/2361/2361
f 2361/2361/2361 2382/2382/2382 2383/2383/2383
f 2361/2361/2361 2383/2383/2383 2362/2362/2362
f 2362/2362/2362 2383/2383/2383 2384/2384/2384
f 2362/2362/2362 2384/2384/2384 2363/2363/2363
f 2363/2363/2363 2384/2384/2384 2385/2385/2385
f 2363/2363/2363 2385/2385/2385 2364/2364/2364
f 2364/2364/2364 2385/2385/2385 2386/2386/2386
f 2364/2364/2364 2386/2386/2386 2365/2365/2365
f 2365/2365/2365 2386/2386/2386 2387/2387/2387
f 2365/2365/2365 2387/2387/2387 2366/2366/2366
f 2366/2366/2366 2387/2387/2387 2388/2388/2388
f 2366/2366/2366 2388/2388/2388 2367/2367/2367
f 2367/2367/2367 2388/2388/2388 2389/2389/2389
f 2367/2367/2367 2389/2389/2389 2368/2368/2368
f 2368/2368/2368 2389/2389/2389 2390/2390/2390
f 2368/2368/2368 2390/2390/2390 2369/2369/2369
f 2369/2369/2369 2390/2390/2390 2391/2391/2391
f 2369/2369/2369 2391/2391/2391 2370/2370/2370
f 2371/2371/2371 2392/2392/2392 2393/2393/2393
f 2371/2371/2371 2393/2393/2393 2372/2372/2372
f 2372/2372/2372 2393/2393/2393 2394/2394/2394
f 2372/2372/2372 2394/2394/2394 2373/2373/2373
f 2373/2373/2373 2394/2394/2394 2395/2395/2395
f 2373/2373/2373 2395/2395/2395 2374/2374/2374
f 2374/2374/2374 2395/2395/2395 2396/2396/2396
f 2374/2374/2374 2396/2396/2396 2375/2375/2375
f 2375/2375/2375 2396/2396/2396 2397/2397/2397
f 2375/2375/2375 2397/2397/2397 2376/2376/2376
f 2376/2376/2376 2397/2397/2397 2398/2398/2398
f 2376/2376/2376 2398/2398/2398 2377/2377/2377
f 2377/2377/2377 2398/2398/2398 2399/2399/2399
f 2377/2377/2377 2399/2399/2399 2378/2378/2378
f 2378/2378/2378 2399/2399/2399 2400/2400/2400
f 2378/2378/2378 2400/2400/2400 2379/2379/2379
f 2379/2379/2379 2400/2400/2400 2401/2401/2401
f 2379/2379/2379 2401/2401/2401 2380/2380/2380
f 2380/2380/2380 2401/2401/2401 2402/2402/2402
f 2380/2380/2380 2402/2402/2402 2381/2381/2381
f 2381/2381/2381 2402/2402/2402 2403/2403/2403
f 2381/2381/2381 2403/2403/2403 2382/2382/2382
f 2382/2382/2382 2403/2403/2403 2404/2404/2404
f 2382/2382/2382 2404/2404/2404 2383/2383/2383
f 2383/2383/2383 2404/2404/2404 2405/2405/2405
f 2383/2383/2383 2405/2405/2405 2384/2384/2384
f 2384/2384/2384 2405/2405/2405 2406/2406/2406
f 2384/2384/2384 2406/2406/2406 2385/2385/2385
f 2385/2385/2385 2406/2406/2406 2407/2407/2407
f 2385/2385/2385 2407/2407/2407 2386/2386/2386
f 2386/2386/2386 2407/2407/2407 2408/2408/2408
f 2386/2386/2386 2408/2408/2408 2387/2387/2387
f 2387/2387/2387 2408/2408/2408 2409/2409/2409
f 2387/2387/2387 2409/2409/2409 2388/2388/2388
f 2388/2388/2388 2409/2409/2409 2410/2410/2410
f 2388/2388/2388 2410/2410/2410 2389/2389/2389
f 2389/2389/2389 2410/2410/2410 2411/2411/2411
f 2389/2389/2389 2411/2411/2411 2390/2390/2390
f 2390/2390/2390 2411/2411/2411 2412/2412/2412
f 2390/2390/2390 2412/2412/2412 2391/2391/2391
f 2413/2413/2413 2422/2422/2422 2423/2423/2423
f 2413/2413/2413 2423/2423/2423 2414/2414/2414
f 2414/2414/2414 2423/2423/2423 2424/2424/2424
f 2414/2414/2414 2424/2424/2424 2415/2415/2415
f 2415/2415/2415 2424/2424/2424 2425/2425/2425
f 2415/2415/2415 2425/2425/2425 2416/2416/2416
f 2416/2416/2416 2425/2425/2425 2426/2426/2426
f 2416/2416/2416 2426/2426/2426 2417/2417/2417
f 2417/2417/2417 2426/2426/2426 2427/2427/2427
f 2417/2417/2417 2427/2427/2427 2418/2418/2418
f 2418/2418/2418 2427/2427/2427 2428/2428/2428
f 2418/2418/2418 2428/2428/2428 2419/2419/2419
f 2419/2419/2419 2428/2428/2428 2429/2429/2429
f 2419/2419/2419 2429/2429/2429 2420/2420/2420
f 2420/2420/2420 2429/2429/2429 2430/2430/2430
f 2420/2420/2420 2430/2430/2430 2421/2421/2421
f 2422/2422/2422 2431/2431/2431 2432/2432/2432
f 2422/2422/2422 2432/2432/2432 2423/2423/2423
f 2423/2423/2423 2432/2432/2432 2433/2433/2433
f 2423/2423/2423 2433/2433/2433 2424/2424/2424
f 2424/2424/2424 2433/2433/2433 2434/2434/2434
f 2424/2424/2424 2434/2434/2434 2425/2425/2425
f 2425/2425/2425 2434/2434/2434 2435/2435/2435
f 2425/2425/2425 2435/2435/2435 2426/2426/2426
f 2426/2426/2426 2435/2435/2435 2436/2436/2436
f 2426/2426/2426 2436/2436/2436 2427/2427/2427
f 2427/2427/2427 2436/2436/2436 2437/2437/2437
f 2427/2427/2427 2437/2437/2437 2428/2428/2428
f 2428/2428/2428 2437/2437/2437 2438/2438/2438
f 2428/2428/2428 2438/2438/2438 2429/2429/2429
f 2429/2429/2429 2438/2438/2438 2439/2439/2439
f 2429/2429/2429 2439/2439/2439 2430/2430/2430
f 2431/2431/2431 2440/2440/2440 2441/2441/2441
f 2431/2431/2431 2441/2441/2441 2432/2432/2432
f 2432/2432/2432 2441/2441/2441 2442/2442/2442
f 2432/2432/2432 2442/2442/2442 2433/2433/2433
f 2433/2433/2433 2442/2442/2442 2443/2443/2443
f 2433/2433/2433 2443/2443/2443 2434/2434/2434
f 2434/2434/2434 2443/2443/2443 2444/2444/2444
f 2434/2434/2434 2444/2444/2444 2435/2435/2435
f 2435/2435/2435 2444/2444/2444 2445/2445/2445
f 2435/2435/2435 2445/2445/2445 2436/2436/2436
f 2436/2436/2436 2445/2445/2445 2446/2446/2446
f 2436/2436/2436 2446/2446/2446 2437/2437/2437
f 2437/2437/2437 2446/2446/2446 2447/2447/2447
f 2437/2437/2437 2447/2447/2447 2438/2438/2438
f 2438/2438/2438 2447/2447/2447 2448/2448/2448
f 2438/2438/2438 2448/2448/2448 2439/2439/2439
f 2440/2440/2440 2449/2449/2449 2450/2450/2450
f 2440/2440/2440 2450/2450/2450 2441/2441/2441
f 2441/2441/2441 2450/2450/2450 2451/2451/2451
f 2441/2441/2441 2451/2451/2451 2442/2442/2442
f 2442/2442/2442 2451/2451/2451 2452/2452/2452
f 2442/2442/2442 2452/2452/2452 2443/2443/2443
f 2443/2443/2443 2452/2452/2452 2453/2453/2453
f 2443/2443/2443 2453/2453/2453 2444/2444/2444
f 2444/2444/2444 2453/2453/2453 2454/2454/2454
f 2444/2444/2444 2454/2454/2454 2445/2445/2445
f 2445/2445/2445 2454/2454/2454 2455/2455/2455
f 2445/2445/2445 2455/2455/2455 2446/2446/2446
f 2446/2446/2446 2455/2455/2455 2456/2456/2456
f 2446/2446/2446 2456/2456/2456 2447/2447/2447
f 2447/2447/2447 2456/2456/2456 2457/2457/2457
f 2447/2447/2447 2457/2457/2457 2448/2448/2448
f 2449/2449/2449 2458/2458/2458 2459/2459/2459
f 2449/2449/2449 2459/2459/2459 2450/2450/2450
f 2450/2450/2450 2459/2459/2459 2460/2460/2460
f 2450/2450/2450 2460/2460/2460 2451/2451/2451
f 2451/2451/2451 2460/2460/2460 2461/2461/2461
f 2451/2451/2451 2461/2461/2461 2452/2452/2452
f 2452/2452/2452 2461/2461/2461 2462/2462/2462
f 2452/2452/2452 2462/2462/2462 2453/2453/2453
f 2453/2453/2453 2462/2462/2462 2463/2463/2463
f 2453/2453/2453 2463/2463/2463 2454/2454/2454
f 2454/2454/2454 2463/2463/2463 2464/2464/2464
f 2454/2454/2454 2464/2464/2464 2455/2455/2455
f 2455/2455/2455 2464/2464/2464 2465/2465/2465
f 2455/2455/2455 2465/2465/2465 2456/2456/2456
f 2456/2456/2456 2465/2465/2465 2466/2466/2466
f 2456/2456/2456 2466/2466/2466 2457/2457/2457
f 2458/2458/2458 2467/2467/2467 2468/2468/2468
f 2458/2458/2458 2468/2468/2468 2459/2459/2459
f 2459/2459/2459 2468/2468/2468 2469/2469/2469
f 2459/2459/2459 2469/2469/2469 2460/2460/2460
f 2460/2460/2460 2469/2469/2469 2470/2470/2470
f 2460/2460/2460 2470/2470/2470 2461/2461/2461
f 2461/2461/2461 2470/2470/2470 2471/2471/2471
f 2461/2461/2461 2471/2471/2471 2462/2462/2462
f 2462/2462/2462 2471/2471/2471 2472/2472/2472
f 2462/2462/2462 2472/2472/2472 2463/2463/2463
f 2463/2463/2463 2472/2472/2472 2473/2473/2473
f 2463/2463/2463 2473/2473/2473 2464/2464/2464
f 2464/2464/2464 2473/2473/2473 2474/2474/2474
f 2464/2464/2464 2474/2474/2474 2465/2465/2465
f 2465/2465/2465 2474/2474/2474 2475/2475/2475
f 2465/2465/2465 2475/2475/2475 2466/2466/2466
f 2467/2467/2467 2476/2476/2476 2477/2477/2477
f 2467/2467/2467 2477/2477/2477 2468/2468/2468
f 2468/2468/2468 2477/2477/2477 2478/2478/2478
f 2468/2468/2468 2478/2478/2478 2469/2469/2469
f 2469/2469/2469 2478/2478/2478 2479/2479/2479
f 2469/2469/2469 2479/2479/2479 2470/2470/2470
f 2470/2470/2470 2479/2479/2479 2480/2480/2480
f 2470/2470/2470 2480/2480/2480 2471/2471/2471
f 2471/2471/2471 2480/2480/2480 2481/2481/2481
f 2471/2471/2471 2481/2481/2481 2472/2472/2472
f 2472/2472/2472 2481/2481/2481 2482/2482/2482
f 2472/2472/2472 2482/2482/2482 2473/2473/2473
f 2473/2473/2473 2482/2482/2482 2483/2483/2483
f 2473/2473/2473 2483/2483/2483 2474/2474/2474
f 2474/2474/2474 2483/2483/2483 2484/2484/2484
f 2474/2474/2474 2484/2484/2484 2475/2475/2475
f 2476/2476/2476 2485/2485/2485 2486/2486/2486
f 2476/2476/2476 2486/2486/2486 2477/2477/2477
f 2477/2477/2477 2486/2486/2486 2487/2487/2487
f 2477/2477/2477 2487/2487/2487 2478/2478/2478
f 2478/2478/2478 2487/2487/2487 2488/2488/2488
f 2478/2478/2478 2488/2488/2488 2479/2479/2479
f 2479/2479/2479 2488/2488/2488 2489/2489/2489
f 2479/2479/2479 2489/2489/2489 2480/2480/2480
f 2480/2480/2480 2489/2489/2489 2490/2490/2490
f 2480/2480/2480 2490/2490/2490 2481/2481/2481
f 2481/2481/2481 2490/2490/2490 2491/2491/2491
f 2481/2481/2481 2491/2491/2491 2482/2482/2482
f 2482/2482/2482 2491/2491/2491 2492/2492/2492
f 2482/2482/2482 2492/2492/2492 2483/2483/2483
f 2483/2483/2483 2492/2492/2492 2493/2493/2493
f 2483/2483/2483 2493/2493/2493 2484/2484/2484
f 2485/2485/2485 2494/2494/2494 2495/2495/2495
f 2485/2485/2485 2495/2495/2495 2486/2486/2486
f 2486/2486/2486 2495/2495/2495 2496/2496/2496
f 2486/2486/2486 2496/2496/2496 2487/2487/2487
f 2487/2487/2487 2496/2496/2496 2497/2497/2497
f 2487/2487/2487 2497/2497/2497 2488/2488/2488
f 2488/2488/2488 2497/2497/2497 2498/2498/2498
f 2488/2488/2488 2498/2498/2498 2489/2489/2489
f 2489/2489/2489 2498/2498/2498 2499/2499/2499
f 2489/2489/2489 2499/2499/2499 2490/2490/2490
f 2490/2490/2490 2499/2499/2499 2500/2500/2500
f 2490/2490/2490 2500/2500/2500 2491/2491/2491
f 2491/2491/2491 2500/2500/2500 2501/2501/2501
f 2491/2491/2491 2501/2501/2501 2492/2492/2492
f 2492/2492/2492 2501/2501/2501 2502/2502/2502
f 2492/2492/2492 2502/2502/2502 2493/2493/2493
f 2494/2494/2494 2503/2503/2503 2504/2504/2504
f 2494/2494/2494 2504/2504/2504 2495/2495/2495
f 2495/2495/2495 2504/2504/2504 2505/2505/2505
f 2495/2495/2495 2505/2505/2505 2496/2496/2496
f 2496/2496/2496 2505/2505/2505 2506/2506/2506
f 2496/2496/2496 2506/2506/2506 2497/2497/2497
f 2497/2497/2497 2506/2506/2506 2507/2507/2507
f 2497/2497/2497 2507/2507/2507 2498/2498/2498
f 2498/2498/2498 2507/2507/2507 2508/2508/2508
f 2498/2498/2498 2508/2508/2508 2499/2499/2499
f 2499/2499/2499 2508/2508/2508 2509/2509/2509
f 2499/2499/2499 2509/2509/2509 2500/2500/2500
f 2500/2500/2500 2509/2509/2509 2510/2510/2510
f 2500/2500/2500 2510/2510/2510 2501/2501/2501
f 2501/2501/2501 2510/2510/2510 2511/2511/2511
f 2501/2501/2501 2511/2511/2511 2502/2502/2502
f 2503/2503/2503 2512/2512/2512 2513/2513/2513
f 2503/2503/2503 2513/2513/2513 2504/2504/2504
f 2504/2504/2504 2513/2513/2513 2514/2514/2514
f 2504/2504/2504 2514/2514/2514 2505/2505/2505
f 2505/2505/2505 2514/2514/2514 2515/2515/2515
f 2505/2505/2505 2515/2515/2515 2506/2506/2506
f 2506/2506/2506 2515/2515/2515 2516/2516/2516
f 2506/2506/2506 2516/2516/2516 2507/2507/2507
f 2507/2507/2507 2516/2516/2516 2517/2517/2517
f 2507/2507/2507 2517/2517/2517 2508/2508/2508
f 2508/2508/2508 2517/2517/2517 2518/2518/2518
f 2508/2508/2508 2518/2518/2518 2509/2509/2509
f 2509/2509/2509 2518/2518/2518 2519/2519/2519
f 2509/2509/2509 2519/2519/2519 2510/2510/2510
f 2510/2510/2510 2519/2519/2519 2520/2520/2520
f 2510/2510/2510 2520/2520/2520 2511/2511/2511
f 2512/2512/2512 2521/2521/2521 2522/2522/2522
f 2512/2512/2512 2522/2522/2522 2513/2513/2513
f 2513/2513/2513 2522/2522/2522 2523/2523/2523
f 2513/2513/2513 2523/2523/2523 2514/2514/2514
f 2514/2514/2514 2523/2523/2523 2524/2524/2524
f 2514/2514/2514 2524/2524/2524 2515/2515/2515
f 2515/2515/2515 2524/2524/2524 2525/2525/2525
f 2515/2515/2515 2525/2525/2525 2516/2516/2516
f 2516/2516/2516 2525/2525/2525 2526/2526/2526
f 2516/2516/2516 2526/2526/2526 2517/2517/2517
f 2517/2517/2517 2526/2526/2526 2527/2527/2527
f 2517/2517/2517 2527/2527/2527 2518/2518/2518
f 2518/2518/2518 2527/2527/2527 2528/2528/2528
f 2518/2518/2518 2528/2528/2528 2519/2519/2519
f 2519/2519/2519 2528/2528/2528 2529/2529/2529
f 2519/2519/2519 2529/2529/2529 2520/2520/2520
f 2521/2521/2521 2530/2530/2530 2531/2531/2531
f 2521/2521/2521 2531/2531/2531 2522/2522/2522
f 2522/2522/2522 2531/2531/2531 2532/2532/2532
f 2522/2522/2522 2532/2532/2532 2523/2523/2523
f 2523/2523/2523 2532/2532/2532 2533/2533/2533
f 2523/2523/2523 2533/2533/2533 2524/2524/2524
f 2524/2524/2524 2533/2533/2533 2534/2534/2534
f 2524/2524/2524 2534/2534/2534 2525/2525/2525
f 2525/2525/2525 2534/2534/2534 2535/2535/2535
f 2525/2525/2525 2535/2535/2535 2526/2526/2526
f 2526/2526/2526 2535/2535/2535 2536/2536/2536
f 2526/2526/2526 2536/2536/2536 2527/2527/2527
f 2527/2527/2527 2536/2536/2536 2537/2537/2537
f 2527/2527/2527 2537/2537/2537 2528/2528/2528
f 2528/2528/2528 2537/2537/2537 2538/2538/2538
f 2528/2528/2528 2538/2538/2538 2529/2529/2529
f 2530/2530/2530 2539/2539/2539 2540/2540/2540
f 2530/2530/2530 2540/2540/2540 2531/2531/2531
f 2531/2531/2531 2540/2540/2540 2541/2541/2541
f 2531/2531/2531 2541/2541/2541 2532/2532/2532
f 2532/2532/2532 2541/2541/2541 2542/2542/2542
f 2532/2532/2532 2542/2542/2542 2533/2533/2533
f 2533/2533/2533 2542/2542/2542 2543/2543/2543
f 2533/2533/2533 2543/2543/2543 2534/2534/2534
f 2534/2534/2534 2543/2543/2543 2544/2544/2544
f 2534/2534/2534 2544/2544/2544 2535/2535/2535
f 2535/2535/2535 2544/2544/2544 2545/2545/2545
f 2535/2535/2535 2545/2545/2545 2536/2536/2536
f 2536/2536/2536 2545/2545/2545 2546/2546/2546
f 2536/2536/2536 2546/2546/2546 2537/2537/2537
f 2537/2537/2537 2546/2546/2546 2547/2547/2547
f 2537/2537/2537 2547/2547/2547 2538/2538/2538
f 2539/2539/2539 2548/2548/2548 2549/2549/2549
f 2539/2539/2539 2549/2549/2549 2540/2540/2540
f 2540/2540/2540 2549/2549/2549 2550/2550/2550
f 2540/2540/2540 2550/2550/2550 2541/2541/2541
f 2541/2541/2541 2550/2550/2550 2551/2551/2551
f 2541/2541/2541 2551/2551/2551 2542/2542/2542
f 2542/2542/2542 2551/2551/2551 2552/2552/2552
f 2542/2542/2542 2552/2552/2552 2543/2543/2543
f 2543/2543/2543 2552/2552/2552 2553/2553/2553
f 2543/2543/2543 2553/2553/2553 2544/2544/2544
f 2544/2544/2544 2553/2553/2553 2554/2554/2554
f 2544/2544/2544 2554/2554/2554 2545/2545/2545
f 2545/2545/2545 2554/2554/2554 2555/2555/2555
f 2545/2545/2545 2555/2555/2555 2546/2546/2546
f 2546/2546/2546 2555/2555/2555 2556/2556/2556
f 2546/2546/2546 2556/2556/2556 2547/2547/2547
f 2548/2548/2548 2557/2557/2557 2558/2558/2558
f 2548/2548/2548 2558/2558/2558 2549/2549/2549
f 2549/2549/2549 2558/2558/2558 2559/2559/2559
f 2549/2549/2549 2559/2559/2559 2550/2550/2550
f 2550/2550/2550 2559/2559/2559 2560/2560/2560
f 2550/2550/2550 2560/2560/2560 2551/2551/2551
f 2551/2551/2551 2560/2560/2560 2561/2561/2561
f 2551/2551/2551 2561/2561/2561 2552/2552/2552
f 2552/2552/2552 2561/2561/2561 2562/2562/2562
f 2552/2552/2552 2562/2562/2562 2553/2553/2553
f 2553/2553/2553 2562/2562/2562 2563/2563/2563
f 2553/2553/2553 2563/2563/2563 2554/2554/2554
f 2554/2554/2554 2563/2563/2563 2564/2564/2564
f 2554/2554/2554 2564/2564/2564 2555/2555/2555
f 2555/2555/2555 2564/2564/2564 2565/2565/2565
f 2555/2555/2555 2565/2565/2565 2556/2556/2556
f 2566/2566/2566 2587/2587/2587 2588/2588/2588
f 2566/2566/2566 2588/2588/2588 2567/2567/2567
f 2567/2567/2567 2588/2588/2588 2589/2589/2589
f 2567/2567/2567 2589/2589/2589 2568/2568/2568
f 2568/2568/2568 2589/2589/2589 2590/2590/2590
f 2568/2568/2568 2590/2590/2590 2569/2569/2569
f 2569/2569/2569 2590/2590/2590 2591/2591/2591
f 2569/2569/2569 2591/2591/2591 2570/2570/2570
f 2570/2570/2570 2591/2591/2591 2592/2592/2592
f 2570/2570/2570 2592/2592/2592 2571/2571/2571
f 2571/2571/2571 2592/2592/2592 2593/2593/2593
f 2571/2571/2571 2593/2593/2593 2572/2572/2572
f 2572/2572/2572 2593/2593/2593 2594/2594/2594
f 2572/2572/2572 2594/2594/2594 2573/2573/2573
f 2573/2573/2573 2594/2594/2594 2595/2595/2595
f 2573/2573/2573 2595/2595/2595 2574/2574/2574
f 2574/2574/2574 2595/2595/2595 2596/2596/2596
f 2574/2574/2574 2596/2596/2596 2575/2575/2575
f 2575/2575/2575 2596/2596/2596 2597/2597/2597
f 2575/2575/2575 2597/2597/2597 2576/2576/2576
f 2576/2576/2576 2597/2597/2597 2598/2598/2598
f 2576/2576/2576 2598/2598/2598 2577/2577/2577
f 2577/2577/2577 2598/2598/2598 2599/2599/2599
f 2577/2577/2577 2599/2599/2599 2578/2578/2578
f 2578/2578/2578 2599/2599/2599 2600/2600/2600
f 2578/2578/2578 2600/2600/2600 2579/2579/2579
f 2579/2579/2579 2600/2600/2600 2601/2601/2601
f 2579/2579/2579 2601/2601/2601 2580/2580/2580
f 2580/2580/2580 2601/2601/2601 2602/2602/2602
f 2580/2580/2580 2602/2602/2602 2581/2581/2581
f 2581/2581/2581 2602/2602/2602 2603/2603/2603
f 2581/2581/2581 2603/2603/2603 2582/2582/2582
f 2582/2582/2582 2603/2603/2603 2604/2604/2604
f 2582/2582/2582 2604/2604/2604 2583/2583/2583
f 2583/2583/2583 2604/2604/2604 2605/2605/2605
f 2583/2583/2583 2605/2605/2605 2584/2584/2584
f 2584/2584/2584 2605/2605/2605 2606/2606/2606
f 2584/2584/2584 2606/2606/2606 2585/2585/2585
f 2585/2585/2585 2606/2606/2606 2607/2607/2607
f 2585/2585/2585 2607/2607/2607 2586/2586/2586
f 2587/2587/2587 2608/2608/2608 2609/2609/2609
f 2587/2587/2587 2609/2609/2609 2588/2588/2588
f 2588/2588/2588 2609/2609/2609 2610/2610/2610
f 2588/2588/2588 2610/2610/2610 2589/2589/2589
f 2589/2589/2589 2610/2610/2610 2611/2611/2611
f 2589/2589/2589 2611/2611/2611 2590/2590/2590
f 2590/2590/2590 2611/2611/2611 2612/2612/2612
f 2590/2590/2590 2612/2612/2612 2591/2591/2591
f 2591/2591/2591 2612/2612/2612 2613/2613/2613
f 2591/2591/2591 2613/2613/2613 2592/2592/2592
f 2592/2592/2592 2613/2613/2613 2614/2614/2614
f 2592/2592/2592 2614/2614/2614 2593/2593/2593
f 2593/2593/2593 2614/2614/2614 2615/2615/2615
f 2593/2593/2593 2615/2615/2615 2594/2594/2594
f 2594/2594/2594 2615/2615/2615 2616/2616/2616
f 2594/2594/2594 2616/2616/2616 2595/2595/2595
f 2595/2595/2595 2616/2616/2616 2617/2617/2617
f 2595/2595/2595 2617/2617/2617 2596/2596/2596
f 2596/2596/2596 2617/2617/2617 2618/2618/2618
f 2596/2596/2596 2618/2618/2618 2597/2597/2597
f 2597/2597/2597 2618/2618/2618 2619/2619/2619
f 2597/2597/2597 2619/2619/2619 2598/2598/2598
f 2598/2598/2598 2619/2619/2619 2620/2620/2620
f 2598/2598/2598 2620/2620/2620 2599/2599/2599
f 2599/2599/2599 2620/2620/2620 2621/2621/2621
f 2599/2599/2599 2621/2621/2621 2600/2600/2600
f 2600/2600/2600 2621/2621/2621 2622/2622/2622
f 2600/2600/2600 2622/2622/2622 2601/2601/2601
f 2601/2601/2601 2622/2622/2622 2623/2623/2623
f 2601/2601/2601 2623/2623/2623 2602/2602/2602
f 2602/2602/2602 2623/2623/2623 2624/2624/2624
f 2602/2602/2602 2624/2624/2624 2603/2603/2603
f 2603/2603/2603 2624/2624/2624 2625/2625/2625
f 2603/2603/2603 2625/2625/2625 2604/2604/2604
f 2604/2604/2604 2625/2625/2625 2626/2626/2626
f 2604/2604/2604 2626/2626/2626 2605/2605/2605
f 2605/2605/2605 2626/2626/2626 2627/2627/2627
f 2605/2605/2605 2627/2627/2627 2606/2606/2606
f 2606/2606/2606 2627/2627/2627 2628/2628/2628
f 2606/2606/2606 2628/2628/2628 2607/2607/2607
f 2608/2608/2608 2629/2629/2629 2630/2630/2630
f 2608/2608/2608 2630/2630/2630 2609/2609/2609
f 2609/2609/2609 2630/2630/2630 2631/2631/2631
f 2609/2609/2609 2631/2631/2631 2610/2610/2610
f 2610/2610/2610 2631/2631/2631 2632/2632/2632
f 2610/2610/2610 2632/2632/2632 2611/2611/2611
f 2611/2611/2611 2632/2632/2632 2633/2633/2633
f 2611/2611/2611 2633/2633/2633 2612/2612/2612
f 2612/2612/2612 2633/2633/2633 2634/2634/2634
f 2612/2612/2612 2634/2634/2634 2613/2613/2613
f 2613/2613/2613 2634/2634/2634 2635/2635/2635
f 2613/2613/2613 2635/2635/2635 2614/2614/2614
f 2614/2614/2614 2635/2635/2635 2636/2636/2636
f 2614/2614/2614 2636/2636/2636 2615/2615/2615
f 2615/2615/2615 2636/2636/2636 2637/2637/2637
f 2615/2615/2615 2637/2637/2637 2616/2616/2616
f 2616/2616/2616 2637/2637/2637 2638/2638/2638
f 2616/2616/2616 2638/2638/2638 2617/2617/2617
f 2617/2617/2617 2638/2638/2638 2639/2639/2639
f 2617/2617/2617 2639/2639/2639 2618/2618/2618
f 2618/2618/2618 2639/2639/2639 2640/2640/2640
f 2618/2618/2618 2640/2640/2640 2619/2619/2619
f 2619/2619/2619 2640/2640/2640 2641/2641/2641
f 2619/2619/2619 2641/2641/2641 2620/2620/2620
f 2620/2620/2620 2641/2641/2641 2642/2642/2642
f 2620/2620/2620 2642/2642/2642 2621/2621/2621
f 2621/2621/2621 2642/2642/2642 2643/2643/2643
f 2621/2621/2621 2643/2643/2643 2622/2622/2622
f 2622/2622/2622 2643/2643/2643 2644/2644/2644
f 2622/2622/2622 2644/2644/2644 2623/2623/2623
f 2623/2623/2623 2644/2644/2644 2645/2645/2645
f 2623/2623/2623 2645/2645/2645 2624/2624/2624
f 2624/2624/2624 2645/2645/2645 2646/2646/2646
f 2624/2624/2624 2646/2646/2646 2625/2625/2625
f 2625/2625/2625 2646/2646/2646 2647/2647/2647
f 2625/2625/2625 2647/2647/2647 2626/2626/2626
f 2626/2626/2626 2647/2647/2647 2648/2648/2648
f 2626/2626/2626 2648/2648/2648 2627/2627/2627
f 2627/2627/2627 2648/2648/2648 2649/2649/2649
f 2627/2627/2627 2649/2649/2649 2628/2628/2628
f 2629/2629/2629 2650/2650/2650 2651/2651/2651
f 2629/2629/2629 2651/2651/2651 2630/2630/2630
f 2630/2630/2630 2651/2651/2651 2652/2652/2652
f 2630/2630/2630 2652/2652/2652 2631/2631/2631
f 2631/2631/2631 2652/2652/2652 2653/2653/2653
f 2631/2631/2631 2653/2653/2653 2632/2632/2632
f 2632/2632/2632 2653/2653/2653 2654/2654/2654
f 2632/2632/2632 2654/2654/2654 2633/2633/2633
f 2633/2633/2633 2654/2654/2654 2655/2655/2655
f 2633/2633/2633 2655/2655/2655 2634/2634/2634
f 2634/2634/2634 2655/2655/2655 2656/2656/2656
f 2634/2634/2634 2656/2656/2656 2635/2635/2635
f 2635/2635/2635 2656/2656/2656 2657/2657/2657
f 2635/2635/2635 2657/2657/2657 2636/2636/2636
f 2636/2636/2636 2657/2657/2657 2658/2658/2658
f 2636/2636/2636 2658/2658/2658 2637/2637/2637
f 2637/2637/2637 2658/2658/2658 2659/2659/2659
f 2637/2637/2637 2659/2659/2659 2638/2638/2638
f 2638/2638/2638 2659/2659/2659 2660/2660/2660
f 2638/2638/2638 2660/2660/2660 2639/2639/2639
f 2639/2639/2639 2660/2660/2660 2661/2661/2661
f 2639/2639/2639 2661/2661/2661 2640/2640/2640
f 2640/2640/2640 2661/2661/2661 2662/2662/2662
f 2640/2640/2640 2662/2662/2662 2641/2641/2641
f 2641/2641/2641 2662/2662/2662 2663/2663/2663
f 2641/2641/2641 2663/2663/2663 2642/2642/2642
f 2642/2642/2642 2663/2663/2663 2664/2664/2664
f 2642/2642/2642 2664/2664/2664 2643/2643/2643
f 2643/2643/2643 2664/2664/2664 2665/2665/2665
f 2643/2643/2643 2665/2665/2665 2644/2644/2644
f 2644/2644/2644 2665/2665/2665 2666/2666/2666
f 2644/2644/2644 2666/2666/2666 2645/2645/2645
f 2645/2645/2645 2666/2666/2666 2667/2667/2667
f 2645/2645/2645 2667/2667/2667 2646/2646/2646
f 2646/2646/2646 2667/2667/2667 2668/2668/2668
f 2646/2646/2646 2668/2668/2668 2647/2647/2647
f 2647/2647/2647 2668/2668/2668 2669/2669/2669
f 2647/2647/2647 2669/2669/2669 2648/2648/2648
f 2648/2648/2648 2669/2669/2669 2670/2670/2670
f 2648/2648/2648 2670/2670/2670 2649/2649/2649
f 2650/2650/2650 2671/2671/2671 2672/2672/2672
f 2650/2650/2650 2672/2672/2672 2651/2651/2651
f 2651/2651/2651 2672/2672/2672 2673/2673/2673
f 2651/2651/2651 2673/2673/2673 2652/2652/2652
f 2652/2652/2652 2673/2673/2673 2674/2674/2674
f 2652/2652/2652 2674/2674/2674 2653/2653/2653
f 2653/2653/2653 2674/2674/2674 2675/2675/2675
f 2653/2653/2653 2675/2675/2675 2654/2654/2654
f 2654/2654/2654 2675/2675/2675 2676/2676/2676
f 2654/2654/2654 2676/2676/2676 2655/2655/2655
f 2655/2655/2655 2676/2676/2676 2677/2677/2677
f 2655/2655/2655 2677/2677/2677 2656/2656/2656
f 2656/2656/2656 2677/2677/2677 2678/2678/2678
f 2656/2656/2656 2678/2678/2678 2657/2657/2657
f 2657/2657/2657 2678/2678/2678 2679/2679/2679
f 2657/2657/2657 2679/2679/2679 2658/2658/2658
f 2658/2658/2658 2679/2679/2679 2680/2680/2680
f 2658/2658/2658 2680/2680/2680 2659/2659/2659
f 2659/2659/2659 2680/2680/2680 2681/2681/2681
f 2659/2659/2659 2681/2681/2681 2660/2660/2660
f 2660/2660/2660 2681/2681/2681 2682/2682/2682
f 2660/2660/2660 2682/2682/2682 2661/2661/2661
f 2661/2661/2661 2682/2682/2682 2683/2683/2683
f 2661/2661/2661 2683/2683/2683 2662/2662/2662
f 2662/2662/2662 2683/2683/2683 2684/2684/2684
f 2662/2662/2662 2684/2684/2684 2663/2663/2663
f 2663/2663/2663 2684/2684/2684 2685/2685/2685
f 2663/2663/2663 2685/2685/2685 2664/2664/2664
f 2664/2664/2664 2685/2685/2685 2686/2686/2686
f 2664/2664/2664 2686/2686/2686 2665/2665/2665
f 2665/2665/2665 2686/2686/2686 2687/2687/2687
f 2665/2665/2665 2687/2687/2687 2666/2666/2666
f 2666/2666/2666 2687/2687/2687 2688/2688/2688
f 2666/2666/2666 2688/2688/2688 2667/2667/2667
f 2667/2667/2667 2688/2688/2688 2689/2689/2689
f 2667/2667/2667 2689/2689/2689 2668/2668/2668
f 2668/2668/2668 2689/2689/2689 2690/2690/2690
f 2668/2668/2668 2690/2690/2690 2669/2669/2669
f 2669/2669/2669 2690/2690/2690 2691/2691/2691
f 2669/2669/2669 2691/2691/2691 2670/2670/2670
f 2671/2671/2671 2692/2692/2692 2693/2693/2693
f 2671/2671/2671 2693/2693/2693 2672/2672/2672
f 2672/2672/2672 2693/2693/2693 2694/2694/2694
f 2672/2672/2672 2694/2694/2694 2673/2673/2673
f 2673/2673/2673 2694/2694/2694 2695/2695/2695
f 2673/2673/2673 2695/2695/2695 2674/2674/2674
f 2674/2674/2674 2695/2695/2695 2696/2696/2696
f 2674/2674/2674 2696/2696/2696 2675/2675/2675
f 2675/2675/2675 2696/2696/2696 2697/2697/2697
f 2675/2675/2675 2697/2697/2697 2676/2676/2676
f 2676/2676/2676 2697/2697/2697 2698/2698/2698
f 2676/2676/2676 2698/2698/2698 2677/2677/2677
f 2677/2677/2677 2698/2698/2698 2699/2699/2699
f 2677/2677/2677 2699/2699/2699 2678/2678/2678
f 2678/2678/2678 2699/2699/2699 2700/2700/2700
f 2678/2678/2678 2700/2700/2700 2679/2679/2679
f 2679/2679/2679 2700/2700/2700 2701/2701/2701
f 2679/2679/2679 2701/2701/2701 2680/2680/2680
f 2680/2680/2680 2701/2701/2701 2702/2702/2702
f 2680/2680/2680 2702/2702/2702 2681/2681/2681
f 2681/2681/2681 2702/2702/2702 2703/2703/2703
f 2681/2681/2681 2703/2703/2703 2682/2682/2682
f 2682/2682/2682 2703/2703/2703 2704/2704/2704
f 2682/2682/2682 2704/2704/2704 2683/2683/2683
f 2683/2683/2683 2704/2704/2704 2705/2705/2705
f 2683/2683/2683 2705/2705/2705 2684/2684/2684
f 2684/2684/2684 2705/2705/2705 2706/2706/2706
f 2684/2684/2684 2706/2706/2706 2685/2685/2685
f 2685/2685/2685 2706/2706/2706 2707/2707/2707
f 2685/2685/2685 2707/2707/2707 2686/2686/2686
f 2686/2686/2686 2707/2707/2707 2708/2708/2708
f 2686/2686/2686 2708/2708/2708 2687/2687/2687
f 2687/2687/2687 2708/2708/2708 2709/2709/2709
f 2687/2687/2687 2709/2709/2709 2688/2688/2688
f 2688/2688/2688 2709/2709/2709 2710/2710/2710
f 2688/2688/2688 2710/2710/2710 2689/2689/2689
f 2689/2689/2689 2710/2710/2710 2711/2711/2711
f 2689/2689/2689 2711/2711/2711 2690/2690/2690
f 2690/2690/2690 2711/2711/2711 2712/2712/2712
f 2690/2690/2690 2712/2712/2712 2691/2691/2691
f 2692/2692/2692 2713/2713/2713 2714/2714/2714
f 2692/2692/2692 2714/2714/2714 2693/2693/2693
f 2693/2693/2693 2714/2714/2714 2715/2715/2715
f 2693/2693/2693 2715/2715/2715 2694/2694/2694
f 2694/2694/2694 2715/2715/2715 2716/2716/2716
f 2694/2694/2694 2716/2716/2716 2695/2695/2695
f 2695/2695/2695 2716/2716/2716 2717/2717/2717
f 2695/2695/2695 2717/2717/2717 2696/2696/2696
f 2696/2696/2696 2717/2717/2717 2718/2718/2718
f 2696/2696/2696 2718/2718/2718 2697/2697/2697
f 2697/2697/2697 2718/2718/2718 2719/2719/2719
f 2697/2697/2697 2719/2719/2719 2698/2698/2698
f 2698/2698/2698 2719/2719/2719 2720/2720/2720
f 2698/2698/2698 2720/2720/2720 2699/2699/2699
f 2699/2699/2699 2720/2720/2720 2721/2721/2721
f 2699/2699/2699 2721/2721/2721 2700/2700/2700
f 2700/2700/2700 2721/2721/2721 2722/2722/2722
f 2700/2700/2700 2722/2722/2722 2701/2701/2701
f 2701/2701/2701 2722/2722/2722 2723/2723/2723
f 2701/2701/2701 2723/2723/2723 2702/2702/2702
f 2702/2702/2702 2723/2723/2723 2724/2724/2724
f 2702/2702/2702 2724/2724/2724 2703/2703/2703
f 2703/2703/2703 2724/2724/2724 2725/2725/2725
f 2703/2703/2703 2725/2725/2725 2704/2704/2704
f 2704/2704/2704 2725/2725/2725 2726/2726/2726
f 2704/2704/2704 2726/2726/2726 2705/2705/2705
f 2705/2705/2705 2726/2726/2726 2727/2727/2727
f 2705/2705/2705 2727/2727/2727 2706/2706/2706
f 2706/2706/2706 2727/2727/2727 2728/2728/2728
f 2706/2706/2706 2728/2728/2728 2707/2707/2707
f 2707/2707/2707 2728/2728/2728 2729/2729/2729
f 2707/2707/2707 2729/2729/2729 2708/2708/2708
f 2708/2708/2708 2729/2729/2729 2730/2730/2730
f 2708/2708/2708 2730/2730/2730 2709/2709/2709
f 2709/2709/2709 2730/2730/2730 2731/2731/2731
f 2709/2709/2709 2731/2731/2731 2710/2710/2710
f 2710/2710/2710 2731/2731/2731 2732/2732/2732
f 2710/2710/2710 2732/2732/2732 2711/2711/2711
f 2711/2711/2711 2732/2732/2732 2733/2733/2733
f 2711/2711/2711 2733/2733/2733 2712/2712/2712
f 2713/2713/2713 2734/2734/2734 2735/2735/2735
f 2713/2713/2713 2735/2735/2735 2714/2714/2714
f 2714/2714/2714 2735/2735/2735 2736/2736/2736
f 2714/2714/2714 2736/2736/2736 2715/2715/2715
f 2715/2715/2715 2736/2736/2736 2737/2737/2737
f 2715/2715/2715 2737/2737/2737 2716/2716/2716
f 2716/2716/2716 2737/2737/2737 2738/2738/2738
f 2716/2716/2716 2738/2738/2738 2717/2717/2717
f 2717/2717/2717 2738/2738/2738 2739/2739/2739
f 2717/2717/2717 2739/2739/2739 2718/2718/2718
f 2718/2718/2718 2739/2739/2739 2740/2740/2740
f 2718/2718/2718 2740/2740/2740 2719/2719/2719
f 2719/2719/2719 2740/2740/2740 2741/2741/2741
f 2719/2719/2719 2741/2741/2741 2720/2720/2720
f 2720/2720/2720 2741/2741/2741 2742/2742/2742
f 2720/2720/2720 2742/2742/2742 2721/2721/2721
f 2721/2721/2721 2742/2742/2742 2743/2743/2743
f 2721/2721/2721 2743/2743/2743 2722/2722/2722
f 2722/2722/2722 2743/2743/2743 2744/2744/2744
f 2722/2722/2722 2744/2744/2744 2723/2723/2723
f 2723/2723/2723 2744/2744/2744 2745/2745/2745
f 2723/2723/2723 2745/2745/2745 2724/2724/2724
f 2724/2724/2724 2745/2745/2745 2746/2746/2746
f 2724/2724/2724 2746/2746/2746 2725/2725/2725
f 2725/2725/2725 2746/2746/2746 2747/2747/2747
f 2725/2725/2725 2747/2747/2747 2726/2726/2726
f 2726/2726/2726 2747/2747/2747 2748/2748/2748
f 2726/2726/2726 2748/2748/2748 2727/2727/2727
f 2727/2727/2727 2748/2748/2748 2749/2749/2749
f 2727/2727/2727 2749/2749/2749 2728/2728/2728
f 2728/2728/2728 2749/2749/2749 2750/2750/2750
f 2728/2728/2728 2750/2750/2750 2729/2729/2729
f 2729/2729/2729 2750/2750/2750 2751/2751/2751
f 2729/2729/2729 2751/2751/2751 2730/2730/2730
f 2730/2730/2730 2751/2751/2751 2752/2752/2752
f 2730/2730/2730 2752/2752/2752 2731/2731/2731
f 2731/2731/2731 2752/2752/2752 2753/2753/2753
f 2731/2731/2731 2753/2753/2753 2732/2732/2732
f 2732/2732/2732 2753/2753/2753 2754/2754/2754
f 2732/2732/2732 2754/2754/2754 2733/2733/2733
f 2734/2734/2734 2755/2755/2755 2756/2756/2756
f 2734/2734/2734 2756/2756/2756 2735/2735/2735
f 2735/2735/2735 2756/2756/2756 2757/2757/2757
f 2735/2735/2735 2757/2757/2757 2736/2736/2736
f 2736/2736/2736 2757/2757/2757 2758/2758/2758
f 2736/2736/2736 2758/2758/2758 2737/2737/2737
f 2737/2737/2737 2758/2758/2758 2759/2759/2759
f 2737/2737/2737 2759/2759/2759 2738/2738/2738
f 2738/2738/2738 2759/2759/2759 2760/2760/2760
f 2738/2738/2738 2760/2760/2760 2739/2739/2739
f 2739/2739/2739 2760/2760/2760 2761/2761/2761
f 2739/2739/2739 2761/2761/2761 2740/2740/2740
f 2740/2740/2740 2761/2761/2761 2762/2762/2762
f 2740/2740/2740 2762/2762/2762 2741/2741/2741
f 2741/2741/2741 2762/2762/2762 2763/2763/2763
f 2741/2741/2741 2763/2763/2763 2742/2742/2742
f 2742/2742/2742 2763/2763/2763 2764/2764/2764
f 2742/2742/2742 2764/2764/2764 2743/2743/2743
f 2743/2743/2743 2764/2764/2764 2765/2765/2765
f 2743/2743/2743 2765/2765/2765 2744/2744/2744
f 2744/2744/2744 2765/2765/2765 2766/2766/2766
f 2744/2744/2744 2766/2766/2766 2745/2745/2745
f 2745/2745/2745 2766/2766/2766 2767/2767/2767
f 2745/2745/2745 2767/2767/2767 2746/2746/2746
f 2746/2746/2746 2767/2767/2767 2768/2768/2768
f 2746/2746/2746 2768/2768/2768 2747/2747/2747
f 2747/2747/2747 2768/2768/2768 2769/2769/2769
f 2747/2747/2747 2769/2769/2769 2748/2748/2748
f 2748/2748/2748 2769/2769/2769 2770/2770/2770
f 2748/2748/2748 2770/2770/2770 2749/2749/2749
f 2749/2749/2749 2770/2770/2770 2771/2771/2771
f 2749/2749/2749 2771/2771/2771 2750/2750/2750
f 2750/2750/2750 2771/2771/2771 2772/2772/2772
f 2750/2750/2750 2772/2772/2772 2751/2751/2751
f 2751/2751/2751 2772/2772/2772 2773/2773/2773
f 2751/2751/2751 2773/2773/2773 2752/2752/2752
f 2752/2752/2752 2773/2773/2773 2774/2774/2774
f 2752/2752/2752 2774/2774/2774 2753/2753/2753
f 2753/2753/2753 2774/2774/2774 2775/2775/2775
f 2753/2753/2753 2775/2775/2775 2754/2754/2754
f 2755/2755/2755 2776/2776/2776 2777/2777/2777
f 2755/2755/2755 2777/2777/2777 2756/2756/2756
f 2756/2756/2756 2777/2777/2777 2778/2778/2778
f 2756/2756/2756 2778/2778/2778 2757/2757/2757
f 2757/2757/2757 2778/2778/2778 2779/2779/2779
f 2757/2757/2757 2779/2779/2779 2758/2758/2758
f 2758/2758/2758 2779/2779/2779 2780/2780/2780
f 2758/2758/2758 2780/2780/2780 2759/2759/2759
f 2759/2759/2759 2780/2780/2780 2781/2781/2781
f 2759/2759/2759 2781/2781/2781 2760/2760/2760
f 2760/2760/2760 2781/2781/2781 2782/2782/2782
f 2760/2760/2760 2782/2782/2782 2761/2761/2761
f 2761/2761/2761 2782/2782/2782 2783/2783/2783
f 2761/2761/2761 2783/2783/2783 2762/2762/2762
f 2762/2762/2762 2783/2783/2783 2784/2784/2784
f 2762/2762/2762 2784/2784/2784 2763/2763/2763
f 2763/2763/2763 2784/2784/2784 2785/2785/2785
f 2763/2763/2763 2785/2785/2785 2764/2764/2764
f 2764/2764/2764 2785/2785/2785 2786/2786/2786
f 2764/2764/2764 2786/2786/2786 2765/2765/2765
f 2765/2765/2765 2786/2786/2786 2787/2787/2787
f 2765/2765/2765 2787/2787/2787 2766/2766/2766
f 2766/2766/2766 2787/2787/2787 2788/2788/2788
f 2766/2766/2766 2788/2788/2788 2767/2767/2767
f 2767/2767/2767 2788/2788/2788 2789/2789/2789
f 2767/2767/2767 2789/2789/2789 2768/2768/2768
f 2768/2768/2768 2789/2789/2789 2790/2790/2790
f 2768/2768/2768 2790/2790/2790 2769/2769/2769
f 2769/2769/2769 2790/2790/2790 2791/2791/2791
f 2769/2769/2769 2791/2791/2791 2770/2770/2770
f 2770/2770/2770 2791/2791/2791 2792/2792/2792
f 2770/2770/2770 2792/2792/2792 2771/2771/2771
f 2771/2771/2771 2792/2792/2792 2793/2793/2793
f 2771/2771/2771 2793/2793/2793 2772/2772/2772
f 2772/2772/2772 2793/2793/2793 2794/2794/2794
f 2772/2772/2772 2794/2794/2794 2773/2773/2773
f 2773/2773/2773 2794/2794/2794 2795/2795/2795
f 2773/2773/2773 2795/2795/2795 2774/2774/2774
f 2774/2774/2774 2795/2795/2795 2796/2796/2796
f 2774/2774/2774 2796/2796/2796 2775/2775/2775
f 2776/2776/2776 2797/2797/2797 2798/2798/2798
f 2776/2776/2776 2798/2798/2798 2777/2777/2777
f 2777/2777/2777 2798/2798/2798 2799/2799/2799
f 2777/2777/2777 2799/2799/2799 2778/2778/2778
f 2778/2778/2778 2799/2799/2799 2800/2800/2800
f 2778/2778/2778 2800/2800/2800 2779/2779/2779
f 2779/2779/2779 2800/2800/2800 2801/2801/2801
f 2779/2779/2779 2801/2801/2801 2780/2780/2780
f 2780/2780/2780 2801/2801/2801 2802/2802/2802
f 2780/2780/2780 2802/2802/2802 2781/2781/2781
f 2781/2781/2781 2802/2802/2802 2803/2803/2803
f 2781/2781/2781 2803/2803/2803 2782/2782/2782
f 2782/2782/2782 2803/2803/2803 2804/2804/2804
f 2782/2782/2782 2804/2804/2804 2783/2783/2783
f 2783/2783/2783 2804/2804/2804 2805/2805/2805
f 2783/2783/2783 2805/2805/2805 2784/2784/2784
f 2784/2784/2784 2805/2805/2805 2806/2806/2806
f 2784/2784/2784 2806/2806/2806 2785/2785/2785
f 2785/2785/2785 2806/2806/2806 2807/2807/2807
f 2785/2785/2785 2807/2807/2807 2786/2786/2786
f 2786/2786/2786 2807/2807/2807 2808/2808/2808
f 2786/2786/2786 2808/2808/2808 2787/2787/2787
f 2787/2787/2787 2808/2808/2808 2809/2809/2809
f 2787/2787/2787 2809/2809/2809 2788/2788/2788
f 2788/2788/2788 2809/2809/2809 2810/2810/2810
f 2788/2788/2788 2810/2810/2810 2789/2789/2789
f 2789/2789/2789 2810/2810/2810 2811/2811/2811
f 2789/2789/2789 2811/2811/2811 2790/2790/2790
f 2790/2790/2790 2811/2811/2811 2812/2812/2812
f 2790/2790/2790 2812/2812/2812 2791/2791/2791
f 2791/2791/2791 2812/2812/2812 2813/2813/2813
f 2791/2791/2791 2813/2813/2813 2792/2792/2792
f 2792/2792/2792 2813/2813/2813 2814/2814/2814
f 2792/2792/2792 2814/2814/2814 2793/2793/2793
f 2793/2793/2793 2814/2814/2814 2815/2815/2815
f 2793/2793/2793 2815/2815/2815 2794/2794/2794
f 2794/2794/2794 2815/2815/2815 2816/2816/2816
f 2794/2794/2794 2816/2816/2816 2795/2795/2795
f 2795/2795/2795 2816/2816/2816 2817/2817/2817
f 2795/2795/2795 2817/2817/2817 2796/2796/2796
f 2797/2797/2797 2818/2818/2818 2819/2819/2819
f 2797/2797/2797 2819/2819/2819 2798/2798/2798
f 2798/2798/2798 2819/2819/2819 2820/2820/2820
f 2798/2798/2798 2820/2820/2820 2799/2799/2799
f 2799/2799/2799 2820/2820/2820 2821/2821/2821
f 2799/2799/2799 2821/2821/2821 2800/2800/2800
f 2800/2800/2800 2821/2821/2821 2822/2822/2822
f 2800/2800/2800 2822/2822/2822 2801/2801/2801
f 2801/2801/2801 2822/2822/2822 2823/2823/2823
f 2801/2801/2801 2823/2823/2823 2802/2802/2802
f 2802/2802/2802 2823/2823/2823 2824/2824/2824
f 2802/2802/2802 2824/2824/2824 2803/2803/2803
f 2803/2803/2803 2824/2824/2824 2825/2825/2825
f 2803/2803/2803 2825/2825/2825 2804/2804/2804
f 2804/2804/2804 2825/2825/2825 2826/2826/2826
f 2804/2804/2804 2826/2826/2826 2805/2805/2805
f 2805/2805/2805 2826/2826/2826 2827/2827/2827
f 2805/2805/2805 2827/2827/2827 2806/2806/2806
f 2806/2806/2806 2827/2827/2827 2828/2828/2828
f 2806/2806/2806 2828/2828/2828 2807/2807/2807
f 2807/2807/2807 2828/2828/2828 2829/2829/2829
f 2807/2807/2807 2829/2829/2829 2808/2808/2808
f 2808/2808/2808 2829/2829/2829 2830/2830/2830
f 2808/2808/2808 2830/2830/2830 2809/2809/2809
f 2809/2809/2809 2830/2830/2830 2831/2831/2831
f 2809/2809/2809 2831/2831/2831 2810/2810/2810
f 2810/2810/2810 2831/2831/2831 2832/2832/2832
f 2810/2810/2810 2832/2832/2832 2811/2811/2811
f 2811/2811/2811 2832/2832/2832 2833/2833/2833
f 2811/2811/2811 2833/2833/2833 2812/2812/2812
f 2812/2812/2812 2833/2833/2833 2834/2834/2834
f 2812/2812/2812 2834/2834/2834 2813/2813/2813
f 2813/2813/2813 2834/2834/2834 2835/2835/2835
f 2813/2813/2813 2835/2835/2835 2814/2814/2814
f 2814/2814/2814 2835/2835/2835 2836/2836/2836
f 2814/2814/2814 2836/2836/2836 2815/2815/2815
f 2815/2815/2815 2836/2836/2836 2837/2837/2837
f 2815/2815/2815 2837/2837/2837 2816/2816/2816
f 2816/2816/2816 2837/2837/2837 2838/2838/2838
f 2816/2816/2816 2838/2838/2838 2817/2817/2817
f 2818/2818/2818 2839/2839/2839 2840/2840/2840
f 2818/2818/2818 2840/2840/2840 2819/2819/2819
f 2819/2819/2819 2840/2840/2840 2841/2841/2841
f 2819/2819/2819 2841/2841/2841 2820/2820/2820
f 2820/2820/2820 2841/2841/2841 2842/2842/2842
f 2820/2820/2820 2842/2842/2842 2821/2821/2821
f 2821/2821/2821 2842/2842/2842 2843/2843/2843
f 2821/2821/2821 2843/2843/2843 2822/2822/2822
f 2822/2822/2822 2843/2843/2843 2844/2844/2844
f 2822/2822/2822 2844/2844/2844 2823/2823/2823
f 2823/2823/2823 2844/2844/2844 2845/2845/2845
f 2823/2823/2823 2845/2845/2845 2824/2824/2824
f 2824/2824/2824 2845/2845/2845 2846/2846/2846
f 2824/2824/2824 2846/2846/2846 2825/2825/2825
f 2825/2825/2825 2846/2846/2846 2847/2847/2847
f 2825/2825/2825 2847/2847/2847 2826/2826/2826
f 2826/2826/2826 2847/2847/2847 2848/2848/2848
f 2826/2826/2826 2848/2848/2848 2827/2827/2827
f 2827/2827/2827 2848/2848/2848 2849/2849/2849
f 2827/2827/2827 2849/2849/2849 2828/2828/2828
f 2828/2828/2828 2849/2849/2849 2850/2850/2850
f 2828/2828/2828 2850/2850/2850 2829/2829/2829
f 2829/2829/2829 2850/2850/2850 2851/2851/2851
f 2829/2829/2829 2851/2851/2851 2830/2830/2830
f 2830/2830/2830 2851/2851/2851 2852/2852/2852
f 2830/2830/2830 2852/2852/2852 2831/2831/2831
f 2831/2831/2831 2852/2852/2852 2853/2853/2853
f 2831/2831/2831 2853/2853/2853 2832/2832/2832
f 2832/2832/2832 2853/2853/2853 2854/2854/2854
f 2832/2832/2832 2854/2854/2854 2833/2833/2833
f 2833/2833/2833 2854/2854/2854 2855/2855/2855
f 2833/2833/2833 2855/2855/2855 2834/2834/2834
f 2834/2834/2834 2855/2855/2855 2856/2856/2856
f 2834/2834/2834 2856/2856/2856 2835/2835/2835
f 2835/2835/2835 2856/2856/2856 2857/2857/2857
f 2835/2835/2835 2857/2857/2857 2836/2836/2836
f 2836/2836/2836 2857/2857/2857 2858/2858/2858
f 2836/2836/2836 2858/2858/2858 2837/2837/2837
f 2837/2837/2837 2858/2858/2858 2859/2859/2859
f 2837/2837/2837 2859/2859/2859 2838/2838/2838
f 2839/2839/2839 2860/2860/2860 2861/2861/2861
f 2839/2839/2839 2861/2861/2861 2840/2840/2840
f 2840/2840/2840 2861/2861/2861 2862/2862/2862
f 2840/2840/2840 2862/2862/2862 2841/2841/2841
f 2841/2841/2841 2862/2862/2862 2863/2863/2863
f 2841/2841/2841 2863/2863/2863 2842/2842/2842
f 2842/2842/2842 2863/2863/2863 2864/2864/2864
f 2842/2842/2842 2864/2864/2864 2843/2843/2843
f 2843/2843/2843 2864/2864/2864 2865/2865/2865
f 2843/2843/2843 2865/2865/2865 2844/2844/2844
f 2844/2844/2844 2865/2865/2865 2866/2866/2866
f 2844/2844/2844 2866/2866/2866 2845/2845/2845
f 2845/2845/2845 2866/2866/2866 2867/2867/2867
f 2845/2845/2845 2867/2867/2867 2846/2846/2846
f 2846/2846/2846 2867/2867/2867 2868/2868/2868
f 2846/2846/2846 2868/2868/2868 2847/2847/2847
f 2847/2847/2847 2868/2868/2868 2869/2869/2869
f 2847/2847/2847 2869/2869/2869 2848/2848/2848
f 2848/2848/2848 2869/2869/2869 2870/2870/2870
f 2848/2848/2848 2870/2870/2870 2849/2849/2849
f 2849/2849/2849 2870/2870/2870 2871/2871/2871
f 2849/2849/2849 2871/2871/2871 2850/2850/2850
f 2850/2850/2850 2871/2871/2871 2872/2872/2872
f 2850/2850/2850 2872/2872/2872 2851/2851/2851
f 2851/2851/2851 2872/2872/2872 2873/2873/2873
f 2851/2851/2851 2873/2873/2873 2852/2852/2852
f 2852/2852/2852 2873/2873/2873 2874/2874/2874
f 2852/2852/2852 2874/2874/2874 2853/2853/2853
f 2853/2853/2853 2874/2874/2874 2875/2875/2875
f 2853/2853/2853 2875/2875/2875 2854/2854/2854
f 2854/2854/2854 2875/2875/2875 2876/2876/2876
f 2854/2854/2854 2876/2876/2876 2855/2855/2855
f 2855/2855/2855 2876/2876/2876 2877/2877/2877
f 2855/2855/2855 2877/2877/2877 2856/2856/2856
f 2856/2856/2856 2877/2877/2877 2878/2878/2878
f 2856/2856/2856 2878/2878/2878 2857/2857/2857
f 2857/2857/2857 2878/2878/2878 2879/2879/2879
f 2857/2857/2857 2879/2879/2879 2858/2858/2858
f 2858/2858/2858 2879/2879/2879 2880/2880/2880
f 2858/2858/2858 2880/2880/2880 2859/2859/2859
f 2860/2860/2860 2881/2881/2881 2882/2882/2882
f 2860/2860/2860 2882/2882/2882 2861/2861/2861
f 2861/2861/2861 2882/2882/2882 2883/2883/2883
f 2861/2861/2861 2883/2883/2883 2862/2862/2862
f 2862/2862/2862 2883/2883/2883 2884/2884/2884
f 2862/2862/2862 2884/2884/2884 2863/2863/2863
f 2863/2863/2863 2884/2884/2884 2885/2885/2885
f 2863/2863/2863 2885/2885/2885 2864/2864/2864
f 2864/2864/2864 2885/2885/2885 2886/2886/2886
f 2864/2864/2864 2886/2886/2886 2865/2865/2865
f 2865/2865/2865 2886/2886/2886 2887/2887/2887
f 2865/2865/2865 2887/2887/2887 2866/2866/2866
f 2866/2866/2866 2887/2887/2887 2888/2888/2888
f 2866/2866/2866 2888/2888/2888 2867/2867/2867
f 2867/2867/2867 2888/2888/2888 2889/2889/2889
f 2867/2867/2867 2889/2889/2889 2868/2868/2868
f 2868/2868/2868 2889/2889/2889 2890/2890/2890
f 2868/2868/2868 2890/2890/2890 2869/2869/2869
f 2869/2869/2869 2890/2890/2890 2891/2891/2891
f 2869/2869/2869 2891/2891/2891 2870/2870/2870
f 2870/2870/2870 2891/2891/2891 2892/2892/2892
f 2870/2870/2870 2892/2892/2892 2871/2871/2871
f 2871/2871/2871 2892/2892/2892 2893/2893/2893
f 2871/2871/2871 2893/2893/2893 2872/2872/2872
f 2872/2872/2872 2893/2893/2893 2894/2894/2894
f 2872/2872/2872 2894/2894/2894 2873/2873/2873
f 2873/2873/2873 2894/2894/2894 2895/2895/2895
f 2873/2873/2873 2895/2895/2895 2874/2874/2874
f 2874/2874/2874 2895/2895/2895 2896/2896/2896
f 2874/2874/2874 2896/2896/2896 2875/2875/2875
f 2875/2875/2875 2896/2896/2896 2897/2897/2897
f 2875/2875/2875 2897/2897/2897 2876/2876/2876
f 2876/2876/2876 2897/2897/2897 2898/2898/2898
f 2876/2876/2876 2898/2898/2898 2877/2877/2877
f 2877/2877/2877 2898/2898/2898 2899/2899/2899
f 2877/2877/2877 2899/2899/2899 2878/2878/2878
f 2878/2878/2878 2899/2899/2899 2900/2900/2900
f 2878/2878/2878 2900/2900/2900 2879/2879/2879
f 2879/2879/2879 2900/2900/2900 2901/2901/2901
f 2879/2879/2879 2901/2901/2901 2880/2880/2880
f 2881/2881/2881 2902/2902/2902 2903/2903/2903
f 2881/2881/2881 2903/2903/2903 2882/2882/2882
f 2882/2882/2882 2903/2903/2903 2904/2904/2904
f 2882/2882/2882 2904/2904/2904 2883/2883/2883
f 2883/2883/2883 2904/2904/2904 2905/2905/2905
f 2883/2883/2883 2905/2905/2905 2884/2884/2884
f 2884/2884/2884 2905/2905/2905 2906/2906/2906
f 2884/2884/2884 2906/2906/2906 2885/2885/2885
f 2885/2885/2885 2906/2906/2906 2907/2907/2907
f 2885/2885/2885 2907/2907/2907 2886/2886/2886
f 2886/2886/2886 2907/2907/2907 2908/2908/2908
f 2886/2886/2886 2908/2908/2908 2887/2887/2887
f 2887/2887/2887 2908/2908/2908 2909/2909/2909
f 2887/2887/2887 2909/2909/2909 2888/2888/2888
f 2888/2888/2888 2909/2909/2909 2910/2910/2910
f 2888/2888/2888 2910/2910/2910 2889/2889/2889
f 2889/2889/2889 2910/2910/2910 2911/2911/2911
f 2889/2889/2889 2911/2911/2911 2890/2890/2890
f 2890/2890/2890 2911/2911/2911 2912/2912/2912
f 2890/2890/2890 2912/2912/2912 2891/2891/2891
f 2891/2891/2891 2912/2912/2912 2913/2913/2913
f 2891/2891/2891 2913/2913/2913 2892/2892/2892
f 2892/2892/2892 2913/2913/2913 2914/2914/2914
f 2892/2892/2892 2914/2914/2914 2893/2893/2893
f 2893/2893/2893 2914/2914/2914 2915/2915/2915
f 2893/2893/2893 2915/2915/2915 2894/2894/2894
f 2894/2894/2894 2915/2915/2915 2916/2916/2916
f 2894/2894/2894 2916/2916/2916 2895/2895/2895
f 2895/2895/2895 2916/2916/2916 2917/2917/2917
f 2895/2895/2895 2917/2917/2917 2896/2896/2896
f 2896/2896/2896 2917/2917/2917 2918/2918/2918
f 2896/2896/2896 2918/2918/2918 2897/2897/2897
f 2897/2897/2897 2918/2918/2918 2919/2919/2919
f 2897/2897/2897 2919/2919/2919 2898/2898/2898
f 2898/2898/2898 2919/2919/2919 2920/2920/2920
f 2898/2898/2898 2920/2920/2920 2899/2899/2899
f 2899/2899/2899 2920/2920/2920 2921/2921/2921
f 2899/2899/2899 2921/2921/2921 2900/2900/2900
f 2900/2900/2900 2921/2921/2921 2922/2922/2922
f 2900/2900/2900 2922/2922/2922 2901/2901/2901
f 2902/2902/2902 2923/2923/2923 2924/2924/2924
f 2902/2902/2902 2924/2924/2924 2903/2903/2903
f 2903/2903/2903 2924/2924/2924 2925/2925/2925
f 2903/2903/2903 2925/2925/2925 2904/2904/2904
f 2904/2904/2904 2925/2925/2925 2926/2926/2926
f 2904/2904/2904 2926/2926/2926 2905/2905/2905
f 2905/2905/2905 2926/2926/2926 2927/2927/2927
f 2905/2905/2905 2927/2927/2927 2906/2906/2906
f 2906/2906/2906 2927/2927/2927 2928/2928/2928
f 2906/2906/2906 2928/2928/2928 2907/2907/2907
f 2907/2907/2907 2928/2928/2928 2929/2929/2929
f 2907/2907/2907 2929/2929/2929 2908/2908/2908
f 2908/2908/2908 2929/2929/2929 2930/2930/2930
f 2908/2908/2908 2930/2930/2930 2909/2909/2909
f 2909/2909/2909 2930/2930/2930 2931/2931/2931
f 2909/2909/2909 2931/2931/2931 2910/2910/2910
f 2910/2910/2910 2931/2931/2931 2932/2932/2932
f 2910/2910/2910 2932/2932/2932 2911/2911/2911
f 2911/2911/2911 2932/2932/2932 2933/2933/2933
f 2911/2911/2911 2933/2933/2933 2912/2912/2912
f 2912/2912/2912 2933/2933/2933 2934/2934/2934
f 2912/2912/2912 2934/2934/2934 2913/2913/2913
f 2913/2913/2913 2934/2934/2934 2935/2935/2935
f 2913/2913/2913 2935/2935/2935 2914/2914/2914
f 2914/2914/2914 2935/2935/2935 2936/2936/2936
f 2914/2914/2914 2936/2936/2936 2915/2915/2915
f 2915/2915/2915 2936/2936/2936 2937/2937/2937
f 2915/2915/2915 2937/2937/2937 2916/2916/2916
f 2916/2916/2916 2937/2937/2937 2938/2938/2938
f 2916/2916/2916 2938/2938/2938 2917/2917/2917
f 2917/2917/2917 2938/2938/2938 2939/2939/2939
f 2917/2917/2917 2939/2939/2939 2918/2918/2918
f 2918/2918/2918 2939/2939/2939 2940/2940/2940
f 2918/2918/2918 2940/2940/2940 2919/2919/2919
f 2919/2919/2919 2940/2940/2940 2941/2941/2941
f 2919/2919/2919 2941/2941/2941 2920/2920/2920
f 2920/2920/2920 2941/2941/2941 2942/2942/2942
f 2920/2920/2920 2942/2942/2942 2921/2921/2921
f 2921/2921/2921 2942/2942/2942 2943/2943/2943
f 2921/2921/2921 2943/2943/2943 2922/2922/2922
f 2923/2923/2923 2944/2944/2944 2945/2945/2945
f 2923/2923/2923 2945/2945/2945 2924/2924/2924
f 2924/2924/2924 2945/2945/2945 2946/2946/2946
f 2924/2924/2924 2946/2946/2946 2925/2925/2925
f 2925/2925/2925 2946/2946/2946 2947/2947/2947
f 2925/2925/2925 2947/2947/2947 2926/2926/2926
f 2926/2926/2926 2947/2947/2947 2948/2948/2948
f 2926/2926/2926 2948/2948/2948 2927/2927/2927
f 2927/2927/2927 2948/2948/2948 2949/2949/2949
f 2927/2927/2927 2949/2949/2949 2928/2928/2928
f 2928/2928/2928 2949/2949/2949 2950/2950/2950
f 2928/2928/2928 2950/2950/2950 2929/2929/2929
f 2929/2929/2929 2950/2950/2950 2951/2951/2951
f 2929/2929/2929 2951/2951/2951 2930/2930/2930
f 2930/2930/2930 2951/2951/2951 2952/2952/2952
f 2930/2930/2930 2952/2952/2952 2931/2931/2931
f 2931/2931/2931 2952/2952/2952 2953/2953/2953
f 2931/2931/2931 2953/2953/2953 2932/2932/2932
f 2932/2932/2932 2953/2953/2953 2954/2954/2954
f 2932/2932/2932 2954/2954/2954 2933/2933/2933
f 2933/2933/2933 2954/2954/2954 2955/2955/2955
f 2933/2933/2933 2955/2955/2955 2934/2934/2934
f 2934/2934/2934 2955/2955/2955 2956/2956/2956
f 2934/2934/2934 2956/2956/2956 2935/2935/2935
f 2935/2935/2935 2956/2956/2956 2957/2957/2957
f 2935/2935/2935 2957/2957/2957 2936/2936/2936
f 2936/2936/2936 2957/2957/2957 2958/2958/2958
f 2936/2936/2936 2958/2958/2958 2937/2937/2937
f 2937/2937/2937 2958/2958/2958 2959/2959/2959
f 2937/2937/2937 2959/2959/2959 2938/2938/2938
f 2938/2938/2938 2959/2959/2959 2960/2960/2960
f 2938/2938/2938 2960/2960/2960 2939/2939/2939
f 2939/2939/2939 2960/2960/2960 2961/2961/2961
f 2939/2939/2939 2961/2961/2961 2940/2940/2940
f 2940/2940/2940 2961/2961/2961 2962/2962/2962
f 2940/2940/2940 2962/2962/2962 2941/2941/2941
f 2941/2941/2941 2962/2962/2962 2963/2963/2963
f 2941/2941/2941 2963/2963/2963 2942/2942/2942
f 2942/2942/2942 2963/2963/2963 2964/2964/2964
f 2942/2942/2942 2964/2964/2964 2943/2943/2943
f 2944/2944/2944 2965/2965/2965 2966/2966/2966
f 2944/2944/2944 2966/2966/2966 2945/2945/2945
f 2945/2945/2945 2966/2966/2966 2967/2967/2967
f 2945/2945/2945 2967/2967/2967 2946/2946/2946
f 2946/2946/2946 2967/2967/2967 2968/2968/2968
f 2946/2946/2946 2968/2968/2968 2947/2947/2947
f 2947/2947/2947 2968/2968/2968 2969/2969/2969
f 2947/2947/2947 2969/2969/2969 2948/2948/2948
f 2948/2948/2948 2969/2969/2969 2970/2970/2970
f 2948/2948/2948 2970/2970/2970 2949/2949/2949
f 2949/2949/2949 2970/2970/2970 2971/2971/2971
f 2949/2949/2949 2971/2971/2971 2950/2950/2950
f 2950/2950/2950 2971/2971/2971 2972/2972/2972
f 2950/2950/2950 2972/2972/2972 2951/2951/2951
f 2951/2951/2951 2972/2972/2972 2973/2973/2973
f 2951/2951/2951 2973/2973/2973 2952/2952/2952
f 2952/2952/2952 2973/2973/2973 2974/2974/2974
f 2952/2952/2952 2974/2974/2974 2953/2953/2953
f 2953/2953/2953 2974/2974/2974 2975/2975/2975
f 2953/2953/2953 2975/2975/2975 2954/2954/2954
f 2954/2954/2954 2975/2975/2975 2976/2976/2976
f 2954/2954/2954 2976/2976/2976 2955/2955/2955
f 2955/2955/2955 2976/2976/2976 2977/2977/2977
f 2955/2955/2955 2977/2977/2977 2956/2956/2956
f 2956/2956/2956 2977/2977/2977 2978/2978/2978
f 2956/2956/2956 2978/2978/2978 2957/2957/2957
f 2957/2957/2957 2978/2978/2978 2979/2979/2979
f 2957/2957/2957 2979/2979/2979 2958/2958/2958
f 2958/2958/2958 2979/2979/2979 2980/2980/2980
f 2958/2958/2958 2980/2980/2980 2959/2959/2959
f 2959/2959/2959 2980/2980/2980 2981/2981/2981
f 2959/2959/2959 2981/2981/2981 2960/2960/2960
f 2960/2960/2960 2981/2981/2981 2982/2982/2982
f 2960/2960/2960 2982/2982/2982 2961/2961/2961
f 2961/2961/2961 2982/2982/2982 2983/2983/2983
f 2961/2961/2961 2983/2983/2983 2962/2962/2962
f 2962/2962/2962 2983/2983/2983 2984/2984/2984
f 2962/2962/2962 2984/2984/2984 2963/2963/2963
f 2963/2963/2963 2984/2984/2984 2985/2985/2985
f 2963/2963/2963 2985/2985/2985 2964/2964/2964
f 2965/2965/2965 2986/2986/2986 2987/2987/2987
f 2965/2965/2965 2987/2987/2987 2966/2966/2966
f 2966/2966/2966 2987/2987/2987 2988/2988/2988
f 2966/2966/2966 2988/2988/2988 2967/2967/2967
f 2967/2967/2967 2988/2988/2988 2989/2989/2989
f 2967/2967/2967 2989/2989/2989 2968/2968/2968
f 2968/2968/2968 2989/2989/2989 2990/2990/2990
f 2968/2968/2968 2990/2990/2990 2969/2969/2969
f 2969/2969/2969 2990/2990/2990 2991/2991/2991
f 2969/2969/2969 2991/2991/2991 2970/2970/2970
f 2970/2970/2970 2991/2991/2991 2992/2992/2992
f 2970/2970/2970 2992/2992/2992 2971/2971/2971
f 2971/2971/2971 2992/2992/2992 2993/2993/2993
f 2971/2971/2971 2993/2993/2993 2972/2972/2972
f 2972/2972/2972 2993/2993/2993 2994/2994/2994
f 2972/2972/2972 2994/2994/2994 2973/2973/2973
f 2973/2973/2973 2994/2994/2994 2995/2995/2995
f 2973/2973/2973 2995/2995/2995 2974/2974/2974
f 2974/2974/2974 2995/2995/2995 2996/2996/2996
f 2974/2974/2974 2996/2996/2996 2975/2975/2975
f 2975/2975/2975 2996/2996/2996 2997/2997/2997
f 2975/2975/2975 2997/2997/2997 2976/2976/2976
f 2976/2976/2976 2997/2997/2997 2998/2998/2998
f 2976/2976/2976 2998/2998/2998 2977/2977/2977
f 2977/2977/2977 2998/2998/2998 2999/2999/2999
f 2977/2977/2977 2999/2999/2999 2978/2978/2978
f 2978/2978/2978 2999/2999/2999 3000/3000/3000
f 2978/2978/2978 3000/3000/3000 2979/2979/2979
f 2979/2979/2979 3000/3000/3000 3001/3001/3001
f 2979/2979/2979 3001/3001/3001 2980/2980/2980
f 2980/2980/2980 3001/3001/3001 3002/3002/3002
f 2980/2980/2980 3002/3002/3002 2981/2981/2981
f 2981/2981/2981 3002/3002/3002 3003/3003/3003
f 2981/2981/2981 3003/3003/3003 2982/2982/2982
f 2982/2982/2982 3003/3003/3003 3004/3004/3004
f 2982/2982/2982 3004/3004/3004 2983/2983/2983
f 2983/2983/2983 3004/3004/3004 3005/3005/3005
f 2983/2983/2983 3005/3005/3005 2984/2984/2984
f 2984/2984/2984 3005/3005/3005 3006/3006/3006
f 2984/2984/2984 3006/3006/3006 2985/2985/2985
f 2986/2986/2986 3007/3007/3007 3008/3008/3008
f 2986/2986/2986 3008/3008/3008 2987/2987/2987
f 2987/2987/2987 3008/3008/3008 3009/3009/3009
f 2987/2987/2987 3009/3009/3009 2988/2988/2988
f 2988/2988/2988 3009/3009/3009 3010/3010/3010
f 2988/2988/2988 3010/3010/3010 2989/2989/2989
f 2989/2989/2989 3010/3010/3010 3011/3011/3011
f 2989/2989/2989 3011/3011/3011 2990/2990/2990
f 2990/2990/2990 3011/3011/3011 3012/3012/3012
f 2990/2990/2990 3012/3012/3012 2991/2991/2991
f 2991/2991/2991 3012/3012/3012 3013/3013/3013
f 2991/2991/2991 3013/3013/3013 2992/2992/2992
f 2992/2992/2992 3013/3013/3013 3014/3014/3014
f 2992/2992/2992 3014/3014/3014 2993/2993/2993
f 2993/2993/2993 3014/3014/3014 3015/3015/3015
f 2993/2993/2993 3015/3015/3015 2994/2994/2994
f 2994/2994/2994 3015/3015/3015 3016/3016/3016
f 2994/2994/2994 3016/3016/3016 2995/2995/2995
f 2995/2995/2995 3016/3016/3016 3017/3017/3017
f 2995/2995/2995 3017/3017/3017 2996/2996/2996
f 2996/2996/2996 3017/3017/3017 3018/3018/3018
f 2996/2996/2996 3018/3018/3018 2997/2997/2997
f 2997/2997/2997 3018/3018/3018 3019/3019/3019
f 2997/2997/2997 3019/3019/3019 2998/2998/2998
f 2998/2998/2998 3019/3019/3019 3020/3020/3020
f 2998/2998/2998 3020/3020/3020 2999/2999/2999
f 2999/2999/2999 3020/3020/3020 3021/3021/3021
f 2999/2999/2999 3021/3021/3021 3000/3000/3000
f 3000/3000/3000 3021/3021/3021 3022/3022/3022
f 3000/3000/3000 3022/3022/3022 3001/3001/3001
f 3001/3001/3001 3022/3022/3022 3023/3023/3023
f 3001/3001/3001 3023/3023/3023 3002/3002/3002
f 3002/3002/3002 3023/3023/3023 3024/3024/3024
f 3002/3002/3002 3024/3024/3024 3003/3003/3003
f 3003/3003/3003 3024/3024/3024 3025/3025/3025
f 3003/3003/3003 3025/3025/3025 3004/3004/3004
f 3004/3004/3004 3025/3025/3025 3026/3026/3026
f 3004/3004/3004 3026/3026/3026 3005/3005/3005
f 3005/3005/3005 3026/3026/3026 3027/3027/3027
f 3005/3005/3005 3027/3027/3027 3006/3006/3006
f 3007/3007/3007 3028/3028/3028 3029/3029/3029
f 3007/3007/3007 3029/3029/3029 3008/3008/3008
f 3008/3008/3008 3029/3029/3029 3030/3030/3030
f 3008/3008/3008 3030/3030/3030 3009/3009/3009
f 3009/3009/3009 3030/3030/3030 3031/3031/3031
f 3009/3009/3009 3031/3031/3031 3010/3010/3010
f 3010/3010/3010 3031/3031/3031 3032/3032/3032
f 3010/3010/3010 3032/3032/3032 3011/3011/3011
f 3011/3011/3011 3032/3032/3032 3033/3033/3033
f 3011/3011/3011 3033/3033/3033 3012/3012/3012
f 3012/3012/3012 3033/3033/3033 3034/3034/3034
f 3012/3012/3012 3034/3034/3034 3013/3013/3013
f 3013/3013/3013 3034/3034/3034 3035/3035/3035
f 3013/3013/3013 3035/3035/3035 3014/3014/3014
f 3014/3014/3014 3035/3035/3035 3036/3036/3036
f 3014/3014/3014 3036/3036/3036 3015/3015/3015
f 3015/3015/3015 3036/3036/3036 3037/3037/3037
f 3015/3015/3015 3037/3037/3037 3016/3016/3016
f 3016/3016/3016 3037/3037/3037 3038/3038/3038
f 3016/3016/3016 3038/3038/3038 3017/3017/3017
f 3017/3017/3017 3038/3038/3038 3039/3039/3039
f 3017/3017/3017 3039/3039/3039 3018/3018/3018
f 3018/3018/3018 3039/3039/3039 3040/3040/3040
f 3018/3018/3018 3040/3040/3040 3019/3019/3019
f 3019/3019/3019 3040/3040/3040 3041/3041/3041
f 3019/3019/3019 3041/3041/3041 3020/3020/3020
f 3020/3020/3020 3041/3041/3041 3042/3042/3042
f 3020/3020/3020 3042/3042/3042 3021/3021/3021
f 3021/3021/3021 3042/3042/3042 3043/3043/3043
f 3021/3021/3021 3043/3043/3043 3022/3022/3022
f 3022/3022/3022 3043/3043/3043 3044/3044/3044
f 3022/3022/3022 3044/3044/3044 3023/3023/3023
f 3023/3023/3023 3044/3044/3044 3045/3045/3045
f 3023/3023/3023 3045/3045/3045 3024/3024/3024
f 3024/3024/3024 3045/3045/3045 3046/3046/3046
f 3024/3024/3024 3046/3046/3046 3025/3025/3025
f 3025/3025/3025 3046/3046/3046 3047/3047/3047
f 3025/3025/3025 3047/3047/3047 3026/3026/3026
f 3026/3026/3026 3047/3047/3047 3048/3048/3048
f 3026/3026/3026 3048/3048/3048 3027/3027/3027
f 3028/3028/3028 3049/3049/3049 3050/3050/3050
f 3028/3028/3028 3050/3050/3050 3029/3029/3029
f 3029/3029/3029 3050/3050/3050 3051/3051/3051
f 3029/3029/3029 3051/3051/3051 3030/3030/3030
f 3030/3030/3030 3051/3051/3051 3052/3052/3052
f 3030/3030/3030 3052/3052/3052 3031/3031/3031
f 3031/3031/3031 3052/3052/3052 3053/3053/3053
f 3031/3031/3031 3053/3053/3053 3032/3032/3032
f 3032/3032/3032 3053/3053/3053 3054/3054/3054
f 3032/3032/3032 3054/3054/3054 3033/3033/3033
f 3033/3033/3033 3054/3054/3054 3055/3055/3055
f 3033/3033/3033 3055/3055/3055 3034/3034/3034
f 3034/3034/3034 3055/3055/3055 3056/3056/3056
f 3034/3034/3034 3056/3056/3056 3035/3035/3035
f 3035/3035/3035 3056/3056/3056 3057/3057/3057
f 3035/3035/3035 3057/3057/3057 3036/3036/3036
f 3036/3036/3036 3057/3057/3057 3058/3058/3058
f 3036/3036/3036 3058/3058/3058 3037/3037/3037
f 3037/3037/3037 3058/3058/3058 3059/3059/3059
f 3037/3037/3037 3059/3059/3059 3038/3038/3038
f 3038/3038/3038 3059/3059/3059 3060/3060/3060
f 3038/3038/3038 3060/3060/3060 3039/3039/3039
f 3039/3039/3039 3060/3060/3060 3061/3061/3061
f 3039/3039/3039 3061/3061/3061 3040/3040/3040
f 3040/3040/3040 3061/3061/3061 3062/3062/3062
f 3040/3040/3040 3062/3062/3062 3041/3041/3041
f 3041/3041/3041 3062/3062/3062 3063/3063/3063
f 3041/3041/3041 3063/3063/3063 3042/3042/3042
f 3042/3042/3042 3063/3063/3063 3064/3064/3064
f 3042/3042/3042 3064/3064/3064 3043/3043/3043
f 3043/3043/3043 3064/3064/3064 3065/3065/3065
f 3043/3043/3043 3065/3065/3065 3044/3044/3044
f 3044/3044/3044 3065/3065/3065 3066/3066/3066
f 3044/3044/3044 3066/3066/3066 3045/3045/3045
f 3045/3045/3045 3066/3066/3066 3067/3067/3067
f 3045/3045/3045 3067/3067/3067 3046/3046/3046
f 3046/3046/3046 3067/3067/3067 3068/3068/3068
f 3046/3046/3046 3068/3068/3068 3047/3047/3047
f 3047/3047/3047 3068/3068/3068 3069/3069/3069
f 3047/3047/3047 3069/3069/3069 3048/3048/3048
f 3049/3049/3049 3070/3070/3070 3071/3071/3071
f 3049/3049/3049 3071/3071/3071 3050/3050/3050
f 3050/3050/3050 3071/3071/3071 3072/3072/3072
f 3050/3050/3050 3072/3072/3072 3051/3051/3051
f 3051/3051/3051 3072/3072/3072 3073/3073/3073
f 3051/3051/3051 3073/3073/3073 3052/3052/3052
f 3052/3052/3052 3073/3073/3073 3074/3074/3074
f 3052/3052/3052 3074/3074/3074 3053/3053/3053
f 3053/3053/3053 3074/3074/3074 3075/3075/3075
f 3053/3053/3053 3075/3075/3075 3054/3054/3054
f 3054/3054/3054 3075/3075/3075 3076/3076/3076
f 3054/3054/3054 3076/3076/3076 3055/3055/3055
f 3055/3055/3055 3076/3076/3076 3077/3077/3077
f 3055/3055/3055 3077/3077/3077 3056/3056/3056
f 3056/3056/3056 3077/3077/3077 3078/3078/3078
f 3056/3056/3056 3078/3078/3078 3057/3057/3057
f 3057/3057/3057 3078/3078/3078 3079/3079/3079
f 3057/3057/3057 3079/3079/3079 3058/3058/3058
f 3058/3058/3058 3079/3079/3079 3080/3080/3080
f 3058/3058/3058 3080/3080/3080 3059/3059/3059
f 3059/3059/3059 3080/3080/3080 3081/3081/3081
f 3059/3059/3059 3081/3081/3081 3060/3060/3060
f 3060/3060/3060 3081/3081/3081 3082/3082/3082
f 3060/3060/3060 3082/3082/3082 3061/3061/3061
f 3061/3061/3061 3082/3082/3082 3083/3083/3083
f 3061/3061/3061 3083/3083/3083 3062/3062/3062
f 3062/3062/3062 3083/3083/3083 3084/3084/3084
f 3062/3062/3062 3084/3084/3084 3063/3063/3063
f 3063/3063/3063 3084/3084/3084 3085/3085/3085
f 3063/3063/3063 3085/3085/3085 3064/3064/3064
f 3064/3064/3064 3085/3085/3085 3086/3086/3086
f 3064/3064/3064 3086/3086/3086 3065/3065/3065
f 3065/3065/3065 3086/3086/3086 3087/3087/3087
f 3065/3065/3065 3087/3087/3087 3066/3066/3066
f 3066/3066/3066 3087/3087/3087 3088/3088/3088
f 3066/3066/3066 3088/3088/3088 3067/3067/3067
f 3067/3067/3067 3088/3088/3088 3089/3089/3089
f 3067/3067/3067 3089/3089/3089 3068/3068/3068
f 3068/3068/3068 3089/3089/3089 3090/3090/3090
f 3068/3068/3068 3090/3090/3090 3069/3069/3069
f 3070/3070/3070 3091/3091/3091 3092/3092/3092
f 3070/3070/3070 3092/3092/3092 3071/3071/3071
f 3071/3071/3071 3092/3092/3092 3093/3093/3093
f 3071/3071/3071 3093/3093/3093 3072/3072/3072
f 3072/3072/3072 3093/3093/3093 3094/3094/3094
f 3072/3072/3072 3094/3094/3094 3073/3073/3073
f 3073/3073/3073 3094/3094/3094 3095/3095/3095
f 3073/3073/3073 3095/3095/3095 3074/3074/3074
f 3074/3074/3074 3095/3095/3095 3096/3096/3096
f 3074/3074/3074 3096/3096/3096 3075/3075/3075
f 3075/3075/3075 3096/3096/3096 3097/3097/3097
f 3075/3075/3075 3097/3097/3097 3076/3076/3076
f 3076/3076/3076 3097/3097/3097 3098/3098/3098
f 3076/3076/3076 3098/3098/3098 3077/3077/3077
f 3077/3077/3077 3098/3098/3098 3099/3099/3099
f 3077/3077/3077 3099/3099/3099 3078/3078/3078
f 3078/3078/3078 3099/3099/3099 3100/3100/3100
f 3078/3078/3078 3100/3100/3100 3079/3079/3079
f 3079/3079/3079 3100/3100/3100 3101/3101/3101
f 3079/3079/3079 3101/3101/3101 3080/3080/3080
f 3080/3080/3080 3101/3101/3101 3102/3102/3102
f 3080/3080/3080 3102/3102/3102 3081/3081/3081
f 3081/3081/3081 3102/3102/3102 3103/3103/3103
f 3081/3081/3081 3103/3103/3103 3082/3082/3082
f 3082/3082/3082 3103/3103/3103 3104/3104/3104
f 3082/3082/3082 3104/3104/3104 3083/3083/3083
f 3083/3083/3083 3104/3104/3104 3105/3105/3105
f 3083/3083/3083 3105/3105/3105 3084/3084/3084
f 3084/3084/3084 3105/3105/3105 3106/3106/3106
f 3084/3084/3084 3106/3106/3106 3085/3085/3085
f 3085/3085/3085 3106/3106/3106 3107/3107/3107
f 3085/3085/3085 3107/3107/3107 3086/3086/3086
f 3086/3086/3086 3107/3107/3107 3108/3108/3108
f 3086/3086/3086 3108/3108/3108 3087/3087/3087
f 3087/3087/3087 3108/3108/3108 3109/3109/3109
f 3087/3087/3087 3109/3109/3109 3088/3088/3088
f 3088/3088/3088 3109/3109/3109 3110/3110/3110
f 3088/3088/3088 3110/3110/3110 3089/3089/3089
f 3089/3089/3089 3110/3110/3110 3111/3111/3111
f 3089/3089/3089 3111/3111/3111 3090/3090/3090
f 3091/3091/3091 3112/3112/3112 3113/3113/3113
f 3091/3091/3091 3113/3113/3113 3092/3092/3092
f 3092/3092/3092 3113/3113/3113 3114/3114/3114
f 3092/3092/3092 3114/3114/3114 3093/3093/3093
f 3093/3093/3093 3114/3114/3114 3115/3115/3115
f 3093/3093/3093 3115/3115/3115 3094/3094/3094
f 3094/3094/3094 3115/3115/3115 3116/3116/3116
f 3094/3094/3094 3116/3116/3116 3095/3095/3095
f 3095/3095/3095 3116/3116/3116 3117/3117/3117
f 3095/3095/3095 3117/3117/3117 3096/3096/3096
f 3096/3096/3096 3117/3117/3117 3118/3118/3118
f 3096/3096/3096 3118/3118/3118 3097/3097/3097
f 3097/3097/3097 3118/3118/3118 3119/3119/3119
f 3097/3097/3097 3119/3119/3119 3098/3098/3098
f 3098/3098/3098 3119/3119/3119 3120/3120/3120
f 3098/3098/3098 3120/3120/3120 3099/3099/3099
f 3099/3099/3099 3120/3120/3120 3121/3121/3121
f 3099/3099/3099 3121/3121/3121 3100/3100/3100
f 3100/3100/3100 3121/3121/3121 3122/3122/3122
f 3100/3100/3100 3122/3122/3122 3101/3101/3101
f 3101/3101/3101 3122/3122/3122 3123/3123/3123
f 3101/3101/3101 3123/3123/3123 3102/3102/3102
f 3102/3102/3102 3123/3123/3123 3124/3124/3124
f 3102/3102/3102 3124/3124/3124 3103/3103/3103
f 3103/3103/3103 3124/3124/3124 3125/3125/3125
f 3103/3103/3103 3125/3125/3125 3104/3104/3104
f 3104/3104/3104 3125/3125/3125 3126/3126/3126
f 3104/3104/3104 3126/3126/3126 3105/3105/3105
f 3105/3105/3105 3126/3126/3126 3127/3127/3127
f 3105/3105/3105 3127/3127/3127 3106/3106/3106
f 3106/3106/3106 3127/3127/3127 3128/3128/3128
f 3106/3106/3106 3128/3128/3128 3107/3107/3107
f 3107/3107/3107 3128/3128/3128 3129/3129/3129
f 3107/3107/3107 3129/3129/3129 3108/3108/3108
f 3108/3108/3108 3129/3129/3129 3130/3130/3130
f 3108/3108/3108 3130/3130/3130 3109/3109/3109
f 3109/3109/3109 3130/3130/3130 3131/3131/3131
f 3109/3109/3109 3131/3131/3131 3110/3110/3110
f 3110/3110/3110 3131/3131/3131 3132/3132/3132
f 3110/3110/3110 3132/3132/3132 3111/3111/3111
f 3112/3112/3112 3133/3133/3133 3134/3134/3134
f 3112/3112/3112 3134/3134/3134 3113/3113/3113
f 3113/3113/3113 3134/3134/3134 3135/3135/3135
f 3113/3113/3113 3135/3135/3135 3114/3114/3114
f 3114/3114/3114 3135/3135/3135 3136/3136/3136
f 3114/3114/3114 3136/3136/3136 3115/3115/3115
f 3115/3115/3115 3136/3136/3136 3137/3137/3137
f 3115/3115/3115 3137/3137/3137 3116/3116/3116
f 3116/3116/3116 3137/3137/3137 3138/3138/3138
f 3116/3116/3116 3138/3138/3138 3117/3117/3117
f 3117/3117/3117 3138/3138/3138 3139/3139/3139
f 3117/3117/3117 3139/3139/3139 3118/3118/3118
f 3118/3118/3118 3139/3139/3139 3140/3140/3140
f 3118/3118/3118 3140/3140/3140 3119/3119/3119
f 3119/3119/3119 3140/3140/3140 3141/3141/3141
f 3119/3119/3119 3141/3141/3141 3120/3120/3120
f 3120/3120/3120 3141/3141/3141 3142/3142/3142
f 3120/3120/3120 3142/3142/3142 3121/3121/3121
f 3121/3121/3121 3142/3142/3142 3143/3143/3143
f 3121/3121/3121 3143/3143/3143 3122/3122/3122
f 3122/3122/3122 3143/3143/3143 3144/3144/3144
f 3122/3122/3122 3144/3144/3144 3123/3123/3123
f 3123/3123/3123 3144/3144/3144 3145/3145/3145
f 3123/3123/3123 3145/3145/3145 3124/3124/3124
f 3124/3124/3124 3145/3145/3145 3146/3146/3146
f 3124/3124/3124 3146/3146/3146 3125/3125/3125
f 3125/3125/3125 3146/3146/3146 3147/3147/3147
f 3125/3125/3125 3147/3147/3147 3126/3126/3126
f 3126/3126/3126 3147/3147/3147 3148/3148/3148
f 3126/3126/3126 3148/3148/3148 3127/3127/3127
f 3127/3127/3127 3148/3148/3148 3149/3149/3149
f 3127/3127/3127 3149/3149/3149 3128/3128/3128
f 3128/3128/3128 3149/3149/3149 3150/3150/3150
f 3128/3128/3128 3150/3150/3150 3129/3129/3129
f 3129/3129/3129 3150/3150/3150 3151/3151/3151
f 3129/3129/3129 3151/3151/3151 3130/3130/3130
f 3130/3130/3130 3151/3151/3151 3152/3152/3152
f 3130/3130/3130 3152/3152/3152 3131/3131/3131
f 3131/3131/3131 3152/3152/3152 3153/3153/3153
f 3131/3131/3131 3153/3153/3153 3132/3132/3132
f 3133/3133/3133 3154/3154/3154 3155/3155/3155
f 3133/3133/3133 3155/3155/3155 3134/3134/3134
f 3134/3134/3134 3155/3155/3155 3156/3156/3156
f 3134/3134/3134 3156/3156/3156 3135/3135/3135
f 3135/3135/3135 3156/3156/3156 3157/3157/3157
f 3135/3135/3135 3157/3157/3157 3136/3136/3136
f 3136/3136/3136 3157/3157/3157 3158/3158/3158
f 3136/3136/3136 3158/3158/3158 3137/3137/3137
f 3137/3137/3137 3158/3158/3158 3159/3159/3159
f 3137/3137/3137 3159/3159/3159 3138/3138/3138
f 3138/3138/3138 3159/3159/3159 3160/3160/3160
f 3138/3138/3138 3160/3160/3160 3139/3139/3139
f 3139/3139/3139 3160/3160/3160 3161/3161/3161
f 3139/3139/3139 3161/3161/3161 3140/3140/3140
f 3140/3140/3140 3161/3161/3161 3162/3162/3162
f 3140/3140/3140 3162/3162/3162 3141/3141/3141
f 3141/3141/3141 3162/3162/3162 3163/3163/3163
f 3141/3141/3141 3163/3163/3163 3142/3142/3142
f 3142/3142/3142 3163/3163/3163 3164/3164/3164
f 3142/3142/3142 3164/3164/3164 3143/3143/3143
f 3143/3143/3143 3164/3164/3164 3165/3165/3165
f 3143/3143/3143 3165/3165/3165 3144/3144/3144
f 3144/3144/3144 3165/3165/3165 3166/3166/3166
f 3144/3144/3144 3166/3166/3166 3145/3145/3145
f 3145/3145/3145 3166/3166/3166 3167/3167/3167
f 3145/3145/3145 3167/3167/3167 3146/3146/3146
f 3146/3146/3146 3167/3167/3167 3168/3168/3168
f 3146/3146/3146 3168/3168/3168 3147/3147/3147
f 3147/3147/3147 3168/3168/3168 3169/3169/3169
f 3147/3147/3147 3169/3169/3169 3148/3148/3148
f 3148/3148/3148 3169/3169/3169 3170/3170/3170
f 3148/3148/3148 3170/3170/3170 3149/3149/3149
f 3149/3149/3149 3170/3170/3170 3171/3171/3171
f 3149/3149/3149 3171/3171/3171 3150/3150/3150
f 3150/3150/3150 3171/3171/3171 3172/3172/3172
f 3150/3150/3150 3172/3172/3172 3151/3151/3151
f 3151/3151/3151 3172/3172/3172 3173/3173/3173
f 3151/3151/3151 3173/3173/3173 3152/3152/3152
f 3152/3152/3152 3173/3173/3173 3174/3174/3174
f 3152/3152/3152 3174/3174/3174 3153/3153/3153
f 3154/3154/3154 3175/3175/3175 3176/3176/3176
f 3154/3154/3154 3176/3176/3176 3155/3155/3155
f 3155/3155/3155 3176/3176/3176 3177/3177/3177
f 3155/3155/3155 3177/3177/3177 3156/3156/3156
f 3156/3156/3156 3177/3177/3177 3178/3178/3178
f 3156/3156/3156 3178/3178/3178 3157/3157/3157
f 3157/3157/3157 3178/3178/3178 3179/3179/3179
f 3157/3157/3157 3179/3179/3179 3158/3158/3158
f 3158/3158/3158 3179/3179/3179 3180/3180/3180
f 3158/3158/3158 3180/3180/3180 3159/3159/3159
f 3159/3159/3159 3180/3180/3180 3181/3181/3181
f 3159/3159/3159 3181/3181/3181 3160/3160/3160
f 3160/3160/3160 3181/3181/3181 3182/3182/3182
f 3160/3160/3160 3182/3182/3182 3161/3161/3161
f 3161/3161/3161 3182/3182/3182 3183/3183/3183
f 3161/3161/3161 3183/3183/3183 3162/3162/3162
f 3162/3162/3162 3183/3183/3183 3184/3184/3184
f 3162/3162/3162 3184/3184/3184 3163/3163/3163
f 3163/3163/3163 3184/3184/3184 3185/3185/3185
f 3163/3163/3163 3185/3185/3185 3164/3164/3164
f 3164/3164/3164 3185/3185/3185 3186/3186/3186
f 3164/3164/3164 3186/3186/3186 3165/3165/3165
f 3165/3165/3165 3186/3186/3186 3187/3187/3187
f 3165/3165/3165 3187/3187/3187 3166/3166/3166
f 3166/3166/3166 3187/3187/3187 3188/3188/3188
f 3166/3166/3166 3188/3188/3188 3167/3167/3167
f 3167/3167/3167 3188/3188/3188 3189/3189/3189
f 3167/3167/3167 3189/3189/3189 3168/3168/3168
f 3168/3168/3168 3189/3189/3189 3190/3190/3190
f 3168/3168/3168 3190/3190/3190 3169/3169/3169
f 3169/3169/3169 3190/3190/3190 3191/3191/3191
f 3169/3169/3169 3191/3191/3191 3170/3170/3170
f 3170/3170/3170 3191/3191/3191 3192/3192/3192
f 3170/3170/3170 3192/3192/3192 3171/3171/3171
f 3171/3171/3171 3192/3192/3192 3193/3193/3193
f 3171/3171/3171 3193/3193/3193 3172/3172/3172
f 3172/3172/3172 3193/3193/3193 3194/3194/3194
f 3172/3172/3172 3194/3194/3194 3173/3173/3173
f 3173/3173/3173 3194/3194/3194 3195/3195/3195
f 3173/3173/3173 3195/3195/3195 3174/3174/3174
f 3175/3175/3175 3196/3196/3196 3197/3197/3197
f 3175/3175/3175 3197/3197/3197 3176/3176/3176
f 3176/3176/3176 3197/3197/3197 3198/3198/3198
f 3176/3176/3176 3198/3198/3198 3177/3177/3177
f 3177/3177/3177 3198/3198/3198 3199/3199/3199
f 3177/3177/3177 3199/3199/3199 3178/3178/3178
f 3178/3178/3178 3199/3199/3199 3200/3200/3200
f 3178/3178/3178 3200/3200/3200 3179/3179/3179
f 3179/3179/3179 3200/3200/3200 3201/3201/3201
f 3179/3179/3179 3201/3201/3201 3180/3180/3180
f 3180/3180/3180 3201/3201/3201 3202/3202/3202
f 3180/3180/3180 3202/3202/3202 3181/3181/3181
f 3181/3181/3181 3202/3202/3202 3203/3203/3203
f 3181/3181/3181 3203/3203/3203 3182/3182/3182
f 3182/3182/3182 3203/3203/3203 3204/3204/3204
f 3182/3182/3182 3204/3204/3204 3183/3183/3183
f 3183/3183/3183 3204/3204/3204 3205/3205/3205
f 3183/3183/3183 3205/3205/3205 3184/3184/3184
f 3184/3184/3184 3205/3205/3205 3206/3206/3206
f 3184/3184/3184 3206/3206/3206 3185/3185/3185
f 3185/3185/3185 3206/3206/3206 3207/3207/3207
f 3185/3185/3185 3207/3207/3207 3186/3186/3186
f 3186/3186/3186 3207/3207/3207 3208/3208/3208
f 3186/3186/3186 3208/3208/3208 3187/3187/3187
f 3187/3187/3187 3208/3208/3208 3209/3209/3209
f 3187/3187/3187 3209/3209/3209 3188/3188/3188
f 3188/3188/3188 3209/3209/3209 3210/3210/3210
f 3188/3188/3188 3210/3210/3210 3189/3189/3189
f 3189/3189/3189 3210/3210/3210 3211/3211/3211
f 3189/3189/3189 3211/3211/3211 3190/3190/3190
f 3190/3190/3190 3211/3211/3211 3212/3212/3212
f 3190/3190/3190 3212/3212/3212 3191/3191/3191
f 3191/3191/3191 3212/3212/3212 3213/3213/3213
f 3191/3191/3191 3213/3213/3213 3192/3192/3192
f 3192/3192/3192 3213/3213/3213 3214/3214/3214
f 3192/3192/3192 3214/3214/3214 3193/3193/3193
f 3193/3193/3193 3214/3214/3214 3215/3215/3215
f 3193/3193/3193 3215/3215/3215 3194/3194/3194
f 3194/3194/3194 3215/3215/3215 3216/3216/3216
f 3194/3194/3194 3216/3216/3216 3195/3195/3195
f 3217/3217/3217 3226/3226/3226 3227/3227/3227
f 3217/3217/3217 3227/3227/3227 3218/3218/3218
f 3218/3218/3218 3227/3227/3227 3228/3228/3228
f 3218/3218/3218 3228/3228/3228 3219/3219/3219
f 3219/3219/3219 3228/3228/3228 3229/3229/3229
f 3219/3219/3219 3229/3229/3229 3220/3220/3220
f 3220/3220/3220 3229/3229/3229 3230/3230/3230
f 3220/3220/3220 3230/3230/3230 3221/3221/3221
f 3221/3221/3221 3230/3230/3230 3231/3231/3231
f 3221/3221/3221 3231/3231/3231 3222/3222/3222
f 3222/3222/3222 3231/3231/3231 3232/3232/3232
f 3222/3222/3222 3232/3232/3232 3223/3223/3223
f 3223/3223/3223 3232/3232/3232 3233/3233/3233
f 3223/3223/3223 3233/3233/3233 3224/3224/3224
f 3224/3224/3224 3233/3233/3233 3234/3234/3234
f 3224/3224/3224 3234/3234/3234 3225/3225/3225
f 3226/3226/3226 3235/3235/3235 3236/3236/3236
f 3226/3226/3226 3236/3236/3236 3227/3227/3227
f 3227/3227/3227 3236/3236/3236 3237/3237/3237
f 3227/3227/3227 3237/3237/3237 3228/3228/3228
f 3228/3228/3228 3237/3237/3237 3238/3238/3238
f 3228/3228/3228 3238/3238/3238 3229/3229/3229
f 3229/3229/3229 3238/3238/3238 3239/3239/3239
f 3229/3229/3229 3239/3239/3239 3230/3230/3230
f 3230/3230/3230 3239/3239/3239 3240/3240/3240
f 3230/3230/3230 3240/3240/3240 3231/3231/3231
f 3231/3231/3231 3240/3240/3240 3241/3241/3241
f 3231/3231/3231 3241/3241/3241 3232/3232/3232
f 3232/3232/3232 3241/3241/3241 3242/3242/3242
f 3232/3232/3232 3242/3242/3242 3233/3233/3233
f 3233/3233/3233 3242/3242/3242 3243/3243/3243
f 3233/3233/3233 3243/3243/3243 3234/3234/3234
f 3235/3235/3235 3244/3244/3244 3245/3245/3245
f 3235/3235/3235 3245/3245/3245 3236/3236/3236
f 3236/3236/3236 3245/3245/3245 3246/3246/3246
f 3236/3236/3236 3246/3246/3246 3237/3237/3237
f 3237/3237/3237 3246/3246/3246 3247/3247/3247
f 3237/3237/3237 3247/3247/3247 3238/3238/3238
f 3238/3238/3238 3247/3247/3247 3248/3248/3248
f 3238/3238/3238 3248/3248/3248 3239/3239/3239
f 3239/3239/3239 3248/3248/3248 3249/3249/3249
f 3239/3239/3239 3249/3249/3249 3240/3240/3240
f 3240/3240/3240 3249/3249/3249 3250/3250/3250
f 3240/3240/3240 3250/3250/3250 3241/3241/3241
f 3241/3241/3241 3250/3250/3250 3251/3251/3251
f 3241/3241/3241 3251/3251/3251 3242/3242/3242
f 3242/3242/3242 3251/3251/3251 3252/3252/3252
f 3242/3242/3242 3252/3252/3252 3243/3243/3243
f 3244/3244/3244 3253/3253/3253 3254/3254/3254
f 3244/3244/3244 3254/3254/3254 3245/3245/3245
f 3245/3245/3245 3254/3254/3254 3255/3255/3255
f 3245/3245/3245 3255/3255/3255 3246/3246/3246
f 3246/3246/3246 3255/3255/3255 3256/3256/3256
f 3246/3246/3246 3256/3256/3256 3247/3247/3247
f 3247/3247/3247 3256/3256/3256 3257/3257/3257
f 3247/3247/3247 3257/3257/3257 3248/3248/3248
f 3248/3248/3248 3257/3257/3257 3258/3258/3258
f 3248/3248/3248 3258/3258/3258 3249/3249/3249
f 3249/3249/3249 3258/3258/3258 3259/3259/3259
f 3249/3249/3249 3259/3259/3259 3250/3250/3250
f 3250/3250/3250 3259/3259/3259 3260/3260/3260
f 3250/3250/3250 3260/3260/3260 3251/3251/3251
f 3251/3251/3251 3260/3260/3260 3261/3261/3261
f 3251/3251/3251 3261/3261/3261 3252/3252/3252
f 3253/3253/3253 3262/3262/3262 3263/3263/3263
f 3253/3253/3253 3263/3263/3263 3254/3254/3254
f 3254/3254/3254 3263/3263/3263 3264/3264/3264
f 3254/3254/3254 3264/3264/3264 3255/3255/3255
f 3255/3255/3255 3264/3264/3264 3265/3265/3265
f 3255/3255/3255 3265/3265/3265 3256/3256/3256
f 3256/3256/3256 3265/3265/3265 3266/3266/3266
f 3256/3256/3256 3266/3266/3266 3257/3257/3257
f 3257/3257/3257 3266/3266/3266 3267/3267/3267
f 3257/3257/3257 3267/3267/3267 3258/3258/3258
f 3258/3258/3258 3267/3267/3267 3268/3268/3268
f 3258/3258/3258 3268/3268/3268 3259/3259/3259
f 3259/3259/3259 3268/3268/3268 3269/3269/3269
f 3259/3259/3259 3269/3269/3269 3260/3260/3260
f 3260/3260/3260 3269/3269/3269 3270/3270/3270
f 3260/3260/3260 3270/3270/3270 3261/3261/3261
f 3262/3262/3262 3271/3271/3271 3272/3272/3272
f 3262/3262/3262 3272/3272/3272 3263/3263/3263
f 3263/3263/3263 3272/3272/3272 3273/3273/3273
f 3263/3263/3263 3273/3273/3273 3264/3264/3264
f 3264/3264/3264 3273/3273/3273 3274/3274/3274
f 3264/3264/3264 3274/3274/3274 3265/3265/3265
f 3265/3265/3265 3274/3274/3274 3275/3275/3275
f 3265/3265/3265 3275/3275/3275 3266/3266/3266
f 3266/3266/3266 3275/3275/3275 3276/3276/3276
f 3266/3266/3266 3276/3276/3276 3267/3267/3267
f 3267/3267/3267 3276/3276/3276 3277/3277/3277
f 3267/3267/3267 3277/3277/3277 3268/3268/3268
f 3268/3268/3268 3277/3277/3277 3278/3278/3278
f 3268/3268/3268 3278/3278/3278 3269/3269/3269
f 3269/3269/3269 3278/3278/3278 3279/3279/3279
f 3269/3269/3269 3279/3279/3279 3270/3270/3270
f 3271/3271/3271 3280/3280/3280 3281/3281/3281
f 3271/3271/3271 3281/3281/3281 3272/3272/3272
f 3272/3272/3272 3281/3281/3281 3282/3282/3282
f 3272/3272/3272 3282/3282/3282 3273/3273/3273
f 3273/3273/3273 3282/3282/3282 3283/3283/3283
f 3273/3273/3273 3283/3283/3283 3274/3274/3274
f 3274/3274/3274 3283/3283/3283 3284/3284/3284
f 3274/3274/3274 3284/3284/3284 3275/3275/3275
f 3275/3275/3275 3284/3284/3284 3285/3285/3285
f 3275/3275/3275 3285/3285/3285 3276/3276/3276
f 3276/3276/3276 3285/3285/3285 3286/3286/3286
f 3276/3276/3276 3286/3286/3286 3277/3277/3277
f 3277/3277/3277 3286/3286/3286 3287/3287/3287
f 3277/3277/3277 3287/3287/3287 3278/3278/3278
f 3278/3278/3278 3287/3287/3287 3288/3288/3288
f 3278/3278/3278 3288/3288/3288 3279/3279/3279
f 3280/3280/3280 3289/3289/3289 3290/3290/3290
f 3280/3280/3280 3290/3290/3290 3281/3281/3281
f 3281/3281/3281 3290/3290/3290 3291/3291/3291
f 3281/3281/3281 3291/3291/3291 3282/3282/3282
f 3282/3282/3282 3291/3291/3291 3292/3292/3292
f 3282/3282/3282 3292/3292/3292 3283/3283/3283
f 3283/3283/3283 3292/3292/3292 3293/3293/3293
f 3283/3283/3283 3293/3293/3293 3284/3284/3284
f 3284/3284/3284 3293/3293/3293 3294/3294/3294
f 3284/3284/3284 3294/3294/3294 3285/3285/3285
f 3285/3285/3285 3294/3294/3294 3295/3295/3295
f 3285/3285/3285 3295/3295/3295 3286/3286/3286
f 3286/3286/3286 3295/3295/3295 3296/3296/3296
f 3286/3286/3286 3296/3296/3296 3287/3287/3287
f 3287/3287/3287 3296/3296/3296 3297/3297/3297
f 3287/3287/3287 3297/3297/3297 3288/3288/3288
f 3289/3289/3289 3298/3298/3298 3299/3299/3299
f 3289/3289/3289 3299/3299/3299 3290/3290/3290
f 3290/3290/3290 3299/3299/3299 3300/3300/3300
f 3290/3290/3290 3300/3300/3300 3291/3291/3291
f 3291/3291/3291 3300/3300/3300 3301/3301/3301
f 3291/3291/3291 3301/3301/3301 3292/3292/3292
f 3292/3292/3292 3301/3301/3301 3302/3302/3302
f 3292/3292/3292 3302/3302/3302 3293/3293/3293
f 3293/3293/3293 3302/3302/3302 3303/3303/3303
f 3293/3293/3293 3303/3303/3303 3294/3294/3294
f 3294/3294/3294 3303/3303/3303 3304/3304/3304
f 3294/3294/3294 3304/3304/3304 3295/3295/3295
f 3295/3295/3295 3304/3304/3304 3305/3305/3305
f 3295/3295/3295 3305/3305/3305 3296/3296/3296
f 3296/3296/3296 3305/3305/3305 3306/3306/3306
f 3296/3296/3296 3306/3306/3306 3297/3297/3297
f 3298/3298/3298 3307/3307/3307 3308/3308/3308
f 3298/3298/3298 3308/3308/3308 3299/3299/3299
f 3299/3299/3299 3308/3308/3308 3309/3309/3309
f 3299/3299/3299 3309/3309/3309 3300/3300/3300
f 3300/3300/3300 3309/3309/3309 3310/3310/3310
f 3300/3300/3300 3310/3310/3310 3301/3301/3301
f 3301/3301/3301 3310/3310/3310 3311/3311/3311
f 3301/3301/3301 3311/3311/3311 3302/3302/3302
f 3302/3302/3302 3311/3311/3311 3312/3312/3312
f 3302/3302/3302 3312/3312/3312 3303/3303/3303
f 3303/3303/3303 3312/3312/3312 3313/3313/3313
f 3303/3303/3303 3313/3313/3313 3304/3304/3304
f 3304/3304/3304 3313/3313/3313 3314/3314/3314
f 3304/3304/3304 3314/3314/3314 3305/3305/3305
f 3305/3305/3305 3314/3314/3314 3315/3315/3315
f 3305/3305/3305 3315/3315/3315 3306/3306/3306
f 3307/3307/3307 3316/3316/3316 3317/3317/3317
f 3307/3307/3307 3317/3317/3317 3308/3308/3308
f 3308/3308/3308 3317/3317/3317 3318/3318/3318
f 3308/3308/3308 3318/3318/3318 3309/3309/3309
f 3309/3309/3309 3318/3318/3318 3319/3319/3319
f 3309/3309/3309 3319/3319/3319 3310/3310/3310
f 3310/3310/3310 3319/3319/3319 3320/3320/3320
f 3310/3310/3310 3320/3320/3320 3311/3311/3311
f 3311/3311/3311 3320/3320/3320 3321/3321/3321
f 3311/3311/3311 3321/3321/3321 3312/3312/3312
f 3312/3312/3312 3321/3321/3321 3322/3322/3322
f 3312/3312/3312 3322/3322/3322 3313/3313/3313
f 3313/3313/3313 3322/3322/3322 3323/3323/3323
f 3313/3313/3313 3323/3323/3323 3314/3314/3314
f 3314/3314/3314 3323/3323/3323 3324/3324/3324
f 3314/3314/3314 3324/3324/3324 3315/3315/3315
f 3316/3316/3316 3325/3325/3325 3326/3326/3326
f 3316/3316/3316 3326/3326/3326 3317/3317/3317
f 3317/3317/3317 3326/3326/3326 3327/3327/3327
f 3317/3317/3317 3327/3327/3327 3318/3318/3318
f 3318/3318/3318 3327/3327/3327 3328/3328/3328
f 3318/3318/3318 3328/3328/3328 3319/3319/3319
f 3319/3319/3319 3328/3328/3328 3329/3329/3329
f 3319/3319/3319 3329/3329/3329 3320/3320/3320
f 3320/3320/3320 3329/3329/3329 3330/3330/3330
f 3320/3320/3320 3330/3330/3330 3321/3321/3321
f 3321/3321/3321 3330/3330/3330 3331/3331/3331
f 3321/3321/3321 3331/3331/3331 3322/3322/3322
f 3322/3322/3322 3331/3331/3331 3332/3332/3332
f 3322/3322/3322 3332/3332/3332 3323/3323/3323
f 3323/3323/3323 3332/3332/3332 3333/3333/3333
f 3323/3323/3323 3333/3333/3333 3324/3324/3324
f 3325/3325/3325 3334/3334/3334 3335/3335/3335
f 3325/3325/3325 3335/3335/3335 3326/3326/3326
f 3326/3326/3326 3335/3335/3335 3336/3336/3336
f 3326/3326/3326 3336/3336/3336 3327/3327/3327
f 3327/3327/3327 3336/3336/3336 3337/3337/3337
f 3327/3327/3327 3337/3337/3337 3328/3328/3328
f 3328/3328/3328 3337/3337/3337 3338/3338/3338
f 3328/3328/3328 3338/3338/3338 3329/3329/3329
f 3329/3329/3329 3338/3338/3338 3339/3339/3339
f 3329/3329/3329 3339/3339/3339 3330/3330/3330
f 3330/3330/3330 3339/3339/3339 3340/3340/3340
f 3330/3330/3330 3340/3340/3340 3331/3331/3331
f 3331/3331/3331 3340/3340/3340 3341/3341/3341
f 3331/3331/3331 3341/3341/3341 3332/3332/3332
f 3332/3332/3332 3341/3341/3341 3342/3342/3342
f 3332/3332/3332 3342/3342/3342 3333/3333/3333
f 3334/3334/3334 3343/3343/3343 3344/3344/3344
f 3334/3334/3334 3344/3344/3344 3335/3335/3335
f 3335/3335/3335 3344/3344/3344 3345/3345/3345
f 3335/3335/3335 3345/3345/3345 3336/3336/3336
f 3336/3336/3336 3345/3345/3345 3346/3346/3346
f 3336/3336/3336 3346/3346/3346 3337/3337/3337
f 3337/3337/3337 3346/3346/3346 3347/3347/3347
f 3337/3337/3337 3347/3347/3347 3338/3338/3338
f 3338/3338/3338 3347/3347/3347 3348/3348/3348
f 3338/3338/3338 3348/3348/3348 3339/3339/3339
f 3339/3339/3339 3348/3348/3348 3349/3349/3349
f 3339/3339/3339 3349/3349/3349 3340/3340/3340
f 3340/3340/3340 3349/3349/3349 3350/3350/3350
f 3340/3340/3340 3350/3350/3350 3341/3341/3341
f 3341/3341/3341 3350/3350/3350 3351/3351/3351
f 3341/3341/3341 3351/3351/3351 3342/3342/3342
f 3343/3343/3343 3352/3352/3352 3353/3353/3353
f 3343/3343/3343 3353/3353/3353 3344/3344/3344
f 3344/3344/3344 3353/3353/3353 3354/3354/3354
f 3344/3344/3344 3354/3354/3354 3345/3345/3345
f 3345/3345/3345 3354/3354/3354 3355/3355/3355
f 3345/3345/3345 3355/3355/3355 3346/3346/3346
f 3346/3346/3346 3355/3355/3355 3356/3356/3356
f 3346/3346/3346 3356/3356/3356 3347/3347/3347
f 3347/3347/3347 3356/3356/3356 3357/3357/3357
f 3347/3347/3347 3357/3357/3357 3348/3348/3348
f 3348/3348/3348 3357/3357/3357 3358/3358/3358
f 3348/3348/3348 3358/3358/3358 3349/3349/3349
f 3349/3349/3349 3358/3358/3358 3359/3359/3359
f 3349/3349/3349 3359/3359/3359 3350/3350/3350
f 3350/3350/3350 3359/3359/3359 3360/3360/3360
f 3350/3350/3350 3360/3360/3360 3351/3351/3351
f 3352/3352/3352 3361/3361/3361 3362/3362/3362
f 3352/3352/3352 3362/3362/3362 3353/3353/3353
f 3353/3353/3353 3362/3362/3362 3363/3363/3363
f 3353/3353/3353 3363/3363/3363 3354/3354/3354
f 3354/3354/3354 3363/3363/3363 3364/3364/3364
f 3354/3354/3354 3364/3364/3364 3355/3355/3355
f 3355/3355/3355 3364/3364/3364 3365/3365/3365
f 3355/3355/3355 3365/3365/3365 3356/3356/3356
f 3356/3356/3356 3365/3365/3365 3366/3366/3366
f 3356/3356/3356 3366/3366/3366 3357/3357/3357
f 3357/3357/3357 3366/3366/3366 3367/3367/3367
f 3357/3357/3357 3367/3367/3367 3358/3358/3358
f 3358/3358/3358 3367/3367/3367 3368/3368/3368
f 3358/3358/3358 3368/3368/3368 3359/3359/3359
f 3359/3359/3359 3368/3368/3368 3369/3369/3369
f 3359/3359/3359 3369/3369/3369 3360/3360/3360
f 3370/3370/3370 3391/3391/3391 3392/3392/3392
f 3370/3370/3370 3392/3392/3392 3371/3371/3371
f 3371/3371/3371 3392/3392/3392 3393/3393/3393
f 3371/3371/3371 3393/3393/3393 3372/3372/3372
f 3372/3372/3372 3393/3393/3393 3394/3394/3394
f 3372/3372/3372 3394/3394/3394 3373/3373/3373
f 3373/3373/3373 3394/3394/3394 3395/3395/3395
f 3373/3373/3373 3395/3395/3395 3374/3374/3374
f 3374/3374/3374 3395/3395/3395 3396/3396/3396
f 3374/3374/3374 3396/3396/3396 3375/3375/3375
f 3375/3375/3375 3396/3396/3396 3397/3397/3397
f 3375/3375/3375 3397/3397/3397 3376/3376/3376
f 3376/3376/3376 3397/3397/3397 3398/3398/3398
f 3376/3376/3376 3398/3398/3398 3377/3377/3377
f 3377/3377/3377 3398/3398/3398 3399/3399/3399
f 3377/3377/3377 3399/3399/3399 3378/3378/3378
f 3378/3378/3378 3399/3399/3399 3400/3400/3400
f 3378/3378/3378 3400/3400/3400 3379/3379/3379
f 3379/3379/3379 3400/3400/3400 3401/3401/3401
f 3379/3379/3379 3401/3401/3401 3380/3380/3380
f 3380/3380/3380 3401/3401/3401 3402/3402/3402
f 3380/3380/3380 3402/3402/3402 3381/3381/3381
f 3381/3381/3381 3402/3402/3402 3403/3403/3403
f 3381/3381/3381 3403/3403/3403 3382/3382/3382
f 3382/3382/3382 3403/3403/3403 3404/3404/3404
f 3382/3382/3382 3404/3404/3404 3383/3383/3383
f 3383/3383/3383 3404/3404/3404 3405/3405/3405
f 3383/3383/3383 3405/3405/3405 3384/3384/3384
f 3384/3384/3384 3405/3405/3405 3406/3406/3406
f 3384/3384/3384 3406/3406/3406 3385/3385/3385
f 3385/3385/3385 3406/3406/3406 3407/3407/3407
f 3385/3385/3385 3407/3407/3407 3386/3386/3386
f 3386/3386/3386 3407/3407/3407 3408/3408/3408
f 3386/3386/3386 3408/3408/3408 3387/3387/3387
f 3387/3387/3387 3408/3408/3408 3409/3409/3409
f 3387/3387/3387 3409/3409/3409 3388/3388/3388
f 3388/3388/3388 3409/3409/3409 3410/3410/3410
f 3388/3388/3388 3410/3410/3410 3389/3389/3389
f 3389/3389/3389 3410/3410/3410 3411/3411/3411
f 3389/3389/3389 3411/3411/3411 3390/3390/3390
f 3391/3391/3391 3412/3412/3412 3413/3413/3413
f 3391/3391/3391 3413/3413/3413 3392/3392/3392
f 3392/3392/3392 3413/3413/3413 3414/3414/3414
f 3392/3392/3392 3414/3414/3414 3393/3393/3393
f 3393/3393/3393 3414/3414/3414 3415/3415/3415
f 3393/3393/3393 3415/3415/3415 3394/3394/3394
f 3394/3394/3394 3415/3415/3415 3416/3416/3416
f 3394/3394/3394 3416/3416/3416 3395/3395/3395
f 3395/3395/3395 3416/3416/3416 3417/3417/3417
f 3395/3395/3395 3417/3417/3417 3396/3396/3396
f 3396/3396/3396 3417/3417/3417 3418/3418/3418
f 3396/3396/3396 3418/3418/3418 3397/3397/3397
f 3397/3397/3397 3418/3418/3418 3419/3419/3419
f 3397/3397/3397 3419/3419/3419 3398/3398/3398
f 3398/3398/3398 3419/3419/3419 3420/3420/3420
f 3398/3398/3398 3420/3420/3420 3399/3399/3399
f 3399/3399/3399 3420/3420/3420 3421/3421/3421
f 3399/3399/3399 3421/3421/3421 3400/3400/3400
f 3400/3400/3400 3421/3421/3421 3422/3422/3422
f 3400/3400/3400 3422/3422/3422 3401/3401/3401
f 3401/3401/3401 3422/3422/3422 3423/3423/3423
f 3401/3401/3401 3423/3423/3423 3402/3402/3402
f 3402/3402/3402 3423/3423/3423 3424/3424/3424
f 3402/3402/3402 3424/3424/3424 3403/3403/3403
f 3403/3403/3403 3424/3424/3424 3425/3425/3425
f 3403/3403/3403 3425/3425/3425 3404/3404/3404
f 3404/3404/3404 3425/3425/3425 3426/3426/3426
f 3404/3404/3404 3426/3426/3426 3405/3405/3405
f 3405/3405/3405 3426/3426/3426 3427/3427/3427
f 3405/3405/3405 3427/3427/3427 3406/3406/3406
f 3406/3406/3406 3427/3427/3427 3428/3428/3428
f 3406/3406/3406 3428/3428/3428 3407/3407/3407
f 3407/3407/3407 3428/3428/3428 3429/3429/3429
f 3407/3407/3407 3429/3429/3429 3408/3408/3408
f 3408/3408/3408 3429/3429/3429 3430/3430/3430
f 3408/3408/3408 3430/3430/3430 3409/3409/3409
f 3409/3409/3409 3430/3430/3430 3431/3431/3431
f 3409/3409/3409 3431/3431/3431 3410/3410/3410
f 3410/3410/3410 3431/3431/3431 3432/3432/3432
f 3410/3410/3410 3432/3432/3432 3411/3411/3411
f 3412/3412/3412 3433/3433/3433 3434/3434/3434
f 3412/3412/3412 3434/3434/3434 3413/3413/3413
f 3413/3413/3413 3434/3434/3434 3435/3435/3435
f 3413/3413/3413 3435/3435/3435 3414/3414/3414
f 3414/3414/3414 3435/3435/3435 3436/3436/3436
f 3414/3414/3414 3436/3436/3436 3415/3415/3415
f 3415/3415/3415 3436/3436/3436 3437/3437/3437
f 3415/3415/3415 3437/3437/3437 3416/3416/3416
f 3416/3416/3416 3437/3437/3437 3438/3438/3438
f 3416/3416/3416 3438/3438/3438 3417/3417/3417
f 3417/3417/3417 3438/3438/3438 3439/3439/3439
f 3417/3417/3417 3439/3439/3439 3418/3418/3418
f 3418/3418/3418 3439/3439/3439 3440/3440/3440
f 3418/3418/3418 3440/3440/3440 3419/3419/3419
f 3419/3419/3419 3440/3440/3440 3441/3441/3441
f 3419/3419/3419 3441/3441/3441 3420/3420/3420
f 3420/3420/3420 3441/3441/3441 3442/3442/3442
f 3420/3420/3420 3442/3442/3442 3421/3421/3421
f 3421/3421/3421 3442/3442/3442 3443/3443/3443
f 3421/3421/3421 3443/3443/3443 3422/3422/3422
f 3422/3422/3422 3443/3443/3443 3444/3444/3444
f 3422/3422/3422 3444/3444/3444 3423/3423/3423
f 3423/3423/3423 3444/3444/3444 3445/3445/3445
f 3423/3423/3423 3445/3445/3445 3424/3424/3424
f 3424/3424/3424 3445/3445/3445 3446/3446/3446
f 3424/3424/3424 3446/3446/3446 3425/3425/3425
f 3425/3425/3425 3446/3446/3446 3447/3447/3447
f 3425/3425/3425 3447/3447/3447 3426/3426/3426
f 3426/3426/3426 3447/3447/3447 3448/3448/3448
f 3426/3426/3426 3448/3448/3448 3427/3427/3427
f 3427/3427/3427 3448/3448/3448 3449/3449/3449
f 3427/3427/3427 3449/3449/3449 3428/3428/3428
f 3428/3428/3428 3449/3449/3449 3450/3450/3450
f 3428/3428/3428 3450/3450/3450 3429/3429/3429
f 3429/3429/3429 3450/3450/3450 3451/3451/3451
f 3429/3429/3429 3451/3451/3451 3430/3430/3430
f 3430/3430/3430 3451/3451/3451 3452/3452/3452
f 3430/3430/3430 3452/3452/3452 3431/3431/3431
f 3431/3431/3431 3452/3452/3452 3453/3453/3453
f 3431/3431/3431 3453/3453/3453 3432/3432/3432
f 3433/3433/3433 3454/3454/3454 3455/3455/3455
f 3433/3433/3433 3455/3455/3455 3434/3434/3434
f 3434/3434/3434 3455/3455/3455 3456/3456/3456
f 3434/3434/3434 3456/3456/3456 3435/3435/3435
f 3435/3435/3435 3456/3456/3456 3457/3457/3457
f 3435/3435/3435 3457/3457/3457 3436/3436/3436
f 3436/3436/3436 3457/3457/3457 3458/3458/3458
f 3436/3436/3436 3458/3458/3458 3437/3437/3437
f 3437/3437/3437 3458/3458/3458 3459/3459/3459
f 3437/3437/3437 3459/3459/3459 3438/3438/3438
f 3438/3438/3438 3459/3459/3459 3460/3460/3460
f 3438/3438/3438 3460/3460/3460 3439/3439/3439
f 3439/3439/3439 3460/3460/3460 3461/3461/3461
f 3439/3439/3439 3461/3461/3461 3440/3440/3440
f 3440/3440/3440 3461/3461/3461 3462/3462/3462
f 3440/3440/3440 3462/3462/3462 3441/3441/3441
f 3441/3441/3441 3462/3462/3462 3463/3463/3463
f 3441/3441/3441 3463/3463/3463 3442/3442/3442
f 3442/3442/3442 3463/3463/3463 3464/3464/3464
f 3442/3442/3442 3464/3464/3464 3443/3443/3443
f 3443/3443/3443 3464/3464/3464 3465/3465/3465
f 3443/3443/3443 3465/3465/3465 3444/3444/3444
f 3444/3444/3444 3465/3465/3465 3466/3466/3466
f 3444/3444/3444 3466/3466/3466 3445/3445/3445
f 3445/3445/3445 3466/3466/3466 3467/3467/3467
f 3445/3445/3445 3467/3467/3467 3446/3446/3446
f 3446/3446/3446 3467/3467/3467 3468/3468/3468
f 3446/3446/3446 3468/3468/3468 3447/3447/3447
f 3447/3447/3447 3468/3468/3468 3469/3469/3469
f 3447/3447/3447 3469/3469/3469 3448/3448/3448
f 3448/3448/3448 3469/3469/3469 3470/3470/3470
f 3448/3448/3448 3470/3470/3470 3449/3449/3449
f 3449/3449/3449 3470/3470/3470 3471/3471/3471
f 3449/3449/3449 3471/3471/3471 3450/3450/3450
f 3450/3450/3450 3471/3471/3471 3472/3472/3472
f 3450/3450/3450 3472/3472/3472 3451/3451/3451
f 3451/3451/3451 3472/3472/3472 3473/3473/3473
f 3451/3451/3451 3473/3473/3473 3452/3452/3452
f 3452/3452/3452 3473/3473/3473 3474/3474/3474
f 3452/3452/3452 3474/3474/3474 3453/3453/3453
f 3454/3454/3454 3475/3475/3475 3476/3476/3476
f 3454/3454/3454 3476/3476/3476 3455/3455/3455
f 3455/3455/3455 3476/3476/3476 3477/3477/3477
f 3455/3455/3455 3477/3477/3477 3456/3456/3456
f 3456/3456/3456 3477/3477/3477 3478/3478/3478
f 3456/3456/3456 3478/3478/3478 3457/3457/3457
f 3457/3457/3457 3478/3478/3478 3479/3479/3479
f 3457/3457/3457 3479/3479/3479 3458/3458/3458
f 3458/3458/3458 3479/3479/3479 3480/3480/3480
f 3458/3458/3458 3480/3480/3480 3459/3459/3459
f 3459/3459/3459 3480/3480/3480 3481/3481/3481
f 3459/3459/3459 3481/3481/3481 3460/3460/3460
f 3460/3460/3460 3481/3481/3481 3482/3482/3482
f 3460/3460/3460 3482/3482/3482 3461/3461/3461
f 3461/3461/3461 3482/3482/3482 3483/3483/3483
f 3461/3461/3461 3483/3483/3483 3462/3462/3462
f 3462/3462/3462 3483/3483/3483 3484/3484/3484
f 3462/3462/3462 3484/3484/3484 3463/3463/3463
f 3463/3463/3463 3484/3484/3484 3485/3485/3485
f 3463/3463/3463 3485/3485/3485 3464/3464/3464
f 3464/3464/3464 3485/3485/3485 3486/3486/3486
f 3464/3464/3464 3486/3486/3486 3465/3465/3465
f 3465/3465/3465 3486/3486/3486 3487/3487/3487
f 3465/3465/3465 3487/3487/3487 3466/3466/3466
f 3466/3466/3466 3487/3487/3487 3488/3488/3488
f 3466/3466/3466 3488/3488/3488 3467/3467/3467
f 3467/3467/3467 3488/3488/3488 3489/3489/3489
f 3467/3467/3467 3489/3489/3489 3468/3468/3468
f 3468/3468/3468 3489/3489/3489 3490/3490/3490
f 3468/3468/3468 3490/3490/3490 3469/3469/3469
f 3469/3469/3469 3490/3490/3490 3491/3491/3491
f 3469/3469/3469 3491/3491/3491 3470/3470/3470
f 3470/3470/3470 3491/3491/3491 3492/3492/3492
f 3470/3470/3470 3492/3492/3492 3471/3471/3471
f 3471/3471/3471 3492/3492/3492 3493/3493/3493
f 3471/3471/3471 3493/3493/3493 3472/3472/3472
f 3472/3472/3472 3493/3493/3493 3494/3494/3494
f 3472/3472/3472 3494/3494/3494 3473/3473/3473
f 3473/3473/3473 3494/3494/3494 3495/3495/3495
f 3473/3473/3473 3495/3495/3495 3474/3474/3474
f 3475/3475/3475 3496/3496/3496 3497/3497/3497
f 3475/3475/3475 3497/3497/3497 3476/3476/3476
f 3476/3476/3476 3497/3497/3497 3498/3498/3498
f 3476/3476/3476 3498/3498/3498 3477/3477/3477
f 3477/3477/3477 3498/3498/3498 3499/3499/3499
f 3477/3477/3477 3499/3499/3499 3478/3478/3478
f 3478/3478/3478 3499/3499/3499 3500/3500/3500
f 3478/3478/3478 3500/3500/3500 3479/3479/3479
f 3479/3479/3479 3500/3500/3500 3501/3501/3501
f 3479/3479/3479 3501/3501/3501 3480/3480/3480
f 3480/3480/3480 3501/3501/3501 3502/3502/3502
f 3480/3480/3480 3502/3502/3502 3481/3481/3481
f 3481/3481/3481 3502/3502/3502 3503/3503/3503
f 3481/3481/3481 3503/3503/3503 3482/3482/3482
f 3482/3482/3482 3503/3503/3503 3504/3504/3504
f 3482/3482/3482 3504/3504/3504 3483/3483/3483
f 3483/3483/3483 3504/3504/3504 3505/3505/3505
f 3483/3483/3483 3505/3505/3505 3484/3484/3484
f 3484/3484/3484 3505/3505/3505 3506/3506/3506
f 3484/3484/3484 3506/3506/3506 3485/3485/3485
f 3485/3485/3485 3506/3506/3506 3507/3507/3507
f 3485/3485/3485 3507/3507/3507 3486/3486/3486
f 3486/3486/3486 3507/3507/3507 3508/3508/3508
f 3486/3486/3486 3508/3508/3508 3487/3487/3487
f 3487/3487/3487 3508/3508/3508 3509/3509/3509
f 3487/3487/3487 3509/3509/3509 3488/3488/3488
f 3488/3488/3488 3509/3509/3509 3510/3510/3510
f 3488/3488/3488 3510/3510/3510 3489/3489/3489
f 3489/3489/3489 3510/3510/3510 3511/3511/3511
f 3489/3489/3489 3511/3511/3511 3490/3490/3490
f 3490/3490/3490 3511/3511/3511 3512/3512/3512
f 3490/3490/3490 3512/3512/3512 3491/3491/3491
f 3491/3491/3491 3512/3512/3512 3513/3513/3513
f 3491/3491/3491 3513/3513/3513 3492/3492/3492
f 3492/3492/3492 3513/3513/3513 3514/3514/3514
f 3492/3492/3492 3514/3514/3514 3493/3493/3493
f 3493/3493/3493 3514/3514/3514 3515/3515/3515
f 3493/3493/3493 3515/3515/3515 3494/3494/3494
f 3494/3494/3494 3515/3515/3515 3516/3516/3516
f 3494/3494/3494 3516/3516/3516 3495/3495/3495
f 3496/3496/3496 3517/3517/3517 3518/3518/3518
f 3496/3496/3496 3518/3518/3518 3497/3497/3497
f 3497/3497/3497 3518/3518/3518 3519/3519/3519
f 3497/3497/3497 3519/3519/3519 3498/3498/3498
f 3498/3498/3498 3519/3519/3519 3520/3520/3520
f 3498/3498/3498 3520/3520/3520 3499/3499/3499
f 3499/3499/3499 3520/3520/3520 3521/3521/3521
f 3499/3499/3499 3521/3521/3521 3500/3500/3500
f 3500/3500/3500 3521/3521/3521 3522/3522/3522
f 3500/3500/3500 3522/3522/3522 3501/3501/3501
f 3501/3501/3501 3522/3522/3522 3523/3523/3523
f 3501/3501/3501 3523/3523/3523 3502/3502/3502
f 3502/3502/3502 3523/3523/3523 3524/3524/3524
f 3502/3502/3502 3524/3524/3524 3503/3503/3503
f 3503/3503/3503 3524/3524/3524 3525/3525/3525
f 3503/3503/3503 3525/3525/3525 3504/3504/3504
f 3504/3504/3504 3525/3525/3525 3526/3526/3526
f 3504/3504/3504 3526/3526/3526 3505/3505/3505
f 3505/3505/3505 3526/3526/3526 3527/3527/3527
f 3505/3505/3505 3527/3527/3527 3506/3506/3506
f 3506/3506/3506 3527/3527/3527 3528/3528/3528
f 3506/3506/3506 3528/3528/3528 3507/3507/3507
f 3507/3507/3507 3528/3528/3528 3529/3529/3529
f 3507/3507/3507 3529/3529/3529 3508/3508/3508
f 3508/3508/3508 3529/3529/3529 3530/3530/3530
f 3508/3508/3508 3530/3530/3530 3509/3509/3509
f 3509/3509/3509 3530/3530/3530 3531/3531/3531
f 3509/3509/3509 3531/3531/3531 3510/3510/3510
f 3510/3510/3510 3531/3531/3531 3532/3532/3532
f 3510/3510/3510 3532/3532/3532 3511/3511/3511
f 3511/3511/3511 3532/3532/3532 3533/3533/3533
f 3511/3511/3511 3533/3533/3533 3512/3512/3512
f 3512/3512/3512 3533/3533/3533 3534/3534/3534
f 3512/3512/3512 3534/3534/3534 3513/3513/3513
f 3513/3513/3513 3534/3534/3534 3535/3535/3535
f 3513/3513/3513 3535/3535/3535 3514/3514/3514
f 3514/3514/3514 3535/3535/3535 3536/3536/3536
f 3514/3514/3514 3536/3536/3536 3515/3515/3515
f 3515/3515/3515 3536/3536/3536 3537/3537/3537
f 3515/3515/3515 3537/3537/3537 3516/3516/3516
f 3517/3517/3517 3538/3538/3538 3539/3539/3539
f 3517/3517/3517 3539/3539/3539 3518/3518/3518
f 3518/3518/3518 3539/3539/3539 3540/3540/3540
f 3518/3518/3518 3540/3540/3540 3519/3519/3519
f 3519/3519/3519 3540/3540/3540 3541/3541/3541
f 3519/3519/3519 3541/3541/3541 3520/3520/3520
f 3520/3520/3520 3541/3541/3541 3542/3542/3542
f 3520/3520/3520 3542/3542/3542 3521/3521/3521
f 3521/3521/3521 3542/3542/3542 3543/3543/3543
f 3521/3521/3521 3543/3543/3543 3522/3522/3522
f 3522/3522/3522 3543/3543/3543 3544/3544/3544
f 3522/3522/3522 3544/3544/3544 3523/3523/3523
f 3523/3523/3523 3544/3544/3544 3545/3545/3545
f 3523/3523/3523 3545/3545/3545 3524/3524/3524
f 3524/3524/3524 3545/3545/3545 3546/3546/3546
f 3524/3524/3524 3546/3546/3546 3525/3525/3525
f 3525/3525/3525 3546/3546/3546 3547/3547/3547
f 3525/3525/3525 3547/3547/3547 3526/3526/3526
f 3526/3526/3526 3547/3547/3547 3548/3548/3548
f 3526/3526/3526 3548/3548/3548 3527/3527/3527
f 3527/3527/3527 3548/3548/3548 3549/3549/3549
f 3527/3527/3527 3549/3549/3549 3528/3528/3528
f 3528/3528/3528 3549/3549/3549 3550/3550/3550
f 3528/3528/3528 3550/3550/3550 3529/3529/3529
f 3529/3529/3529 3550/3550/3550 3551/3551/3551
f 3529/3529/3529 3551/3551/3551 3530/3530/3530
f 3530/3530/3530 3551/3551/3551 3552/3552/3552
f 3530/3530/3530 3552/3552/3552 3531/3531/3531
f 3531/3531/3531 3552/3552/3552 3553/3553/3553
f 3531/3531/3531 3553/3553/3553 3532/3532/3532
f 3532/3532/3532 3553/3553/3553 3554/3554/3554
f 3532/3532/3532 3554/3554/3554 3533/3533/3533
f 3533/3533/3533 3554/3554/3554 3555/3555/3555
f 3533/3533/3533 3555/3555/3555 3534/3534/3534
f 3534/3534/3534 3555/3555/3555 3556/3556/3556
f 3534/3534/3534 3556/3556/3556 3535/3535/3535
f 3535/3535/3535 3556/3556/3556 3557/3557/3557
f 3535/3535/3535 3557/3557/3557 3536/3536/3536
f 3536/3536/3536 3557/3557/3557 3558/3558/3558
f 3536/3536/3536 3558/3558/3558 3537/3537/3537
f 3538/3538/3538 3559/3559/3559 3560/3560/3560
f 3538/3538/3538 3560/3560/3560 3539/3539/3539
f 3539/3539/3539 3560/3560/3560 3561/3561/3561
f 3539/3539/3539 3561/3561/3561 3540/3540/3540
f 3540/3540/3540 3561/3561/3561 3562/3562/3562
f 3540/3540/3540 3562/3562/3562 3541/3541/3541
f 3541/3541/3541 3562/3562/3562 3563/3563/3563
f 3541/3541/3541 3563/3563/3563 3542/3542/3542
f 3542/3542/3542 3563/3563/3563 3564/3564/3564
f 3542/3542/3542 3564/3564/3564 3543/3543/3543
f 3543/3543/3543 3564/3564/3564 3565/3565/3565
f 3543/3543/3543 3565/3565/3565 3544/3544/3544
f 3544/3544/3544 3565/3565/3565 3566/3566/3566
f 3544/3544/3544 3566/3566/3566 3545/3545/3545
f 3545/3545/3545 3566/3566/3566 3567/3567/3567
f 3545/3545/3545 3567/3567/3567 3546/3546/3546
f 3546/3546/3546 3567/3567/3567 3568/3568/3568
f 3546/3546/3546 3568/3568/3568 3547/3547/3547
f 3547/3547/3547 3568/3568/3568 3569/3569/3569
f 3547/3547/3547 3569/3569/3569 3548/3548/3548
f 3548/3548/3548 3569/3569/3569 3570/3570/3570
f 3548/3548/3548 3570/3570/3570 3549/3549/3549
f 3549/3549/3549 3570/3570/3570 3571/3571/3571
f 3549/3549/3549 3571/3571/3571 3550/3550/3550
f 3550/3550/3550 3571/3571/3571 3572/3572/3572
f 3550/3550/3550 3572/3572/3572 3551/3551/3551
f 3551/3551/3551 3572/3572/3572 3573/3573/3573
f 3551/3551/3551 3573/3573/3573 3552/3552/3552
f 3552/3552/3552 3573/3573/3573 3574/3574/3574
f 3552/3552/3552 3574/3574/3574 3553/3553/3553
f 3553/3553/3553 3574/3574/3574 3575/3575/3575
f 3553/3553/3553 3575/3575/3575 3554/3554/3554
f 3554/3554/3554 3575/3575/3575 3576/3576/3576
f 3554/3554/3554 3576/3576/3576 3555/3555/3555
f 3555/3555/3555 3576/3576/3576 3577/3577/3577
f 3555/3555/3555 3577/3577/3577 3556/3556/3556
f 3556/3556/3556 3577/3577/3577 3578/3578/3578
f 3556/3556/3556 3578/3578/3578 3557/3557/3557
f 3557/3557/3557 3578/3578/3578 3579/3579/3579
f 3557/3557/3557 3579/3579/3579 3558/3558/3558
f 3559/3559/3559 3580/3580/3580 3581/3581/3581
f 3559/3559/3559 3581/3581/3581 3560/3560/3560
f 3560/3560/3560 3581/3581/3581 3582/3582/3582
f 3560/3560/3560 3582/3582/3582 3561/3561/3561
f 3561/3561/3561 3582/3582/3582 3583/3583/3583
f 3561/3561/3561 3583/3583/3583 3562/3562/3562
f 3562/3562/3562 3583/3583/3583 3584/3584/3584
f 3562/3562/3562 3584/3584/3584 3563/3563/3563
f 3563/3563/3563 3584/3584/3584 3585/3585/3585
f 3563/3563/3563 3585/3585/3585 3564/3564/3564
f 3564/3564/3564 3585/3585/3585 3586/3586/3586
f 3564/3564/3564 3586/3586/3586 3565/3565/3565
f 3565/3565/3565 3586/3586/3586 3587/3587/3587
f 3565/3565/3565 3587/3587/3587 3566/3566/3566
f 3566/3566/3566 3587/3587/3587 3588/3588/3588
f 3566/3566/3566 3588/3588/3588 3567/3567/3567
f 3567/3567/3567 3588/3588/3588 3589/3589/3589
f 3567/3567/3567 3589/3589/3589 3568/3568/3568
f 3568/3568/3568 3589/3589/3589 3590/3590/3590
f 3568/3568/3568 3590/3590/3590 3569/3569/3569
f 3569/3569/3569 3590/3590/3590 3591/3591/3591
f 3569/3569/3569 3591/3591/3591 3570/3570/3570
f 3570/3570/3570 3591/3591/3591 3592/3592/3592
f 3570/3570/3570 3592/3592/3592 3571/3571/3571
f 3571/3571/3571 3592/3592/3592 3593/3593/3593
f 3571/3571/3571 3593/3593/3593 3572/3572/3572
f 3572/3572/3572 3593/3593/3593 3594/3594/3594
f 3572/3572/3572 3594/3594/3594 3573/3573/3573
f 3573/3573/3573 3594/3594/3594 3595/3595/3595
f 3573/3573/3573 3595/3595/3595 3574/3574/3574
f 3574/3574/3574 3595/3595/3595 3596/3596/3596
f 3574/3574/3574 3596/3596/3596 3575/3575/3575
f 3575/3575/3575 3596/3596/3596 3597/3597/3597
f 3575/3575/3575 3597/3597/3597 3576/3576/3576
f 3576/3576/3576 3597/3597/3597 3598/3598/3598
f 3576/3576/3576 3598/3598/3598 3577/3577/3577
f 3577/3577/3577 3598/3598/3598 3599/3599/3599
f 3577/3577/3577 3599/3599/3599 3578/3578/3578
f 3578/3578/3578 3599/3599/3599 3600/3600/3600
f 3578/3578/3578 3600/3600/3600 3579/3579/3579
f 3580/3580/3580 3601/3601/3601 3602/3602/3602
f 3580/3580/3580 3602/3602/3602 3581/3581/3581
f 3581/3581/3581 3602/3602/3602 3603/3603/3603
f 3581/3581/3581 3603/3603/3603 3582/3582/3582
f 3582/3582/3582 3603/3603/3603 3604/3604/3604
f 3582/3582/3582 3604/3604/3604 3583/3583/3583
f 3583/3583/3583 3604/3604/3604 3605/3605/3605
f 3583/3583/3583 3605/3605/3605 3584/3584/3584
f 3584/3584/3584 3605/3605/3605 3606/3606/3606
f 3584/3584/3584 3606/3606/3606 3585/3585/3585
f 3585/3585/3585 3606/3606/3606 3607/3607/3607
f 3585/3585/3585 3607/3607/3607 3586/3586/3586
f 3586/3586/3586 3607/3607/3607 3608/3608/3608
f 3586/3586/3586 3608/3608/3608 3587/3587/3587
f 3587/3587/3587 3608/3608/3608 3609/3609/3609
f 3587/3587/3587 3609/3609/3609 3588/3588/3588
f 3588/3588/3588 3609/3609/3609 3610/3610/3610
f 3588/3588/3588 3610/3610/3610 3589/3589/3589
f 3589/3589/3589 3610/3610/3610 3611/3611/3611
f 3589/3589/3589 3611/3611/3611 3590/3590/3590
f 3590/3590/3590 3611/3611/3611 3612/3612/3612
f 3590/3590/3590 3612/3612/3612 3591/3591/3591
f 3591/3591/3591 3612/3612/3612 3613/3613/3613
f 3591/3591/3591 3613/3613/3613 3592/3592/3592
f 3592/3592/3592 3613/3613/3613 3614/3614/3614
f 3592/3592/3592 3614/3614/3614 3593/3593/3593
f 3593/3593/3593 3614/3614/3614 3615/3615/3615
f 3593/3593/3593 3615/3615/3615 3594/3594/3594
f 3594/3594/3594 3615/3615/3615 3616/3616/3616
f 3594/3594/3594 3616/3616/3616 3595/3595/3595
f 3595/3595/3595 3616/3616/3616 3617/3617/3617
f 3595/3595/3595 3617/3617/3617 3596/3596/3596
f 3596/3596/3596 3617/3617/3617 3618/3618/3618
f 3596/3596/3596 3618/3618/3618 3597/3597/3597
f 3597/3597/3597 3618/3618/3618 3619/3619/3619
f 3597/3597/3597 3619/3619/3619 3598/3598/3598
f 3598/3598/3598 3619/3619/3619 3620/3620/3620
f 3598/3598/3598 3620/3620/3620 3599/3599/3599
f 3599/3599/3599 3620/3620/3620 3621/3621/3621
f 3599/3599/3599 3621/3621/3621 3600/3600/3600
f 3601/3601/3601 3622/3622/3622 3623/3623/3623
f 3601/3601/3601 3623/3623/3623 3602/3602/3602
f 3602/3602/3602 3623/3623/3623 3624/3624/3624
f 3602/3602/3602 3624/3624/3624 3603/3603/3603
f 3603/3603/3603 3624/3624/3624 3625/3625/3625
f 3603/3603/3603 3625/3625/3625 3604/3604/3604
f 3604/3604/3604 3625/3625/3625 3626/3626/3626
f 3604/3604/3604 3626/3626/3626 3605/3605/3605
f 3605/3605/3605 3626/3626/3626 3627/3627/3627
f 3605/3605/3605 3627/3627/3627 3606/3606/3606
f 3606/3606/3606 3627/3627/3627 3628/3628/3628
f 3606/3606/3606 3628/3628/3628 3607/3607/3607
f 3607/3607/3607 3628/3628/3628 3629/3629/3629
f 3607/3607/3607 3629/3629/3629 3608/3608/3608
f 3608/3608/3608 3629/3629/3629 3630/3630/3630
f 3608/3608/3608 3630/3630/3630 3609/3609/3609
f 3609/3609/3609 3630/3630/3630 3631/3631/3631
f 3609/3609/3609 3631/3631/3631 3610/3610/3610
f 3610/3610/3610 3631/3631/3631 3632/3632/3632
f 3610/3610/3610 3632/3632/3632 3611/3611/3611
f 3611/3611/3611 3632/3632/3632 3633/3633/3633
f 3611/3611/3611 3633/3633/3633 3612/3612/3612
f 3612/3612/3612 3633/3633/3633 3634/3634/3634
f 3612/3612/3612 3634/3634/3634 3613/3613/3613
f 3613/3613/3613 3634/3634/3634 3635/3635/3635
f 3613/3613/3613 3635/3635/3635 3614/3614/3614
f 3614/3614/3614 3635/3635/3635 3636/3636/3636
f 3614/3614/3614 3636/3636/3636 3615/3615/3615
f 3615/3615/3615 3636/3636/3636 3637/3637/3637
f 3615/3615/3615 3637/3637/3637 3616/3616/3616
f 3616/3616/3616 3637/3637/3637 3638/3638/3638
f 3616/3616/3616 3638/3638/3638 3617/3617/3617
f 3617/3617/3617 3638/3638/3638 3639/3639/3639
f 3617/3617/3617 3639/3639/3639 3618/3618/3618
f 3618/3618/3618 3639/3639/3639 3640/3640/3640
f 3618/3618/3618 3640/3640/3640 3619/3619/3619
f 3619/3619/3619 3640/3640/3640 3641/3641/3641
f 3619/3619/3619 3641/3641/3641 3620/3620/3620
f 3620/3620/3620 3641/3641/3641 3642/3642/3642
f 3620/3620/3620 3642/3642/3642 3621/3621/3621
f 3622/3622/3622 3643/3643/3643 3644/3644/3644
f 3622/3622/3622 3644/3644/3644 3623/3623/3623
f 3623/3623/3623 3644/3644/3644 3645/3645/3645
f 3623/3623/3623 3645/3645/3645 3624/3624/3624
f 3624/3624/3624 3645/3645/3645 3646/3646/3646
f 3624/3624/3624 3646/3646/3646 3625/3625/3625
f 3625/3625/3625 3646/3646/3646 3647/3647/3647
f 3625/3625/3625 3647/3647/3647 3626/3626/3626
f 3626/3626/3626 3647/3647/3647 3648/3648/3648
f 3626/3626/3626 3648/3648/3648 3627/3627/3627
f 3627/3627/3627 3648/3648/3648 3649/3649/3649
f 3627/3627/3627 3649/3649/3649 3628/3628/3628
f 3628/3628/3628 3649/3649/3649 3650/3650/3650
f 3628/3628/3628 3650/3650/3650 3629/3629/3629
f 3629/3629/3629 3650/3650/3650 3651/3651/3651
f 3629/3629/3629 3651/3651/3651 3630/3630/3630
f 3630/3630/3630 3651/3651/3651 3652/3652/3652
f 3630/3630/3630 3652/3652/3652 3631/3631/3631
f 3631/3631/3631 3652/3652/3652 3653/3653/3653
f 3631/3631/3631 3653/3653/3653 3632/3632/3632
f 3632/3632/3632 3653/3653/3653 3654/3654/3654
f 3632/3632/3632 3654/3654/3654 3633/3633/3633
f 3633/3633/3633 3654/3654/3654 3655/3655/3655
f 3633/3633/3633 3655/3655/3655 3634/3634/3634
f 3634/3634/3634 3655/3655/3655 3656/3656/3656
f 3634/3634/3634 3656/3656/3656 3635/3635/3635
f 3635/3635/3635 3656/3656/3656 3657/3657/3657
f 3635/3635/3635 3657/3657/3657 3636/3636/3636
f 3636/3636/3636 3657/3657/3657 3658/3658/3658
f 3636/3636/3636 3658/3658/3658 3637/3637/3637
f 3637/3637/3637 3658/3658/3658 3659/3659/3659
f 3637/3637/3637 3659/3659/3659 3638/3638/3638
f 3638/3638/3638 3659/3659/3659 3660/3660/3660
f 3638/3638/3638 3660/3660/3660 3639/3639/3639
f 3639/3639/3639 3660/3660/3660 3661/3661/3661
f 3639/3639/3639 3661/3661/3661 3640/3640/3640
f 3640/3640/3640 3661/3661/3661 3662/3662/3662
f 3640/3640/3640 3662/3662/3662 3641/3641/3641
f 3641/3641/3641 3662/3662/3662 3663/3663/3663
f 3641/3641/3641 3663/3663/3663 3642/3642/3642
f 3643/3643/3643 3664/3664/3664 3665/3665/3665
f 3643/3643/3643 3665/3665/3665 3644/3644/3644
f 3644/3644/3644 3665/3665/3665 3666/3666/3666
f 3644/3644/3644 3666/3666/3666 3645/3645/3645
f 3645/3645/3645 3666/3666/3666 3667/3667/3667
f 3645/3645/3645 3667/3667/3667 3646/3646/3646
f 3646/3646/3646 3667/3667/3667 3668/3668/3668
f 3646/3646/3646 3668/3668/3668 3647/3647/3647
f 3647/3647/3647 3668/3668/3668 3669/3669/3669
f 3647/3647/3647 3669/3669/3669 3648/3648/3648
f 3648/3648/3648 3669/3669/3669 3670/3670/3670
f 3648/3648/3648 3670/3670/3670 3649/3649/3649
f 3649/3649/3649 3670/3670/3670 3671/3671/3671
f 3649/3649/3649 3671/3671/3671 3650/3650/3650
f 3650/3650/3650 3671/3671/3671 3672/3672/3672
f 3650/3650/3650 3672/3672/3672 3651/3651/3651
f 3651/3651/3651 3672/3672/3672 3673/3673/3673
f 3651/3651/3651 3673/3673/3673 3652/3652/3652
f 3652/3652/3652 3673/3673/3673 3674/3674/3674
f 3652/3652/3652 3674/3674/3674 3653/3653/3653
f 3653/3653/3653 3674/3674/3674 3675/3675/3675
f 3653/3653/3653 3675/3675/3675 3654/3654/3654
f 3654/3654/3654 3675/3675/3675 3676/3676/3676
f 3654/3654/3654 3676/3676/3676 3655/3655/3655
f 3655/3655/3655 3676/3676/3676 3677/3677/3677
f 3655/3655/3655 3677/3677/3677 3656/3656/3656
f 3656/3656/3656 3677/3677/3677 3678/3678/3678
f 3656/3656/3656 3678/3678/3678 3657/3657/3657
f 3657/3657/3657 3678/3678/3678 3679/3679/3679
f 3657/3657/3657 3679/3679/3679 3658/3658/3658
f 3658/3658/3658 3679/3679/3679 3680/3680/3680
f 3658/3658/3658 3680/3680/3680 3659/3659/3659
f 3659/3659/3659 3680/3680/3680 3681/3681/3681
f 3659/3659/3659 3681/3681/3681 3660/3660/3660
f 3660/3660/3660 3681/3681/3681 3682/3682/3682
f 3660/3660/3660 3682/3682/3682 3661/3661/3661
f 3661/3661/3661 3682/3682/3682 3683/3683/3683
f 3661/3661/3661 3683/3683/3683 3662/3662/3662
f 3662/3662/3662 3683/3683/3683 3684/3684/3684
f 3662/3662/3662 3684/3684/3684 3663/3663/3663
f 3664/3664/3664 3685/3685/3685 3686/3686/3686
f 3664/3664/3664 3686/3686/3686 3665/3665/3665
f 3665/3665/3665 3686/3686/3686 3687/3687/3687
f 3665/3665/3665 3687/3687/3687 3666/3666/3666
f 3666/3666/3666 3687/3687/3687 3688/3688/3688
f 3666/3666/3666 3688/3688/3688 3667/3667/3667
f 3667/3667/3667 3688/3688/3688 3689/3689/3689
f 3667/3667/3667 3689/3689/3689 3668/3668/3668
f 3668/3668/3668 3689/3689/3689 3690/3690/3690
f 3668/3668/3668 3690/3690/3690 3669/3669/3669
f 3669/3669/3669 3690/3690/3690 3691/3691/3691
f 3669/3669/3669 3691/3691/3691 3670/3670/3670
f 3670/3670/3670 3691/3691/3691 3692/3692/3692
f 3670/3670/3670 3692/3692/3692 3671/3671/3671
f 3671/3671/3671 3692/3692/3692 3693/3693/3693
f 3671/3671/3671 3693/3693/3693 3672/3672/3672
f 3672/3672/3672 3693/3693/3693 3694/3694/3694
f 3672/3672/3672 3694/3694/3694 3673/3673/3673
f 3673/3673/3673 3694/3694/3694 3695/3695/3695
f 3673/3673/3673 3695/3695/3695 3674/3674/3674
f 3674/3674/3674 3695/3695/3695 3696/3696/3696
f 3674/3674/3674 3696/3696/3696 3675/3675/3675
f 3675/3675/3675 3696/3696/3696 3697/3697/3697
f 3675/3675/3675 3697/3697/3697 3676/3676/3676
f 3676/3676/3676 3697/3697/3697 3698/3698/3698
f 3676/3676/3676 3698/3698/3698 3677/3677/3677
f 3677/3677/3677 3698/3698/3698 3699/3699/3699
f 3677/3677/3677 3699/3699/3699 3678/3678/3678
f 3678/3678/3678 3699/3699/3699 3700/3700/3700
f 3678/3678/3678 3700/3700/3700 3679/3679/3679
f 3679/3679/3679 3700/3700/3700 3701/3701/3701
f 3679/3679/3679 3701/3701/3701 3680/3680/3680
f 3680/3680/3680 3701/3701/3701 3702/3702/3702
f 3680/3680/3680 3702/3702/3702 3681/3681/3681
f 3681/3681/3681 3702/3702/3702 3703/3703/3703
f 3681/3681/3681 3703/3703/3703 3682/3682/3682
f 3682/3682/3682 3703/3703/3703 3704/3704/3704
f 3682/3682/3682 3704/3704/3704 3683/3683/3683
f 3683/3683/3683 3704/3704/3704 3705/3705/3705
f 3683/3683/3683 3705/3705/3705 3684/3684/3684
f 3685/3685/3685 3706/3706/3706 3707/3707/3707
f 3685/3685/3685 3707/3707/3707 3686/3686/3686
f 3686/3686/3686 3707/3707/3707 3708/3708/3708
f 3686/3686/3686 3708/3708/3708 3687/3687/3687
f 3687/3687/3687 3708/3708/3708 3709/3709/3709
f 3687/3687/3687 3709/3709/3709 3688/3688/3688
f 3688/3688/3688 3709/3709/3709 3710/3710/3710
f 3688/3688/3688 3710/3710/3710 3689/3689/3689
f 3689/3689/3689 3710/3710/3710 3711/3711/3711
f 3689/3689/3689 3711/3711/3711 3690/3690/3690
f 3690/3690/3690 3711/3711/3711 3712/3712/3712
f 3690/3690/3690 3712/3712/3712 3691/3691/3691
f 3691/3691/3691 3712/3712/3712 3713/3713/3713
f 3691/3691/3691 3713/3713/3713 3692/3692/3692
f 3692/3692/3692 3713/3713/3713 3714/3714/3714
f 3692/3692/3692 3714/3714/3714 3693/3693/3693
f 3693/3693/3693 3714/3714/3714 3715/3715/3715
f 3693/3693/3693 3715/3715/3715 3694/3694/3694
f 3694/3694/3694 3715/3715/3715 3716/3716/3716
f 3694/3694/3694 3716/3716/3716 3695/3695/3695
f 3695/3695/3695 3716/3716/3716 3717/3717/3717
f 3695/3695/3695 3717/3717/3717 3696/3696/3696
f 3696/3696/3696 3717/3717/3717 3718/3718/3718
f 3696/3696/3696 3718/3718/3718 3697/3697/3697
f 3697/3697/3697 3718/3718/3718 3719/3719/3719
f 3697/3697/3697 3719/3719/3719 3698/3698/3698
f 3698/3698/3698 3719/3719/3719 3720/3720/3720
f 3698/3698/3698 3720/3720/3720 3699/3699/3699
f 3699/3699/3699 3720/3720/3720 3721/3721/3721
f 3699/3699/3699 3721/3721/3721 3700/3700/3700
f 3700/3700/3700 3721/3721/3721 3722/3722/3722
f 3700/3700/3700 3722/3722/3722 3701/3701/3701
f 3701/3701/3701 3722/3722/3722 3723/3723/3723
f 3701/3701/3701 3723/3723/3723 3702/3702/3702
f 3702/3702/3702 3723/3723/3723 3724/3724/3724
f 3702/3702/3702 3724/3724/3724 3703/3703/3703
f 3703/3703/3703 3724/3724/3724 3725/3725/3725
f 3703/3703/3703 3725/3725/3725 3704/3704/3704
f 3704/3704/3704 3725/3725/3725 3726/3726/3726
f 3704/3704/3704 3726/3726/3726 3705/3705/3705
f 3706/3706/3706 3727/3727/3727 3728/3728/3728
f 3706/3706/3706 3728/3728/3728 3707/3707/3707
f 3707/3707/3707 3728/3728/3728 3729/3729/3729
f 3707/3707/3707 3729/3729/3729 3708/3708/3708
f 3708/3708/3708 3729/3729/3729 3730/3730/3730
f 3708/3708/3708 3730/3730/3730 3709/3709/3709
f 3709/3709/3709 3730/3730/3730 3731/3731/3731
f 3709/3709/3709 3731/3731/3731 3710/3710/3710
f 3710/3710/3710 3731/3731/3731 3732/3732/3732
f 3710/3710/3710 3732/3732/3732 3711/3711/3711
f 3711/3711/3711 3732/3732/3732 3733/3733/3733
f 3711/3711/3711 3733/3733/3733 3712/3712/3712
f 3712/3712/3712 3733/3733/3733 3734/3734/3734
f 3712/3712/3712 3734/3734/3734 3713/3713/3713
f 3713/3713/3713 3734/3734/3734 3735/3735/3735
f 3713/3713/3713 3735/3735/3735 3714/3714/3714
f 3714/3714/3714 3735/3735/3735 3736/3736/3736
f 3714/3714/3714 3736/3736/3736 3715/3715/3715
f 3715/3715/3715 3736/3736/3736 3737/3737/3737
f 3715/3715/3715 3737/3737/3737 3716/3716/3716
f 3716/3716/3716 3737/3737/3737 3738/3738/3738
f 3716/3716/3716 3738/3738/3738 3717/3717/3717
f 3717/3717/3717 3738/3738/3738 3739/3739/3739
f 3717/3717/3717 3739/3739/3739 3718/3718/3718
f 3718/3718/3718 3739/3739/3739 3740/3740/3740
f 3718/3718/3718 3740/3740/3740 3719/3719/3719
f 3719/3719/3719 3740/3740/3740 3741/3741/3741
f 3719/3719/3719 3741/3741/3741 3720/3720/3720
f 3720/3720/3720 3741/3741/3741 3742/3742/3742
f 3720/3720/3720 3742/3742/3742 3721/3721/3721
f 3721/3721/3721 3742/3742/3742 3743/3743/3743
f 3721/3721/3721 3743/3743/3743 3722/3722/3722
f 3722/3722/3722 3743/3743/3743 3744/3744/3744
f 3722/3722/3722 3744/3744/3744 3723/3723/3723
f 3723/3723/3723 3744/3744/3744 3745/3745/3745
f 3723/3723/3723 3745/3745/3745 3724/3724/3724
f 3724/3724/3724 3745/3745/3745 3746/3746/3746
f 3724/3724/3724 3746/3746/3746 3725/3725/3725
f 3725/3725/3725 3746/3746/3746 3747/3747/3747
f 3725/3725/3725 3747/3747/3747 3726/3726/3726
f 3727/3727/3727 3748/3748/3748 3749/3749/3749
f 3727/3727/3727 3749/3749/3749 3728/3728/3728
f 3728/3728/3728 3749/3749/3749 3750/3750/3750
f 3728/3728/3728 3750/3750/3750 3729/3729/3729
f 3729/3729/3729 3750/3750/3750 3751/3751/3751
f 3729/3729/3729 3751/3751/3751 3730/3730/3730
f 3730/3730/3730 3751/3751/3751 3752/3752/3752
f 3730/3730/3730 3752/3752/3752 3731/3731/3731
f 3731/3731/3731 3752/3752/3752 3753/3753/3753
f 3731/3731/3731 3753/3753/3753 3732/3732/3732
f 3732/3732/3732 3753/3753/3753 3754/3754/3754
f 3732/3732/3732 3754/3754/3754 3733/3733/3733
f 3733/3733/3733 3754/3754/3754 3755/3755/3755
f 3733/3733/3733 3755/3755/3755 3734/3734/3734
f 3734/3734/3734 3755/3755/3755 3756/3756/3756
f 3734/3734/3734 3756/3756/3756 3735/3735/3735
f 3735/3735/3735 3756/3756/3756 3757/3757/3757
f 3735/3735/3735 3757/3757/3757 3736/3736/3736
f 3736/3736/3736 3757/3757/3757 3758/3758/3758
f 3736/3736/3736 3758/3758/3758 3737/3737/3737
f 3737/3737/3737 3758/3758/3758 3759/3759/3759
f 3737/3737/3737 3759/3759/3759 3738/3738/3738
f 3738/3738/3738 3759/3759/3759 3760/3760/3760
f 3738/3738/3738 3760/3760/3760 3739/3739/3739
f 3739/3739/3739 3760/3760/3760 3761/3761/3761
f 3739/3739/3739 3761/3761/3761 3740/3740/3740
f 3740/3740/3740 3761/3761/3761 3762/3762/3762
f 3740/3740/3740 3762/3762/3762 3741/3741/3741
f 3741/3741/3741 3762/3762/3762 3763/3763/3763
f 3741/3741/3741 3763/3763/3763 3742/3742/3742
f 3742/3742/3742 3763/3763/3763 3764/3764/3764
f 3742/3742/3742 3764/3764/3764 3743/3743/3743
f 3743/3743/3743 3764/3764/3764 3765/3765/3765
f 3743/3743/3743 3765/3765/3765 3744/3744/3744
f 3744/3744/3744 3765/3765/3765 3766/3766/3766
f 3744/3744/3744 3766/3766/3766 3745/3745/3745
f 3745/3745/3745 3766/3766/3766 3767/3767/3767
f 3745/3745/3745 3767/3767/3767 3746/3746/3746
f 3746/3746/3746 3767/3767/3767 3768/3768/3768
f 3746/3746/3746 3768/3768/3768 3747/3747/3747
f 3748/3748/3748 3769/3769/3769 3770/3770/3770
f 3748/3748/3748 3770/3770/3770 3749/3749/3749
f 3749/3749/3749 3770/3770/3770 3771/3771/3771
f 3749/3749/3749 3771/3771/3771 3750/3750/3750
f 3750/3750/3750 3771/3771/3771 3772/3772/3772
f 3750/3750/3750 3772/3772/3772 3751/3751/3751
f 3751/3751/3751 3772/3772/3772 3773/3773/3773
f 3751/3751/3751 3773/3773/3773 3752/3752/3752
f 3752/3752/3752 3773/3773/3773 3774/3774/3774
f 3752/3752/3752 3774/3774/3774 3753/3753/3753
f 3753/3753/3753 3774/3774/3774 3775/3775/3775
f 3753/3753/3753 3775/3775/3775 3754/3754/3754
f 3754/3754/3754 3775/3775/3775 3776/3776/3776
f 3754/3754/3754 3776/3776/3776 3755/3755/3755
f 3755/3755/3755 3776/3776/3776 3777/3777/3777
f 3755/3755/3755 3777/3777/3777 3756/3756/3756
f 3756/3756/3756 3777/3777/3777 3778/3778/3778
f 3756/3756/3756 3778/3778/3778 3757/3757/3757
f 3757/3757/3757 3778/3778/3778 3779/3779/3779
f 3757/3757/3757 3779/3779/3779 3758/3758/3758
f 3758/3758/3758 3779/3779/3779 3780/3780/3780
f 3758/3758/3758 3780/3780/3780 3759/3759/3759
f 3759/3759/3759 3780/3780/3780 3781/3781/3781
f 3759/3759/3759 3781/3781/3781 3760/3760/3760
f 3760/3760/3760 3781/3781/3781 3782/3782/3782
f 3760/3760/3760 3782/3782/3782 3761/3761/3761
f 3761/3761/3761 3782/3782/3782 3783/3783/3783
f 3761/3761/3761 3783/3783/3783 3762/3762/3762
f 3762/3762/3762 3783/3783/3783 3784/3784/3784
f 3762/3762/3762 3784/3784/3784 3763/3763/3763
f 3763/3763/3763 3784/3784/3784 3785/3785/3785
f 3763/3763/3763 3785/3785/3785 3764/3764/3764
f 3764/3764/3764 3785/3785/3785 3786/3786/3786
f 3764/3764/3764 3786/3786/3786 3765/3765/3765
f 3765/3765/3765 3786/3786/3786 3787/3787/3787
f 3765/3765/3765 3787/3787/3787 3766/3766/3766
f 3766/3766/3766 3787/3787/3787 3788/3788/3788
f 3766/3766/3766 3788/3788/3788 3767/3767/3767
f 3767/3767/3767 3788/3788/3788 3789/3789/3789
f 3767/3767/3767 3789/3789/3789 3768/3768/3768
f 3769/3769/3769 3790/3790/3790 3791/3791/3791
f 3769/3769/3769 3791/3791/3791 3770/3770/3770
f 3770/3770/3770 3791/3791/3791 3792/3792/3792
f 3770/3770/3770 3792/3792/3792 3771/3771/3771
f 3771/3771/3771 3792/3792/3792 3793/3793/3793
f 3771/3771/3771 3793/3793/3793 3772/3772/3772
f 3772/3772/3772 3793/3793/3793 3794/3794/3794
f 3772/3772/3772 3794/3794/3794 3773/3773/3773
f 3773/3773/3773 3794/3794/3794 3795/3795/3795
f 3773/3773/3773 3795/3795/3795 3774/3774/3774
f 3774/3774/3774 3795/3795/3795 3796/3796/3796
f 3774/3774/3774 3796/3796/3796 3775/3775/3775
f 3775/3775/3775 3796/3796/3796 3797/3797/3797
f 3775/3775/3775 3797/3797/3797 3776/3776/3776
f 3776/3776/3776 3797/3797/3797 3798/3798/3798
f 3776/3776/3776 3798/3798/3798 3777/3777/3777
f 3777/3777/3777 3798/3798/3798 3799/3799/3799
f 3777/3777/3777 3799/3799/3799 3778/3778/3778
f 3778/3778/3778 3799/3799/3799 3800/3800/3800
f 3778/3778/3778 3800/3800/3800 3779/3779/3779
f 3779/3779/3779 3800/3800/3800 3801/3801/3801
f 3779/3779/3779 3801/3801/3801 3780/3780/3780
f 3780/3780/3780 3801/3801/3801 3802/3802/3802
f 3780/3780/3780 3802/3802/3802 3781/3781/3781
f 3781/3781/3781 3802/3802/3802 3803/3803/3803
f 3781/3781/3781 3803/3803/3803 3782/3782/3782
f 3782/3782/3782 3803/3803/3803 3804/3804/3804
f 3782/3782/3782 3804/3804/3804 3783/3783/3783
f 3783/3783/3783 3804/3804/3804 3805/3805/3805
f 3783/3783/3783 3805/3805/3805 3784/3784/3784
f 3784/3784/3784 3805/3805/3805 3806/3806/3806
f 3784/3784/3784 3806/3806/3806 3785/3785/3785
f 3785/3785/3785 3806/3806/3806 3807/3807/3807
f 3785/3785/3785 3807/3807/3807 3786/3786/3786
f 3786/3786/3786 3807/3807/3807 3808/3808/3808
f 3786/3786/3786 3808/3808/3808 3787/3787/3787
f 3787/3787/3787 3808/3808/3808 3809/3809/3809
f 3787/3787/3787 3809/3809/3809 3788/3788/3788
f 3788/3788/3788 3809/3809/3809 3810/3810/3810
f 3788/3788/3788 3810/3810/3810 3789/3789/3789
f 3790/3790/3790 3811/3811/3811 3812/3812/3812
f 3790/3790/3790 3812/3812/3812 3791/3791/3791
f 3791/3791/3791 3812/3812/3812 3813/3813/3813
f 3791/3791/3791 3813/3813/3813 3792/3792/3792
f 3792/3792/3792 3813/3813/3813 3814/3814/3814
f 3792/3792/3792 3814/3814/3814 3793/3793/3793
f 3793/3793/3793 3814/3814/3814 3815/3815/3815
f 3793/3793/3793 3815/3815/3815 3794/3794/3794
f 3794/3794/3794 3815/3815/3815 3816/3816/3816
f 3794/3794/3794 3816/3816/3816 3795/3795/3795
f 3795/3795/3795 3816/3816/3816 3817/3817/3817
f 3795/3795/3795 3817/3817/3817 3796/3796/3796
f 3796/3796/3796 3817/3817/3817 3818/3818/3818
f 3796/3796/3796 3818/3818/3818 3797/3797/3797
f 3797/3797/3797 3818/3818/3818 3819/3819/3819
f 3797/3797/3797 3819/3819/3819 3798/3798/3798
f 3798/3798/3798 3819/3819/3819 3820/3820/3820
f 3798/3798/3798 3820/3820/3820 3799/3799/3799
f 3799/3799/3799 3820/3820/3820 3821/3821/3821
f 3799/3799/3799 3821/3821/3821 3800/3800/3800
f 3800/3800/3800 3821/3821/3821 3822/3822/3822
f 3800/3800/3800 3822/3822/3822 3801/3801/3801
f 3801/3801/3801 3822/3822/3822 3823/3823/3823
f 3801/3801/3801 3823/3823/3823 3802/3802/3802
f 3802/3802/3802 3823/3823/3823 3824/3824/3824
f 3802/3802/3802 3824/3824/3824 3803/3803/3803
f 3803/3803/3803 3824/3824/3824 3825/3825/3825
f 3803/3803/3803 3825/3825/3825 3804/3804/3804
f 3804/3804/3804 3825/3825/3825 3826/3826/3826
f 3804/3804/3804 3826/3826/3826 3805/3805/3805
f 3805/3805/3805 3826/3826/3826 3827/3827/3827
f 3805/3805/3805 3827/3827/3827 3806/3806/3806
f 3806/3806/3806 3827/3827/3827 3828/3828/3828
f 3806/3806/3806 3828/3828/3828 3807/3807/3807
f 3807/3807/3807 3828/3828/3828 3829/3829/3829
f 3807/3807/3807 3829/3829/3829 3808/3808/3808
f 3808/3808/3808 3829/3829/3829 3830/3830/3830
f 3808/3808/3808 3830/3830/3830 3809/3809/3809
f 3809/3809/3809 3830/3830/3830 3831/3831/3831
f 3809/3809/3809 3831/3831/3831 3810/3810/3810
f 3811/3811/3811 3832/3832/3832 3833/3833/3833
f 3811/3811/3811 3833/3833/3833 3812/3812/3812
f 3812/3812/3812 3833/3833/3833 3834/3834/3834
f 3812/3812/3812 3834/3834/3834 3813/3813/3813
f 3813/3813/3813 3834/3834/3834 3835/3835/3835
f 3813/3813/3813 3835/3835/3835 3814/3814/3814
f 3814/3814/3814 3835/3835/3835 3836/3836/3836
f 3814/3814/3814 3836/3836/3836 3815/3815/3815
f 3815/3815/3815 3836/3836/3836 3837/3837/3837
f 3815/3815/3815 3837/3837/3837 3816/3816/3816
f 3816/3816/3816 3837/3837/3837 3838/3838/3838
f 3816/3816/3816 3838/3838/3838 3817/3817/3817
f 3817/3817/3817 3838/3838/3838 3839/3839/3839
f 3817/3817/3817 3839/3839/3839 3818/3818/3818
f 3818/3818/3818 3839/3839/3839 3840/3840/3840
f 3818/3818/3818 3840/3840/3840 3819/3819/3819
f 3819/3819/3819 3840/3840/3840 3841/3841/3841
f 3819/3819/3819 3841/3841/3841 3820/3820/3820
f 3820/3820/3820 3841/3841/3841 3842/3842/3842
f 3820/3820/3820 3842/3842/3842 3821/3821/3821
f 3821/3821/3821 3842/3842/3842 3843/3843/3843
f 3821/3821/3821 3843/3843/3843 3822/3822/3822
f 3822/3822/3822 3843/3843/3843 3844/3844/3844
f 3822/3822/3822 3844/3844/3844 3823/3823/3823
f 3823/3823/3823 3844/3844/3844 3845/3845/3845
f 3823/3823/3823 3845/3845/3845 3824/3824/3824
f 3824/3824/3824 3845/3845/3845 3846/3846/3846
f 3824/3824/3824 3846/3846/3846 3825/3825/3825
f 3825/3825/3825 3846/3846/3846 3847/3847/3847
f 3825/3825/3825 3847/3847/3847 3826/3826/3826
f 3826/3826/3826 3847/3847/3847 3848/3848/3848
f 3826/3826/3826 3848/3848/3848 3827/3827/3827
f 3827/3827/3827 3848/3848/3848 3849/3849/3849
f 3827/3827/3827 3849/3849/3849 3828/3828/3828
f 3828/3828/3828 3849/3849/3849 3850/3850/3850
f 3828/3828/3828 3850/3850/3850 3829/3829/3829
f 3829/3829/3829 3850/3850/3850 3851/3851/3851
f 3829/3829/3829 3851/3851/3851 3830/3830/3830
f 3830/3830/3830 3851/3851/3851 3852/3852/3852
f 3830/3830/3830 3852/3852/3852 3831/3831/3831
f 3832/3832/3832 3853/3853/3853 3854/3854/3854
f 3832/3832/3832 3854/3854/3854 3833/3833/3833
f 3833/3833/3833 3854/3854/3854 3855/3855/3855
f 3833/3833/3833 3855/3855/3855 3834/3834/3834
f 3834/3834/3834 3855/3855/3855 3856/3856/3856
f 3834/3834/3834 3856/3856/3856 3835/3835/3835
f 3835/3835/3835 3856/3856/3856 3857/3857/3857
f 3835/3835/3835 3857/3857/3857 3836/3836/3836
f 3836/3836/3836 3857/3857/3857 3858/3858/3858
f 3836/3836/3836 3858/3858/3858 3837/3837/3837
f 3837/3837/3837 3858/3858/3858 3859/3859/3859
f 3837/3837/3837 3859/3859/3859 3838/3838/3838
f 3838/3838/3838 3859/3859/3859 3860/3860/3860
f 3838/3838/3838 3860/3860/3860 3839/3839/3839
f 3839/3839/3839 3860/3860/3860 3861/3861/3861
f 3839/3839/3839 3861/3861/3861 3840/3840/3840
f 3840/3840/3840 3861/3861/3861 3862/3862/3862
f 3840/3840/3840 3862/3862/3862 3841/3841/3841
f 3841/3841/3841 3862/3862/3862 3863/3863/3863
f 3841/3841/3841 3863/3863/3863 3842/3842/3842
f 3842/3842/3842 3863/3863/3863 3864/3864/3864
f 3842/3842/3842 3864/3864/3864 3843/3843/3843
f 3843/3843/3843 3864/3864/3864 3865/3865/3865
f 3843/3843/3843 3865/3865/3865 3844/3844/3844
f 3844/3844/3844 3865/3865/3865 3866/3866/3866
f 3844/3844/3844 3866/3866/3866 3845/3845/3845
f 3845/3845/3845 3866/3866/3866 3867/3867/3867
f 3845/3845/3845 3867/3867/3867 3846/3846/3846
f 3846/3846/3846 3867/3867/3867 3868/3868/3868
f 3846/3846/3846 3868/3868/3868 3847/3847/3847
f 3847/3847/3847 3868/3868/3868 3869/3869/3869
f 3847/3847/3847 3869/3869/3869 3848/3848/3848
f 3848/3848/3848 3869/3869/3869 3870/3870/3870
f 3848/3848/3848 3870/3870/3870 3849/3849/3849
f 3849/3849/3849 3870/3870/3870 3871/3871/3871
f 3849/3849/3849 3871/3871/3871 3850/3850/3850
f 3850/3850/3850 3871/3871/3871 3872/3872/3872
f 3850/3850/3850 3872/3872/3872 3851/3851/3851
f 3851/3851/3851 3872/3872/3872 3873/3873/3873
f 3851/3851/3851 3873/3873/3873 3852/3852/3852
f 3853/3853/3853 3874/3874/3874 3875/3875/3875
f 3853/3853/3853 3875/3875/3875 3854/3854/3854
f 3854/3854/3854 3875/3875/3875 3876/3876/3876
f 3854/3854/3854 3876/3876/3876 3855/3855/3855
f 3855/3855/3855 3876/3876/3876 3877/3877/3877
f 3855/3855/3855 3877/3877/3877 3856/3856/3856
f 3856/3856/3856 3877/3877/3877 3878/3878/3878
f 3856/3856/3856 3878/3878/3878 3857/3857/3857
f 3857/3857/3857 3878/3878/3878 3879/3879/3879
f 3857/3857/3857 3879/3879/3879 3858/3858/3858
f 3858/3858/3858 3879/3879/3879 3880/3880/3880
f 3858/3858/3858 3880/3880/3880 3859/3859/3859
f 3859/3859/3859 3880/3880/3880 3881/3881/3881
f 3859/3859/3859 3881/3881/3881 3860/3860/3860
f 3860/3860/3860 3881/3881/3881 3882/3882/3882
f 3860/3860/3860 3882/3882/3882 3861/3861/3861
f 3861/3861/3861 3882/3882/3882 3883/3883/3883
f 3861/3861/3861 3883/3883/3883 3862/3862/3862
f 3862/3862/3862 3883/3883/3883 3884/3884/3884
f 3862/3862/3862 3884/3884/3884 3863/3863/3863
f 3863/3863/3863 3884/3884/3884 3885/3885/3885
f 3863/3863/3863 3885/3885/3885 3864/3864/3864
f 3864/3864/3864 3885/3885/3885 3886/3886/3886
f 3864/3864/3864 3886/3886/3886 3865/3865/3865
f 3865/3865/3865 3886/3886/3886 3887/3887/3887
f 3865/3865/3865 3887/3887/3887 3866/3866/3866
f 3866/3866/3866 3887/3887/3887 3888/3888/3888
f 3866/3866/3866 3888/3888/3888 3867/3867/3867
f 3867/3867/3867 3888/3888/3888 3889/3889/3889
f 3867/3867/3867 3889/3889/3889 3868/3868/3868
f 3868/3868/3868 3889/3889/3889 3890/3890/3890
f 3868/3868/3868 3890/3890/3890 3869/3869/3869
f 3869/3869/3869 3890/3890/3890 3891/3891/3891
f 3869/3869/3869 3891/3891/3891 3870/3870/3870
f 3870/3870/3870 3891/3891/3891 3892/3892/3892
f 3870/3870/3870 3892/3892/3892 3871/3871/3871
f 3871/3871/3871 3892/3892/3892 3893/3893/3893
f 3871/3871/3871 3893/3893/3893 3872/3872/3872
f 3872/3872/3872 3893/3893/3893 3894/3894/3894
f 3872/3872/3872 3894/3894/3894 3873/3873/3873
f 3874/3874/3874 3895/3895/3895 3896/3896/3896
f 3874/3874/3874 3896/3896/3896 3875/3875/3875
f 3875/3875/3875 3896/3896/3896 3897/3897/3897
f 3875/3875/3875 3897/3897/3897 3876/3876/3876
f 3876/3876/3876 3897/3897/3897 3898/3898/3898
f 3876/3876/3876 3898/3898/3898 3877/3877/3877
f 3877/3877/3877 3898/3898/3898 3899/3899/3899
f 3877/3877/3877 3899/3899/3899 3878/3878/3878
f 3878/3878/3878 3899/3899/3899 3900/3900/3900
f 3878/3878/3878 3900/3900/3900 3879/3879/3879
f 3879/3879/3879 3900/3900/3900 3901/3901/3901
f 3879/3879/3879 3901/3901/3901 3880/3880/3880
f 3880/3880/3880 3901/3901/3901 3902/3902/3902
f 3880/3880/3880 3902/3902/3902 3881/3881/3881
f 3881/3881/3881 3902/3902/3902 3903/3903/3903
f 3881/3881/3881 3903/3903/3903 3882/3882/3882
f 3882/3882/3882 3903/3903/3903 3904/3904/3904
f 3882/3882/3882 3904/3904/3904 3883/3883/3883
f 3883/3883/3883 3904/3904/3904 3905/3905/3905
f 3883/3883/3883 3905/3905/3905 3884/3884/3884
f 3884/3884/3884 3905/3905/3905 3906/3906/3906
f 3884/3884/3884 3906/3906/3906 3885/3885/3885
f 3885/3885/3885 3906/3906/3906 3907/3907/3907
f 3885/3885/3885 3907/3907/3907 3886/3886/3886
f 3886/3886/3886 3907/3907/3907 3908/3908/3908
f 3886/3886/3886 3908/3908/3908 3887/3887/3887
f 3887/3887/3887 3908/3908/3908 3909/3909/3909
f 3887/3887/3887 3909/3909/3909 3888/3888/3888
f 3888/3888/3888 3909/3909/3909 3910/3910/3910
f 3888/3888/3888 3910/3910/3910 3889/3889/3889
f 3889/3889/3889 3910/3910/3910 3911/3911/3911
f 3889/3889/3889 3911/3911/3911 3890/3890/3890
f 3890/3890/3890 3911/3911/3911 3912/3912/3912
f 3890/3890/3890 3912/3912/3912 3891/3891/3891
f 3891/3891/3891 3912/3912/3912 3913/3913/3913
f 3891/3891/3891 3913/3913/3913 3892/3892/3892
f 3892/3892/3892 3913/3913/3913 3914/3914/3914
f 3892/3892/3892 3914/3914/3914 3893/3893/3893
f 3893/3893/3893 3914/3914/3914 3915/3915/3915
f 3893/3893/3893 3915/3915/3915 3894/3894/3894
f 3895/3895/3895 3916/3916/3916 3917/3917/3917
f 3895/3895/3895 3917/3917/3917 3896/3896/3896
f 3896/3896/3896 3917/3917/3917 3918/3918/3918
f 3896/3896/3896 3918/3918/3918 3897/3897/3897
f 3897/3897/3897 3918/3918/3918 3919/3919/3919
f 3897/3897/3897 3919/3919/3919 3898/3898/3898
f 3898/3898/3898 3919/3919/3919 3920/3920/3920
f 3898/3898/3898 3920/3920/3920 3899/3899/3899
f 3899/3899/3899 3920/3920/3920 3921/3921/3921
f 3899/3899/3899 3921/3921/3921 3900/3900/3900
f 3900/3900/3900 3921/3921/3921 3922/3922/3922
f 3900/3900/3900 3922/3922/3922 3901/3901/3901
f 3901/3901/3901 3922/3922/3922 3923/3923/3923
f 3901/3901/3901 3923/3923/3923 3902/3902/3902
f 3902/3902/3902 3923/3923/3923 3924/3924/3924
f 3902/3902/3902 3924/3924/3924 3903/3903/3903
f 3903/3903/3903 3924/3924/3924 3925/3925/3925
f 3903/3903/3903 3925/3925/3925 3904/3904/3904
f 3904/3904/3904 3925/3925/3925 3926/3926/3926
f 3904/3904/3904 3926/3926/3926 3905/3905/3905
f 3905/3905/3905 3926/3926/3926 3927/3927/3927
f 3905/3905/3905 3927/3927/3927 3906/3906/3906
f 3906/3906/3906 3927/3927/3927 3928/3928/3928
f 3906/3906/3906 3928/3928/3928 3907/3907/3907
f 3907/3907/3907 3928/3928/3928 3929/3929/3929
f 3907/3907/3907 3929/3929/3929 3908/3908/3908
f 3908/3908/3908 3929/3929/3929 3930/3930/3930
f 3908/3908/3908 3930/3930/3930 3909/3909/3909
f 3909/3909/3909 3930/3930/3930 3931/3931/3931
f 3909/3909/3909 3931/3931/3931 3910/3910/3910
f 3910/3910/3910 3931/3931/3931 3932/3932/3932
f 3910/3910/3910 3932/3932/3932 3911/3911/3911
f 3911/3911/3911 3932/3932/3932 3933/3933/3933
f 3911/3911/3911 3933/3933/3933 3912/3912/3912
f 3912/3912/3912 3933/3933/3933 3934/3934/3934
f 3912/3912/3912 3934/3934/3934 3913/3913/3913
f 3913/3913/3913 3934/3934/3934 3935/3935/3935
f 3913/3913/3913 3935/3935/3935 3914/3914/3914
f 3914/3914/3914 3935/3935/3935 3936/3936/3936
f 3914/3914/3914 3936/3936/3936 3915/3915/3915
f 3916/3916/3916 3937/3937/3937 3938/3938/3938
f 3916/3916/3916 3938/3938/3938 3917/3917/3917
f 3917/3917/3917 3938/3938/3938 3939/3939/3939
f 3917/3917/3917 3939/3939/3939 3918/3918/3918
f 3918/3918/3918 3939/3939/3939 3940/3940/3940
f 3918/3918/3918 3940/3940/3940 3919/3919/3919
f 3919/3919/3919 3940/3940/3940 3941/3941/3941
f 3919/3919/3919 3941/3941/3941 3920/3920/3920
f 3920/3920/3920 3941/3941/3941 3942/3942/3942
f 3920/3920/3920 3942/3942/3942 3921/3921/3921
f 3921/3921/3921 3942/3942/3942 3943/3943/3943
f 3921/3921/3921 3943/3943/3943 3922/3922/3922
f 3922/3922/3922 3943/3943/3943 3944/3944/3944
f 3922/3922/3922 3944/3944/3944 3923/3923/3923
f 3923/3923/3923 3944/3944/3944 3945/3945/3945
f 3923/3923/3923 3945/3945/3945 3924/3924/3924
f 3924/3924/3924 3945/3945/3945 3946/3946/3946
f 3924/3924/3924 3946/3946/3946 3925/3925/3925
f 3925/3925/3925 3946/3946/3946 3947/3947/3947
f 3925/3925/3925 3947/3947/3947 3926/3926/3926
f 3926/3926/3926 3947/3947/3947 3948/3948/3948
f 3926/3926/3926 3948/3948/3948 3927/3927/3927
f 3927/3927/3927 3948/3948/3948 3949/3949/3949
f 3927/3927/3927 3949/3949/3949 3928/3928/3928
f 3928/3928/3928 3949/3949/3949 3950/3950/3950
f 3928/3928/3928 3950/3950/3950 3929/3929/3929
f 3929/3929/3929 3950/3950/3950 3951/3951/3951
f 3929/3929/3929 3951/3951/3951 3930/3930/3930
f 3930/3930/3930 3951/3951/3951 3952/3952/3952
f 3930/3930/3930 3952/3952/3952 3931/3931/3931
f 3931/3931/3931 3952/3952/3952 3953/3953/3953
f 3931/3931/3931 3953/3953/3953 3932/3932/3932
f 3932/3932/3932 3953/3953/3953 3954/3954/3954
f 3932/3932/3932 3954/3954/3954 3933/3933/3933
f 3933/3933/3933 3954/3954/3954 3955/3955/3955
f 3933/3933/3933 3955/3955/3955 3934/3934/3934
f 3934/3934/3934 3955/3955/3955 3956/3956/3956
f 3934/3934/3934 3956/3956/3956 3935/3935/3935
f 3935/3935/3935 3956/3956/3956 3957/3957/3957
f 3935/3935/3935 3957/3957/3957 3936/3936/3936
f 3937/3937/3937 3958/3958/3958 3959/3959/3959
f 3937/3937/3937 3959/3959/3959 3938/3938/3938
f 3938/3938/3938 3959/3959/3959 3960/3960/3960
f 3938/3938/3938 3960/3960/3960 3939/3939/3939
f 3939/3939/3939 3960/3960/3960 3961/3961/3961
f 3939/3939/3939 3961/3961/3961 3940/3940/3940
f 3940/3940/3940 3961/3961/3961 3962/3962/3962
f 3940/3940/3940 3962/3962/3962 3941/3941/3941
f 3941/3941/3941 3962/3962/3962 3963/3963/3963
f 3941/3941/3941 3963/3963/3963 3942/3942/3942
f 3942/3942/3942 3963/3963/3963 3964/3964/3964
f 3942/3942/3942 3964/3964/3964 3943/3943/3943
f 3943/3943/3943 3964/3964/3964 3965/3965/3965
f 3943/3943/3943 3965/3965/3965 3944/3944/3944
f 3944/3944/3944 3965/3965/3965 3966/3966/3966
f 3944/3944/3944 3966/3966/3966 3945/3945/3945
f 3945/3945/3945 3966/3966/3966 3967/3967/3967
f 3945/3945/3945 3967/3967/3967 3946/3946/3946
f 3946/3946/3946 3967/3967/3967 3968/3968/3968
f 3946/3946/3946 3968/3968/3968 3947/3947/3947
f 3947/3947/3947 3968/3968/3968 3969/3969/3969
f 3947/3947/3947 3969/3969/3969 3948/3948/3948
f 3948/3948/3948 3969/3969/3969 3970/3970/3970
f 3948/3948/3948 3970/3970/3970 3949/3949/3949
f 3949/3949/3949 3970/3970/3970 3971/3971/3971
f 3949/3949/3949 3971/3971/3971 3950/3950/3950
f 3950/3950/3950 3971/3971/3971 3972/3972/3972
f 3950/3950/3950 3972/3972/3972 3951/3951/3951
f 3951/3951/3951 3972/3972/3972 3973/3973/3973
f 3951/3951/3951 3973/3973/3973 3952/3952/3952
f 3952/3952/3952 3973/3973/3973 3974/3974/3974
f 3952/3952/3952 3974/3974/3974 3953/3953/3953
f 3953/3953/3953 3974/3974/3974 3975/3975/3975
f 3953/3953/3953 3975/3975/3975 3954/3954/3954
f 3954/3954/3954 3975/3975/3975 3976/3976/3976
f 3954/3954/3954 3976/3976/3976 3955/3955/3955
f 3955/3955/3955 3976/3976/3976 3977/3977/3977
f 3955/3955/3955 3977/3977/3977 3956/3956/3956
f 3956/3956/3956 3977/3977/3977 3978/3978/3978
f 3956/3956/3956 3978/3978/3978 3957/3957/3957
f 3958/3958/3958 3979/3979/3979 3980/3980/3980
f 3958/3958/3958 3980/3980/3980 3959/3959/3959
f 3959/3959/3959 3980/3980/3980 3981/3981/3981
f 3959/3959/3959 3981/3981/3981 3960/3960/3960
f 3960/3960/3960 3981/3981/3981 3982/3982/3982
f 3960/3960/3960 3982/3982/3982 3961/3961/3961
f 3961/3961/3961 3982/3982/3982 3983/3983/3983
f 3961/3961/3961 3983/3983/3983 3962/3962/3962
f 3962/3962/3962 3983/3983/3983 3984/3984/3984
f 3962/3962/3962 3984/3984/3984 3963/3963/3963
f 3963/3963/3963 3984/3984/3984 3985/3985/3985
f 3963/3963/3963 3985/3985/3985 3964/3964/3964
f 3964/3964/3964 3985/3985/3985 3986/3986/3986
f 3964/3964/3964 3986/3986/3986 3965/3965/3965
f 3965/3965/3965 3986/3986/3986 3987/3987/3987
f 3965/3965/3965 3987/3987/3987 3966/3966/3966
f 3966/3966/3966 3987/3987/3987 3988/3988/3988
f 3966/3966/3966 3988/3988/3988 3967/3967/3967
f 3967/3967/3967 3988/3988/3988 3989/3989/3989
f 3967/3967/3967 3989/3989/3989 3968/3968/3968
f 3968/3968/3968 3989/3989/3989 3990/3990/3990
f 3968/3968/3968 3990/3990/3990 3969/3969/3969
f 3969/3969/3969 3990/3990/3990 3991/3991/3991
f 3969/3969/3969 3991/3991/3991 3970/3970/3970
f 3970/3970/3970 3991/3991/3991 3992/3992/3992
f 3970/3970/3970 3992/3992/3992 3971/3971/3971
f 3971/3971/3971 3992/3992/3992 3993/3993/3993
f 3971/3971/3971 3993/3993/3993 3972/3972/3972
f 3972/3972/3972 3993/3993/3993 3994/3994/3994
f 3972/3972/3972 3994/3994/3994 3973/3973/3973
f 3973/3973/3973 3994/3994/3994 3995/3995/3995
f 3973/3973/3973 3995/3995/3995 3974/3974/3974
f 3974/3974/3974 3995/3995/3995 3996/3996/3996
f 3974/3974/3974 3996/3996/3996 3975/3975/3975
f 3975/3975/3975 3996/3996/3996 3997/3997/3997
f 3975/3975/3975 3997/3997/3997 3976/3976/3976
f 3976/3976/3976 3997/3997/3997 3998/3998/3998
f 3976/3976/3976 3998/3998/3998 3977/3977/3977
f 3977/3977/3977 3998/3998/3998 3999/3999/3999
f 3977/3977/3977 3999/3999/3999 3978/3978/3978
f 3979/3979/3979 4000/4000/4000 4001/4001/4001
f 3979/3979/3979 4001/4001/4001 3980/3980/3980
f 3980/3980/3980 4001/4001/4001 4002/4002/4002
f 3980/3980/3980 4002/4002/4002 3981/3981/3981
f 3981/3981/3981 4002/4002/4002 4003/4003/4003
f 3981/3981/3981 4003/4003/4003 3982/3982/3982
f 3982/3982/3982 4003/4003/4003 4004/4004/4004
f 3982/3982/3982 4004/4004/4004 3983/3983/3983
f 3983/3983/3983 4004/4004/4004 4005/4005/4005
f 3983/3983/3983 4005/4005/4005 3984/3984/3984
f 3984/3984/3984 4005/4005/4005 4006/4006/4006
f 3984/3984/3984 4006/4006/4006 3985/3985/3985
f 3985/3985/3985 4006/4006/4006 4007/4007/4007
f 3985/3985/3985 4007/4007/4007 3986/3986/3986
f 3986/3986/3986 4007/4007/4007 4008/4008/4008
f 3986/3986/3986 4008/4008/4008 3987/3987/3987
f 3987/3987/3987 4008/4008/4008 4009/4009/4009
f 3987/3987/3987 4009/4009/4009 3988/3988/3988
f 3988/3988/3988 4009/4009/4009 4010/4010/4010
f 3988/3988/3988 4010/4010/4010 3989/3989/3989
f 3989/3989/3989 4010/4010/4010 4011/4011/4011
f 3989/3989/3989 4011/4011/4011 3990/3990/3990
f 3990/3990/3990 4011/4011/4011 4012/4012/4012
f 3990/3990/3990 4012/4012/4012 3991/3991/3991
f 3991/3991/3991 4012/4012/4012 4013/4013/4013
f 3991/3991/3991 4013/4013/4013 3992/3992/3992
f 3992/3992/3992 4013/4013/4013 4014/4014/4014
f 3992/3992/3992 4014/4014/4014 3993/3993/3993
f 3993/3993/3993 4014/4014/4014 4015/4015/4015
f 3993/3993/3993 4015/4015/4015 3994/3994/3994
f 3994/3994/3994 4015/4015/4015 4016/4016/4016
f 3994/3994/3994 4016/4016/4016 3995/3995/3995
f 3995/3995/3995 4016/4016/4016 4017/4017/4017
f 3995/3995/3995 4017/4017/4017 3996/3996/3996
f 3996/3996/3996 4017/4017/4017 4018/4018/4018
f 3996/3996/3996 4018/4018/4018 3997/3997/3997
f 3997/3997/3997 4018/4018/4018 4019/4019/4019
f 3997/3997/3997 4019/4019/4019 3998/3998/3998
f 3998/3998/3998 4019/4019/4019 4020/4020/4020
f 3998/3998/3998 4020/4020/4020 3999/3999/3999
