# procedural asset
v -0.05200 0.00000 0.00000
v -0.05200 0.00000 0.02250
v -0.05200 0.00000 0.04500
v -0.05200 0.00000 0.06750
v -0.05200 0.00000 0.09000
v -0.04685 0.02256 0.00000
v -0.04685 0.02256 0.02250
v -0.04685 0.02256 0.04500
v -0.04685 0.02256 0.06750
v -0.04685 0.02256 0.09000
v -0.03242 0.04066 0.00000
v -0.03242 0.04066 0.02250
v -0.03242 0.04066 0.04500
v -0.03242 0.04066 0.06750
v -0.03242 0.04066 0.09000
v -0.01157 0.05070 0.00000
v -0.01157 0.05070 0.02250
v -0.01157 0.05070 0.04500
v -0.01157 0.05070 0.06750
v -0.01157 0.05070 0.09000
v 0.01157 0.05070 0.00000
v 0.01157 0.05070 0.02250
v 0.01157 0.05070 0.04500
v 0.01157 0.05070 0.06750
v 0.01157 0.05070 0.09000
v 0.03242 0.04066 0.00000
v 0.03242 0.04066 0.02250
v 0.03242 0.04066 0.04500
v 0.03242 0.04066 0.06750
v 0.03242 0.04066 0.09000
v 0.04685 0.02256 0.00000
v 0.04685 0.02256 0.02250
v 0.04685 0.02256 0.04500
v 0.04685 0.02256 0.06750
v 0.04685 0.02256 0.09000
v 0.05200 0.00000 0.00000
v 0.05200 0.00000 0.02250
v 0.05200 0.00000 0.04500
v 0.05200 0.00000 0.06750
v 0.05200 0.00000 0.09000
v 0.04685 -0.02256 0.00000
v 0.04685 -0.02256 0.02250
v 0.04685 -0.02256 0.04500
v 0.04685 -0.02256 0.06750
v 0.04685 -0.02256 0.09000
v 0.03242 -0.04066 0.00000
v 0.03242 -0.04066 0.02250
v 0.03242 -0.04066 0.04500
v 0.03242 -0.04066 0.06750
v 0.03242 -0.04066 0.09000
v 0.01157 -0.05070 0.00000
v 0.01157 -0.05070 0.02250
v 0.01157 -0.05070 0.04500
v 0.01157 -0.05070 0.06750
v 0.01157 -0.05070 0.09000
v -0.01157 -0.05070 0.00000
v -0.01157 -0.05070 0.02250
v -0.01157 -0.05070 0.04500
v -0.01157 -0.05070 0.06750
v -0.01157 -0.05070 0.09000
v -0.03242 -0.04066 0.00000
v -0.03242 -0.04066 0.02250
v -0.03242 -0.04066 0.04500
v -0.03242 -0.04066 0.06750
v -0.03242 -0.04066 0.09000
v -0.04685 -0.02256 0.00000
v -0.04685 -0.02256 0.02250
v -0.04685 -0.02256 0.04500
v -0.04685 -0.02256 0.06750
v -0.04685 -0.02256 0.09000
v -0.05200 -0.00000 0.00000
v -0.05200 -0.00000 0.02250
v -0.05200 -0.00000 0.04500
v -0.05200 -0.00000 0.06750
v -0.05200 -0.00000 0.09000
v 0.00000 0.05500 0.10000
v 0.00860 0.05432 0.10000
v 0.01700 0.05231 0.10000
v 0.02497 0.04901 0.10000
v 0.03233 0.04450 0.10000
v 0.03889 0.03889 0.10000
v 0.04450 0.03233 0.10000
v 0.04901 0.02497 0.10000
v 0.05231 0.01700 0.10000
v 0.05432 0.00860 0.10000
v 0.05500 0.00000 0.10000
v 0.05432 -0.00860 0.10000
v 0.05231 -0.01700 0.10000
v 0.04901 -0.02497 0.10000
v 0.04450 -0.03233 0.10000
v 0.03889 -0.03889 0.10000
v 0.03233 -0.04450 0.10000
v 0.02497 -0.04901 0.10000
v 0.01700 -0.05231 0.10000
v 0.00860 -0.05432 0.10000
v 0.00000 -0.05500 0.10000
v 0.00000 0.05500 0.10000
v 0.00842 0.05432 0.10098
v 0.01662 0.05231 0.10193
v 0.02442 0.04901 0.10283
v 0.03162 0.04450 0.10367
v 0.03804 0.03889 0.10441
v 0.04352 0.03233 0.10505
v 0.04793 0.02497 0.10556
v 0.05117 0.01700 0.10593
v 0.05314 0.00860 0.10616
v 0.05380 0.00000 0.10624
v 0.05314 -0.00860 0.10616
v 0.05117 -0.01700 0.10593
v 0.04793 -0.02497 0.10556
v 0.04352 -0.03233 0.10505
v 0.03804 -0.03889 0.10441
v 0.03162 -0.04450 0.10367
v 0.02442 -0.04901 0.10283
v 0.01662 -0.05231 0.10193
v 0.00842 -0.05432 0.10098
v 0.00000 -0.05500 0.10000
v 0.00000 0.05500 0.10000
v 0.00786 0.05432 0.10191
v 0.01553 0.05231 0.10377
v 0.02281 0.04901 0.10554
v 0.02953 0.04450 0.10717
v 0.03553 0.03889 0.10863
v 0.04065 0.03233 0.10987
v 0.04477 0.02497 0.11087
v 0.04779 0.01700 0.11160
v 0.04963 0.00860 0.11205
v 0.05025 0.00000 0.11220
v 0.04963 -0.00860 0.11205
v 0.04779 -0.01700 0.11160
v 0.04477 -0.02497 0.11087
v 0.04065 -0.03233 0.10987
v 0.03553 -0.03889 0.10863
v 0.02953 -0.04450 0.10717
v 0.02281 -0.04901 0.10554
v 0.01553 -0.05231 0.10377
v 0.00786 -0.05432 0.10191
v 0.00000 -0.05500 0.10000
v 0.00000 0.05500 0.10000
v 0.00696 0.05432 0.10276
v 0.01375 0.05231 0.10545
v 0.02020 0.04901 0.10801
v 0.02615 0.04450 0.11036
v 0.03146 0.03889 0.11247
v 0.03600 0.03233 0.11427
v 0.03965 0.02497 0.11571
v 0.04232 0.01700 0.11677
v 0.04395 0.00860 0.11742
v 0.04450 0.00000 0.11763
v 0.04395 -0.00860 0.11742
v 0.04232 -0.01700 0.11677
v 0.03965 -0.02497 0.11571
v 0.03600 -0.03233 0.11427
v 0.03146 -0.03889 0.11247
v 0.02615 -0.04450 0.11036
v 0.02020 -0.04901 0.10801
v 0.01375 -0.05231 0.10545
v 0.00696 -0.05432 0.10276
v 0.00000 -0.05500 0.10000
v 0.00000 0.05500 0.10000
v 0.00576 0.05432 0.10349
v 0.01137 0.05231 0.10689
v 0.01671 0.04901 0.11012
v 0.02163 0.04450 0.11310
v 0.02602 0.03889 0.11576
v 0.02977 0.03233 0.11804
v 0.03279 0.02497 0.11986
v 0.03500 0.01700 0.12120
v 0.03635 0.00860 0.12202
v 0.03680 0.00000 0.12229
v 0.03635 -0.00860 0.12202
v 0.03500 -0.01700 0.12120
v 0.03279 -0.02497 0.11986
v 0.02977 -0.03233 0.11804
v 0.02602 -0.03889 0.11576
v 0.02163 -0.04450 0.11310
v 0.01671 -0.04901 0.11012
v 0.01137 -0.05231 0.10689
v 0.00576 -0.05432 0.10349
v 0.00000 -0.05500 0.10000
v 0.00000 0.05500 0.10000
v 0.00430 0.05432 0.10406
v 0.00850 0.05231 0.10803
v 0.01248 0.04901 0.11180
v 0.01616 0.04450 0.11527
v 0.01945 0.03889 0.11837
v 0.02225 0.03233 0.12102
v 0.02450 0.02497 0.12315
v 0.02615 0.01700 0.12471
v 0.02716 0.00860 0.12566
v 0.02750 0.00000 0.12598
v 0.02716 -0.00860 0.12566
v 0.02615 -0.01700 0.12471
v 0.02450 -0.02497 0.12315
v 0.02225 -0.03233 0.12102
v 0.01945 -0.03889 0.11837
v 0.01616 -0.04450 0.11527
v 0.01248 -0.04901 0.11180
v 0.00850 -0.05231 0.10803
v 0.00430 -0.05432 0.10406
v 0.00000 -0.05500 0.10000
v 0.00000 0.05500 0.10000
v 0.00266 0.05432 0.10446
v 0.00525 0.05231 0.10882
v 0.00772 0.04901 0.11295
v 0.00999 0.04450 0.11677
v 0.01202 0.03889 0.12017
v 0.01375 0.03233 0.12308
v 0.01514 0.02497 0.12542
v 0.01616 0.01700 0.12714
v 0.01679 0.00860 0.12818
v 0.01700 0.00000 0.12853
v 0.01679 -0.00860 0.12818
v 0.01616 -0.01700 0.12714
v 0.01514 -0.02497 0.12542
v 0.01375 -0.03233 0.12308
v 0.01202 -0.03889 0.12017
v 0.00999 -0.04450 0.11677
v 0.00772 -0.04901 0.11295
v 0.00525 -0.05231 0.10882
v 0.00266 -0.05432 0.10446
v 0.00000 -0.05500 0.10000
v 0.00000 0.05500 0.10000
v 0.00090 0.05432 0.10467
v 0.00178 0.05231 0.10922
v 0.00261 0.04901 0.11355
v 0.00338 0.04450 0.11754
v 0.00407 0.03889 0.12110
v 0.00465 0.03233 0.12414
v 0.00512 0.02497 0.12658
v 0.00547 0.01700 0.12838
v 0.00568 0.00860 0.12947
v 0.00575 0.00000 0.12984
v 0.00568 -0.00860 0.12947
v 0.00547 -0.01700 0.12838
v 0.00512 -0.02497 0.12658
v 0.00465 -0.03233 0.12414
v 0.00407 -0.03889 0.12110
v 0.00338 -0.04450 0.11754
v 0.00261 -0.04901 0.11355
v 0.00178 -0.05231 0.10922
v 0.00090 -0.05432 0.10467
v 0.00000 -0.05500 0.10000
v 0.00000 0.05500 0.10000
v -0.00090 0.05432 0.10467
v -0.00178 0.05231 0.10922
v -0.00261 0.04901 0.11355
v -0.00338 0.04450 0.11754
v -0.00407 0.03889 0.12110
v -0.00465 0.03233 0.12414
v -0.00512 0.02497 0.12658
v -0.00547 0.01700 0.12838
v -0.00568 0.00860 0.12947
v -0.00575 0.00000 0.12984
v -0.00568 -0.00860 0.12947
v -0.00547 -0.01700 0.12838
v -0.00512 -0.02497 0.12658
v -0.00465 -0.03233 0.12414
v -0.00407 -0.03889 0.12110
v -0.00338 -0.04450 0.11754
v -0.00261 -0.04901 0.11355
v -0.00178 -0.05231 0.10922
v -0.00090 -0.05432 0.10467
v -0.00000 -0.05500 0.10000
v 0.00000 0.05500 0.10000
v -0.00266 0.05432 0.10446
v -0.00525 0.05231 0.10882
v -0.00772 0.04901 0.11295
v -0.00999 0.04450 0.11677
v -0.01202 0.03889 0.12017
v -0.01375 0.03233 0.12308
v -0.01514 0.02497 0.12542
v -0.01616 0.01700 0.12714
v -0.01679 0.00860 0.12818
v -0.01700 0.00000 0.12853
v -0.01679 -0.00860 0.12818
v -0.01616 -0.01700 0.12714
v -0.01514 -0.02497 0.12542
v -0.01375 -0.03233 0.12308
v -0.01202 -0.03889 0.12017
v -0.00999 -0.04450 0.11677
v -0.00772 -0.04901 0.11295
v -0.00525 -0.05231 0.10882
v -0.00266 -0.05432 0.10446
v -0.00000 -0.05500 0.10000
v 0.00000 0.05500 0.10000
v -0.00430 0.05432 0.10406
v -0.00850 0.05231 0.10803
v -0.01248 0.04901 0.11180
v -0.01616 0.04450 0.11527
v -0.01945 0.03889 0.11837
v -0.02225 0.03233 0.12102
v -0.02450 0.02497 0.12315
v -0.02615 0.01700 0.12471
v -0.02716 0.00860 0.12566
v -0.02750 0.00000 0.12598
v -0.02716 -0.00860 0.12566
v -0.02615 -0.01700 0.12471
v -0.02450 -0.02497 0.12315
v -0.02225 -0.03233 0.12102
v -0.01945 -0.03889 0.11837
v -0.01616 -0.04450 0.11527
v -0.01248 -0.04901 0.11180
v -0.00850 -0.05231 0.10803
v -0.00430 -0.05432 0.10406
v -0.00000 -0.05500 0.10000
v 0.00000 0.05500 0.10000
v -0.00576 0.05432 0.10349
v -0.01137 0.05231 0.10689
v -0.01671 0.04901 0.11012
v -0.02163 0.04450 0.11310
v -0.02602 0.03889 0.11576
v -0.02977 0.03233 0.11804
v -0.03279 0.02497 0.11986
v -0.03500 0.01700 0.12120
v -0.03635 0.00860 0.12202
v -0.03680 0.00000 0.12229
v -0.03635 -0.00860 0.12202
v -0.03500 -0.01700 0.12120
v -0.03279 -0.02497 0.11986
v -0.02977 -0.03233 0.11804
v -0.02602 -0.03889 0.11576
v -0.02163 -0.04450 0.11310
v -0.01671 -0.04901 0.11012
v -0.01137 -0.05231 0.10689
v -0.00576 -0.05432 0.10349
v -0.00000 -0.05500 0.10000
v 0.00000 0.05500 0.10000
v -0.00696 0.05432 0.10276
v -0.01375 0.05231 0.10545
v -0.02020 0.04901 0.10801
v -0.02615 0.04450 0.11036
v -0.03146 0.03889 0.11247
v -0.03600 0.03233 0.11427
v -0.03965 0.02497 0.11571
v -0.04232 0.01700 0.11677
v -0.04395 0.00860 0.11742
v -0.04450 0.00000 0.11763
v -0.04395 -0.00860 0.11742
v -0.04232 -0.01700 0.11677
v -0.03965 -0.02497 0.11571
v -0.03600 -0.03233 0.11427
v -0.03146 -0.03889 0.11247
v -0.02615 -0.04450 0.11036
v -0.02020 -0.04901 0.10801
v -0.01375 -0.05231 0.10545
v -0.00696 -0.05432 0.10276
v -0.00000 -0.05500 0.10000
v 0.00000 0.05500 0.10000
v -0.00786 0.05432 0.10191
v -0.01553 0.05231 0.10377
v -0.02281 0.04901 0.10554
v -0.02953 0.04450 0.10717
v -0.03553 0.03889 0.10863
v -0.04065 0.03233 0.10987
v -0.04477 0.02497 0.11087
v -0.04779 0.01700 0.11160
v -0.04963 0.00860 0.11205
v -0.05025 0.00000 0.11220
v -0.04963 -0.00860 0.11205
v -0.04779 -0.01700 0.11160
v -0.04477 -0.02497 0.11087
v -0.04065 -0.03233 0.10987
v -0.03553 -0.03889 0.10863
v -0.02953 -0.04450 0.10717
v -0.02281 -0.04901 0.10554
v -0.01553 -0.05231 0.10377
v -0.00786 -0.05432 0.10191
v -0.00000 -0.05500 0.10000
v 0.00000 0.05500 0.10000
v -0.00842 0.05432 0.10098
v -0.01662 0.05231 0.10193
v -0.02442 0.04901 0.10283
v -0.03162 0.04450 0.10367
v -0.03804 0.03889 0.10441
v -0.04352 0.03233 0.10505
v -0.04793 0.02497 0.10556
v -0.05117 0.01700 0.10593
v -0.05314 0.00860 0.10616
v -0.05380 0.00000 0.10624
v -0.05314 -0.00860 0.10616
v -0.05117 -0.01700 0.10593
v -0.04793 -0.02497 0.10556
v -0.04352 -0.03233 0.10505
v -0.03804 -0.03889 0.10441
v -0.03162 -0.04450 0.10367
v -0.02442 -0.04901 0.10283
v -0.01662 -0.05231 0.10193
v -0.00842 -0.05432 0.10098
v -0.00000 -0.05500 0.10000
v 0.00000 0.05500 0.10000
v -0.00860 0.05432 0.10000
v -0.01700 0.05231 0.10000
v -0.02497 0.04901 0.10000
v -0.03233 0.04450 0.10000
v -0.03889 0.03889 0.10000
v -0.04450 0.03233 0.10000
v -0.04901 0.02497 0.10000
v -0.05231 0.01700 0.10000
v -0.05432 0.00860 0.10000
v -0.05500 0.00000 0.10000
v -0.05432 -0.00860 0.10000
v -0.05231 -0.01700 0.10000
v -0.04901 -0.02497 0.10000
v -0.04450 -0.03233 0.10000
v -0.03889 -0.03889 0.10000
v -0.03233 -0.04450 0.10000
v -0.02497 -0.04901 0.10000
v -0.01700 -0.05231 0.10000
v -0.00860 -0.05432 0.10000
v -0.00000 -0.05500 0.10000
v 0.00000 0.05500 0.10000
v -0.00842 0.05432 0.09902
v -0.01662 0.05231 0.09807
v -0.02442 0.04901 0.09717
v -0.03162 0.04450 0.09633
v -0.03804 0.03889 0.09559
v -0.04352 0.03233 0.09495
v -0.04793 0.02497 0.09444
v -0.05117 0.01700 0.09407
v -0.05314 0.00860 0.09384
v -0.05380 0.00000 0.09376
v -0.05314 -0.00860 0.09384
v -0.05117 -0.01700 0.09407
v -0.04793 -0.02497 0.09444
v -0.04352 -0.03233 0.09495
v -0.03804 -0.03889 0.09559
v -0.03162 -0.04450 0.09633
v -0.02442 -0.04901 0.09717
v -0.01662 -0.05231 0.09807
v -0.00842 -0.05432 0.09902
v -0.00000 -0.05500 0.10000
v 0.00000 0.05500 0.10000
v -0.00786 0.05432 0.09809
v -0.01553 0.05231 0.09623
v -0.02281 0.04901 0.09446
v -0.02953 0.04450 0.09283
v -0.03553 0.03889 0.09137
v -0.04065 0.03233 0.09013
v -0.04477 0.02497 0.08913
v -0.04779 0.01700 0.08840
v -0.04963 0.00860 0.08795
v -0.05025 0.00000 0.08780
v -0.04963 -0.00860 0.08795
v -0.04779 -0.01700 0.08840
v -0.04477 -0.02497 0.08913
v -0.04065 -0.03233 0.09013
v -0.03553 -0.03889 0.09137
v -0.02953 -0.04450 0.09283
v -0.02281 -0.04901 0.09446
v -0.01553 -0.05231 0.09623
v -0.00786 -0.05432 0.09809
v -0.00000 -0.05500 0.10000
v 0.00000 0.05500 0.10000
v -0.00696 0.05432 0.09724
v -0.01375 0.05231 0.09455
v -0.02020 0.04901 0.09199
v -0.02615 0.04450 0.08964
v -0.03146 0.03889 0.08753
v -0.03600 0.03233 0.08573
v -0.03965 0.02497 0.08429
v -0.04232 0.01700 0.08323
v -0.04395 0.00860 0.08258
v -0.04450 0.00000 0.08237
v -0.04395 -0.00860 0.08258
v -0.04232 -0.01700 0.08323
v -0.03965 -0.02497 0.08429
v -0.03600 -0.03233 0.08573
v -0.03146 -0.03889 0.08753
v -0.02615 -0.04450 0.08964
v -0.02020 -0.04901 0.09199
v -0.01375 -0.05231 0.09455
v -0.00696 -0.05432 0.09724
v -0.00000 -0.05500 0.10000
v 0.00000 0.05500 0.10000
v -0.00576 0.05432 0.09651
v -0.01137 0.05231 0.09311
v -0.01671 0.04901 0.08988
v -0.02163 0.04450 0.08690
v -0.02602 0.03889 0.08424
v -0.02977 0.03233 0.08196
v -0.03279 0.02497 0.08014
v -0.03500 0.01700 0.07880
v -0.03635 0.00860 0.07798
v -0.03680 0.00000 0.07771
v -0.03635 -0.00860 0.07798
v -0.03500 -0.01700 0.07880
v -0.03279 -0.02497 0.08014
v -0.02977 -0.03233 0.08196
v -0.02602 -0.03889 0.08424
v -0.02163 -0.04450 0.08690
v -0.01671 -0.04901 0.08988
v -0.01137 -0.05231 0.09311
v -0.00576 -0.05432 0.09651
v -0.00000 -0.05500 0.10000
v 0.00000 0.05500 0.10000
v -0.00430 0.05432 0.09594
v -0.00850 0.05231 0.09197
v -0.01248 0.04901 0.08820
v -0.01616 0.04450 0.08473
v -0.01945 0.03889 0.08163
v -0.02225 0.03233 0.07898
v -0.02450 0.02497 0.07685
v -0.02615 0.01700 0.07529
v -0.02716 0.00860 0.07434
v -0.02750 0.00000 0.07402
v -0.02716 -0.00860 0.07434
v -0.02615 -0.01700 0.07529
v -0.02450 -0.02497 0.07685
v -0.02225 -0.03233 0.07898
v -0.01945 -0.03889 0.08163
v -0.01616 -0.04450 0.08473
v -0.01248 -0.04901 0.08820
v -0.00850 -0.05231 0.09197
v -0.00430 -0.05432 0.09594
v -0.00000 -0.05500 0.10000
v 0.00000 0.05500 0.10000
v -0.00266 0.05432 0.09554
v -0.00525 0.05231 0.09118
v -0.00772 0.04901 0.08705
v -0.00999 0.04450 0.08323
v -0.01202 0.03889 0.07983
v -0.01375 0.03233 0.07692
v -0.01514 0.02497 0.07458
v -0.01616 0.01700 0.07286
v -0.01679 0.00860 0.07182
v -0.01700 0.00000 0.07147
v -0.01679 -0.00860 0.07182
v -0.01616 -0.01700 0.07286
v -0.01514 -0.02497 0.07458
v -0.01375 -0.03233 0.07692
v -0.01202 -0.03889 0.07983
v -0.00999 -0.04450 0.08323
v -0.00772 -0.04901 0.08705
v -0.00525 -0.05231 0.09118
v -0.00266 -0.05432 0.09554
v -0.00000 -0.05500 0.10000
v 0.00000 0.05500 0.10000
v -0.00090 0.05432 0.09533
v -0.00178 0.05231 0.09078
v -0.00261 0.04901 0.08645
v -0.00338 0.04450 0.08246
v -0.00407 0.03889 0.07890
v -0.00465 0.03233 0.07586
v -0.00512 0.02497 0.07342
v -0.00547 0.01700 0.07162
v -0.00568 0.00860 0.07053
v -0.00575 0.00000 0.07016
v -0.00568 -0.00860 0.07053
v -0.00547 -0.01700 0.07162
v -0.00512 -0.02497 0.07342
v -0.00465 -0.03233 0.07586
v -0.00407 -0.03889 0.07890
v -0.00338 -0.04450 0.08246
v -0.00261 -0.04901 0.08645
v -0.00178 -0.05231 0.09078
v -0.00090 -0.05432 0.09533
v -0.00000 -0.05500 0.10000
v 0.00000 0.05500 0.10000
v 0.00090 0.05432 0.09533
v 0.00178 0.05231 0.09078
v 0.00261 0.04901 0.08645
v 0.00338 0.04450 0.08246
v 0.00407 0.03889 0.07890
v 0.00465 0.03233 0.07586
v 0.00512 0.02497 0.07342
v 0.00547 0.01700 0.07162
v 0.00568 0.00860 0.07053
v 0.00575 0.00000 0.07016
v 0.00568 -0.00860 0.07053
v 0.00547 -0.01700 0.07162
v 0.00512 -0.02497 0.07342
v 0.00465 -0.03233 0.07586
v 0.00407 -0.03889 0.07890
v 0.00338 -0.04450 0.08246
v 0.00261 -0.04901 0.08645
v 0.00178 -0.05231 0.09078
v 0.00090 -0.05432 0.09533
v 0.00000 -0.05500 0.10000
v 0.00000 0.05500 0.10000
v 0.00266 0.05432 0.09554
v 0.00525 0.05231 0.09118
v 0.00772 0.04901 0.08705
v 0.00999 0.04450 0.08323
v 0.01202 0.03889 0.07983
v 0.01375 0.03233 0.07692
v 0.01514 0.02497 0.07458
v 0.01616 0.01700 0.07286
v 0.01679 0.00860 0.07182
v 0.01700 0.00000 0.07147
v 0.01679 -0.00860 0.07182
v 0.01616 -0.01700 0.07286
v 0.01514 -0.02497 0.07458
v 0.01375 -0.03233 0.07692
v 0.01202 -0.03889 0.07983
v 0.00999 -0.04450 0.08323
v 0.00772 -0.04901 0.08705
v 0.00525 -0.05231 0.09118
v 0.00266 -0.05432 0.09554
v 0.00000 -0.05500 0.10000
v 0.00000 0.05500 0.10000
v 0.00430 0.05432 0.09594
v 0.00850 0.05231 0.09197
v 0.01248 0.04901 0.08820
v 0.01616 0.04450 0.08473
v 0.01945 0.03889 0.08163
v 0.02225 0.03233 0.07898
v 0.02450 0.02497 0.07685
v 0.02615 0.01700 0.07529
v 0.02716 0.00860 0.07434
v 0.02750 0.00000 0.07402
v 0.02716 -0.00860 0.07434
v 0.02615 -0.01700 0.07529
v 0.02450 -0.02497 0.07685
v 0.02225 -0.03233 0.07898
v 0.01945 -0.03889 0.08163
v 0.01616 -0.04450 0.08473
v 0.01248 -0.04901 0.08820
v 0.00850 -0.05231 0.09197
v 0.00430 -0.05432 0.09594
v 0.00000 -0.05500 0.10000
v 0.00000 0.05500 0.10000
v 0.00576 0.05432 0.09651
v 0.01137 0.05231 0.09311
v 0.01671 0.04901 0.08988
v 0.02163 0.04450 0.08690
v 0.02602 0.03889 0.08424
v 0.02977 0.03233 0.08196
v 0.03279 0.02497 0.08014
v 0.03500 0.01700 0.07880
v 0.03635 0.00860 0.07798
v 0.03680 0.00000 0.07771
v 0.03635 -0.00860 0.07798
v 0.03500 -0.01700 0.07880
v 0.03279 -0.02497 0.08014
v 0.02977 -0.03233 0.08196
v 0.02602 -0.03889 0.08424
v 0.02163 -0.04450 0.08690
v 0.01671 -0.04901 0.08988
v 0.01137 -0.05231 0.09311
v 0.00576 -0.05432 0.09651
v 0.00000 -0.05500 0.10000
v 0.00000 0.05500 0.10000
v 0.00696 0.05432 0.09724
v 0.01375 0.05231 0.09455
v 0.02020 0.04901 0.09199
v 0.02615 0.04450 0.08964
v 0.03146 0.03889 0.08753
v 0.03600 0.03233 0.08573
v 0.03965 0.02497 0.08429
v 0.04232 0.01700 0.08323
v 0.04395 0.00860 0.08258
v 0.04450 0.00000 0.08237
v 0.04395 -0.00860 0.08258
v 0.04232 -0.01700 0.08323
v 0.03965 -0.02497 0.08429
v 0.03600 -0.03233 0.08573
v 0.03146 -0.03889 0.08753
v 0.02615 -0.04450 0.08964
v 0.02020 -0.04901 0.09199
v 0.01375 -0.05231 0.09455
v 0.00696 -0.05432 0.09724
v 0.00000 -0.05500 0.10000
v 0.00000 0.05500 0.10000
v 0.00786 0.05432 0.09809
v 0.01553 0.05231 0.09623
v 0.02281 0.04901 0.09446
v 0.02953 0.04450 0.09283
v 0.03553 0.03889 0.09137
v 0.04065 0.03233 0.09013
v 0.04477 0.02497 0.08913
v 0.04779 0.01700 0.08840
v 0.04963 0.00860 0.08795
v 0.05025 0.00000 0.08780
v 0.04963 -0.00860 0.08795
v 0.04779 -0.01700 0.08840
v 0.04477 -0.02497 0.08913
v 0.04065 -0.03233 0.09013
v 0.03553 -0.03889 0.09137
v 0.02953 -0.04450 0.09283
v 0.02281 -0.04901 0.09446
v 0.01553 -0.05231 0.09623
v 0.00786 -0.05432 0.09809
v 0.00000 -0.05500 0.10000
v 0.00000 0.05500 0.10000
v 0.00842 0.05432 0.09902
v 0.01662 0.05231 0.09807
v 0.02442 0.04901 0.09717
v 0.03162 0.04450 0.09633
v 0.03804 0.03889 0.09559
v 0.04352 0.03233 0.09495
v 0.04793 0.02497 0.09444
v 0.05117 0.01700 0.09407
v 0.05314 0.00860 0.09384
v 0.05380 0.00000 0.09376
v 0.05314 -0.00860 0.09384
v 0.05117 -0.01700 0.09407
v 0.04793 -0.02497 0.09444
v 0.04352 -0.03233 0.09495
v 0.03804 -0.03889 0.09559
v 0.03162 -0.04450 0.09633
v 0.02442 -0.04901 0.09717
v 0.01662 -0.05231 0.09807
v 0.00842 -0.05432 0.09902
v 0.00000 -0.05500 0.10000
v 0.00000 0.05500 0.10000
v 0.00860 0.05432 0.10000
v 0.01700 0.05231 0.10000
v 0.02497 0.04901 0.10000
v 0.03233 0.04450 0.10000
v 0.03889 0.03889 0.10000
v 0.04450 0.03233 0.10000
v 0.04901 0.02497 0.10000
v 0.05231 0.01700 0.10000
v 0.05432 0.00860 0.10000
v 0.05500 0.00000 0.10000
v 0.05432 -0.00860 0.10000
v 0.05231 -0.01700 0.10000
v 0.04901 -0.02497 0.10000
v 0.04450 -0.03233 0.10000
v 0.03889 -0.03889 0.10000
v 0.03233 -0.04450 0.10000
v 0.02497 -0.04901 0.10000
v 0.01700 -0.05231 0.10000
v 0.00860 -0.05432 0.10000
v 0.00000 -0.05500 0.10000
vt 0.00000 0.00000
vt 0.00000 0.25000
vt 0.00000 0.50000
vt 0.00000 0.75000
vt 0.00000 1.00000
vt 0.07143 0.00000
vt 0.07143 0.25000
vt 0.07143 0.50000
vt 0.07143 0.75000
vt 0.07143 1.00000
vt 0.14286 0.00000
vt 0.14286 0.25000
vt 0.14286 0.50000
vt 0.14286 0.75000
vt 0.14286 1.00000
vt 0.21429 0.00000
vt 0.21429 0.25000
vt 0.21429 0.50000
vt 0.21429 0.75000
vt 0.21429 1.00000
vt 0.28571 0.00000
vt 0.28571 0.25000
vt 0.28571 0.50000
vt 0.28571 0.75000
vt 0.28571 1.00000
vt 0.35714 0.00000
vt 0.35714 0.25000
vt 0.35714 0.50000
vt 0.35714 0.75000
vt 0.35714 1.00000
vt 0.42857 0.00000
vt 0.42857 0.25000
vt 0.42857 0.50000
vt 0.42857 0.75000
vt 0.42857 1.00000
vt 0.50000 0.00000
vt 0.50000 0.25000
vt 0.50000 0.50000
vt 0.50000 0.75000
vt 0.50000 1.00000
vt 0.57143 0.00000
vt 0.57143 0.25000
vt 0.57143 0.50000
vt 0.57143 0.75000
vt 0.57143 1.00000
vt 0.64286 0.00000
vt 0.64286 0.25000
vt 0.64286 0.50000
vt 0.64286 0.75000
vt 0.64286 1.00000
vt 0.71429 0.00000
vt 0.71429 0.25000
vt 0.71429 0.50000
vt 0.71429 0.75000
vt 0.71429 1.00000
vt 0.78571 0.00000
vt 0.78571 0.25000
vt 0.78571 0.50000
vt 0.78571 0.75000
vt 0.78571 1.00000
vt 0.85714 0.00000
vt 0.85714 0.25000
vt 0.85714 0.50000
vt 0.85714 0.75000
vt 0.85714 1.00000
vt 0.92857 0.00000
vt 0.92857 0.25000
vt 0.92857 0.50000
vt 0.92857 0.75000
vt 0.92857 1.00000
vt 1.00000 0.00000
vt 1.00000 0.25000
vt 1.00000 0.50000
vt 1.00000 0.75000
vt 1.00000 1.00000
vt 0.00000 0.00000
vt 0.00000 0.05000
vt 0.00000 0.10000
vt 0.00000 0.15000
vt 0.00000 0.20000
vt 0.00000 0.25000
vt 0.00000 0.30000
vt 0.00000 0.35000
vt 0.00000 0.40000
vt 0.00000 0.45000
vt 0.00000 0.50000
vt 0.00000 0.55000
vt 0.00000 0.60000
vt 0.00000 0.65000
vt 0.00000 0.70000
vt 0.00000 0.75000
vt 0.00000 0.80000
vt 0.00000 0.85000
vt 0.00000 0.90000
vt 0.00000 0.95000
vt 0.00000 1.00000
vt 0.03333 0.00000
vt 0.03333 0.05000
vt 0.03333 0.10000
vt 0.03333 0.15000
vt 0.03333 0.20000
vt 0.03333 0.25000
vt 0.03333 0.30000
vt 0.03333 0.35000
vt 0.03333 0.40000
vt 0.03333 0.45000
vt 0.03333 0.50000
vt 0.03333 0.55000
vt 0.03333 0.60000
vt 0.03333 0.65000
vt 0.03333 0.70000
vt 0.03333 0.75000
vt 0.03333 0.80000
vt 0.03333 0.85000
vt 0.03333 0.90000
vt 0.03333 0.95000
vt 0.03333 1.00000
vt 0.06667 0.00000
vt 0.06667 0.05000
vt 0.06667 0.10000
vt 0.06667 0.15000
vt 0.06667 0.20000
vt 0.06667 0.25000
vt 0.06667 0.30000
vt 0.06667 0.35000
vt 0.06667 0.40000
vt 0.06667 0.45000
vt 0.06667 0.50000
vt 0.06667 0.55000
vt 0.06667 0.60000
vt 0.06667 0.65000
vt 0.06667 0.70000
vt 0.06667 0.75000
vt 0.06667 0.80000
vt 0.06667 0.85000
vt 0.06667 0.90000
vt 0.06667 0.95000
vt 0.06667 1.00000
vt 0.10000 0.00000
vt 0.10000 0.05000
vt 0.10000 0.10000
vt 0.10000 0.15000
vt 0.10000 0.20000
vt 0.10000 0.25000
vt 0.10000 0.30000
vt 0.10000 0.35000
vt 0.10000 0.40000
vt 0.10000 0.45000
vt 0.10000 0.50000
vt 0.10000 0.55000
vt 0.10000 0.60000
vt 0.10000 0.65000
vt 0.10000 0.70000
vt 0.10000 0.75000
vt 0.10000 0.80000
vt 0.10000 0.85000
vt 0.10000 0.90000
vt 0.10000 0.95000
vt 0.10000 1.00000
vt 0.13333 0.00000
vt 0.13333 0.05000
vt 0.13333 0.10000
vt 0.13333 0.15000
vt 0.13333 0.20000
vt 0.13333 0.25000
vt 0.13333 0.30000
vt 0.13333 0.35000
vt 0.13333 0.40000
vt 0.13333 0.45000
vt 0.13333 0.50000
vt 0.13333 0.55000
vt 0.13333 0.60000
vt 0.13333 0.65000
vt 0.13333 0.70000
vt 0.13333 0.75000
vt 0.13333 0.80000
vt 0.13333 0.85000
vt 0.13333 0.90000
vt 0.13333 0.95000
vt 0.13333 1.00000
vt 0.16667 0.00000
vt 0.16667 0.05000
vt 0.16667 0.10000
vt 0.16667 0.15000
vt 0.16667 0.20000
vt 0.16667 0.25000
vt 0.16667 0.30000
vt 0.16667 0.35000
vt 0.16667 0.40000
vt 0.16667 0.45000
vt 0.16667 0.50000
vt 0.16667 0.55000
vt 0.16667 0.60000
vt 0.16667 0.65000
vt 0.16667 0.70000
vt 0.16667 0.75000
vt 0.16667 0.80000
vt 0.16667 0.85000
vt 0.16667 0.90000
vt 0.16667 0.95000
vt 0.16667 1.00000
vt 0.20000 0.00000
vt 0.20000 0.05000
vt 0.20000 0.10000
vt 0.20000 0.15000
vt 0.20000 0.20000
vt 0.20000 0.25000
vt 0.20000 0.30000
vt 0.20000 0.35000
vt 0.20000 0.40000
vt 0.20000 0.45000
vt 0.20000 0.50000
vt 0.20000 0.55000
vt 0.20000 0.60000
vt 0.20000 0.65000
vt 0.20000 0.70000
vt 0.20000 0.75000
vt 0.20000 0.80000
vt 0.20000 0.85000
vt 0.20000 0.90000
vt 0.20000 0.95000
vt 0.20000 1.00000
vt 0.23333 0.00000
vt 0.23333 0.05000
vt 0.23333 0.10000
vt 0.23333 0.15000
vt 0.23333 0.20000
vt 0.23333 0.25000
vt 0.23333 0.30000
vt 0.23333 0.35000
vt 0.23333 0.40000
vt 0.23333 0.45000
vt 0.23333 0.50000
vt 0.23333 0.55000
vt 0.23333 0.60000
vt 0.23333 0.65000
vt 0.23333 0.70000
vt 0.23333 0.75000
vt 0.23333 0.80000
vt 0.23333 0.85000
vt 0.23333 0.90000
vt 0.23333 0.95000
vt 0.23333 1.00000
vt 0.26667 0.00000
vt 0.26667 0.05000
vt 0.26667 0.10000
vt 0.26667 0.15000
vt 0.26667 0.20000
vt 0.26667 0.25000
vt 0.26667 0.30000
vt 0.26667 0.35000
vt 0.26667 0.40000
vt 0.26667 0.45000
vt 0.26667 0.50000
vt 0.26667 0.55000
vt 0.26667 0.60000
vt 0.26667 0.65000
vt 0.26667 0.70000
vt 0.26667 0.75000
vt 0.26667 0.80000
vt 0.26667 0.85000
vt 0.26667 0.90000
vt 0.26667 0.95000
vt 0.26667 1.00000
vt 0.30000 0.00000
vt 0.30000 0.05000
vt 0.30000 0.10000
vt 0.30000 0.15000
vt 0.30000 0.20000
vt 0.30000 0.25000
vt 0.30000 0.30000
vt 0.30000 0.35000
vt 0.30000 0.40000
vt 0.30000 0.45000
vt 0.30000 0.50000
vt 0.30000 0.55000
vt 0.30000 0.60000
vt 0.30000 0.65000
vt 0.30000 0.70000
vt 0.30000 0.75000
vt 0.30000 0.80000
vt 0.30000 0.85000
vt 0.30000 0.90000
vt 0.30000 0.95000
vt 0.30000 1.00000
vt 0.33333 0.00000
vt 0.33333 0.05000
vt 0.33333 0.10000
vt 0.33333 0.15000
vt 0.33333 0.20000
vt 0.33333 0.25000
vt 0.33333 0.30000
vt 0.33333 0.35000
vt 0.33333 0.40000
vt 0.33333 0.45000
vt 0.33333 0.50000
vt 0.33333 0.55000
vt 0.33333 0.60000
vt 0.33333 0.65000
vt 0.33333 0.70000
vt 0.33333 0.75000
vt 0.33333 0.80000
vt 0.33333 0.85000
vt 0.33333 0.90000
vt 0.33333 0.95000
vt 0.33333 1.00000
vt 0.36667 0.00000
vt 0.36667 0.05000
vt 0.36667 0.10000
vt 0.36667 0.15000
vt 0.36667 0.20000
vt 0.36667 0.25000
vt 0.36667 0.30000
vt 0.36667 0.35000
vt 0.36667 0.40000
vt 0.36667 0.45000
vt 0.36667 0.50000
vt 0.36667 0.55000
vt 0.36667 0.60000
vt 0.36667 0.65000
vt 0.36667 0.70000
vt 0.36667 0.75000
vt 0.36667 0.80000
vt 0.36667 0.85000
vt 0.36667 0.90000
vt 0.36667 0.95000
vt 0.36667 1.00000
vt 0.40000 0.00000
vt 0.40000 0.05000
vt 0.40000 0.10000
vt 0.40000 0.15000
vt 0.40000 0.20000
vt 0.40000 0.25000
vt 0.40000 0.30000
vt 0.40000 0.35000
vt 0.40000 0.40000
vt 0.40000 0.45000
vt 0.40000 0.50000
vt 0.40000 0.55000
vt 0.40000 0.60000
vt 0.40000 0.65000
vt 0.40000 0.70000
vt 0.40000 0.75000
vt 0.40000 0.80000
vt 0.40000 0.85000
vt 0.40000 0.90000
vt 0.40000 0.95000
vt 0.40000 1.00000
vt 0.43333 0.00000
vt 0.43333 0.05000
vt 0.43333 0.10000
vt 0.43333 0.15000
vt 0.43333 0.20000
vt 0.43333 0.25000
vt 0.43333 0.30000
vt 0.43333 0.35000
vt 0.43333 0.40000
vt 0.43333 0.45000
vt 0.43333 0.50000
vt 0.43333 0.55000
vt 0.43333 0.60000
vt 0.43333 0.65000
vt 0.43333 0.70000
vt 0.43333 0.75000
vt 0.43333 0.80000
vt 0.43333 0.85000
vt 0.43333 0.90000
vt 0.43333 0.95000
vt 0.43333 1.00000
vt 0.46667 0.00000
vt 0.46667 0.05000
vt 0.46667 0.10000
vt 0.46667 0.15000
vt 0.46667 0.20000
vt 0.46667 0.25000
vt 0.46667 0.30000
vt 0.46667 0.35000
vt 0.46667 0.40000
vt 0.46667 0.45000
vt 0.46667 0.50000
vt 0.46667 0.55000
vt 0.46667 0.60000
vt 0.46667 0.65000
vt 0.46667 0.70000
vt 0.46667 0.75000
vt 0.46667 0.80000
vt 0.46667 0.85000
vt 0.46667 0.90000
vt 0.46667 0.95000
vt 0.46667 1.00000
vt 0.50000 0.00000
vt 0.50000 0.05000
vt 0.50000 0.10000
vt 0.50000 0.15000
vt 0.50000 0.20000
vt 0.50000 0.25000
vt 0.50000 0.30000
vt 0.50000 0.35000
vt 0.50000 0.40000
vt 0.50000 0.45000
vt 0.50000 0.50000
vt 0.50000 0.55000
vt 0.50000 0.60000
vt 0.50000 0.65000
vt 0.50000 0.70000
vt 0.50000 0.75000
vt 0.50000 0.80000
vt 0.50000 0.85000
vt 0.50000 0.90000
vt 0.50000 0.95000
vt 0.50000 1.00000
vt 0.53333 0.00000
vt 0.53333 0.05000
vt 0.53333 0.10000
vt 0.53333 0.15000
vt 0.53333 0.20000
vt 0.53333 0.25000
vt 0.53333 0.30000
vt 0.53333 0.35000
vt 0.53333 0.40000
vt 0.53333 0.45000
vt 0.53333 0.50000
vt 0.53333 0.55000
vt 0.53333 0.60000
vt 0.53333 0.65000
vt 0.53333 0.70000
vt 0.53333 0.75000
vt 0.53333 0.80000
vt 0.53333 0.85000
vt 0.53333 0.90000
vt 0.53333 0.95000
vt 0.53333 1.00000
vt 0.56667 0.00000
vt 0.56667 0.05000
vt 0.56667 0.10000
vt 0.56667 0.15000
vt 0.56667 0.20000
vt 0.56667 0.25000
vt 0.56667 0.30000
vt 0.56667 0.35000
vt 0.56667 0.40000
vt 0.56667 0.45000
vt 0.56667 0.50000
vt 0.56667 0.55000
vt 0.56667 0.60000
vt 0.56667 0.65000
vt 0.56667 0.70000
vt 0.56667 0.75000
vt 0.56667 0.80000
vt 0.56667 0.85000
vt 0.56667 0.90000
vt 0.56667 0.95000
vt 0.56667 1.00000
vt 0.60000 0.00000
vt 0.60000 0.05000
vt 0.60000 0.10000
vt 0.60000 0.15000
vt 0.60000 0.20000
vt 0.60000 0.25000
vt 0.60000 0.30000
vt 0.60000 0.35000
vt 0.60000 0.40000
vt 0.60000 0.45000
vt 0.60000 0.50000
vt 0.60000 0.55000
vt 0.60000 0.60000
vt 0.60000 0.65000
vt 0.60000 0.70000
vt 0.60000 0.75000
vt 0.60000 0.80000
vt 0.60000 0.85000
vt 0.60000 0.90000
vt 0.60000 0.95000
vt 0.60000 1.00000
vt 0.63333 0.00000
vt 0.63333 0.05000
vt 0.63333 0.10000
vt 0.63333 0.15000
vt 0.63333 0.20000
vt 0.63333 0.25000
vt 0.63333 0.30000
vt 0.63333 0.35000
vt 0.63333 0.40000
vt 0.63333 0.45000
vt 0.63333 0.50000
vt 0.63333 0.55000
vt 0.63333 0.60000
vt 0.63333 0.65000
vt 0.63333 0.70000
vt 0.63333 0.75000
vt 0.63333 0.80000
vt 0.63333 0.85000
vt 0.63333 0.90000
vt 0.63333 0.95000
vt 0.63333 1.00000
vt 0.66667 0.00000
vt 0.66667 0.05000
vt 0.66667 0.10000
vt 0.66667 0.15000
vt 0.66667 0.20000
vt 0.66667 0.25000
vt 0.66667 0.30000
vt 0.66667 0.35000
vt 0.66667 0.40000
vt 0.66667 0.45000
vt 0.66667 0.50000
vt 0.66667 0.55000
vt 0.66667 0.60000
vt 0.66667 0.65000
vt 0.66667 0.70000
vt 0.66667 0.75000
vt 0.66667 0.80000
vt 0.66667 0.85000
vt 0.66667 0.90000
vt 0.66667 0.95000
vt 0.66667 1.00000
vt 0.70000 0.00000
vt 0.70000 0.05000
vt 0.70000 0.10000
vt 0.70000 0.15000
vt 0.70000 0.20000
vt 0.70000 0.25000
vt 0.70000 0.30000
vt 0.70000 0.35000
vt 0.70000 0.40000
vt 0.70000 0.45000
vt 0.70000 0.50000
vt 0.70000 0.55000
vt 0.70000 0.60000
vt 0.70000 0.65000
vt 0.70000 0.70000
vt 0.70000 0.75000
vt 0.70000 0.80000
vt 0.70000 0.85000
vt 0.70000 0.90000
vt 0.70000 0.95000
vt 0.70000 1.00000
vt 0.73333 0.00000
vt 0.73333 0.05000
vt 0.73333 0.10000
vt 0.73333 0.15000
vt 0.73333 0.20000
vt 0.73333 0.25000
vt 0.73333 0.30000
vt 0.73333 0.35000
vt 0.73333 0.40000
vt 0.73333 0.45000
vt 0.73333 0.50000
vt 0.73333 0.55000
vt 0.73333 0.60000
vt 0.73333 0.65000
vt 0.73333 0.70000
vt 0.73333 0.75000
vt 0.73333 0.80000
vt 0.73333 0.85000
vt 0.73333 0.90000
vt 0.73333 0.95000
vt 0.73333 1.00000
vt 0.76667 0.00000
vt 0.76667 0.05000
vt 0.76667 0.10000
vt 0.76667 0.15000
vt 0.76667 0.20000
vt 0.76667 0.25000
vt 0.76667 0.30000
vt 0.76667 0.35000
vt 0.76667 0.40000
vt 0.76667 0.45000
vt 0.76667 0.50000
vt 0.76667 0.55000
vt 0.76667 0.60000
vt 0.76667 0.65000
vt 0.76667 0.70000
vt 0.76667 0.75000
vt 0.76667 0.80000
vt 0.76667 0.85000
vt 0.76667 0.90000
vt 0.76667 0.95000
vt 0.76667 1.00000
vt 0.80000 0.00000
vt 0.80000 0.05000
vt 0.80000 0.10000
vt 0.80000 0.15000
vt 0.80000 0.20000
vt 0.80000 0.25000
vt 0.80000 0.30000
vt 0.80000 0.35000
vt 0.80000 0.40000
vt 0.80000 0.45000
vt 0.80000 0.50000
vt 0.80000 0.55000
vt 0.80000 0.60000
vt 0.80000 0.65000
vt 0.80000 0.70000
vt 0.80000 0.75000
vt 0.80000 0.80000
vt 0.80000 0.85000
vt 0.80000 0.90000
vt 0.80000 0.95000
vt 0.80000 1.00000
vt 0.83333 0.00000
vt 0.83333 0.05000
vt 0.83333 0.10000
vt 0.83333 0.15000
vt 0.83333 0.20000
vt 0.83333 0.25000
vt 0.83333 0.30000
vt 0.83333 0.35000
vt 0.83333 0.40000
vt 0.83333 0.45000
vt 0.83333 0.50000
vt 0.83333 0.55000
vt 0.83333 0.60000
vt 0.83333 0.65000
vt 0.83333 0.70000
vt 0.83333 0.75000
vt 0.83333 0.80000
vt 0.83333 0.85000
vt 0.83333 0.90000
vt 0.83333 0.95000
vt 0.83333 1.00000
vt 0.86667 0.00000
vt 0.86667 0.05000
vt 0.86667 0.10000
vt 0.86667 0.15000
vt 0.86667 0.20000
vt 0.86667 0.25000
vt 0.86667 0.30000
vt 0.86667 0.35000
vt 0.86667 0.40000
vt 0.86667 0.45000
vt 0.86667 0.50000
vt 0.86667 0.55000
vt 0.86667 0.60000
vt 0.86667 0.65000
vt 0.86667 0.70000
vt 0.86667 0.75000
vt 0.86667 0.80000
vt 0.86667 0.85000
vt 0.86667 0.90000
vt 0.86667 0.95000
vt 0.86667 1.00000
vt 0.90000 0.00000
vt 0.90000 0.05000
vt 0.90000 0.10000
vt 0.90000 0.15000
vt 0.90000 0.20000
vt 0.90000 0.25000
vt 0.90000 0.30000
vt 0.90000 0.35000
vt 0.90000 0.40000
vt 0.90000 0.45000
vt 0.90000 0.50000
vt 0.90000 0.55000
vt 0.90000 0.60000
vt 0.90000 0.65000
vt 0.90000 0.70000
vt 0.90000 0.75000
vt 0.90000 0.80000
vt 0.90000 0.85000
vt 0.90000 0.90000
vt 0.90000 0.95000
vt 0.90000 1.00000
vt 0.93333 0.00000
vt 0.93333 0.05000
vt 0.93333 0.10000
vt 0.93333 0.15000
vt 0.93333 0.20000
vt 0.93333 0.25000
vt 0.93333 0.30000
vt 0.93333 0.35000
vt 0.93333 0.40000
vt 0.93333 0.45000
vt 0.93333 0.50000
vt 0.93333 0.55000
vt 0.93333 0.60000
vt 0.93333 0.65000
vt 0.93333 0.70000
vt 0.93333 0.75000
vt 0.93333 0.80000
vt 0.93333 0.85000
vt 0.93333 0.90000
vt 0.93333 0.95000
vt 0.93333 1.00000
vt 0.96667 0.00000
vt 0.96667 0.05000
vt 0.96667 0.10000
vt 0.96667 0.15000
vt 0.96667 0.20000
vt 0.96667 0.25000
vt 0.96667 0.30000
vt 0.96667 0.35000
vt 0.96667 0.40000
vt 0.96667 0.45000
vt 0.96667 0.50000
vt 0.96667 0.55000
vt 0.96667 0.60000
vt 0.96667 0.65000
vt 0.96667 0.70000
vt 0.96667 0.75000
vt 0.96667 0.80000
vt 0.96667 0.85000
vt 0.96667 0.90000
vt 0.96667 0.95000
vt 0.96667 1.00000
vt 1.00000 0.00000
vt 1.00000 0.05000
vt 1.00000 0.10000
vt 1.00000 0.15000
vt 1.00000 0.20000
vt 1.00000 0.25000
vt 1.00000 0.30000
vt 1.00000 0.35000
vt 1.00000 0.40000
vt 1.00000 0.45000
vt 1.00000 0.50000
vt 1.00000 0.55000
vt 1.00000 0.60000
vt 1.00000 0.65000
vt 1.00000 0.70000
vt 1.00000 0.75000
vt 1.00000 0.80000
vt 1.00000 0.85000
vt 1.00000 0.90000
vt 1.00000 0.95000
vt 1.00000 1.00000
vn -1.00000 0.00000 0.00000
vn -0.91777 0.00000 0.39711
vn -0.75617 0.00000 0.65438
vn -0.61028 0.00000 0.79219
vn -0.50028 0.00000 0.86587
vn -0.90097 0.43388 0.00000
vn -0.82688 0.39821 0.39711
vn -0.68128 0.32809 0.65438
vn -0.54984 0.26479 0.79219
vn -0.45073 0.21706 0.86587
vn -0.62349 0.78183 0.00000
vn -0.57222 0.71754 0.39711
vn -0.47146 0.59120 0.65438
vn -0.38050 0.47713 0.79219
vn -0.31192 0.39113 0.86587
vn -0.22252 0.97493 0.00000
vn -0.20422 0.89476 0.39711
vn -0.16826 0.73721 0.65438
vn -0.13580 0.59498 0.79219
vn -0.11132 0.48773 0.86587
vn 0.22252 0.97493 0.00000
vn 0.20422 0.89476 0.39711
vn 0.16826 0.73721 0.65438
vn 0.13580 0.59498 0.79219
vn 0.11132 0.48773 0.86587
vn 0.62349 0.78183 0.00000
vn 0.57222 0.71754 0.39711
vn 0.47146 0.59120 0.65438
vn 0.38050 0.47713 0.79219
vn 0.31192 0.39113 0.86587
vn 0.90097 0.43388 0.00000
vn 0.82688 0.39821 0.39711
vn 0.68128 0.32809 0.65438
vn 0.54984 0.26479 0.79219
vn 0.45073 0.21706 0.86587
vn 1.00000 0.00000 0.00000
vn 0.91777 0.00000 0.39711
vn 0.75617 0.00000 0.65438
vn 0.61028 0.00000 0.79219
vn 0.50028 0.00000 0.86587
vn 0.90097 -0.43388 0.00000
vn 0.82688 -0.39821 0.39711
vn 0.68128 -0.32809 0.65438
vn 0.54984 -0.26479 0.79219
vn 0.45073 -0.21706 0.86587
vn 0.62349 -0.78183 0.00000
vn 0.57222 -0.71754 0.39711
vn 0.47146 -0.59120 0.65438
vn 0.38050 -0.47713 0.79219
vn 0.31192 -0.39113 0.86587
vn 0.22252 -0.97493 0.00000
vn 0.20422 -0.89476 0.39711
vn 0.16826 -0.73721 0.65438
vn 0.13580 -0.59498 0.79219
vn 0.11132 -0.48773 0.86587
vn -0.22252 -0.97493 0.00000
vn -0.20422 -0.89476 0.39711
vn -0.16826 -0.73721 0.65438
vn -0.13580 -0.59498 0.79219
vn -0.11132 -0.48773 0.86587
vn -0.62349 -0.78183 0.00000
vn -0.57222 -0.71754 0.39711
vn -0.47146 -0.59120 0.65438
vn -0.38050 -0.47713 0.79219
vn -0.31192 -0.39113 0.86587
vn -0.90097 -0.43388 0.00000
vn -0.82688 -0.39821 0.39711
vn -0.68128 -0.32809 0.65438
vn -0.54984 -0.26479 0.79219
vn -0.45073 -0.21706 0.86587
vn -1.00000 -0.00000 0.00000
vn -0.91777 -0.00000 0.39711
vn -0.75617 -0.00000 0.65438
vn -0.61028 -0.00000 0.79219
vn -0.50028 -0.00000 0.86587
vn 0.00000 0.48192 0.87622
vn 0.07539 0.47599 0.87622
vn 0.14892 0.45833 0.87622
vn 0.21879 0.42939 0.87622
vn 0.28326 0.38988 0.87622
vn 0.34077 0.34077 0.87622
vn 0.38988 0.28326 0.87622
vn 0.42939 0.21879 0.87622
vn 0.45833 0.14892 0.87622
vn 0.47599 0.07539 0.87622
vn 0.48192 0.00000 0.87622
vn 0.47599 -0.07539 0.87622
vn 0.45833 -0.14892 0.87622
vn 0.42939 -0.21879 0.87622
vn 0.38988 -0.28326 0.87622
vn 0.34077 -0.34077 0.87622
vn 0.28326 -0.38988 0.87622
vn 0.21879 -0.42939 0.87622
vn 0.14892 -0.45833 0.87622
vn 0.07539 -0.47599 0.87622
vn 0.00000 -0.48192 0.87622
vn 0.00000 0.48192 0.87622
vn 0.07320 0.47250 0.87829
vn 0.14360 0.45184 0.88046
vn 0.20965 0.42064 0.88267
vn 0.26990 0.37979 0.88482
vn 0.32311 0.33033 0.88684
vn 0.36818 0.27348 0.88862
vn 0.40420 0.21055 0.89011
vn 0.43046 0.14299 0.89121
vn 0.44642 0.07229 0.89190
vn 0.45177 0.00000 0.89213
vn 0.44642 -0.07229 0.89190
vn 0.43046 -0.14299 0.89121
vn 0.40420 -0.21055 0.89011
vn 0.36818 -0.27348 0.88862
vn 0.32311 -0.33033 0.88684
vn 0.26990 -0.37979 0.88482
vn 0.20965 -0.42064 0.88267
vn 0.14360 -0.45184 0.88046
vn 0.07320 -0.47250 0.87829
vn 0.00000 -0.48192 0.87622
vn 0.00000 0.48192 0.87622
vn 0.06791 0.46931 0.88042
vn 0.13243 0.44616 0.88510
vn 0.19237 0.41328 0.89005
vn 0.24664 0.37160 0.89503
vn 0.29429 0.32214 0.89979
vn 0.33448 0.26601 0.90408
vn 0.36651 0.20442 0.90768
vn 0.38981 0.13864 0.91040
vn 0.40396 0.07004 0.91209
vn 0.40870 0.00000 0.91267
vn 0.40396 -0.07004 0.91209
vn 0.38981 -0.13864 0.91040
vn 0.36651 -0.20442 0.90768
vn 0.33448 -0.26601 0.90408
vn 0.29429 -0.32214 0.89979
vn 0.24664 -0.37160 0.89503
vn 0.19237 -0.41328 0.89005
vn 0.13243 -0.44616 0.88510
vn 0.06791 -0.46931 0.88042
vn 0.00000 -0.48192 0.87622
vn 0.00000 0.48192 0.87622
vn 0.05978 0.46652 0.88249
vn 0.11602 0.44138 0.88979
vn 0.16790 0.40732 0.89772
vn 0.21466 0.36521 0.90584
vn 0.25561 0.31595 0.91370
vn 0.29010 0.26053 0.92085
vn 0.31758 0.20002 0.92690
vn 0.33757 0.13558 0.93148
vn 0.34972 0.06847 0.93435
vn 0.35379 0.00000 0.93532
vn 0.34972 -0.06847 0.93435
vn 0.33757 -0.13558 0.93148
vn 0.31758 -0.20002 0.92690
vn 0.29010 -0.26053 0.92085
vn 0.25561 -0.31595 0.91370
vn 0.21466 -0.36521 0.90584
vn 0.16790 -0.40732 0.89772
vn 0.11602 -0.44138 0.88979
vn 0.05978 -0.46652 0.88249
vn 0.00000 -0.48192 0.87622
vn 0.00000 0.48192 0.87622
vn 0.04920 0.46422 0.88435
vn 0.09513 0.43756 0.89414
vn 0.13730 0.40272 0.90497
vn 0.17522 0.36043 0.91618
vn 0.20841 0.31146 0.92712
vn 0.23639 0.25667 0.93715
vn 0.25870 0.19699 0.94566
vn 0.27496 0.13352 0.95214
vn 0.28485 0.06742 0.95620
vn 0.28817 0.00000 0.95758
vn 0.28485 -0.06742 0.95620
vn 0.27496 -0.13352 0.95214
vn 0.25870 -0.19699 0.94566
vn 0.23639 -0.25667 0.93715
vn 0.20841 -0.31146 0.92712
vn 0.17522 -0.36043 0.91618
vn 0.13730 -0.40272 0.90497
vn 0.09513 -0.43756 0.89414
vn 0.04920 -0.46422 0.88435
vn 0.00000 -0.48192 0.87622
vn 0.00000 0.48192 0.87622
vn 0.03662 0.46245 0.88589
vn 0.07062 0.43472 0.89779
vn 0.10175 0.39939 0.91112
vn 0.12971 0.35707 0.92503
vn 0.15420 0.30840 0.93867
vn 0.17487 0.25411 0.95124
vn 0.19139 0.19504 0.96194
vn 0.20345 0.13221 0.97012
vn 0.21080 0.06677 0.97525
vn 0.21327 0.00000 0.97699
vn 0.21080 -0.06677 0.97525
vn 0.20345 -0.13221 0.97012
vn 0.19139 -0.19504 0.96194
vn 0.17487 -0.25411 0.95124
vn 0.15420 -0.30840 0.93867
vn 0.12971 -0.35707 0.92503
vn 0.10175 -0.39939 0.91112
vn 0.07062 -0.43472 0.89779
vn 0.03662 -0.46245 0.88589
vn 0.00000 -0.48192 0.87622
vn 0.00000 0.48192 0.87622
vn 0.02258 0.46125 0.88698
vn 0.04346 0.43283 0.90043
vn 0.06254 0.39723 0.91558
vn 0.07969 0.35495 0.93148
vn 0.09472 0.30651 0.94714
vn 0.10742 0.25257 0.96160
vn 0.11759 0.19390 0.97395
vn 0.12503 0.13147 0.98340
vn 0.12957 0.06641 0.98934
vn 0.13109 0.00000 0.99137
vn 0.12957 -0.06641 0.98934
vn 0.12503 -0.13147 0.98340
vn 0.11759 -0.19390 0.97395
vn 0.10742 -0.25257 0.96160
vn 0.09472 -0.30651 0.94714
vn 0.07969 -0.35495 0.93148
vn 0.06254 -0.39723 0.91558
vn 0.04346 -0.43283 0.90043
vn 0.02258 -0.46125 0.88698
vn 0.00000 -0.48192 0.87622
vn 0.00000 0.48192 0.87622
vn 0.00763 0.46064 0.88755
vn 0.01467 0.43190 0.90180
vn 0.02110 0.39617 0.91793
vn 0.02688 0.35392 0.93489
vn 0.03195 0.30562 0.95162
vn 0.03623 0.25185 0.96709
vn 0.03967 0.19338 0.98032
vn 0.04219 0.13113 0.99047
vn 0.04372 0.06625 0.99685
vn 0.04424 0.00000 0.99902
vn 0.04372 -0.06625 0.99685
vn 0.04219 -0.13113 0.99047
vn 0.03967 -0.19338 0.98032
vn 0.03623 -0.25185 0.96709
vn 0.03195 -0.30562 0.95162
vn 0.02688 -0.35392 0.93489
vn 0.02110 -0.39617 0.91793
vn 0.01467 -0.43190 0.90180
vn 0.00763 -0.46064 0.88755
vn 0.00000 -0.48192 0.87622
vn 0.00000 0.48192 0.87622
vn -0.00763 0.46064 0.88755
vn -0.01467 0.43190 0.90180
vn -0.02110 0.39617 0.91793
vn -0.02688 0.35392 0.93489
vn -0.03195 0.30562 0.95162
vn -0.03623 0.25185 0.96709
vn -0.03967 0.19338 0.98032
vn -0.04219 0.13113 0.99047
vn -0.04372 0.06625 0.99685
vn -0.04424 0.00000 0.99902
vn -0.04372 -0.06625 0.99685
vn -0.04219 -0.13113 0.99047
vn -0.03967 -0.19338 0.98032
vn -0.03623 -0.25185 0.96709
vn -0.03195 -0.30562 0.95162
vn -0.02688 -0.35392 0.93489
vn -0.02110 -0.39617 0.91793
vn -0.01467 -0.43190 0.90180
vn -0.00763 -0.46064 0.88755
vn -0.00000 -0.48192 0.87622
vn 0.00000 0.48192 0.87622
vn -0.02258 0.46125 0.88698
vn -0.04346 0.43283 0.90043
vn -0.06254 0.39723 0.91558
vn -0.07969 0.35495 0.93148
vn -0.09472 0.30651 0.94714
vn -0.10742 0.25257 0.96160
vn -0.11759 0.19390 0.97395
vn -0.12503 0.13147 0.98340
vn -0.12957 0.06641 0.98934
vn -0.13109 0.00000 0.99137
vn -0.12957 -0.06641 0.98934
vn -0.12503 -0.13147 0.98340
vn -0.11759 -0.19390 0.97395
vn -0.10742 -0.25257 0.96160
vn -0.09472 -0.30651 0.94714
vn -0.07969 -0.35495 0.93148
vn -0.06254 -0.39723 0.91558
vn -0.04346 -0.43283 0.90043
vn -0.02258 -0.46125 0.88698
vn -0.00000 -0.48192 0.87622
vn 0.00000 0.48192 0.87622
vn -0.03662 0.46245 0.88589
vn -0.07062 0.43472 0.89779
vn -0.10175 0.39939 0.91112
vn -0.12971 0.35707 0.92503
vn -0.15420 0.30840 0.93867
vn -0.17487 0.25411 0.95124
vn -0.19139 0.19504 0.96194
vn -0.20345 0.13221 0.97012
vn -0.21080 0.06677 0.97525
vn -0.21327 0.00000 0.97699
vn -0.21080 -0.06677 0.97525
vn -0.20345 -0.13221 0.97012
vn -0.19139 -0.19504 0.96194
vn -0.17487 -0.25411 0.95124
vn -0.15420 -0.30840 0.93867
vn -0.12971 -0.35707 0.92503
vn -0.10175 -0.39939 0.91112
vn -0.07062 -0.43472 0.89779
vn -0.03662 -0.46245 0.88589
vn -0.00000 -0.48192 0.87622
vn 0.00000 0.48192 0.87622
vn -0.04920 0.46422 0.88435
vn -0.09513 0.43756 0.89414
vn -0.13730 0.40272 0.90497
vn -0.17522 0.36043 0.91618
vn -0.20841 0.31146 0.92712
vn -0.23639 0.25667 0.93715
vn -0.25870 0.19699 0.94566
vn -0.27496 0.13352 0.95214
vn -0.28485 0.06742 0.95620
vn -0.28817 0.00000 0.95758
vn -0.28485 -0.06742 0.95620
vn -0.27496 -0.13352 0.95214
vn -0.25870 -0.19699 0.94566
vn -0.23639 -0.25667 0.93715
vn -0.20841 -0.31146 0.92712
vn -0.17522 -0.36043 0.91618
vn -0.13730 -0.40272 0.90497
vn -0.09513 -0.43756 0.89414
vn -0.04920 -0.46422 0.88435
vn -0.00000 -0.48192 0.87622
vn 0.00000 0.48192 0.87622
vn -0.05978 0.46652 0.88249
vn -0.11602 0.44138 0.88979
vn -0.16790 0.40732 0.89772
vn -0.21466 0.36521 0.90584
vn -0.25561 0.31595 0.91370
vn -0.29010 0.26053 0.92085
vn -0.31758 0.20002 0.92690
vn -0.33757 0.13558 0.93148
vn -0.34972 0.06847 0.93435
vn -0.35379 0.00000 0.93532
vn -0.34972 -0.06847 0.93435
vn -0.33757 -0.13558 0.93148
vn -0.31758 -0.20002 0.92690
vn -0.29010 -0.26053 0.92085
vn -0.25561 -0.31595 0.91370
vn -0.21466 -0.36521 0.90584
vn -0.16790 -0.40732 0.89772
vn -0.11602 -0.44138 0.88979
vn -0.05978 -0.46652 0.88249
vn -0.00000 -0.48192 0.87622
vn 0.00000 0.48192 0.87622
vn -0.06791 0.46931 0.88042
vn -0.13243 0.44616 0.88510
vn -0.19237 0.41328 0.89005
vn -0.24664 0.37160 0.89503
vn -0.29429 0.32214 0.89979
vn -0.33448 0.26601 0.90408
vn -0.36651 0.20442 0.90768
vn -0.38981 0.13864 0.91040
vn -0.40396 0.07004 0.91209
vn -0.40870 0.00000 0.91267
vn -0.40396 -0.07004 0.91209
vn -0.38981 -0.13864 0.91040
vn -0.36651 -0.20442 0.90768
vn -0.33448 -0.26601 0.90408
vn -0.29429 -0.32214 0.89979
vn -0.24664 -0.37160 0.89503
vn -0.19237 -0.41328 0.89005
vn -0.13243 -0.44616 0.88510
vn -0.06791 -0.46931 0.88042
vn -0.00000 -0.48192 0.87622
vn 0.00000 0.48192 0.87622
vn -0.07320 0.47250 0.87829
vn -0.14360 0.45184 0.88046
vn -0.20965 0.42064 0.88267
vn -0.26990 0.37979 0.88482
vn -0.32311 0.33033 0.88684
vn -0.36818 0.27348 0.88862
vn -0.40420 0.21055 0.89011
vn -0.43046 0.14299 0.89121
vn -0.44642 0.07229 0.89190
vn -0.45177 0.00000 0.89213
vn -0.44642 -0.07229 0.89190
vn -0.43046 -0.14299 0.89121
vn -0.40420 -0.21055 0.89011
vn -0.36818 -0.27348 0.88862
vn -0.32311 -0.33033 0.88684
vn -0.26990 -0.37979 0.88482
vn -0.20965 -0.42064 0.88267
vn -0.14360 -0.45184 0.88046
vn -0.07320 -0.47250 0.87829
vn -0.00000 -0.48192 0.87622
vn 0.00000 0.48192 0.87622
vn -0.07539 0.47599 0.87622
vn -0.14892 0.45833 0.87622
vn -0.21879 0.42939 0.87622
vn -0.28326 0.38988 0.87622
vn -0.34077 0.34077 0.87622
vn -0.38988 0.28326 0.87622
vn -0.42939 0.21879 0.87622
vn -0.45833 0.14892 0.87622
vn -0.47599 0.07539 0.87622
vn -0.48192 0.00000 0.87622
vn -0.47599 -0.07539 0.87622
vn -0.45833 -0.14892 0.87622
vn -0.42939 -0.21879 0.87622
vn -0.38988 -0.28326 0.87622
vn -0.34077 -0.34077 0.87622
vn -0.28326 -0.38988 0.87622
vn -0.21879 -0.42939 0.87622
vn -0.14892 -0.45833 0.87622
vn -0.07539 -0.47599 0.87622
vn -0.00000 -0.48192 0.87622
vn 0.00000 0.48192 0.87622
vn -0.07431 0.47963 0.87432
vn -0.14792 0.46543 0.87264
vn -0.21898 0.43938 0.87120
vn -0.28559 0.40186 0.87003
vn -0.34587 0.35360 0.86910
vn -0.39805 0.29566 0.86841
vn -0.44052 0.22947 0.86792
vn -0.47190 0.15676 0.86760
vn -0.49117 0.07953 0.86742
vn -0.49767 0.00000 0.86737
vn -0.49117 -0.07953 0.86742
vn -0.47190 -0.15676 0.86760
vn -0.44052 -0.22947 0.86792
vn -0.39805 -0.29566 0.86841
vn -0.34587 -0.35360 0.86910
vn -0.28559 -0.40186 0.87003
vn -0.21898 -0.43938 0.87120
vn -0.14792 -0.46543 0.87264
vn -0.07431 -0.47963 0.87432
vn -0.00000 -0.48192 0.87622
vn 0.00000 0.48192 0.87622
vn -0.06993 0.48328 0.87267
vn -0.14036 0.47285 0.86989
vn -0.20959 0.45028 0.86794
vn -0.27577 0.41549 0.86679
vn -0.33686 0.36874 0.86634
vn -0.39077 0.31078 0.86644
vn -0.43542 0.24285 0.86685
vn -0.46889 0.16677 0.86737
vn -0.48966 0.08489 0.86777
vn -0.49670 0.00000 0.86792
vn -0.48966 -0.08489 0.86777
vn -0.46889 -0.16677 0.86737
vn -0.43542 -0.24285 0.86685
vn -0.39077 -0.31078 0.86644
vn -0.33686 -0.36874 0.86634
vn -0.27577 -0.41549 0.86679
vn -0.20959 -0.45028 0.86794
vn -0.14036 -0.47285 0.86989
vn -0.06993 -0.48328 0.87267
vn -0.00000 -0.48192 0.87622
vn 0.00000 0.48192 0.87622
vn -0.06237 0.48675 0.87131
vn -0.12623 0.48021 0.86802
vn -0.19026 0.46156 0.86646
vn -0.25286 0.43019 0.86660
vn -0.31208 0.38576 0.86821
vn -0.36567 0.32839 0.87089
vn -0.41112 0.25892 0.87404
vn -0.44590 0.17908 0.87698
vn -0.46781 0.09159 0.87907
vn -0.47530 0.00000 0.87982
vn -0.46781 -0.09159 0.87907
vn -0.44590 -0.17908 0.87698
vn -0.41112 -0.25892 0.87404
vn -0.36567 -0.32839 0.87089
vn -0.31208 -0.38576 0.86821
vn -0.25286 -0.43019 0.86660
vn -0.19026 -0.46156 0.86646
vn -0.12623 -0.48021 0.86802
vn -0.06237 -0.48675 0.87131
vn -0.00000 -0.48192 0.87622
vn 0.00000 0.48192 0.87622
vn -0.05191 0.48984 0.87027
vn -0.10589 0.48703 0.86694
vn -0.16108 0.47246 0.86651
vn -0.21633 0.44499 0.86901
vn -0.27006 0.40360 0.87417
vn -0.32014 0.34760 0.88130
vn -0.36389 0.27709 0.88927
vn -0.39828 0.19340 0.89664
vn -0.42039 0.09951 0.90187
vn -0.42803 0.00000 0.90376
vn -0.42039 -0.09951 0.90187
vn -0.39828 -0.19340 0.89664
vn -0.36389 -0.27709 0.88927
vn -0.32014 -0.34760 0.88130
vn -0.27006 -0.40360 0.87417
vn -0.21633 -0.44499 0.86901
vn -0.16108 -0.47246 0.86651
vn -0.10589 -0.48703 0.86694
vn -0.05191 -0.48984 0.87027
vn -0.00000 -0.48192 0.87622
vn 0.00000 0.48192 0.87622
vn -0.03899 0.49236 0.86952
vn -0.08006 0.49279 0.86646
vn -0.12279 0.48199 0.86753
vn -0.16654 0.45845 0.87298
vn -0.21025 0.42050 0.88260
vn -0.25226 0.36656 0.89554
vn -0.29018 0.29571 0.91014
vn -0.32092 0.20855 0.92386
vn -0.34117 0.10807 0.93377
vn -0.34827 0.00000 0.93740
vn -0.34117 -0.10807 0.93377
vn -0.32092 -0.20855 0.92386
vn -0.29018 -0.29571 0.91014
vn -0.25226 -0.36656 0.89554
vn -0.21025 -0.42050 0.88260
vn -0.16654 -0.45845 0.87298
vn -0.12279 -0.48199 0.86753
vn -0.08006 -0.49279 0.86646
vn -0.03899 -0.49236 0.86952
vn -0.00000 -0.48192 0.87622
vn 0.00000 0.48192 0.87622
vn -0.02419 0.49414 0.86904
vn -0.04990 0.49698 0.86633
vn -0.07701 0.48912 0.86881
vn -0.10526 0.46885 0.87698
vn -0.13412 0.43403 0.89086
vn -0.16261 0.38231 0.90961
vn -0.18908 0.31176 0.93116
vn -0.21117 0.22203 0.95190
vn -0.22607 0.11587 0.96720
vn -0.23136 0.00000 0.97287
vn -0.22607 -0.11587 0.96720
vn -0.21117 -0.22203 0.95190
vn -0.18908 -0.31176 0.93116
vn -0.16261 -0.38231 0.90961
vn -0.13412 -0.43403 0.89086
vn -0.10526 -0.46885 0.87698
vn -0.07701 -0.48912 0.86881
vn -0.04990 -0.49698 0.86633
vn -0.02419 -0.49414 0.86904
vn -0.00000 -0.48192 0.87622
vn 0.00000 0.48192 0.87622
vn -0.00820 0.49507 0.86881
vn -0.01695 0.49918 0.86633
vn -0.02625 0.49295 0.86966
vn -0.03604 0.47456 0.87949
vn -0.04616 0.44164 0.89601
vn -0.05631 0.39141 0.91849
vn -0.06591 0.32129 0.94468
vn -0.07407 0.23025 0.97031
vn -0.07966 0.12070 0.98949
vn -0.08166 0.00000 0.99666
vn -0.07966 -0.12070 0.98949
vn -0.07407 -0.23025 0.97031
vn -0.06591 -0.32129 0.94468
vn -0.05631 -0.39141 0.91849
vn -0.04616 -0.44164 0.89601
vn -0.03604 -0.47456 0.87949
vn -0.02625 -0.49295 0.86966
vn -0.01695 -0.49918 0.86633
vn -0.00820 -0.49507 0.86881
vn -0.00000 -0.48192 0.87622
vn 0.00000 0.48192 0.87622
vn 0.00820 0.49507 0.86881
vn 0.01695 0.49918 0.86633
vn 0.02625 0.49295 0.86966
vn 0.03604 0.47456 0.87949
vn 0.04616 0.44164 0.89601
vn 0.05631 0.39141 0.91849
vn 0.06591 0.32129 0.94468
vn 0.07407 0.23025 0.97031
vn 0.07966 0.12070 0.98949
vn 0.08166 0.00000 0.99666
vn 0.07966 -0.12070 0.98949
vn 0.07407 -0.23025 0.97031
vn 0.06591 -0.32129 0.94468
vn 0.05631 -0.39141 0.91849
vn 0.04616 -0.44164 0.89601
vn 0.03604 -0.47456 0.87949
vn 0.02625 -0.49295 0.86966
vn 0.01695 -0.49918 0.86633
vn 0.00820 -0.49507 0.86881
vn 0.00000 -0.48192 0.87622
vn 0.00000 0.48192 0.87622
vn 0.02419 0.49414 0.86904
vn 0.04990 0.49698 0.86633
vn 0.07701 0.48912 0.86881
vn 0.10526 0.46885 0.87698
vn 0.13412 0.43403 0.89086
vn 0.16261 0.38231 0.90961
vn 0.18908 0.31176 0.93116
vn 0.21117 0.22203 0.95190
vn 0.22607 0.11587 0.96720
vn 0.23136 0.00000 0.97287
vn 0.22607 -0.11587 0.96720
vn 0.21117 -0.22203 0.95190
vn 0.18908 -0.31176 0.93116
vn 0.16261 -0.38231 0.90961
vn 0.13412 -0.43403 0.89086
vn 0.10526 -0.46885 0.87698
vn 0.07701 -0.48912 0.86881
vn 0.04990 -0.49698 0.86633
vn 0.02419 -0.49414 0.86904
vn 0.00000 -0.48192 0.87622
vn 0.00000 0.48192 0.87622
vn 0.03899 0.49236 0.86952
vn 0.08006 0.49279 0.86646
vn 0.12279 0.48199 0.86753
vn 0.16654 0.45845 0.87298
vn 0.21025 0.42050 0.88260
vn 0.25226 0.36656 0.89554
vn 0.29018 0.29571 0.91014
vn 0.32092 0.20855 0.92386
vn 0.34117 0.10807 0.93377
vn 0.34827 0.00000 0.93740
vn 0.34117 -0.10807 0.93377
vn 0.32092 -0.20855 0.92386
vn 0.29018 -0.29571 0.91014
vn 0.25226 -0.36656 0.89554
vn 0.21025 -0.42050 0.88260
vn 0.16654 -0.45845 0.87298
vn 0.12279 -0.48199 0.86753
vn 0.08006 -0.49279 0.86646
vn 0.03899 -0.49236 0.86952
vn 0.00000 -0.48192 0.87622
vn 0.00000 0.48192 0.87622
vn 0.05191 0.48984 0.87027
vn 0.10589 0.48703 0.86694
vn 0.16108 0.47246 0.86651
vn 0.21633 0.44499 0.86901
vn 0.27006 0.40360 0.87417
vn 0.32014 0.34760 0.88130
vn 0.36389 0.27709 0.88927
vn 0.39828 0.19340 0.89664
vn 0.42039 0.09951 0.90187
vn 0.42803 0.00000 0.90376
vn 0.42039 -0.09951 0.90187
vn 0.39828 -0.19340 0.89664
vn 0.36389 -0.27709 0.88927
vn 0.32014 -0.34760 0.88130
vn 0.27006 -0.40360 0.87417
vn 0.21633 -0.44499 0.86901
vn 0.16108 -0.47246 0.86651
vn 0.10589 -0.48703 0.86694
vn 0.05191 -0.48984 0.87027
vn 0.00000 -0.48192 0.87622
vn 0.00000 0.48192 0.87622
vn 0.06237 0.48675 0.87131
vn 0.12623 0.48021 0.86802
vn 0.19026 0.46156 0.86646
vn 0.25286 0.43019 0.86660
vn 0.31208 0.38576 0.86821
vn 0.36567 0.32839 0.87089
vn 0.41112 0.25892 0.87404
vn 0.44590 0.17908 0.87698
vn 0.46781 0.09159 0.87907
vn 0.47530 0.00000 0.87982
vn 0.46781 -0.09159 0.87907
vn 0.44590 -0.17908 0.87698
vn 0.41112 -0.25892 0.87404
vn 0.36567 -0.32839 0.87089
vn 0.31208 -0.38576 0.86821
vn 0.25286 -0.43019 0.86660
vn 0.19026 -0.46156 0.86646
vn 0.12623 -0.48021 0.86802
vn 0.06237 -0.48675 0.87131
vn 0.00000 -0.48192 0.87622
vn 0.00000 0.48192 0.87622
vn 0.06993 0.48328 0.87267
vn 0.14036 0.47285 0.86989
vn 0.20959 0.45028 0.86794
vn 0.27577 0.41549 0.86679
vn 0.33686 0.36874 0.86634
vn 0.39077 0.31078 0.86644
vn 0.43542 0.24285 0.86685
vn 0.46889 0.16677 0.86737
vn 0.48966 0.08489 0.86777
vn 0.49670 0.00000 0.86792
vn 0.48966 -0.08489 0.86777
vn 0.46889 -0.16677 0.86737
vn 0.43542 -0.24285 0.86685
vn 0.39077 -0.31078 0.86644
vn 0.33686 -0.36874 0.86634
vn 0.27577 -0.41549 0.86679
vn 0.20959 -0.45028 0.86794
vn 0.14036 -0.47285 0.86989
vn 0.06993 -0.48328 0.87267
vn 0.00000 -0.48192 0.87622
vn 0.00000 0.48192 0.87622
vn 0.07431 0.47963 0.87432
vn 0.14792 0.46543 0.87264
vn 0.21898 0.43938 0.87120
vn 0.28559 0.40186 0.87003
vn 0.34587 0.35360 0.86910
vn 0.39805 0.29566 0.86841
vn 0.44052 0.22947 0.86792
vn 0.47190 0.15676 0.86760
vn 0.49117 0.07953 0.86742
vn 0.49767 0.00000 0.86737
vn 0.49117 -0.07953 0.86742
vn 0.47190 -0.15676 0.86760
vn 0.44052 -0.22947 0.86792
vn 0.39805 -0.29566 0.86841
vn 0.34587 -0.35360 0.86910
vn 0.28559 -0.40186 0.87003
vn 0.21898 -0.43938 0.87120
vn 0.14792 -0.46543 0.87264
vn 0.07431 -0.47963 0.87432
vn 0.00000 -0.48192 0.87622
vn 0.00000 0.48192 0.87622
vn 0.07539 0.47599 0.87622
vn 0.14892 0.45833 0.87622
vn 0.21879 0.42939 0.87622
vn 0.28326 0.38988 0.87622
vn 0.34077 0.34077 0.87622
vn 0.38988 0.28326 0.87622
vn 0.42939 0.21879 0.87622
vn 0.45833 0.14892 0.87622
vn 0.47599 0.07539 0.87622
vn 0.48192 0.00000 0.87622
vn 0.47599 -0.07539 0.87622
vn 0.45833 -0.14892 0.87622
vn 0.42939 -0.21879 0.87622
vn 0.38988 -0.28326 0.87622
vn 0.34077 -0.34077 0.87622
vn 0.28326 -0.38988 0.87622
vn 0.21879 -0.42939 0.87622
vn 0.14892 -0.45833 0.87622
vn 0.07539 -0.47599 0.87622
vn 0.00000 -0.48192 0.87622
f 1/1/1 6/6/6 7/7/7
f 1/1/1 7/7/7 2/2/2
f 2/2/2 7/7/7 8/8/8
f 2/2/2 8/8/8 3/3/3
f 3/3/3 8/8/8 9/9/9
f 3/3/3 9/9/9 4/4/4
f 4/4/4 9/9/9 10/10/10
f 4/4/4 10/10/10 5/5/5
f 6/6/6 11/11/11 12/12/12
f 6/6/6 12/12/12 7/7/7
f 7/7/7 12/12/12 13/13/13
f 7/7/7 13/13/13 8/8/8
f 8/8/8 13/13/13 14/14/14
f 8/8/8 14/14/14 9/9/9
f 9/9/9 14/14/14 15/15/15
f 9/9/9 15/15/15 10/10/10
f 11/11/11 16/16/16 17/17/17
f 11/11/11 17/17/17 12/12/12
f 12/12/12 17/17/17 18/18/18
f 12/12/12 18/18/18 13/13/13
f 13/13/13 18/18/18 19/19/19
f 13/13/13 19/19/19 14/14/14
f 14/14/14 19/19/19 20/20/20
f 14/14/14 20/20/20 15/15/15
f 16/16/16 21/21/21 22/22/22
f 16/16/16 22/22/22 17/17/17
f 17/17/17 22/22/22 23/23/23
f 17/17/17 23/23/23 18/18/18
f 18/18/18 23/23/23 24/24/24
f 18/18/18 24/24/24 19/19/19
f 19/19/19 24/24/24 25/25/25
f 19/19/19 25/25/25 20/20/20
f 21/21/21 26/26/26 27/27/27
f 21/21/21 27/27/27 22/22/22
f 22/22/22 27/27/27 28/28/28
f 22/22/22 28/28/28 23/23/23
f 23/23/23 28/28/28 29/29/29
f 23/23/23 29/29/29 24/24/24
f 24/24/24 29/29/29 30/30/30
f 24/24/24 30/30/30 25/25/25
f 26/26/26 31/31/31 32/32/32
f 26/26/26 32/32/32 27/27/27
f 27/27/27 32/32/32 33/33/33
f 27/27/27 33/33/33 28/28/28
f 28/28/28 33/33/33 34/34/34
f 28/28/28 34/34/34 29/29/29
f 29/29/29 34/34/34 35/35/35
f 29/29/29 35/35/35 30/30/30
f 31/31/31 36/36/36 37/37/37
f 31/31/31 37/37/37 32/32/32
f 32/32/32 37/37/37 38/38/38
f 32/32/32 38/38/38 33/33/33
f 33/33/33 38/38/38 39/39/39
f 33/33/33 39/39/39 34/34/34
f 34/34/34 39/39/39 40/40/40
f 34/34/34 40/40/40 35/35/35
f 36/36/36 41/41/41 42/42/42
f 36/36/36 42/42/42 37/37/37
f 37/37/37 42/42/42 43/43/43
f 37/37/37 43/43/43 38/38/38
f 38/38/38 43/43/43 44/44/44
f 38/38/38 44/44/44 39/39/39
f 39/39/39 44/44/44 45/45/45
f 39/39/39 45/45/45 40/40/40
f 41/41/41 46/46/46 47/47/47
f 41/41/41 47/47/47 42/42/42
f 42/42/42 47/47/47 48/48/48
f 42/42/42 48/48/48 43/43/43
f 43/43/43 48/48/48 49/49/49
f 43/43/43 49/49/49 44/44/44
f 44/44/44 49/49/49 50/50/50
f 44/44/44 50/50/50 45/45/45
f 46/46/46 51/51/51 52/52/52
f 46/46/46 52/52/52 47/47/47
f 47/47/47 52/52/52 53/53/53
f 47/47/47 53/53/53 48/48/48
f 48/48/48 53/53/53 54/54/54
f 48/48/48 54/54/54 49/49/49
f 49/49/49 54/54/54 55/55/55
f 49/49/49 55/55/55 50/50/50
f 51/51/51 56/56/56 57/57/57
f 51/51/51 57/57/57 52/52/52
f 52/52/52 57/57/57 58/58/58
f 52/52/52 58/58/58 53/53/53
f 53/53/53 58/58/58 59/59/59
f 53/53/53 59/59/59 54/54/54
f 54/54/54 59/59/59 60/60/60
f 54/54/54 60/60/60 55/55/55
f 56/56/56 61/61/61 62/62/62
f 56/56/56 62/62/62 57/57/57
f 57/57/57 62/62/62 63/63/63
f 57/57/57 63/63/63 58/58/58
f 58/58/58 63/63/63 64/64/64
f 58/58/58 64/64/64 59/59/59
f 59/59/59 64/64/64 65/65/65
f 59/59/59 65/65/65 60/60/60
f 61/61/61 66/66/66 67/67/67
f 61/61/61 67/67/67 62/62/62
f 62/62/62 67/67/67 68/68/68
f 62/62/62 68/68/68 63/63/63
f 63/63/63 68/68/68 69/69/69
f 63/63/63 69/69/69 64/64/64
f 64/64/64 69/69/69 70/70/70
f 64/64/64 70/70/70 65/65/65
f 66/66/66 71/71/71 72/72/72
f 66/66/66 72/72/72 67/67/67
f 67/67/67 72/72/72 73/73/73
f 67/67/67 73/73/73 68/68/68
f 68/68/68 73/73/73 74/74/74
f 68/68/68 74/74/74 69/69/69
f 69/69/69 74/74/74 75/75/75
f 69/69/69 75/75/75 70/70/70
f 76/76/76 97/97/97 98/98/98
f 76/76/76 98/98/98 77/77/77
f 77/77/77 98/98/98 99/99/99
f 77/77/77 99/99/99 78/78/78
f 78/78/78 99/99/99 100/100/100
f 78/78/78 100/100/100 79/79/79
f 79/79/79 100/100/100 101/101/101
f 79/79/79 101/101/101 80/80/80
f 80/80/80 101/101/101 102/102/102
f 80/80/80 102/102/102 81/81/81
f 81/81/81 102/102/102 103/103/103
f 81/81/81 103/103/103 82/82/82
f 82/82/82 103/103/103 104/104/104
f 82/82/82 104/104/104 83/83/83
f 83/83/83 104/104/104 105/105/105
f 83/83/83 105/105/105 84/84/84
f 84/84/84 105/105/105 106/106/106
f 84/84/84 106/106/106 85/85/85
f 85/85/85 106/106/106 107/107/107
f 85/85/85 107/107/107 86/86/86
f 86/86/86 107/107/107 108/108/108
f 86/86/86 108/108/108 87/87/87
f 87/87/87 108/108/108 109/109/109
f 87/87/87 109/109/109 88/88/88
f 88/88/88 109/109/109 110/110/110
f 88/88/88 110/110/110 89/89/89
f 89/89/89 110/110/110 111/111/111
f 89/89/89 111/111/111 90/90/90
f 90/90/90 111/111/111 112/112/112
f 90/90/90 112/112/112 91/91/91
f 91/91/91 112/112/112 113/113/113
f 91/91/91 113/113/113 92/92/92
f 92/92/92 113/113/113 114/114/114
f 92/92/92 114/114/114 93/93/93
f 93/93/93 114/114/114 115/115/115
f 93/93/93 115/115/115 94/94/94
f 94/94/94 115/115/115 116/116/116
f 94/94/94 116/116/116 95/95/95
f 95/95/95 116/116/116 117/117/117
f 95/95/95 117/117/117 96/96/96
f 97/97/97 118/118/118 119/119/119
f 97/97/97 119/119/119 98/98/98
f 98/98/98 119/119/119 120/120/120
f 98/98/98 120/120/120 99/99/99
f 99/99/99 120/120/120 121/121/121
f 99/99/99 121/121/121 100/100/100
f 100/100/100 121/121/121 122/122/122
f 100/100/100 122/122/122 101/101/101
f 101/101/101 122/122/122 123/123/123
f 101/101/101 123/123/123 102/102/102
f 102/102/102 123/123/123 124/124/124
f 102/102/102 124/124/124 103/103/103
f 103/103/103 124/124/124 125/125/125
f 103/103/103 125/125/125 104/104/104
f 104/104/104 125/125/125 126/126/126
f 104/104/104 126/126/126 105/105/105
f 105/105/105 126/126/126 127/127/127
f 105/105/105 127/127/127 106/106/106
f 106/106/106 127/127/127 128/128/128
f 106/106/106 128/128/128 107/107/107
f 107/107/107 128/128/128 129/129/129
f 107/107/107 129/129/129 108/108/108
f 108/108/108 129/129/129 130/130/130
f 108/108/108 130/130/130 109/109/109
f 109/109/109 130/130/130 131/131/131
f 109/109/109 131/131/131 110/110/110
f 110/110/110 131/131/131 132/132/132
f 110/110/110 132/132/132 111/111/111
f 111/111/111 132/132/132 133/133/133
f 111/111/111 133/133/133 112/112/112
f 112/112/112 133/133/133 134/134/134
f 112/112/112 134/134/134 113/113/113
f 113/113/113 134/134/134 135/135/135
f 113/113/113 135/135/135 114/114/114
f 114/114/114 135/135/135 136/136/136
f 114/114/114 136/136/136 115/115/115
f 115/115/115 136/136/136 137/137/137
f 115/115/115 137/137/137 116/116/116
f 116/116/116 137/137/137 138/138/138
f 116/116/116 138/138/138 117/117/117
f 118/118/118 139/139/139 140/140/140
f 118/118/118 140/140/140 119/119/119
f 119/119/119 140/140/140 141/141/141
f 119/119/119 141/141/141 120/120/120
f 120/120/120 141/141/141 142/142/142
f 120/120/120 142/142/142 121/121/121
f 121/121/121 142/142/142 143/143/143
f 121/121/121 143/143/143 122/122/122
f 122/122/122 143/143/143 144/144/144
f 122/122/122 144/144/144 123/123/123
f 123/123/123 144/144/144 145/145/145
f 123/123/123 145/145/145 124/124/124
f 124/124/124 145/145/145 146/146/146
f 124/124/124 146/146/146 125/125/125
f 125/125/125 146/146/146 147/147/147
f 125/125/125 147/147/147 126/126/126
f 126/126/126 147/147/147 148/148/148
f 126/126/126 148/148/148 127/127/127
f 127/127/127 148/148/148 149/149/149
f 127/127/127 149/149/149 128/128/128
f 128/128/128 149/149/149 150/150/150
f 128/128/128 150/150/150 129/129/129
f 129/129/129 150/150/150 151/151/151
f 129/129/129 151/151/151 130/130/130
f 130/130/130 151/151/151 152/152/152
f 130/130/130 152/152/152 131/131/131
f 131/131/131 152/152/152 153/153/153
f 131/131/131 153/153/153 132/132/132
f 132/132/132 153/153/153 154/154/154
f 132/132/132 154/154/154 133/133/133
f 133/133/133 154/154/154 155/155/155
f 133/133/133 155/155/155 134/134/134
f 134/134/134 155/155/155 156/156/156
f 134/134/134 156/156/156 135/135/135
f 135/135/135 156/156/156 157/157/157
f 135/135/135 157/157/157 136/136/136
f 136/136/136 157/157/157 158/158/158
f 136/136/136 158/158/158 137/137/137
f 137/137/137 158/158/158 159/159/159
f 137/137/137 159/159/159 138/138/138
f 139/139/139 160/160/160 161/161/161
f 139/139/139 161/161/161 140/140/140
f 140/140/140 161/161/161 162/162/162
f 140/140/140 162/162/162 141/141/141
f 141/141/141 162/162/162 163/163/163
f 141/141/141 163/163/163 142/142/142
f 142/142/142 163/163/163 164/164/164
f 142/142/142 164/164/164 143/143/143
f 143/143/143 164/164/164 165/165/165
f 143/143/143 165/165/165 144/144/144
f 144/144/144 165/165/165 166/166/166
f 144/144/144 166/166/166 145/145/145
f 145/145/145 166/166/166 167/167/167
f 145/145/145 167/167/167 146/146/146
f 146/146/146 167/167/167 168/168/168
f 146/146/146 168/168/168 147/147/147
f 147/147/147 168/168/168 169/169/169
f 147/147/147 169/169/169 148/148/148
f 148/148/148 169/169/169 170/170/170
f 148/148/148 170/170/170 149/149/149
f 149/149/149 170/170/170 171/171/171
f 149/149/149 171/171/171 150/150/150
f 150/150/150 171/171/171 172/172/172
f 150/150/150 172/172/172 151/151/151
f 151/151/151 172/172/172 173/173/173
f 151/151/151 173/173/173 152/152/152
f 152/152/152 173/173/173 174/174/174
f 152/152/152 174/174/174 153/153/153
f 153/153/153 174/174/174 175/175/175
f 153/153/153 175/175/175 154/154/154
f 154/154/154 175/175/175 176/176/176
f 154/154/154 176/176/176 155/155/155
f 155/155/155 176/176/176 177/177/177
f 155/155/155 177/177/177 156/156/156
f 156/156/156 177/177/177 178/178/178
f 156/156/156 178/178/178 157/157/157
f 157/157/157 178/178/178 179/179/179
f 157/157/157 179/179/179 158/158/158
f 158/158/158 179/179/179 180/180/180
f 158/158/158 180/180/180 159/159/159
f 160/160/160 181/181/181 182/182/182
f 160/160/160 182/182/182 161/161/161
f 161/161/161 182/182/182 183/183/183
f 161/161/161 183/183/183 162/162/162
f 162/162/162 183/183/183 184/184/184
f 162/162/162 184/184/184 163/163/163
f 163/163/163 184/184/184 185/185/185
f 163/163/163 185/185/185 164/164/164
f 164/164/164 185/185/185 186/186/186
f 164/164/164 186/186/186 165/165/165
f 165/165/165 186/186/186 187/187/187
f 165/165/165 187/187/187 166/166/166
f 166/166/166 187/187/187 188/188/188
f 166/166/166 188/188/188 167/167/167
f 167/167/167 188/188/188 189/189/189
f 167/167/167 189/189/189 168/168/168
f 168/168/168 189/189/189 190/190/190
f 168/168/168 190/190/190 169/169/169
f 169/169/169 190/190/190 191/191/191
f 169/169/169 191/191/191 170/170/170
f 170/170/170 191/191/191 192/192/192
f 170/170/170 192/192/192 171/171/171
f 171/171/171 192/192/192 193/193/193
f 171/171/171 193/193/193 172/172/172
f 172/172/172 193/193/193 194/194/194
f 172/172/172 194/194/194 173/173/173
f 173/173/173 194/194/194 195/195/195
f 173/173/173 195/195/195 174/174/174
f 174/174/174 195/195/195 196/196/196
f 174/174/174 196/196/196 175/175/175
f 175/175/175 196/196/196 197/197/197
f 175/175/175 197/197/197 176/176/176
f 176/176/176 197/197/197 198/198/198
f 176/176/176 198/198/198 177/177/177
f 177/177/177 198/198/198 199/199/199
f 177/177/177 199/199/199 178/178/178
f 178/178/178 199/199/199 200/200/200
f 178/178/178 200/200/200 179/179/179
f 179/179/179 200/200/200 201/201/201
f 179/179/179 201/201/201 180/180/180
f 181/181/181 202/202/202 203/203/203
f 181/181/181 203/203/203 182/182/182
f 182/182/182 203/203/203 204/204/204
f 182/182/182 204/204/204 183/183/183
f 183/183/183 204/204/204 205/205/205
f 183/183/183 205/205/205 184/184/184
f 184/184/184 205/205/205 206/206/206
f 184/184/184 206/206/206 185/185/185
f 185/185/185 206/206/206 207/207/207
f 185/185/185 207/207/207 186/186/186
f 186/186/186 207/207/207 208/208/208
f 186/186/186 208/208/208 187/187/187
f 187/187/187 208/208/208 209/209/209
f 187/187/187 209/209/209 188/188/188
f 188/188/188 209/209/209 210/210/210
f 188/188/188 210/210/210 189/189/189
f 189/189/189 210/210/210 211/211/211
f 189/189/189 211/211/211 190/190/190
f 190/190/190 211/211/211 212/212/212
f 190/190/190 212/212/212 191/191/191
f 191/191/191 212/212/212 213/213/213
f 191/191/191 213/213/213 192/192/192
f 192/192/192 213/213/213 214/214/214
f 192/192/192 214/214/214 193/193/193
f 193/193/193 214/214/214 215/215/215
f 193/193/193 215/215/215 194/194/194
f 194/194/194 215/215/215 216/216/216
f 194/194/194 216/216/216 195/195/195
f 195/195/195 216/216/216 217/217/217
f 195/195/195 217/217/217 196/196/196
f 196/196/196 217/217/217 218/218/218
f 196/196/196 218/218/218 197/197/197
f 197/197/197 218/218/218 219/219/219
f 197/197/197 219/219/219 198/198/198
f 198/198/198 219/219/219 220/220/220
f 198/198/198 220/220/220 199/199/199
f 199/199/199 220/220/220 221/221/221
f 199/199/199 221/221/221 200/200/200
f 200/200/200 221/221/221 222/222/222
f 200/200/200 222/222/222 201/201/201
f 202/202/202 223/223/223 224/224/224
f 202/202/202 224/224/224 203/203/203
f 203/203/203 224/224/224 225/225/225
f 203/203/203 225/225/225 204/204/204
f 204/204/204 225/225/225 226/226/226
f 204/204/204 226/226/226 205/205/205
f 205/205/205 226/226/226 227/227/227
f 205/205/205 227/227/227 206/206/206
f 206/206/206 227/227/227 228/228/228
f 206/206/206 228/228/228 207/207/207
f 207/207/207 228/228/228 229/229/229
f 207/207/207 229/229/229 208/208/208
f 208/208/208 229/229/229 230/230/230
f 208/208/208 230/230/230 209/209/209
f 209/209/209 230/230/230 231/231/231
f 209/209/209 231/231/231 210/210/210
f 210/210/210 231/231/231 232/232/232
f 210/210/210 232/232/232 211/211/211
f 211/211/211 232/232/232 233/233/233
f 211/211/211 233/233/233 212/212/212
f 212/212/212 233/233/233 234/234/234
f 212/212/212 234/234/234 213/213/213
f 213/213/213 234/234/234 235/235/235
f 213/213/213 235/235/235 214/214/214
f 214/214/214 235/235/235 236/236/236
f 214/214/214 236/236/236 215/215/215
f 215/215/215 236/236/236 237/237/237
f 215/215/215 237/237/237 216/216/216
f 216/216/216 237/237/237 238/238/238
f 216/216/216 238/238/238 217/217/217
f 217/217/217 238/238/238 239/239/239
f 217/217/217 239/239/239 218/218/218
f 218/218/218 239/239/239 240/240/240
f 218/218/218 240/240/240 219/219/219
f 219/219/219 240/240/240 241/241/241
f 219/219/219 241/241/241 220/220/220
f 220/220/220 241/241/241 242/242/242
f 220/220/220 242/242/242 221/221/221
f 221/221/221 242/242/242 243/243/243
f 221/221/221 243/243/243 222/222/222
f 223/223/223 244/244/244 245/245/245
f 223/223/223 245/245/245 224/224/224
f 224/224/224 245/245/245 246/246/246
f 224/224/224 246/246/246 225/225/225
f 225/225/225 246/246/246 247/247/247
f 225/225/225 247/247/247 226/226/226
f 226/226/226 247/247/247 248/248/248
f 226/226/226 248/248/248 227/227/227
f 227/227/227 248/248/248 249/249/249
f 227/227/227 249/249/249 228/228/228
f 228/228/228 249/249/249 250/250/250
f 228/228/228 250/250/250 229/229/229
f 229/229/229 250/250/250 251/251/251
f 229/229/229 251/251/251 230/230/230
f 230/230/230 251/251/251 252/252/252
f 230/230/230 252/252/252 231/231/231
f 231/231/231 252/252/252 253/253/253
f 231/231/231 253/253/253 232/232/232
f 232/232/232 253/253/253 254/254/254
f 232/232/232 254/254/254 233/233/233
f 233/233/233 254/254/254 255/255/255
f 233/233/233 255/255/255 234/234/234
f 234/234/234 255/255/255 256/256/256
f 234/234/234 256/256/256 235/235/235
f 235/235/235 256/256/256 257/257/257
f 235/235/235 257/257/257 236/236/236
f 236/236/236 257/257/257 258/258/258
f 236/236/236 258/258/258 237/237/237
f 237/237/237 258/258/258 259/259/259
f 237/237/237 259/259/259 238/238/238
f 238/238/238 259/259/259 260/260/260
f 238/238/238 260/260/260 239/239/239
f 239/239/239 260/260/260 261/261/261
f 239/239/239 261/261/261 240/240/240
f 240/240/240 261/261/261 262/262/262
f 240/240/240 262/262/262 241/241/241
f 241/241/241 262/262/262 263/263/263
f 241/241/241 263/263/263 242/242/242
f 242/242/242 263/263/263 264/264/264
f 242/242/242 264/264/264 243/243/243
f 244/244/244 265/265/265 266/266/266
f 244/244/244 266/266/266 245/245/245
f 245/245/245 266/266/266 267/267/267
f 245/245/245 267/267/267 246/246/246
f 246/246/246 267/267/267 268/268/268
f 246/246/246 268/268/268 247/247/247
f 247/247/247 268/268/268 269/269/269
f 247/247/247 269/269/269 248/248/248
f 248/248/248 269/269/269 270/270/270
f 248/248/248 270/270/270 249/249/249
f 249/249/249 270/270/270 271/271/271
f 249/249/249 271/271/271 250/250/250
f 250/250/250 271/271/271 272/272/272
f 250/250/250 272/272/272 251/251/251
f 251/251/251 272/272/272 273/273/273
f 251/251/251 273/273/273 252/252/252
f 252/252/252 273/273/273 274/274/274
f 252/252/252 274/274/274 253/253/253
f 253/253/253 274/274/274 275/275/275
f 253/253/253 275/275/275 254/254/254
f 254/254/254 275/275/275 276/276/276
f 254/254/254 276/276/276 255/255/255
f 255/255/255 276/276/276 277/277/277
f 255/255/255 277/277/277 256/256/256
f 256/256/256 277/277/277 278/278/278
f 256/256/256 278/278/278 257/257/257
f 257/257/257 278/278/278 279/279/279
f 257/257/257 279/279/279 258/258/258
f 258/258/258 279/279/279 280/280/280
f 258/258/258 280/280/280 259/259/259
f 259/259/259 280/280/280 281/281/281
f 259/259/259 281/281/281 260/260/260
f 260/260/260 281/281/281 282/282/282
f 260/260/260 282/282/282 261/261/261
f 261/261/261 282/282/282 283/283/283
f 261/261/261 283/283/283 262/262/262
f 262/262/262 283/283/283 284/284/284
f 262/262/262 284/284/284 263/263/263
f 263/263/263 284/284/284 285/285/285
f 263/263/263 285/285/285 264/264/264
f 265/265/265 286/286/286 287/287/287
f 265/265/265 287/287/287 266/266/266
f 266/266/266 287/287/287 288/288/288
f 266/266/266 288/288/288 267/267/267
f 267/267/267 288/288/288 289/289/289
f 267/267/267 289/289/289 268/268/268
f 268/268/268 289/289/289 290/290/290
f 268/268/268 290/290/290 269/269/269
f 269/269/269 290/290/290 291/291/291
f 269/269/269 291/291/291 270/270/270
f 270/270/270 291/291/291 292/292/292
f 270/270/270 292/292/292 271/271/271
f 271/271/271 292/292/292 293/293/293
f 271/271/271 293/293/293 272/272/272
f 272/272/272 293/293/293 294/294/294
f 272/272/272 294/294/294 273/273/273
f 273/273/273 294/294/294 295/295/295
f 273/273/273 295/295/295 274/274/274
f 274/274/274 295/295/295 296/296/296
f 274/274/274 296/296/296 275/275/275
f 275/275/275 296/296/296 297/297/297
f 275/275/275 297/297/297 276/276/276
f 276/276/276 297/297/297 298/298/298
f 276/276/276 298/298/298 277/277/277
f 277/277/277 298/298/298 299/299/299
f 277/277/277 299/299/299 278/278/278
f 278/278/278 299/299/299 300/300/300
f 278/278/278 300/300/300 279/279/279
f 279/279/279 300/300/300 301/301/301
f 279/279/279 301/301/301 280/280/280
f 280/280/280 301/301/301 302/302/302
f 280/280/280 302/302/302 281/281/281
f 281/281/281 302/302/302 303/303/303
f 281/281/281 303/303/303 282/282/282
f 282/282/282 303/303/303 304/304/304
f 282/282/282 304/304/304 283/283/283
f 283/283/283 304/304/304 305/305/305
f 283/283/283 305/305/305 284/284/284
f 284/284/284 305/305/305 306/306/306
f 284/284/284 306/306/306 285/285/285
f 286/286/286 307/307/307 308/308/308
f 286/286/286 308/308/308 287/287/287
f 287/287/287 308/308/308 309/309/309
f 287/287/287 309/309/309 288/288/288
f 288/288/288 309/309/309 310/310/310
f 288/288/288 310/310/310 289/289/289
f 289/289/289 310/310/310 311/311/311
f 289/289/289 311/311/311 290/290/290
f 290/290/290 311/311/311 312/312/312
f 290/290/290 312/312/312 291/291/291
f 291/291/291 312/312/312 313/313/313
f 291/291/291 313/313/313 292/292/292
f 292/292/292 313/313/313 314/314/314
f 292/292/292 314/314/314 293/293/293
f 293/293/293 314/314/314 315/315/315
f 293/293/293 315/315/315 294/294/294
f 294/294/294 315/315/315 316/316/316
f 294/294/294 316/316/316 295/295/295
f 295/295/295 316/316/316 317/317/317
f 295/295/295 317/317/317 296/296/296
f 296/296/296 317/317/317 318/318/318
f 296/296/296 318/318/318 297/297/297
f 297/297/297 318/318/318 319/319/319
f 297/297/297 319/319/319 298/298/298
f 298/298/298 319/319/319 320/320/320
f 298/298/298 320/320/320 299/299/299
f 299/299/299 320/320/320 321/321/321
f 299/299/299 321/321/321 300/300/300
f 300/300/300 321/321/321 322/322/322
f 300/300/300 322/322/322 301/301/301
f 301/301/301 322/322/322 323/323/323
f 301/301/301 323/323/323 302/302/302
f 302/302/302 323/323/323 324/324/324
f 302/302/302 324/324/324 303/303/303
f 303/303/303 324/324/324 325/325/325
f 303/303/303 325/325/325 304/304/304
f 304/304/304 325/325/325 326/326/326
f 304/304/304 326/326/326 305/305/305
f 305/305/305 326/326/326 327/327/327
f 305/305/305 327/327/327 306/306/306
f 307/307/307 328/328/328 329/329/329
f 307/307/307 329/329/329 308/308/308
f 308/308/308 329/329/329 330/330/330
f 308/308/308 330/330/330 309/309/309
f 309/309/309 330/330/330 331/331/331
f 309/309/309 331/331/331 310/310/310
f 310/310/310 331/331/331 332/332/332
f 310/310/310 332/332/332 311/311/311
f 311/311/311 332/332/332 333/333/333
f 311/311/311 333/333/333 312/312/312
f 312/312/312 333/333/333 334/334/334
f 312/312/312 334/334/334 313/313/313
f 313/313/313 334/334/334 335/335/335
f 313/313/313 335/335/335 314/314/314
f 314/314/314 335/335/335 336/336/336
f 314/314/314 336/336/336 315/315/315
f 315/315/315 336/336/336 337/337/337
f 315/315/315 337/337/337 316/316/316
f 316/316/316 337/337/337 338/338/338
f 316/316/316 338/338/338 317/317/317
f 317/317/317 338/338/338 339/339/339
f 317/317/317 339/339/339 318/318/318
f 318/318/318 339/339/339 340/340/340
f 318/318/318 340/340/340 319/319/319
f 319/319/319 340/340/340 341/341/341
f 319/319/319 341/341/341 320/320/320
f 320/320/320 341/341/341 342/342/342
f 320/320/320 342/342/342 321/321/321
f 321/321/321 342/342/342 343/343/343
f 321/321/321 343/343/343 322/322/322
f 322/322/322 343/343/343 344/344/344
f 322/322/322 344/344/344 323/323/323
f 323/323/323 344/344/344 345/345/345
f 323/323/323 345/345/345 324/324/324
f 324/324/324 345/345/345 346/346/346
f 324/324/324 346/346/346 325/325/325
f 325/325/325 346/346/346 347/347/347
f 325/325/325 347/347/347 326/326/326
f 326/326/326 347/347/347 348/348/348
f 326/326/326 348/348/348 327/327/327
f 328/328/328 349/349/349 350/350/350
f 328/328/328 350/350/350 329/329/329
f 329/329/329 350/350/350 351/351/351
f 329/329/329 351/351/351 330/330/330
f 330/330/330 351/351/351 352/352/352
f 330/330/330 352/352/352 331/331/331
f 331/331/331 352/352/352 353/353/353
f 331/331/331 353/353/353 332/332/332
f 332/332/332 353/353/353 354/354/354
f 332/332/332 354/354/354 333/333/333
f 333/333/333 354/354/354 355/355/355
f 333/333/333 355/355/355 334/334/334
f 334/334/334 355/355/355 356/356/356
f 334/334/334 356/356/356 335/335/335
f 335/335/335 356/356/356 357/357/357
f 335/335/335 357/357/357 336/336/336
f 336/336/336 357/357/357 358/358/358
f 336/336/336 358/358/358 337/337/337
f 337/337/337 358/358/358 359/359/359
f 337/337/337 359/359/359 338/338/338
f 338/338/338 359/359/359 360/360/360
f 338/338/338 360/360/360 339/339/339
f 339/339/339 360/360/360 361/361/361
f 339/339/339 361/361/361 340/340/340
f 340/340/340 361/361/361 362/362/362
f 340/340/340 362/362/362 341/341/341
f 341/341/341 362/362/362 363/363/363
f 341/341/341 363/363/363 342/342/342
f 342/342/342 363/363/363 364/364/364
f 342/342/342 364/364/364 343/343/343
f 343/343/343 364/364/364 365/365/365
f 343/343/343 365/365/365 344/344/344
f 344/344/344 365/365/365 366/366/366
f 344/344/344 366/366/366 345/345/345
f 345/345/345 366/366/366 367/367/367
f 345/345/345 367/367/367 346/346/346
f 346/346/346 367/367/367 368/368/368
f 346/346/346 368/368/368 347/347/347
f 347/347/347 368/368/368 369/369/369
f 347/347/347 369/369/369 348/348/348
f 349/349/349 370/370/370 371/371/371
f 349/349/349 371/371/371 350/350/350
f 350/350/350 371/371/371 372/372/372
f 350/350/350 372/372/372 351/351/351
f 351/351/351 372/372/372 373/373/373
f 351/351/351 373/373/373 352/352/352
f 352/352/352 373/373/373 374/374/374
f 352/352/352 374/374/374 353/353/353
f 353/353/353 374/374/374 375/375/375
f 353/353/353 375/375/375 354/354/354
f 354/354/354 375/375/375 376/376/376
f 354/354/354 376/376/376 355/355/355
f 355/355/355 376/376/376 377/377/377
f 355/355/355 377/377/377 356/356/356
f 356/356/356 377/377/377 378/378/378
f 356/356/356 378/378/378 357/357/357
f 357/357/357 378/378/378 379/379/379
f 357/357/357 379/379/379 358/358/358
f 358/358/358 379/379/379 380/380/380
f 358/358/358 380/380/380 359/359/359
f 359/359/359 380/380/380 381/381/381
f 359/359/359 381/381/381 360/360/360
f 360/360/360 381/381/381 382/382/382
f 360/360/360 382/382/382 361/361/361
f 361/361/361 382/382/382 383/383/383
f 361/361/361 383/383/383 362/362/362
f 362/362/362 383/383/383 384/384/384
f 362/362/362 384/384/384 363/363/363
f 363/363/363 384/384/384 385/385/385
f 363/363/363 385/385/385 364/364/364
f 364/364/364 385/385/385 386/386/386
f 364/364/364 386/386/386 365/365/365
f 365/365/365 386/386/386 387/387/387
f 365/365/365 387/387/387 366/366/366
f 366/366/366 387/387/387 388/388/388
f 366/366/366 388/388/388 367/367/367
f 367/367/367 388/388/388 389/389/389
f 367/367/367 389/389/389 368/368/368
f 368/368/368 389/389/389 390/390/390
f 368/368/368 390/390/390 369/369/369
f 370/370/370 391/391/391 392/392/392
f 370/370/370 392/392/392 371/371/371
f 371/371/371 392/392/392 393/393/393
f 371/371/371 393/393/393 372/372/372
f 372/372/372 393/393/393 394/394/394
f 372/372/372 394/394/394 373/373/373
f 373/373/373 394/394/394 395/395/395
f 373/373/373 395/395/395 374/374/374
f 374/374/374 395/395/395 396/396/396
f 374/374/374 396/396/396 375/375/375
f 375/375/375 396/396/396 397/397/397
f 375/375/375 397/397/397 376/376/376
f 376/376/376 397/397/397 398/398/398
f 376/376/376 398/398/398 377/377/377
f 377/377/377 398/398/398 399/399/399
f 377/377/377 399/399/399 378/378/378
f 378/378/378 399/399/399 400/400/400
f 378/378/378 400/400/400 379/379/379
f 379/379/379 400/400/400 401/401/401
f 379/379/379 401/401/401 380/380/380
f 380/380/380 401/401/401 402/402/402
f 380/380/380 402/402/402 381/381/381
f 381/381/381 402/402/402 403/403/403
f 381/381/381 403/403/403 382/382/382
f 382/382/382 403/403/403 404/404/404
f 382/382/382 404/404/404 383/383/383
f 383/383/383 404/404/404 405/405/405
f 383/383/383 405/405/405 384/384/384
f 384/384/384 405/405/405 406/406/406
f 384/384/384 406/406/406 385/385/385
f 385/385/385 406/406/406 407/407/407
f 385/385/385 407/407/407 386/386/386
f 386/386/386 407/407/407 408/408/408
f 386/386/386 408/408/408 387/387/387
f 387/387/387 408/408/408 409/409/409
f 387/387/387 409/409/409 388/388/388
f 388/388/388 409/409/409 410/410/410
f 388/388/388 410/410/410 389/389/389
f 389/389/389 410/410/410 411/411/411
f 389/389/389 411/411/411 390/390/390
f 391/391/391 412/412/412 413/413/413
f 391/391/391 413/413/413 392/392/392
f 392/392/392 413/413/413 414/414/414
f 392/392/392 414/414/414 393/393/393
f 393/393/393 414/414/414 415/415/415
f 393/393/393 415/415/415 394/394/394
f 394/394/394 415/415/415 416/416/416
f 394/394/394 416/416/416 395/395/395
f 395/395/395 416/416/416 417/417/417
f 395/395/395 417/417/417 396/396/396
f 396/396/396 417/417/417 418/418/418
f 396/396/396 418/418/418 397/397/397
f 397/397/397 418/418/418 419/419/419
f 397/397/397 419/419/419 398/398/398
f 398/398/398 419/419/419 420/420/420
f 398/398/398 420/420/420 399/399/399
f 399/399/399 420/420/420 421/421/421
f 399/399/399 421/421/421 400/400/400
f 400/400/400 421/421/421 422/422/422
f 400/400/400 422/422/422 401/401/401
f 401/401/401 422/422/422 423/423/423
f 401/401/401 423/423/423 402/402/402
f 402/402/402 423/423/423 424/424/424
f 402/402/402 424/424/424 403/403/403
f 403/403/403 424/424/424 425/425/425
f 403/403/403 425/425/425 404/404/404
f 404/404/404 425/425/425 426/426/426
f 404/404/404 426/426/426 405/405/405
f 405/405/405 426/426/426 427/427/427
f 405/405/405 427/427/427 406/406/406
f 406/406/406 427/427/427 428/428/428
f 406/406/406 428/428/428 407/407/407
f 407/407/407 428/428/428 429/429/429
f 407/407/407 429/429/429 408/408/408
f 408/408/408 429/429/429 430/430/430
f 408/408/408 430/430/430 409/409/409
f 409/409/409 430/430/430 431/431/431
f 409/409/409 431/431/431 410/410/410
f 410/410/410 431/431/431 432/432/432
f 410/410/410 432/432/432 411/411/411
f 412/412/412 433/433/433 434/434/434
f 412/412/412 434/434/434 413/413/413
f 413/413/413 434/434/434 435/435/435
f 413/413/413 435/435/435 414/414/414
f 414/414/414 435/435/435 436/436/436
f 414/414/414 436/436/436 415/415/415
f 415/415/415 436/436/436 437/437/437
f 415/415/415 437/437/437 416/416/416
f 416/416/416 437/437/437 438/438/438
f 416/416/416 438/438/438 417/417/417
f 417/417/417 438/438/438 439/439/439
f 417/417/417 439/439/439 418/418/418
f 418/418/418 439/439/439 440/440/440
f 418/418/418 440/440/440 419/419/419
f 419/419/419 440/440/440 441/441/441
f 419/419/419 441/441/441 420/420/420
f 420/420/420 441/441/441 442/442/442
f 420/420/420 442/442/442 421/421/421
f 421/421/421 442/442/442 443/443/443
f 421/421/421 443/443/443 422/422/422
f 422/422/422 443/443/443 444/444/444
f 422/422/422 444/444/444 423/423/423
f 423/423/423 444/444/444 445/445/445
f 423/423/423 445/445/445 424/424/424
f 424/424/424 445/445/445 446/446/446
f 424/424/424 446/446/446 425/425/425
f 425/425/425 446/446/446 447/447/447
f 425/425/425 447/447/447 426/426/426
f 426/426/426 447/447/447 448/448/448
f 426/426/426 448/448/448 427/427/427
f 427/427/427 448/448/448 449/449/449
f 427/427/427 449/449/449 428/428/428
f 428/428/428 449/449/449 450/450/450
f 428/428/428 450/450/450 429/429/429
f 429/429/429 450/450/450 451/451/451
f 429/429/429 451/451/451 430/430/430
f 430/430/430 451/451/451 452/452/452
f 430/430/430 452/452/452 431/431/431
f 431/431/431 452/452/452 453/453/453
f 431/431/431 453/453/453 432/432/432
f 433/433/433 454/454/454 455/455/455
f 433/433/433 455/455/455 434/434/434
f 434/434/434 455/455/455 456/456/456
f 434/434/434 456/456/456 435/435/435
f 435/435/435 456/456/456 457/457/457
f 435/435/435 457/457/457 436/436/436
f 436/436/436 457/457/457 458/458/458
f 436/436/436 458/458/458 437/437/437
f 437/437/437 458/458/458 459/459/459
f 437/437/437 459/459/459 438/438/438
f 438/438/438 459/459/459 460/460/460
f 438/438/438 460/460/460 439/439/439
f 439/439/439 460/460/460 461/461/461
f 439/439/439 461/461/461 440/440/440
f 440/440/440 461/461/461 462/462/462
f 440/440/440 462/462/462 441/441/441
f 441/441/441 462/462/462 463/463/463
f 441/441/441 463/463/463 442/442/442
f 442/442/442 463/463/463 464/464/464
f 442/442/442 464/464/464 443/443/443
f 443/443/443 464/464/464 465/465/465
f 443/443/443 465/465/465 444/444/444
f 444/444/444 465/465/465 466/466/466
f 444/444/444 466/466/466 445/445/445
f 445/445/445 466/466/466 467/467/467
f 445/445/445 467/467/467 446/446/446
f 446/446/446 467/467/467 468/468/468
f 446/446/446 468/468/468 447/447/447
f 447/447/447 468/468/468 469/469/469
f 447/447/447 469/469/469 448/448/448
f 448/448/448 469/469/469 470/470/470
f 448/448/448 470/470/470 449/449/449
f 449/449/449 470/470/470 471/471/471
f 449/449/449 471/471/471 450/450/450
f 450/450/450 471/471/471 472/472/472
f 450/450/450 472/472/472 451/451/451
f 451/451/451 472/472/472 473/473/473
f 451/451/451 473/473/473 452/452/452
f 452/452/452 473/473/473 474/474/474
f 452/452/452 474/474/474 453/453/453
f 454/454/454 475/475/475 476/476/476
f 454/454/454 476/476/476 455/455/455
f 455/455/455 476/476/476 477/477/477
f 455/455/455 477/477/477 456/456/456
f 456/456/456 477/477/477 478/478/478
f 456/456/456 478/478/478 457/457/457
f 457/457/457 478/478/478 479/479/479
f 457/457/457 479/479/479 458/458/458
f 458/458/458 479/479/479 480/480/480
f 458/458/458 480/480/480 459/459/459
f 459/459/459 480/480/480 481/481/481
f 459/459/459 481/481/481 460/460/460
f 460/460/460 481/481/481 482/482/482
f 460/460/460 482/482/482 461/461/461
f 461/461/461 482/482/482 483/483/483
f 461/461/461 483/483/483 462/462/462
f 462/462/462 483/483/483 484/484/484
f 462/462/462 484/484/484 463/463/463
f 463/463/463 484/484/484 485/485/485
f 463/463/463 485/485/485 464/464/464
f 464/464/464 485/485/485 486/486/486
f 464/464/464 486/486/486 465/465/465
f 465/465/465 486/486/486 487/487/487
f 465/465/465 487/487/487 466/466/466
f 466/466/466 487/487/487 488/488/488
f 466/466/466 488/488/488 467/467/467
f 467/467/467 488/488/488 489/489/489
f 467/467/467 489/489/489 468/468/468
f 468/468/468 489/489/489 490/490/490
f 468/468/468 490/490/490 469/469/469
f 469/469/469 490/490/490 491/491/491
f 469/469/469 491/491/491 470/470/470
f 470/470/470 491/491/491 492/492/492
f 470/470/470 492/492/492 471/471/471
f 471/471/471 492/492/492 493/493/493
f 471/471/471 493/493/493 472/472/472
f 472/472/472 493/493/493 494/494/494
f 472/472/472 494/494/494 473/473/473
f 473/473/473 494/494/494 495/495/495
f 473/473/473 495/495/495 474/474/474
f 475/475/475 496/496/496 497/497/497
f 475/475/475 497/497/497 476/476/476
f 476/476/476 497/497/497 498/498/498
f 476/476/476 498/498/498 477/477/477
f 477/477/477 498/498/498 499/499/499
f 477/477/477 499/499/499 478/478/478
f 478/478/478 499/499/499 500/500/500
f 478/478/478 500/500/500 479/479/479
f 479/479/479 500/500/500 501/501/501
f 479/479/479 501/501/501 480/480/480
f 480/480/480 501/501/501 502/502/502
f 480/480/480 502/502/502 481/481/481
f 481/481/481 502/502/502 503/503/503
f 481/481/481 503/503/503 482/482/482
f 482/482/482 503/503/503 504/504/504
f 482/482/482 504/504/504 483/483/483
f 483/483/483 504/504/504 505/505/505
f 483/483/483 505/505/505 484/484/484
f 484/484/484 505/505/505 506/506/506
f 484/484/484 506/506/506 485/485/485
f 485/485/485 506/506/506 507/507/507
f 485/485/485 507/507/507 486/486/486
f 486/486/486 507/507/507 508/508/508
f 486/486/486 508/508/508 487/487/487
f 487/487/487 508/508/508 509/509/509
f 487/487/487 509/509/509 488/488/488
f 488/488/488 509/509/509 510/510/510
f 488/488/488 510/510/510 489/489/489
f 489/489/489 510/510/510 511/511/511
f 489/489/489 511/511/511 490/490/490
f 490/490/490 511/511/511 512/512/512
f 490/490/490 512/512/512 491/491/491
f 491/491/491 512/512/512 513/513/513
f 491/491/491 513/513/513 492/492/492
f 492/492/492 513/513/513 514/514/514
f 492/492/492 514/514/514 493/493/493
f 493/493/493 514/514/514 515/515/515
f 493/493/493 515/515/515 494/494/494
f 494/494/494 515/515/515 516/516/516
f 494/494/494 516/516/516 495/495/495
f 496/496/496 517/517/517 518/518/518
f 496/496/496 518/518/518 497/497/497
f 497/497/497 518/518/518 519/519/519
f 497/497/497 519/519/519 498/498/498
f 498/498/498 519/519/519 520/520/520
f 498/498/498 520/520/520 499/499/499
f 499/499/499 520/520/520 521/521/521
f 499/499/499 521/521/521 500/500/500
f 500/500/500 521/521/521 522/522/522
f 500/500/500 522/522/522 501/501/501
f 501/501/501 522/522/522 523/523/523
f 501/501/501 523/523/523 502/502/502
f 502/502/502 523/523/523 524/524/524
f 502/502/502 524/524/524 503/503/503
f 503/503/503 524/524/524 525/525/525
f 503/503/503 525/525/525 504/504/504
f 504/504/504 525/525/525 526/526/526
f 504/504/504 526/526/526 505/505/505
f 505/505/505 526/526/526 527/527/527
f 505/505/505 527/527/527 506/506/506
f 506/506/506 527/527/527 528/528/528
f 506/506/506 528/528/528 507/507/507
f 507/507/507 528/528/528 529/529/529
f 507/507/507 529/529/529 508/508/508
f 508/508/508 529/529/529 530/530/530
f 508/508/508 530/530/530 509/509/509
f 509/509/509 530/530/530 531/531/531
f 509/509/509 531/531/531 510/510/510
f 510/510/510 531/531/531 532/532/532
f 510/510/510 532/532/532 511/511/511
f 511/511/511 532/532/532 533/533/533
f 511/511/511 533/533/533 512/512/512
f 512/512/512 533/533/533 534/534/534
f 512/512/512 534/534/534 513/513/513
f 513/513/513 534/534/534 535/535/535
f 513/513/513 535/535/535 514/514/514
f 514/514/514 535/535/535 536/536/536
f 514/514/514 536/536/536 515/515/515
f 515/515/515 536/536/536 537/537/537
f 515/515/515 537/537/537 516/516/516
f 517/517/517 538/538/538 539/539/539
f 517/517/517 539/539/539 518/518/518
f 518/518/518 539/539/539 540/540/540
f 518/518/518 540/540/540 519/519/519
f 519/519/519 540/540/540 541/541/541
f 519/519/519 541/541/541 520/520/520
f 520/520/520 541/541/541 542/542/542
f 520/520/520 542/542/542 521/521/521
f 521/521/521 542/542/542 543/543/543
f 521/521/521 543/543/543 522/522/522
f 522/522/522 543/543/543 544/544/544
f 522/522/522 544/544/544 523/523/523
f 523/523/523 544/544/544 545/545/545
f 523/523/523 545/545/545 524/524/524
f 524/524/524 545/545/545 546/546/546
f 524/524/524 546/546/546 525/525/525
f 525/525/525 546/546/546 547/547/547
f 525/525/525 547/547/547 526/526/526
f 526/526/526 547/547/547 548/548/548
f 526/526/526 548/548/548 527/527/527
f 527/527/527 548/548/548 549/549/549
f 527/527/527 549/549/549 528/528/528
f 528/528/528 549/549/549 550/550/550
f 528/528/528 550/550/550 529/529/529
f 529/529/529 550/550/550 551/551/551
f 529/529/529 551/551/551 530/530/530
f 530/530/530 551/551/551 552/552/552
f 530/530/530 552/552/552 531/531/531
f 531/531/531 552/552/552 553/553/553
f 531/531/531 553/553/553 532/532/532
f 532/532/532 553/553/553 554/554/554
f 532/532/532 554/554/554 533/533/533
f 533/533/533 554/554/554 555/555/555
f 533/533/533 555/555/555 534/534/534
f 534/534/534 555/555/555 556/556/556
f 534/534/534 556/556/556 535/535/535
f 535/535/535 556/556/556 557/557/557
f 535/535/535 557/557/557 536/536/536
f 536/536/536 557/557/557 558/558/558
f 536/536/536 558/558/558 537/537/537
f 538/538/538 559/559/559 560/560/560
f 538/538/538 560/560/560 539/539/539
f 539/539/539 560/560/560 561/561/561
f 539/539/539 561/561/561 540/540/540
f 540/540/540 561/561/561 562/562/562
f 540/540/540 562/562/562 541/541/541
f 541/541/541 562/562/562 563/563/563
f 541/541/541 563/563/563 542/542/542
f 542/542/542 563/563/563 564/564/564
f 542/542/542 564/564/564 543/543/543
f 543/543/543 564/564/564 565/565/565
f 543/543/543 565/565/565 544/544/544
f 544/544/544 565/565/565 566/566/566
f 544/544/544 566/566/566 545/545/545
f 545/545/545 566/566/566 567/567/567
f 545/545/545 567/567/567 546/546/546
f 546/546/546 567/567/567 568/568/568
f 546/546/546 568/568/568 547/547/547
f 547/547/547 568/568/568 569/569/569
f 547/547/547 569/569/569 548/548/548
f 548/548/548 569/569/569 570/570/570
f 548/548/548 570/570/570 549/549/549
f 549/549/549 570/570/570 571/571/571
f 549/549/549 571/571/571 550/550/550
f 550/550/550 571/571/571 572/572/572
f 550/550/550 572/572/572 551/551/551
f 551/551/551 572/572/572 573/573/573
f 551/551/551 573/573/573 552/552/552
f 552/552/552 573/573/573 574/574/574
f 552/552/552 574/574/574 553/553/553
f 553/553/553 574/574/574 575/575/575
f 553/553/553 575/575/575 554/554/554
f 554/554/554 575/575/575 576/576/576
f 554/554/554 576/576/576 555/555/555
f 555/555/555 576/576/576 577/577/577
f 555/555/555 577/577/577 556/556/556
f 556/556/556 577/577/577 578/578/578
f 556/556/556 578/578/578 557/557/557
f 557/557/557 578/578/578 579/579/579
f 557/557/557 579/579/579 558/558/558
f 559/559/559 580/580/580 581/581/581
f 559/559/559 581/581/581 560/560/560
f 560/560/560 581/581/581 582/582/582
f 560/560/560 582/582/582 561/561/561
f 561/561/561 582/582/582 583/583/583
f 561/561/561 583/583/583 562/562/562
f 562/562/562 583/583/583 584/584/584
f 562/562/562 584/584/584 563/563/563
f 563/563/563 584/584/584 585/585/585
f 563/563/563 585/585/585 564/564/564
f 564/564/564 585/585/585 586/586/586
f 564/564/564 586/586/586 565/565/565
f 565/565/565 586/586/586 587/587/587
f 565/565/565 587/587/587 566/566/566
f 566/566/566 587/587/587 588/588/588
f 566/566/566 588/588/588 567/567/567
f 567/567/567 588/588/588 589/589/589
f 567/567/567 589/589/589 568/568/568
f 568/568/568 589/589/589 590/590/590
f 568/568/568 590/590/590 569/569/569
f 569/569/569 590/590/590 591/591/591
f 569/569/569 591/591/591 570/570/570
f 570/570/570 591/591/591 592/592/592
f 570/570/570 592/592/592 571/571/571
f 571/571/571 592/592/592 593/593/593
f 571/571/571 593/593/593 572/572/572
f 572/572/572 593/593/593 594/594/594
f 572/572/572 594/594/594 573/573/573
f 573/573/573 594/594/594 595/595/595
f 573/573/573 595/595/595 574/574/574
f 574/574/574 595/595/595 596/596/596
f 574/574/574 596/596/596 575/575/575
f 575/575/575 596/596/596 597/597/597
f 575/575/575 597/597/597 576/576/576
f 576/576/576 597/597/597 598/598/598
f 576/576/576 598/598/598 577/577/577
f 577/577/577 598/598/598 599/599/599
f 577/577/577 599/599/599 578/578/578
f 578/578/578 599/599/599 600/600/600
f 578/578/578 600/600/600 579/579/579
f 580/580/580 601/601/601 602/602/602
f 580/580/580 602/602/602 581/581/581
f 581/581/581 602/602/602 603/603/603
f 581/581/581 603/603/603 582/582/582
f 582/582/582 603/603/603 604/604/604
f 582/582/582 604/604/604 583/583/583
f 583/583/583 604/604/604 605/605/605
f 583/583/583 605/605/605 584/584/584
f 584/584/584 605/605/605 606/606/606
f 584/584/584 606/606/606 585/585/585
f 585/585/585 606/606/606 607/607/607
f 585/585/585 607/607/607 586/586/586
f 586/586/586 607/607/607 608/608/608
f 586/586/586 608/608/608 587/587/587
f 587/587/587 608/608/608 609/609/609
f 587/587/587 609/609/609 588/588/588
f 588/588/588 609/609/609 610/610/610
f 588/588/588 610/610/610 589/589/589
f 589/589/589 610/610/610 611/611/611
f 589/589/589 611/611/611 590/590/590
f 590/590/590 611/611/611 612/612/612
f 590/590/590 612/612/612 591/591/591
f 591/591/591 612/612/612 613/613/613
f 591/591/591 613/613/613 592/592/592
f 592/592/592 613/613/613 614/614/614
f 592/592/592 614/614/614 593/593/593
f 593/593/593 614/614/614 615/615/615
f 593/593/593 615/615/615 594/594/594
f 594/594/594 615/615/615 616/616/616
f 594/594/594 616/616/616 595/595/595
f 595/595/595 616/616/616 617/617/617
f 595/595/595 617/617/617 596/596/596
f 596/596/596 617/617/617 618/618/618
f 596/596/596 618/618/618 597/597/597
f 597/597/597 618/618/618 619/619/619
f 597/597/597 619/619/619 598/598/598
f 598/598/598 619/619/619 620/620/620
f 598/598/598 620/620/620 599/599/599
f 599/599/599 620/620/620 621/621/621
f 599/599/599 621/621/621 600/600/600
f 601/601/601 622/622/622 623/623/623
f 601/601/601 623/623/623 602/602/602
f 602/602/602 623/623/623 624/624/624
f 602/602/602 624/624/624 603/603/603
f 603/603/603 624/624/624 625/625/625
f 603/603/603 625/625/625 604/604/604
f 604/604/604 625/625/625 626/626/626
f 604/604/604 626/626/626 605/605/605
f 605/605/605 626/626/626 627/627/627
f 605/605/605 627/627/627 606/606/606
f 606/606/606 627/627/627 628/628/628
f 606/606/606 628/628/628 607/607/607
f 607/607/607 628/628/628 629/629/629
f 607/607/607 629/629/629 608/608/608
f 608/608/608 629/629/629 630/630/630
f 608/608/608 630/630/630 609/609/609
f 609/609/609 630/630/630 631/631/631
f 609/609/609 631/631/631 610/610/610
f 610/610/610 631/631/631 632/632/632
f 610/610/610 632/632/632 611/611/611
f 611/611/611 632/632/632 633/633/633
f 611/611/611 633/633/633 612/612/612
f 612/612/612 633/633/633 634/634/634
f 612/612/612 634/634/634 613/613/613
f 613/613/613 634/634/634 635/635/635
f 613/613/613 635/635/635 614/614/614
f 614/614/614 635/635/635 636/636/636
f 614/614/614 636/636/636 615/615/615
f 615/615/615 636/636/636 637/637/637
f 615/615/615 637/637/637 616/616/616
f 616/616/616 637/637/637 638/638/638
f 616/616/616 638/638/638 617/617/617
f 617/617/617 638/638/638 639/639/639
f 617/617/617 639/639/639 618/618/618
f 618/618/618 639/639/639 640/640/640
f 618/618/618 640/640/640 619/619/619
f 619/619/619 640/640/640 641/641/641
f 619/619/619 641/641/641 620/620/620
f 620/620/620 641/641/641 642/642/642
f 620/620/620 642/642/642 621/621/621
f 622/622/622 643/643/643 644/644/644
f 622/622/622 644/644/644 623/623/623
f 623/623/623 644/644/644 645/645/645
f 623/623/623 645/645/645 624/624/624
f 624/624/624 645/645/645 646/646/646
f 624/624/624 646/646/646 625/625/625
f 625/625/625 646/646/646 647/647/647
f 625/625/625 647/647/647 626/626/626
f 626/626/626 647/647/647 648/648/648
f 626/626/626 648/648/648 627/627/627
f 627/627/627 648/648/648 649/649/649
f 627/627/627 649/649/649 628/628/628
f 628/628/628 649/649/649 650/650/650
f 628/628/628 650/650/650 629/629/629
f 629/629/629 650/650/650 651/651/651
f 629/629/629 651/651/651 630/630/630
f 630/630/630 651/651/651 652/652/652
f 630/630/630 652/652/652 631/631/631
f 631/631/631 652/652/652 653/653/653
f 631/631/631 653/653/653 632/632/632
f 632/632/632 653/653/653 654/654/654
f 632/632/632 654/654/654 633/633/633
f 633/633/633 654/654/654 655/655/655
f 633/633/633 655/655/655 634/634/634
f 634/634/634 655/655/655 656/656/656
f 634/634/634 656/656/656 635/635/635
f 635/635/635 656/656/656 657/657/657
f 635/635/635 657/657/657 636/636/636
f 636/636/636 657/657/657 658/658/658
f 636/636/636 658/658/658 637/637/637
f 637/637/637 658/658/658 659/659/659
f 637/637/637 659/659/659 638/638/638
f 638/638/638 659/659/659 660/660/660
f 638/638/638 660/660/660 639/639/639
f 639/639/639 660/660/660 661/661/661
f 639/639/639 661/661/661 640/640/640
f 640/640/640 661/661/661 662/662/662
f 640/640/640 662/662/662 641/641/641
f 641/641/641 662/662/662 663/663/663
f 641/641/641 663/663/663 642/642/642
f 643/643/643 664/664/664 665/665/665
f 643/643/643 665/665/665 644/644/644
f 644/644/644 665/665/665 666/666/666
f 644/644/644 666/666/666 645/645/645
f 645/645/645 666/666/666 667/667/667
f 645/645/645 667/667/667 646/646/646
f 646/646/646 667/667/667 668/668/668
f 646/646/646 668/668/668 647/647/647
f 647/647/647 668/668/668 669/669/669
f 647/647/647 669/669/669 648/648/648
f 648/648/648 669/669/669 670/670/670
f 648/648/648 670/670/670 649/649/649
f 649/649/649 670/670/670 671/671/671
f 649/649/649 671/671/671 650/650/650
f 650/650/650 671/671/671 672/672/672
f 650/650/650 672/672/672 651/651/651
f 651/651/651 672/672/672 673/673/673
f 651/651/651 673/673/673 652/652/652
f 652/652/652 673/673/673 674/674/674
f 652/652/652 674/674/674 653/653/653
f 653/653/653 674/674/674 675/675/675
f 653/653/653 675/675/675 654/654/654
f 654/654/654 675/675/675 676/676/676
f 654/654/654 676/676/676 655/655/655
f 655/655/655 676/676/676 677/677/677
f 655/655/655 677/677/677 656/656/656
f 656/656/656 677/677/677 678/678/678
f 656/656/656 678/678/678 657/657/657
f 657/657/657 678/678/678 679/679/679
f 657/657/657 679/679/679 658/658/658
f 658/658/658 679/679/679 680/680/680
f 658/658/658 680/680/680 659/659/659
f 659/659/659 680/680/680 681/681/681
f 659/659/659 681/681/681 660/660/660
f 660/660/660 681/681/681 682/682/682
f 660/660/660 682/682/682 661/661/661
f 661/661/661 682/682/682 683/683/683
f 661/661/661 683/683/683 662/662/662
f 662/662/662 683/683/683 684/684/684
f 662/662/662 684/684/684 663/663/663
f 664/664/664 685/685/685 686/686/686
f 664/664/664 686/686/686 665/665/665
f 665/665/665 686/686/686 687/687/687
f 665/665/665 687/687/687 666/666/666
f 666/666/666 687/687/687 688/688/688
f 666/666/666 688/688/688 667/667/667
f 667/667/667 688/688/688 689/689/689
f 667/667/667 689/689/689 668/668/668
f 668/668/668 689/689/689 690/690/690
f 668/668/668 690/690/690 669/669/669
f 669/669/669 690/690/690 691/691/691
f 669/669/669 691/691/691 670/670/670
f 670/670/670 691/691/691 692/692/692
f 670/670/670 692/692/692 671/671/671
f 671/671/671 692/692/692 693/693/693
f 671/671/671 693/693/693 672/672/672
f 672/672/672 693/693/693 694/694/694
f 672/672/672 694/694/694 673/673/673
f 673/673/673 694/694/694 695/695/695
f 673/673/673 695/695/695 674/674/674
f 674/674/674 695/695/695 696/696/696
f 674/674/674 696/696/696 675/675/675
f 675/675/675 696/696/696 697/697/697
f 675/675/675 697/697/697 676/676/676
f 676/676/676 697/697/697 698/698/698
f 676/676/676 698/698/698 677/677/677
f 677/677/677 698/698/698 699/699/699
f 677/677/677 699/699/699 678/678/678
f 678/678/678 699/699/699 700/700/700
f 678/678/678 700/700/700 679/679/679
f 679/679/679 700/700/700 701/701/701
f 679/679/679 701/701/701 680/680/680
f 680/680/680 701/701/701 702/702/702
f 680/680/680 702/702/702 681/681/681
f 681/681/681 702/702/702 703/703/703
f 681/681/681 703/703/703 682/682/682
f 682/682/682 703/703/703 704/704/704
f 682/682/682 704/704/704 683/683/683
f 683/683/683 704/704/704 705/705/705
f 683/683/683 705/705/705 684/684/684
f 685/685/685 706/706/706 707/707/707
f 685/685/685 707/707/707 686/686/686
f 686/686/686 707/707/707 708/708/708
f 686/686/686 708/708/708 687/687/687
f 687/687/687 708/708/708 709/709/709
f 687/687/687 709/709/709 688/688/688
f 688/688/688 709/709/709 710/710/710
f 688/688/688 710/710/710 689/689/689
f 689/689/689 710/710/710 711/711/711
f 689/689/689 711/711/711 690/690/690
f 690/690/690 711/711/711 712/712/712
f 690/690/690 712/712/712 691/691/691
f 691/691/691 712/712/712 713/713/713
f 691/691/691 713/713/713 692/692/692
f 692/692/692 713/713/713 714/714/714
f 692/692/692 714/714/714 693/693/693
f 693/693/693 714/714/714 715/715/715
f 693/693/693 715/715/715 694/694/694
f 694/694/694 715/715/715 716/716/716
f 694/694/694 716/716/716 695/695/695
f 695/695/695 716/716/716 717/717/717
f 695/695/695 717/717/717 696/696/696
f 696/696/696 717/717/717 718/718/718
f 696/696/696 718/718/718 697/697/697
f 697/697/697 718/718/718 719/719/719
f 697/697/697 719/719/719 698/698/698
f 698/698/698 719/719/719 720/720/720
f 698/698/698 720/720/720 699/699/699
f 699/699/699 720/720/720 721/721/721
f 699/699/699 721/721/721 700/700/700
f 700/700/700 721/721/721 722/722/722
f 700/700/700 722/722/722 701/701/701
f 701/701/701 722/722/722 723/723/723
f 701/701/701 723/723/723 702/702/702
f 702/702/702 723/723/723 724/724/724
f 702/702/702 724/724/724 703/703/703
f 703/703/703 724/724/724 725/725/725
f 703/703/703 725/725/725 704/704/704
f 704/704/704 725/725/725 726/726/726
f 704/704/704 726/726/726 705/705/705
