# procedural asset
v 0.00000 0.34000 0.00000
v 0.01388 0.33683 0.00000
v 0.02502 0.32795 0.00000
v 0.03120 0.31512 0.00000
v 0.03120 0.30088 0.00000
v 0.02502 0.28805 0.00000
v 0.01388 0.27917 0.00000
v 0.00000 0.27600 0.00000
v -0.01388 0.27917 0.00000
v -0.02502 0.28805 0.00000
v -0.03120 0.30088 0.00000
v -0.03120 0.31512 0.00000
v -0.02502 0.32795 0.00000
v -0.01388 0.33683 0.00000
v -0.00000 0.34000 0.00000
v 0.00000 0.33581 0.05319
v 0.01388 0.33268 0.05269
v 0.02502 0.32391 0.05130
v 0.03120 0.31124 0.04930
v 0.03120 0.29718 0.04707
v 0.02502 0.28450 0.04506
v 0.01388 0.27573 0.04367
v 0.00000 0.27260 0.04318
v -0.01388 0.27573 0.04367
v -0.02502 0.28450 0.04506
v -0.03120 0.29718 0.04707
v -0.03120 0.31124 0.04930
v -0.02502 0.32391 0.05130
v -0.01388 0.33268 0.05269
v -0.00000 0.33581 0.05319
v 0.00000 0.32336 0.10507
v 0.01388 0.32035 0.10409
v 0.02502 0.31190 0.10134
v 0.03120 0.29970 0.09738
v 0.03120 0.28615 0.09298
v 0.02502 0.27395 0.08901
v 0.01388 0.26551 0.08627
v 0.00000 0.26249 0.08529
v -0.01388 0.26551 0.08627
v -0.02502 0.27395 0.08901
v -0.03120 0.28615 0.09298
v -0.03120 0.29970 0.09738
v -0.02502 0.31190 0.10134
v -0.01388 0.32035 0.10409
v -0.00000 0.32336 0.10507
v 0.00000 0.30294 0.15436
v 0.01388 0.30012 0.15292
v 0.02502 0.29221 0.14889
v 0.03120 0.28077 0.14306
v 0.03120 0.26809 0.13660
v 0.02502 0.25665 0.13077
v 0.01388 0.24874 0.12674
v 0.00000 0.24592 0.12530
v -0.01388 0.24874 0.12674
v -0.02502 0.25665 0.13077
v -0.03120 0.26809 0.13660
v -0.03120 0.28077 0.14306
v -0.02502 0.29221 0.14889
v -0.01388 0.30012 0.15292
v -0.00000 0.30294 0.15436
v 0.00000 0.27507 0.19985
v 0.01388 0.27250 0.19798
v 0.02502 0.26532 0.19277
v 0.03120 0.25494 0.18522
v 0.03120 0.24342 0.17685
v 0.02502 0.23304 0.16931
v 0.01388 0.22585 0.16409
v 0.00000 0.22329 0.16223
v -0.01388 0.22585 0.16409
v -0.02502 0.23304 0.16931
v -0.03120 0.24342 0.17685
v -0.03120 0.25494 0.18522
v -0.02502 0.26532 0.19277
v -0.01388 0.27250 0.19798
v -0.00000 0.27507 0.19985
v 0.00000 0.24042 0.24042
v 0.01388 0.23818 0.23818
v 0.02502 0.23190 0.23190
v 0.03120 0.22282 0.22282
v 0.03120 0.21275 0.21275
v 0.02502 0.20368 0.20368
v 0.01388 0.19740 0.19740
v 0.00000 0.19516 0.19516
v -0.01388 0.19740 0.19740
v -0.02502 0.20368 0.20368
v -0.03120 0.21275 0.21275
v -0.03120 0.22282 0.22282
v -0.02502 0.23190 0.23190
v -0.01388 0.23818 0.23818
v -0.00000 0.24042 0.24042
v 0.00000 0.19985 0.27507
v 0.01388 0.19798 0.27250
v 0.02502 0.19277 0.26532
v 0.03120 0.18522 0.25494
v 0.03120 0.17685 0.24342
v 0.02502 0.16931 0.23304
v 0.01388 0.16409 0.22585
v 0.00000 0.16223 0.22329
v -0.01388 0.16409 0.22585
v -0.02502 0.16931 0.23304
v -0.03120 0.17685 0.24342
v -0.03120 0.18522 0.25494
v -0.02502 0.19277 0.26532
v -0.01388 0.19798 0.27250
v -0.00000 0.19985 0.27507
v 0.00000 0.15436 0.30294
v 0.01388 0.15292 0.30012
v 0.02502 0.14889 0.29221
v 0.03120 0.14306 0.28077
v 0.03120 0.13660 0.26809
v 0.02502 0.13077 0.25665
v 0.01388 0.12674 0.24874
v 0.00000 0.12530 0.24592
v -0.01388 0.12674 0.24874
v -0.02502 0.13077 0.25665
v -0.03120 0.13660 0.26809
v -0.03120 0.14306 0.28077
v -0.02502 0.14889 0.29221
v -0.01388 0.15292 0.30012
v -0.00000 0.15436 0.30294
v 0.00000 0.10507 0.32336
v 0.01388 0.10409 0.32035
v 0.02502 0.10134 0.31190
v 0.03120 0.09738 0.29970
v 0.03120 0.09298 0.28615
v 0.02502 0.08901 0.27395
v 0.01388 0.08627 0.26551
v 0.00000 0.08529 0.26249
v -0.01388 0.08627 0.26551
v -0.02502 0.08901 0.27395
v -0.03120 0.09298 0.28615
v -0.03120 0.09738 0.29970
v -0.02502 0.10134 0.31190
v -0.01388 0.10409 0.32035
v -0.00000 0.10507 0.32336
v 0.00000 0.05319 0.33581
v 0.01388 0.05269 0.33268
v 0.02502 0.05130 0.32391
v 0.03120 0.04930 0.31124
v 0.03120 0.04707 0.29718
v 0.02502 0.04506 0.28450
v 0.01388 0.04367 0.27573
v 0.00000 0.04318 0.27260
v -0.01388 0.04367 0.27573
v -0.02502 0.04506 0.28450
v -0.03120 0.04707 0.29718
v -0.03120 0.04930 0.31124
v -0.02502 0.05130 0.32391
v -0.01388 0.05269 0.33268
v -0.00000 0.05319 0.33581
v 0.00000 0.00000 0.34000
v 0.01388 0.00000 0.33683
v 0.02502 0.00000 0.32795
v 0.03120 0.00000 0.31512
v 0.03120 0.00000 0.30088
v 0.02502 0.00000 0.28805
v 0.01388 0.00000 0.27917
v 0.00000 0.00000 0.27600
v -0.01388 0.00000 0.27917
v -0.02502 0.00000 0.28805
v -0.03120 0.00000 0.30088
v -0.03120 0.00000 0.31512
v -0.02502 0.00000 0.32795
v -0.01388 0.00000 0.33683
v -0.00000 0.00000 0.34000
v 0.00000 -0.05319 0.33581
v 0.01388 -0.05269 0.33268
v 0.02502 -0.05130 0.32391
v 0.03120 -0.04930 0.31124
v 0.03120 -0.04707 0.29718
v 0.02502 -0.04506 0.28450
v 0.01388 -0.04367 0.27573
v 0.00000 -0.04318 0.27260
v -0.01388 -0.04367 0.27573
v -0.02502 -0.04506 0.28450
v -0.03120 -0.04707 0.29718
v -0.03120 -0.04930 0.31124
v -0.02502 -0.05130 0.32391
v -0.01388 -0.05269 0.33268
v -0.00000 -0.05319 0.33581
v 0.00000 -0.10507 0.32336
v 0.01388 -0.10409 0.32035
v 0.02502 -0.10134 0.31190
v 0.03120 -0.09738 0.29970
v 0.03120 -0.09298 0.28615
v 0.02502 -0.08901 0.27395
v 0.01388 -0.08627 0.26551
v 0.00000 -0.08529 0.26249
v -0.01388 -0.08627 0.26551
v -0.02502 -0.08901 0.27395
v -0.03120 -0.09298 0.28615
v -0.03120 -0.09738 0.29970
v -0.02502 -0.10134 0.31190
v -0.01388 -0.10409 0.32035
v -0.00000 -0.10507 0.32336
v 0.00000 -0.15436 0.30294
v 0.01388 -0.15292 0.30012
v 0.02502 -0.14889 0.29221
v 0.03120 -0.14306 0.28077
v 0.03120 -0.13660 0.26809
v 0.02502 -0.13077 0.25665
v 0.01388 -0.12674 0.24874
v 0.00000 -0.12530 0.24592
v -0.01388 -0.12674 0.24874
v -0.02502 -0.13077 0.25665
v -0.03120 -0.13660 0.26809
v -0.03120 -0.14306 0.28077
v -0.02502 -0.14889 0.29221
v -0.01388 -0.15292 0.30012
v -0.00000 -0.15436 0.30294
v 0.00000 -0.19985 0.27507
v 0.01388 -0.19798 0.27250
v 0.02502 -0.19277 0.26532
v 0.03120 -0.18522 0.25494
v 0.03120 -0.17685 0.24342
v 0.02502 -0.16931 0.23304
v 0.01388 -0.16409 0.22585
v 0.00000 -0.16223 0.22329
v -0.01388 -0.16409 0.22585
v -0.02502 -0.16931 0.23304
v -0.03120 -0.17685 0.24342
v -0.03120 -0.18522 0.25494
v -0.02502 -0.19277 0.26532
v -0.01388 -0.19798 0.27250
v -0.00000 -0.19985 0.27507
v 0.00000 -0.24042 0.24042
v 0.01388 -0.23818 0.23818
v 0.02502 -0.23190 0.23190
v 0.03120 -0.22282 0.22282
v 0.03120 -0.21275 0.21275
v 0.02502 -0.20368 0.20368
v 0.01388 -0.19740 0.19740
v 0.00000 -0.19516 0.19516
v -0.01388 -0.19740 0.19740
v -0.02502 -0.20368 0.20368
v -0.03120 -0.21275 0.21275
v -0.03120 -0.22282 0.22282
v -0.02502 -0.23190 0.23190
v -0.01388 -0.23818 0.23818
v -0.00000 -0.24042 0.24042
v 0.00000 -0.27507 0.19985
v 0.01388 -0.27250 0.19798
v 0.02502 -0.26532 0.19277
v 0.03120 -0.25494 0.18522
v 0.03120 -0.24342 0.17685
v 0.02502 -0.23304 0.16931
v 0.01388 -0.22585 0.16409
v 0.00000 -0.22329 0.16223
v -0.01388 -0.22585 0.16409
v -0.02502 -0.23304 0.16931
v -0.03120 -0.24342 0.17685
v -0.03120 -0.25494 0.18522
v -0.02502 -0.26532 0.19277
v -0.01388 -0.27250 0.19798
v -0.00000 -0.27507 0.19985
v 0.00000 -0.30294 0.15436
v 0.01388 -0.30012 0.15292
v 0.02502 -0.29221 0.14889
v 0.03120 -0.28077 0.14306
v 0.03120 -0.26809 0.13660
v 0.02502 -0.25665 0.13077
v 0.01388 -0.24874 0.12674
v 0.00000 -0.24592 0.12530
v -0.01388 -0.24874 0.12674
v -0.02502 -0.25665 0.13077
v -0.03120 -0.26809 0.13660
v -0.03120 -0.28077 0.14306
v -0.02502 -0.29221 0.14889
v -0.01388 -0.30012 0.15292
v -0.00000 -0.30294 0.15436
v 0.00000 -0.32336 0.10507
v 0.01388 -0.32035 0.10409
v 0.02502 -0.31190 0.10134
v 0.03120 -0.29970 0.09738
v 0.03120 -0.28615 0.09298
v 0.02502 -0.27395 0.08901
v 0.01388 -0.26551 0.08627
v 0.00000 -0.26249 0.08529
v -0.01388 -0.26551 0.08627
v -0.02502 -0.27395 0.08901
v -0.03120 -0.28615 0.09298
v -0.03120 -0.29970 0.09738
v -0.02502 -0.31190 0.10134
v -0.01388 -0.32035 0.10409
v -0.00000 -0.32336 0.10507
v 0.00000 -0.33581 0.05319
v 0.01388 -0.33268 0.05269
v 0.02502 -0.32391 0.05130
v 0.03120 -0.31124 0.04930
v 0.03120 -0.29718 0.04707
v 0.02502 -0.28450 0.04506
v 0.01388 -0.27573 0.04367
v 0.00000 -0.27260 0.04318
v -0.01388 -0.27573 0.04367
v -0.02502 -0.28450 0.04506
v -0.03120 -0.29718 0.04707
v -0.03120 -0.31124 0.04930
v -0.02502 -0.32391 0.05130
v -0.01388 -0.33268 0.05269
v -0.00000 -0.33581 0.05319
v 0.00000 -0.34000 0.00000
v 0.01388 -0.33683 0.00000
v 0.02502 -0.32795 0.00000
v 0.03120 -0.31512 0.00000
v 0.03120 -0.30088 0.00000
v 0.02502 -0.28805 0.00000
v 0.01388 -0.27917 0.00000
v 0.00000 -0.27600 0.00000
v -0.01388 -0.27917 0.00000
v -0.02502 -0.28805 0.00000
v -0.03120 -0.30088 0.00000
v -0.03120 -0.31512 0.00000
v -0.02502 -0.32795 0.00000
v -0.01388 -0.33683 0.00000
v -0.00000 -0.34000 0.00000
v 0.00000 -0.33581 -0.05319
v 0.01388 -0.33268 -0.05269
v 0.02502 -0.32391 -0.05130
v 0.03120 -0.31124 -0.04930
v 0.03120 -0.29718 -0.04707
v 0.02502 -0.28450 -0.04506
v 0.01388 -0.27573 -0.04367
v 0.00000 -0.27260 -0.04318
v -0.01388 -0.27573 -0.04367
v -0.02502 -0.28450 -0.04506
v -0.03120 -0.29718 -0.04707
v -0.03120 -0.31124 -0.04930
v -0.02502 -0.32391 -0.05130
v -0.01388 -0.33268 -0.05269
v -0.00000 -0.33581 -0.05319
v 0.00000 -0.32336 -0.10507
v 0.01388 -0.32035 -0.10409
v 0.02502 -0.31190 -0.10134
v 0.03120 -0.29970 -0.09738
v 0.03120 -0.28615 -0.09298
v 0.02502 -0.27395 -0.08901
v 0.01388 -0.26551 -0.08627
v 0.00000 -0.26249 -0.08529
v -0.01388 -0.26551 -0.08627
v -0.02502 -0.27395 -0.08901
v -0.03120 -0.28615 -0.09298
v -0.03120 -0.29970 -0.09738
v -0.02502 -0.31190 -0.10134
v -0.01388 -0.32035 -0.10409
v -0.00000 -0.32336 -0.10507
v 0.00000 -0.30294 -0.15436
v 0.01388 -0.30012 -0.15292
v 0.02502 -0.29221 -0.14889
v 0.03120 -0.28077 -0.14306
v 0.03120 -0.26809 -0.13660
v 0.02502 -0.25665 -0.13077
v 0.01388 -0.24874 -0.12674
v 0.00000 -0.24592 -0.12530
v -0.01388 -0.24874 -0.12674
v -0.02502 -0.25665 -0.13077
v -0.03120 -0.26809 -0.13660
v -0.03120 -0.28077 -0.14306
v -0.02502 -0.29221 -0.14889
v -0.01388 -0.30012 -0.15292
v -0.00000 -0.30294 -0.15436
v 0.00000 -0.27507 -0.19985
v 0.01388 -0.27250 -0.19798
v 0.02502 -0.26532 -0.19277
v 0.03120 -0.25494 -0.18522
v 0.03120 -0.24342 -0.17685
v 0.02502 -0.23304 -0.16931
v 0.01388 -0.22585 -0.16409
v 0.00000 -0.22329 -0.16223
v -0.01388 -0.22585 -0.16409
v -0.02502 -0.23304 -0.16931
v -0.03120 -0.24342 -0.17685
v -0.03120 -0.25494 -0.18522
v -0.02502 -0.26532 -0.19277
v -0.01388 -0.27250 -0.19798
v -0.00000 -0.27507 -0.19985
v 0.00000 -0.24042 -0.24042
v 0.01388 -0.23818 -0.23818
v 0.02502 -0.23190 -0.23190
v 0.03120 -0.22282 -0.22282
v 0.03120 -0.21275 -0.21275
v 0.02502 -0.20368 -0.20368
v 0.01388 -0.19740 -0.19740
v 0.00000 -0.19516 -0.19516
v -0.01388 -0.19740 -0.19740
v -0.02502 -0.20368 -0.20368
v -0.03120 -0.21275 -0.21275
v -0.03120 -0.22282 -0.22282
v -0.02502 -0.23190 -0.23190
v -0.01388 -0.23818 -0.23818
v -0.00000 -0.24042 -0.24042
v 0.00000 -0.19985 -0.27507
v 0.01388 -0.19798 -0.27250
v 0.02502 -0.19277 -0.26532
v 0.03120 -0.18522 -0.25494
v 0.03120 -0.17685 -0.24342
v 0.02502 -0.16931 -0.23304
v 0.01388 -0.16409 -0.22585
v 0.00000 -0.16223 -0.22329
v -0.01388 -0.16409 -0.22585
v -0.02502 -0.16931 -0.23304
v -0.03120 -0.17685 -0.24342
v -0.03120 -0.18522 -0.25494
v -0.02502 -0.19277 -0.26532
v -0.01388 -0.19798 -0.27250
v -0.00000 -0.19985 -0.27507
v 0.00000 -0.15436 -0.30294
v 0.01388 -0.15292 -0.30012
v 0.02502 -0.14889 -0.29221
v 0.03120 -0.14306 -0.28077
v 0.03120 -0.13660 -0.26809
v 0.02502 -0.13077 -0.25665
v 0.01388 -0.12674 -0.24874
v 0.00000 -0.12530 -0.24592
v -0.01388 -0.12674 -0.24874
v -0.02502 -0.13077 -0.25665
v -0.03120 -0.13660 -0.26809
v -0.03120 -0.14306 -0.28077
v -0.02502 -0.14889 -0.29221
v -0.01388 -0.15292 -0.30012
v -0.00000 -0.15436 -0.30294
v 0.00000 -0.10507 -0.32336
v 0.01388 -0.10409 -0.32035
v 0.02502 -0.10134 -0.31190
v 0.03120 -0.09738 -0.29970
v 0.03120 -0.09298 -0.28615
v 0.02502 -0.08901 -0.27395
v 0.01388 -0.08627 -0.26551
v 0.00000 -0.08529 -0.26249
v -0.01388 -0.08627 -0.26551
v -0.02502 -0.08901 -0.27395
v -0.03120 -0.09298 -0.28615
v -0.03120 -0.09738 -0.29970
v -0.02502 -0.10134 -0.31190
v -0.01388 -0.10409 -0.32035
v -0.00000 -0.10507 -0.32336
v 0.00000 -0.05319 -0.33581
v 0.01388 -0.05269 -0.33268
v 0.02502 -0.05130 -0.32391
v 0.03120 -0.04930 -0.31124
v 0.03120 -0.04707 -0.29718
v 0.02502 -0.04506 -0.28450
v 0.01388 -0.04367 -0.27573
v 0.00000 -0.04318 -0.27260
v -0.01388 -0.04367 -0.27573
v -0.02502 -0.04506 -0.28450
v -0.03120 -0.04707 -0.29718
v -0.03120 -0.04930 -0.31124
v -0.02502 -0.05130 -0.32391
v -0.01388 -0.05269 -0.33268
v -0.00000 -0.05319 -0.33581
v 0.00000 -0.00000 -0.34000
v 0.01388 -0.00000 -0.33683
v 0.02502 -0.00000 -0.32795
v 0.03120 -0.00000 -0.31512
v 0.03120 -0.00000 -0.30088
v 0.02502 -0.00000 -0.28805
v 0.01388 -0.00000 -0.27917
v 0.00000 -0.00000 -0.27600
v -0.01388 -0.00000 -0.27917
v -0.02502 -0.00000 -0.28805
v -0.03120 -0.00000 -0.30088
v -0.03120 -0.00000 -0.31512
v -0.02502 -0.00000 -0.32795
v -0.01388 -0.00000 -0.33683
v -0.00000 -0.00000 -0.34000
v 0.00000 0.05319 -0.33581
v 0.01388 0.05269 -0.33268
v 0.02502 0.05130 -0.32391
v 0.03120 0.04930 -0.31124
v 0.03120 0.04707 -0.29718
v 0.02502 0.04506 -0.28450
v 0.01388 0.04367 -0.27573
v 0.00000 0.04318 -0.27260
v -0.01388 0.04367 -0.27573
v -0.02502 0.04506 -0.28450
v -0.03120 0.04707 -0.29718
v -0.03120 0.04930 -0.31124
v -0.02502 0.05130 -0.32391
v -0.01388 0.05269 -0.33268
v -0.00000 0.05319 -0.33581
v 0.00000 0.10507 -0.32336
v 0.01388 0.10409 -0.32035
v 0.02502 0.10134 -0.31190
v 0.03120 0.09738 -0.29970
v 0.03120 0.09298 -0.28615
v 0.02502 0.08901 -0.27395
v 0.01388 0.08627 -0.26551
v 0.00000 0.08529 -0.26249
v -0.01388 0.08627 -0.26551
v -0.02502 0.08901 -0.27395
v -0.03120 0.09298 -0.28615
v -0.03120 0.09738 -0.29970
v -0.02502 0.10134 -0.31190
v -0.01388 0.10409 -0.32035
v -0.00000 0.10507 -0.32336
v 0.00000 0.15436 -0.30294
v 0.01388 0.15292 -0.30012
v 0.02502 0.14889 -0.29221
v 0.03120 0.14306 -0.28077
v 0.03120 0.13660 -0.26809
v 0.02502 0.13077 -0.25665
v 0.01388 0.12674 -0.24874
v 0.00000 0.12530 -0.24592
v -0.01388 0.12674 -0.24874
v -0.02502 0.13077 -0.25665
v -0.03120 0.13660 -0.26809
v -0.03120 0.14306 -0.28077
v -0.02502 0.14889 -0.29221
v -0.01388 0.15292 -0.30012
v -0.00000 0.15436 -0.30294
v 0.00000 0.19985 -0.27507
v 0.01388 0.19798 -0.27250
v 0.02502 0.19277 -0.26532
v 0.03120 0.18522 -0.25494
v 0.03120 0.17685 -0.24342
v 0.02502 0.16931 -0.23304
v 0.01388 0.16409 -0.22585
v 0.00000 0.16223 -0.22329
v -0.01388 0.16409 -0.22585
v -0.02502 0.16931 -0.23304
v -0.03120 0.17685 -0.24342
v -0.03120 0.18522 -0.25494
v -0.02502 0.19277 -0.26532
v -0.01388 0.19798 -0.27250
v -0.00000 0.19985 -0.27507
v 0.00000 0.24042 -0.24042
v 0.01388 0.23818 -0.23818
v 0.02502 0.23190 -0.23190
v 0.03120 0.22282 -0.22282
v 0.03120 0.21275 -0.21275
v 0.02502 0.20368 -0.20368
v 0.01388 0.19740 -0.19740
v 0.00000 0.19516 -0.19516
v -0.01388 0.19740 -0.19740
v -0.02502 0.20368 -0.20368
v -0.03120 0.21275 -0.21275
v -0.03120 0.22282 -0.22282
v -0.02502 0.23190 -0.23190
v -0.01388 0.23818 -0.23818
v -0.00000 0.24042 -0.24042
v 0.00000 0.27507 -0.19985
v 0.01388 0.27250 -0.19798
v 0.02502 0.26532 -0.19277
v 0.03120 0.25494 -0.18522
v 0.03120 0.24342 -0.17685
v 0.02502 0.23304 -0.16931
v 0.01388 0.22585 -0.16409
v 0.00000 0.22329 -0.16223
v -0.01388 0.22585 -0.16409
v -0.02502 0.23304 -0.16931
v -0.03120 0.24342 -0.17685
v -0.03120 0.25494 -0.18522
v -0.02502 0.26532 -0.19277
v -0.01388 0.27250 -0.19798
v -0.00000 0.27507 -0.19985
v 0.00000 0.30294 -0.15436
v 0.01388 0.30012 -0.15292
v 0.02502 0.29221 -0.14889
v 0.03120 0.28077 -0.14306
v 0.03120 0.26809 -0.13660
v 0.02502 0.25665 -0.13077
v 0.01388 0.24874 -0.12674
v 0.00000 0.24592 -0.12530
v -0.01388 0.24874 -0.12674
v -0.02502 0.25665 -0.13077
v -0.03120 0.26809 -0.13660
v -0.03120 0.28077 -0.14306
v -0.02502 0.29221 -0.14889
v -0.01388 0.30012 -0.15292
v -0.00000 0.30294 -0.15436
v 0.00000 0.32336 -0.10507
v 0.01388 0.32035 -0.10409
v 0.02502 0.31190 -0.10134
v 0.03120 0.29970 -0.09738
v 0.03120 0.28615 -0.09298
v 0.02502 0.27395 -0.08901
v 0.01388 0.26551 -0.08627
v 0.00000 0.26249 -0.08529
v -0.01388 0.26551 -0.08627
v -0.02502 0.27395 -0.08901
v -0.03120 0.28615 -0.09298
v -0.03120 0.29970 -0.09738
v -0.02502 0.31190 -0.10134
v -0.01388 0.32035 -0.10409
v -0.00000 0.32336 -0.10507
v 0.00000 0.33581 -0.05319
v 0.01388 0.33268 -0.05269
v 0.02502 0.32391 -0.05130
v 0.03120 0.31124 -0.04930
v 0.03120 0.29718 -0.04707
v 0.02502 0.28450 -0.04506
v 0.01388 0.27573 -0.04367
v 0.00000 0.27260 -0.04318
v -0.01388 0.27573 -0.04367
v -0.02502 0.28450 -0.04506
v -0.03120 0.29718 -0.04707
v -0.03120 0.31124 -0.04930
v -0.02502 0.32391 -0.05130
v -0.01388 0.33268 -0.05269
v -0.00000 0.33581 -0.05319
v 0.00000 0.34000 -0.00000
v 0.01388 0.33683 -0.00000
v 0.02502 0.32795 -0.00000
v 0.03120 0.31512 -0.00000
v 0.03120 0.30088 -0.00000
v 0.02502 0.28805 -0.00000
v 0.01388 0.27917 -0.00000
v 0.00000 0.27600 -0.00000
v -0.01388 0.27917 -0.00000
v -0.02502 0.28805 -0.00000
v -0.03120 0.30088 -0.00000
v -0.03120 0.31512 -0.00000
v -0.02502 0.32795 -0.00000
v -0.01388 0.33683 -0.00000
v -0.00000 0.34000 -0.00000
v 0.00000 0.29700 0.00000
v 0.00705 0.29471 0.00000
v 0.01141 0.28871 0.00000
v 0.01141 0.28129 0.00000
v 0.00705 0.27529 0.00000
v 0.00000 0.27300 0.00000
v -0.00705 0.27529 0.00000
v -0.01141 0.28129 0.00000
v -0.01141 0.28871 0.00000
v -0.00705 0.29471 0.00000
v -0.00000 0.29700 0.00000
v 0.00000 0.29334 0.04646
v 0.00705 0.29108 0.04610
v 0.01141 0.28515 0.04516
v 0.01141 0.27783 0.04400
v 0.00705 0.27190 0.04307
v 0.00000 0.26964 0.04271
v -0.00705 0.27190 0.04307
v -0.01141 0.27783 0.04400
v -0.01141 0.28515 0.04516
v -0.00705 0.29108 0.04610
v -0.00000 0.29334 0.04646
v 0.00000 0.28246 0.09178
v 0.00705 0.28028 0.09107
v 0.01141 0.27458 0.08922
v 0.01141 0.26752 0.08692
v 0.00705 0.26182 0.08507
v 0.00000 0.25964 0.08436
v -0.00705 0.26182 0.08507
v -0.01141 0.26752 0.08692
v -0.01141 0.27458 0.08922
v -0.00705 0.28028 0.09107
v -0.00000 0.28246 0.09178
v 0.00000 0.26463 0.13484
v 0.00705 0.26259 0.13379
v 0.01141 0.25724 0.13107
v 0.01141 0.25063 0.12770
v 0.00705 0.24529 0.12498
v 0.00000 0.24324 0.12394
v -0.00705 0.24529 0.12498
v -0.01141 0.25063 0.12770
v -0.01141 0.25724 0.13107
v -0.00705 0.26259 0.13379
v -0.00000 0.26463 0.13484
v 0.00000 0.24028 0.17457
v 0.00705 0.23842 0.17323
v 0.01141 0.23357 0.16970
v 0.01141 0.22757 0.16534
v 0.00705 0.22272 0.16181
v 0.00000 0.22086 0.16047
v -0.00705 0.22272 0.16181
v -0.01141 0.22757 0.16534
v -0.01141 0.23357 0.16970
v -0.00705 0.23842 0.17323
v -0.00000 0.24028 0.17457
v 0.00000 0.21001 0.21001
v 0.00705 0.20839 0.20839
v 0.01141 0.20415 0.20415
v 0.01141 0.19890 0.19890
v 0.00705 0.19466 0.19466
v 0.00000 0.19304 0.19304
v -0.00705 0.19466 0.19466
v -0.01141 0.19890 0.19890
v -0.01141 0.20415 0.20415
v -0.00705 0.20839 0.20839
v -0.00000 0.21001 0.21001
v 0.00000 0.17457 0.24028
v 0.00705 0.17323 0.23842
v 0.01141 0.16970 0.23357
v 0.01141 0.16534 0.22757
v 0.00705 0.16181 0.22272
v 0.00000 0.16047 0.22086
v -0.00705 0.16181 0.22272
v -0.01141 0.16534 0.22757
v -0.01141 0.16970 0.23357
v -0.00705 0.17323 0.23842
v -0.00000 0.17457 0.24028
v 0.00000 0.13484 0.26463
v 0.00705 0.13379 0.26259
v 0.01141 0.13107 0.25724
v 0.01141 0.12770 0.25063
v 0.00705 0.12498 0.24529
v 0.00000 0.12394 0.24324
v -0.00705 0.12498 0.24529
v -0.01141 0.12770 0.25063
v -0.01141 0.13107 0.25724
v -0.00705 0.13379 0.26259
v -0.00000 0.13484 0.26463
v 0.00000 0.09178 0.28246
v 0.00705 0.09107 0.28028
v 0.01141 0.08922 0.27458
v 0.01141 0.08692 0.26752
v 0.00705 0.08507 0.26182
v 0.00000 0.08436 0.25964
v -0.00705 0.08507 0.26182
v -0.01141 0.08692 0.26752
v -0.01141 0.08922 0.27458
v -0.00705 0.09107 0.28028
v -0.00000 0.09178 0.28246
v 0.00000 0.04646 0.29334
v 0.00705 0.04610 0.29108
v 0.01141 0.04516 0.28515
v 0.01141 0.04400 0.27783
v 0.00705 0.04307 0.27190
v 0.00000 0.04271 0.26964
v -0.00705 0.04307 0.27190
v -0.01141 0.04400 0.27783
v -0.01141 0.04516 0.28515
v -0.00705 0.04610 0.29108
v -0.00000 0.04646 0.29334
v 0.00000 0.00000 0.29700
v 0.00705 0.00000 0.29471
v 0.01141 0.00000 0.28871
v 0.01141 0.00000 0.28129
v 0.00705 0.00000 0.27529
v 0.00000 0.00000 0.27300
v -0.00705 0.00000 0.27529
v -0.01141 0.00000 0.28129
v -0.01141 0.00000 0.28871
v -0.00705 0.00000 0.29471
v -0.00000 0.00000 0.29700
v 0.00000 -0.04646 0.29334
v 0.00705 -0.04610 0.29108
v 0.01141 -0.04516 0.28515
v 0.01141 -0.04400 0.27783
v 0.00705 -0.04307 0.27190
v 0.00000 -0.04271 0.26964
v -0.00705 -0.04307 0.27190
v -0.01141 -0.04400 0.27783
v -0.01141 -0.04516 0.28515
v -0.00705 -0.04610 0.29108
v -0.00000 -0.04646 0.29334
v 0.00000 -0.09178 0.28246
v 0.00705 -0.09107 0.28028
v 0.01141 -0.08922 0.27458
v 0.01141 -0.08692 0.26752
v 0.00705 -0.08507 0.26182
v 0.00000 -0.08436 0.25964
v -0.00705 -0.08507 0.26182
v -0.01141 -0.08692 0.26752
v -0.01141 -0.08922 0.27458
v -0.00705 -0.09107 0.28028
v -0.00000 -0.09178 0.28246
v 0.00000 -0.13484 0.26463
v 0.00705 -0.13379 0.26259
v 0.01141 -0.13107 0.25724
v 0.01141 -0.12770 0.25063
v 0.00705 -0.12498 0.24529
v 0.00000 -0.12394 0.24324
v -0.00705 -0.12498 0.24529
v -0.01141 -0.12770 0.25063
v -0.01141 -0.13107 0.25724
v -0.00705 -0.13379 0.26259
v -0.00000 -0.13484 0.26463
v 0.00000 -0.17457 0.24028
v 0.00705 -0.17323 0.23842
v 0.01141 -0.16970 0.23357
v 0.01141 -0.16534 0.22757
v 0.00705 -0.16181 0.22272
v 0.00000 -0.16047 0.22086
v -0.00705 -0.16181 0.22272
v -0.01141 -0.16534 0.22757
v -0.01141 -0.16970 0.23357
v -0.00705 -0.17323 0.23842
v -0.00000 -0.17457 0.24028
v 0.00000 -0.21001 0.21001
v 0.00705 -0.20839 0.20839
v 0.01141 -0.20415 0.20415
v 0.01141 -0.19890 0.19890
v 0.00705 -0.19466 0.19466
v 0.00000 -0.19304 0.19304
v -0.00705 -0.19466 0.19466
v -0.01141 -0.19890 0.19890
v -0.01141 -0.20415 0.20415
v -0.00705 -0.20839 0.20839
v -0.00000 -0.21001 0.21001
v 0.00000 -0.24028 0.17457
v 0.00705 -0.23842 0.17323
v 0.01141 -0.23357 0.16970
v 0.01141 -0.22757 0.16534
v 0.00705 -0.22272 0.16181
v 0.00000 -0.22086 0.16047
v -0.00705 -0.22272 0.16181
v -0.01141 -0.22757 0.16534
v -0.01141 -0.23357 0.16970
v -0.00705 -0.23842 0.17323
v -0.00000 -0.24028 0.17457
v 0.00000 -0.26463 0.13484
v 0.00705 -0.26259 0.13379
v 0.01141 -0.25724 0.13107
v 0.01141 -0.25063 0.12770
v 0.00705 -0.24529 0.12498
v 0.00000 -0.24324 0.12394
v -0.00705 -0.24529 0.12498
v -0.01141 -0.25063 0.12770
v -0.01141 -0.25724 0.13107
v -0.00705 -0.26259 0.13379
v -0.00000 -0.26463 0.13484
v 0.00000 -0.28246 0.09178
v 0.00705 -0.28028 0.09107
v 0.01141 -0.27458 0.08922
v 0.01141 -0.26752 0.08692
v 0.00705 -0.26182 0.08507
v 0.00000 -0.25964 0.08436
v -0.00705 -0.26182 0.08507
v -0.01141 -0.26752 0.08692
v -0.01141 -0.27458 0.08922
v -0.00705 -0.28028 0.09107
v -0.00000 -0.28246 0.09178
v 0.00000 -0.29334 0.04646
v 0.00705 -0.29108 0.04610
v 0.01141 -0.28515 0.04516
v 0.01141 -0.27783 0.04400
v 0.00705 -0.27190 0.04307
v 0.00000 -0.26964 0.04271
v -0.00705 -0.27190 0.04307
v -0.01141 -0.27783 0.04400
v -0.01141 -0.28515 0.04516
v -0.00705 -0.29108 0.04610
v -0.00000 -0.29334 0.04646
v 0.00000 -0.29700 0.00000
v 0.00705 -0.29471 0.00000
v 0.01141 -0.28871 0.00000
v 0.01141 -0.28129 0.00000
v 0.00705 -0.27529 0.00000
v 0.00000 -0.27300 0.00000
v -0.00705 -0.27529 0.00000
v -0.01141 -0.28129 0.00000
v -0.01141 -0.28871 0.00000
v -0.00705 -0.29471 0.00000
v -0.00000 -0.29700 0.00000
v 0.00000 -0.29334 -0.04646
v 0.00705 -0.29108 -0.04610
v 0.01141 -0.28515 -0.04516
v 0.01141 -0.27783 -0.04400
v 0.00705 -0.27190 -0.04307
v 0.00000 -0.26964 -0.04271
v -0.00705 -0.27190 -0.04307
v -0.01141 -0.27783 -0.04400
v -0.01141 -0.28515 -0.04516
v -0.00705 -0.29108 -0.04610
v -0.00000 -0.29334 -0.04646
v 0.00000 -0.28246 -0.09178
v 0.00705 -0.28028 -0.09107
v 0.01141 -0.27458 -0.08922
v 0.01141 -0.26752 -0.08692
v 0.00705 -0.26182 -0.08507
v 0.00000 -0.25964 -0.08436
v -0.00705 -0.26182 -0.08507
v -0.01141 -0.26752 -0.08692
v -0.01141 -0.27458 -0.08922
v -0.00705 -0.28028 -0.09107
v -0.00000 -0.28246 -0.09178
v 0.00000 -0.26463 -0.13484
v 0.00705 -0.26259 -0.13379
v 0.01141 -0.25724 -0.13107
v 0.01141 -0.25063 -0.12770
v 0.00705 -0.24529 -0.12498
v 0.00000 -0.24324 -0.12394
v -0.00705 -0.24529 -0.12498
v -0.01141 -0.25063 -0.12770
v -0.01141 -0.25724 -0.13107
v -0.00705 -0.26259 -0.13379
v -0.00000 -0.26463 -0.13484
v 0.00000 -0.24028 -0.17457
v 0.00705 -0.23842 -0.17323
v 0.01141 -0.23357 -0.16970
v 0.01141 -0.22757 -0.16534
v 0.00705 -0.22272 -0.16181
v 0.00000 -0.22086 -0.16047
v -0.00705 -0.22272 -0.16181
v -0.01141 -0.22757 -0.16534
v -0.01141 -0.23357 -0.16970
v -0.00705 -0.23842 -0.17323
v -0.00000 -0.24028 -0.17457
v 0.00000 -0.21001 -0.21001
v 0.00705 -0.20839 -0.20839
v 0.01141 -0.20415 -0.20415
v 0.01141 -0.19890 -0.19890
v 0.00705 -0.19466 -0.19466
v 0.00000 -0.19304 -0.19304
v -0.00705 -0.19466 -0.19466
v -0.01141 -0.19890 -0.19890
v -0.01141 -0.20415 -0.20415
v -0.00705 -0.20839 -0.20839
v -0.00000 -0.21001 -0.21001
v 0.00000 -0.17457 -0.24028
v 0.00705 -0.17323 -0.23842
v 0.01141 -0.16970 -0.23357
v 0.01141 -0.16534 -0.22757
v 0.00705 -0.16181 -0.22272
v 0.00000 -0.16047 -0.22086
v -0.00705 -0.16181 -0.22272
v -0.01141 -0.16534 -0.22757
v -0.01141 -0.16970 -0.23357
v -0.00705 -0.17323 -0.23842
v -0.00000 -0.17457 -0.24028
v 0.00000 -0.13484 -0.26463
v 0.00705 -0.13379 -0.26259
v 0.01141 -0.13107 -0.25724
v 0.01141 -0.12770 -0.25063
v 0.00705 -0.12498 -0.24529
v 0.00000 -0.12394 -0.24324
v -0.00705 -0.12498 -0.24529
v -0.01141 -0.12770 -0.25063
v -0.01141 -0.13107 -0.25724
v -0.00705 -0.13379 -0.26259
v -0.00000 -0.13484 -0.26463
v 0.00000 -0.09178 -0.28246
v 0.00705 -0.09107 -0.28028
v 0.01141 -0.08922 -0.27458
v 0.01141 -0.08692 -0.26752
v 0.00705 -0.08507 -0.26182
v 0.00000 -0.08436 -0.25964
v -0.00705 -0.08507 -0.26182
v -0.01141 -0.08692 -0.26752
v -0.01141 -0.08922 -0.27458
v -0.00705 -0.09107 -0.28028
v -0.00000 -0.09178 -0.28246
v 0.00000 -0.04646 -0.29334
v 0.00705 -0.04610 -0.29108
v 0.01141 -0.04516 -0.28515
v 0.01141 -0.04400 -0.27783
v 0.00705 -0.04307 -0.27190
v 0.00000 -0.04271 -0.26964
v -0.00705 -0.04307 -0.27190
v -0.01141 -0.04400 -0.27783
v -0.01141 -0.04516 -0.28515
v -0.00705 -0.04610 -0.29108
v -0.00000 -0.04646 -0.29334
v 0.00000 -0.00000 -0.29700
v 0.00705 -0.00000 -0.29471
v 0.01141 -0.00000 -0.28871
v 0.01141 -0.00000 -0.28129
v 0.00705 -0.00000 -0.27529
v 0.00000 -0.00000 -0.27300
v -0.00705 -0.00000 -0.27529
v -0.01141 -0.00000 -0.28129
v -0.01141 -0.00000 -0.28871
v -0.00705 -0.00000 -0.29471
v -0.00000 -0.00000 -0.29700
v 0.00000 0.04646 -0.29334
v 0.00705 0.04610 -0.29108
v 0.01141 0.04516 -0.28515
v 0.01141 0.04400 -0.27783
v 0.00705 0.04307 -0.27190
v 0.00000 0.04271 -0.26964
v -0.00705 0.04307 -0.27190
v -0.01141 0.04400 -0.27783
v -0.01141 0.04516 -0.28515
v -0.00705 0.04610 -0.29108
v -0.00000 0.04646 -0.29334
v 0.00000 0.09178 -0.28246
v 0.00705 0.09107 -0.28028
v 0.01141 0.08922 -0.27458
v 0.01141 0.08692 -0.26752
v 0.00705 0.08507 -0.26182
v 0.00000 0.08436 -0.25964
v -0.00705 0.08507 -0.26182
v -0.01141 0.08692 -0.26752
v -0.01141 0.08922 -0.27458
v -0.00705 0.09107 -0.28028
v -0.00000 0.09178 -0.28246
v 0.00000 0.13484 -0.26463
v 0.00705 0.13379 -0.26259
v 0.01141 0.13107 -0.25724
v 0.01141 0.12770 -0.25063
v 0.00705 0.12498 -0.24529
v 0.00000 0.12394 -0.24324
v -0.00705 0.12498 -0.24529
v -0.01141 0.12770 -0.25063
v -0.01141 0.13107 -0.25724
v -0.00705 0.13379 -0.26259
v -0.00000 0.13484 -0.26463
v 0.00000 0.17457 -0.24028
v 0.00705 0.17323 -0.23842
v 0.01141 0.16970 -0.23357
v 0.01141 0.16534 -0.22757
v 0.00705 0.16181 -0.22272
v 0.00000 0.16047 -0.22086
v -0.00705 0.16181 -0.22272
v -0.01141 0.16534 -0.22757
v -0.01141 0.16970 -0.23357
v -0.00705 0.17323 -0.23842
v -0.00000 0.17457 -0.24028
v 0.00000 0.21001 -0.21001
v 0.00705 0.20839 -0.20839
v 0.01141 0.20415 -0.20415
v 0.01141 0.19890 -0.19890
v 0.00705 0.19466 -0.19466
v 0.00000 0.19304 -0.19304
v -0.00705 0.19466 -0.19466
v -0.01141 0.19890 -0.19890
v -0.01141 0.20415 -0.20415
v -0.00705 0.20839 -0.20839
v -0.00000 0.21001 -0.21001
v 0.00000 0.24028 -0.17457
v 0.00705 0.23842 -0.17323
v 0.01141 0.23357 -0.16970
v 0.01141 0.22757 -0.16534
v 0.00705 0.22272 -0.16181
v 0.00000 0.22086 -0.16047
v -0.00705 0.22272 -0.16181
v -0.01141 0.22757 -0.16534
v -0.01141 0.23357 -0.16970
v -0.00705 0.23842 -0.17323
v -0.00000 0.24028 -0.17457
v 0.00000 0.26463 -0.13484
v 0.00705 0.26259 -0.13379
v 0.01141 0.25724 -0.13107
v 0.01141 0.25063 -0.12770
v 0.00705 0.24529 -0.12498
v 0.00000 0.24324 -0.12394
v -0.00705 0.24529 -0.12498
v -0.01141 0.25063 -0.12770
v -0.01141 0.25724 -0.13107
v -0.00705 0.26259 -0.13379
v -0.00000 0.26463 -0.13484
v 0.00000 0.28246 -0.09178
v 0.00705 0.28028 -0.09107
v 0.01141 0.27458 -0.08922
v 0.01141 0.26752 -0.08692
v 0.00705 0.26182 -0.08507
v 0.00000 0.25964 -0.08436
v -0.00705 0.26182 -0.08507
v -0.01141 0.26752 -0.08692
v -0.01141 0.27458 -0.08922
v -0.00705 0.28028 -0.09107
v -0.00000 0.28246 -0.09178
v 0.00000 0.29334 -0.04646
v 0.00705 0.29108 -0.04610
v 0.01141 0.28515 -0.04516
v 0.01141 0.27783 -0.04400
v 0.00705 0.27190 -0.04307
v 0.00000 0.26964 -0.04271
v -0.00705 0.27190 -0.04307
v -0.01141 0.27783 -0.04400
v -0.01141 0.28515 -0.04516
v -0.00705 0.29108 -0.04610
v -0.00000 0.29334 -0.04646
v 0.00000 0.29700 -0.00000
v 0.00705 0.29471 -0.00000
v 0.01141 0.28871 -0.00000
v 0.01141 0.28129 -0.00000
v 0.00705 0.27529 -0.00000
v 0.00000 0.27300 -0.00000
v -0.00705 0.27529 -0.00000
v -0.01141 0.28129 -0.00000
v -0.01141 0.28871 -0.00000
v -0.00705 0.29471 -0.00000
v -0.00000 0.29700 -0.00000
v 0.00000 0.03000 0.00000
v 0.00704 0.02963 0.00000
v 0.01391 0.02853 0.00000
v 0.02043 0.02673 0.00000
v 0.02645 0.02427 0.00000
v 0.03182 0.02121 0.00000
v 0.03641 0.01763 0.00000
v 0.04010 0.01362 0.00000
v 0.04280 0.00927 0.00000
v 0.04445 0.00469 0.00000
v 0.04500 0.00000 0.00000
v 0.04445 -0.00469 0.00000
v 0.04280 -0.00927 0.00000
v 0.04010 -0.01362 0.00000
v 0.03641 -0.01763 0.00000
v 0.03182 -0.02121 0.00000
v 0.02645 -0.02427 0.00000
v 0.02043 -0.02673 0.00000
v 0.01391 -0.02853 0.00000
v 0.00704 -0.02963 0.00000
v 0.00000 -0.03000 0.00000
v 0.00000 0.03000 0.00000
v 0.00689 0.02963 0.00098
v 0.01360 0.02853 0.00193
v 0.01998 0.02673 0.00283
v 0.02587 0.02427 0.00367
v 0.03112 0.02121 0.00441
v 0.03561 0.01763 0.00505
v 0.03922 0.01362 0.00556
v 0.04186 0.00927 0.00593
v 0.04347 0.00469 0.00616
v 0.04402 0.00000 0.00624
v 0.04347 -0.00469 0.00616
v 0.04186 -0.00927 0.00593
v 0.03922 -0.01362 0.00556
v 0.03561 -0.01763 0.00505
v 0.03112 -0.02121 0.00441
v 0.02587 -0.02427 0.00367
v 0.01998 -0.02673 0.00283
v 0.01360 -0.02853 0.00193
v 0.00689 -0.02963 0.00098
v 0.00000 -0.03000 0.00000
v 0.00000 0.03000 0.00000
v 0.00643 0.02963 0.00191
v 0.01270 0.02853 0.00377
v 0.01866 0.02673 0.00554
v 0.02416 0.02427 0.00717
v 0.02907 0.02121 0.00863
v 0.03326 0.01763 0.00987
v 0.03663 0.01362 0.01087
v 0.03910 0.00927 0.01160
v 0.04060 0.00469 0.01205
v 0.04111 0.00000 0.01220
v 0.04060 -0.00469 0.01205
v 0.03910 -0.00927 0.01160
v 0.03663 -0.01362 0.01087
v 0.03326 -0.01763 0.00987
v 0.02907 -0.02121 0.00863
v 0.02416 -0.02427 0.00717
v 0.01866 -0.02673 0.00554
v 0.01270 -0.02853 0.00377
v 0.00643 -0.02963 0.00191
v 0.00000 -0.03000 0.00000
v 0.00000 0.03000 0.00000
v 0.00570 0.02963 0.00276
v 0.01125 0.02853 0.00545
v 0.01653 0.02673 0.00801
v 0.02140 0.02427 0.01036
v 0.02574 0.02121 0.01247
v 0.02945 0.01763 0.01427
v 0.03244 0.01362 0.01571
v 0.03462 0.00927 0.01677
v 0.03596 0.00469 0.01742
v 0.03641 0.00000 0.01763
v 0.03596 -0.00469 0.01742
v 0.03462 -0.00927 0.01677
v 0.03244 -0.01362 0.01571
v 0.02945 -0.01763 0.01427
v 0.02574 -0.02121 0.01247
v 0.02140 -0.02427 0.01036
v 0.01653 -0.02673 0.00801
v 0.01125 -0.02853 0.00545
v 0.00570 -0.02963 0.00276
v 0.00000 -0.03000 0.00000
v 0.00000 0.03000 0.00000
v 0.00471 0.02963 0.00349
v 0.00930 0.02853 0.00689
v 0.01367 0.02673 0.01012
v 0.01770 0.02427 0.01310
v 0.02129 0.02121 0.01576
v 0.02436 0.01763 0.01804
v 0.02683 0.01362 0.01986
v 0.02864 0.00927 0.02120
v 0.02974 0.00469 0.02202
v 0.03011 0.00000 0.02229
v 0.02974 -0.00469 0.02202
v 0.02864 -0.00927 0.02120
v 0.02683 -0.01362 0.01986
v 0.02436 -0.01763 0.01804
v 0.02129 -0.02121 0.01576
v 0.01770 -0.02427 0.01310
v 0.01367 -0.02673 0.01012
v 0.00930 -0.02853 0.00689
v 0.00471 -0.02963 0.00349
v 0.00000 -0.03000 0.00000
v 0.00000 0.03000 0.00000
v 0.00352 0.02963 0.00406
v 0.00695 0.02853 0.00803
v 0.01021 0.02673 0.01180
v 0.01323 0.02427 0.01527
v 0.01591 0.02121 0.01837
v 0.01820 0.01763 0.02102
v 0.02005 0.01362 0.02315
v 0.02140 0.00927 0.02471
v 0.02222 0.00469 0.02566
v 0.02250 0.00000 0.02598
v 0.02222 -0.00469 0.02566
v 0.02140 -0.00927 0.02471
v 0.02005 -0.01362 0.02315
v 0.01820 -0.01763 0.02102
v 0.01591 -0.02121 0.01837
v 0.01323 -0.02427 0.01527
v 0.01021 -0.02673 0.01180
v 0.00695 -0.02853 0.00803
v 0.00352 -0.02963 0.00406
v 0.00000 -0.03000 0.00000
v 0.00000 0.03000 0.00000
v 0.00218 0.02963 0.00446
v 0.00430 0.02853 0.00882
v 0.00631 0.02673 0.01295
v 0.00817 0.02427 0.01677
v 0.00983 0.02121 0.02017
v 0.01125 0.01763 0.02308
v 0.01239 0.01362 0.02542
v 0.01323 0.00927 0.02714
v 0.01373 0.00469 0.02818
v 0.01391 0.00000 0.02853
v 0.01373 -0.00469 0.02818
v 0.01323 -0.00927 0.02714
v 0.01239 -0.01362 0.02542
v 0.01125 -0.01763 0.02308
v 0.00983 -0.02121 0.02017
v 0.00817 -0.02427 0.01677
v 0.00631 -0.02673 0.01295
v 0.00430 -0.02853 0.00882
v 0.00218 -0.02963 0.00446
v 0.00000 -0.03000 0.00000
v 0.00000 0.03000 0.00000
v 0.00074 0.02963 0.00467
v 0.00145 0.02853 0.00922
v 0.00214 0.02673 0.01355
v 0.00276 0.02427 0.01754
v 0.00333 0.02121 0.02110
v 0.00381 0.01763 0.02414
v 0.00419 0.01362 0.02658
v 0.00447 0.00927 0.02838
v 0.00465 0.00469 0.02947
v 0.00470 0.00000 0.02984
v 0.00465 -0.00469 0.02947
v 0.00447 -0.00927 0.02838
v 0.00419 -0.01362 0.02658
v 0.00381 -0.01763 0.02414
v 0.00333 -0.02121 0.02110
v 0.00276 -0.02427 0.01754
v 0.00214 -0.02673 0.01355
v 0.00145 -0.02853 0.00922
v 0.00074 -0.02963 0.00467
v 0.00000 -0.03000 0.00000
v 0.00000 0.03000 0.00000
v -0.00074 0.02963 0.00467
v -0.00145 0.02853 0.00922
v -0.00214 0.02673 0.01355
v -0.00276 0.02427 0.01754
v -0.00333 0.02121 0.02110
v -0.00381 0.01763 0.02414
v -0.00419 0.01362 0.02658
v -0.00447 0.00927 0.02838
v -0.00465 0.00469 0.02947
v -0.00470 0.00000 0.02984
v -0.00465 -0.00469 0.02947
v -0.00447 -0.00927 0.02838
v -0.00419 -0.01362 0.02658
v -0.00381 -0.01763 0.02414
v -0.00333 -0.02121 0.02110
v -0.00276 -0.02427 0.01754
v -0.00214 -0.02673 0.01355
v -0.00145 -0.02853 0.00922
v -0.00074 -0.02963 0.00467
v -0.00000 -0.03000 0.00000
v 0.00000 0.03000 0.00000
v -0.00218 0.02963 0.00446
v -0.00430 0.02853 0.00882
v -0.00631 0.02673 0.01295
v -0.00817 0.02427 0.01677
v -0.00983 0.02121 0.02017
v -0.01125 0.01763 0.02308
v -0.01239 0.01362 0.02542
v -0.01323 0.00927 0.02714
v -0.01373 0.00469 0.02818
v -0.01391 0.00000 0.02853
v -0.01373 -0.00469 0.02818
v -0.01323 -0.00927 0.02714
v -0.01239 -0.01362 0.02542
v -0.01125 -0.01763 0.02308
v -0.00983 -0.02121 0.02017
v -0.00817 -0.02427 0.01677
v -0.00631 -0.02673 0.01295
v -0.00430 -0.02853 0.00882
v -0.00218 -0.02963 0.00446
v -0.00000 -0.03000 0.00000
v 0.00000 0.03000 0.00000
v -0.00352 0.02963 0.00406
v -0.00695 0.02853 0.00803
v -0.01021 0.02673 0.01180
v -0.01323 0.02427 0.01527
v -0.01591 0.02121 0.01837
v -0.01820 0.01763 0.02102
v -0.02005 0.01362 0.02315
v -0.02140 0.00927 0.02471
v -0.02222 0.00469 0.02566
v -0.02250 0.00000 0.02598
v -0.02222 -0.00469 0.02566
v -0.02140 -0.00927 0.02471
v -0.02005 -0.01362 0.02315
v -0.01820 -0.01763 0.02102
v -0.01591 -0.02121 0.01837
v -0.01323 -0.02427 0.01527
v -0.01021 -0.02673 0.01180
v -0.00695 -0.02853 0.00803
v -0.00352 -0.02963 0.00406
v -0.00000 -0.03000 0.00000
v 0.00000 0.03000 0.00000
v -0.00471 0.02963 0.00349
v -0.00930 0.02853 0.00689
v -0.01367 0.02673 0.01012
v -0.01770 0.02427 0.01310
v -0.02129 0.02121 0.01576
v -0.02436 0.01763 0.01804
v -0.02683 0.01362 0.01986
v -0.02864 0.00927 0.02120
v -0.02974 0.00469 0.02202
v -0.03011 0.00000 0.02229
v -0.02974 -0.00469 0.02202
v -0.02864 -0.00927 0.02120
v -0.02683 -0.01362 0.01986
v -0.02436 -0.01763 0.01804
v -0.02129 -0.02121 0.01576
v -0.01770 -0.02427 0.01310
v -0.01367 -0.02673 0.01012
v -0.00930 -0.02853 0.00689
v -0.00471 -0.02963 0.00349
v -0.00000 -0.03000 0.00000
v 0.00000 0.03000 0.00000
v -0.00570 0.02963 0.00276
v -0.01125 0.02853 0.00545
v -0.01653 0.02673 0.00801
v -0.02140 0.02427 0.01036
v -0.02574 0.02121 0.01247
v -0.02945 0.01763 0.01427
v -0.03244 0.01362 0.01571
v -0.03462 0.00927 0.01677
v -0.03596 0.00469 0.01742
v -0.03641 0.00000 0.01763
v -0.03596 -0.00469 0.01742
v -0.03462 -0.00927 0.01677
v -0.03244 -0.01362 0.01571
v -0.02945 -0.01763 0.01427
v -0.02574 -0.02121 0.01247
v -0.02140 -0.02427 0.01036
v -0.01653 -0.02673 0.00801
v -0.01125 -0.02853 0.00545
v -0.00570 -0.02963 0.00276
v -0.00000 -0.03000 0.00000
v 0.00000 0.03000 0.00000
v -0.00643 0.02963 0.00191
v -0.01270 0.02853 0.00377
v -0.01866 0.02673 0.00554
v -0.02416 0.02427 0.00717
v -0.02907 0.02121 0.00863
v -0.03326 0.01763 0.00987
v -0.03663 0.01362 0.01087
v -0.03910 0.00927 0.01160
v -0.04060 0.00469 0.01205
v -0.04111 0.00000 0.01220
v -0.04060 -0.00469 0.01205
v -0.03910 -0.00927 0.01160
v -0.03663 -0.01362 0.01087
v -0.03326 -0.01763 0.00987
v -0.02907 -0.02121 0.00863
v -0.02416 -0.02427 0.00717
v -0.01866 -0.02673 0.00554
v -0.01270 -0.02853 0.00377
v -0.00643 -0.02963 0.00191
v -0.00000 -0.03000 0.00000
v 0.00000 0.03000 0.00000
v -0.00689 0.02963 0.00098
v -0.01360 0.02853 0.00193
v -0.01998 0.02673 0.00283
v -0.02587 0.02427 0.00367
v -0.03112 0.02121 0.00441
v -0.03561 0.01763 0.00505
v -0.03922 0.01362 0.00556
v -0.04186 0.00927 0.00593
v -0.04347 0.00469 0.00616
v -0.04402 0.00000 0.00624
v -0.04347 -0.00469 0.00616
v -0.04186 -0.00927 0.00593
v -0.03922 -0.01362 0.00556
v -0.03561 -0.01763 0.00505
v -0.03112 -0.02121 0.00441
v -0.02587 -0.02427 0.00367
v -0.01998 -0.02673 0.00283
v -0.01360 -0.02853 0.00193
v -0.00689 -0.02963 0.00098
v -0.00000 -0.03000 0.00000
v 0.00000 0.03000 0.00000
v -0.00704 0.02963 0.00000
v -0.01391 0.02853 0.00000
v -0.02043 0.02673 0.00000
v -0.02645 0.02427 0.00000
v -0.03182 0.02121 0.00000
v -0.03641 0.01763 0.00000
v -0.04010 0.01362 0.00000
v -0.04280 0.00927 0.00000
v -0.04445 0.00469 0.00000
v -0.04500 0.00000 0.00000
v -0.04445 -0.00469 0.00000
v -0.04280 -0.00927 0.00000
v -0.04010 -0.01362 0.00000
v -0.03641 -0.01763 0.00000
v -0.03182 -0.02121 0.00000
v -0.02645 -0.02427 0.00000
v -0.02043 -0.02673 0.00000
v -0.01391 -0.02853 0.00000
v -0.00704 -0.02963 0.00000
v -0.00000 -0.03000 0.00000
v 0.00000 0.03000 0.00000
v -0.00689 0.02963 -0.00098
v -0.01360 0.02853 -0.00193
v -0.01998 0.02673 -0.00283
v -0.02587 0.02427 -0.00367
v -0.03112 0.02121 -0.00441
v -0.03561 0.01763 -0.00505
v -0.03922 0.01362 -0.00556
v -0.04186 0.00927 -0.00593
v -0.04347 0.00469 -0.00616
v -0.04402 0.00000 -0.00624
v -0.04347 -0.00469 -0.00616
v -0.04186 -0.00927 -0.00593
v -0.03922 -0.01362 -0.00556
v -0.03561 -0.01763 -0.00505
v -0.03112 -0.02121 -0.00441
v -0.02587 -0.02427 -0.00367
v -0.01998 -0.02673 -0.00283
v -0.01360 -0.02853 -0.00193
v -0.00689 -0.02963 -0.00098
v -0.00000 -0.03000 -0.00000
v 0.00000 0.03000 0.00000
v -0.00643 0.02963 -0.00191
v -0.01270 0.02853 -0.00377
v -0.01866 0.02673 -0.00554
v -0.02416 0.02427 -0.00717
v -0.02907 0.02121 -0.00863
v -0.03326 0.01763 -0.00987
v -0.03663 0.01362 -0.01087
v -0.03910 0.00927 -0.01160
v -0.04060 0.00469 -0.01205
v -0.04111 0.00000 -0.01220
v -0.04060 -0.00469 -0.01205
v -0.03910 -0.00927 -0.01160
v -0.03663 -0.01362 -0.01087
v -0.03326 -0.01763 -0.00987
v -0.02907 -0.02121 -0.00863
v -0.02416 -0.02427 -0.00717
v -0.01866 -0.02673 -0.00554
v -0.01270 -0.02853 -0.00377
v -0.00643 -0.02963 -0.00191
v -0.00000 -0.03000 -0.00000
v 0.00000 0.03000 0.00000
v -0.00570 0.02963 -0.00276
v -0.01125 0.02853 -0.00545
v -0.01653 0.02673 -0.00801
v -0.02140 0.02427 -0.01036
v -0.02574 0.02121 -0.01247
v -0.02945 0.01763 -0.01427
v -0.03244 0.01362 -0.01571
v -0.03462 0.00927 -0.01677
v -0.03596 0.00469 -0.01742
v -0.03641 0.00000 -0.01763
v -0.03596 -0.00469 -0.01742
v -0.03462 -0.00927 -0.01677
v -0.03244 -0.01362 -0.01571
v -0.02945 -0.01763 -0.01427
v -0.02574 -0.02121 -0.01247
v -0.02140 -0.02427 -0.01036
v -0.01653 -0.02673 -0.00801
v -0.01125 -0.02853 -0.00545
v -0.00570 -0.02963 -0.00276
v -0.00000 -0.03000 -0.00000
v 0.00000 0.03000 0.00000
v -0.00471 0.02963 -0.00349
v -0.00930 0.02853 -0.00689
v -0.01367 0.02673 -0.01012
v -0.01770 0.02427 -0.01310
v -0.02129 0.02121 -0.01576
v -0.02436 0.01763 -0.01804
v -0.02683 0.01362 -0.01986
v -0.02864 0.00927 -0.02120
v -0.02974 0.00469 -0.02202
v -0.03011 0.00000 -0.02229
v -0.02974 -0.00469 -0.02202
v -0.02864 -0.00927 -0.02120
v -0.02683 -0.01362 -0.01986
v -0.02436 -0.01763 -0.01804
v -0.02129 -0.02121 -0.01576
v -0.01770 -0.02427 -0.01310
v -0.01367 -0.02673 -0.01012
v -0.00930 -0.02853 -0.00689
v -0.00471 -0.02963 -0.00349
v -0.00000 -0.03000 -0.00000
v 0.00000 0.03000 0.00000
v -0.00352 0.02963 -0.00406
v -0.00695 0.02853 -0.00803
v -0.01021 0.02673 -0.01180
v -0.01323 0.02427 -0.01527
v -0.01591 0.02121 -0.01837
v -0.01820 0.01763 -0.02102
v -0.02005 0.01362 -0.02315
v -0.02140 0.00927 -0.02471
v -0.02222 0.00469 -0.02566
v -0.02250 0.00000 -0.02598
v -0.02222 -0.00469 -0.02566
v -0.02140 -0.00927 -0.02471
v -0.02005 -0.01362 -0.02315
v -0.01820 -0.01763 -0.02102
v -0.01591 -0.02121 -0.01837
v -0.01323 -0.02427 -0.01527
v -0.01021 -0.02673 -0.01180
v -0.00695 -0.02853 -0.00803
v -0.00352 -0.02963 -0.00406
v -0.00000 -0.03000 -0.00000
v 0.00000 0.03000 0.00000
v -0.00218 0.02963 -0.00446
v -0.00430 0.02853 -0.00882
v -0.00631 0.02673 -0.01295
v -0.00817 0.02427 -0.01677
v -0.00983 0.02121 -0.02017
v -0.01125 0.01763 -0.02308
v -0.01239 0.01362 -0.02542
v -0.01323 0.00927 -0.02714
v -0.01373 0.00469 -0.02818
v -0.01391 0.00000 -0.02853
v -0.01373 -0.00469 -0.02818
v -0.01323 -0.00927 -0.02714
v -0.01239 -0.01362 -0.02542
v -0.01125 -0.01763 -0.02308
v -0.00983 -0.02121 -0.02017
v -0.00817 -0.02427 -0.01677
v -0.00631 -0.02673 -0.01295
v -0.00430 -0.02853 -0.00882
v -0.00218 -0.02963 -0.00446
v -0.00000 -0.03000 -0.00000
v 0.00000 0.03000 0.00000
v -0.00074 0.02963 -0.00467
v -0.00145 0.02853 -0.00922
v -0.00214 0.02673 -0.01355
v -0.00276 0.02427 -0.01754
v -0.00333 0.02121 -0.02110
v -0.00381 0.01763 -0.02414
v -0.00419 0.01362 -0.02658
v -0.00447 0.00927 -0.02838
v -0.00465 0.00469 -0.02947
v -0.00470 0.00000 -0.02984
v -0.00465 -0.00469 -0.02947
v -0.00447 -0.00927 -0.02838
v -0.00419 -0.01362 -0.02658
v -0.00381 -0.01763 -0.02414
v -0.00333 -0.02121 -0.02110
v -0.00276 -0.02427 -0.01754
v -0.00214 -0.02673 -0.01355
v -0.00145 -0.02853 -0.00922
v -0.00074 -0.02963 -0.00467
v -0.00000 -0.03000 -0.00000
v 0.00000 0.03000 0.00000
v 0.00074 0.02963 -0.00467
v 0.00145 0.02853 -0.00922
v 0.00214 0.02673 -0.01355
v 0.00276 0.02427 -0.01754
v 0.00333 0.02121 -0.02110
v 0.00381 0.01763 -0.02414
v 0.00419 0.01362 -0.02658
v 0.00447 0.00927 -0.02838
v 0.00465 0.00469 -0.02947
v 0.00470 0.00000 -0.02984
v 0.00465 -0.00469 -0.02947
v 0.00447 -0.00927 -0.02838
v 0.00419 -0.01362 -0.02658
v 0.00381 -0.01763 -0.02414
v 0.00333 -0.02121 -0.02110
v 0.00276 -0.02427 -0.01754
v 0.00214 -0.02673 -0.01355
v 0.00145 -0.02853 -0.00922
v 0.00074 -0.02963 -0.00467
v 0.00000 -0.03000 -0.00000
v 0.00000 0.03000 0.00000
v 0.00218 0.02963 -0.00446
v 0.00430 0.02853 -0.00882
v 0.00631 0.02673 -0.01295
v 0.00817 0.02427 -0.01677
v 0.00983 0.02121 -0.02017
v 0.01125 0.01763 -0.02308
v 0.01239 0.01362 -0.02542
v 0.01323 0.00927 -0.02714
v 0.01373 0.00469 -0.02818
v 0.01391 0.00000 -0.02853
v 0.01373 -0.00469 -0.02818
v 0.01323 -0.00927 -0.02714
v 0.01239 -0.01362 -0.02542
v 0.01125 -0.01763 -0.02308
v 0.00983 -0.02121 -0.02017
v 0.00817 -0.02427 -0.01677
v 0.00631 -0.02673 -0.01295
v 0.00430 -0.02853 -0.00882
v 0.00218 -0.02963 -0.00446
v 0.00000 -0.03000 -0.00000
v 0.00000 0.03000 0.00000
v 0.00352 0.02963 -0.00406
v 0.00695 0.02853 -0.00803
v 0.01021 0.02673 -0.01180
v 0.01323 0.02427 -0.01527
v 0.01591 0.02121 -0.01837
v 0.01820 0.01763 -0.02102
v 0.02005 0.01362 -0.02315
v 0.02140 0.00927 -0.02471
v 0.02222 0.00469 -0.02566
v 0.02250 0.00000 -0.02598
v 0.02222 -0.00469 -0.02566
v 0.02140 -0.00927 -0.02471
v 0.02005 -0.01362 -0.02315
v 0.01820 -0.01763 -0.02102
v 0.01591 -0.02121 -0.01837
v 0.01323 -0.02427 -0.01527
v 0.01021 -0.02673 -0.01180
v 0.00695 -0.02853 -0.00803
v 0.00352 -0.02963 -0.00406
v 0.00000 -0.03000 -0.00000
v 0.00000 0.03000 0.00000
v 0.00471 0.02963 -0.00349
v 0.00930 0.02853 -0.00689
v 0.01367 0.02673 -0.01012
v 0.01770 0.02427 -0.01310
v 0.02129 0.02121 -0.01576
v 0.02436 0.01763 -0.01804
v 0.02683 0.01362 -0.01986
v 0.02864 0.00927 -0.02120
v 0.02974 0.00469 -0.02202
v 0.03011 0.00000 -0.02229
v 0.02974 -0.00469 -0.02202
v 0.02864 -0.00927 -0.02120
v 0.02683 -0.01362 -0.01986
v 0.02436 -0.01763 -0.01804
v 0.02129 -0.02121 -0.01576
v 0.01770 -0.02427 -0.01310
v 0.01367 -0.02673 -0.01012
v 0.00930 -0.02853 -0.00689
v 0.00471 -0.02963 -0.00349
v 0.00000 -0.03000 -0.00000
v 0.00000 0.03000 0.00000
v 0.00570 0.02963 -0.00276
v 0.01125 0.02853 -0.00545
v 0.01653 0.02673 -0.00801
v 0.02140 0.02427 -0.01036
v 0.02574 0.02121 -0.01247
v 0.02945 0.01763 -0.01427
v 0.03244 0.01362 -0.01571
v 0.03462 0.00927 -0.01677
v 0.03596 0.00469 -0.01742
v 0.03641 0.00000 -0.01763
v 0.03596 -0.00469 -0.01742
v 0.03462 -0.00927 -0.01677
v 0.03244 -0.01362 -0.01571
v 0.02945 -0.01763 -0.01427
v 0.02574 -0.02121 -0.01247
v 0.02140 -0.02427 -0.01036
v 0.01653 -0.02673 -0.00801
v 0.01125 -0.02853 -0.00545
v 0.00570 -0.02963 -0.00276
v 0.00000 -0.03000 -0.00000
v 0.00000 0.03000 0.00000
v 0.00643 0.02963 -0.00191
v 0.01270 0.02853 -0.00377
v 0.01866 0.02673 -0.00554
v 0.02416 0.02427 -0.00717
v 0.02907 0.02121 -0.00863
v 0.03326 0.01763 -0.00987
v 0.03663 0.01362 -0.01087
v 0.03910 0.00927 -0.01160
v 0.04060 0.00469 -0.01205
v 0.04111 0.00000 -0.01220
v 0.04060 -0.00469 -0.01205
v 0.03910 -0.00927 -0.01160
v 0.03663 -0.01362 -0.01087
v 0.03326 -0.01763 -0.00987
v 0.02907 -0.02121 -0.00863
v 0.02416 -0.02427 -0.00717
v 0.01866 -0.02673 -0.00554
v 0.01270 -0.02853 -0.00377
v 0.00643 -0.02963 -0.00191
v 0.00000 -0.03000 -0.00000
v 0.00000 0.03000 0.00000
v 0.00689 0.02963 -0.00098
v 0.01360 0.02853 -0.00193
v 0.01998 0.02673 -0.00283
v 0.02587 0.02427 -0.00367
v 0.03112 0.02121 -0.00441
v 0.03561 0.01763 -0.00505
v 0.03922 0.01362 -0.00556
v 0.04186 0.00927 -0.00593
v 0.04347 0.00469 -0.00616
v 0.04402 0.00000 -0.00624
v 0.04347 -0.00469 -0.00616
v 0.04186 -0.00927 -0.00593
v 0.03922 -0.01362 -0.00556
v 0.03561 -0.01763 -0.00505
v 0.03112 -0.02121 -0.00441
v 0.02587 -0.02427 -0.00367
v 0.01998 -0.02673 -0.00283
v 0.01360 -0.02853 -0.00193
v 0.00689 -0.02963 -0.00098
v 0.00000 -0.03000 -0.00000
v 0.00000 0.03000 0.00000
v 0.00704 0.02963 -0.00000
v 0.01391 0.02853 -0.00000
v 0.02043 0.02673 -0.00000
v 0.02645 0.02427 -0.00000
v 0.03182 0.02121 -0.00000
v 0.03641 0.01763 -0.00000
v 0.04010 0.01362 -0.00000
v 0.04280 0.00927 -0.00000
v 0.04445 0.00469 -0.00000
v 0.04500 0.00000 -0.00000
v 0.04445 -0.00469 -0.00000
v 0.04280 -0.00927 -0.00000
v 0.04010 -0.01362 -0.00000
v 0.03641 -0.01763 -0.00000
v 0.03182 -0.02121 -0.00000
v 0.02645 -0.02427 -0.00000
v 0.02043 -0.02673 -0.00000
v 0.01391 -0.02853 -0.00000
v 0.00704 -0.02963 -0.00000
v 0.00000 -0.03000 -0.00000
vt 0.00000 0.00000
vt 0.00000 0.07143
vt 0.00000 0.14286
vt 0.00000 0.21429
vt 0.00000 0.28571
vt 0.00000 0.35714
vt 0.00000 0.42857
vt 0.00000 0.50000
vt 0.00000 0.57143
vt 0.00000 0.64286
vt 0.00000 0.71429
vt 0.00000 0.78571
vt 0.00000 0.85714
vt 0.00000 0.92857
vt 0.00000 1.00000
vt 0.02500 0.00000
vt 0.02500 0.07143
vt 0.02500 0.14286
vt 0.02500 0.21429
vt 0.02500 0.28571
vt 0.02500 0.35714
vt 0.02500 0.42857
vt 0.02500 0.50000
vt 0.02500 0.57143
vt 0.02500 0.64286
vt 0.02500 0.71429
vt 0.02500 0.78571
vt 0.02500 0.85714
vt 0.02500 0.92857
vt 0.02500 1.00000
vt 0.05000 0.00000
vt 0.05000 0.07143
vt 0.05000 0.14286
vt 0.05000 0.21429
vt 0.05000 0.28571
vt 0.05000 0.35714
vt 0.05000 0.42857
vt 0.05000 0.50000
vt 0.05000 0.57143
vt 0.05000 0.64286
vt 0.05000 0.71429
vt 0.05000 0.78571
vt 0.05000 0.85714
vt 0.05000 0.92857
vt 0.05000 1.00000
vt 0.07500 0.00000
vt 0.07500 0.07143
vt 0.07500 0.14286
vt 0.07500 0.21429
vt 0.07500 0.28571
vt 0.07500 0.35714
vt 0.07500 0.42857
vt 0.07500 0.50000
vt 0.07500 0.57143
vt 0.07500 0.64286
vt 0.07500 0.71429
vt 0.07500 0.78571
vt 0.07500 0.85714
vt 0.07500 0.92857
vt 0.07500 1.00000
vt 0.10000 0.00000
vt 0.10000 0.07143
vt 0.10000 0.14286
vt 0.10000 0.21429
vt 0.10000 0.28571
vt 0.10000 0.35714
vt 0.10000 0.42857
vt 0.10000 0.50000
vt 0.10000 0.57143
vt 0.10000 0.64286
vt 0.10000 0.71429
vt 0.10000 0.78571
vt 0.10000 0.85714
vt 0.10000 0.92857
vt 0.10000 1.00000
vt 0.12500 0.00000
vt 0.12500 0.07143
vt 0.12500 0.14286
vt 0.12500 0.21429
vt 0.12500 0.28571
vt 0.12500 0.35714
vt 0.12500 0.42857
vt 0.12500 0.50000
vt 0.12500 0.57143
vt 0.12500 0.64286
vt 0.12500 0.71429
vt 0.12500 0.78571
vt 0.12500 0.85714
vt 0.12500 0.92857
vt 0.12500 1.00000
vt 0.15000 0.00000
vt 0.15000 0.07143
vt 0.15000 0.14286
vt 0.15000 0.21429
vt 0.15000 0.28571
vt 0.15000 0.35714
vt 0.15000 0.42857
vt 0.15000 0.50000
vt 0.15000 0.57143
vt 0.15000 0.64286
vt 0.15000 0.71429
vt 0.15000 0.78571
vt 0.15000 0.85714
vt 0.15000 0.92857
vt 0.15000 1.00000
vt 0.17500 0.00000
vt 0.17500 0.07143
vt 0.17500 0.14286
vt 0.17500 0.21429
vt 0.17500 0.28571
vt 0.17500 0.35714
vt 0.17500 0.42857
vt 0.17500 0.50000
vt 0.17500 0.57143
vt 0.17500 0.64286
vt 0.17500 0.71429
vt 0.17500 0.78571
vt 0.17500 0.85714
vt 0.17500 0.92857
vt 0.17500 1.00000
vt 0.20000 0.00000
vt 0.20000 0.07143
vt 0.20000 0.14286
vt 0.20000 0.21429
vt 0.20000 0.28571
vt 0.20000 0.35714
vt 0.20000 0.42857
vt 0.20000 0.50000
vt 0.20000 0.57143
vt 0.20000 0.64286
vt 0.20000 0.71429
vt 0.20000 0.78571
vt 0.20000 0.85714
vt 0.20000 0.92857
vt 0.20000 1.00000
vt 0.22500 0.00000
vt 0.22500 0.07143
vt 0.22500 0.14286
vt 0.22500 0.21429
vt 0.22500 0.28571
vt 0.22500 0.35714
vt 0.22500 0.42857
vt 0.22500 0.50000
vt 0.22500 0.57143
vt 0.22500 0.64286
vt 0.22500 0.71429
vt 0.22500 0.78571
vt 0.22500 0.85714
vt 0.22500 0.92857
vt 0.22500 1.00000
vt 0.25000 0.00000
vt 0.25000 0.07143
vt 0.25000 0.14286
vt 0.25000 0.21429
vt 0.25000 0.28571
vt 0.25000 0.35714
vt 0.25000 0.42857
vt 0.25000 0.50000
vt 0.25000 0.57143
vt 0.25000 0.64286
vt 0.25000 0.71429
vt 0.25000 0.78571
vt 0.25000 0.85714
vt 0.25000 0.92857
vt 0.25000 1.00000
vt 0.27500 0.00000
vt 0.27500 0.07143
vt 0.27500 0.14286
vt 0.27500 0.21429
vt 0.27500 0.28571
vt 0.27500 0.35714
vt 0.27500 0.42857
vt 0.27500 0.50000
vt 0.27500 0.57143
vt 0.27500 0.64286
vt 0.27500 0.71429
vt 0.27500 0.78571
vt 0.27500 0.85714
vt 0.27500 0.92857
vt 0.27500 1.00000
vt 0.30000 0.00000
vt 0.30000 0.07143
vt 0.30000 0.14286
vt 0.30000 0.21429
vt 0.30000 0.28571
vt 0.30000 0.35714
vt 0.30000 0.42857
vt 0.30000 0.50000
vt 0.30000 0.57143
vt 0.30000 0.64286
vt 0.30000 0.71429
vt 0.30000 0.78571
vt 0.30000 0.85714
vt 0.30000 0.92857
vt 0.30000 1.00000
vt 0.32500 0.00000
vt 0.32500 0.07143
vt 0.32500 0.14286
vt 0.32500 0.21429
vt 0.32500 0.28571
vt 0.32500 0.35714
vt 0.32500 0.42857
vt 0.32500 0.50000
vt 0.32500 0.57143
vt 0.32500 0.64286
vt 0.32500 0.71429
vt 0.32500 0.78571
vt 0.32500 0.85714
vt 0.32500 0.92857
vt 0.32500 1.00000
vt 0.35000 0.00000
vt 0.35000 0.07143
vt 0.35000 0.14286
vt 0.35000 0.21429
vt 0.35000 0.28571
vt 0.35000 0.35714
vt 0.35000 0.42857
vt 0.35000 0.50000
vt 0.35000 0.57143
vt 0.35000 0.64286
vt 0.35000 0.71429
vt 0.35000 0.78571
vt 0.35000 0.85714
vt 0.35000 0.92857
vt 0.35000 1.00000
vt 0.37500 0.00000
vt 0.37500 0.07143
vt 0.37500 0.14286
vt 0.37500 0.21429
vt 0.37500 0.28571
vt 0.37500 0.35714
vt 0.37500 0.42857
vt 0.37500 0.50000
vt 0.37500 0.57143
vt 0.37500 0.64286
vt 0.37500 0.71429
vt 0.37500 0.78571
vt 0.37500 0.85714
vt 0.37500 0.92857
vt 0.37500 1.00000
vt 0.40000 0.00000
vt 0.40000 0.07143
vt 0.40000 0.14286
vt 0.40000 0.21429
vt 0.40000 0.28571
vt 0.40000 0.35714
vt 0.40000 0.42857
vt 0.40000 0.50000
vt 0.40000 0.57143
vt 0.40000 0.64286
vt 0.40000 0.71429
vt 0.40000 0.78571
vt 0.40000 0.85714
vt 0.40000 0.92857
vt 0.40000 1.00000
vt 0.42500 0.00000
vt 0.42500 0.07143
vt 0.42500 0.14286
vt 0.42500 0.21429
vt 0.42500 0.28571
vt 0.42500 0.35714
vt 0.42500 0.42857
vt 0.42500 0.50000
vt 0.42500 0.57143
vt 0.42500 0.64286
vt 0.42500 0.71429
vt 0.42500 0.78571
vt 0.42500 0.85714
vt 0.42500 0.92857
vt 0.42500 1.00000
vt 0.45000 0.00000
vt 0.45000 0.07143
vt 0.45000 0.14286
vt 0.45000 0.21429
vt 0.45000 0.28571
vt 0.45000 0.35714
vt 0.45000 0.42857
vt 0.45000 0.50000
vt 0.45000 0.57143
vt 0.45000 0.64286
vt 0.45000 0.71429
vt 0.45000 0.78571
vt 0.45000 0.85714
vt 0.45000 0.92857
vt 0.45000 1.00000
vt 0.47500 0.00000
vt 0.47500 0.07143
vt 0.47500 0.14286
vt 0.47500 0.21429
vt 0.47500 0.28571
vt 0.47500 0.35714
vt 0.47500 0.42857
vt 0.47500 0.50000
vt 0.47500 0.57143
vt 0.47500 0.64286
vt 0.47500 0.71429
vt 0.47500 0.78571
vt 0.47500 0.85714
vt 0.47500 0.92857
vt 0.47500 1.00000
vt 0.50000 0.00000
vt 0.50000 0.07143
vt 0.50000 0.14286
vt 0.50000 0.21429
vt 0.50000 0.28571
vt 0.50000 0.35714
vt 0.50000 0.42857
vt 0.50000 0.50000
vt 0.50000 0.57143
vt 0.50000 0.64286
vt 0.50000 0.71429
vt 0.50000 0.78571
vt 0.50000 0.85714
vt 0.50000 0.92857
vt 0.50000 1.00000
vt 0.52500 0.00000
vt 0.52500 0.07143
vt 0.52500 0.14286
vt 0.52500 0.21429
vt 0.52500 0.28571
vt 0.52500 0.35714
vt 0.52500 0.42857
vt 0.52500 0.50000
vt 0.52500 0.57143
vt 0.52500 0.64286
vt 0.52500 0.71429
vt 0.52500 0.78571
vt 0.52500 0.85714
vt 0.52500 0.92857
vt 0.52500 1.00000
vt 0.55000 0.00000
vt 0.55000 0.07143
vt 0.55000 0.14286
vt 0.55000 0.21429
vt 0.55000 0.28571
vt 0.55000 0.35714
vt 0.55000 0.42857
vt 0.55000 0.50000
vt 0.55000 0.57143
vt 0.55000 0.64286
vt 0.55000 0.71429
vt 0.55000 0.78571
vt 0.55000 0.85714
vt 0.55000 0.92857
vt 0.55000 1.00000
vt 0.57500 0.00000
vt 0.57500 0.07143
vt 0.57500 0.14286
vt 0.57500 0.21429
vt 0.57500 0.28571
vt 0.57500 0.35714
vt 0.57500 0.42857
vt 0.57500 0.50000
vt 0.57500 0.57143
vt 0.57500 0.64286
vt 0.57500 0.71429
vt 0.57500 0.78571
vt 0.57500 0.85714
vt 0.57500 0.92857
vt 0.57500 1.00000
vt 0.60000 0.00000
vt 0.60000 0.07143
vt 0.60000 0.14286
vt 0.60000 0.21429
vt 0.60000 0.28571
vt 0.60000 0.35714
vt 0.60000 0.42857
vt 0.60000 0.50000
vt 0.60000 0.57143
vt 0.60000 0.64286
vt 0.60000 0.71429
vt 0.60000 0.78571
vt 0.60000 0.85714
vt 0.60000 0.92857
vt 0.60000 1.00000
vt 0.62500 0.00000
vt 0.62500 0.07143
vt 0.62500 0.14286
vt 0.62500 0.21429
vt 0.62500 0.28571
vt 0.62500 0.35714
vt 0.62500 0.42857
vt 0.62500 0.50000
vt 0.62500 0.57143
vt 0.62500 0.64286
vt 0.62500 0.71429
vt 0.62500 0.78571
vt 0.62500 0.85714
vt 0.62500 0.92857
vt 0.62500 1.00000
vt 0.65000 0.00000
vt 0.65000 0.07143
vt 0.65000 0.14286
vt 0.65000 0.21429
vt 0.65000 0.28571
vt 0.65000 0.35714
vt 0.65000 0.42857
vt 0.65000 0.50000
vt 0.65000 0.57143
vt 0.65000 0.64286
vt 0.65000 0.71429
vt 0.65000 0.78571
vt 0.65000 0.85714
vt 0.65000 0.92857
vt 0.65000 1.00000
vt 0.67500 0.00000
vt 0.67500 0.07143
vt 0.67500 0.14286
vt 0.67500 0.21429
vt 0.67500 0.28571
vt 0.67500 0.35714
vt 0.67500 0.42857
vt 0.67500 0.50000
vt 0.67500 0.57143
vt 0.67500 0.64286
vt 0.67500 0.71429
vt 0.67500 0.78571
vt 0.67500 0.85714
vt 0.67500 0.92857
vt 0.67500 1.00000
vt 0.70000 0.00000
vt 0.70000 0.07143
vt 0.70000 0.14286
vt 0.70000 0.21429
vt 0.70000 0.28571
vt 0.70000 0.35714
vt 0.70000 0.42857
vt 0.70000 0.50000
vt 0.70000 0.57143
vt 0.70000 0.64286
vt 0.70000 0.71429
vt 0.70000 0.78571
vt 0.70000 0.85714
vt 0.70000 0.92857
vt 0.70000 1.00000
vt 0.72500 0.00000
vt 0.72500 0.07143
vt 0.72500 0.14286
vt 0.72500 0.21429
vt 0.72500 0.28571
vt 0.72500 0.35714
vt 0.72500 0.42857
vt 0.72500 0.50000
vt 0.72500 0.57143
vt 0.72500 0.64286
vt 0.72500 0.71429
vt 0.72500 0.78571
vt 0.72500 0.85714
vt 0.72500 0.92857
vt 0.72500 1.00000
vt 0.75000 0.00000
vt 0.75000 0.07143
vt 0.75000 0.14286
vt 0.75000 0.21429
vt 0.75000 0.28571
vt 0.75000 0.35714
vt 0.75000 0.42857
vt 0.75000 0.50000
vt 0.75000 0.57143
vt 0.75000 0.64286
vt 0.75000 0.71429
vt 0.75000 0.78571
vt 0.75000 0.85714
vt 0.75000 0.92857
vt 0.75000 1.00000
vt 0.77500 0.00000
vt 0.77500 0.07143
vt 0.77500 0.14286
vt 0.77500 0.21429
vt 0.77500 0.28571
vt 0.77500 0.35714
vt 0.77500 0.42857
vt 0.77500 0.50000
vt 0.77500 0.57143
vt 0.77500 0.64286
vt 0.77500 0.71429
vt 0.77500 0.78571
vt 0.77500 0.85714
vt 0.77500 0.92857
vt 0.77500 1.00000
vt 0.80000 0.00000
vt 0.80000 0.07143
vt 0.80000 0.14286
vt 0.80000 0.21429
vt 0.80000 0.28571
vt 0.80000 0.35714
vt 0.80000 0.42857
vt 0.80000 0.50000
vt 0.80000 0.57143
vt 0.80000 0.64286
vt 0.80000 0.71429
vt 0.80000 0.78571
vt 0.80000 0.85714
vt 0.80000 0.92857
vt 0.80000 1.00000
vt 0.82500 0.00000
vt 0.82500 0.07143
vt 0.82500 0.14286
vt 0.82500 0.21429
vt 0.82500 0.28571
vt 0.82500 0.35714
vt 0.82500 0.42857
vt 0.82500 0.50000
vt 0.82500 0.57143
vt 0.82500 0.64286
vt 0.82500 0.71429
vt 0.82500 0.78571
vt 0.82500 0.85714
vt 0.82500 0.92857
vt 0.82500 1.00000
vt 0.85000 0.00000
vt 0.85000 0.07143
vt 0.85000 0.14286
vt 0.85000 0.21429
vt 0.85000 0.28571
vt 0.85000 0.35714
vt 0.85000 0.42857
vt 0.85000 0.50000
vt 0.85000 0.57143
vt 0.85000 0.64286
vt 0.85000 0.71429
vt 0.85000 0.78571
vt 0.85000 0.85714
vt 0.85000 0.92857
vt 0.85000 1.00000
vt 0.87500 0.00000
vt 0.87500 0.07143
vt 0.87500 0.14286
vt 0.87500 0.21429
vt 0.87500 0.28571
vt 0.87500 0.35714
vt 0.87500 0.42857
vt 0.87500 0.50000
vt 0.87500 0.57143
vt 0.87500 0.64286
vt 0.87500 0.71429
vt 0.87500 0.78571
vt 0.87500 0.85714
vt 0.87500 0.92857
vt 0.87500 1.00000
vt 0.90000 0.00000
vt 0.90000 0.07143
vt 0.90000 0.14286
vt 0.90000 0.21429
vt 0.90000 0.28571
vt 0.90000 0.35714
vt 0.90000 0.42857
vt 0.90000 0.50000
vt 0.90000 0.57143
vt 0.90000 0.64286
vt 0.90000 0.71429
vt 0.90000 0.78571
vt 0.90000 0.85714
vt 0.90000 0.92857
vt 0.90000 1.00000
vt 0.92500 0.00000
vt 0.92500 0.07143
vt 0.92500 0.14286
vt 0.92500 0.21429
vt 0.92500 0.28571
vt 0.92500 0.35714
vt 0.92500 0.42857
vt 0.92500 0.50000
vt 0.92500 0.57143
vt 0.92500 0.64286
vt 0.92500 0.71429
vt 0.92500 0.78571
vt 0.92500 0.85714
vt 0.92500 0.92857
vt 0.92500 1.00000
vt 0.95000 0.00000
vt 0.95000 0.07143
vt 0.95000 0.14286
vt 0.95000 0.21429
vt 0.95000 0.28571
vt 0.95000 0.35714
vt 0.95000 0.42857
vt 0.95000 0.50000
vt 0.95000 0.57143
vt 0.95000 0.64286
vt 0.95000 0.71429
vt 0.95000 0.78571
vt 0.95000 0.85714
vt 0.95000 0.92857
vt 0.95000 1.00000
vt 0.97500 0.00000
vt 0.97500 0.07143
vt 0.97500 0.14286
vt 0.97500 0.21429
vt 0.97500 0.28571
vt 0.97500 0.35714
vt 0.97500 0.42857
vt 0.97500 0.50000
vt 0.97500 0.57143
vt 0.97500 0.64286
vt 0.97500 0.71429
vt 0.97500 0.78571
vt 0.97500 0.85714
vt 0.97500 0.92857
vt 0.97500 1.00000
vt 1.00000 0.00000
vt 1.00000 0.07143
vt 1.00000 0.14286
vt 1.00000 0.21429
vt 1.00000 0.28571
vt 1.00000 0.35714
vt 1.00000 0.42857
vt 1.00000 0.50000
vt 1.00000 0.57143
vt 1.00000 0.64286
vt 1.00000 0.71429
vt 1.00000 0.78571
vt 1.00000 0.85714
vt 1.00000 0.92857
vt 1.00000 1.00000
vt 0.00000 0.00000
vt 0.00000 0.10000
vt 0.00000 0.20000
vt 0.00000 0.30000
vt 0.00000 0.40000
vt 0.00000 0.50000
vt 0.00000 0.60000
vt 0.00000 0.70000
vt 0.00000 0.80000
vt 0.00000 0.90000
vt 0.00000 1.00000
vt 0.02500 0.00000
vt 0.02500 0.10000
vt 0.02500 0.20000
vt 0.02500 0.30000
vt 0.02500 0.40000
vt 0.02500 0.50000
vt 0.02500 0.60000
vt 0.02500 0.70000
vt 0.02500 0.80000
vt 0.02500 0.90000
vt 0.02500 1.00000
vt 0.05000 0.00000
vt 0.05000 0.10000
vt 0.05000 0.20000
vt 0.05000 0.30000
vt 0.05000 0.40000
vt 0.05000 0.50000
vt 0.05000 0.60000
vt 0.05000 0.70000
vt 0.05000 0.80000
vt 0.05000 0.90000
vt 0.05000 1.00000
vt 0.07500 0.00000
vt 0.07500 0.10000
vt 0.07500 0.20000
vt 0.07500 0.30000
vt 0.07500 0.40000
vt 0.07500 0.50000
vt 0.07500 0.60000
vt 0.07500 0.70000
vt 0.07500 0.80000
vt 0.07500 0.90000
vt 0.07500 1.00000
vt 0.10000 0.00000
vt 0.10000 0.10000
vt 0.10000 0.20000
vt 0.10000 0.30000
vt 0.10000 0.40000
vt 0.10000 0.50000
vt 0.10000 0.60000
vt 0.10000 0.70000
vt 0.10000 0.80000
vt 0.10000 0.90000
vt 0.10000 1.00000
vt 0.12500 0.00000
vt 0.12500 0.10000
vt 0.12500 0.20000
vt 0.12500 0.30000
vt 0.12500 0.40000
vt 0.12500 0.50000
vt 0.12500 0.60000
vt 0.12500 0.70000
vt 0.12500 0.80000
vt 0.12500 0.90000
vt 0.12500 1.00000
vt 0.15000 0.00000
vt 0.15000 0.10000
vt 0.15000 0.20000
vt 0.15000 0.30000
vt 0.15000 0.40000
vt 0.15000 0.50000
vt 0.15000 0.60000
vt 0.15000 0.70000
vt 0.15000 0.80000
vt 0.15000 0.90000
vt 0.15000 1.00000
vt 0.17500 0.00000
vt 0.17500 0.10000
vt 0.17500 0.20000
vt 0.17500 0.30000
vt 0.17500 0.40000
vt 0.17500 0.50000
vt 0.17500 0.60000
vt 0.17500 0.70000
vt 0.17500 0.80000
vt 0.17500 0.90000
vt 0.17500 1.00000
vt 0.20000 0.00000
vt 0.20000 0.10000
vt 0.20000 0.20000
vt 0.20000 0.30000
vt 0.20000 0.40000
vt 0.20000 0.50000
vt 0.20000 0.60000
vt 0.20000 0.70000
vt 0.20000 0.80000
vt 0.20000 0.90000
vt 0.20000 1.00000
vt 0.22500 0.00000
vt 0.22500 0.10000
vt 0.22500 0.20000
vt 0.22500 0.30000
vt 0.22500 0.40000
vt 0.22500 0.50000
vt 0.22500 0.60000
vt 0.22500 0.70000
vt 0.22500 0.80000
vt 0.22500 0.90000
vt 0.22500 1.00000
vt 0.25000 0.00000
vt 0.25000 0.10000
vt 0.25000 0.20000
vt 0.25000 0.30000
vt 0.25000 0.40000
vt 0.25000 0.50000
vt 0.25000 0.60000
vt 0.25000 0.70000
vt 0.25000 0.80000
vt 0.25000 0.90000
vt 0.25000 1.00000
vt 0.27500 0.00000
vt 0.27500 0.10000
vt 0.27500 0.20000
vt 0.27500 0.30000
vt 0.27500 0.40000
vt 0.27500 0.50000
vt 0.27500 0.60000
vt 0.27500 0.70000
vt 0.27500 0.80000
vt 0.27500 0.90000
vt 0.27500 1.00000
vt 0.30000 0.00000
vt 0.30000 0.10000
vt 0.30000 0.20000
vt 0.30000 0.30000
vt 0.30000 0.40000
vt 0.30000 0.50000
vt 0.30000 0.60000
vt 0.30000 0.70000
vt 0.30000 0.80000
vt 0.30000 0.90000
vt 0.30000 1.00000
vt 0.32500 0.00000
vt 0.32500 0.10000
vt 0.32500 0.20000
vt 0.32500 0.30000
vt 0.32500 0.40000
vt 0.32500 0.50000
vt 0.32500 0.60000
vt 0.32500 0.70000
vt 0.32500 0.80000
vt 0.32500 0.90000
vt 0.32500 1.00000
vt 0.35000 0.00000
vt 0.35000 0.10000
vt 0.35000 0.20000
vt 0.35000 0.30000
vt 0.35000 0.40000
vt 0.35000 0.50000
vt 0.35000 0.60000
vt 0.35000 0.70000
vt 0.35000 0.80000
vt 0.35000 0.90000
vt 0.35000 1.00000
vt 0.37500 0.00000
vt 0.37500 0.10000
vt 0.37500 0.20000
vt 0.37500 0.30000
vt 0.37500 0.40000
vt 0.37500 0.50000
vt 0.37500 0.60000
vt 0.37500 0.70000
vt 0.37500 0.80000
vt 0.37500 0.90000
vt 0.37500 1.00000
vt 0.40000 0.00000
vt 0.40000 0.10000
vt 0.40000 0.20000
vt 0.40000 0.30000
vt 0.40000 0.40000
vt 0.40000 0.50000
vt 0.40000 0.60000
vt 0.40000 0.70000
vt 0.40000 0.80000
vt 0.40000 0.90000
vt 0.40000 1.00000
vt 0.42500 0.00000
vt 0.42500 0.10000
vt 0.42500 0.20000
vt 0.42500 0.30000
vt 0.42500 0.40000
vt 0.42500 0.50000
vt 0.42500 0.60000
vt 0.42500 0.70000
vt 0.42500 0.80000
vt 0.42500 0.90000
vt 0.42500 1.00000
vt 0.45000 0.00000
vt 0.45000 0.10000
vt 0.45000 0.20000
vt 0.45000 0.30000
vt 0.45000 0.40000
vt 0.45000 0.50000
vt 0.45000 0.60000
vt 0.45000 0.70000
vt 0.45000 0.80000
vt 0.45000 0.90000
vt 0.45000 1.00000
vt 0.47500 0.00000
vt 0.47500 0.10000
vt 0.47500 0.20000
vt 0.47500 0.30000
vt 0.47500 0.40000
vt 0.47500 0.50000
vt 0.47500 0.60000
vt 0.47500 0.70000
vt 0.47500 0.80000
vt 0.47500 0.90000
vt 0.47500 1.00000
vt 0.50000 0.00000
vt 0.50000 0.10000
vt 0.50000 0.20000
vt 0.50000 0.30000
vt 0.50000 0.40000
vt 0.50000 0.50000
vt 0.50000 0.60000
vt 0.50000 0.70000
vt 0.50000 0.80000
vt 0.50000 0.90000
vt 0.50000 1.00000
vt 0.52500 0.00000
vt 0.52500 0.10000
vt 0.52500 0.20000
vt 0.52500 0.30000
vt 0.52500 0.40000
vt 0.52500 0.50000
vt 0.52500 0.60000
vt 0.52500 0.70000
vt 0.52500 0.80000
vt 0.52500 0.90000
vt 0.52500 1.00000
vt 0.55000 0.00000
vt 0.55000 0.10000
vt 0.55000 0.20000
vt 0.55000 0.30000
vt 0.55000 0.40000
vt 0.55000 0.50000
vt 0.55000 0.60000
vt 0.55000 0.70000
vt 0.55000 0.80000
vt 0.55000 0.90000
vt 0.55000 1.00000
vt 0.57500 0.00000
vt 0.57500 0.10000
vt 0.57500 0.20000
vt 0.57500 0.30000
vt 0.57500 0.40000
vt 0.57500 0.50000
vt 0.57500 0.60000
vt 0.57500 0.70000
vt 0.57500 0.80000
vt 0.57500 0.90000
vt 0.57500 1.00000
vt 0.60000 0.00000
vt 0.60000 0.10000
vt 0.60000 0.20000
vt 0.60000 0.30000
vt 0.60000 0.40000
vt 0.60000 0.50000
vt 0.60000 0.60000
vt 0.60000 0.70000
vt 0.60000 0.80000
vt 0.60000 0.90000
vt 0.60000 1.00000
vt 0.62500 0.00000
vt 0.62500 0.10000
vt 0.62500 0.20000
vt 0.62500 0.30000
vt 0.62500 0.40000
vt 0.62500 0.50000
vt 0.62500 0.60000
vt 0.62500 0.70000
vt 0.62500 0.80000
vt 0.62500 0.90000
vt 0.62500 1.00000
vt 0.65000 0.00000
vt 0.65000 0.10000
vt 0.65000 0.20000
vt 0.65000 0.30000
vt 0.65000 0.40000
vt 0.65000 0.50000
vt 0.65000 0.60000
vt 0.65000 0.70000
vt 0.65000 0.80000
vt 0.65000 0.90000
vt 0.65000 1.00000
vt 0.67500 0.00000
vt 0.67500 0.10000
vt 0.67500 0.20000
vt 0.67500 0.30000
vt 0.67500 0.40000
vt 0.67500 0.50000
vt 0.67500 0.60000
vt 0.67500 0.70000
vt 0.67500 0.80000
vt 0.67500 0.90000
vt 0.67500 1.00000
vt 0.70000 0.00000
vt 0.70000 0.10000
vt 0.70000 0.20000
vt 0.70000 0.30000
vt 0.70000 0.40000
vt 0.70000 0.50000
vt 0.70000 0.60000
vt 0.70000 0.70000
vt 0.70000 0.80000
vt 0.70000 0.90000
vt 0.70000 1.00000
vt 0.72500 0.00000
vt 0.72500 0.10000
vt 0.72500 0.20000
vt 0.72500 0.30000
vt 0.72500 0.40000
vt 0.72500 0.50000
vt 0.72500 0.60000
vt 0.72500 0.70000
vt 0.72500 0.80000
vt 0.72500 0.90000
vt 0.72500 1.00000
vt 0.75000 0.00000
vt 0.75000 0.10000
vt 0.75000 0.20000
vt 0.75000 0.30000
vt 0.75000 0.40000
vt 0.75000 0.50000
vt 0.75000 0.60000
vt 0.75000 0.70000
vt 0.75000 0.80000
vt 0.75000 0.90000
vt 0.75000 1.00000
vt 0.77500 0.00000
vt 0.77500 0.10000
vt 0.77500 0.20000
vt 0.77500 0.30000
vt 0.77500 0.40000
vt 0.77500 0.50000
vt 0.77500 0.60000
vt 0.77500 0.70000
vt 0.77500 0.80000
vt 0.77500 0.90000
vt 0.77500 1.00000
vt 0.80000 0.00000
vt 0.80000 0.10000
vt 0.80000 0.20000
vt 0.80000 0.30000
vt 0.80000 0.40000
vt 0.80000 0.50000
vt 0.80000 0.60000
vt 0.80000 0.70000
vt 0.80000 0.80000
vt 0.80000 0.90000
vt 0.80000 1.00000
vt 0.82500 0.00000
vt 0.82500 0.10000
vt 0.82500 0.20000
vt 0.82500 0.30000
vt 0.82500 0.40000
vt 0.82500 0.50000
vt 0.82500 0.60000
vt 0.82500 0.70000
vt 0.82500 0.80000
vt 0.82500 0.90000
vt 0.82500 1.00000
vt 0.85000 0.00000
vt 0.85000 0.10000
vt 0.85000 0.20000
vt 0.85000 0.30000
vt 0.85000 0.40000
vt 0.85000 0.50000
vt 0.85000 0.60000
vt 0.85000 0.70000
vt 0.85000 0.80000
vt 0.85000 0.90000
vt 0.85000 1.00000
vt 0.87500 0.00000
vt 0.87500 0.10000
vt 0.87500 0.20000
vt 0.87500 0.30000
vt 0.87500 0.40000
vt 0.87500 0.50000
vt 0.87500 0.60000
vt 0.87500 0.70000
vt 0.87500 0.80000
vt 0.87500 0.90000
vt 0.87500 1.00000
vt 0.90000 0.00000
vt 0.90000 0.10000
vt 0.90000 0.20000
vt 0.90000 0.30000
vt 0.90000 0.40000
vt 0.90000 0.50000
vt 0.90000 0.60000
vt 0.90000 0.70000
vt 0.90000 0.80000
vt 0.90000 0.90000
vt 0.90000 1.00000
vt 0.92500 0.00000
vt 0.92500 0.10000
vt 0.92500 0.20000
vt 0.92500 0.30000
vt 0.92500 0.40000
vt 0.92500 0.50000
vt 0.92500 0.60000
vt 0.92500 0.70000
vt 0.92500 0.80000
vt 0.92500 0.90000
vt 0.92500 1.00000
vt 0.95000 0.00000
vt 0.95000 0.10000
vt 0.95000 0.20000
vt 0.95000 0.30000
vt 0.95000 0.40000
vt 0.95000 0.50000
vt 0.95000 0.60000
vt 0.95000 0.70000
vt 0.95000 0.80000
vt 0.95000 0.90000
vt 0.95000 1.00000
vt 0.97500 0.00000
vt 0.97500 0.10000
vt 0.97500 0.20000
vt 0.97500 0.30000
vt 0.97500 0.40000
vt 0.97500 0.50000
vt 0.97500 0.60000
vt 0.97500 0.70000
vt 0.97500 0.80000
vt 0.97500 0.90000
vt 0.97500 1.00000
vt 1.00000 0.00000
vt 1.00000 0.10000
vt 1.00000 0.20000
vt 1.00000 0.30000
vt 1.00000 0.40000
vt 1.00000 0.50000
vt 1.00000 0.60000
vt 1.00000 0.70000
vt 1.00000 0.80000
vt 1.00000 0.90000
vt 1.00000 1.00000
vt 0.00000 0.00000
vt 0.00000 0.05000
vt 0.00000 0.10000
vt 0.00000 0.15000
vt 0.00000 0.20000
vt 0.00000 0.25000
vt 0.00000 0.30000
vt 0.00000 0.35000
vt 0.00000 0.40000
vt 0.00000 0.45000
vt 0.00000 0.50000
vt 0.00000 0.55000
vt 0.00000 0.60000
vt 0.00000 0.65000
vt 0.00000 0.70000
vt 0.00000 0.75000
vt 0.00000 0.80000
vt 0.00000 0.85000
vt 0.00000 0.90000
vt 0.00000 0.95000
vt 0.00000 1.00000
vt 0.03333 0.00000
vt 0.03333 0.05000
vt 0.03333 0.10000
vt 0.03333 0.15000
vt 0.03333 0.20000
vt 0.03333 0.25000
vt 0.03333 0.30000
vt 0.03333 0.35000
vt 0.03333 0.40000
vt 0.03333 0.45000
vt 0.03333 0.50000
vt 0.03333 0.55000
vt 0.03333 0.60000
vt 0.03333 0.65000
vt 0.03333 0.70000
vt 0.03333 0.75000
vt 0.03333 0.80000
vt 0.03333 0.85000
vt 0.03333 0.90000
vt 0.03333 0.95000
vt 0.03333 1.00000
vt 0.06667 0.00000
vt 0.06667 0.05000
vt 0.06667 0.10000
vt 0.06667 0.15000
vt 0.06667 0.20000
vt 0.06667 0.25000
vt 0.06667 0.30000
vt 0.06667 0.35000
vt 0.06667 0.40000
vt 0.06667 0.45000
vt 0.06667 0.50000
vt 0.06667 0.55000
vt 0.06667 0.60000
vt 0.06667 0.65000
vt 0.06667 0.70000
vt 0.06667 0.75000
vt 0.06667 0.80000
vt 0.06667 0.85000
vt 0.06667 0.90000
vt 0.06667 0.95000
vt 0.06667 1.00000
vt 0.10000 0.00000
vt 0.10000 0.05000
vt 0.10000 0.10000
vt 0.10000 0.15000
vt 0.10000 0.20000
vt 0.10000 0.25000
vt 0.10000 0.30000
vt 0.10000 0.35000
vt 0.10000 0.40000
vt 0.10000 0.45000
vt 0.10000 0.50000
vt 0.10000 0.55000
vt 0.10000 0.60000
vt 0.10000 0.65000
vt 0.10000 0.70000
vt 0.10000 0.75000
vt 0.10000 0.80000
vt 0.10000 0.85000
vt 0.10000 0.90000
vt 0.10000 0.95000
vt 0.10000 1.00000
vt 0.13333 0.00000
vt 0.13333 0.05000
vt 0.13333 0.10000
vt 0.13333 0.15000
vt 0.13333 0.20000
vt 0.13333 0.25000
vt 0.13333 0.30000
vt 0.13333 0.35000
vt 0.13333 0.40000
vt 0.13333 0.45000
vt 0.13333 0.50000
vt 0.13333 0.55000
vt 0.13333 0.60000
vt 0.13333 0.65000
vt 0.13333 0.70000
vt 0.13333 0.75000
vt 0.13333 0.80000
vt 0.13333 0.85000
vt 0.13333 0.90000
vt 0.13333 0.95000
vt 0.13333 1.00000
vt 0.16667 0.00000
vt 0.16667 0.05000
vt 0.16667 0.10000
vt 0.16667 0.15000
vt 0.16667 0.20000
vt 0.16667 0.25000
vt 0.16667 0.30000
vt 0.16667 0.35000
vt 0.16667 0.40000
vt 0.16667 0.45000
vt 0.16667 0.50000
vt 0.16667 0.55000
vt 0.16667 0.60000
vt 0.16667 0.65000
vt 0.16667 0.70000
vt 0.16667 0.75000
vt 0.16667 0.80000
vt 0.16667 0.85000
vt 0.16667 0.90000
vt 0.16667 0.95000
vt 0.16667 1.00000
vt 0.20000 0.00000
vt 0.20000 0.05000
vt 0.20000 0.10000
vt 0.20000 0.15000
vt 0.20000 0.20000
vt 0.20000 0.25000
vt 0.20000 0.30000
vt 0.20000 0.35000
vt 0.20000 0.40000
vt 0.20000 0.45000
vt 0.20000 0.50000
vt 0.20000 0.55000
vt 0.20000 0.60000
vt 0.20000 0.65000
vt 0.20000 0.70000
vt 0.20000 0.75000
vt 0.20000 0.80000
vt 0.20000 0.85000
vt 0.20000 0.90000
vt 0.20000 0.95000
vt 0.20000 1.00000
vt 0.23333 0.00000
vt 0.23333 0.05000
vt 0.23333 0.10000
vt 0.23333 0.15000
vt 0.23333 0.20000
vt 0.23333 0.25000
vt 0.23333 0.30000
vt 0.23333 0.35000
vt 0.23333 0.40000
vt 0.23333 0.45000
vt 0.23333 0.50000
vt 0.23333 0.55000
vt 0.23333 0.60000
vt 0.23333 0.65000
vt 0.23333 0.70000
vt 0.23333 0.75000
vt 0.23333 0.80000
vt 0.23333 0.85000
vt 0.23333 0.90000
vt 0.23333 0.95000
vt 0.23333 1.00000
vt 0.26667 0.00000
vt 0.26667 0.05000
vt 0.26667 0.10000
vt 0.26667 0.15000
vt 0.26667 0.20000
vt 0.26667 0.25000
vt 0.26667 0.30000
vt 0.26667 0.35000
vt 0.26667 0.40000
vt 0.26667 0.45000
vt 0.26667 0.50000
vt 0.26667 0.55000
vt 0.26667 0.60000
vt 0.26667 0.65000
vt 0.26667 0.70000
vt 0.26667 0.75000
vt 0.26667 0.80000
vt 0.26667 0.85000
vt 0.26667 0.90000
vt 0.26667 0.95000
vt 0.26667 1.00000
vt 0.30000 0.00000
vt 0.30000 0.05000
vt 0.30000 0.10000
vt 0.30000 0.15000
vt 0.30000 0.20000
vt 0.30000 0.25000
vt 0.30000 0.30000
vt 0.30000 0.35000
vt 0.30000 0.40000
vt 0.30000 0.45000
vt 0.30000 0.50000
vt 0.30000 0.55000
vt 0.30000 0.60000
vt 0.30000 0.65000
vt 0.30000 0.70000
vt 0.30000 0.75000
vt 0.30000 0.80000
vt 0.30000 0.85000
vt 0.30000 0.90000
vt 0.30000 0.95000
vt 0.30000 1.00000
vt 0.33333 0.00000
vt 0.33333 0.05000
vt 0.33333 0.10000
vt 0.33333 0.15000
vt 0.33333 0.20000
vt 0.33333 0.25000
vt 0.33333 0.30000
vt 0.33333 0.35000
vt 0.33333 0.40000
vt 0.33333 0.45000
vt 0.33333 0.50000
vt 0.33333 0.55000
vt 0.33333 0.60000
vt 0.33333 0.65000
vt 0.33333 0.70000
vt 0.33333 0.75000
vt 0.33333 0.80000
vt 0.33333 0.85000
vt 0.33333 0.90000
vt 0.33333 0.95000
vt 0.33333 1.00000
vt 0.36667 0.00000
vt 0.36667 0.05000
vt 0.36667 0.10000
vt 0.36667 0.15000
vt 0.36667 0.20000
vt 0.36667 0.25000
vt 0.36667 0.30000
vt 0.36667 0.35000
vt 0.36667 0.40000
vt 0.36667 0.45000
vt 0.36667 0.50000
vt 0.36667 0.55000
vt 0.36667 0.60000
vt 0.36667 0.65000
vt 0.36667 0.70000
vt 0.36667 0.75000
vt 0.36667 0.80000
vt 0.36667 0.85000
vt 0.36667 0.90000
vt 0.36667 0.95000
vt 0.36667 1.00000
vt 0.40000 0.00000
vt 0.40000 0.05000
vt 0.40000 0.10000
vt 0.40000 0.15000
vt 0.40000 0.20000
vt 0.40000 0.25000
vt 0.40000 0.30000
vt 0.40000 0.35000
vt 0.40000 0.40000
vt 0.40000 0.45000
vt 0.40000 0.50000
vt 0.40000 0.55000
vt 0.40000 0.60000
vt 0.40000 0.65000
vt 0.40000 0.70000
vt 0.40000 0.75000
vt 0.40000 0.80000
vt 0.40000 0.85000
vt 0.40000 0.90000
vt 0.40000 0.95000
vt 0.40000 1.00000
vt 0.43333 0.00000
vt 0.43333 0.05000
vt 0.43333 0.10000
vt 0.43333 0.15000
vt 0.43333 0.20000
vt 0.43333 0.25000
vt 0.43333 0.30000
vt 0.43333 0.35000
vt 0.43333 0.40000
vt 0.43333 0.45000
vt 0.43333 0.50000
vt 0.43333 0.55000
vt 0.43333 0.60000
vt 0.43333 0.65000
vt 0.43333 0.70000
vt 0.43333 0.75000
vt 0.43333 0.80000
vt 0.43333 0.85000
vt 0.43333 0.90000
vt 0.43333 0.95000
vt 0.43333 1.00000
vt 0.46667 0.00000
vt 0.46667 0.05000
vt 0.46667 0.10000
vt 0.46667 0.15000
vt 0.46667 0.20000
vt 0.46667 0.25000
vt 0.46667 0.30000
vt 0.46667 0.35000
vt 0.46667 0.40000
vt 0.46667 0.45000
vt 0.46667 0.50000
vt 0.46667 0.55000
vt 0.46667 0.60000
vt 0.46667 0.65000
vt 0.46667 0.70000
vt 0.46667 0.75000
vt 0.46667 0.80000
vt 0.46667 0.85000
vt 0.46667 0.90000
vt 0.46667 0.95000
vt 0.46667 1.00000
vt 0.50000 0.00000
vt 0.50000 0.05000
vt 0.50000 0.10000
vt 0.50000 0.15000
vt 0.50000 0.20000
vt 0.50000 0.25000
vt 0.50000 0.30000
vt 0.50000 0.35000
vt 0.50000 0.40000
vt 0.50000 0.45000
vt 0.50000 0.50000
vt 0.50000 0.55000
vt 0.50000 0.60000
vt 0.50000 0.65000
vt 0.50000 0.70000
vt 0.50000 0.75000
vt 0.50000 0.80000
vt 0.50000 0.85000
vt 0.50000 0.90000
vt 0.50000 0.95000
vt 0.50000 1.00000
vt 0.53333 0.00000
vt 0.53333 0.05000
vt 0.53333 0.10000
vt 0.53333 0.15000
vt 0.53333 0.20000
vt 0.53333 0.25000
vt 0.53333 0.30000
vt 0.53333 0.35000
vt 0.53333 0.40000
vt 0.53333 0.45000
vt 0.53333 0.50000
vt 0.53333 0.55000
vt 0.53333 0.60000
vt 0.53333 0.65000
vt 0.53333 0.70000
vt 0.53333 0.75000
vt 0.53333 0.80000
vt 0.53333 0.85000
vt 0.53333 0.90000
vt 0.53333 0.95000
vt 0.53333 1.00000
vt 0.56667 0.00000
vt 0.56667 0.05000
vt 0.56667 0.10000
vt 0.56667 0.15000
vt 0.56667 0.20000
vt 0.56667 0.25000
vt 0.56667 0.30000
vt 0.56667 0.35000
vt 0.56667 0.40000
vt 0.56667 0.45000
vt 0.56667 0.50000
vt 0.56667 0.55000
vt 0.56667 0.60000
vt 0.56667 0.65000
vt 0.56667 0.70000
vt 0.56667 0.75000
vt 0.56667 0.80000
vt 0.56667 0.85000
vt 0.56667 0.90000
vt 0.56667 0.95000
vt 0.56667 1.00000
vt 0.60000 0.00000
vt 0.60000 0.05000
vt 0.60000 0.10000
vt 0.60000 0.15000
vt 0.60000 0.20000
vt 0.60000 0.25000
vt 0.60000 0.30000
vt 0.60000 0.35000
vt 0.60000 0.40000
vt 0.60000 0.45000
vt 0.60000 0.50000
vt 0.60000 0.55000
vt 0.60000 0.60000
vt 0.60000 0.65000
vt 0.60000 0.70000
vt 0.60000 0.75000
vt 0.60000 0.80000
vt 0.60000 0.85000
vt 0.60000 0.90000
vt 0.60000 0.95000
vt 0.60000 1.00000
vt 0.63333 0.00000
vt 0.63333 0.05000
vt 0.63333 0.10000
vt 0.63333 0.15000
vt 0.63333 0.20000
vt 0.63333 0.25000
vt 0.63333 0.30000
vt 0.63333 0.35000
vt 0.63333 0.40000
vt 0.63333 0.45000
vt 0.63333 0.50000
vt 0.63333 0.55000
vt 0.63333 0.60000
vt 0.63333 0.65000
vt 0.63333 0.70000
vt 0.63333 0.75000
vt 0.63333 0.80000
vt 0.63333 0.85000
vt 0.63333 0.90000
vt 0.63333 0.95000
vt 0.63333 1.00000
vt 0.66667 0.00000
vt 0.66667 0.05000
vt 0.66667 0.10000
vt 0.66667 0.15000
vt 0.66667 0.20000
vt 0.66667 0.25000
vt 0.66667 0.30000
vt 0.66667 0.35000
vt 0.66667 0.40000
vt 0.66667 0.45000
vt 0.66667 0.50000
vt 0.66667 0.55000
vt 0.66667 0.60000
vt 0.66667 0.65000
vt 0.66667 0.70000
vt 0.66667 0.75000
vt 0.66667 0.80000
vt 0.66667 0.85000
vt 0.66667 0.90000
vt 0.66667 0.95000
vt 0.66667 1.00000
vt 0.70000 0.00000
vt 0.70000 0.05000
vt 0.70000 0.10000
vt 0.70000 0.15000
vt 0.70000 0.20000
vt 0.70000 0.25000
vt 0.70000 0.30000
vt 0.70000 0.35000
vt 0.70000 0.40000
vt 0.70000 0.45000
vt 0.70000 0.50000
vt 0.70000 0.55000
vt 0.70000 0.60000
vt 0.70000 0.65000
vt 0.70000 0.70000
vt 0.70000 0.75000
vt 0.70000 0.80000
vt 0.70000 0.85000
vt 0.70000 0.90000
vt 0.70000 0.95000
vt 0.70000 1.00000
vt 0.73333 0.00000
vt 0.73333 0.05000
vt 0.73333 0.10000
vt 0.73333 0.15000
vt 0.73333 0.20000
vt 0.73333 0.25000
vt 0.73333 0.30000
vt 0.73333 0.35000
vt 0.73333 0.40000
vt 0.73333 0.45000
vt 0.73333 0.50000
vt 0.73333 0.55000
vt 0.73333 0.60000
vt 0.73333 0.65000
vt 0.73333 0.70000
vt 0.73333 0.75000
vt 0.73333 0.80000
vt 0.73333 0.85000
vt 0.73333 0.90000
vt 0.73333 0.95000
vt 0.73333 1.00000
vt 0.76667 0.00000
vt 0.76667 0.05000
vt 0.76667 0.10000
vt 0.76667 0.15000
vt 0.76667 0.20000
vt 0.76667 0.25000
vt 0.76667 0.30000
vt 0.76667 0.35000
vt 0.76667 0.40000
vt 0.76667 0.45000
vt 0.76667 0.50000
vt 0.76667 0.55000
vt 0.76667 0.60000
vt 0.76667 0.65000
vt 0.76667 0.70000
vt 0.76667 0.75000
vt 0.76667 0.80000
vt 0.76667 0.85000
vt 0.76667 0.90000
vt 0.76667 0.95000
vt 0.76667 1.00000
vt 0.80000 0.00000
vt 0.80000 0.05000
vt 0.80000 0.10000
vt 0.80000 0.15000
vt 0.80000 0.20000
vt 0.80000 0.25000
vt 0.80000 0.30000
vt 0.80000 0.35000
vt 0.80000 0.40000
vt 0.80000 0.45000
vt 0.80000 0.50000
vt 0.80000 0.55000
vt 0.80000 0.60000
vt 0.80000 0.65000
vt 0.80000 0.70000
vt 0.80000 0.75000
vt 0.80000 0.80000
vt 0.80000 0.85000
vt 0.80000 0.90000
vt 0.80000 0.95000
vt 0.80000 1.00000
vt 0.83333 0.00000
vt 0.83333 0.05000
vt 0.83333 0.10000
vt 0.83333 0.15000
vt 0.83333 0.20000
vt 0.83333 0.25000
vt 0.83333 0.30000
vt 0.83333 0.35000
vt 0.83333 0.40000
vt 0.83333 0.45000
vt 0.83333 0.50000
vt 0.83333 0.55000
vt 0.83333 0.60000
vt 0.83333 0.65000
vt 0.83333 0.70000
vt 0.83333 0.75000
vt 0.83333 0.80000
vt 0.83333 0.85000
vt 0.83333 0.90000
vt 0.83333 0.95000
vt 0.83333 1.00000
vt 0.86667 0.00000
vt 0.86667 0.05000
vt 0.86667 0.10000
vt 0.86667 0.15000
vt 0.86667 0.20000
vt 0.86667 0.25000
vt 0.86667 0.30000
vt 0.86667 0.35000
vt 0.86667 0.40000
vt 0.86667 0.45000
vt 0.86667 0.50000
vt 0.86667 0.55000
vt 0.86667 0.60000
vt 0.86667 0.65000
vt 0.86667 0.70000
vt 0.86667 0.75000
vt 0.86667 0.80000
vt 0.86667 0.85000
vt 0.86667 0.90000
vt 0.86667 0.95000
vt 0.86667 1.00000
vt 0.90000 0.00000
vt 0.90000 0.05000
vt 0.90000 0.10000
vt 0.90000 0.15000
vt 0.90000 0.20000
vt 0.90000 0.25000
vt 0.90000 0.30000
vt 0.90000 0.35000
vt 0.90000 0.40000
vt 0.90000 0.45000
vt 0.90000 0.50000
vt 0.90000 0.55000
vt 0.90000 0.60000
vt 0.90000 0.65000
vt 0.90000 0.70000
vt 0.90000 0.75000
vt 0.90000 0.80000
vt 0.90000 0.85000
vt 0.90000 0.90000
vt 0.90000 0.95000
vt 0.90000 1.00000
vt 0.93333 0.00000
vt 0.93333 0.05000
vt 0.93333 0.10000
vt 0.93333 0.15000
vt 0.93333 0.20000
vt 0.93333 0.25000
vt 0.93333 0.30000
vt 0.93333 0.35000
vt 0.93333 0.40000
vt 0.93333 0.45000
vt 0.93333 0.50000
vt 0.93333 0.55000
vt 0.93333 0.60000
vt 0.93333 0.65000
vt 0.93333 0.70000
vt 0.93333 0.75000
vt 0.93333 0.80000
vt 0.93333 0.85000
vt 0.93333 0.90000
vt 0.93333 0.95000
vt 0.93333 1.00000
vt 0.96667 0.00000
vt 0.96667 0.05000
vt 0.96667 0.10000
vt 0.96667 0.15000
vt 0.96667 0.20000
vt 0.96667 0.25000
vt 0.96667 0.30000
vt 0.96667 0.35000
vt 0.96667 0.40000
vt 0.96667 0.45000
vt 0.96667 0.50000
vt 0.96667 0.55000
vt 0.96667 0.60000
vt 0.96667 0.65000
vt 0.96667 0.70000
vt 0.96667 0.75000
vt 0.96667 0.80000
vt 0.96667 0.85000
vt 0.96667 0.90000
vt 0.96667 0.95000
vt 0.96667 1.00000
vt 1.00000 0.00000
vt 1.00000 0.05000
vt 1.00000 0.10000
vt 1.00000 0.15000
vt 1.00000 0.20000
vt 1.00000 0.25000
vt 1.00000 0.30000
vt 1.00000 0.35000
vt 1.00000 0.40000
vt 1.00000 0.45000
vt 1.00000 0.50000
vt 1.00000 0.55000
vt 1.00000 0.60000
vt 1.00000 0.65000
vt 1.00000 0.70000
vt 1.00000 0.75000
vt 1.00000 0.80000
vt 1.00000 0.85000
vt 1.00000 0.90000
vt 1.00000 0.95000
vt 1.00000 1.00000
vn 0.00000 1.00000 0.00000
vn 0.04119 0.99915 0.00000
vn 0.07607 0.99710 0.00000
vn 0.09852 0.99513 0.00000
vn 0.10314 0.99467 0.00000
vn 0.08653 0.99625 0.00000
vn 0.04967 0.99877 0.00000
vn 0.00000 1.00000 0.00000
vn -0.04967 0.99877 0.00000
vn -0.08653 0.99625 0.00000
vn -0.10314 0.99467 0.00000
vn -0.09852 0.99513 0.00000
vn -0.07607 0.99710 0.00000
vn -0.04119 0.99915 0.00000
vn -0.00000 1.00000 0.00000
vn 0.00000 0.98769 0.15643
vn 0.43388 0.88988 0.14094
vn 0.78183 0.61581 0.09754
vn 0.97493 0.21978 0.03481
vn 0.97493 -0.21978 -0.03481
vn 0.78183 -0.61581 -0.09754
vn 0.43388 -0.88988 -0.14094
vn -0.00000 -0.98769 -0.15643
vn -0.43388 -0.88988 -0.14094
vn -0.78183 -0.61581 -0.09754
vn -0.97493 -0.21978 -0.03481
vn -0.97493 0.21978 0.03481
vn -0.78183 0.61581 0.09754
vn -0.43388 0.88988 0.14094
vn -0.00000 0.98769 0.15643
vn 0.00000 0.95106 0.30902
vn 0.43388 0.85687 0.27841
vn 0.78183 0.59297 0.19267
vn 0.97493 0.21163 0.06876
vn 0.97493 -0.21163 -0.06876
vn 0.78183 -0.59297 -0.19267
vn 0.43388 -0.85687 -0.27841
vn -0.00000 -0.95106 -0.30902
vn -0.43388 -0.85687 -0.27841
vn -0.78183 -0.59297 -0.19267
vn -0.97493 -0.21163 -0.06876
vn -0.97493 0.21163 0.06876
vn -0.78183 0.59297 0.19267
vn -0.43388 0.85687 0.27841
vn -0.00000 0.95106 0.30902
vn 0.00000 0.89101 0.45399
vn 0.43388 0.80277 0.40903
vn 0.78183 0.55553 0.28306
vn 0.97493 0.19827 0.10102
vn 0.97493 -0.19827 -0.10102
vn 0.78183 -0.55553 -0.28306
vn 0.43388 -0.80277 -0.40903
vn -0.00000 -0.89101 -0.45399
vn -0.43388 -0.80277 -0.40903
vn -0.78183 -0.55553 -0.28306
vn -0.97493 -0.19827 -0.10102
vn -0.97493 0.19827 0.10102
vn -0.78183 0.55553 0.28306
vn -0.43388 0.80277 0.40903
vn -0.00000 0.89101 0.45399
vn 0.00000 0.80902 0.58779
vn 0.43388 0.72890 0.52958
vn 0.78183 0.50441 0.36648
vn 0.97493 0.18002 0.13079
vn 0.97493 -0.18002 -0.13079
vn 0.78183 -0.50441 -0.36648
vn 0.43388 -0.72890 -0.52958
vn -0.00000 -0.80902 -0.58779
vn -0.43388 -0.72890 -0.52958
vn -0.78183 -0.50441 -0.36648
vn -0.97493 -0.18002 -0.13079
vn -0.97493 0.18002 0.13079
vn -0.78183 0.50441 0.36648
vn -0.43388 0.72890 0.52958
vn -0.00000 0.80902 0.58779
vn 0.00000 0.70711 0.70711
vn 0.43388 0.63708 0.63708
vn 0.78183 0.44087 0.44087
vn 0.97493 0.15735 0.15735
vn 0.97493 -0.15735 -0.15735
vn 0.78183 -0.44087 -0.44087
vn 0.43388 -0.63708 -0.63708
vn -0.00000 -0.70711 -0.70711
vn -0.43388 -0.63708 -0.63708
vn -0.78183 -0.44087 -0.44087
vn -0.97493 -0.15735 -0.15735
vn -0.97493 0.15735 0.15735
vn -0.78183 0.44087 0.44087
vn -0.43388 0.63708 0.63708
vn -0.00000 0.70711 0.70711
vn 0.00000 0.58779 0.80902
vn 0.43388 0.52958 0.72890
vn 0.78183 0.36648 0.50441
vn 0.97493 0.13079 0.18002
vn 0.97493 -0.13079 -0.18002
vn 0.78183 -0.36648 -0.50441
vn 0.43388 -0.52958 -0.72890
vn -0.00000 -0.58779 -0.80902
vn -0.43388 -0.52958 -0.72890
vn -0.78183 -0.36648 -0.50441
vn -0.97493 -0.13079 -0.18002
vn -0.97493 0.13079 0.18002
vn -0.78183 0.36648 0.50441
vn -0.43388 0.52958 0.72890
vn -0.00000 0.58779 0.80902
vn 0.00000 0.45399 0.89101
vn 0.43388 0.40903 0.80277
vn 0.78183 0.28306 0.55553
vn 0.97493 0.10102 0.19827
vn 0.97493 -0.10102 -0.19827
vn 0.78183 -0.28306 -0.55553
vn 0.43388 -0.40903 -0.80277
vn -0.00000 -0.45399 -0.89101
vn -0.43388 -0.40903 -0.80277
vn -0.78183 -0.28306 -0.55553
vn -0.97493 -0.10102 -0.19827
vn -0.97493 0.10102 0.19827
vn -0.78183 0.28306 0.55553
vn -0.43388 0.40903 0.80277
vn -0.00000 0.45399 0.89101
vn 0.00000 0.30902 0.95106
vn 0.43388 0.27841 0.85687
vn 0.78183 0.19267 0.59297
vn 0.97493 0.06876 0.21163
vn 0.97493 -0.06876 -0.21163
vn 0.78183 -0.19267 -0.59297
vn 0.43388 -0.27841 -0.85687
vn -0.00000 -0.30902 -0.95106
vn -0.43388 -0.27841 -0.85687
vn -0.78183 -0.19267 -0.59297
vn -0.97493 -0.06876 -0.21163
vn -0.97493 0.06876 0.21163
vn -0.78183 0.19267 0.59297
vn -0.43388 0.27841 0.85687
vn -0.00000 0.30902 0.95106
vn 0.00000 0.15643 0.98769
vn 0.43388 0.14094 0.88988
vn 0.78183 0.09754 0.61581
vn 0.97493 0.03481 0.21978
vn 0.97493 -0.03481 -0.21978
vn 0.78183 -0.09754 -0.61581
vn 0.43388 -0.14094 -0.88988
vn -0.00000 -0.15643 -0.98769
vn -0.43388 -0.14094 -0.88988
vn -0.78183 -0.09754 -0.61581
vn -0.97493 -0.03481 -0.21978
vn -0.97493 0.03481 0.21978
vn -0.78183 0.09754 0.61581
vn -0.43388 0.14094 0.88988
vn -0.00000 0.15643 0.98769
vn 0.00000 0.00000 1.00000
vn 0.43388 0.00000 0.90097
vn 0.78183 0.00000 0.62349
vn 0.97493 0.00000 0.22252
vn 0.97493 0.00000 -0.22252
vn 0.78183 0.00000 -0.62349
vn 0.43388 0.00000 -0.90097
vn -0.00000 -0.00000 -1.00000
vn -0.43388 -0.00000 -0.90097
vn -0.78183 -0.00000 -0.62349
vn -0.97493 -0.00000 -0.22252
vn -0.97493 0.00000 0.22252
vn -0.78183 0.00000 0.62349
vn -0.43388 0.00000 0.90097
vn -0.00000 0.00000 1.00000
vn 0.00000 -0.15643 0.98769
vn 0.43388 -0.14094 0.88988
vn 0.78183 -0.09754 0.61581
vn 0.97493 -0.03481 0.21978
vn 0.97493 0.03481 -0.21978
vn 0.78183 0.09754 -0.61581
vn 0.43388 0.14094 -0.88988
vn 0.00000 0.15643 -0.98769
vn -0.43388 0.14094 -0.88988
vn -0.78183 0.09754 -0.61581
vn -0.97493 0.03481 -0.21978
vn -0.97493 -0.03481 0.21978
vn -0.78183 -0.09754 0.61581
vn -0.43388 -0.14094 0.88988
vn -0.00000 -0.15643 0.98769
vn 0.00000 -0.30902 0.95106
vn 0.43388 -0.27841 0.85687
vn 0.78183 -0.19267 0.59297
vn 0.97493 -0.06876 0.21163
vn 0.97493 0.06876 -0.21163
vn 0.78183 0.19267 -0.59297
vn 0.43388 0.27841 -0.85687
vn 0.00000 0.30902 -0.95106
vn -0.43388 0.27841 -0.85687
vn -0.78183 0.19267 -0.59297
vn -0.97493 0.06876 -0.21163
vn -0.97493 -0.06876 0.21163
vn -0.78183 -0.19267 0.59297
vn -0.43388 -0.27841 0.85687
vn -0.00000 -0.30902 0.95106
vn 0.00000 -0.45399 0.89101
vn 0.43388 -0.40903 0.80277
vn 0.78183 -0.28306 0.55553
vn 0.97493 -0.10102 0.19827
vn 0.97493 0.10102 -0.19827
vn 0.78183 0.28306 -0.55553
vn 0.43388 0.40903 -0.80277
vn 0.00000 0.45399 -0.89101
vn -0.43388 0.40903 -0.80277
vn -0.78183 0.28306 -0.55553
vn -0.97493 0.10102 -0.19827
vn -0.97493 -0.10102 0.19827
vn -0.78183 -0.28306 0.55553
vn -0.43388 -0.40903 0.80277
vn -0.00000 -0.45399 0.89101
vn 0.00000 -0.58779 0.80902
vn 0.43388 -0.52958 0.72890
vn 0.78183 -0.36648 0.50441
vn 0.97493 -0.13079 0.18002
vn 0.97493 0.13079 -0.18002
vn 0.78183 0.36648 -0.50441
vn 0.43388 0.52958 -0.72890
vn 0.00000 0.58779 -0.80902
vn -0.43388 0.52958 -0.72890
vn -0.78183 0.36648 -0.50441
vn -0.97493 0.13079 -0.18002
vn -0.97493 -0.13079 0.18002
vn -0.78183 -0.36648 0.50441
vn -0.43388 -0.52958 0.72890
vn -0.00000 -0.58779 0.80902
vn 0.00000 -0.70711 0.70711
vn 0.43388 -0.63708 0.63708
vn 0.78183 -0.44087 0.44087
vn 0.97493 -0.15735 0.15735
vn 0.97493 0.15735 -0.15735
vn 0.78183 0.44087 -0.44087
vn 0.43388 0.63708 -0.63708
vn 0.00000 0.70711 -0.70711
vn -0.43388 0.63708 -0.63708
vn -0.78183 0.44087 -0.44087
vn -0.97493 0.15735 -0.15735
vn -0.97493 -0.15735 0.15735
vn -0.78183 -0.44087 0.44087
vn -0.43388 -0.63708 0.63708
vn -0.00000 -0.70711 0.70711
vn 0.00000 -0.80902 0.58779
vn 0.43388 -0.72890 0.52958
vn 0.78183 -0.50441 0.36648
vn 0.97493 -0.18002 0.13079
vn 0.97493 0.18002 -0.13079
vn 0.78183 0.50441 -0.36648
vn 0.43388 0.72890 -0.52958
vn 0.00000 0.80902 -0.58779
vn -0.43388 0.72890 -0.52958
vn -0.78183 0.50441 -0.36648
vn -0.97493 0.18002 -0.13079
vn -0.97493 -0.18002 0.13079
vn -0.78183 -0.50441 0.36648
vn -0.43388 -0.72890 0.52958
vn -0.00000 -0.80902 0.58779
vn 0.00000 -0.89101 0.45399
vn 0.43388 -0.80277 0.40903
vn 0.78183 -0.55553 0.28306
vn 0.97493 -0.19827 0.10102
vn 0.97493 0.19827 -0.10102
vn 0.78183 0.55553 -0.28306
vn 0.43388 0.80277 -0.40903
vn 0.00000 0.89101 -0.45399
vn -0.43388 0.80277 -0.40903
vn -0.78183 0.55553 -0.28306
vn -0.97493 0.19827 -0.10102
vn -0.97493 -0.19827 0.10102
vn -0.78183 -0.55553 0.28306
vn -0.43388 -0.80277 0.40903
vn -0.00000 -0.89101 0.45399
vn 0.00000 -0.95106 0.30902
vn 0.43388 -0.85687 0.27841
vn 0.78183 -0.59297 0.19267
vn 0.97493 -0.21163 0.06876
vn 0.97493 0.21163 -0.06876
vn 0.78183 0.59297 -0.19267
vn 0.43388 0.85687 -0.27841
vn 0.00000 0.95106 -0.30902
vn -0.43388 0.85687 -0.27841
vn -0.78183 0.59297 -0.19267
vn -0.97493 0.21163 -0.06876
vn -0.97493 -0.21163 0.06876
vn -0.78183 -0.59297 0.19267
vn -0.43388 -0.85687 0.27841
vn -0.00000 -0.95106 0.30902
vn 0.00000 -0.98769 0.15643
vn 0.43388 -0.88988 0.14094
vn 0.78183 -0.61581 0.09754
vn 0.97493 -0.21978 0.03481
vn 0.97493 0.21978 -0.03481
vn 0.78183 0.61581 -0.09754
vn 0.43388 0.88988 -0.14094
vn 0.00000 0.98769 -0.15643
vn -0.43388 0.88988 -0.14094
vn -0.78183 0.61581 -0.09754
vn -0.97493 0.21978 -0.03481
vn -0.97493 -0.21978 0.03481
vn -0.78183 -0.61581 0.09754
vn -0.43388 -0.88988 0.14094
vn -0.00000 -0.98769 0.15643
vn 0.00000 -1.00000 0.00000
vn 0.43388 -0.90097 0.00000
vn 0.78183 -0.62349 0.00000
vn 0.97493 -0.22252 0.00000
vn 0.97493 0.22252 0.00000
vn 0.78183 0.62349 0.00000
vn 0.43388 0.90097 0.00000
vn 0.00000 1.00000 0.00000
vn -0.43388 0.90097 0.00000
vn -0.78183 0.62349 0.00000
vn -0.97493 0.22252 0.00000
vn -0.97493 -0.22252 -0.00000
vn -0.78183 -0.62349 -0.00000
vn -0.43388 -0.90097 -0.00000
vn -0.00000 -1.00000 0.00000
vn 0.00000 -0.98769 -0.15643
vn 0.43388 -0.88988 -0.14094
vn 0.78183 -0.61581 -0.09754
vn 0.97493 -0.21978 -0.03481
vn 0.97493 0.21978 0.03481
vn 0.78183 0.61581 0.09754
vn 0.43388 0.88988 0.14094
vn 0.00000 0.98769 0.15643
vn -0.43388 0.88988 0.14094
vn -0.78183 0.61581 0.09754
vn -0.97493 0.21978 0.03481
vn -0.97493 -0.21978 -0.03481
vn -0.78183 -0.61581 -0.09754
vn -0.43388 -0.88988 -0.14094
vn -0.00000 -0.98769 -0.15643
vn 0.00000 -0.95106 -0.30902
vn 0.43388 -0.85687 -0.27841
vn 0.78183 -0.59297 -0.19267
vn 0.97493 -0.21163 -0.06876
vn 0.97493 0.21163 0.06876
vn 0.78183 0.59297 0.19267
vn 0.43388 0.85687 0.27841
vn 0.00000 0.95106 0.30902
vn -0.43388 0.85687 0.27841
vn -0.78183 0.59297 0.19267
vn -0.97493 0.21163 0.06876
vn -0.97493 -0.21163 -0.06876
vn -0.78183 -0.59297 -0.19267
vn -0.43388 -0.85687 -0.27841
vn -0.00000 -0.95106 -0.30902
vn 0.00000 -0.89101 -0.45399
vn 0.43388 -0.80277 -0.40903
vn 0.78183 -0.55553 -0.28306
vn 0.97493 -0.19827 -0.10102
vn 0.97493 0.19827 0.10102
vn 0.78183 0.55553 0.28306
vn 0.43388 0.80277 0.40903
vn 0.00000 0.89101 0.45399
vn -0.43388 0.80277 0.40903
vn -0.78183 0.55553 0.28306
vn -0.97493 0.19827 0.10102
vn -0.97493 -0.19827 -0.10102
vn -0.78183 -0.55553 -0.28306
vn -0.43388 -0.80277 -0.40903
vn -0.00000 -0.89101 -0.45399
vn 0.00000 -0.80902 -0.58779
vn 0.43388 -0.72890 -0.52958
vn 0.78183 -0.50441 -0.36648
vn 0.97493 -0.18002 -0.13079
vn 0.97493 0.18002 0.13079
vn 0.78183 0.50441 0.36648
vn 0.43388 0.72890 0.52958
vn 0.00000 0.80902 0.58779
vn -0.43388 0.72890 0.52958
vn -0.78183 0.50441 0.36648
vn -0.97493 0.18002 0.13079
vn -0.97493 -0.18002 -0.13079
vn -0.78183 -0.50441 -0.36648
vn -0.43388 -0.72890 -0.52958
vn -0.00000 -0.80902 -0.58779
vn 0.00000 -0.70711 -0.70711
vn 0.43388 -0.63708 -0.63708
vn 0.78183 -0.44087 -0.44087
vn 0.97493 -0.15735 -0.15735
vn 0.97493 0.15735 0.15735
vn 0.78183 0.44087 0.44087
vn 0.43388 0.63708 0.63708
vn 0.00000 0.70711 0.70711
vn -0.43388 0.63708 0.63708
vn -0.78183 0.44087 0.44087
vn -0.97493 0.15735 0.15735
vn -0.97493 -0.15735 -0.15735
vn -0.78183 -0.44087 -0.44087
vn -0.43388 -0.63708 -0.63708
vn -0.00000 -0.70711 -0.70711
vn 0.00000 -0.58779 -0.80902
vn 0.43388 -0.52958 -0.72890
vn 0.78183 -0.36648 -0.50441
vn 0.97493 -0.13079 -0.18002
vn 0.97493 0.13079 0.18002
vn 0.78183 0.36648 0.50441
vn 0.43388 0.52958 0.72890
vn 0.00000 0.58779 0.80902
vn -0.43388 0.52958 0.72890
vn -0.78183 0.36648 0.50441
vn -0.97493 0.13079 0.18002
vn -0.97493 -0.13079 -0.18002
vn -0.78183 -0.36648 -0.50441
vn -0.43388 -0.52958 -0.72890
vn -0.00000 -0.58779 -0.80902
vn 0.00000 -0.45399 -0.89101
vn 0.43388 -0.40903 -0.80277
vn 0.78183 -0.28306 -0.55553
vn 0.97493 -0.10102 -0.19827
vn 0.97493 0.10102 0.19827
vn 0.78183 0.28306 0.55553
vn 0.43388 0.40903 0.80277
vn 0.00000 0.45399 0.89101
vn -0.43388 0.40903 0.80277
vn -0.78183 0.28306 0.55553
vn -0.97493 0.10102 0.19827
vn -0.97493 -0.10102 -0.19827
vn -0.78183 -0.28306 -0.55553
vn -0.43388 -0.40903 -0.80277
vn -0.00000 -0.45399 -0.89101
vn 0.00000 -0.30902 -0.95106
vn 0.43388 -0.27841 -0.85687
vn 0.78183 -0.19267 -0.59297
vn 0.97493 -0.06876 -0.21163
vn 0.97493 0.06876 0.21163
vn 0.78183 0.19267 0.59297
vn 0.43388 0.27841 0.85687
vn 0.00000 0.30902 0.95106
vn -0.43388 0.27841 0.85687
vn -0.78183 0.19267 0.59297
vn -0.97493 0.06876 0.21163
vn -0.97493 -0.06876 -0.21163
vn -0.78183 -0.19267 -0.59297
vn -0.43388 -0.27841 -0.85687
vn -0.00000 -0.30902 -0.95106
vn 0.00000 -0.15643 -0.98769
vn 0.43388 -0.14094 -0.88988
vn 0.78183 -0.09754 -0.61581
vn 0.97493 -0.03481 -0.21978
vn 0.97493 0.03481 0.21978
vn 0.78183 0.09754 0.61581
vn 0.43388 0.14094 0.88988
vn 0.00000 0.15643 0.98769
vn -0.43388 0.14094 0.88988
vn -0.78183 0.09754 0.61581
vn -0.97493 0.03481 0.21978
vn -0.97493 -0.03481 -0.21978
vn -0.78183 -0.09754 -0.61581
vn -0.43388 -0.14094 -0.88988
vn -0.00000 -0.15643 -0.98769
vn 0.00000 -0.00000 -1.00000
vn 0.43388 0.00000 -0.90097
vn 0.78183 0.00000 -0.62349
vn 0.97493 0.00000 -0.22252
vn 0.97493 -0.00000 0.22252
vn 0.78183 -0.00000 0.62349
vn 0.43388 -0.00000 0.90097
vn 0.00000 -0.00000 1.00000
vn -0.43388 0.00000 0.90097
vn -0.78183 0.00000 0.62349
vn -0.97493 0.00000 0.22252
vn -0.97493 0.00000 -0.22252
vn -0.78183 0.00000 -0.62349
vn -0.43388 0.00000 -0.90097
vn -0.00000 -0.00000 -1.00000
vn 0.00000 0.15643 -0.98769
vn 0.43388 0.14094 -0.88988
vn 0.78183 0.09754 -0.61581
vn 0.97493 0.03481 -0.21978
vn 0.97493 -0.03481 0.21978
vn 0.78183 -0.09754 0.61581
vn 0.43388 -0.14094 0.88988
vn 0.00000 -0.15643 0.98769
vn -0.43388 -0.14094 0.88988
vn -0.78183 -0.09754 0.61581
vn -0.97493 -0.03481 0.21978
vn -0.97493 0.03481 -0.21978
vn -0.78183 0.09754 -0.61581
vn -0.43388 0.14094 -0.88988
vn -0.00000 0.15643 -0.98769
vn 0.00000 0.30902 -0.95106
vn 0.43388 0.27841 -0.85687
vn 0.78183 0.19267 -0.59297
vn 0.97493 0.06876 -0.21163
vn 0.97493 -0.06876 0.21163
vn 0.78183 -0.19267 0.59297
vn 0.43388 -0.27841 0.85687
vn 0.00000 -0.30902 0.95106
vn -0.43388 -0.27841 0.85687
vn -0.78183 -0.19267 0.59297
vn -0.97493 -0.06876 0.21163
vn -0.97493 0.06876 -0.21163
vn -0.78183 0.19267 -0.59297
vn -0.43388 0.27841 -0.85687
vn -0.00000 0.30902 -0.95106
vn 0.00000 0.45399 -0.89101
vn 0.43388 0.40903 -0.80277
vn 0.78183 0.28306 -0.55553
vn 0.97493 0.10102 -0.19827
vn 0.97493 -0.10102 0.19827
vn 0.78183 -0.28306 0.55553
vn 0.43388 -0.40903 0.80277
vn 0.00000 -0.45399 0.89101
vn -0.43388 -0.40903 0.80277
vn -0.78183 -0.28306 0.55553
vn -0.97493 -0.10102 0.19827
vn -0.97493 0.10102 -0.19827
vn -0.78183 0.28306 -0.55553
vn -0.43388 0.40903 -0.80277
vn -0.00000 0.45399 -0.89101
vn 0.00000 0.58779 -0.80902
vn 0.43388 0.52958 -0.72890
vn 0.78183 0.36648 -0.50441
vn 0.97493 0.13079 -0.18002
vn 0.97493 -0.13079 0.18002
vn 0.78183 -0.36648 0.50441
vn 0.43388 -0.52958 0.72890
vn 0.00000 -0.58779 0.80902
vn -0.43388 -0.52958 0.72890
vn -0.78183 -0.36648 0.50441
vn -0.97493 -0.13079 0.18002
vn -0.97493 0.13079 -0.18002
vn -0.78183 0.36648 -0.50441
vn -0.43388 0.52958 -0.72890
vn -0.00000 0.58779 -0.80902
vn 0.00000 0.70711 -0.70711
vn 0.43388 0.63708 -0.63708
vn 0.78183 0.44087 -0.44087
vn 0.97493 0.15735 -0.15735
vn 0.97493 -0.15735 0.15735
vn 0.78183 -0.44087 0.44087
vn 0.43388 -0.63708 0.63708
vn 0.00000 -0.70711 0.70711
vn -0.43388 -0.63708 0.63708
vn -0.78183 -0.44087 0.44087
vn -0.97493 -0.15735 0.15735
vn -0.97493 0.15735 -0.15735
vn -0.78183 0.44087 -0.44087
vn -0.43388 0.63708 -0.63708
vn -0.00000 0.70711 -0.70711
vn 0.00000 0.80902 -0.58779
vn 0.43388 0.72890 -0.52958
vn 0.78183 0.50441 -0.36648
vn 0.97493 0.18002 -0.13079
vn 0.97493 -0.18002 0.13079
vn 0.78183 -0.50441 0.36648
vn 0.43388 -0.72890 0.52958
vn 0.00000 -0.80902 0.58779
vn -0.43388 -0.72890 0.52958
vn -0.78183 -0.50441 0.36648
vn -0.97493 -0.18002 0.13079
vn -0.97493 0.18002 -0.13079
vn -0.78183 0.50441 -0.36648
vn -0.43388 0.72890 -0.52958
vn -0.00000 0.80902 -0.58779
vn 0.00000 0.89101 -0.45399
vn 0.43388 0.80277 -0.40903
vn 0.78183 0.55553 -0.28306
vn 0.97493 0.19827 -0.10102
vn 0.97493 -0.19827 0.10102
vn 0.78183 -0.55553 0.28306
vn 0.43388 -0.80277 0.40903
vn 0.00000 -0.89101 0.45399
vn -0.43388 -0.80277 0.40903
vn -0.78183 -0.55553 0.28306
vn -0.97493 -0.19827 0.10102
vn -0.97493 0.19827 -0.10102
vn -0.78183 0.55553 -0.28306
vn -0.43388 0.80277 -0.40903
vn -0.00000 0.89101 -0.45399
vn 0.00000 0.95106 -0.30902
vn 0.43388 0.85687 -0.27841
vn 0.78183 0.59297 -0.19267
vn 0.97493 0.21163 -0.06876
vn 0.97493 -0.21163 0.06876
vn 0.78183 -0.59297 0.19267
vn 0.43388 -0.85687 0.27841
vn 0.00000 -0.95106 0.30902
vn -0.43388 -0.85687 0.27841
vn -0.78183 -0.59297 0.19267
vn -0.97493 -0.21163 0.06876
vn -0.97493 0.21163 -0.06876
vn -0.78183 0.59297 -0.19267
vn -0.43388 0.85687 -0.27841
vn -0.00000 0.95106 -0.30902
vn 0.00000 0.98769 -0.15643
vn 0.43388 0.88988 -0.14094
vn 0.78183 0.61581 -0.09754
vn 0.97493 0.21978 -0.03481
vn 0.97493 -0.21978 0.03481
vn 0.78183 -0.61581 0.09754
vn 0.43388 -0.88988 0.14094
vn 0.00000 -0.98769 0.15643
vn -0.43388 -0.88988 0.14094
vn -0.78183 -0.61581 0.09754
vn -0.97493 -0.21978 0.03481
vn -0.97493 0.21978 -0.03481
vn -0.78183 0.61581 -0.09754
vn -0.43388 0.88988 -0.14094
vn -0.00000 0.98769 -0.15643
vn 0.00000 1.00000 -0.00000
vn 0.04119 0.99915 -0.00000
vn 0.07607 0.99710 -0.00000
vn 0.09852 0.99513 -0.00000
vn 0.10314 0.99467 -0.00000
vn 0.08653 0.99625 -0.00000
vn 0.04967 0.99877 -0.00000
vn 0.00000 1.00000 -0.00000
vn -0.04967 0.99877 -0.00000
vn -0.08653 0.99625 -0.00000
vn -0.10314 0.99467 -0.00000
vn -0.09852 0.99513 -0.00000
vn -0.07607 0.99710 -0.00000
vn -0.04119 0.99915 -0.00000
vn -0.00000 1.00000 -0.00000
vn 0.00000 1.00000 0.00000
vn 0.02393 0.99971 0.00000
vn 0.03950 0.99922 0.00000
vn 0.04054 0.99918 0.00000
vn 0.02561 0.99967 0.00000
vn 0.00000 1.00000 0.00000
vn -0.02561 0.99967 0.00000
vn -0.04054 0.99918 0.00000
vn -0.03950 0.99922 0.00000
vn -0.02393 0.99971 0.00000
vn -0.00000 1.00000 0.00000
vn 0.00000 0.98769 0.15643
vn 0.02393 0.98741 0.15639
vn 0.03950 0.98692 0.15631
vn 0.04054 0.98688 0.15631
vn 0.02561 0.98736 0.15638
vn 0.00000 0.98769 0.15643
vn -0.02561 0.98736 0.15638
vn -0.04054 0.98688 0.15631
vn -0.03950 0.98692 0.15631
vn -0.02393 0.98741 0.15639
vn -0.00000 0.98769 0.15643
vn 0.00000 0.95106 0.30902
vn 0.02393 0.95078 0.30893
vn 0.03950 0.95031 0.30878
vn 0.04054 0.95027 0.30876
vn 0.02561 0.95074 0.30892
vn 0.00000 0.95106 0.30902
vn -0.02561 0.95074 0.30892
vn -0.04054 0.95027 0.30876
vn -0.03950 0.95031 0.30878
vn -0.02393 0.95078 0.30893
vn -0.00000 0.95106 0.30902
vn 0.00000 0.89101 0.45399
vn 0.02393 0.89075 0.45386
vn 0.03950 0.89031 0.45364
vn 0.04054 0.89027 0.45362
vn 0.02561 0.89071 0.45384
vn 0.00000 0.89101 0.45399
vn -0.02561 0.89071 0.45384
vn -0.04054 0.89027 0.45362
vn -0.03950 0.89031 0.45364
vn -0.02393 0.89075 0.45386
vn -0.00000 0.89101 0.45399
vn 0.00000 0.80902 0.58779
vn 0.02393 0.80879 0.58762
vn 0.03950 0.80839 0.58733
vn 0.04054 0.80835 0.58730
vn 0.02561 0.80875 0.58759
vn 0.00000 0.80902 0.58779
vn -0.02561 0.80875 0.58759
vn -0.04054 0.80835 0.58730
vn -0.03950 0.80839 0.58733
vn -0.02393 0.80879 0.58762
vn -0.00000 0.80902 0.58779
vn 0.00000 0.70711 0.70711
vn 0.02393 0.70690 0.70690
vn 0.03950 0.70655 0.70655
vn 0.04054 0.70653 0.70653
vn 0.02561 0.70687 0.70687
vn 0.00000 0.70711 0.70711
vn -0.02561 0.70687 0.70687
vn -0.04054 0.70653 0.70653
vn -0.03950 0.70655 0.70655
vn -0.02393 0.70690 0.70690
vn -0.00000 0.70711 0.70711
vn 0.00000 0.58779 0.80902
vn 0.02393 0.58762 0.80879
vn 0.03950 0.58733 0.80839
vn 0.04054 0.58730 0.80835
vn 0.02561 0.58759 0.80875
vn 0.00000 0.58779 0.80902
vn -0.02561 0.58759 0.80875
vn -0.04054 0.58730 0.80835
vn -0.03950 0.58733 0.80839
vn -0.02393 0.58762 0.80879
vn -0.00000 0.58779 0.80902
vn 0.00000 0.45399 0.89101
vn 0.02393 0.45386 0.89075
vn 0.03950 0.45364 0.89031
vn 0.04054 0.45362 0.89027
vn 0.02561 0.45384 0.89071
vn 0.00000 0.45399 0.89101
vn -0.02561 0.45384 0.89071
vn -0.04054 0.45362 0.89027
vn -0.03950 0.45364 0.89031
vn -0.02393 0.45386 0.89075
vn -0.00000 0.45399 0.89101
vn 0.00000 0.30902 0.95106
vn 0.02393 0.30893 0.95078
vn 0.03950 0.30878 0.95031
vn 0.04054 0.30876 0.95027
vn 0.02561 0.30892 0.95074
vn 0.00000 0.30902 0.95106
vn -0.02561 0.30892 0.95074
vn -0.04054 0.30876 0.95027
vn -0.03950 0.30878 0.95031
vn -0.02393 0.30893 0.95078
vn -0.00000 0.30902 0.95106
vn 0.00000 0.15643 0.98769
vn 0.02393 0.15639 0.98741
vn 0.03950 0.15631 0.98692
vn 0.04054 0.15631 0.98688
vn 0.02561 0.15638 0.98736
vn 0.00000 0.15643 0.98769
vn -0.02561 0.15638 0.98736
vn -0.04054 0.15631 0.98688
vn -0.03950 0.15631 0.98692
vn -0.02393 0.15639 0.98741
vn -0.00000 0.15643 0.98769
vn 0.00000 0.00000 1.00000
vn 0.02393 0.00000 0.99971
vn 0.03950 0.00000 0.99922
vn 0.04054 0.00000 0.99918
vn 0.02561 0.00000 0.99967
vn 0.00000 0.00000 1.00000
vn -0.02561 0.00000 0.99967
vn -0.04054 0.00000 0.99918
vn -0.03950 0.00000 0.99922
vn -0.02393 0.00000 0.99971
vn -0.00000 0.00000 1.00000
vn 0.00000 -0.15643 0.98769
vn 0.02393 -0.15639 0.98741
vn 0.03950 -0.15631 0.98692
vn 0.04054 -0.15631 0.98688
vn 0.02561 -0.15638 0.98736
vn 0.00000 -0.15643 0.98769
vn -0.02561 -0.15638 0.98736
vn -0.04054 -0.15631 0.98688
vn -0.03950 -0.15631 0.98692
vn -0.02393 -0.15639 0.98741
vn -0.00000 -0.15643 0.98769
vn 0.00000 -0.30902 0.95106
vn 0.02393 -0.30893 0.95078
vn 0.03950 -0.30878 0.95031
vn 0.04054 -0.30876 0.95027
vn 0.02561 -0.30892 0.95074
vn 0.00000 -0.30902 0.95106
vn -0.02561 -0.30892 0.95074
vn -0.04054 -0.30876 0.95027
vn -0.03950 -0.30878 0.95031
vn -0.02393 -0.30893 0.95078
vn -0.00000 -0.30902 0.95106
vn 0.00000 -0.45399 0.89101
vn 0.02393 -0.45386 0.89075
vn 0.03950 -0.45364 0.89031
vn 0.04054 -0.45362 0.89027
vn 0.02561 -0.45384 0.89071
vn 0.00000 -0.45399 0.89101
vn -0.02561 -0.45384 0.89071
vn -0.04054 -0.45362 0.89027
vn -0.03950 -0.45364 0.89031
vn -0.02393 -0.45386 0.89075
vn -0.00000 -0.45399 0.89101
vn 0.00000 -0.58779 0.80902
vn 0.02393 -0.58762 0.80879
vn 0.03950 -0.58733 0.80839
vn 0.04054 -0.58730 0.80835
vn 0.02561 -0.58759 0.80875
vn 0.00000 -0.58779 0.80902
vn -0.02561 -0.58759 0.80875
vn -0.04054 -0.58730 0.80835
vn -0.03950 -0.58733 0.80839
vn -0.02393 -0.58762 0.80879
vn -0.00000 -0.58779 0.80902
vn 0.00000 -0.70711 0.70711
vn 0.02393 -0.70690 0.70690
vn 0.03950 -0.70655 0.70655
vn 0.04054 -0.70653 0.70653
vn 0.02561 -0.70687 0.70687
vn 0.00000 -0.70711 0.70711
vn -0.02561 -0.70687 0.70687
vn -0.04054 -0.70653 0.70653
vn -0.03950 -0.70655 0.70655
vn -0.02393 -0.70690 0.70690
vn -0.00000 -0.70711 0.70711
vn 0.00000 -0.80902 0.58779
vn 0.02393 -0.80879 0.58762
vn 0.03950 -0.80839 0.58733
vn 0.04054 -0.80835 0.58730
vn 0.02561 -0.80875 0.58759
vn 0.00000 -0.80902 0.58779
vn -0.02561 -0.80875 0.58759
vn -0.04054 -0.80835 0.58730
vn -0.03950 -0.80839 0.58733
vn -0.02393 -0.80879 0.58762
vn -0.00000 -0.80902 0.58779
vn 0.00000 -0.89101 0.45399
vn 0.02393 -0.89075 0.45386
vn 0.03950 -0.89031 0.45364
vn 0.04054 -0.89027 0.45362
vn 0.02561 -0.89071 0.45384
vn 0.00000 -0.89101 0.45399
vn -0.02561 -0.89071 0.45384
vn -0.04054 -0.89027 0.45362
vn -0.03950 -0.89031 0.45364
vn -0.02393 -0.89075 0.45386
vn -0.00000 -0.89101 0.45399
vn 0.00000 -0.95106 0.30902
vn 0.02393 -0.95078 0.30893
vn 0.03950 -0.95031 0.30878
vn 0.04054 -0.95027 0.30876
vn 0.02561 -0.95074 0.30892
vn 0.00000 -0.95106 0.30902
vn -0.02561 -0.95074 0.30892
vn -0.04054 -0.95027 0.30876
vn -0.03950 -0.95031 0.30878
vn -0.02393 -0.95078 0.30893
vn -0.00000 -0.95106 0.30902
vn 0.00000 -0.98769 0.15643
vn 0.02393 -0.98741 0.15639
vn 0.03950 -0.98692 0.15631
vn 0.04054 -0.98688 0.15631
vn 0.02561 -0.98736 0.15638
vn 0.00000 -0.98769 0.15643
vn -0.02561 -0.98736 0.15638
vn -0.04054 -0.98688 0.15631
vn -0.03950 -0.98692 0.15631
vn -0.02393 -0.98741 0.15639
vn -0.00000 -0.98769 0.15643
vn 0.00000 -1.00000 0.00000
vn 0.02393 -0.99971 0.00000
vn 0.03950 -0.99922 0.00000
vn 0.04054 -0.99918 0.00000
vn 0.02561 -0.99967 0.00000
vn 0.00000 -1.00000 0.00000
vn -0.02561 -0.99967 0.00000
vn -0.04054 -0.99918 0.00000
vn -0.03950 -0.99922 0.00000
vn -0.02393 -0.99971 0.00000
vn -0.00000 -1.00000 0.00000
vn 0.00000 -0.98769 -0.15643
vn 0.02393 -0.98741 -0.15639
vn 0.03950 -0.98692 -0.15631
vn 0.04054 -0.98688 -0.15631
vn 0.02561 -0.98736 -0.15638
vn 0.00000 -0.98769 -0.15643
vn -0.02561 -0.98736 -0.15638
vn -0.04054 -0.98688 -0.15631
vn -0.03950 -0.98692 -0.15631
vn -0.02393 -0.98741 -0.15639
vn -0.00000 -0.98769 -0.15643
vn 0.00000 -0.95106 -0.30902
vn 0.02393 -0.95078 -0.30893
vn 0.03950 -0.95031 -0.30878
vn 0.04054 -0.95027 -0.30876
vn 0.02561 -0.95074 -0.30892
vn 0.00000 -0.95106 -0.30902
vn -0.02561 -0.95074 -0.30892
vn -0.04054 -0.95027 -0.30876
vn -0.03950 -0.95031 -0.30878
vn -0.02393 -0.95078 -0.30893
vn -0.00000 -0.95106 -0.30902
vn 0.00000 -0.89101 -0.45399
vn 0.02393 -0.89075 -0.45386
vn 0.03950 -0.89031 -0.45364
vn 0.04054 -0.89027 -0.45362
vn 0.02561 -0.89071 -0.45384
vn 0.00000 -0.89101 -0.45399
vn -0.02561 -0.89071 -0.45384
vn -0.04054 -0.89027 -0.45362
vn -0.03950 -0.89031 -0.45364
vn -0.02393 -0.89075 -0.45386
vn -0.00000 -0.89101 -0.45399
vn 0.00000 -0.80902 -0.58779
vn 0.02393 -0.80879 -0.58762
vn 0.03950 -0.80839 -0.58733
vn 0.04054 -0.80835 -0.58730
vn 0.02561 -0.80875 -0.58759
vn 0.00000 -0.80902 -0.58779
vn -0.02561 -0.80875 -0.58759
vn -0.04054 -0.80835 -0.58730
vn -0.03950 -0.80839 -0.58733
vn -0.02393 -0.80879 -0.58762
vn -0.00000 -0.80902 -0.58779
vn 0.00000 -0.70711 -0.70711
vn 0.02393 -0.70690 -0.70690
vn 0.03950 -0.70655 -0.70655
vn 0.04054 -0.70653 -0.70653
vn 0.02561 -0.70687 -0.70687
vn 0.00000 -0.70711 -0.70711
vn -0.02561 -0.70687 -0.70687
vn -0.04054 -0.70653 -0.70653
vn -0.03950 -0.70655 -0.70655
vn -0.02393 -0.70690 -0.70690
vn -0.00000 -0.70711 -0.70711
vn 0.00000 -0.58779 -0.80902
vn 0.02393 -0.58762 -0.80879
vn 0.03950 -0.58733 -0.80839
vn 0.04054 -0.58730 -0.80835
vn 0.02561 -0.58759 -0.80875
vn 0.00000 -0.58779 -0.80902
vn -0.02561 -0.58759 -0.80875
vn -0.04054 -0.58730 -0.80835
vn -0.03950 -0.58733 -0.80839
vn -0.02393 -0.58762 -0.80879
vn -0.00000 -0.58779 -0.80902
vn 0.00000 -0.45399 -0.89101
vn 0.02393 -0.45386 -0.89075
vn 0.03950 -0.45364 -0.89031
vn 0.04054 -0.45362 -0.89027
vn 0.02561 -0.45384 -0.89071
vn 0.00000 -0.45399 -0.89101
vn -0.02561 -0.45384 -0.89071
vn -0.04054 -0.45362 -0.89027
vn -0.03950 -0.45364 -0.89031
vn -0.02393 -0.45386 -0.89075
vn -0.00000 -0.45399 -0.89101
vn 0.00000 -0.30902 -0.95106
vn 0.02393 -0.30893 -0.95078
vn 0.03950 -0.30878 -0.95031
vn 0.04054 -0.30876 -0.95027
vn 0.02561 -0.30892 -0.95074
vn 0.00000 -0.30902 -0.95106
vn -0.02561 -0.30892 -0.95074
vn -0.04054 -0.30876 -0.95027
vn -0.03950 -0.30878 -0.95031
vn -0.02393 -0.30893 -0.95078
vn -0.00000 -0.30902 -0.95106
vn 0.00000 -0.15643 -0.98769
vn 0.02393 -0.15639 -0.98741
vn 0.03950 -0.15631 -0.98692
vn 0.04054 -0.15631 -0.98688
vn 0.02561 -0.15638 -0.98736
vn 0.00000 -0.15643 -0.98769
vn -0.02561 -0.15638 -0.98736
vn -0.04054 -0.15631 -0.98688
vn -0.03950 -0.15631 -0.98692
vn -0.02393 -0.15639 -0.98741
vn -0.00000 -0.15643 -0.98769
vn 0.00000 -0.00000 -1.00000
vn 0.02393 -0.00000 -0.99971
vn 0.03950 -0.00000 -0.99922
vn 0.04054 -0.00000 -0.99918
vn 0.02561 -0.00000 -0.99967
vn 0.00000 -0.00000 -1.00000
vn -0.02561 -0.00000 -0.99967
vn -0.04054 -0.00000 -0.99918
vn -0.03950 -0.00000 -0.99922
vn -0.02393 -0.00000 -0.99971
vn -0.00000 -0.00000 -1.00000
vn 0.00000 0.15643 -0.98769
vn 0.02393 0.15639 -0.98741
vn 0.03950 0.15631 -0.98692
vn 0.04054 0.15631 -0.98688
vn 0.02561 0.15638 -0.98736
vn 0.00000 0.15643 -0.98769
vn -0.02561 0.15638 -0.98736
vn -0.04054 0.15631 -0.98688
vn -0.03950 0.15631 -0.98692
vn -0.02393 0.15639 -0.98741
vn -0.00000 0.15643 -0.98769
vn 0.00000 0.30902 -0.95106
vn 0.02393 0.30893 -0.95078
vn 0.03950 0.30878 -0.95031
vn 0.04054 0.30876 -0.95027
vn 0.02561 0.30892 -0.95074
vn 0.00000 0.30902 -0.95106
vn -0.02561 0.30892 -0.95074
vn -0.04054 0.30876 -0.95027
vn -0.03950 0.30878 -0.95031
vn -0.02393 0.30893 -0.95078
vn -0.00000 0.30902 -0.95106
vn 0.00000 0.45399 -0.89101
vn 0.02393 0.45386 -0.89075
vn 0.03950 0.45364 -0.89031
vn 0.04054 0.45362 -0.89027
vn 0.02561 0.45384 -0.89071
vn 0.00000 0.45399 -0.89101
vn -0.02561 0.45384 -0.89071
vn -0.04054 0.45362 -0.89027
vn -0.03950 0.45364 -0.89031
vn -0.02393 0.45386 -0.89075
vn -0.00000 0.45399 -0.89101
vn 0.00000 0.58779 -0.80902
vn 0.02393 0.58762 -0.80879
vn 0.03950 0.58733 -0.80839
vn 0.04054 0.58730 -0.80835
vn 0.02561 0.58759 -0.80875
vn 0.00000 0.58779 -0.80902
vn -0.02561 0.58759 -0.80875
vn -0.04054 0.58730 -0.80835
vn -0.03950 0.58733 -0.80839
vn -0.02393 0.58762 -0.80879
vn -0.00000 0.58779 -0.80902
vn 0.00000 0.70711 -0.70711
vn 0.02393 0.70690 -0.70690
vn 0.03950 0.70655 -0.70655
vn 0.04054 0.70653 -0.70653
vn 0.02561 0.70687 -0.70687
vn 0.00000 0.70711 -0.70711
vn -0.02561 0.70687 -0.70687
vn -0.04054 0.70653 -0.70653
vn -0.03950 0.70655 -0.70655
vn -0.02393 0.70690 -0.70690
vn -0.00000 0.70711 -0.70711
vn 0.00000 0.80902 -0.58779
vn 0.02393 0.80879 -0.58762
vn 0.03950 0.80839 -0.58733
vn 0.04054 0.80835 -0.58730
vn 0.02561 0.80875 -0.58759
vn 0.00000 0.80902 -0.58779
vn -0.02561 0.80875 -0.58759
vn -0.04054 0.80835 -0.58730
vn -0.03950 0.80839 -0.58733
vn -0.02393 0.80879 -0.58762
vn -0.00000 0.80902 -0.58779
vn 0.00000 0.89101 -0.45399
vn 0.02393 0.89075 -0.45386
vn 0.03950 0.89031 -0.45364
vn 0.04054 0.89027 -0.45362
vn 0.02561 0.89071 -0.45384
vn 0.00000 0.89101 -0.45399
vn -0.02561 0.89071 -0.45384
vn -0.04054 0.89027 -0.45362
vn -0.03950 0.89031 -0.45364
vn -0.02393 0.89075 -0.45386
vn -0.00000 0.89101 -0.45399
vn 0.00000 0.95106 -0.30902
vn 0.02393 0.95078 -0.30893
vn 0.03950 0.95031 -0.30878
vn 0.04054 0.95027 -0.30876
vn 0.02561 0.95074 -0.30892
vn 0.00000 0.95106 -0.30902
vn -0.02561 0.95074 -0.30892
vn -0.04054 0.95027 -0.30876
vn -0.03950 0.95031 -0.30878
vn -0.02393 0.95078 -0.30893
vn -0.00000 0.95106 -0.30902
vn 0.00000 0.98769 -0.15643
vn 0.02393 0.98741 -0.15639
vn 0.03950 0.98692 -0.15631
vn 0.04054 0.98688 -0.15631
vn 0.02561 0.98736 -0.15638
vn 0.00000 0.98769 -0.15643
vn -0.02561 0.98736 -0.15638
vn -0.04054 0.98688 -0.15631
vn -0.03950 0.98692 -0.15631
vn -0.02393 0.98741 -0.15639
vn -0.00000 0.98769 -0.15643
vn 0.00000 1.00000 -0.00000
vn 0.02393 0.99971 -0.00000
vn 0.03950 0.99922 -0.00000
vn 0.04054 0.99918 -0.00000
vn 0.02561 0.99967 -0.00000
vn 0.00000 1.00000 -0.00000
vn -0.02561 0.99967 -0.00000
vn -0.04054 0.99918 -0.00000
vn -0.03950 0.99922 -0.00000
vn -0.02393 0.99971 -0.00000
vn -0.00000 1.00000 -0.00000
vn 0.00000 1.00000 0.00000
vn 0.23114 0.97292 0.00000
vn 0.43811 0.89892 0.00000
vn 0.60724 0.79452 0.00000
vn 0.73682 0.67609 0.00000
vn 0.83205 0.55470 0.00000
vn 0.89999 0.43592 0.00000
vn 0.94686 0.32163 0.00000
vn 0.97733 0.21170 0.00000
vn 0.99447 0.10501 0.00000
vn 1.00000 0.00000 0.00000
vn 0.99447 -0.10501 0.00000
vn 0.97733 -0.21170 0.00000
vn 0.94686 -0.32163 0.00000
vn 0.89999 -0.43592 0.00000
vn 0.83205 -0.55470 0.00000
vn 0.73682 -0.67609 0.00000
vn 0.60724 -0.79452 0.00000
vn 0.43811 -0.89892 0.00000
vn 0.23114 -0.97292 0.00000
vn 0.00000 -1.00000 0.00000
vn 0.00000 1.00000 0.00000
vn 0.22624 0.97354 0.03206
vn 0.42953 0.90100 0.06087
vn 0.59662 0.79806 0.08454
vn 0.72546 0.68054 0.10280
vn 0.82072 0.55937 0.11630
vn 0.88901 0.44022 0.12598
vn 0.93631 0.32515 0.13268
vn 0.96713 0.21417 0.13705
vn 0.98450 0.10628 0.13951
vn 0.99011 0.00000 0.14030
vn 0.98450 -0.10628 0.13951
vn 0.96713 -0.21417 0.13705
vn 0.93631 -0.32515 0.13268
vn 0.88901 -0.44022 0.12598
vn 0.82072 -0.55937 0.11630
vn 0.72546 -0.68054 0.10280
vn 0.59662 -0.79806 0.08454
vn 0.42953 -0.90100 0.06087
vn 0.22624 -0.97354 0.03206
vn 0.00000 -1.00000 0.00000
vn 0.00000 1.00000 0.00000
vn 0.21168 0.97532 0.06283
vn 0.40382 0.90695 0.11986
vn 0.56439 0.80833 0.16752
vn 0.69056 0.69362 0.20497
vn 0.78552 0.57324 0.23316
vn 0.85460 0.45311 0.25366
vn 0.90301 0.33577 0.26803
vn 0.93481 0.22166 0.27747
vn 0.95283 0.11013 0.28282
vn 0.95866 0.00000 0.28455
vn 0.95283 -0.11013 0.28282
vn 0.93481 -0.22166 0.27747
vn 0.90301 -0.33577 0.26803
vn 0.85460 -0.45311 0.25366
vn 0.78552 -0.57324 0.23316
vn 0.69056 -0.69362 0.20497
vn 0.56439 -0.80833 0.16752
vn 0.40382 -0.90695 0.11986
vn 0.21168 -0.97532 0.06283
vn 0.00000 -1.00000 0.00000
vn 0.00000 1.00000 0.00000
vn 0.18796 0.97795 0.09104
vn 0.36116 0.91595 0.17493
vn 0.50963 0.82422 0.24685
vn 0.62981 0.71434 0.30506
vn 0.72288 0.59569 0.35014
vn 0.79229 0.47435 0.38376
vn 0.84188 0.35348 0.40778
vn 0.87494 0.23426 0.42379
vn 0.89384 0.11666 0.43294
vn 0.89999 0.00000 0.43592
vn 0.89384 -0.11666 0.43294
vn 0.87494 -0.23426 0.42379
vn 0.84188 -0.35348 0.40778
vn 0.79229 -0.47435 0.38376
vn 0.72288 -0.59569 0.35014
vn 0.62981 -0.71434 0.30506
vn 0.50963 -0.82422 0.24685
vn 0.36116 -0.91595 0.17493
vn 0.18796 -0.97795 0.09104
vn 0.00000 -1.00000 0.00000
vn 0.00000 1.00000 0.00000
vn 0.15595 0.98099 0.11547
vn 0.30219 0.92662 0.22374
vn 0.43146 0.84367 0.31946
vn 0.54005 0.74058 0.39986
vn 0.62735 0.62504 0.46450
vn 0.69468 0.50286 0.51435
vn 0.74413 0.37776 0.55096
vn 0.77779 0.25179 0.57588
vn 0.79730 0.12581 0.59033
vn 0.80368 0.00000 0.59506
vn 0.79730 -0.12581 0.59033
vn 0.77779 -0.25179 0.57588
vn 0.74413 -0.37776 0.55096
vn 0.69468 -0.50286 0.51435
vn 0.62735 -0.62504 0.46450
vn 0.54005 -0.74058 0.39986
vn 0.43146 -0.84367 0.31946
vn 0.30219 -0.92662 0.22374
vn 0.15595 -0.98099 0.11547
vn 0.00000 -1.00000 0.00000
vn 0.00000 1.00000 0.00000
vn 0.11688 0.98393 0.13496
vn 0.22838 0.93718 0.26371
vn 0.33003 0.86363 0.38109
vn 0.41881 0.76859 0.48360
vn 0.49320 0.65760 0.56949
vn 0.55285 0.53556 0.63838
vn 0.59816 0.40637 0.69070
vn 0.62981 0.27285 0.72725
vn 0.64849 0.13695 0.74881
vn 0.65465 0.00000 0.75593
vn 0.64849 -0.13695 0.74881
vn 0.62981 -0.27285 0.72725
vn 0.59816 -0.40637 0.69070
vn 0.55285 -0.53556 0.63838
vn 0.49320 -0.65760 0.56949
vn 0.41881 -0.76859 0.48360
vn 0.33003 -0.86363 0.38109
vn 0.22838 -0.93718 0.26371
vn 0.11688 -0.98393 0.13496
vn 0.00000 -1.00000 0.00000
vn 0.00000 1.00000 0.00000
vn 0.07241 0.98625 0.14856
vn 0.14243 0.94568 0.29223
vn 0.20789 0.88024 0.42656
vn 0.26700 0.79283 0.54783
vn 0.31840 0.68691 0.65329
vn 0.36116 0.56609 0.74102
vn 0.39472 0.43390 0.80989
vn 0.41881 0.29358 0.85931
vn 0.43329 0.14805 0.88901
vn 0.43811 0.00000 0.89892
vn 0.43329 -0.14805 0.88901
vn 0.41881 -0.29358 0.85931
vn 0.39472 -0.43390 0.80989
vn 0.36116 -0.56609 0.74102
vn 0.31840 -0.68691 0.65329
vn 0.26700 -0.79283 0.54783
vn 0.20789 -0.88024 0.42656
vn 0.14243 -0.94568 0.29223
vn 0.07241 -0.98625 0.14856
vn 0.00000 -1.00000 0.00000
vn 0.00000 1.00000 0.00000
vn 0.02452 0.98752 0.15555
vn 0.04842 0.95044 0.30712
vn 0.07108 0.88976 0.45087
vn 0.09194 0.80711 0.58319
vn 0.11049 0.70470 0.70084
vn 0.12628 0.58518 0.80101
vn 0.13895 0.45155 0.88136
vn 0.14821 0.30713 0.94006
vn 0.15384 0.15540 0.97580
vn 0.15573 0.00000 0.98780
vn 0.15384 -0.15540 0.97580
vn 0.14821 -0.30713 0.94006
vn 0.13895 -0.45155 0.88136
vn 0.12628 -0.58518 0.80101
vn 0.11049 -0.70470 0.70084
vn 0.09194 -0.80711 0.58319
vn 0.07108 -0.88976 0.45087
vn 0.04842 -0.95044 0.30712
vn 0.02452 -0.98752 0.15555
vn 0.00000 -1.00000 0.00000
vn 0.00000 1.00000 0.00000
vn -0.02452 0.98752 0.15555
vn -0.04842 0.95044 0.30712
vn -0.07108 0.88976 0.45087
vn -0.09194 0.80711 0.58319
vn -0.11049 0.70470 0.70084
vn -0.12628 0.58518 0.80101
vn -0.13895 0.45155 0.88136
vn -0.14821 0.30713 0.94006
vn -0.15384 0.15540 0.97580
vn -0.15573 0.00000 0.98780
vn -0.15384 -0.15540 0.97580
vn -0.14821 -0.30713 0.94006
vn -0.13895 -0.45155 0.88136
vn -0.12628 -0.58518 0.80101
vn -0.11049 -0.70470 0.70084
vn -0.09194 -0.80711 0.58319
vn -0.07108 -0.88976 0.45087
vn -0.04842 -0.95044 0.30712
vn -0.02452 -0.98752 0.15555
vn -0.00000 -1.00000 0.00000
vn 0.00000 1.00000 0.00000
vn -0.07241 0.98625 0.14856
vn -0.14243 0.94568 0.29223
vn -0.20789 0.88024 0.42656
vn -0.26700 0.79283 0.54783
vn -0.31840 0.68691 0.65329
vn -0.36116 0.56609 0.74102
vn -0.39472 0.43390 0.80989
vn -0.41881 0.29358 0.85931
vn -0.43329 0.14805 0.88901
vn -0.43811 0.00000 0.89892
vn -0.43329 -0.14805 0.88901
vn -0.41881 -0.29358 0.85931
vn -0.39472 -0.43390 0.80989
vn -0.36116 -0.56609 0.74102
vn -0.31840 -0.68691 0.65329
vn -0.26700 -0.79283 0.54783
vn -0.20789 -0.88024 0.42656
vn -0.14243 -0.94568 0.29223
vn -0.07241 -0.98625 0.14856
vn -0.00000 -1.00000 0.00000
vn 0.00000 1.00000 0.00000
vn -0.11688 0.98393 0.13496
vn -0.22838 0.93718 0.26371
vn -0.33003 0.86363 0.38109
vn -0.41881 0.76859 0.48360
vn -0.49320 0.65760 0.56949
vn -0.55285 0.53556 0.63838
vn -0.59816 0.40637 0.69070
vn -0.62981 0.27285 0.72725
vn -0.64849 0.13695 0.74881
vn -0.65465 0.00000 0.75593
vn -0.64849 -0.13695 0.74881
vn -0.62981 -0.27285 0.72725
vn -0.59816 -0.40637 0.69070
vn -0.55285 -0.53556 0.63838
vn -0.49320 -0.65760 0.56949
vn -0.41881 -0.76859 0.48360
vn -0.33003 -0.86363 0.38109
vn -0.22838 -0.93718 0.26371
vn -0.11688 -0.98393 0.13496
vn -0.00000 -1.00000 0.00000
vn 0.00000 1.00000 0.00000
vn -0.15595 0.98099 0.11547
vn -0.30219 0.92662 0.22374
vn -0.43146 0.84367 0.31946
vn -0.54005 0.74058 0.39986
vn -0.62735 0.62504 0.46450
vn -0.69468 0.50286 0.51435
vn -0.74413 0.37776 0.55096
vn -0.77779 0.25179 0.57588
vn -0.79730 0.12581 0.59033
vn -0.80368 0.00000 0.59506
vn -0.79730 -0.12581 0.59033
vn -0.77779 -0.25179 0.57588
vn -0.74413 -0.37776 0.55096
vn -0.69468 -0.50286 0.51435
vn -0.62735 -0.62504 0.46450
vn -0.54005 -0.74058 0.39986
vn -0.43146 -0.84367 0.31946
vn -0.30219 -0.92662 0.22374
vn -0.15595 -0.98099 0.11547
vn -0.00000 -1.00000 0.00000
vn 0.00000 1.00000 0.00000
vn -0.18796 0.97795 0.09104
vn -0.36116 0.91595 0.17493
vn -0.50963 0.82422 0.24685
vn -0.62981 0.71434 0.30506
vn -0.72288 0.59569 0.35014
vn -0.79229 0.47435 0.38376
vn -0.84188 0.35348 0.40778
vn -0.87494 0.23426 0.42379
vn -0.89384 0.11666 0.43294
vn -0.89999 0.00000 0.43592
vn -0.89384 -0.11666 0.43294
vn -0.87494 -0.23426 0.42379
vn -0.84188 -0.35348 0.40778
vn -0.79229 -0.47435 0.38376
vn -0.72288 -0.59569 0.35014
vn -0.62981 -0.71434 0.30506
vn -0.50963 -0.82422 0.24685
vn -0.36116 -0.91595 0.17493
vn -0.18796 -0.97795 0.09104
vn -0.00000 -1.00000 0.00000
vn 0.00000 1.00000 0.00000
vn -0.21168 0.97532 0.06283
vn -0.40382 0.90695 0.11986
vn -0.56439 0.80833 0.16752
vn -0.69056 0.69362 0.20497
vn -0.78552 0.57324 0.23316
vn -0.85460 0.45311 0.25366
vn -0.90301 0.33577 0.26803
vn -0.93481 0.22166 0.27747
vn -0.95283 0.11013 0.28282
vn -0.95866 0.00000 0.28455
vn -0.95283 -0.11013 0.28282
vn -0.93481 -0.22166 0.27747
vn -0.90301 -0.33577 0.26803
vn -0.85460 -0.45311 0.25366
vn -0.78552 -0.57324 0.23316
vn -0.69056 -0.69362 0.20497
vn -0.56439 -0.80833 0.16752
vn -0.40382 -0.90695 0.11986
vn -0.21168 -0.97532 0.06283
vn -0.00000 -1.00000 0.00000
vn 0.00000 1.00000 0.00000
vn -0.22624 0.97354 0.03206
vn -0.42953 0.90100 0.06087
vn -0.59662 0.79806 0.08454
vn -0.72546 0.68054 0.10280
vn -0.82072 0.55937 0.11630
vn -0.88901 0.44022 0.12598
vn -0.93631 0.32515 0.13268
vn -0.96713 0.21417 0.13705
vn -0.98450 0.10628 0.13951
vn -0.99011 0.00000 0.14030
vn -0.98450 -0.10628 0.13951
vn -0.96713 -0.21417 0.13705
vn -0.93631 -0.32515 0.13268
vn -0.88901 -0.44022 0.12598
vn -0.82072 -0.55937 0.11630
vn -0.72546 -0.68054 0.10280
vn -0.59662 -0.79806 0.08454
vn -0.42953 -0.90100 0.06087
vn -0.22624 -0.97354 0.03206
vn -0.00000 -1.00000 0.00000
vn 0.00000 1.00000 0.00000
vn -0.23114 0.97292 0.00000
vn -0.43811 0.89892 0.00000
vn -0.60724 0.79452 0.00000
vn -0.73682 0.67609 0.00000
vn -0.83205 0.55470 0.00000
vn -0.89999 0.43592 0.00000
vn -0.94686 0.32163 0.00000
vn -0.97733 0.21170 0.00000
vn -0.99447 0.10501 0.00000
vn -1.00000 0.00000 0.00000
vn -0.99447 -0.10501 0.00000
vn -0.97733 -0.21170 0.00000
vn -0.94686 -0.32163 0.00000
vn -0.89999 -0.43592 0.00000
vn -0.83205 -0.55470 0.00000
vn -0.73682 -0.67609 0.00000
vn -0.60724 -0.79452 0.00000
vn -0.43811 -0.89892 0.00000
vn -0.23114 -0.97292 0.00000
vn -0.00000 -1.00000 0.00000
vn 0.00000 1.00000 0.00000
vn -0.22624 0.97354 -0.03206
vn -0.42953 0.90100 -0.06087
vn -0.59662 0.79806 -0.08454
vn -0.72546 0.68054 -0.10280
vn -0.82072 0.55937 -0.11630
vn -0.88901 0.44022 -0.12598
vn -0.93631 0.32515 -0.13268
vn -0.96713 0.21417 -0.13705
vn -0.98450 0.10628 -0.13951
vn -0.99011 0.00000 -0.14030
vn -0.98450 -0.10628 -0.13951
vn -0.96713 -0.21417 -0.13705
vn -0.93631 -0.32515 -0.13268
vn -0.88901 -0.44022 -0.12598
vn -0.82072 -0.55937 -0.11630
vn -0.72546 -0.68054 -0.10280
vn -0.59662 -0.79806 -0.08454
vn -0.42953 -0.90100 -0.06087
vn -0.22624 -0.97354 -0.03206
vn -0.00000 -1.00000 -0.00000
vn 0.00000 1.00000 0.00000
vn -0.21168 0.97532 -0.06283
vn -0.40382 0.90695 -0.11986
vn -0.56439 0.80833 -0.16752
vn -0.69056 0.69362 -0.20497
vn -0.78552 0.57324 -0.23316
vn -0.85460 0.45311 -0.25366
vn -0.90301 0.33577 -0.26803
vn -0.93481 0.22166 -0.27747
vn -0.95283 0.11013 -0.28282
vn -0.95866 0.00000 -0.28455
vn -0.95283 -0.11013 -0.28282
vn -0.93481 -0.22166 -0.27747
vn -0.90301 -0.33577 -0.26803
vn -0.85460 -0.45311 -0.25366
vn -0.78552 -0.57324 -0.23316
vn -0.69056 -0.69362 -0.20497
vn -0.56439 -0.80833 -0.16752
vn -0.40382 -0.90695 -0.11986
vn -0.21168 -0.97532 -0.06283
vn -0.00000 -1.00000 -0.00000
vn 0.00000 1.00000 0.00000
vn -0.18796 0.97795 -0.09104
vn -0.36116 0.91595 -0.17493
vn -0.50963 0.82422 -0.24685
vn -0.62981 0.71434 -0.30506
vn -0.72288 0.59569 -0.35014
vn -0.79229 0.47435 -0.38376
vn -0.84188 0.35348 -0.40778
vn -0.87494 0.23426 -0.42379
vn -0.89384 0.11666 -0.43294
vn -0.89999 0.00000 -0.43592
vn -0.89384 -0.11666 -0.43294
vn -0.87494 -0.23426 -0.42379
vn -0.84188 -0.35348 -0.40778
vn -0.79229 -0.47435 -0.38376
vn -0.72288 -0.59569 -0.35014
vn -0.62981 -0.71434 -0.30506
vn -0.50963 -0.82422 -0.24685
vn -0.36116 -0.91595 -0.17493
vn -0.18796 -0.97795 -0.09104
vn -0.00000 -1.00000 -0.00000
vn 0.00000 1.00000 0.00000
vn -0.15595 0.98099 -0.11547
vn -0.30219 0.92662 -0.22374
vn -0.43146 0.84367 -0.31946
vn -0.54005 0.74058 -0.39986
vn -0.62735 0.62504 -0.46450
vn -0.69468 0.50286 -0.51435
vn -0.74413 0.37776 -0.55096
vn -0.77779 0.25179 -0.57588
vn -0.79730 0.12581 -0.59033
vn -0.80368 0.00000 -0.59506
vn -0.79730 -0.12581 -0.59033
vn -0.77779 -0.25179 -0.57588
vn -0.74413 -0.37776 -0.55096
vn -0.69468 -0.50286 -0.51435
vn -0.62735 -0.62504 -0.46450
vn -0.54005 -0.74058 -0.39986
vn -0.43146 -0.84367 -0.31946
vn -0.30219 -0.92662 -0.22374
vn -0.15595 -0.98099 -0.11547
vn -0.00000 -1.00000 -0.00000
vn 0.00000 1.00000 0.00000
vn -0.11688 0.98393 -0.13496
vn -0.22838 0.93718 -0.26371
vn -0.33003 0.86363 -0.38109
vn -0.41881 0.76859 -0.48360
vn -0.49320 0.65760 -0.56949
vn -0.55285 0.53556 -0.63838
vn -0.59816 0.40637 -0.69070
vn -0.62981 0.27285 -0.72725
vn -0.64849 0.13695 -0.74881
vn -0.65465 0.00000 -0.75593
vn -0.64849 -0.13695 -0.74881
vn -0.62981 -0.27285 -0.72725
vn -0.59816 -0.40637 -0.69070
vn -0.55285 -0.53556 -0.63838
vn -0.49320 -0.65760 -0.56949
vn -0.41881 -0.76859 -0.48360
vn -0.33003 -0.86363 -0.38109
vn -0.22838 -0.93718 -0.26371
vn -0.11688 -0.98393 -0.13496
vn -0.00000 -1.00000 -0.00000
vn 0.00000 1.00000 0.00000
vn -0.07241 0.98625 -0.14856
vn -0.14243 0.94568 -0.29223
vn -0.20789 0.88024 -0.42656
vn -0.26700 0.79283 -0.54783
vn -0.31840 0.68691 -0.65329
vn -0.36116 0.56609 -0.74102
vn -0.39472 0.43390 -0.80989
vn -0.41881 0.29358 -0.85931
vn -0.43329 0.14805 -0.88901
vn -0.43811 0.00000 -0.89892
vn -0.43329 -0.14805 -0.88901
vn -0.41881 -0.29358 -0.85931
vn -0.39472 -0.43390 -0.80989
vn -0.36116 -0.56609 -0.74102
vn -0.31840 -0.68691 -0.65329
vn -0.26700 -0.79283 -0.54783
vn -0.20789 -0.88024 -0.42656
vn -0.14243 -0.94568 -0.29223
vn -0.07241 -0.98625 -0.14856
vn -0.00000 -1.00000 -0.00000
vn 0.00000 1.00000 0.00000
vn -0.02452 0.98752 -0.15555
vn -0.04842 0.95044 -0.30712
vn -0.07108 0.88976 -0.45087
vn -0.09194 0.80711 -0.58319
vn -0.11049 0.70470 -0.70084
vn -0.12628 0.58518 -0.80101
vn -0.13895 0.45155 -0.88136
vn -0.14821 0.30713 -0.94006
vn -0.15384 0.15540 -0.97580
vn -0.15573 0.00000 -0.98780
vn -0.15384 -0.15540 -0.97580
vn -0.14821 -0.30713 -0.94006
vn -0.13895 -0.45155 -0.88136
vn -0.12628 -0.58518 -0.80101
vn -0.11049 -0.70470 -0.70084
vn -0.09194 -0.80711 -0.58319
vn -0.07108 -0.88976 -0.45087
vn -0.04842 -0.95044 -0.30712
vn -0.02452 -0.98752 -0.15555
vn -0.00000 -1.00000 -0.00000
vn 0.00000 1.00000 0.00000
vn 0.02452 0.98752 -0.15555
vn 0.04842 0.95044 -0.30712
vn 0.07108 0.88976 -0.45087
vn 0.09194 0.80711 -0.58319
vn 0.11049 0.70470 -0.70084
vn 0.12628 0.58518 -0.80101
vn 0.13895 0.45155 -0.88136
vn 0.14821 0.30713 -0.94006
vn 0.15384 0.15540 -0.97580
vn 0.15573 0.00000 -0.98780
vn 0.15384 -0.15540 -0.97580
vn 0.14821 -0.30713 -0.94006
vn 0.13895 -0.45155 -0.88136
vn 0.12628 -0.58518 -0.80101
vn 0.11049 -0.70470 -0.70084
vn 0.09194 -0.80711 -0.58319
vn 0.07108 -0.88976 -0.45087
vn 0.04842 -0.95044 -0.30712
vn 0.02452 -0.98752 -0.15555
vn 0.00000 -1.00000 -0.00000
vn 0.00000 1.00000 0.00000
vn 0.07241 0.98625 -0.14856
vn 0.14243 0.94568 -0.29223
vn 0.20789 0.88024 -0.42656
vn 0.26700 0.79283 -0.54783
vn 0.31840 0.68691 -0.65329
vn 0.36116 0.56609 -0.74102
vn 0.39472 0.43390 -0.80989
vn 0.41881 0.29358 -0.85931
vn 0.43329 0.14805 -0.88901
vn 0.43811 0.00000 -0.89892
vn 0.43329 -0.14805 -0.88901
vn 0.41881 -0.29358 -0.85931
vn 0.39472 -0.43390 -0.80989
vn 0.36116 -0.56609 -0.74102
vn 0.31840 -0.68691 -0.65329
vn 0.26700 -0.79283 -0.54783
vn 0.20789 -0.88024 -0.42656
vn 0.14243 -0.94568 -0.29223
vn 0.07241 -0.98625 -0.14856
vn 0.00000 -1.00000 -0.00000
vn 0.00000 1.00000 0.00000
vn 0.11688 0.98393 -0.13496
vn 0.22838 0.93718 -0.26371
vn 0.33003 0.86363 -0.38109
vn 0.41881 0.76859 -0.48360
vn 0.49320 0.65760 -0.56949
vn 0.55285 0.53556 -0.63838
vn 0.59816 0.40637 -0.69070
vn 0.62981 0.27285 -0.72725
vn 0.64849 0.13695 -0.74881
vn 0.65465 0.00000 -0.75593
vn 0.64849 -0.13695 -0.74881
vn 0.62981 -0.27285 -0.72725
vn 0.59816 -0.40637 -0.69070
vn 0.55285 -0.53556 -0.63838
vn 0.49320 -0.65760 -0.56949
vn 0.41881 -0.76859 -0.48360
vn 0.33003 -0.86363 -0.38109
vn 0.22838 -0.93718 -0.26371
vn 0.11688 -0.98393 -0.13496
vn 0.00000 -1.00000 -0.00000
vn 0.00000 1.00000 0.00000
vn 0.15595 0.98099 -0.11547
vn 0.30219 0.92662 -0.22374
vn 0.43146 0.84367 -0.31946
vn 0.54005 0.74058 -0.39986
vn 0.62735 0.62504 -0.46450
vn 0.69468 0.50286 -0.51435
vn 0.74413 0.37776 -0.55096
vn 0.77779 0.25179 -0.57588
vn 0.79730 0.12581 -0.59033
vn 0.80368 0.00000 -0.59506
vn 0.79730 -0.12581 -0.59033
vn 0.77779 -0.25179 -0.57588
vn 0.74413 -0.37776 -0.55096
vn 0.69468 -0.50286 -0.51435
vn 0.62735 -0.62504 -0.46450
vn 0.54005 -0.74058 -0.39986
vn 0.43146 -0.84367 -0.31946
vn 0.30219 -0.92662 -0.22374
vn 0.15595 -0.98099 -0.11547
vn 0.00000 -1.00000 -0.00000
vn 0.00000 1.00000 0.00000
vn 0.18796 0.97795 -0.09104
vn 0.36116 0.91595 -0.17493
vn 0.50963 0.82422 -0.24685
vn 0.62981 0.71434 -0.30506
vn 0.72288 0.59569 -0.35014
vn 0.79229 0.47435 -0.38376
vn 0.84188 0.35348 -0.40778
vn 0.87494 0.23426 -0.42379
vn 0.89384 0.11666 -0.43294
vn 0.89999 0.00000 -0.43592
vn 0.89384 -0.11666 -0.43294
vn 0.87494 -0.23426 -0.42379
vn 0.84188 -0.35348 -0.40778
vn 0.79229 -0.47435 -0.38376
vn 0.72288 -0.59569 -0.35014
vn 0.62981 -0.71434 -0.30506
vn 0.50963 -0.82422 -0.24685
vn 0.36116 -0.91595 -0.17493
vn 0.18796 -0.97795 -0.09104
vn 0.00000 -1.00000 -0.00000
vn 0.00000 1.00000 0.00000
vn 0.21168 0.97532 -0.06283
vn 0.40382 0.90695 -0.11986
vn 0.56439 0.80833 -0.16752
vn 0.69056 0.69362 -0.20497
vn 0.78552 0.57324 -0.23316
vn 0.85460 0.45311 -0.25366
vn 0.90301 0.33577 -0.26803
vn 0.93481 0.22166 -0.27747
vn 0.95283 0.11013 -0.28282
vn 0.95866 0.00000 -0.28455
vn 0.95283 -0.11013 -0.28282
vn 0.93481 -0.22166 -0.27747
vn 0.90301 -0.33577 -0.26803
vn 0.85460 -0.45311 -0.25366
vn 0.78552 -0.57324 -0.23316
vn 0.69056 -0.69362 -0.20497
vn 0.56439 -0.80833 -0.16752
vn 0.40382 -0.90695 -0.11986
vn 0.21168 -0.97532 -0.06283
vn 0.00000 -1.00000 -0.00000
vn 0.00000 1.00000 0.00000
vn 0.22624 0.97354 -0.03206
vn 0.42953 0.90100 -0.06087
vn 0.59662 0.79806 -0.08454
vn 0.72546 0.68054 -0.10280
vn 0.82072 0.55937 -0.11630
vn 0.88901 0.44022 -0.12598
vn 0.93631 0.32515 -0.13268
vn 0.96713 0.21417 -0.13705
vn 0.98450 0.10628 -0.13951
vn 0.99011 0.00000 -0.14030
vn 0.98450 -0.10628 -0.13951
vn 0.96713 -0.21417 -0.13705
vn 0.93631 -0.32515 -0.13268
vn 0.88901 -0.44022 -0.12598
vn 0.82072 -0.55937 -0.11630
vn 0.72546 -0.68054 -0.10280
vn 0.59662 -0.79806 -0.08454
vn 0.42953 -0.90100 -0.06087
vn 0.22624 -0.97354 -0.03206
vn 0.00000 -1.00000 -0.00000
vn 0.00000 1.00000 0.00000
vn 0.23114 0.97292 -0.00000
vn 0.43811 0.89892 -0.00000
vn 0.60724 0.79452 -0.00000
vn 0.73682 0.67609 -0.00000
vn 0.83205 0.55470 -0.00000
vn 0.89999 0.43592 -0.00000
vn 0.94686 0.32163 -0.00000
vn 0.97733 0.21170 -0.00000
vn 0.99447 0.10501 -0.00000
vn 1.00000 0.00000 -0.00000
vn 0.99447 -0.10501 -0.00000
vn 0.97733 -0.21170 -0.00000
vn 0.94686 -0.32163 -0.00000
vn 0.89999 -0.43592 -0.00000
vn 0.83205 -0.55470 -0.00000
vn 0.73682 -0.67609 -0.00000
vn 0.60724 -0.79452 -0.00000
vn 0.43811 -0.89892 -0.00000
vn 0.23114 -0.97292 -0.00000
vn 0.00000 -1.00000 -0.00000
f 1/1/1 16/16/16 17/17/17
f 1/1/1 17/17/17 2/2/2
f 2/2/2 17/17/17 18/18/18
f 2/2/2 18/18/18 3/3/3
f 3/3/3 18/18/18 19/19/19
f 3/3/3 19/19/19 4/4/4
f 4/4/4 19/19/19 20/20/20
f 4/4/4 20/20/20 5/5/5
f 5/5/5 20/20/20 21/21/21
f 5/5/5 21/21/21 6/6/6
f 6/6/6 21/21/21 22/22/22
f 6/6/6 22/22/22 7/7/7
f 7/7/7 22/22/22 23/23/23
f 7/7/7 23/23/23 8/8/8
f 8/8/8 23/23/23 24/24/24
f 8/8/8 24/24/24 9/9/9
f 9/9/9 24/24/24 25/25/25
f 9/9/9 25/25/25 10/10/10
f 10/10/10 25/25/25 26/26/26
f 10/10/10 26/26/26 11/11/11
f 11/11/11 26/26/26 27/27/27
f 11/11/11 27/27/27 12/12/12
f 12/12/12 27/27/27 28/28/28
f 12/12/12 28/28/28 13/13/13
f 13/13/13 28/28/28 29/29/29
f 13/13/13 29/29/29 14/14/14
f 14/14/14 29/29/29 30/30/30
f 14/14/14 30/30/30 15/15/15
f 16/16/16 31/31/31 32/32/32
f 16/16/16 32/32/32 17/17/17
f 17/17/17 32/32/32 33/33/33
f 17/17/17 33/33/33 18/18/18
f 18/18/18 33/33/33 34/34/34
f 18/18/18 34/34/34 19/19/19
f 19/19/19 34/34/34 35/35/35
f 19/19/19 35/35/35 20/20/20
f 20/20/20 35/35/35 36/36/36
f 20/20/20 36/36/36 21/21/21
f 21/21/21 36/36/36 37/37/37
f 21/21/21 37/37/37 22/22/22
f 22/22/22 37/37/37 38/38/38
f 22/22/22 38/38/38 23/23/23
f 23/23/23 38/38/38 39/39/39
f 23/23/23 39/39/39 24/24/24
f 24/24/24 39/39/39 40/40/40
f 24/24/24 40/40/40 25/25/25
f 25/25/25 40/40/40 41/41/41
f 25/25/25 41/41/41 26/26/26
f 26/26/26 41/41/41 42/42/42
f 26/26/26 42/42/42 27/27/27
f 27/27/27 42/42/42 43/43/43
f 27/27/27 43/43/43 28/28/28
f 28/28/28 43/43/43 44/44/44
f 28/28/28 44/44/44 29/29/29
f 29/29/29 44/44/44 45/45/45
f 29/29/29 45/45/45 30/30/30
f 31/31/31 46/46/46 47/47/47
f 31/31/31 47/47/47 32/32/32
f 32/32/32 47/47/47 48/48/48
f 32/32/32 48/48/48 33/33/33
f 33/33/33 48/48/48 49/49/49
f 33/33/33 49/49/49 34/34/34
f 34/34/34 49/49/49 50/50/50
f 34/34/34 50/50/50 35/35/35
f 35/35/35 50/50/50 51/51/51
f 35/35/35 51/51/51 36/36/36
f 36/36/36 51/51/51 52/52/52
f 36/36/36 52/52/52 37/37/37
f 37/37/37 52/52/52 53/53/53
f 37/37/37 53/53/53 38/38/38
f 38/38/38 53/53/53 54/54/54
f 38/38/38 54/54/54 39/39/39
f 39/39/39 54/54/54 55/55/55
f 39/39/39 55/55/55 40/40/40
f 40/40/40 55/55/55 56/56/56
f 40/40/40 56/56/56 41/41/41
f 41/41/41 56/56/56 57/57/57
f 41/41/41 57/57/57 42/42/42
f 42/42/42 57/57/57 58/58/58
f 42/42/42 58/58/58 43/43/43
f 43/43/43 58/58/58 59/59/59
f 43/43/43 59/59/59 44/44/44
f 44/44/44 59/59/59 60/60/60
f 44/44/44 60/60/60 45/45/45
f 46/46/46 61/61/61 62/62/62
f 46/46/46 62/62/62 47/47/47
f 47/47/47 62/62/62 63/63/63
f 47/47/47 63/63/63 48/48/48
f 48/48/48 63/63/63 64/64/64
f 48/48/48 64/64/64 49/49/49
f 49/49/49 64/64/64 65/65/65
f 49/49/49 65/65/65 50/50/50
f 50/50/50 65/65/65 66/66/66
f 50/50/50 66/66/66 51/51/51
f 51/51/51 66/66/66 67/67/67
f 51/51/51 67/67/67 52/52/52
f 52/52/52 67/67/67 68/68/68
f 52/52/52 68/68/68 53/53/53
f 53/53/53 68/68/68 69/69/69
f 53/53/53 69/69/69 54/54/54
f 54/54/54 69/69/69 70/70/70
f 54/54/54 70/70/70 55/55/55
f 55/55/55 70/70/70 71/71/71
f 55/55/55 71/71/71 56/56/56
f 56/56/56 71/71/71 72/72/72
f 56/56/56 72/72/72 57/57/57
f 57/57/57 72/72/72 73/73/73
f 57/57/57 73/73/73 58/58/58
f 58/58/58 73/73/73 74/74/74
f 58/58/58 74/74/74 59/59/59
f 59/59/59 74/74/74 75/75/75
f 59/59/59 75/75/75 60/60/60
f 61/61/61 76/76/76 77/77/77
f 61/61/61 77/77/77 62/62/62
f 62/62/62 77/77/77 78/78/78
f 62/62/62 78/78/78 63/63/63
f 63/63/63 78/78/78 79/79/79
f 63/63/63 79/79/79 64/64/64
f 64/64/64 79/79/79 80/80/80
f 64/64/64 80/80/80 65/65/65
f 65/65/65 80/80/80 81/81/81
f 65/65/65 81/81/81 66/66/66
f 66/66/66 81/81/81 82/82/82
f 66/66/66 82/82/82 67/67/67
f 67/67/67 82/82/82 83/83/83
f 67/67/67 83/83/83 68/68/68
f 68/68/68 83/83/83 84/84/84
f 68/68/68 84/84/84 69/69/69
f 69/69/69 84/84/84 85/85/85
f 69/69/69 85/85/85 70/70/70
f 70/70/70 85/85/85 86/86/86
f 70/70/70 86/86/86 71/71/71
f 71/71/71 86/86/86 87/87/87
f 71/71/71 87/87/87 72/72/72
f 72/72/72 87/87/87 88/88/88
f 72/72/72 88/88/88 73/73/73
f 73/73/73 88/88/88 89/89/89
f 73/73/73 89/89/89 74/74/74
f 74/74/74 89/89/89 90/90/90
f 74/74/74 90/90/90 75/75/75
f 76/76/76 91/91/91 92/92/92
f 76/76/76 92/92/92 77/77/77
f 77/77/77 92/92/92 93/93/93
f 77/77/77 93/93/93 78/78/78
f 78/78/78 93/93/93 94/94/94
f 78/78/78 94/94/94 79/79/79
f 79/79/79 94/94/94 95/95/95
f 79/79/79 95/95/95 80/80/80
f 80/80/80 95/95/95 96/96/96
f 80/80/80 96/96/96 81/81/81
f 81/81/81 96/96/96 97/97/97
f 81/81/81 97/97/97 82/82/82
f 82/82/82 97/97/97 98/98/98
f 82/82/82 98/98/98 83/83/83
f 83/83/83 98/98/98 99/99/99
f 83/83/83 99/99/99 84/84/84
f 84/84/84 99/99/99 100/100/100
f 84/84/84 100/100/100 85/85/85
f 85/85/85 100/100/100 101/101/101
f 85/85/85 101/101/101 86/86/86
f 86/86/86 101/101/101 102/102/102
f 86/86/86 102/102/102 87/87/87
f 87/87/87 102/102/102 103/103/103
f 87/87/87 103/103/103 88/88/88
f 88/88/88 103/103/103 104/104/104
f 88/88/88 104/104/104 89/89/89
f 89/89/89 104/104/104 105/105/105
f 89/89/89 105/105/105 90/90/90
f 91/91/91 106/106/106 107/107/107
f 91/91/91 107/107/107 92/92/92
f 92/92/92 107/107/107 108/108/108
f 92/92/92 108/108/108 93/93/93
f 93/93/93 108/108/108 109/109/109
f 93/93/93 109/109/109 94/94/94
f 94/94/94 109/109/109 110/110/110
f 94/94/94 110/110/110 95/95/95
f 95/95/95 110/110/110 111/111/111
f 95/95/95 111/111/111 96/96/96
f 96/96/96 111/111/111 112/112/112
f 96/96/96 112/112/112 97/97/97
f 97/97/97 112/112/112 113/113/113
f 97/97/97 113/113/113 98/98/98
f 98/98/98 113/113/113 114/114/114
f 98/98/98 114/114/114 99/99/99
f 99/99/99 114/114/114 115/115/115
f 99/99/99 115/115/115 100/100/100
f 100/100/100 115/115/115 116/116/116
f 100/100/100 116/116/116 101/101/101
f 101/101/101 116/116/116 117/117/117
f 101/101/101 117/117/117 102/102/102
f 102/102/102 117/117/117 118/118/118
f 102/102/102 118/118/118 103/103/103
f 103/103/103 118/118/118 119/119/119
f 103/103/103 119/119/119 104/104/104
f 104/104/104 119/119/119 120/120/120
f 104/104/104 120/120/120 105/105/105
f 106/106/106 121/121/121 122/122/122
f 106/106/106 122/122/122 107/107/107
f 107/107/107 122/122/122 123/123/123
f 107/107/107 123/123/123 108/108/108
f 108/108/108 123/123/123 124/124/124
f 108/108/108 124/124/124 109/109/109
f 109/109/109 124/124/124 125/125/125
f 109/109/109 125/125/125 110/110/110
f 110/110/110 125/125/125 126/126/126
f 110/110/110 126/126/126 111/111/111
f 111/111/111 126/126/126 127/127/127
f 111/111/111 127/127/127 112/112/112
f 112/112/112 127/127/127 128/128/128
f 112/112/112 128/128/128 113/113/113
f 113/113/113 128/128/128 129/129/129
f 113/113/113 129/129/129 114/114/114
f 114/114/114 129/129/129 130/130/130
f 114/114/114 130/130/130 115/115/115
f 115/115/115 130/130/130 131/131/131
f 115/115/115 131/131/131 116/116/116
f 116/116/116 131/131/131 132/132/132
f 116/116/116 132/132/132 117/117/117
f 117/117/117 132/132/132 133/133/133
f 117/117/117 133/133/133 118/118/118
f 118/118/118 133/133/133 134/134/134
f 118/118/118 134/134/134 119/119/119
f 119/119/119 134/134/134 135/135/135
f 119/119/119 135/135/135 120/120/120
f 121/121/121 136/136/136 137/137/137
f 121/121/121 137/137/137 122/122/122
f 122/122/122 137/137/137 138/138/138
f 122/122/122 138/138/138 123/123/123
f 123/123/123 138/138/138 139/139/139
f 123/123/123 139/139/139 124/124/124
f 124/124/124 139/139/139 140/140/140
f 124/124/124 140/140/140 125/125/125
f 125/125/125 140/140/140 141/141/141
f 125/125/125 141/141/141 126/126/126
f 126/126/126 141/141/141 142/142/142
f 126/126/126 142/142/142 127/127/127
f 127/127/127 142/142/142 143/143/143
f 127/127/127 143/143/143 128/128/128
f 128/128/128 143/143/143 144/144/144
f 128/128/128 144/144/144 129/129/129
f 129/129/129 144/144/144 145/145/145
f 129/129/129 145/145/145 130/130/130
f 130/130/130 145/145/145 146/146/146
f 130/130/130 146/146/146 131/131/131
f 131/131/131 146/146/146 147/147/147
f 131/131/131 147/147/147 132/132/132
f 132/132/132 147/147/147 148/148/148
f 132/132/132 148/148/148 133/133/133
f 133/133/133 148/148/148 149/149/149
f 133/133/133 149/149/149 134/134/134
f 134/134/134 149/149/149 150/150/150
f 134/134/134 150/150/150 135/135/135
f 136/136/136 151/151/151 152/152/152
f 136/136/136 152/152/152 137/137/137
f 137/137/137 152/152/152 153/153/153
f 137/137/137 153/153/153 138/138/138
f 138/138/138 153/153/153 154/154/154
f 138/138/138 154/154/154 139/139/139
f 139/139/139 154/154/154 155/155/155
f 139/139/139 155/155/155 140/140/140
f 140/140/140 155/155/155 156/156/156
f 140/140/140 156/156/156 141/141/141
f 141/141/141 156/156/156 157/157/157
f 141/141/141 157/157/157 142/142/142
f 142/142/142 157/157/157 158/158/158
f 142/142/142 158/158/158 143/143/143
f 143/143/143 158/158/158 159/159/159
f 143/143/143 159/159/159 144/144/144
f 144/144/144 159/159/159 160/160/160
f 144/144/144 160/160/160 145/145/145
f 145/145/145 160/160/160 161/161/161
f 145/145/145 161/161/161 146/146/146
f 146/146/146 161/161/161 162/162/162
f 146/146/146 162/162/162 147/147/147
f 147/147/147 162/162/162 163/163/163
f 147/147/147 163/163/163 148/148/148
f 148/148/148 163/163/163 164/164/164
f 148/148/148 164/164/164 149/149/149
f 149/149/149 164/164/164 165/165/165
f 149/149/149 165/165/165 150/150/150
f 151/151/151 166/166/166 167/167/167
f 151/151/151 167/167/167 152/152/152
f 152/152/152 167/167/167 168/168/168
f 152/152/152 168/168/168 153/153/153
f 153/153/153 168/168/168 169/169/169
f 153/153/153 169/169/169 154/154/154
f 154/154/154 169/169/169 170/170/170
f 154/154/154 170/170/170 155/155/155
f 155/155/155 170/170/170 171/171/171
f 155/155/155 171/171/171 156/156/156
f 156/156/156 171/171/171 172/172/172
f 156/156/156 172/172/172 157/157/157
f 157/157/157 172/172/172 173/173/173
f 157/157/157 173/173/173 158/158/158
f 158/158/158 173/173/173 174/174/174
f 158/158/158 174/174/174 159/159/159
f 159/159/159 174/174/174 175/175/175
f 159/159/159 175/175/175 160/160/160
f 160/160/160 175/175/175 176/176/176
f 160/160/160 176/176/176 161/161/161
f 161/161/161 176/176/176 177/177/177
f 161/161/161 177/177/177 162/162/162
f 162/162/162 177/177/177 178/178/178
f 162/162/162 178/178/178 163/163/163
f 163/163/163 178/178/178 179/179/179
f 163/163/163 179/179/179 164/164/164
f 164/164/164 179/179/179 180/180/180
f 164/164/164 180/180/180 165/165/165
f 166/166/166 181/181/181 182/182/182
f 166/166/166 182/182/182 167/167/167
f 167/167/167 182/182/182 183/183/183
f 167/167/167 183/183/183 168/168/168
f 168/168/168 183/183/183 184/184/184
f 168/168/168 184/184/184 169/169/169
f 169/169/169 184/184/184 185/185/185
f 169/169/169 185/185/185 170/170/170
f 170/170/170 185/185/185 186/186/186
f 170/170/170 186/186/186 171/171/171
f 171/171/171 186/186/186 187/187/187
f 171/171/171 187/187/187 172/172/172
f 172/172/172 187/187/187 188/188/188
f 172/172/172 188/188/188 173/173/173
f 173/173/173 188/188/188 189/189/189
f 173/173/173 189/189/189 174/174/174
f 174/174/174 189/189/189 190/190/190
f 174/174/174 190/190/190 175/175/175
f 175/175/175 190/190/190 191/191/191
f 175/175/175 191/191/191 176/176/176
f 176/176/176 191/191/191 192/192/192
f 176/176/176 192/192/192 177/177/177
f 177/177/177 192/192/192 193/193/193
f 177/177/177 193/193/193 178/178/178
f 178/178/178 193/193/193 194/194/194
f 178/178/178 194/194/194 179/179/179
f 179/179/179 194/194/194 195/195/195
f 179/179/179 195/195/195 180/180/180
f 181/181/181 196/196/196 197/197/197
f 181/181/181 197/197/197 182/182/182
f 182/182/182 197/197/197 198/198/198
f 182/182/182 198/198/198 183/183/183
f 183/183/183 198/198/198 199/199/199
f 183/183/183 199/199/199 184/184/184
f 184/184/184 199/199/199 200/200/200
f 184/184/184 200/200/200 185/185/185
f 185/185/185 200/200/200 201/201/201
f 185/185/185 201/201/201 186/186/186
f 186/186/186 201/201/201 202/202/202
f 186/186/186 202/202/202 187/187/187
f 187/187/187 202/202/202 203/203/203
f 187/187/187 203/203/203 188/188/188
f 188/188/188 203/203/203 204/204/204
f 188/188/188 204/204/204 189/189/189
f 189/189/189 204/204/204 205/205/205
f 189/189/189 205/205/205 190/190/190
f 190/190/190 205/205/205 206/206/206
f 190/190/190 206/206/206 191/191/191
f 191/191/191 206/206/206 207/207/207
f 191/191/191 207/207/207 192/192/192
f 192/192/192 207/207/207 208/208/208
f 192/192/192 208/208/208 193/193/193
f 193/193/193 208/208/208 209/209/209
f 193/193/193 209/209/209 194/194/194
f 194/194/194 209/209/209 210/210/210
f 194/194/194 210/210/210 195/195/195
f 196/196/196 211/211/211 212/212/212
f 196/196/196 212/212/212 197/197/197
f 197/197/197 212/212/212 213/213/213
f 197/197/197 213/213/213 198/198/198
f 198/198/198 213/213/213 214/214/214
f 198/198/198 214/214/214 199/199/199
f 199/199/199 214/214/214 215/215/215
f 199/199/199 215/215/215 200/200/200
f 200/200/200 215/215/215 216/216/216
f 200/200/200 216/216/216 201/201/201
f 201/201/201 216/216/216 217/217/217
f 201/201/201 217/217/217 202/202/202
f 202/202/202 217/217/217 218/218/218
f 202/202/202 218/218/218 203/203/203
f 203/203/203 218/218/218 219/219/219
f 203/203/203 219/219/219 204/204/204
f 204/204/204 219/219/219 220/220/220
f 204/204/204 220/220/220 205/205/205
f 205/205/205 220/220/220 221/221/221
f 205/205/205 221/221/221 206/206/206
f 206/206/206 221/221/221 222/222/222
f 206/206/206 222/222/222 207/207/207
f 207/207/207 222/222/222 223/223/223
f 207/207/207 223/223/223 208/208/208
f 208/208/208 223/223/223 224/224/224
f 208/208/208 224/224/224 209/209/209
f 209/209/209 224/224/224 225/225/225
f 209/209/209 225/225/225 210/210/210
f 211/211/211 226/226/226 227/227/227
f 211/211/211 227/227/227 212/212/212
f 212/212/212 227/227/227 228/228/228
f 212/212/212 228/228/228 213/213/213
f 213/213/213 228/228/228 229/229/229
f 213/213/213 229/229/229 214/214/214
f 214/214/214 229/229/229 230/230/230
f 214/214/214 230/230/230 215/215/215
f 215/215/215 230/230/230 231/231/231
f 215/215/215 231/231/231 216/216/216
f 216/216/216 231/231/231 232/232/232
f 216/216/216 232/232/232 217/217/217
f 217/217/217 232/232/232 233/233/233
f 217/217/217 233/233/233 218/218/218
f 218/218/218 233/233/233 234/234/234
f 218/218/218 234/234/234 219/219/219
f 219/219/219 234/234/234 235/235/235
f 219/219/219 235/235/235 220/220/220
f 220/220/220 235/235/235 236/236/236
f 220/220/220 236/236/236 221/221/221
f 221/221/221 236/236/236 237/237/237
f 221/221/221 237/237/237 222/222/222
f 222/222/222 237/237/237 238/238/238
f 222/222/222 238/238/238 223/223/223
f 223/223/223 238/238/238 239/239/239
f 223/223/223 239/239/239 224/224/224
f 224/224/224 239/239/239 240/240/240
f 224/224/224 240/240/240 225/225/225
f 226/226/226 241/241/241 242/242/242
f 226/226/226 242/242/242 227/227/227
f 227/227/227 242/242/242 243/243/243
f 227/227/227 243/243/243 228/228/228
f 228/228/228 243/243/243 244/244/244
f 228/228/228 244/244/244 229/229/229
f 229/229/229 244/244/244 245/245/245
f 229/229/229 245/245/245 230/230/230
f 230/230/230 245/245/245 246/246/246
f 230/230/230 246/246/246 231/231/231
f 231/231/231 246/246/246 247/247/247
f 231/231/231 247/247/247 232/232/232
f 232/232/232 247/247/247 248/248/248
f 232/232/232 248/248/248 233/233/233
f 233/233/233 248/248/248 249/249/249
f 233/233/233 249/249/249 234/234/234
f 234/234/234 249/249/249 250/250/250
f 234/234/234 250/250/250 235/235/235
f 235/235/235 250/250/250 251/251/251
f 235/235/235 251/251/251 236/236/236
f 236/236/236 251/251/251 252/252/252
f 236/236/236 252/252/252 237/237/237
f 237/237/237 252/252/252 253/253/253
f 237/237/237 253/253/253 238/238/238
f 238/238/238 253/253/253 254/254/254
f 238/238/238 254/254/254 239/239/239
f 239/239/239 254/254/254 255/255/255
f 239/239/239 255/255/255 240/240/240
f 241/241/241 256/256/256 257/257/257
f 241/241/241 257/257/257 242/242/242
f 242/242/242 257/257/257 258/258/258
f 242/242/242 258/258/258 243/243/243
f 243/243/243 258/258/258 259/259/259
f 243/243/243 259/259/259 244/244/244
f 244/244/244 259/259/259 260/260/260
f 244/244/244 260/260/260 245/245/245
f 245/245/245 260/260/260 261/261/261
f 245/245/245 261/261/261 246/246/246
f 246/246/246 261/261/261 262/262/262
f 246/246/246 262/262/262 247/247/247
f 247/247/247 262/262/262 263/263/263
f 247/247/247 263/263/263 248/248/248
f 248/248/248 263/263/263 264/264/264
f 248/248/248 264/264/264 249/249/249
f 249/249/249 264/264/264 265/265/265
f 249/249/249 265/265/265 250/250/250
f 250/250/250 265/265/265 266/266/266
f 250/250/250 266/266/266 251/251/251
f 251/251/251 266/266/266 267/267/267
f 251/251/251 267/267/267 252/252/252
f 252/252/252 267/267/267 268/268/268
f 252/252/252 268/268/268 253/253/253
f 253/253/253 268/268/268 269/269/269
f 253/253/253 269/269/269 254/254/254
f 254/254/254 269/269/269 270/270/270
f 254/254/254 270/270/270 255/255/255
f 256/256/256 271/271/271 272/272/272
f 256/256/256 272/272/272 257/257/257
f 257/257/257 272/272/272 273/273/273
f 257/257/257 273/273/273 258/258/258
f 258/258/258 273/273/273 274/274/274
f 258/258/258 274/274/274 259/259/259
f 259/259/259 274/274/274 275/275/275
f 259/259/259 275/275/275 260/260/260
f 260/260/260 275/275/275 276/276/276
f 260/260/260 276/276/276 261/261/261
f 261/261/261 276/276/276 277/277/277
f 261/261/261 277/277/277 262/262/262
f 262/262/262 277/277/277 278/278/278
f 262/262/262 278/278/278 263/263/263
f 263/263/263 278/278/278 279/279/279
f 263/263/263 279/279/279 264/264/264
f 264/264/264 279/279/279 280/280/280
f 264/264/264 280/280/280 265/265/265
f 265/265/265 280/280/280 281/281/281
f 265/265/265 281/281/281 266/266/266
f 266/266/266 281/281/281 282/282/282
f 266/266/266 282/282/282 267/267/267
f 267/267/267 282/282/282 283/283/283
f 267/267/267 283/283/283 268/268/268
f 268/268/268 283/283/283 284/284/284
f 268/268/268 284/284/284 269/269/269
f 269/269/269 284/284/284 285/285/285
f 269/269/269 285/285/285 270/270/270
f 271/271/271 286/286/286 287/287/287
f 271/271/271 287/287/287 272/272/272
f 272/272/272 287/287/287 288/288/288
f 272/272/272 288/288/288 273/273/273
f 273/273/273 288/288/288 289/289/289
f 273/273/273 289/289/289 274/274/274
f 274/274/274 289/289/289 290/290/290
f 274/274/274 290/290/290 275/275/275
f 275/275/275 290/290/290 291/291/291
f 275/275/275 291/291/291 276/276/276
f 276/276/276 291/291/291 292/292/292
f 276/276/276 292/292/292 277/277/277
f 277/277/277 292/292/292 293/293/293
f 277/277/277 293/293/293 278/278/278
f 278/278/278 293/293/293 294/294/294
f 278/278/278 294/294/294 279/279/279
f 279/279/279 294/294/294 295/295/295
f 279/279/279 295/295/295 280/280/280
f 280/280/280 295/295/295 296/296/296
f 280/280/280 296/296/296 281/281/281
f 281/281/281 296/296/296 297/297/297
f 281/281/281 297/297/297 282/282/282
f 282/282/282 297/297/297 298/298/298
f 282/282/282 298/298/298 283/283/283
f 283/283/283 298/298/298 299/299/299
f 283/283/283 299/299/299 284/284/284
f 284/284/284 299/299/299 300/300/300
f 284/284/284 300/300/300 285/285/285
f 286/286/286 301/301/301 302/302/302
f 286/286/286 302/302/302 287/287/287
f 287/287/287 302/302/302 303/303/303
f 287/287/287 303/303/303 288/288/288
f 288/288/288 303/303/303 304/304/304
f 288/288/288 304/304/304 289/289/289
f 289/289/289 304/304/304 305/305/305
f 289/289/289 305/305/305 290/290/290
f 290/290/290 305/305/305 306/306/306
f 290/290/290 306/306/306 291/291/291
f 291/291/291 306/306/306 307/307/307
f 291/291/291 307/307/307 292/292/292
f 292/292/292 307/307/307 308/308/308
f 292/292/292 308/308/308 293/293/293
f 293/293/293 308/308/308 309/309/309
f 293/293/293 309/309/309 294/294/294
f 294/294/294 309/309/309 310/310/310
f 294/294/294 310/310/310 295/295/295
f 295/295/295 310/310/310 311/311/311
f 295/295/295 311/311/311 296/296/296
f 296/296/296 311/311/311 312/312/312
f 296/296/296 312/312/312 297/297/297
f 297/297/297 312/312/312 313/313/313
f 297/297/297 313/313/313 298/298/298
f 298/298/298 313/313/313 314/314/314
f 298/298/298 314/314/314 299/299/299
f 299/299/299 314/314/314 315/315/315
f 299/299/299 315/315/315 300/300/300
f 301/301/301 316/316/316 317/317/317
f 301/301/301 317/317/317 302/302/302
f 302/302/302 317/317/317 318/318/318
f 302/302/302 318/318/318 303/303/303
f 303/303/303 318/318/318 319/319/319
f 303/303/303 319/319/319 304/304/304
f 304/304/304 319/319/319 320/320/320
f 304/304/304 320/320/320 305/305/305
f 305/305/305 320/320/320 321/321/321
f 305/305/305 321/321/321 306/306/306
f 306/306/306 321/321/321 322/322/322
f 306/306/306 322/322/322 307/307/307
f 307/307/307 322/322/322 323/323/323
f 307/307/307 323/323/323 308/308/308
f 308/308/308 323/323/323 324/324/324
f 308/308/308 324/324/324 309/309/309
f 309/309/309 324/324/324 325/325/325
f 309/309/309 325/325/325 310/310/310
f 310/310/310 325/325/325 326/326/326
f 310/310/310 326/326/326 311/311/311
f 311/311/311 326/326/326 327/327/327
f 311/311/311 327/327/327 312/312/312
f 312/312/312 327/327/327 328/328/328
f 312/312/312 328/328/328 313/313/313
f 313/313/313 328/328/328 329/329/329
f 313/313/313 329/329/329 314/314/314
f 314/314/314 329/329/329 330/330/330
f 314/314/314 330/330/330 315/315/315
f 316/316/316 331/331/331 332/332/332
f 316/316/316 332/332/332 317/317/317
f 317/317/317 332/332/332 333/333/333
f 317/317/317 333/333/333 318/318/318
f 318/318/318 333/333/333 334/334/334
f 318/318/318 334/334/334 319/319/319
f 319/319/319 334/334/334 335/335/335
f 319/319/319 335/335/335 320/320/320
f 320/320/320 335/335/335 336/336/336
f 320/320/320 336/336/336 321/321/321
f 321/321/321 336/336/336 337/337/337
f 321/321/321 337/337/337 322/322/322
f 322/322/322 337/337/337 338/338/338
f 322/322/322 338/338/338 323/323/323
f 323/323/323 338/338/338 339/339/339
f 323/323/323 339/339/339 324/324/324
f 324/324/324 339/339/339 340/340/340
f 324/324/324 340/340/340 325/325/325
f 325/325/325 340/340/340 341/341/341
f 325/325/325 341/341/341 326/326/326
f 326/326/326 341/341/341 342/342/342
f 326/326/326 342/342/342 327/327/327
f 327/327/327 342/342/342 343/343/343
f 327/327/327 343/343/343 328/328/328
f 328/328/328 343/343/343 344/344/344
f 328/328/328 344/344/344 329/329/329
f 329/329/329 344/344/344 345/345/345
f 329/329/329 345/345/345 330/330/330
f 331/331/331 346/346/346 347/347/347
f 331/331/331 347/347/347 332/332/332
f 332/332/332 347/347/347 348/348/348
f 332/332/332 348/348/348 333/333/333
f 333/333/333 348/348/348 349/349/349
f 333/333/333 349/349/349 334/334/334
f 334/334/334 349/349/349 350/350/350
f 334/334/334 350/350/350 335/335/335
f 335/335/335 350/350/350 351/351/351
f 335/335/335 351/351/351 336/336/336
f 336/336/336 351/351/351 352/352/352
f 336/336/336 352/352/352 337/337/337
f 337/337/337 352/352/352 353/353/353
f 337/337/337 353/353/353 338/338/338
f 338/338/338 353/353/353 354/354/354
f 338/338/338 354/354/354 339/339/339
f 339/339/339 354/354/354 355/355/355
f 339/339/339 355/355/355 340/340/340
f 340/340/340 355/355/355 356/356/356
f 340/340/340 356/356/356 341/341/341
f 341/341/341 356/356/356 357/357/357
f 341/341/341 357/357/357 342/342/342
f 342/342/342 357/357/357 358/358/358
f 342/342/342 358/358/358 343/343/343
f 343/343/343 358/358/358 359/359/359
f 343/343/343 359/359/359 344/344/344
f 344/344/344 359/359/359 360/360/360
f 344/344/344 360/360/360 345/345/345
f 346/346/346 361/361/361 362/362/362
f 346/346/346 362/362/362 347/347/347
f 347/347/347 362/362/362 363/363/363
f 347/347/347 363/363/363 348/348/348
f 348/348/348 363/363/363 364/364/364
f 348/348/348 364/364/364 349/349/349
f 349/349/349 364/364/364 365/365/365
f 349/349/349 365/365/365 350/350/350
f 350/350/350 365/365/365 366/366/366
f 350/350/350 366/366/366 351/351/351
f 351/351/351 366/366/366 367/367/367
f 351/351/351 367/367/367 352/352/352
f 352/352/352 367/367/367 368/368/368
f 352/352/352 368/368/368 353/353/353
f 353/353/353 368/368/368 369/369/369
f 353/353/353 369/369/369 354/354/354
f 354/354/354 369/369/369 370/370/370
f 354/354/354 370/370/370 355/355/355
f 355/355/355 370/370/370 371/371/371
f 355/355/355 371/371/371 356/356/356
f 356/356/356 371/371/371 372/372/372
f 356/356/356 372/372/372 357/357/357
f 357/357/357 372/372/372 373/373/373
f 357/357/357 373/373/373 358/358/358
f 358/358/358 373/373/373 374/374/374
f 358/358/358 374/374/374 359/359/359
f 359/359/359 374/374/374 375/375/375
f 359/359/359 375/375/375 360/360/360
f 361/361/361 376/376/376 377/377/377
f 361/361/361 377/377/377 362/362/362
f 362/362/362 377/377/377 378/378/378
f 362/362/362 378/378/378 363/363/363
f 363/363/363 378/378/378 379/379/379
f 363/363/363 379/379/379 364/364/364
f 364/364/364 379/379/379 380/380/380
f 364/364/364 380/380/380 365/365/365
f 365/365/365 380/380/380 381/381/381
f 365/365/365 381/381/381 366/366/366
f 366/366/366 381/381/381 382/382/382
f 366/366/366 382/382/382 367/367/367
f 367/367/367 382/382/382 383/383/383
f 367/367/367 383/383/383 368/368/368
f 368/368/368 383/383/383 384/384/384
f 368/368/368 384/384/384 369/369/369
f 369/369/369 384/384/384 385/385/385
f 369/369/369 385/385/385 370/370/370
f 370/370/370 385/385/385 386/386/386
f 370/370/370 386/386/386 371/371/371
f 371/371/371 386/386/386 387/387/387
f 371/371/371 387/387/387 372/372/372
f 372/372/372 387/387/387 388/388/388
f 372/372/372 388/388/388 373/373/373
f 373/373/373 388/388/388 389/389/389
f 373/373/373 389/389/389 374/374/374
f 374/374/374 389/389/389 390/390/390
f 374/374/374 390/390/390 375/375/375
f 376/376/376 391/391/391 392/392/392
f 376/376/376 392/392/392 377/377/377
f 377/377/377 392/392/392 393/393/393
f 377/377/377 393/393/393 378/378/378
f 378/378/378 393/393/393 394/394/394
f 378/378/378 394/394/394 379/379/379
f 379/379/379 394/394/394 395/395/395
f 379/379/379 395/395/395 380/380/380
f 380/380/380 395/395/395 396/396/396
f 380/380/380 396/396/396 381/381/381
f 381/381/381 396/396/396 397/397/397
f 381/381/381 397/397/397 382/382/382
f 382/382/382 397/397/397 398/398/398
f 382/382/382 398/398/398 383/383/383
f 383/383/383 398/398/398 399/399/399
f 383/383/383 399/399/399 384/384/384
f 384/384/384 399/399/399 400/400/400
f 384/384/384 400/400/400 385/385/385
f 385/385/385 400/400/400 401/401/401
f 385/385/385 401/401/401 386/386/386
f 386/386/386 401/401/401 402/402/402
f 386/386/386 402/402/402 387/387/387
f 387/387/387 402/402/402 403/403/403
f 387/387/387 403/403/403 388/388/388
f 388/388/388 403/403/403 404/404/404
f 388/388/388 404/404/404 389/389/389
f 389/389/389 404/404/404 405/405/405
f 389/389/389 405/405/405 390/390/390
f 391/391/391 406/406/406 407/407/407
f 391/391/391 407/407/407 392/392/392
f 392/392/392 407/407/407 408/408/408
f 392/392/392 408/408/408 393/393/393
f 393/393/393 408/408/408 409/409/409
f 393/393/393 409/409/409 394/394/394
f 394/394/394 409/409/409 410/410/410
f 394/394/394 410/410/410 395/395/395
f 395/395/395 410/410/410 411/411/411
f 395/395/395 411/411/411 396/396/396
f 396/396/396 411/411/411 412/412/412
f 396/396/396 412/412/412 397/397/397
f 397/397/397 412/412/412 413/413/413
f 397/397/397 413/413/413 398/398/398
f 398/398/398 413/413/413 414/414/414
f 398/398/398 414/414/414 399/399/399
f 399/399/399 414/414/414 415/415/415
f 399/399/399 415/415/415 400/400/400
f 400/400/400 415/415/415 416/416/416
f 400/400/400 416/416/416 401/401/401
f 401/401/401 416/416/416 417/417/417
f 401/401/401 417/417/417 402/402/402
f 402/402/402 417/417/417 418/418/418
f 402/402/402 418/418/418 403/403/403
f 403/403/403 418/418/418 419/419/419
f 403/403/403 419/419/419 404/404/404
f 404/404/404 419/419/419 420/420/420
f 404/404/404 420/420/420 405/405/405
f 406/406/406 421/421/421 422/422/422
f 406/406/406 422/422/422 407/407/407
f 407/407/407 422/422/422 423/423/423
f 407/407/407 423/423/423 408/408/408
f 408/408/408 423/423/423 424/424/424
f 408/408/408 424/424/424 409/409/409
f 409/409/409 424/424/424 425/425/425
f 409/409/409 425/425/425 410/410/410
f 410/410/410 425/425/425 426/426/426
f 410/410/410 426/426/426 411/411/411
f 411/411/411 426/426/426 427/427/427
f 411/411/411 427/427/427 412/412/412
f 412/412/412 427/427/427 428/428/428
f 412/412/412 428/428/428 413/413/413
f 413/413/413 428/428/428 429/429/429
f 413/413/413 429/429/429 414/414/414
f 414/414/414 429/429/429 430/430/430
f 414/414/414 430/430/430 415/415/415
f 415/415/415 430/430/430 431/431/431
f 415/415/415 431/431/431 416/416/416
f 416/416/416 431/431/431 432/432/432
f 416/416/416 432/432/432 417/417/417
f 417/417/417 432/432/432 433/433/433
f 417/417/417 433/433/433 418/418/418
f 418/418/418 433/433/433 434/434/434
f 418/418/418 434/434/434 419/419/419
f 419/419/419 434/434/434 435/435/435
f 419/419/419 435/435/435 420/420/420
f 421/421/421 436/436/436 437/437/437
f 421/421/421 437/437/437 422/422/422
f 422/422/422 437/437/437 438/438/438
f 422/422/422 438/438/438 423/423/423
f 423/423/423 438/438/438 439/439/439
f 423/423/423 439/439/439 424/424/424
f 424/424/424 439/439/439 440/440/440
f 424/424/424 440/440/440 425/425/425
f 425/425/425 440/440/440 441/441/441
f 425/425/425 441/441/441 426/426/426
f 426/426/426 441/441/441 442/442/442
f 426/426/426 442/442/442 427/427/427
f 427/427/427 442/442/442 443/443/443
f 427/427/427 443/443/443 428/428/428
f 428/428/428 443/443/443 444/444/444
f 428/428/428 444/444/444 429/429/429
f 429/429/429 444/444/444 445/445/445
f 429/429/429 445/445/445 430/430/430
f 430/430/430 445/445/445 446/446/446
f 430/430/430 446/446/446 431/431/431
f 431/431/431 446/446/446 447/447/447
f 431/431/431 447/447/447 432/432/432
f 432/432/432 447/447/447 448/448/448
f 432/432/432 448/448/448 433/433/433
f 433/433/433 448/448/448 449/449/449
f 433/433/433 449/449/449 434/434/434
f 434/434/434 449/449/449 450/450/450
f 434/434/434 450/450/450 435/435/435
f 436/436/436 451/451/451 452/452/452
f 436/436/436 452/452/452 437/437/437
f 437/437/437 452/452/452 453/453/453
f 437/437/437 453/453/453 438/438/438
f 438/438/438 453/453/453 454/454/454
f 438/438/438 454/454/454 439/439/439
f 439/439/439 454/454/454 455/455/455
f 439/439/439 455/455/455 440/440/440
f 440/440/440 455/455/455 456/456/456
f 440/440/440 456/456/456 441/441/441
f 441/441/441 456/456/456 457/457/457
f 441/441/441 457/457/457 442/442/442
f 442/442/442 457/457/457 458/458/458
f 442/442/442 458/458/458 443/443/443
f 443/443/443 458/458/458 459/459/459
f 443/443/443 459/459/459 444/444/444
f 444/444/444 459/459/459 460/460/460
f 444/444/444 460/460/460 445/445/445
f 445/445/445 460/460/460 461/461/461
f 445/445/445 461/461/461 446/446/446
f 446/446/446 461/461/461 462/462/462
f 446/446/446 462/462/462 447/447/447
f 447/447/447 462/462/462 463/463/463
f 447/447/447 463/463/463 448/448/448
f 448/448/448 463/463/463 464/464/464
f 448/448/448 464/464/464 449/449/449
f 449/449/449 464/464/464 465/465/465
f 449/449/449 465/465/465 450/450/450
f 451/451/451 466/466/466 467/467/467
f 451/451/451 467/467/467 452/452/452
f 452/452/452 467/467/467 468/468/468
f 452/452/452 468/468/468 453/453/453
f 453/453/453 468/468/468 469/469/469
f 453/453/453 469/469/469 454/454/454
f 454/454/454 469/469/469 470/470/470
f 454/454/454 470/470/470 455/455/455
f 455/455/455 470/470/470 471/471/471
f 455/455/455 471/471/471 456/456/456
f 456/456/456 471/471/471 472/472/472
f 456/456/456 472/472/472 457/457/457
f 457/457/457 472/472/472 473/473/473
f 457/457/457 473/473/473 458/458/458
f 458/458/458 473/473/473 474/474/474
f 458/458/458 474/474/474 459/459/459
f 459/459/459 474/474/474 475/475/475
f 459/459/459 475/475/475 460/460/460
f 460/460/460 475/475/475 476/476/476
f 460/460/460 476/476/476 461/461/461
f 461/461/461 476/476/476 477/477/477
f 461/461/461 477/477/477 462/462/462
f 462/462/462 477/477/477 478/478/478
f 462/462/462 478/478/478 463/463/463
f 463/463/463 478/478/478 479/479/479
f 463/463/463 479/479/479 464/464/464
f 464/464/464 479/479/479 480/480/480
f 464/464/464 480/480/480 465/465/465
f 466/466/466 481/481/481 482/482/482
f 466/466/466 482/482/482 467/467/467
f 467/467/467 482/482/482 483/483/483
f 467/467/467 483/483/483 468/468/468
f 468/468/468 483/483/483 484/484/484
f 468/468/468 484/484/484 469/469/469
f 469/469/469 484/484/484 485/485/485
f 469/469/469 485/485/485 470/470/470
f 470/470/470 485/485/485 486/486/486
f 470/470/470 486/486/486 471/471/471
f 471/471/471 486/486/486 487/487/487
f 471/471/471 487/487/487 472/472/472
f 472/472/472 487/487/487 488/488/488
f 472/472/472 488/488/488 473/473/473
f 473/473/473 488/488/488 489/489/489
f 473/473/473 489/489/489 474/474/474
f 474/474/474 489/489/489 490/490/490
f 474/474/474 490/490/490 475/475/475
f 475/475/475 490/490/490 491/491/491
f 475/475/475 491/491/491 476/476/476
f 476/476/476 491/491/491 492/492/492
f 476/476/476 492/492/492 477/477/477
f 477/477/477 492/492/492 493/493/493
f 477/477/477 493/493/493 478/478/478
f 478/478/478 493/493/493 494/494/494
f 478/478/478 494/494/494 479/479/479
f 479/479/479 494/494/494 495/495/495
f 479/479/479 495/495/495 480/480/480
f 481/481/481 496/496/496 497/497/497
f 481/481/481 497/497/497 482/482/482
f 482/482/482 497/497/497 498/498/498
f 482/482/482 498/498/498 483/483/483
f 483/483/483 498/498/498 499/499/499
f 483/483/483 499/499/499 484/484/484
f 484/484/484 499/499/499 500/500/500
f 484/484/484 500/500/500 485/485/485
f 485/485/485 500/500/500 501/501/501
f 485/485/485 501/501/501 486/486/486
f 486/486/486 501/501/501 502/502/502
f 486/486/486 502/502/502 487/487/487
f 487/487/487 502/502/502 503/503/503
f 487/487/487 503/503/503 488/488/488
f 488/488/488 503/503/503 504/504/504
f 488/488/488 504/504/504 489/489/489
f 489/489/489 504/504/504 505/505/505
f 489/489/489 505/505/505 490/490/490
f 490/490/490 505/505/505 506/506/506
f 490/490/490 506/506/506 491/491/491
f 491/491/491 506/506/506 507/507/507
f 491/491/491 507/507/507 492/492/492
f 492/492/492 507/507/507 508/508/508
f 492/492/492 508/508/508 493/493/493
f 493/493/493 508/508/508 509/509/509
f 493/493/493 509/509/509 494/494/494
f 494/494/494 509/509/509 510/510/510
f 494/494/494 510/510/510 495/495/495
f 496/496/496 511/511/511 512/512/512
f 496/496/496 512/512/512 497/497/497
f 497/497/497 512/512/512 513/513/513
f 497/497/497 513/513/513 498/498/498
f 498/498/498 513/513/513 514/514/514
f 498/498/498 514/514/514 499/499/499
f 499/499/499 514/514/514 515/515/515
f 499/499/499 515/515/515 500/500/500
f 500/500/500 515/515/515 516/516/516
f 500/500/500 516/516/516 501/501/501
f 501/501/501 516/516/516 517/517/517
f 501/501/501 517/517/517 502/502/502
f 502/502/502 517/517/517 518/518/518
f 502/502/502 518/518/518 503/503/503
f 503/503/503 518/518/518 519/519/519
f 503/503/503 519/519/519 504/504/504
f 504/504/504 519/519/519 520/520/520
f 504/504/504 520/520/520 505/505/505
f 505/505/505 520/520/520 521/521/521
f 505/505/505 521/521/521 506/506/506
f 506/506/506 521/521/521 522/522/522
f 506/506/506 522/522/522 507/507/507
f 507/507/507 522/522/522 523/523/523
f 507/507/507 523/523/523 508/508/508
f 508/508/508 523/523/523 524/524/524
f 508/508/508 524/524/524 509/509/509
f 509/509/509 524/524/524 525/525/525
f 509/509/509 525/525/525 510/510/510
f 511/511/511 526/526/526 527/527/527
f 511/511/511 527/527/527 512/512/512
f 512/512/512 527/527/527 528/528/528
f 512/512/512 528/528/528 513/513/513
f 513/513/513 528/528/528 529/529/529
f 513/513/513 529/529/529 514/514/514
f 514/514/514 529/529/529 530/530/530
f 514/514/514 530/530/530 515/515/515
f 515/515/515 530/530/530 531/531/531
f 515/515/515 531/531/531 516/516/516
f 516/516/516 531/531/531 532/532/532
f 516/516/516 532/532/532 517/517/517
f 517/517/517 532/532/532 533/533/533
f 517/517/517 533/533/533 518/518/518
f 518/518/518 533/533/533 534/534/534
f 518/518/518 534/534/534 519/519/519
f 519/519/519 534/534/534 535/535/535
f 519/519/519 535/535/535 520/520/520
f 520/520/520 535/535/535 536/536/536
f 520/520/520 536/536/536 521/521/521
f 521/521/521 536/536/536 537/537/537
f 521/521/521 537/537/537 522/522/522
f 522/522/522 537/537/537 538/538/538
f 522/522/522 538/538/538 523/523/523
f 523/523/523 538/538/538 539/539/539
f 523/523/523 539/539/539 524/524/524
f 524/524/524 539/539/539 540/540/540
f 524/524/524 540/540/540 525/525/525
f 526/526/526 541/541/541 542/542/542
f 526/526/526 542/542/542 527/527/527
f 527/527/527 542/542/542 543/543/543
f 527/527/527 543/543/543 528/528/528
f 528/528/528 543/543/543 544/544/544
f 528/528/528 544/544/544 529/529/529
f 529/529/529 544/544/544 545/545/545
f 529/529/529 545/545/545 530/530/530
f 530/530/530 545/545/545 546/546/546
f 530/530/530 546/546/546 531/531/531
f 531/531/531 546/546/546 547/547/547
f 531/531/531 547/547/547 532/532/532
f 532/532/532 547/547/547 548/548/548
f 532/532/532 548/548/548 533/533/533
f 533/533/533 548/548/548 549/549/549
f 533/533/533 549/549/549 534/534/534
f 534/534/534 549/549/549 550/550/550
f 534/534/534 550/550/550 535/535/535
f 535/535/535 550/550/550 551/551/551
f 535/535/535 551/551/551 536/536/536
f 536/536/536 551/551/551 552/552/552
f 536/536/536 552/552/552 537/537/537
f 537/537/537 552/552/552 553/553/553
f 537/537/537 553/553/553 538/538/538
f 538/538/538 553/553/553 554/554/554
f 538/538/538 554/554/554 539/539/539
f 539/539/539 554/554/554 555/555/555
f 539/539/539 555/555/555 540/540/540
f 541/541/541 556/556/556 557/557/557
f 541/541/541 557/557/557 542/542/542
f 542/542/542 557/557/557 558/558/558
f 542/542/542 558/558/558 543/543/543
f 543/543/543 558/558/558 559/559/559
f 543/543/543 559/559/559 544/544/544
f 544/544/544 559/559/559 560/560/560
f 544/544/544 560/560/560 545/545/545
f 545/545/545 560/560/560 561/561/561
f 545/545/545 561/561/561 546/546/546
f 546/546/546 561/561/561 562/562/562
f 546/546/546 562/562/562 547/547/547
f 547/547/547 562/562/562 563/563/563
f 547/547/547 563/563/563 548/548/548
f 548/548/548 563/563/563 564/564/564
f 548/548/548 564/564/564 549/549/549
f 549/549/549 564/564/564 565/565/565
f 549/549/549 565/565/565 550/550/550
f 550/550/550 565/565/565 566/566/566
f 550/550/550 566/566/566 551/551/551
f 551/551/551 566/566/566 567/567/567
f 551/551/551 567/567/567 552/552/552
f 552/552/552 567/567/567 568/568/568
f 552/552/552 568/568/568 553/553/553
f 553/553/553 568/568/568 569/569/569
f 553/553/553 569/569/569 554/554/554
f 554/554/554 569/569/569 570/570/570
f 554/554/554 570/570/570 555/555/555
f 556/556/556 571/571/571 572/572/572
f 556/556/556 572/572/572 557/557/557
f 557/557/557 572/572/572 573/573/573
f 557/557/557 573/573/573 558/558/558
f 558/558/558 573/573/573 574/574/574
f 558/558/558 574/574/574 559/559/559
f 559/559/559 574/574/574 575/575/575
f 559/559/559 575/575/575 560/560/560
f 560/560/560 575/575/575 576/576/576
f 560/560/560 576/576/576 561/561/561
f 561/561/561 576/576/576 577/577/577
f 561/561/561 577/577/577 562/562/562
f 562/562/562 577/577/577 578/578/578
f 562/562/562 578/578/578 563/563/563
f 563/563/563 578/578/578 579/579/579
f 563/563/563 579/579/579 564/564/564
f 564/564/564 579/579/579 580/580/580
f 564/564/564 580/580/580 565/565/565
f 565/565/565 580/580/580 581/581/581
f 565/565/565 581/581/581 566/566/566
f 566/566/566 581/581/581 582/582/582
f 566/566/566 582/582/582 567/567/567
f 567/567/567 582/582/582 583/583/583
f 567/567/567 583/583/583 568/568/568
f 568/568/568 583/583/583 584/584/584
f 568/568/568 584/584/584 569/569/569
f 569/569/569 584/584/584 585/585/585
f 569/569/569 585/585/585 570/570/570
f 571/571/571 586/586/586 587/587/587
f 571/571/571 587/587/587 572/572/572
f 572/572/572 587/587/587 588/588/588
f 572/572/572 588/588/588 573/573/573
f 573/573/573 588/588/588 589/589/589
f 573/573/573 589/589/589 574/574/574
f 574/574/574 589/589/589 590/590/590
f 574/574/574 590/590/590 575/575/575
f 575/575/575 590/590/590 591/591/591
f 575/575/575 591/591/591 576/576/576
f 576/576/576 591/591/591 592/592/592
f 576/576/576 592/592/592 577/577/577
f 577/577/577 592/592/592 593/593/593
f 577/577/577 593/593/593 578/578/578
f 578/578/578 593/593/593 594/594/594
f 578/578/578 594/594/594 579/579/579
f 579/579/579 594/594/594 595/595/595
f 579/579/579 595/595/595 580/580/580
f 580/580/580 595/595/595 596/596/596
f 580/580/580 596/596/596 581/581/581
f 581/581/581 596/596/596 597/597/597
f 581/581/581 597/597/597 582/582/582
f 582/582/582 597/597/597 598/598/598
f 582/582/582 598/598/598 583/583/583
f 583/583/583 598/598/598 599/599/599
f 583/583/583 599/599/599 584/584/584
f 584/584/584 599/599/599 600/600/600
f 584/584/584 600/600/600 585/585/585
f 586/586/586 601/601/601 602/602/602
f 586/586/586 602/602/602 587/587/587
f 587/587/587 602/602/602 603/603/603
f 587/587/587 603/603/603 588/588/588
f 588/588/588 603/603/603 604/604/604
f 588/588/588 604/604/604 589/589/589
f 589/589/589 604/604/604 605/605/605
f 589/589/589 605/605/605 590/590/590
f 590/590/590 605/605/605 606/606/606
f 590/590/590 606/606/606 591/591/591
f 591/591/591 606/606/606 607/607/607
f 591/591/591 607/607/607 592/592/592
f 592/592/592 607/607/607 608/608/608
f 592/592/592 608/608/608 593/593/593
f 593/593/593 608/608/608 609/609/609
f 593/593/593 609/609/609 594/594/594
f 594/594/594 609/609/609 610/610/610
f 594/594/594 610/610/610 595/595/595
f 595/595/595 610/610/610 611/611/611
f 595/595/595 611/611/611 596/596/596
f 596/596/596 611/611/611 612/612/612
f 596/596/596 612/612/612 597/597/597
f 597/597/597 612/612/612 613/613/613
f 597/597/597 613/613/613 598/598/598
f 598/598/598 613/613/613 614/614/614
f 598/598/598 614/614/614 599/599/599
f 599/599/599 614/614/614 615/615/615
f 599/599/599 615/615/615 600/600/600
f 616/616/616 627/627/627 628/628/628
f 616/616/616 628/628/628 617/617/617
f 617/617/617 628/628/628 629/629/629
f 617/617/617 629/629/629 618/618/618
f 618/618/618 629/629/629 630/630/630
f 618/618/618 630/630/630 619/619/619
f 619/619/619 630/630/630 631/631/631
f 619/619/619 631/631/631 620/620/620
f 620/620/620 631/631/631 632/632/632
f 620/620/620 632/632/632 621/621/621
f 621/621/621 632/632/632 633/633/633
f 621/621/621 633/633/633 622/622/622
f 622/622/622 633/633/633 634/634/634
f 622/622/622 634/634/634 623/623/623
f 623/623/623 634/634/634 635/635/635
f 623/623/623 635/635/635 624/624/624
f 624/624/624 635/635/635 636/636/636
f 624/624/624 636/636/636 625/625/625
f 625/625/625 636/636/636 637/637/637
f 625/625/625 637/637/637 626/626/626
f 627/627/627 638/638/638 639/639/639
f 627/627/627 639/639/639 628/628/628
f 628/628/628 639/639/639 640/640/640
f 628/628/628 640/640/640 629/629/629
f 629/629/629 640/640/640 641/641/641
f 629/629/629 641/641/641 630/630/630
f 630/630/630 641/641/641 642/642/642
f 630/630/630 642/642/642 631/631/631
f 631/631/631 642/642/642 643/643/643
f 631/631/631 643/643/643 632/632/632
f 632/632/632 643/643/643 644/644/644
f 632/632/632 644/644/644 633/633/633
f 633/633/633 644/644/644 645/645/645
f 633/633/633 645/645/645 634/634/634
f 634/634/634 645/645/645 646/646/646
f 634/634/634 646/646/646 635/635/635
f 635/635/635 646/646/646 647/647/647
f 635/635/635 647/647/647 636/636/636
f 636/636/636 647/647/647 648/648/648
f 636/636/636 648/648/648 637/637/637
f 638/638/638 649/649/649 650/650/650
f 638/638/638 650/650/650 639/639/639
f 639/639/639 650/650/650 651/651/651
f 639/639/639 651/651/651 640/640/640
f 640/640/640 651/651/651 652/652/652
f 640/640/640 652/652/652 641/641/641
f 641/641/641 652/652/652 653/653/653
f 641/641/641 653/653/653 642/642/642
f 642/642/642 653/653/653 654/654/654
f 642/642/642 654/654/654 643/643/643
f 643/643/643 654/654/654 655/655/655
f 643/643/643 655/655/655 644/644/644
f 644/644/644 655/655/655 656/656/656
f 644/644/644 656/656/656 645/645/645
f 645/645/645 656/656/656 657/657/657
f 645/645/645 657/657/657 646/646/646
f 646/646/646 657/657/657 658/658/658
f 646/646/646 658/658/658 647/647/647
f 647/647/647 658/658/658 659/659/659
f 647/647/647 659/659/659 648/648/648
f 649/649/649 660/660/660 661/661/661
f 649/649/649 661/661/661 650/650/650
f 650/650/650 661/661/661 662/662/662
f 650/650/650 662/662/662 651/651/651
f 651/651/651 662/662/662 663/663/663
f 651/651/651 663/663/663 652/652/652
f 652/652/652 663/663/663 664/664/664
f 652/652/652 664/664/664 653/653/653
f 653/653/653 664/664/664 665/665/665
f 653/653/653 665/665/665 654/654/654
f 654/654/654 665/665/665 666/666/666
f 654/654/654 666/666/666 655/655/655
f 655/655/655 666/666/666 667/667/667
f 655/655/655 667/667/667 656/656/656
f 656/656/656 667/667/667 668/668/668
f 656/656/656 668/668/668 657/657/657
f 657/657/657 668/668/668 669/669/669
f 657/657/657 669/669/669 658/658/658
f 658/658/658 669/669/669 670/670/670
f 658/658/658 670/670/670 659/659/659
f 660/660/660 671/671/671 672/672/672
f 660/660/660 672/672/672 661/661/661
f 661/661/661 672/672/672 673/673/673
f 661/661/661 673/673/673 662/662/662
f 662/662/662 673/673/673 674/674/674
f 662/662/662 674/674/674 663/663/663
f 663/663/663 674/674/674 675/675/675
f 663/663/663 675/675/675 664/664/664
f 664/664/664 675/675/675 676/676/676
f 664/664/664 676/676/676 665/665/665
f 665/665/665 676/676/676 677/677/677
f 665/665/665 677/677/677 666/666/666
f 666/666/666 677/677/677 678/678/678
f 666/666/666 678/678/678 667/667/667
f 667/667/667 678/678/678 679/679/679
f 667/667/667 679/679/679 668/668/668
f 668/668/668 679/679/679 680/680/680
f 668/668/668 680/680/680 669/669/669
f 669/669/669 680/680/680 681/681/681
f 669/669/669 681/681/681 670/670/670
f 671/671/671 682/682/682 683/683/683
f 671/671/671 683/683/683 672/672/672
f 672/672/672 683/683/683 684/684/684
f 672/672/672 684/684/684 673/673/673
f 673/673/673 684/684/684 685/685/685
f 673/673/673 685/685/685 674/674/674
f 674/674/674 685/685/685 686/686/686
f 674/674/674 686/686/686 675/675/675
f 675/675/675 686/686/686 687/687/687
f 675/675/675 687/687/687 676/676/676
f 676/676/676 687/687/687 688/688/688
f 676/676/676 688/688/688 677/677/677
f 677/677/677 688/688/688 689/689/689
f 677/677/677 689/689/689 678/678/678
f 678/678/678 689/689/689 690/690/690
f 678/678/678 690/690/690 679/679/679
f 679/679/679 690/690/690 691/691/691
f 679/679/679 691/691/691 680/680/680
f 680/680/680 691/691/691 692/692/692
f 680/680/680 692/692/692 681/681/681
f 682/682/682 693/693/693 694/694/694
f 682/682/682 694/694/694 683/683/683
f 683/683/683 694/694/694 695/695/695
f 683/683/683 695/695/695 684/684/684
f 684/684/684 695/695/695 696/696/696
f 684/684/684 696/696/696 685/685/685
f 685/685/685 696/696/696 697/697/697
f 685/685/685 697/697/697 686/686/686
f 686/686/686 697/697/697 698/698/698
f 686/686/686 698/698/698 687/687/687
f 687/687/687 698/698/698 699/699/699
f 687/687/687 699/699/699 688/688/688
f 688/688/688 699/699/699 700/700/700
f 688/688/688 700/700/700 689/689/689
f 689/689/689 700/700/700 701/701/701
f 689/689/689 701/701/701 690/690/690
f 690/690/690 701/701/701 702/702/702
f 690/690/690 702/702/702 691/691/691
f 691/691/691 702/702/702 703/703/703
f 691/691/691 703/703/703 692/692/692
f 693/693/693 704/704/704 705/705/705
f 693/693/693 705/705/705 694/694/694
f 694/694/694 705/705/705 706/706/706
f 694/694/694 706/706/706 695/695/695
f 695/695/695 706/706/706 707/707/707
f 695/695/695 707/707/707 696/696/696
f 696/696/696 707/707/707 708/708/708
f 696/696/696 708/708/708 697/697/697
f 697/697/697 708/708/708 709/709/709
f 697/697/697 709/709/709 698/698/698
f 698/698/698 709/709/709 710/710/710
f 698/698/698 710/710/710 699/699/699
f 699/699/699 710/710/710 711/711/711
f 699/699/699 711/711/711 700/700/700
f 700/700/700 711/711/711 712/712/712
f 700/700/700 712/712/712 701/701/701
f 701/701/701 712/712/712 713/713/713
f 701/701/701 713/713/713 702/702/702
f 702/702/702 713/713/713 714/714/714
f 702/702/702 714/714/714 703/703/703
f 704/704/704 715/715/715 716/716/716
f 704/704/704 716/716/716 705/705/705
f 705/705/705 716/716/716 717/717/717
f 705/705/705 717/717/717 706/706/706
f 706/706/706 717/717/717 718/718/718
f 706/706/706 718/718/718 707/707/707
f 707/707/707 718/718/718 719/719/719
f 707/707/707 719/719/719 708/708/708
f 708/708/708 719/719/719 720/720/720
f 708/708/708 720/720/720 709/709/709
f 709/709/709 720/720/720 721/721/721
f 709/709/709 721/721/721 710/710/710
f 710/710/710 721/721/721 722/722/722
f 710/710/710 722/722/722 711/711/711
f 711/711/711 722/722/722 723/723/723
f 711/711/711 723/723/723 712/712/712
f 712/712/712 723/723/723 724/724/724
f 712/712/712 724/724/724 713/713/713
f 713/713/713 724/724/724 725/725/725
f 713/713/713 725/725/725 714/714/714
f 715/715/715 726/726/726 727/727/727
f 715/715/715 727/727/727 716/716/716
f 716/716/716 727/727/727 728/728/728
f 716/716/716 728/728/728 717/717/717
f 717/717/717 728/728/728 729/729/729
f 717/717/717 729/729/729 718/718/718
f 718/718/718 729/729/729 730/730/730
f 718/718/718 730/730/730 719/719/719
f 719/719/719 730/730/730 731/731/731
f 719/719/719 731/731/731 720/720/720
f 720/720/720 731/731/731 732/732/732
f 720/720/720 732/732/732 721/721/721
f 721/721/721 732/732/732 733/733/733
f 721/721/721 733/733/733 722/722/722
f 722/722/722 733/733/733 734/734/734
f 722/722/722 734/734/734 723/723/723
f 723/723/723 734/734/734 735/735/735
f 723/723/723 735/735/735 724/724/724
f 724/724/724 735/735/735 736/736/736
f 724/724/724 736/736/736 725/725/725
f 726/726/726 737/737/737 738/738/738
f 726/726/726 738/738/738 727/727/727
f 727/727/727 738/738/738 739/739/739
f 727/727/727 739/739/739 728/728/728
f 728/728/728 739/739/739 740/740/740
f 728/728/728 740/740/740 729/729/729
f 729/729/729 740/740/740 741/741/741
f 729/729/729 741/741/741 730/730/730
f 730/730/730 741/741/741 742/742/742
f 730/730/730 742/742/742 731/731/731
f 731/731/731 742/742/742 743/743/743
f 731/731/731 743/743/743 732/732/732
f 732/732/732 743/743/743 744/744/744
f 732/732/732 744/744/744 733/733/733
f 733/733/733 744/744/744 745/745/745
f 733/733/733 745/745/745 734/734/734
f 734/734/734 745/745/745 746/746/746
f 734/734/734 746/746/746 735/735/735
f 735/735/735 746/746/746 747/747/747
f 735/735/735 747/747/747 736/736/736
f 737/737/737 748/748/748 749/749/749
f 737/737/737 749/749/749 738/738/738
f 738/738/738 749/749/749 750/750/750
f 738/738/738 750/750/750 739/739/739
f 739/739/739 750/750/750 751/751/751
f 739/739/739 751/751/751 740/740/740
f 740/740/740 751/751/751 752/752/752
f 740/740/740 752/752/752 741/741/741
f 741/741/741 752/752/752 753/753/753
f 741/741/741 753/753/753 742/742/742
f 742/742/742 753/753/753 754/754/754
f 742/742/742 754/754/754 743/743/743
f 743/743/743 754/754/754 755/755/755
f 743/743/743 755/755/755 744/744/744
f 744/744/744 755/755/755 756/756/756
f 744/744/744 756/756/756 745/745/745
f 745/745/745 756/756/756 757/757/757
f 745/745/745 757/757/757 746/746/746
f 746/746/746 757/757/757 758/758/758
f 746/746/746 758/758/758 747/747/747
f 748/748/748 759/759/759 760/760/760
f 748/748/748 760/760/760 749/749/749
f 749/749/749 760/760/760 761/761/761
f 749/749/749 761/761/761 750/750/750
f 750/750/750 761/761/761 762/762/762
f 750/750/750 762/762/762 751/751/751
f 751/751/751 762/762/762 763/763/763
f 751/751/751 763/763/763 752/752/752
f 752/752/752 763/763/763 764/764/764
f 752/752/752 764/764/764 753/753/753
f 753/753/753 764/764/764 765/765/765
f 753/753/753 765/765/765 754/754/754
f 754/754/754 765/765/765 766/766/766
f 754/754/754 766/766/766 755/755/755
f 755/755/755 766/766/766 767/767/767
f 755/755/755 767/767/767 756/756/756
f 756/756/756 767/767/767 768/768/768
f 756/756/756 768/768/768 757/757/757
f 757/757/757 768/768/768 769/769/769
f 757/757/757 769/769/769 758/758/758
f 759/759/759 770/770/770 771/771/771
f 759/759/759 771/771/771 760/760/760
f 760/760/760 771/771/771 772/772/772
f 760/760/760 772/772/772 761/761/761
f 761/761/761 772/772/772 773/773/773
f 761/761/761 773/773/773 762/762/762
f 762/762/762 773/773/773 774/774/774
f 762/762/762 774/774/774 763/763/763
f 763/763/763 774/774/774 775/775/775
f 763/763/763 775/775/775 764/764/764
f 764/764/764 775/775/775 776/776/776
f 764/764/764 776/776/776 765/765/765
f 765/765/765 776/776/776 777/777/777
f 765/765/765 777/777/777 766/766/766
f 766/766/766 777/777/777 778/778/778
f 766/766/766 778/778/778 767/767/767
f 767/767/767 778/778/778 779/779/779
f 767/767/767 779/779/779 768/768/768
f 768/768/768 779/779/779 780/780/780
f 768/768/768 780/780/780 769/769/769
f 770/770/770 781/781/781 782/782/782
f 770/770/770 782/782/782 771/771/771
f 771/771/771 782/782/782 783/783/783
f 771/771/771 783/783/783 772/772/772
f 772/772/772 783/783/783 784/784/784
f 772/772/772 784/784/784 773/773/773
f 773/773/773 784/784/784 785/785/785
f 773/773/773 785/785/785 774/774/774
f 774/774/774 785/785/785 786/786/786
f 774/774/774 786/786/786 775/775/775
f 775/775/775 786/786/786 787/787/787
f 775/775/775 787/787/787 776/776/776
f 776/776/776 787/787/787 788/788/788
f 776/776/776 788/788/788 777/777/777
f 777/777/777 788/788/788 789/789/789
f 777/777/777 789/789/789 778/778/778
f 778/778/778 789/789/789 790/790/790
f 778/778/778 790/790/790 779/779/779
f 779/779/779 790/790/790 791/791/791
f 779/779/779 791/791/791 780/780/780
f 781/781/781 792/792/792 793/793/793
f 781/781/781 793/793/793 782/782/782
f 782/782/782 793/793/793 794/794/794
f 782/782/782 794/794/794 783/783/783
f 783/783/783 794/794/794 795/795/795
f 783/783/783 795/795/795 784/784/784
f 784/784/784 795/795/795 796/796/796
f 784/784/784 796/796/796 785/785/785
f 785/785/785 796/796/796 797/797/797
f 785/785/785 797/797/797 786/786/786
f 786/786/786 797/797/797 798/798/798
f 786/786/786 798/798/798 787/787/787
f 787/787/787 798/798/798 799/799/799
f 787/787/787 799/799/799 788/788/788
f 788/788/788 799/799/799 800/800/800
f 788/788/788 800/800/800 789/789/789
f 789/789/789 800/800/800 801/801/801
f 789/789/789 801/801/801 790/790/790
f 790/790/790 801/801/801 802/802/802
f 790/790/790 802/802/802 791/791/791
f 792/792/792 803/803/803 804/804/804
f 792/792/792 804/804/804 793/793/793
f 793/793/793 804/804/804 805/805/805
f 793/793/793 805/805/805 794/794/794
f 794/794/794 805/805/805 806/806/806
f 794/794/794 806/806/806 795/795/795
f 795/795/795 806/806/806 807/807/807
f 795/795/795 807/807/807 796/796/796
f 796/796/796 807/807/807 808/808/808
f 796/796/796 808/808/808 797/797/797
f 797/797/797 808/808/808 809/809/809
f 797/797/797 809/809/809 798/798/798
f 798/798/798 809/809/809 810/810/810
f 798/798/798 810/810/810 799/799/799
f 799/799/799 810/810/810 811/811/811
f 799/799/799 811/811/811 800/800/800
f 800/800/800 811/811/811 812/812/812
f 800/800/800 812/812/812 801/801/801
f 801/801/801 812/812/812 813/813/813
f 801/801/801 813/813/813 802/802/802
f 803/803/803 814/814/814 815/815/815
f 803/803/803 815/815/815 804/804/804
f 804/804/804 815/815/815 816/816/816
f 804/804/804 816/816/816 805/805/805
f 805/805/805 816/816/816 817/817/817
f 805/805/805 817/817/817 806/806/806
f 806/806/806 817/817/817 818/818/818
f 806/806/806 818/818/818 807/807/807
f 807/807/807 818/818/818 819/819/819
f 807/807/807 819/819/819 808/808/808
f 808/808/808 819/819/819 820/820/820
f 808/808/808 820/820/820 809/809/809
f 809/809/809 820/820/820 821/821/821
f 809/809/809 821/821/821 810/810/810
f 810/810/810 821/821/821 822/822/822
f 810/810/810 822/822/822 811/811/811
f 811/811/811 822/822/822 823/823/823
f 811/811/811 823/823/823 812/812/812
f 812/812/812 823/823/823 824/824/824
f 812/812/812 824/824/824 813/813/813
f 814/814/814 825/825/825 826/826/826
f 814/814/814 826/826/826 815/815/815
f 815/815/815 826/826/826 827/827/827
f 815/815/815 827/827/827 816/816/816
f 816/816/816 827/827/827 828/828/828
f 816/816/816 828/828/828 817/817/817
f 817/817/817 828/828/828 829/829/829
f 817/817/817 829/829/829 818/818/818
f 818/818/818 829/829/829 830/830/830
f 818/818/818 830/830/830 819/819/819
f 819/819/819 830/830/830 831/831/831
f 819/819/819 831/831/831 820/820/820
f 820/820/820 831/831/831 832/832/832
f 820/820/820 832/832/832 821/821/821
f 821/821/821 832/832/832 833/833/833
f 821/821/821 833/833/833 822/822/822
f 822/822/822 833/833/833 834/834/834
f 822/822/822 834/834/834 823/823/823
f 823/823/823 834/834/834 835/835/835
f 823/823/823 835/835/835 824/824/824
f 825/825/825 836/836/836 837/837/837
f 825/825/825 837/837/837 826/826/826
f 826/826/826 837/837/837 838/838/838
f 826/826/826 838/838/838 827/827/827
f 827/827/827 838/838/838 839/839/839
f 827/827/827 839/839/839 828/828/828
f 828/828/828 839/839/839 840/840/840
f 828/828/828 840/840/840 829/829/829
f 829/829/829 840/840/840 841/841/841
f 829/829/829 841/841/841 830/830/830
f 830/830/830 841/841/841 842/842/842
f 830/830/830 842/842/842 831/831/831
f 831/831/831 842/842/842 843/843/843
f 831/831/831 843/843/843 832/832/832
f 832/832/832 843/843/843 844/844/844
f 832/832/832 844/844/844 833/833/833
f 833/833/833 844/844/844 845/845/845
f 833/833/833 845/845/845 834/834/834
f 834/834/834 845/845/845 846/846/846
f 834/834/834 846/846/846 835/835/835
f 836/836/836 847/847/847 848/848/848
f 836/836/836 848/848/848 837/837/837
f 837/837/837 848/848/848 849/849/849
f 837/837/837 849/849/849 838/838/838
f 838/838/838 849/849/849 850/850/850
f 838/838/838 850/850/850 839/839/839
f 839/839/839 850/850/850 851/851/851
f 839/839/839 851/851/851 840/840/840
f 840/840/840 851/851/851 852/852/852
f 840/840/840 852/852/852 841/841/841
f 841/841/841 852/852/852 853/853/853
f 841/841/841 853/853/853 842/842/842
f 842/842/842 853/853/853 854/854/854
f 842/842/842 854/854/854 843/843/843
f 843/843/843 854/854/854 855/855/855
f 843/843/843 855/855/855 844/844/844
f 844/844/844 855/855/855 856/856/856
f 844/844/844 856/856/856 845/845/845
f 845/845/845 856/856/856 857/857/857
f 845/845/845 857/857/857 846/846/846
f 847/847/847 858/858/858 859/859/859
f 847/847/847 859/859/859 848/848/848
f 848/848/848 859/859/859 860/860/860
f 848/848/848 860/860/860 849/849/849
f 849/849/849 860/860/860 861/861/861
f 849/849/849 861/861/861 850/850/850
f 850/850/850 861/861/861 862/862/862
f 850/850/850 862/862/862 851/851/851
f 851/851/851 862/862/862 863/863/863
f 851/851/851 863/863/863 852/852/852
f 852/852/852 863/863/863 864/864/864
f 852/852/852 864/864/864 853/853/853
f 853/853/853 864/864/864 865/865/865
f 853/853/853 865/865/865 854/854/854
f 854/854/854 865/865/865 866/866/866
f 854/854/854 866/866/866 855/855/855
f 855/855/855 866/866/866 867/867/867
f 855/855/855 867/867/867 856/856/856
f 856/856/856 867/867/867 868/868/868
f 856/856/856 868/868/868 857/857/857
f 858/858/858 869/869/869 870/870/870
f 858/858/858 870/870/870 859/859/859
f 859/859/859 870/870/870 871/871/871
f 859/859/859 871/871/871 860/860/860
f 860/860/860 871/871/871 872/872/872
f 860/860/860 872/872/872 861/861/861
f 861/861/861 872/872/872 873/873/873
f 861/861/861 873/873/873 862/862/862
f 862/862/862 873/873/873 874/874/874
f 862/862/862 874/874/874 863/863/863
f 863/863/863 874/874/874 875/875/875
f 863/863/863 875/875/875 864/864/864
f 864/864/864 875/875/875 876/876/876
f 864/864/864 876/876/876 865/865/865
f 865/865/865 876/876/876 877/877/877
f 865/865/865 877/877/877 866/866/866
f 866/866/866 877/877/877 878/878/878
f 866/866/866 878/878/878 867/867/867
f 867/867/867 878/878/878 879/879/879
f 867/867/867 879/879/879 868/868/868
f 869/869/869 880/880/880 881/881/881
f 869/869/869 881/881/881 870/870/870
f 870/870/870 881/881/881 882/882/882
f 870/870/870 882/882/882 871/871/871
f 871/871/871 882/882/882 883/883/883
f 871/871/871 883/883/883 872/872/872
f 872/872/872 883/883/883 884/884/884
f 872/872/872 884/884/884 873/873/873
f 873/873/873 884/884/884 885/885/885
f 873/873/873 885/885/885 874/874/874
f 874/874/874 885/885/885 886/886/886
f 874/874/874 886/886/886 875/875/875
f 875/875/875 886/886/886 887/887/887
f 875/875/875 887/887/887 876/876/876
f 876/876/876 887/887/887 888/888/888
f 876/876/876 888/888/888 877/877/877
f 877/877/877 888/888/888 889/889/889
f 877/877/877 889/889/889 878/878/878
f 878/878/878 889/889/889 890/890/890
f 878/878/878 890/890/890 879/879/879
f 880/880/880 891/891/891 892/892/892
f 880/880/880 892/892/892 881/881/881
f 881/881/881 892/892/892 893/893/893
f 881/881/881 893/893/893 882/882/882
f 882/882/882 893/893/893 894/894/894
f 882/882/882 894/894/894 883/883/883
f 883/883/883 894/894/894 895/895/895
f 883/883/883 895/895/895 884/884/884
f 884/884/884 895/895/895 896/896/896
f 884/884/884 896/896/896 885/885/885
f 885/885/885 896/896/896 897/897/897
f 885/885/885 897/897/897 886/886/886
f 886/886/886 897/897/897 898/898/898
f 886/886/886 898/898/898 887/887/887
f 887/887/887 898/898/898 899/899/899
f 887/887/887 899/899/899 888/888/888
f 888/888/888 899/899/899 900/900/900
f 888/888/888 900/900/900 889/889/889
f 889/889/889 900/900/900 901/901/901
f 889/889/889 901/901/901 890/890/890
f 891/891/891 902/902/902 903/903/903
f 891/891/891 903/903/903 892/892/892
f 892/892/892 903/903/903 904/904/904
f 892/892/892 904/904/904 893/893/893
f 893/893/893 904/904/904 905/905/905
f 893/893/893 905/905/905 894/894/894
f 894/894/894 905/905/905 906/906/906
f 894/894/894 906/906/906 895/895/895
f 895/895/895 906/906/906 907/907/907
f 895/895/895 907/907/907 896/896/896
f 896/896/896 907/907/907 908/908/908
f 896/896/896 908/908/908 897/897/897
f 897/897/897 908/908/908 909/909/909
f 897/897/897 909/909/909 898/898/898
f 898/898/898 909/909/909 910/910/910
f 898/898/898 910/910/910 899/899/899
f 899/899/899 910/910/910 911/911/911
f 899/899/899 911/911/911 900/900/900
f 900/900/900 911/911/911 912/912/912
f 900/900/900 912/912/912 901/901/901
f 902/902/902 913/913/913 914/914/914
f 902/902/902 914/914/914 903/903/903
f 903/903/903 914/914/914 915/915/915
f 903/903/903 915/915/915 904/904/904
f 904/904/904 915/915/915 916/916/916
f 904/904/904 916/916/916 905/905/905
f 905/905/905 916/916/916 917/917/917
f 905/905/905 917/917/917 906/906/906
f 906/906/906 917/917/917 918/918/918
f 906/906/906 918/918/918 907/907/907
f 907/907/907 918/918/918 919/919/919
f 907/907/907 919/919/919 908/908/908
f 908/908/908 919/919/919 920/920/920
f 908/908/908 920/920/920 909/909/909
f 909/909/909 920/920/920 921/921/921
f 909/909/909 921/921/921 910/910/910
f 910/910/910 921/921/921 922/922/922
f 910/910/910 922/922/922 911/911/911
f 911/911/911 922/922/922 923/923/923
f 911/911/911 923/923/923 912/912/912
f 913/913/913 924/924/924 925/925/925
f 913/913/913 925/925/925 914/914/914
f 914/914/914 925/925/925 926/926/926
f 914/914/914 926/926/926 915/915/915
f 915/915/915 926/926/926 927/927/927
f 915/915/915 927/927/927 916/916/916
f 916/916/916 927/927/927 928/928/928
f 916/916/916 928/928/928 917/917/917
f 917/917/917 928/928/928 929/929/929
f 917/917/917 929/929/929 918/918/918
f 918/918/918 929/929/929 930/930/930
f 918/918/918 930/930/930 919/919/919
f 919/919/919 930/930/930 931/931/931
f 919/919/919 931/931/931 920/920/920
f 920/920/920 931/931/931 932/932/932
f 920/920/920 932/932/932 921/921/921
f 921/921/921 932/932/932 933/933/933
f 921/921/921 933/933/933 922/922/922
f 922/922/922 933/933/933 934/934/934
f 922/922/922 934/934/934 923/923/923
f 924/924/924 935/935/935 936/936/936
f 924/924/924 936/936/936 925/925/925
f 925/925/925 936/936/936 937/937/937
f 925/925/925 937/937/937 926/926/926
f 926/926/926 937/937/937 938/938/938
f 926/926/926 938/938/938 927/927/927
f 927/927/927 938/938/938 939/939/939
f 927/927/927 939/939/939 928/928/928
f 928/928/928 939/939/939 940/940/940
f 928/928/928 940/940/940 929/929/929
f 929/929/929 940/940/940 941/941/941
f 929/929/929 941/941/941 930/930/930
f 930/930/930 941/941/941 942/942/942
f 930/930/930 942/942/942 931/931/931
f 931/931/931 942/942/942 943/943/943
f 931/931/931 943/943/943 932/932/932
f 932/932/932 943/943/943 944/944/944
f 932/932/932 944/944/944 933/933/933
f 933/933/933 944/944/944 945/945/945
f 933/933/933 945/945/945 934/934/934
f 935/935/935 946/946/946 947/947/947
f 935/935/935 947/947/947 936/936/936
f 936/936/936 947/947/947 948/948/948
f 936/936/936 948/948/948 937/937/937
f 937/937/937 948/948/948 949/949/949
f 937/937/937 949/949/949 938/938/938
f 938/938/938 949/949/949 950/950/950
f 938/938/938 950/950/950 939/939/939
f 939/939/939 950/950/950 951/951/951
f 939/939/939 951/951/951 940/940/940
f 940/940/940 951/951/951 952/952/952
f 940/940/940 952/952/952 941/941/941
f 941/941/941 952/952/952 953/953/953
f 941/941/941 953/953/953 942/942/942
f 942/942/942 953/953/953 954/954/954
f 942/942/942 954/954/954 943/943/943
f 943/943/943 954/954/954 955/955/955
f 943/943/943 955/955/955 944/944/944
f 944/944/944 955/955/955 956/956/956
f 944/944/944 956/956/956 945/945/945
f 946/946/946 957/957/957 958/958/958
f 946/946/946 958/958/958 947/947/947
f 947/947/947 958/958/958 959/959/959
f 947/947/947 959/959/959 948/948/948
f 948/948/948 959/959/959 960/960/960
f 948/948/948 960/960/960 949/949/949
f 949/949/949 960/960/960 961/961/961
f 949/949/949 961/961/961 950/950/950
f 950/950/950 961/961/961 962/962/962
f 950/950/950 962/962/962 951/951/951
f 951/951/951 962/962/962 963/963/963
f 951/951/951 963/963/963 952/952/952
f 952/952/952 963/963/963 964/964/964
f 952/952/952 964/964/964 953/953/953
f 953/953/953 964/964/964 965/965/965
f 953/953/953 965/965/965 954/954/954
f 954/954/954 965/965/965 966/966/966
f 954/954/954 966/966/966 955/955/955
f 955/955/955 966/966/966 967/967/967
f 955/955/955 967/967/967 956/956/956
f 957/957/957 968/968/968 969/969/969
f 957/957/957 969/969/969 958/958/958
f 958/958/958 969/969/969 970/970/970
f 958/958/958 970/970/970 959/959/959
f 959/959/959 970/970/970 971/971/971
f 959/959/959 971/971/971 960/960/960
f 960/960/960 971/971/971 972/972/972
f 960/960/960 972/972/972 961/961/961
f 961/961/961 972/972/972 973/973/973
f 961/961/961 973/973/973 962/962/962
f 962/962/962 973/973/973 974/974/974
f 962/962/962 974/974/974 963/963/963
f 963/963/963 974/974/974 975/975/975
f 963/963/963 975/975/975 964/964/964
f 964/964/964 975/975/975 976/976/976
f 964/964/964 976/976/976 965/965/965
f 965/965/965 976/976/976 977/977/977
f 965/965/965 977/977/977 966/966/966
f 966/966/966 977/977/977 978/978/978
f 966/966/966 978/978/978 967/967/967
f 968/968/968 979/979/979 980/980/980
f 968/968/968 980/980/980 969/969/969
f 969/969/969 980/980/980 981/981/981
f 969/969/969 981/981/981 970/970/970
f 970/970/970 981/981/981 982/982/982
f 970/970/970 982/982/982 971/971/971
f 971/971/971 982/982/982 983/983/983
f 971/971/971 983/983/983 972/972/972
f 972/972/972 983/983/983 984/984/984
f 972/972/972 984/984/984 973/973/973
f 973/973/973 984/984/984 985/985/985
f 973/973/973 985/985/985 974/974/974
f 974/974/974 985/985/985 986/986/986
f 974/974/974 986/986/986 975/975/975
f 975/975/975 986/986/986 987/987/987
f 975/975/975 987/987/987 976/976/976
f 976/976/976 987/987/987 988/988/988
f 976/976/976 988/988/988 977/977/977
f 977/977/977 988/988/988 989/989/989
f 977/977/977 989/989/989 978/978/978
f 979/979/979 990/990/990 991/991/991
f 979/979/979 991/991/991 980/980/980
f 980/980/980 991/991/991 992/992/992
f 980/980/980 992/992/992 981/981/981
f 981/981/981 992/992/992 993/993/993
f 981/981/981 993/993/993 982/982/982
f 982/982/982 993/993/993 994/994/994
f 982/982/982 994/994/994 983/983/983
f 983/983/983 994/994/994 995/995/995
f 983/983/983 995/995/995 984/984/984
f 984/984/984 995/995/995 996/996/996
f 984/984/984 996/996/996 985/985/985
f 985/985/985 996/996/996 997/997/997
f 985/985/985 997/997/997 986/986/986
f 986/986/986 997/997/997 998/998/998
f 986/986/986 998/998/998 987/987/987
f 987/987/987 998/998/998 999/999/999
f 987/987/987 999/999/999 988/988/988
f 988/988/988 999/999/999 1000/1000/1000
f 988/988/988 1000/1000/1000 989/989/989
f 990/990/990 1001/1001/1001 1002/1002/1002
f 990/990/990 1002/1002/1002 991/991/991
f 991/991/991 1002/1002/1002 1003/1003/1003
f 991/991/991 1003/1003/1003 992/992/992
f 992/992/992 1003/1003/1003 1004/1004/1004
f 992/992/992 1004/1004/1004 993/993/993
f 993/993/993 1004/1004/1004 1005/1005/1005
f 993/993/993 1005/1005/1005 994/994/994
f 994/994/994 1005/1005/1005 1006/1006/1006
f 994/994/994 1006/1006/1006 995/995/995
f 995/995/995 1006/1006/1006 1007/1007/1007
f 995/995/995 1007/1007/1007 996/996/996
f 996/996/996 1007/1007/1007 1008/1008/1008
f 996/996/996 1008/1008/1008 997/997/997
f 997/997/997 1008/1008/1008 1009/1009/1009
f 997/997/997 1009/1009/1009 998/998/998
f 998/998/998 1009/1009/1009 1010/1010/1010
f 998/998/998 1010/1010/1010 999/999/999
f 999/999/999 1010/1010/1010 1011/1011/1011
f 999/999/999 1011/1011/1011 1000/1000/1000
f 1001/1001/1001 1012/1012/1012 1013/1013/1013
f 1001/1001/1001 1013/1013/1013 1002/1002/1002
f 1002/1002/1002 1013/1013/1013 1014/1014/1014
f 1002/1002/1002 1014/1014/1014 1003/1003/1003
f 1003/1003/1003 1014/1014/1014 1015/1015/1015
f 1003/1003/1003 1015/1015/1015 1004/1004/1004
f 1004/1004/1004 1015/1015/1015 1016/1016/1016
f 1004/1004/1004 1016/1016/1016 1005/1005/1005
f 1005/1005/1005 1016/1016/1016 1017/1017/1017
f 1005/1005/1005 1017/1017/1017 1006/1006/1006
f 1006/1006/1006 1017/1017/1017 1018/1018/1018
f 1006/1006/1006 1018/1018/1018 1007/1007/1007
f 1007/1007/1007 1018/1018/1018 1019/1019/1019
f 1007/1007/1007 1019/1019/1019 1008/1008/1008
f 1008/1008/1008 1019/1019/1019 1020/1020/1020
f 1008/1008/1008 1020/1020/1020 1009/1009/1009
f 1009/1009/1009 1020/1020/1020 1021/1021/1021
f 1009/1009/1009 1021/1021/1021 1010/1010/1010
f 1010/1010/1010 1021/1021/1021 1022/1022/1022
f 1010/1010/1010 1022/1022/1022 1011/1011/1011
f 1012/1012/1012 1023/1023/1023 1024/1024/1024
f 1012/1012/1012 1024/1024/1024 1013/1013/1013
f 1013/1013/1013 1024/1024/1024 1025/1025/1025
f 1013/1013/1013 1025/1025/1025 1014/1014/1014
f 1014/1014/1014 1025/1025/1025 1026/1026/1026
f 1014/1014/1014 1026/1026/1026 1015/1015/1015
f 1015/1015/1015 1026/1026/1026 1027/1027/1027
f 1015/1015/1015 1027/1027/1027 1016/1016/1016
f 1016/1016/1016 1027/1027/1027 1028/1028/1028
f 1016/1016/1016 1028/1028/1028 1017/1017/1017
f 1017/1017/1017 1028/1028/1028 1029/1029/1029
f 1017/1017/1017 1029/1029/1029 1018/1018/1018
f 1018/1018/1018 1029/1029/1029 1030/1030/1030
f 1018/1018/1018 1030/1030/1030 1019/1019/1019
f 1019/1019/1019 1030/1030/1030 1031/1031/1031
f 1019/1019/1019 1031/1031/1031 1020/1020/1020
f 1020/1020/1020 1031/1031/1031 1032/1032/1032
f 1020/1020/1020 1032/1032/1032 1021/1021/1021
f 1021/1021/1021 1032/1032/1032 1033/1033/1033
f 1021/1021/1021 1033/1033/1033 1022/1022/1022
f 1023/1023/1023 1034/1034/1034 1035/1035/1035
f 1023/1023/1023 1035/1035/1035 1024/1024/1024
f 1024/1024/1024 1035/1035/1035 1036/1036/1036
f 1024/1024/1024 1036/1036/1036 1025/1025/1025
f 1025/1025/1025 1036/1036/1036 1037/1037/1037
f 1025/1025/1025 1037/1037/1037 1026/1026/1026
f 1026/1026/1026 1037/1037/1037 1038/1038/1038
f 1026/1026/1026 1038/1038/1038 1027/1027/1027
f 1027/1027/1027 1038/1038/1038 1039/1039/1039
f 1027/1027/1027 1039/1039/1039 1028/1028/1028
f 1028/1028/1028 1039/1039/1039 1040/1040/1040
f 1028/1028/1028 1040/1040/1040 1029/1029/1029
f 1029/1029/1029 1040/1040/1040 1041/1041/1041
f 1029/1029/1029 1041/1041/1041 1030/1030/1030
f 1030/1030/1030 1041/1041/1041 1042/1042/1042
f 1030/1030/1030 1042/1042/1042 1031/1031/1031
f 1031/1031/1031 1042/1042/1042 1043/1043/1043
f 1031/1031/1031 1043/1043/1043 1032/1032/1032
f 1032/1032/1032 1043/1043/1043 1044/1044/1044
f 1032/1032/1032 1044/1044/1044 1033/1033/1033
f 1034/1034/1034 1045/1045/1045 1046/1046/1046
f 1034/1034/1034 1046/1046/1046 1035/1035/1035
f 1035/1035/1035 1046/1046/1046 1047/1047/1047
f 1035/1035/1035 1047/1047/1047 1036/1036/1036
f 1036/1036/1036 1047/1047/1047 1048/1048/1048
f 1036/1036/1036 1048/1048/1048 1037/1037/1037
f 1037/1037/1037 1048/1048/1048 1049/1049/1049
f 1037/1037/1037 1049/1049/1049 1038/1038/1038
f 1038/1038/1038 1049/1049/1049 1050/1050/1050
f 1038/1038/1038 1050/1050/1050 1039/1039/1039
f 1039/1039/1039 1050/1050/1050 1051/1051/1051
f 1039/1039/1039 1051/1051/1051 1040/1040/1040
f 1040/1040/1040 1051/1051/1051 1052/1052/1052
f 1040/1040/1040 1052/1052/1052 1041/1041/1041
f 1041/1041/1041 1052/1052/1052 1053/1053/1053
f 1041/1041/1041 1053/1053/1053 1042/1042/1042
f 1042/1042/1042 1053/1053/1053 1054/1054/1054
f 1042/1042/1042 1054/1054/1054 1043/1043/1043
f 1043/1043/1043 1054/1054/1054 1055/1055/1055
f 1043/1043/1043 1055/1055/1055 1044/1044/1044
f 1045/1045/1045 1056/1056/1056 1057/1057/1057
f 1045/1045/1045 1057/1057/1057 1046/1046/1046
f 1046/1046/1046 1057/1057/1057 1058/1058/1058
f 1046/1046/1046 1058/1058/1058 1047/1047/1047
f 1047/1047/1047 1058/1058/1058 1059/1059/1059
f 1047/1047/1047 1059/1059/1059 1048/1048/1048
f 1048/1048/1048 1059/1059/1059 1060/1060/1060
f 1048/1048/1048 1060/1060/1060 1049/1049/1049
f 1049/1049/1049 1060/1060/1060 1061/1061/1061
f 1049/1049/1049 1061/1061/1061 1050/1050/1050
f 1050/1050/1050 1061/1061/1061 1062/1062/1062
f 1050/1050/1050 1062/1062/1062 1051/1051/1051
f 1051/1051/1051 1062/1062/1062 1063/1063/1063
f 1051/1051/1051 1063/1063/1063 1052/1052/1052
f 1052/1052/1052 1063/1063/1063 1064/1064/1064
f 1052/1052/1052 1064/1064/1064 1053/1053/1053
f 1053/1053/1053 1064/1064/1064 1065/1065/1065
f 1053/1053/1053 1065/1065/1065 1054/1054/1054
f 1054/1054/1054 1065/1065/1065 1066/1066/1066
f 1054/1054/1054 1066/1066/1066 1055/1055/1055
f 1067/1067/1067 1088/1088/1088 1089/1089/1089
f 1067/1067/1067 1089/1089/1089 1068/1068/1068
f 1068/1068/1068 1089/1089/1089 1090/1090/1090
f 1068/1068/1068 1090/1090/1090 1069/1069/1069
f 1069/1069/1069 1090/1090/1090 1091/1091/1091
f 1069/1069/1069 1091/1091/1091 1070/1070/1070
f 1070/1070/1070 1091/1091/1091 1092/1092/1092
f 1070/1070/1070 1092/1092/1092 1071/1071/1071
f 1071/1071/1071 1092/1092/1092 1093/1093/1093
f 1071/1071/1071 1093/1093/1093 1072/1072/1072
f 1072/1072/1072 1093/1093/1093 1094/1094/1094
f 1072/1072/1072 1094/1094/1094 1073/1073/1073
f 1073/1073/1073 1094/1094/1094 1095/1095/1095
f 1073/1073/1073 1095/1095/1095 1074/1074/1074
f 1074/1074/1074 1095/1095/1095 1096/1096/1096
f 1074/1074/1074 1096/1096/1096 1075/1075/1075
f 1075/1075/1075 1096/1096/1096 1097/1097/1097
f 1075/1075/1075 1097/1097/1097 1076/1076/1076
f 1076/1076/1076 1097/1097/1097 1098/1098/1098
f 1076/1076/1076 1098/1098/1098 1077/1077/1077
f 1077/1077/1077 1098/1098/1098 1099/1099/1099
f 1077/1077/1077 1099/1099/1099 1078/1078/1078
f 1078/1078/1078 1099/1099/1099 1100/1100/1100
f 1078/1078/1078 1100/1100/1100 1079/1079/1079
f 1079/1079/1079 1100/1100/1100 1101/1101/1101
f 1079/1079/1079 1101/1101/1101 1080/1080/1080
f 1080/1080/1080 1101/1101/1101 1102/1102/1102
f 1080/1080/1080 1102/1102/1102 1081/1081/1081
f 1081/1081/1081 1102/1102/1102 1103/1103/1103
f 1081/1081/1081 1103/1103/1103 1082/1082/1082
f 1082/1082/1082 1103/1103/1103 1104/1104/1104
f 1082/1082/1082 1104/1104/1104 1083/1083/1083
f 1083/1083/1083 1104/1104/1104 1105/1105/1105
f 1083/1083/1083 1105/1105/1105 1084/1084/1084
f 1084/1084/1084 1105/1105/1105 1106/1106/1106
f 1084/1084/1084 1106/1106/1106 1085/1085/1085
f 1085/1085/1085 1106/1106/1106 1107/1107/1107
f 1085/1085/1085 1107/1107/1107 1086/1086/1086
f 1086/1086/1086 1107/1107/1107 1108/1108/1108
f 1086/1086/1086 1108/1108/1108 1087/1087/1087
f 1088/1088/1088 1109/1109/1109 1110/1110/1110
f 1088/1088/1088 1110/1110/1110 1089/1089/1089
f 1089/1089/1089 1110/1110/1110 1111/1111/1111
f 1089/1089/1089 1111/1111/1111 1090/1090/1090
f 1090/1090/1090 1111/1111/1111 1112/1112/1112
f 1090/1090/1090 1112/1112/1112 1091/1091/1091
f 1091/1091/1091 1112/1112/1112 1113/1113/1113
f 1091/1091/1091 1113/1113/1113 1092/1092/1092
f 1092/1092/1092 1113/1113/1113 1114/1114/1114
f 1092/1092/1092 1114/1114/1114 1093/1093/1093
f 1093/1093/1093 1114/1114/1114 1115/1115/1115
f 1093/1093/1093 1115/1115/1115 1094/1094/1094
f 1094/1094/1094 1115/1115/1115 1116/1116/1116
f 1094/1094/1094 1116/1116/1116 1095/1095/1095
f 1095/1095/1095 1116/1116/1116 1117/1117/1117
f 1095/1095/1095 1117/1117/1117 1096/1096/1096
f 1096/1096/1096 1117/1117/1117 1118/1118/1118
f 1096/1096/1096 1118/1118/1118 1097/1097/1097
f 1097/1097/1097 1118/1118/1118 1119/1119/1119
f 1097/1097/1097 1119/1119/1119 1098/1098/1098
f 1098/1098/1098 1119/1119/1119 1120/1120/1120
f 1098/1098/1098 1120/1120/1120 1099/1099/1099
f 1099/1099/1099 1120/1120/1120 1121/1121/1121
f 1099/1099/1099 1121/1121/1121 1100/1100/1100
f 1100/1100/1100 1121/1121/1121 1122/1122/1122
f 1100/1100/1100 1122/1122/1122 1101/1101/1101
f 1101/1101/1101 1122/1122/1122 1123/1123/1123
f 1101/1101/1101 1123/1123/1123 1102/1102/1102
f 1102/1102/1102 1123/1123/1123 1124/1124/1124
f 1102/1102/1102 1124/1124/1124 1103/1103/1103
f 1103/1103/1103 1124/1124/1124 1125/1125/1125
f 1103/1103/1103 1125/1125/1125 1104/1104/1104
f 1104/1104/1104 1125/1125/1125 1126/1126/1126
f 1104/1104/1104 1126/1126/1126 1105/1105/1105
f 1105/1105/1105 1126/1126/1126 1127/1127/1127
f 1105/1105/1105 1127/1127/1127 1106/1106/1106
f 1106/1106/1106 1127/1127/1127 1128/1128/1128
f 1106/1106/1106 1128/1128/1128 1107/1107/1107
f 1107/1107/1107 1128/1128/1128 1129/1129/1129
f 1107/1107/1107 1129/1129/1129 1108/1108/1108
f 1109/1109/1109 1130/1130/1130 1131/1131/1131
f 1109/1109/1109 1131/1131/1131 1110/1110/1110
f 1110/1110/1110 1131/1131/1131 1132/1132/1132
f 1110/1110/1110 1132/1132/1132 1111/1111/1111
f 1111/1111/1111 1132/1132/1132 1133/1133/1133
f 1111/1111/1111 1133/1133/1133 1112/1112/1112
f 1112/1112/1112 1133/1133/1133 1134/1134/1134
f 1112/1112/1112 1134/1134/1134 1113/1113/1113
f 1113/1113/1113 1134/1134/1134 1135/1135/1135
f 1113/1113/1113 1135/1135/1135 1114/1114/1114
f 1114/1114/1114 1135/1135/1135 1136/1136/1136
f 1114/1114/1114 1136/1136/1136 1115/1115/1115
f 1115/1115/1115 1136/1136/1136 1137/1137/1137
f 1115/1115/1115 1137/1137/1137 1116/1116/1116
f 1116/1116/1116 1137/1137/1137 1138/1138/1138
f 1116/1116/1116 1138/1138/1138 1117/1117/1117
f 1117/1117/1117 1138/1138/1138 1139/1139/1139
f 1117/1117/1117 1139/1139/1139 1118/1118/1118
f 1118/1118/1118 1139/1139/1139 1140/1140/1140
f 1118/1118/1118 1140/1140/1140 1119/1119/1119
f 1119/1119/1119 1140/1140/1140 1141/1141/1141
f 1119/1119/1119 1141/1141/1141 1120/1120/1120
f 1120/1120/1120 1141/1141/1141 1142/1142/1142
f 1120/1120/1120 1142/1142/1142 1121/1121/1121
f 1121/1121/1121 1142/1142/1142 1143/1143/1143
f 1121/1121/1121 1143/1143/1143 1122/1122/1122
f 1122/1122/1122 1143/1143/1143 1144/1144/1144
f 1122/1122/1122 1144/1144/1144 1123/1123/1123
f 1123/1123/1123 1144/1144/1144 1145/1145/1145
f 1123/1123/1123 1145/1145/1145 1124/1124/1124
f 1124/1124/1124 1145/1145/1145 1146/1146/1146
f 1124/1124/1124 1146/1146/1146 1125/1125/1125
f 1125/1125/1125 1146/1146/1146 1147/1147/1147
f 1125/1125/1125 1147/1147/1147 1126/1126/1126
f 1126/1126/1126 1147/1147/1147 1148/1148/1148
f 1126/1126/1126 1148/1148/1148 1127/1127/1127
f 1127/1127/1127 1148/1148/1148 1149/1149/1149
f 1127/1127/1127 1149/1149/1149 1128/1128/1128
f 1128/1128/1128 1149/1149/1149 1150/1150/1150
f 1128/1128/1128 1150/1150/1150 1129/1129/1129
f 1130/1130/1130 1151/1151/1151 1152/1152/1152
f 1130/1130/1130 1152/1152/1152 1131/1131/1131
f 1131/1131/1131 1152/1152/1152 1153/1153/1153
f 1131/1131/1131 1153/1153/1153 1132/1132/1132
f 1132/1132/1132 1153/1153/1153 1154/1154/1154
f 1132/1132/1132 1154/1154/1154 1133/1133/1133
f 1133/1133/1133 1154/1154/1154 1155/1155/1155
f 1133/1133/1133 1155/1155/1155 1134/1134/1134
f 1134/1134/1134 1155/1155/1155 1156/1156/1156
f 1134/1134/1134 1156/1156/1156 1135/1135/1135
f 1135/1135/1135 1156/1156/1156 1157/1157/1157
f 1135/1135/1135 1157/1157/1157 1136/1136/1136
f 1136/1136/1136 1157/1157/1157 1158/1158/1158
f 1136/1136/1136 1158/1158/1158 1137/1137/1137
f 1137/1137/1137 1158/1158/1158 1159/1159/1159
f 1137/1137/1137 1159/1159/1159 1138/1138/1138
f 1138/1138/1138 1159/1159/1159 1160/1160/1160
f 1138/1138/1138 1160/1160/1160 1139/1139/1139
f 1139/1139/1139 1160/1160/1160 1161/1161/1161
f 1139/1139/1139 1161/1161/1161 1140/1140/1140
f 1140/1140/1140 1161/1161/1161 1162/1162/1162
f 1140/1140/1140 1162/1162/1162 1141/1141/1141
f 1141/1141/1141 1162/1162/1162 1163/1163/1163
f 1141/1141/1141 1163/1163/1163 1142/1142/1142
f 1142/1142/1142 1163/1163/1163 1164/1164/1164
f 1142/1142/1142 1164/1164/1164 1143/1143/1143
f 1143/1143/1143 1164/1164/1164 1165/1165/1165
f 1143/1143/1143 1165/1165/1165 1144/1144/1144
f 1144/1144/1144 1165/1165/1165 1166/1166/1166
f 1144/1144/1144 1166/1166/1166 1145/1145/1145
f 1145/1145/1145 1166/1166/1166 1167/1167/1167
f 1145/1145/1145 1167/1167/1167 1146/1146/1146
f 1146/1146/1146 1167/1167/1167 1168/1168/1168
f 1146/1146/1146 1168/1168/1168 1147/1147/1147
f 1147/1147/1147 1168/1168/1168 1169/1169/1169
f 1147/1147/1147 1169/1169/1169 1148/1148/1148
f 1148/1148/1148 1169/1169/1169 1170/1170/1170
f 1148/1148/1148 1170/1170/1170 1149/1149/1149
f 1149/1149/1149 1170/1170/1170 1171/1171/1171
f 1149/1149/1149 1171/1171/1171 1150/1150/1150
f 1151/1151/1151 1172/1172/1172 1173/1173/1173
f 1151/1151/1151 1173/1173/1173 1152/1152/1152
f 1152/1152/1152 1173/1173/1173 1174/1174/1174
f 1152/1152/1152 1174/1174/1174 1153/1153/1153
f 1153/1153/1153 1174/1174/1174 1175/1175/1175
f 1153/1153/1153 1175/1175/1175 1154/1154/1154
f 1154/1154/1154 1175/1175/1175 1176/1176/1176
f 1154/1154/1154 1176/1176/1176 1155/1155/1155
f 1155/1155/1155 1176/1176/1176 1177/1177/1177
f 1155/1155/1155 1177/1177/1177 1156/1156/1156
f 1156/1156/1156 1177/1177/1177 1178/1178/1178
f 1156/1156/1156 1178/1178/1178 1157/1157/1157
f 1157/1157/1157 1178/1178/1178 1179/1179/1179
f 1157/1157/1157 1179/1179/1179 1158/1158/1158
f 1158/1158/1158 1179/1179/1179 1180/1180/1180
f 1158/1158/1158 1180/1180/1180 1159/1159/1159
f 1159/1159/1159 1180/1180/1180 1181/1181/1181
f 1159/1159/1159 1181/1181/1181 1160/1160/1160
f 1160/1160/1160 1181/1181/1181 1182/1182/1182
f 1160/1160/1160 1182/1182/1182 1161/1161/1161
f 1161/1161/1161 1182/1182/1182 1183/1183/1183
f 1161/1161/1161 1183/1183/1183 1162/1162/1162
f 1162/1162/1162 1183/1183/1183 1184/1184/1184
f 1162/1162/1162 1184/1184/1184 1163/1163/1163
f 1163/1163/1163 1184/1184/1184 1185/1185/1185
f 1163/1163/1163 1185/1185/1185 1164/1164/1164
f 1164/1164/1164 1185/1185/1185 1186/1186/1186
f 1164/1164/1164 1186/1186/1186 1165/1165/1165
f 1165/1165/1165 1186/1186/1186 1187/1187/1187
f 1165/1165/1165 1187/1187/1187 1166/1166/1166
f 1166/1166/1166 1187/1187/1187 1188/1188/1188
f 1166/1166/1166 1188/1188/1188 1167/1167/1167
f 1167/1167/1167 1188/1188/1188 1189/1189/1189
f 1167/1167/1167 1189/1189/1189 1168/1168/1168
f 1168/1168/1168 1189/1189/1189 1190/1190/1190
f 1168/1168/1168 1190/1190/1190 1169/1169/1169
f 1169/1169/1169 1190/1190/1190 1191/1191/1191
f 1169/1169/1169 1191/1191/1191 1170/1170/1170
f 1170/1170/1170 1191/1191/1191 1192/1192/1192
f 1170/1170/1170 1192/1192/1192 1171/1171/1171
f 1172/1172/1172 1193/1193/1193 1194/1194/1194
f 1172/1172/1172 1194/1194/1194 1173/1173/1173
f 1173/1173/1173 1194/1194/1194 1195/1195/1195
f 1173/1173/1173 1195/1195/1195 1174/1174/1174
f 1174/1174/1174 1195/1195/1195 1196/1196/1196
f 1174/1174/1174 1196/1196/1196 1175/1175/1175
f 1175/1175/1175 1196/1196/1196 1197/1197/1197
f 1175/1175/1175 1197/1197/1197 1176/1176/1176
f 1176/1176/1176 1197/1197/1197 1198/1198/1198
f 1176/1176/1176 1198/1198/1198 1177/1177/1177
f 1177/1177/1177 1198/1198/1198 1199/1199/1199
f 1177/1177/1177 1199/1199/1199 1178/1178/1178
f 1178/1178/1178 1199/1199/1199 1200/1200/1200
f 1178/1178/1178 1200/1200/1200 1179/1179/1179
f 1179/1179/1179 1200/1200/1200 1201/1201/1201
f 1179/1179/1179 1201/1201/1201 1180/1180/1180
f 1180/1180/1180 1201/1201/1201 1202/1202/1202
f 1180/1180/1180 1202/1202/1202 1181/1181/1181
f 1181/1181/1181 1202/1202/1202 1203/1203/1203
f 1181/1181/1181 1203/1203/1203 1182/1182/1182
f 1182/1182/1182 1203/1203/1203 1204/1204/1204
f 1182/1182/1182 1204/1204/1204 1183/1183/1183
f 1183/1183/1183 1204/1204/1204 1205/1205/1205
f 1183/1183/1183 1205/1205/1205 1184/1184/1184
f 1184/1184/1184 1205/1205/1205 1206/1206/1206
f 1184/1184/1184 1206/1206/1206 1185/1185/1185
f 1185/1185/1185 1206/1206/1206 1207/1207/1207
f 1185/1185/1185 1207/1207/1207 1186/1186/1186
f 1186/1186/1186 1207/1207/1207 1208/1208/1208
f 1186/1186/1186 1208/1208/1208 1187/1187/1187
f 1187/1187/1187 1208/1208/1208 1209/1209/1209
f 1187/1187/1187 1209/1209/1209 1188/1188/1188
f 1188/1188/1188 1209/1209/1209 1210/1210/1210
f 1188/1188/1188 1210/1210/1210 1189/1189/1189
f 1189/1189/1189 1210/1210/1210 1211/1211/1211
f 1189/1189/1189 1211/1211/1211 1190/1190/1190
f 1190/1190/1190 1211/1211/1211 1212/1212/1212
f 1190/1190/1190 1212/1212/1212 1191/1191/1191
f 1191/1191/1191 1212/1212/1212 1213/1213/1213
f 1191/1191/1191 1213/1213/1213 1192/1192/1192
f 1193/1193/1193 1214/1214/1214 1215/1215/1215
f 1193/1193/1193 1215/1215/1215 1194/1194/1194
f 1194/1194/1194 1215/1215/1215 1216/1216/1216
f 1194/1194/1194 1216/1216/1216 1195/1195/1195
f 1195/1195/1195 1216/1216/1216 1217/1217/1217
f 1195/1195/1195 1217/1217/1217 1196/1196/1196
f 1196/1196/1196 1217/1217/1217 1218/1218/1218
f 1196/1196/1196 1218/1218/1218 1197/1197/1197
f 1197/1197/1197 1218/1218/1218 1219/1219/1219
f 1197/1197/1197 1219/1219/1219 1198/1198/1198
f 1198/1198/1198 1219/1219/1219 1220/1220/1220
f 1198/1198/1198 1220/1220/1220 1199/1199/1199
f 1199/1199/1199 1220/1220/1220 1221/1221/1221
f 1199/1199/1199 1221/1221/1221 1200/1200/1200
f 1200/1200/1200 1221/1221/1221 1222/1222/1222
f 1200/1200/1200 1222/1222/1222 1201/1201/1201
f 1201/1201/1201 1222/1222/1222 1223/1223/1223
f 1201/1201/1201 1223/1223/1223 1202/1202/1202
f 1202/1202/1202 1223/1223/1223 1224/1224/1224
f 1202/1202/1202 1224/1224/1224 1203/1203/1203
f 1203/1203/1203 1224/1224/1224 1225/1225/1225
f 1203/1203/1203 1225/1225/1225 1204/1204/1204
f 1204/1204/1204 1225/1225/1225 1226/1226/1226
f 1204/1204/1204 1226/1226/1226 1205/1205/1205
f 1205/1205/1205 1226/1226/1226 1227/1227/1227
f 1205/1205/1205 1227/1227/1227 1206/1206/1206
f 1206/1206/1206 1227/1227/1227 1228/1228/1228
f 1206/1206/1206 1228/1228/1228 1207/1207/1207
f 1207/1207/1207 1228/1228/1228 1229/1229/1229
f 1207/1207/1207 1229/1229/1229 1208/1208/1208
f 1208/1208/1208 1229/1229/1229 1230/1230/1230
f 1208/1208/1208 1230/1230/1230 1209/1209/1209
f 1209/1209/1209 1230/1230/1230 1231/1231/1231
f 1209/1209/1209 1231/1231/1231 1210/1210/1210
f 1210/1210/1210 1231/1231/1231 1232/1232/1232
f 1210/1210/1210 1232/1232/1232 1211/1211/1211
f 1211/1211/1211 1232/1232/1232 1233/1233/1233
f 1211/1211/1211 1233/1233/1233 1212/1212/1212
f 1212/1212/1212 1233/1233/1233 1234/1234/1234
f 1212/1212/1212 1234/1234/1234 1213/1213/1213
f 1214/1214/1214 1235/1235/1235 1236/1236/1236
f 1214/1214/1214 1236/1236/1236 1215/1215/1215
f 1215/1215/1215 1236/1236/1236 1237/1237/1237
f 1215/1215/1215 1237/1237/1237 1216/1216/1216
f 1216/1216/1216 1237/1237/1237 1238/1238/1238
f 1216/1216/1216 1238/1238/1238 1217/1217/1217
f 1217/1217/1217 1238/1238/1238 1239/1239/1239
f 1217/1217/1217 1239/1239/1239 1218/1218/1218
f 1218/1218/1218 1239/1239/1239 1240/1240/1240
f 1218/1218/1218 1240/1240/1240 1219/1219/1219
f 1219/1219/1219 1240/1240/1240 1241/1241/1241
f 1219/1219/1219 1241/1241/1241 1220/1220/1220
f 1220/1220/1220 1241/1241/1241 1242/1242/1242
f 1220/1220/1220 1242/1242/1242 1221/1221/1221
f 1221/1221/1221 1242/1242/1242 1243/1243/1243
f 1221/1221/1221 1243/1243/1243 1222/1222/1222
f 1222/1222/1222 1243/1243/1243 1244/1244/1244
f 1222/1222/1222 1244/1244/1244 1223/1223/1223
f 1223/1223/1223 1244/1244/1244 1245/1245/1245
f 1223/1223/1223 1245/1245/1245 1224/1224/1224
f 1224/1224/1224 1245/1245/1245 1246/1246/1246
f 1224/1224/1224 1246/1246/1246 1225/1225/1225
f 1225/1225/1225 1246/1246/1246 1247/1247/1247
f 1225/1225/1225 1247/1247/1247 1226/1226/1226
f 1226/1226/1226 1247/1247/1247 1248/1248/1248
f 1226/1226/1226 1248/1248/1248 1227/1227/1227
f 1227/1227/1227 1248/1248/1248 1249/1249/1249
f 1227/1227/1227 1249/1249/1249 1228/1228/1228
f 1228/1228/1228 1249/1249/1249 1250/1250/1250
f 1228/1228/1228 1250/1250/1250 1229/1229/1229
f 1229/1229/1229 1250/1250/1250 1251/1251/1251
f 1229/1229/1229 1251/1251/1251 1230/1230/1230
f 1230/1230/1230 1251/1251/1251 1252/1252/1252
f 1230/1230/1230 1252/1252/1252 1231/1231/1231
f 1231/1231/1231 1252/1252/1252 1253/1253/1253
f 1231/1231/1231 1253/1253/1253 1232/1232/1232
f 1232/1232/1232 1253/1253/1253 1254/1254/1254
f 1232/1232/1232 1254/1254/1254 1233/1233/1233
f 1233/1233/1233 1254/1254/1254 1255/1255/1255
f 1233/1233/1233 1255/1255/1255 1234/1234/1234
f 1235/1235/1235 1256/1256/1256 1257/1257/1257
f 1235/1235/1235 1257/1257/1257 1236/1236/1236
f 1236/1236/1236 1257/1257/1257 1258/1258/1258
f 1236/1236/1236 1258/1258/1258 1237/1237/1237
f 1237/1237/1237 1258/1258/1258 1259/1259/1259
f 1237/1237/1237 1259/1259/1259 1238/1238/1238
f 1238/1238/1238 1259/1259/1259 1260/1260/1260
f 1238/1238/1238 1260/1260/1260 1239/1239/1239
f 1239/1239/1239 1260/1260/1260 1261/1261/1261
f 1239/1239/1239 1261/1261/1261 1240/1240/1240
f 1240/1240/1240 1261/1261/1261 1262/1262/1262
f 1240/1240/1240 1262/1262/1262 1241/1241/1241
f 1241/1241/1241 1262/1262/1262 1263/1263/1263
f 1241/1241/1241 1263/1263/1263 1242/1242/1242
f 1242/1242/1242 1263/1263/1263 1264/1264/1264
f 1242/1242/1242 1264/1264/1264 1243/1243/1243
f 1243/1243/1243 1264/1264/1264 1265/1265/1265
f 1243/1243/1243 1265/1265/1265 1244/1244/1244
f 1244/1244/1244 1265/1265/1265 1266/1266/1266
f 1244/1244/1244 1266/1266/1266 1245/1245/1245
f 1245/1245/1245 1266/1266/1266 1267/1267/1267
f 1245/1245/1245 1267/1267/1267 1246/1246/1246
f 1246/1246/1246 1267/1267/1267 1268/1268/1268
f 1246/1246/1246 1268/1268/1268 1247/1247/1247
f 1247/1247/1247 1268/1268/1268 1269/1269/1269
f 1247/1247/1247 1269/1269/1269 1248/1248/1248
f 1248/1248/1248 1269/1269/1269 1270/1270/1270
f 1248/1248/1248 1270/1270/1270 1249/1249/1249
f 1249/1249/1249 1270/1270/1270 1271/1271/1271
f 1249/1249/1249 1271/1271/1271 1250/1250/1250
f 1250/1250/1250 1271/1271/1271 1272/1272/1272
f 1250/1250/1250 1272/1272/1272 1251/1251/1251
f 1251/1251/1251 1272/1272/1272 1273/1273/1273
f 1251/1251/1251 1273/1273/1273 1252/1252/1252
f 1252/1252/1252 1273/1273/1273 1274/1274/1274
f 1252/1252/1252 1274/1274/1274 1253/1253/1253
f 1253/1253/1253 1274/1274/1274 1275/1275/1275
f 1253/1253/1253 1275/1275/1275 1254/1254/1254
f 1254/1254/1254 1275/1275/1275 1276/1276/1276
f 1254/1254/1254 1276/1276/1276 1255/1255/1255
f 1256/1256/1256 1277/1277/1277 1278/1278/1278
f 1256/1256/1256 1278/1278/1278 1257/1257/1257
f 1257/1257/1257 1278/1278/1278 1279/1279/1279
f 1257/1257/1257 1279/1279/1279 1258/1258/1258
f 1258/1258/1258 1279/1279/1279 1280/1280/1280
f 1258/1258/1258 1280/1280/1280 1259/1259/1259
f 1259/1259/1259 1280/1280/1280 1281/1281/1281
f 1259/1259/1259 1281/1281/1281 1260/1260/1260
f 1260/1260/1260 1281/1281/1281 1282/1282/1282
f 1260/1260/1260 1282/1282/1282 1261/1261/1261
f 1261/1261/1261 1282/1282/1282 1283/1283/1283
f 1261/1261/1261 1283/1283/1283 1262/1262/1262
f 1262/1262/1262 1283/1283/1283 1284/1284/1284
f 1262/1262/1262 1284/1284/1284 1263/1263/1263
f 1263/1263/1263 1284/1284/1284 1285/1285/1285
f 1263/1263/1263 1285/1285/1285 1264/1264/1264
f 1264/1264/1264 1285/1285/1285 1286/1286/1286
f 1264/1264/1264 1286/1286/1286 1265/1265/1265
f 1265/1265/1265 1286/1286/1286 1287/1287/1287
f 1265/1265/1265 1287/1287/1287 1266/1266/1266
f 1266/1266/1266 1287/1287/1287 1288/1288/1288
f 1266/1266/1266 1288/1288/1288 1267/1267/1267
f 1267/1267/1267 1288/1288/1288 1289/1289/1289
f 1267/1267/1267 1289/1289/1289 1268/1268/1268
f 1268/1268/1268 1289/1289/1289 1290/1290/1290
f 1268/1268/1268 1290/1290/1290 1269/1269/1269
f 1269/1269/1269 1290/1290/1290 1291/1291/1291
f 1269/1269/1269 1291/1291/1291 1270/1270/1270
f 1270/1270/1270 1291/1291/1291 1292/1292/1292
f 1270/1270/1270 1292/1292/1292 1271/1271/1271
f 1271/1271/1271 1292/1292/1292 1293/1293/1293
f 1271/1271/1271 1293/1293/1293 1272/1272/1272
f 1272/1272/1272 1293/1293/1293 1294/1294/1294
f 1272/1272/1272 1294/1294/1294 1273/1273/1273
f 1273/1273/1273 1294/1294/1294 1295/1295/1295
f 1273/1273/1273 1295/1295/1295 1274/1274/1274
f 1274/1274/1274 1295/1295/1295 1296/1296/1296
f 1274/1274/1274 1296/1296/1296 1275/1275/1275
f 1275/1275/1275 1296/1296/1296 1297/1297/1297
f 1275/1275/1275 1297/1297/1297 1276/1276/1276
f 1277/1277/1277 1298/1298/1298 1299/1299/1299
f 1277/1277/1277 1299/1299/1299 1278/1278/1278
f 1278/1278/1278 1299/1299/1299 1300/1300/1300
f 1278/1278/1278 1300/1300/1300 1279/1279/1279
f 1279/1279/1279 1300/1300/1300 1301/1301/1301
f 1279/1279/1279 1301/1301/1301 1280/1280/1280
f 1280/1280/1280 1301/1301/1301 1302/1302/1302
f 1280/1280/1280 1302/1302/1302 1281/1281/1281
f 1281/1281/1281 1302/1302/1302 1303/1303/1303
f 1281/1281/1281 1303/1303/1303 1282/1282/1282
f 1282/1282/1282 1303/1303/1303 1304/1304/1304
f 1282/1282/1282 1304/1304/1304 1283/1283/1283
f 1283/1283/1283 1304/1304/1304 1305/1305/1305
f 1283/1283/1283 1305/1305/1305 1284/1284/1284
f 1284/1284/1284 1305/1305/1305 1306/1306/1306
f 1284/1284/1284 1306/1306/1306 1285/1285/1285
f 1285/1285/1285 1306/1306/1306 1307/1307/1307
f 1285/1285/1285 1307/1307/1307 1286/1286/1286
f 1286/1286/1286 1307/1307/1307 1308/1308/1308
f 1286/1286/1286 1308/1308/1308 1287/1287/1287
f 1287/1287/1287 1308/1308/1308 1309/1309/1309
f 1287/1287/1287 1309/1309/1309 1288/1288/1288
f 1288/1288/1288 1309/1309/1309 1310/1310/1310
f 1288/1288/1288 1310/1310/1310 1289/1289/1289
f 1289/1289/1289 1310/1310/1310 1311/1311/1311
f 1289/1289/1289 1311/1311/1311 1290/1290/1290
f 1290/1290/1290 1311/1311/1311 1312/1312/1312
f 1290/1290/1290 1312/1312/1312 1291/1291/1291
f 1291/1291/1291 1312/1312/1312 1313/1313/1313
f 1291/1291/1291 1313/1313/1313 1292/1292/1292
f 1292/1292/1292 1313/1313/1313 1314/1314/1314
f 1292/1292/1292 1314/1314/1314 1293/1293/1293
f 1293/1293/1293 1314/1314/1314 1315/1315/1315
f 1293/1293/1293 1315/1315/1315 1294/1294/1294
f 1294/1294/1294 1315/1315/1315 1316/1316/1316
f 1294/1294/1294 1316/1316/1316 1295/1295/1295
f 1295/1295/1295 1316/1316/1316 1317/1317/1317
f 1295/1295/1295 1317/1317/1317 1296/1296/1296
f 1296/1296/1296 1317/1317/1317 1318/1318/1318
f 1296/1296/1296 1318/1318/1318 1297/1297/1297
f 1298/1298/1298 1319/1319/1319 1320/1320/1320
f 1298/1298/1298 1320/1320/1320 1299/1299/1299
f 1299/1299/1299 1320/1320/1320 1321/1321/1321
f 1299/1299/1299 1321/1321/1321 1300/1300/1300
f 1300/1300/1300 1321/1321/1321 1322/1322/1322
f 1300/1300/1300 1322/1322/1322 1301/1301/1301
f 1301/1301/1301 1322/1322/1322 1323/1323/1323
f 1301/1301/1301 1323/1323/1323 1302/1302/1302
f 1302/1302/1302 1323/1323/1323 1324/1324/1324
f 1302/1302/1302 1324/1324/1324 1303/1303/1303
f 1303/1303/1303 1324/1324/1324 1325/1325/1325
f 1303/1303/1303 1325/1325/1325 1304/1304/1304
f 1304/1304/1304 1325/1325/1325 1326/1326/1326
f 1304/1304/1304 1326/1326/1326 1305/1305/1305
f 1305/1305/1305 1326/1326/1326 1327/1327/1327
f 1305/1305/1305 1327/1327/1327 1306/1306/1306
f 1306/1306/1306 1327/1327/1327 1328/1328/1328
f 1306/1306/1306 1328/1328/1328 1307/1307/1307
f 1307/1307/1307 1328/1328/1328 1329/1329/1329
f 1307/1307/1307 1329/1329/1329 1308/1308/1308
f 1308/1308/1308 1329/1329/1329 1330/1330/1330
f 1308/1308/1308 1330/1330/1330 1309/1309/1309
f 1309/1309/1309 1330/1330/1330 1331/1331/1331
f 1309/1309/1309 1331/1331/1331 1310/1310/1310
f 1310/1310/1310 1331/1331/1331 1332/1332/1332
f 1310/1310/1310 1332/1332/1332 1311/1311/1311
f 1311/1311/1311 1332/1332/1332 1333/1333/1333
f 1311/1311/1311 1333/1333/1333 1312/1312/1312
f 1312/1312/1312 1333/1333/1333 1334/1334/1334
f 1312/1312/1312 1334/1334/1334 1313/1313/1313
f 1313/1313/1313 1334/1334/1334 1335/1335/1335
f 1313/1313/1313 1335/1335/1335 1314/1314/1314
f 1314/1314/1314 1335/1335/1335 1336/1336/1336
f 1314/1314/1314 1336/1336/1336 1315/1315/1315
f 1315/1315/1315 1336/1336/1336 1337/1337/1337
f 1315/1315/1315 1337/1337/1337 1316/1316/1316
f 1316/1316/1316 1337/1337/1337 1338/1338/1338
f 1316/1316/1316 1338/1338/1338 1317/1317/1317
f 1317/1317/1317 1338/1338/1338 1339/1339/1339
f 1317/1317/1317 1339/1339/1339 1318/1318/1318
f 1319/1319/1319 1340/1340/1340 1341/1341/1341
f 1319/1319/1319 1341/1341/1341 1320/1320/1320
f 1320/1320/1320 1341/1341/1341 1342/1342/1342
f 1320/1320/1320 1342/1342/1342 1321/1321/1321
f 1321/1321/1321 1342/1342/1342 1343/1343/1343
f 1321/1321/1321 1343/1343/1343 1322/1322/1322
f 1322/1322/1322 1343/1343/1343 1344/1344/1344
f 1322/1322/1322 1344/1344/1344 1323/1323/1323
f 1323/1323/1323 1344/1344/1344 1345/1345/1345
f 1323/1323/1323 1345/1345/1345 1324/1324/1324
f 1324/1324/1324 1345/1345/1345 1346/1346/1346
f 1324/1324/1324 1346/1346/1346 1325/1325/1325
f 1325/1325/1325 1346/1346/1346 1347/1347/1347
f 1325/1325/1325 1347/1347/1347 1326/1326/1326
f 1326/1326/1326 1347/1347/1347 1348/1348/1348
f 1326/1326/1326 1348/1348/1348 1327/1327/1327
f 1327/1327/1327 1348/1348/1348 1349/1349/1349
f 1327/1327/1327 1349/1349/1349 1328/1328/1328
f 1328/1328/1328 1349/1349/1349 1350/1350/1350
f 1328/1328/1328 1350/1350/1350 1329/1329/1329
f 1329/1329/1329 1350/1350/1350 1351/1351/1351
f 1329/1329/1329 1351/1351/1351 1330/1330/1330
f 1330/1330/1330 1351/1351/1351 1352/1352/1352
f 1330/1330/1330 1352/1352/1352 1331/1331/1331
f 1331/1331/1331 1352/1352/1352 1353/1353/1353
f 1331/1331/1331 1353/1353/1353 1332/1332/1332
f 1332/1332/1332 1353/1353/1353 1354/1354/1354
f 1332/1332/1332 1354/1354/1354 1333/1333/1333
f 1333/1333/1333 1354/1354/1354 1355/1355/1355
f 1333/1333/1333 1355/1355/1355 1334/1334/1334
f 1334/1334/1334 1355/1355/1355 1356/1356/1356
f 1334/1334/1334 1356/1356/1356 1335/1335/1335
f 1335/1335/1335 1356/1356/1356 1357/1357/1357
f 1335/1335/1335 1357/1357/1357 1336/1336/1336
f 1336/1336/1336 1357/1357/1357 1358/1358/1358
f 1336/1336/1336 1358/1358/1358 1337/1337/1337
f 1337/1337/1337 1358/1358/1358 1359/1359/1359
f 1337/1337/1337 1359/1359/1359 1338/1338/1338
f 1338/1338/1338 1359/1359/1359 1360/1360/1360
f 1338/1338/1338 1360/1360/1360 1339/1339/1339
f 1340/1340/1340 1361/1361/1361 1362/1362/1362
f 1340/1340/1340 1362/1362/1362 1341/1341/1341
f 1341/1341/1341 1362/1362/1362 1363/1363/1363
f 1341/1341/1341 1363/1363/1363 1342/1342/1342
f 1342/1342/1342 1363/1363/1363 1364/1364/1364
f 1342/1342/1342 1364/1364/1364 1343/1343/1343
f 1343/1343/1343 1364/1364/1364 1365/1365/1365
f 1343/1343/1343 1365/1365/1365 1344/1344/1344
f 1344/1344/1344 1365/1365/1365 1366/1366/1366
f 1344/1344/1344 1366/1366/1366 1345/1345/1345
f 1345/1345/1345 1366/1366/1366 1367/1367/1367
f 1345/1345/1345 1367/1367/1367 1346/1346/1346
f 1346/1346/1346 1367/1367/1367 1368/1368/1368
f 1346/1346/1346 1368/1368/1368 1347/1347/1347
f 1347/1347/1347 1368/1368/1368 1369/1369/1369
f 1347/1347/1347 1369/1369/1369 1348/1348/1348
f 1348/1348/1348 1369/1369/1369 1370/1370/1370
f 1348/1348/1348 1370/1370/1370 1349/1349/1349
f 1349/1349/1349 1370/1370/1370 1371/1371/1371
f 1349/1349/1349 1371/1371/1371 1350/1350/1350
f 1350/1350/1350 1371/1371/1371 1372/1372/1372
f 1350/1350/1350 1372/1372/1372 1351/1351/1351
f 1351/1351/1351 1372/1372/1372 1373/1373/1373
f 1351/1351/1351 1373/1373/1373 1352/1352/1352
f 1352/1352/1352 1373/1373/1373 1374/1374/1374
f 1352/1352/1352 1374/1374/1374 1353/1353/1353
f 1353/1353/1353 1374/1374/1374 1375/1375/1375
f 1353/1353/1353 1375/1375/1375 1354/1354/1354
f 1354/1354/1354 1375/1375/1375 1376/1376/1376
f 1354/1354/1354 1376/1376/1376 1355/1355/1355
f 1355/1355/1355 1376/1376/1376 1377/1377/1377
f 1355/1355/1355 1377/1377/1377 1356/1356/1356
f 1356/1356/1356 1377/1377/1377 1378/1378/1378
f 1356/1356/1356 1378/1378/1378 1357/1357/1357
f 1357/1357/1357 1378/1378/1378 1379/1379/1379
f 1357/1357/1357 1379/1379/1379 1358/1358/1358
f 1358/1358/1358 1379/1379/1379 1380/1380/1380
f 1358/1358/1358 1380/1380/1380 1359/1359/1359
f 1359/1359/1359 1380/1380/1380 1381/1381/1381
f 1359/1359/1359 1381/1381/1381 1360/1360/1360
f 1361/1361/1361 1382/1382/1382 1383/1383/1383
f 1361/1361/1361 1383/1383/1383 1362/1362/1362
f 1362/1362/1362 1383/1383/1383 1384/1384/1384
f 1362/1362/1362 1384/1384/1384 1363/1363/1363
f 1363/1363/1363 1384/1384/1384 1385/1385/1385
f 1363/1363/1363 1385/1385/1385 1364/1364/1364
f 1364/1364/1364 1385/1385/1385 1386/1386/1386
f 1364/1364/1364 1386/1386/1386 1365/1365/1365
f 1365/1365/1365 1386/1386/1386 1387/1387/1387
f 1365/1365/1365 1387/1387/1387 1366/1366/1366
f 1366/1366/1366 1387/1387/1387 1388/1388/1388
f 1366/1366/1366 1388/1388/1388 1367/1367/1367
f 1367/1367/1367 1388/1388/1388 1389/1389/1389
f 1367/1367/1367 1389/1389/1389 1368/1368/1368
f 1368/1368/1368 1389/1389/1389 1390/1390/1390
f 1368/1368/1368 1390/1390/1390 1369/1369/1369
f 1369/1369/1369 1390/1390/1390 1391/1391/1391
f 1369/1369/1369 1391/1391/1391 1370/1370/1370
f 1370/1370/1370 1391/1391/1391 1392/1392/1392
f 1370/1370/1370 1392/1392/1392 1371/1371/1371
f 1371/1371/1371 1392/1392/1392 1393/1393/1393
f 1371/1371/1371 1393/1393/1393 1372/1372/1372
f 1372/1372/1372 1393/1393/1393 1394/1394/1394
f 1372/1372/1372 1394/1394/1394 1373/1373/1373
f 1373/1373/1373 1394/1394/1394 1395/1395/1395
f 1373/1373/1373 1395/1395/1395 1374/1374/1374
f 1374/1374/1374 1395/1395/1395 1396/1396/1396
f 1374/1374/1374 1396/1396/1396 1375/1375/1375
f 1375/1375/1375 1396/1396/1396 1397/1397/1397
f 1375/1375/1375 1397/1397/1397 1376/1376/1376
f 1376/1376/1376 1397/1397/1397 1398/1398/1398
f 1376/1376/1376 1398/1398/1398 1377/1377/1377
f 1377/1377/1377 1398/1398/1398 1399/1399/1399
f 1377/1377/1377 1399/1399/1399 1378/1378/1378
f 1378/1378/1378 1399/1399/1399 1400/1400/1400
f 1378/1378/1378 1400/1400/1400 1379/1379/1379
f 1379/1379/1379 1400/1400/1400 1401/1401/1401
f 1379/1379/1379 1401/1401/1401 1380/1380/1380
f 1380/1380/1380 1401/1401/1401 1402/1402/1402
f 1380/1380/1380 1402/1402/1402 1381/1381/1381
f 1382/1382/1382 1403/1403/1403 1404/1404/1404
f 1382/1382/1382 1404/1404/1404 1383/1383/1383
f 1383/1383/1383 1404/1404/1404 1405/1405/1405
f 1383/1383/1383 1405/1405/1405 1384/1384/1384
f 1384/1384/1384 1405/1405/1405 1406/1406/1406
f 1384/1384/1384 1406/1406/1406 1385/1385/1385
f 1385/1385/1385 1406/1406/1406 1407/1407/1407
f 1385/1385/1385 1407/1407/1407 1386/1386/1386
f 1386/1386/1386 1407/1407/1407 1408/1408/1408
f 1386/1386/1386 1408/1408/1408 1387/1387/1387
f 1387/1387/1387 1408/1408/1408 1409/1409/1409
f 1387/1387/1387 1409/1409/1409 1388/1388/1388
f 1388/1388/1388 1409/1409/1409 1410/1410/1410
f 1388/1388/1388 1410/1410/1410 1389/1389/1389
f 1389/1389/1389 1410/1410/1410 1411/1411/1411
f 1389/1389/1389 1411/1411/1411 1390/1390/1390
f 1390/1390/1390 1411/1411/1411 1412/1412/1412
f 1390/1390/1390 1412/1412/1412 1391/1391/1391
f 1391/1391/1391 1412/1412/1412 1413/1413/1413
f 1391/1391/1391 1413/1413/1413 1392/1392/1392
f 1392/1392/1392 1413/1413/1413 1414/1414/1414
f 1392/1392/1392 1414/1414/1414 1393/1393/1393
f 1393/1393/1393 1414/1414/1414 1415/1415/1415
f 1393/1393/1393 1415/1415/1415 1394/1394/1394
f 1394/1394/1394 1415/1415/1415 1416/1416/1416
f 1394/1394/1394 1416/1416/1416 1395/1395/1395
f 1395/1395/1395 1416/1416/1416 1417/1417/1417
f 1395/1395/1395 1417/1417/1417 1396/1396/1396
f 1396/1396/1396 1417/1417/1417 1418/1418/1418
f 1396/1396/1396 1418/1418/1418 1397/1397/1397
f 1397/1397/1397 1418/1418/1418 1419/1419/1419
f 1397/1397/1397 1419/1419/1419 1398/1398/1398
f 1398/1398/1398 1419/1419/1419 1420/1420/1420
f 1398/1398/1398 1420/1420/1420 1399/1399/1399
f 1399/1399/1399 1420/1420/1420 1421/1421/1421
f 1399/1399/1399 1421/1421/1421 1400/1400/1400
f 1400/1400/1400 1421/1421/1421 1422/1422/1422
f 1400/1400/1400 1422/1422/1422 1401/1401/1401
f 1401/1401/1401 1422/1422/1422 1423/1423/1423
f 1401/1401/1401 1423/1423/1423 1402/1402/1402
f 1403/1403/1403 1424/1424/1424 1425/1425/1425
f 1403/1403/1403 1425/1425/1425 1404/1404/1404
f 1404/1404/1404 1425/1425/1425 1426/1426/1426
f 1404/1404/1404 1426/1426/1426 1405/1405/1405
f 1405/1405/1405 1426/1426/1426 1427/1427/1427
f 1405/1405/1405 1427/1427/1427 1406/1406/1406
f 1406/1406/1406 1427/1427/1427 1428/1428/1428
f 1406/1406/1406 1428/1428/1428 1407/1407/1407
f 1407/1407/1407 1428/1428/1428 1429/1429/1429
f 1407/1407/1407 1429/1429/1429 1408/1408/1408
f 1408/1408/1408 1429/1429/1429 1430/1430/1430
f 1408/1408/1408 1430/1430/1430 1409/1409/1409
f 1409/1409/1409 1430/1430/1430 1431/1431/1431
f 1409/1409/1409 1431/1431/1431 1410/1410/1410
f 1410/1410/1410 1431/1431/1431 1432/1432/1432
f 1410/1410/1410 1432/1432/1432 1411/1411/1411
f 1411/1411/1411 1432/1432/1432 1433/1433/1433
f 1411/1411/1411 1433/1433/1433 1412/1412/1412
f 1412/1412/1412 1433/1433/1433 1434/1434/1434
f 1412/1412/1412 1434/1434/1434 1413/1413/1413
f 1413/1413/1413 1434/1434/1434 1435/1435/1435
f 1413/1413/1413 1435/1435/1435 1414/1414/1414
f 1414/1414/1414 1435/1435/1435 1436/1436/1436
f 1414/1414/1414 1436/1436/1436 1415/1415/1415
f 1415/1415/1415 1436/1436/1436 1437/1437/1437
f 1415/1415/1415 1437/1437/1437 1416/1416/1416
f 1416/1416/1416 1437/1437/1437 1438/1438/1438
f 1416/1416/1416 1438/1438/1438 1417/1417/1417
f 1417/1417/1417 1438/1438/1438 1439/1439/1439
f 1417/1417/1417 1439/1439/1439 1418/1418/1418
f 1418/1418/1418 1439/1439/1439 1440/1440/1440
f 1418/1418/1418 1440/1440/1440 1419/1419/1419
f 1419/1419/1419 1440/1440/1440 1441/1441/1441
f 1419/1419/1419 1441/1441/1441 1420/1420/1420
f 1420/1420/1420 1441/1441/1441 1442/1442/1442
f 1420/1420/1420 1442/1442/1442 1421/1421/1421
f 1421/1421/1421 1442/1442/1442 1443/1443/1443
f 1421/1421/1421 1443/1443/1443 1422/1422/1422
f 1422/1422/1422 1443/1443/1443 1444/1444/1444
f 1422/1422/1422 1444/1444/1444 1423/1423/1423
f 1424/1424/1424 1445/1445/1445 1446/1446/1446
f 1424/1424/1424 1446/1446/1446 1425/1425/1425
f 1425/1425/1425 1446/1446/1446 1447/1447/1447
f 1425/1425/1425 1447/1447/1447 1426/1426/1426
f 1426/1426/1426 1447/1447/1447 1448/1448/1448
f 1426/1426/1426 1448/1448/1448 1427/1427/1427
f 1427/1427/1427 1448/1448/1448 1449/1449/1449
f 1427/1427/1427 1449/1449/1449 1428/1428/1428
f 1428/1428/1428 1449/1449/1449 1450/1450/1450
f 1428/1428/1428 1450/1450/1450 1429/1429/1429
f 1429/1429/1429 1450/1450/1450 1451/1451/1451
f 1429/1429/1429 1451/1451/1451 1430/1430/1430
f 1430/1430/1430 1451/1451/1451 1452/1452/1452
f 1430/1430/1430 1452/1452/1452 1431/1431/1431
f 1431/1431/1431 1452/1452/1452 1453/1453/1453
f 1431/1431/1431 1453/1453/1453 1432/1432/1432
f 1432/1432/1432 1453/1453/1453 1454/1454/1454
f 1432/1432/1432 1454/1454/1454 1433/1433/1433
f 1433/1433/1433 1454/1454/1454 1455/1455/1455
f 1433/1433/1433 1455/1455/1455 1434/1434/1434
f 1434/1434/1434 1455/1455/1455 1456/1456/1456
f 1434/1434/1434 1456/1456/1456 1435/1435/1435
f 1435/1435/1435 1456/1456/1456 1457/1457/1457
f 1435/1435/1435 1457/1457/1457 1436/1436/1436
f 1436/1436/1436 1457/1457/1457 1458/1458/1458
f 1436/1436/1436 1458/1458/1458 1437/1437/1437
f 1437/1437/1437 1458/1458/1458 1459/1459/1459
f 1437/1437/1437 1459/1459/1459 1438/1438/1438
f 1438/1438/1438 1459/1459/1459 1460/1460/1460
f 1438/1438/1438 1460/1460/1460 1439/1439/1439
f 1439/1439/1439 1460/1460/1460 1461/1461/1461
f 1439/1439/1439 1461/1461/1461 1440/1440/1440
f 1440/1440/1440 1461/1461/1461 1462/1462/1462
f 1440/1440/1440 1462/1462/1462 1441/1441/1441
f 1441/1441/1441 1462/1462/1462 1463/1463/1463
f 1441/1441/1441 1463/1463/1463 1442/1442/1442
f 1442/1442/1442 1463/1463/1463 1464/1464/1464
f 1442/1442/1442 1464/1464/1464 1443/1443/1443
f 1443/1443/1443 1464/1464/1464 1465/1465/1465
f 1443/1443/1443 1465/1465/1465 1444/1444/1444
f 1445/1445/1445 1466/1466/1466 1467/1467/1467
f 1445/1445/1445 1467/1467/1467 1446/1446/1446
f 1446/1446/1446 1467/1467/1467 1468/1468/1468
f 1446/1446/1446 1468/1468/1468 1447/1447/1447
f 1447/1447/1447 1468/1468/1468 1469/1469/1469
f 1447/1447/1447 1469/1469/1469 1448/1448/1448
f 1448/1448/1448 1469/1469/1469 1470/1470/1470
f 1448/1448/1448 1470/1470/1470 1449/1449/1449
f 1449/1449/1449 1470/1470/1470 1471/1471/1471
f 1449/1449/1449 1471/1471/1471 1450/1450/1450
f 1450/1450/1450 1471/1471/1471 1472/1472/1472
f 1450/1450/1450 1472/1472/1472 1451/1451/1451
f 1451/1451/1451 1472/1472/1472 1473/1473/1473
f 1451/1451/1451 1473/1473/1473 1452/1452/1452
f 1452/1452/1452 1473/1473/1473 1474/1474/1474
f 1452/1452/1452 1474/1474/1474 1453/1453/1453
f 1453/1453/1453 1474/1474/1474 1475/1475/1475
f 1453/1453/1453 1475/1475/1475 1454/1454/1454
f 1454/1454/1454 1475/1475/1475 1476/1476/1476
f 1454/1454/1454 1476/1476/1476 1455/1455/1455
f 1455/1455/1455 1476/1476/1476 1477/1477/1477
f 1455/1455/1455 1477/1477/1477 1456/1456/1456
f 1456/1456/1456 1477/1477/1477 1478/1478/1478
f 1456/1456/1456 1478/1478/1478 1457/1457/1457
f 1457/1457/1457 1478/1478/1478 1479/1479/1479
f 1457/1457/1457 1479/1479/1479 1458/1458/1458
f 1458/1458/1458 1479/1479/1479 1480/1480/1480
f 1458/1458/1458 1480/1480/1480 1459/1459/1459
f 1459/1459/1459 1480/1480/1480 1481/1481/1481
f 1459/1459/1459 1481/1481/1481 1460/1460/1460
f 1460/1460/1460 1481/1481/1481 1482/1482/1482
f 1460/1460/1460 1482/1482/1482 1461/1461/1461
f 1461/1461/1461 1482/1482/1482 1483/1483/1483
f 1461/1461/1461 1483/1483/1483 1462/1462/1462
f 1462/1462/1462 1483/1483/1483 1484/1484/1484
f 1462/1462/1462 1484/1484/1484 1463/1463/1463
f 1463/1463/1463 1484/1484/1484 1485/1485/1485
f 1463/1463/1463 1485/1485/1485 1464/1464/1464
f 1464/1464/1464 1485/1485/1485 1486/1486/1486
f 1464/1464/1464 1486/1486/1486 1465/1465/1465
f 1466/1466/1466 1487/1487/1487 1488/1488/1488
f 1466/1466/1466 1488/1488/1488 1467/1467/1467
f 1467/1467/1467 1488/1488/1488 1489/1489/1489
f 1467/1467/1467 1489/1489/1489 1468/1468/1468
f 1468/1468/1468 1489/1489/1489 1490/1490/1490
f 1468/1468/1468 1490/1490/1490 1469/1469/1469
f 1469/1469/1469 1490/1490/1490 1491/1491/1491
f 1469/1469/1469 1491/1491/1491 1470/1470/1470
f 1470/1470/1470 1491/1491/1491 1492/1492/1492
f 1470/1470/1470 1492/1492/1492 1471/1471/1471
f 1471/1471/1471 1492/1492/1492 1493/1493/1493
f 1471/1471/1471 1493/1493/1493 1472/1472/1472
f 1472/1472/1472 1493/1493/1493 1494/1494/1494
f 1472/1472/1472 1494/1494/1494 1473/1473/1473
f 1473/1473/1473 1494/1494/1494 1495/1495/1495
f 1473/1473/1473 1495/1495/1495 1474/1474/1474
f 1474/1474/1474 1495/1495/1495 1496/1496/1496
f 1474/1474/1474 1496/1496/1496 1475/1475/1475
f 1475/1475/1475 1496/1496/1496 1497/1497/1497
f 1475/1475/1475 1497/1497/1497 1476/1476/1476
f 1476/1476/1476 1497/1497/1497 1498/1498/1498
f 1476/1476/1476 1498/1498/1498 1477/1477/1477
f 1477/1477/1477 1498/1498/1498 1499/1499/1499
f 1477/1477/1477 1499/1499/1499 1478/1478/1478
f 1478/1478/1478 1499/1499/1499 1500/1500/1500
f 1478/1478/1478 1500/1500/1500 1479/1479/1479
f 1479/1479/1479 1500/1500/1500 1501/1501/1501
f 1479/1479/1479 1501/1501/1501 1480/1480/1480
f 1480/1480/1480 1501/1501/1501 1502/1502/1502
f 1480/1480/1480 1502/1502/1502 1481/1481/1481
f 1481/1481/1481 1502/1502/1502 1503/1503/1503
f 1481/1481/1481 1503/1503/1503 1482/1482/1482
f 1482/1482/1482 1503/1503/1503 1504/1504/1504
f 1482/1482/1482 1504/1504/1504 1483/1483/1483
f 1483/1483/1483 1504/1504/1504 1505/1505/1505
f 1483/1483/1483 1505/1505/1505 1484/1484/1484
f 1484/1484/1484 1505/1505/1505 1506/1506/1506
f 1484/1484/1484 1506/1506/1506 1485/1485/1485
f 1485/1485/1485 1506/1506/1506 1507/1507/1507
f 1485/1485/1485 1507/1507/1507 1486/1486/1486
f 1487/1487/1487 1508/1508/1508 1509/1509/1509
f 1487/1487/1487 1509/1509/1509 1488/1488/1488
f 1488/1488/1488 1509/1509/1509 1510/1510/1510
f 1488/1488/1488 1510/1510/1510 1489/1489/1489
f 1489/1489/1489 1510/1510/1510 1511/1511/1511
f 1489/1489/1489 1511/1511/1511 1490/1490/1490
f 1490/1490/1490 1511/1511/1511 1512/1512/1512
f 1490/1490/1490 1512/1512/1512 1491/1491/1491
f 1491/1491/1491 1512/1512/1512 1513/1513/1513
f 1491/1491/1491 1513/1513/1513 1492/1492/1492
f 1492/1492/1492 1513/1513/1513 1514/1514/1514
f 1492/1492/1492 1514/1514/1514 1493/1493/1493
f 1493/1493/1493 1514/1514/1514 1515/1515/1515
f 1493/1493/1493 1515/1515/1515 1494/1494/1494
f 1494/1494/1494 1515/1515/1515 1516/1516/1516
f 1494/1494/1494 1516/1516/1516 1495/1495/1495
f 1495/1495/1495 1516/1516/1516 1517/1517/1517
f 1495/1495/1495 1517/1517/1517 1496/1496/1496
f 1496/1496/1496 1517/1517/1517 1518/1518/1518
f 1496/1496/1496 1518/1518/1518 1497/1497/1497
f 1497/1497/1497 1518/1518/1518 1519/1519/1519
f 1497/1497/1497 1519/1519/1519 1498/1498/1498
f 1498/1498/1498 1519/1519/1519 1520/1520/1520
f 1498/1498/1498 1520/1520/1520 1499/1499/1499
f 1499/1499/1499 1520/1520/1520 1521/1521/1521
f 1499/1499/1499 1521/1521/1521 1500/1500/1500
f 1500/1500/1500 1521/1521/1521 1522/1522/1522
f 1500/1500/1500 1522/1522/1522 1501/1501/1501
f 1501/1501/1501 1522/1522/1522 1523/1523/1523
f 1501/1501/1501 1523/1523/1523 1502/1502/1502
f 1502/1502/1502 1523/1523/1523 1524/1524/1524
f 1502/1502/1502 1524/1524/1524 1503/1503/1503
f 1503/1503/1503 1524/1524/1524 1525/1525/1525
f 1503/1503/1503 1525/1525/1525 1504/1504/1504
f 1504/1504/1504 1525/1525/1525 1526/1526/1526
f 1504/1504/1504 1526/1526/1526 1505/1505/1505
f 1505/1505/1505 1526/1526/1526 1527/1527/1527
f 1505/1505/1505 1527/1527/1527 1506/1506/1506
f 1506/1506/1506 1527/1527/1527 1528/1528/1528
f 1506/1506/1506 1528/1528/1528 1507/1507/1507
f 1508/1508/1508 1529/1529/1529 1530/1530/1530
f 1508/1508/1508 1530/1530/1530 1509/1509/1509
f 1509/1509/1509 1530/1530/1530 1531/1531/1531
f 1509/1509/1509 1531/1531/1531 1510/1510/1510
f 1510/1510/1510 1531/1531/1531 1532/1532/1532
f 1510/1510/1510 1532/1532/1532 1511/1511/1511
f 1511/1511/1511 1532/1532/1532 1533/1533/1533
f 1511/1511/1511 1533/1533/1533 1512/1512/1512
f 1512/1512/1512 1533/1533/1533 1534/1534/1534
f 1512/1512/1512 1534/1534/1534 1513/1513/1513
f 1513/1513/1513 1534/1534/1534 1535/1535/1535
f 1513/1513/1513 1535/1535/1535 1514/1514/1514
f 1514/1514/1514 1535/1535/1535 1536/1536/1536
f 1514/1514/1514 1536/1536/1536 1515/1515/1515
f 1515/1515/1515 1536/1536/1536 1537/1537/1537
f 1515/1515/1515 1537/1537/1537 1516/1516/1516
f 1516/1516/1516 1537/1537/1537 1538/1538/1538
f 1516/1516/1516 1538/1538/1538 1517/1517/1517
f 1517/1517/1517 1538/1538/1538 1539/1539/1539
f 1517/1517/1517 1539/1539/1539 1518/1518/1518
f 1518/1518/1518 1539/1539/1539 1540/1540/1540
f 1518/1518/1518 1540/1540/1540 1519/1519/1519
f 1519/1519/1519 1540/1540/1540 1541/1541/1541
f 1519/1519/1519 1541/1541/1541 1520/1520/1520
f 1520/1520/1520 1541/1541/1541 1542/1542/1542
f 1520/1520/1520 1542/1542/1542 1521/1521/1521
f 1521/1521/1521 1542/1542/1542 1543/1543/1543
f 1521/1521/1521 1543/1543/1543 1522/1522/1522
f 1522/1522/1522 1543/1543/1543 1544/1544/1544
f 1522/1522/1522 1544/1544/1544 1523/1523/1523
f 1523/1523/1523 1544/1544/1544 1545/1545/1545
f 1523/1523/1523 1545/1545/1545 1524/1524/1524
f 1524/1524/1524 1545/1545/1545 1546/1546/1546
f 1524/1524/1524 1546/1546/1546 1525/1525/1525
f 1525/1525/1525 1546/1546/1546 1547/1547/1547
f 1525/1525/1525 1547/1547/1547 1526/1526/1526
f 1526/1526/1526 1547/1547/1547 1548/1548/1548
f 1526/1526/1526 1548/1548/1548 1527/1527/1527
f 1527/1527/1527 1548/1548/1548 1549/1549/1549
f 1527/1527/1527 1549/1549/1549 1528/1528/1528
f 1529/1529/1529 1550/1550/1550 1551/1551/1551
f 1529/1529/1529 1551/1551/1551 1530/1530/1530
f 1530/1530/1530 1551/1551/1551 1552/1552/1552
f 1530/1530/1530 1552/1552/1552 1531/1531/1531
f 1531/1531/1531 1552/1552/1552 1553/1553/1553
f 1531/1531/1531 1553/1553/1553 1532/1532/1532
f 1532/1532/1532 1553/1553/1553 1554/1554/1554
f 1532/1532/1532 1554/1554/1554 1533/1533/1533
f 1533/1533/1533 1554/1554/1554 1555/1555/1555
f 1533/1533/1533 1555/1555/1555 1534/1534/1534
f 1534/1534/1534 1555/1555/1555 1556/1556/1556
f 1534/1534/1534 1556/1556/1556 1535/1535/1535
f 1535/1535/1535 1556/1556/1556 1557/1557/1557
f 1535/1535/1535 1557/1557/1557 1536/1536/1536
f 1536/1536/1536 1557/1557/1557 1558/1558/1558
f 1536/1536/1536 1558/1558/1558 1537/1537/1537
f 1537/1537/1537 1558/1558/1558 1559/1559/1559
f 1537/1537/1537 1559/1559/1559 1538/1538/1538
f 1538/1538/1538 1559/1559/1559 1560/1560/1560
f 1538/1538/1538 1560/1560/1560 1539/1539/1539
f 1539/1539/1539 1560/1560/1560 1561/1561/1561
f 1539/1539/1539 1561/1561/1561 1540/1540/1540
f 1540/1540/1540 1561/1561/1561 1562/1562/1562
f 1540/1540/1540 1562/1562/1562 1541/1541/1541
f 1541/1541/1541 1562/1562/1562 1563/1563/1563
f 1541/1541/1541 1563/1563/1563 1542/1542/1542
f 1542/1542/1542 1563/1563/1563 1564/1564/1564
f 1542/1542/1542 1564/1564/1564 1543/1543/1543
f 1543/1543/1543 1564/1564/1564 1565/1565/1565
f 1543/1543/1543 1565/1565/1565 1544/1544/1544
f 1544/1544/1544 1565/1565/1565 1566/1566/1566
f 1544/1544/1544 1566/1566/1566 1545/1545/1545
f 1545/1545/1545 1566/1566/1566 1567/1567/1567
f 1545/1545/1545 1567/1567/1567 1546/1546/1546
f 1546/1546/1546 1567/1567/1567 1568/1568/1568
f 1546/1546/1546 1568/1568/1568 1547/1547/1547
f 1547/1547/1547 1568/1568/1568 1569/1569/1569
f 1547/1547/1547 1569/1569/1569 1548/1548/1548
f 1548/1548/1548 1569/1569/1569 1570/1570/1570
f 1548/1548/1548 1570/1570/1570 1549/1549/1549
f 1550/1550/1550 1571/1571/1571 1572/1572/1572
f 1550/1550/1550 1572/1572/1572 1551/1551/1551
f 1551/1551/1551 1572/1572/1572 1573/1573/1573
f 1551/1551/1551 1573/1573/1573 1552/1552/1552
f 1552/1552/1552 1573/1573/1573 1574/1574/1574
f 1552/1552/1552 1574/1574/1574 1553/1553/1553
f 1553/1553/1553 1574/1574/1574 1575/1575/1575
f 1553/1553/1553 1575/1575/1575 1554/1554/1554
f 1554/1554/1554 1575/1575/1575 1576/1576/1576
f 1554/1554/1554 1576/1576/1576 1555/1555/1555
f 1555/1555/1555 1576/1576/1576 1577/1577/1577
f 1555/1555/1555 1577/1577/1577 1556/1556/1556
f 1556/1556/1556 1577/1577/1577 1578/1578/1578
f 1556/1556/1556 1578/1578/1578 1557/1557/1557
f 1557/1557/1557 1578/1578/1578 1579/1579/1579
f 1557/1557/1557 1579/1579/1579 1558/1558/1558
f 1558/1558/1558 1579/1579/1579 1580/1580/1580
f 1558/1558/1558 1580/1580/1580 1559/1559/1559
f 1559/1559/1559 1580/1580/1580 1581/1581/1581
f 1559/1559/1559 1581/1581/1581 1560/1560/1560
f 1560/1560/1560 1581/1581/1581 1582/1582/1582
f 1560/1560/1560 1582/1582/1582 1561/1561/1561
f 1561/1561/1561 1582/1582/1582 1583/1583/1583
f 1561/1561/1561 1583/1583/1583 1562/1562/1562
f 1562/1562/1562 1583/1583/1583 1584/1584/1584
f 1562/1562/1562 1584/1584/1584 1563/1563/1563
f 1563/1563/1563 1584/1584/1584 1585/1585/1585
f 1563/1563/1563 1585/1585/1585 1564/1564/1564
f 1564/1564/1564 1585/1585/1585 1586/1586/1586
f 1564/1564/1564 1586/1586/1586 1565/1565/1565
f 1565/1565/1565 1586/1586/1586 1587/1587/1587
f 1565/1565/1565 1587/1587/1587 1566/1566/1566
f 1566/1566/1566 1587/1587/1587 1588/1588/1588
f 1566/1566/1566 1588/1588/1588 1567/1567/1567
f 1567/1567/1567 1588/1588/1588 1589/1589/1589
f 1567/1567/1567 1589/1589/1589 1568/1568/1568
f 1568/1568/1568 1589/1589/1589 1590/1590/1590
f 1568/1568/1568 1590/1590/1590 1569/1569/1569
f 1569/1569/1569 1590/1590/1590 1591/1591/1591
f 1569/1569/1569 1591/1591/1591 1570/1570/1570
f 1571/1571/1571 1592/1592/1592 1593/1593/1593
f 1571/1571/1571 1593/1593/1593 1572/1572/1572
f 1572/1572/1572 1593/1593/1593 1594/1594/1594
f 1572/1572/1572 1594/1594/1594 1573/1573/1573
f 1573/1573/1573 1594/1594/1594 1595/1595/1595
f 1573/1573/1573 1595/1595/1595 1574/1574/1574
f 1574/1574/1574 1595/1595/1595 1596/1596/1596
f 1574/1574/1574 1596/1596/1596 1575/1575/1575
f 1575/1575/1575 1596/1596/1596 1597/1597/1597
f 1575/1575/1575 1597/1597/1597 1576/1576/1576
f 1576/1576/1576 1597/1597/1597 1598/1598/1598
f 1576/1576/1576 1598/1598/1598 1577/1577/1577
f 1577/1577/1577 1598/1598/1598 1599/1599/1599
f 1577/1577/1577 1599/1599/1599 1578/1578/1578
f 1578/1578/1578 1599/1599/1599 1600/1600/1600
f 1578/1578/1578 1600/1600/1600 1579/1579/1579
f 1579/1579/1579 1600/1600/1600 1601/1601/1601
f 1579/1579/1579 1601/1601/1601 1580/1580/1580
f 1580/1580/1580 1601/1601/1601 1602/1602/1602
f 1580/1580/1580 1602/1602/1602 1581/1581/1581
f 1581/1581/1581 1602/1602/1602 1603/1603/1603
f 1581/1581/1581 1603/1603/1603 1582/1582/1582
f 1582/1582/1582 1603/1603/1603 1604/1604/1604
f 1582/1582/1582 1604/1604/1604 1583/1583/1583
f 1583/1583/1583 1604/1604/1604 1605/1605/1605
f 1583/1583/1583 1605/1605/1605 1584/1584/1584
f 1584/1584/1584 1605/1605/1605 1606/1606/1606
f 1584/1584/1584 1606/1606/1606 1585/1585/1585
f 1585/1585/1585 1606/1606/1606 1607/1607/1607
f 1585/1585/1585 1607/1607/1607 1586/1586/1586
f 1586/1586/1586 1607/1607/1607 1608/1608/1608
f 1586/1586/1586 1608/1608/1608 1587/1587/1587
f 1587/1587/1587 1608/1608/1608 1609/1609/1609
f 1587/1587/1587 1609/1609/1609 1588/1588/1588
f 1588/1588/1588 1609/1609/1609 1610/1610/1610
f 1588/1588/1588 1610/1610/1610 1589/1589/1589
f 1589/1589/1589 1610/1610/1610 1611/1611/1611
f 1589/1589/1589 1611/1611/1611 1590/1590/1590
f 1590/1590/1590 1611/1611/1611 1612/1612/1612
f 1590/1590/1590 1612/1612/1612 1591/1591/1591
f 1592/1592/1592 1613/1613/1613 1614/1614/1614
f 1592/1592/1592 1614/1614/1614 1593/1593/1593
f 1593/1593/1593 1614/1614/1614 1615/1615/1615
f 1593/1593/1593 1615/1615/1615 1594/1594/1594
f 1594/1594/1594 1615/1615/1615 1616/1616/1616
f 1594/1594/1594 1616/1616/1616 1595/1595/1595
f 1595/1595/1595 1616/1616/1616 1617/1617/1617
f 1595/1595/1595 1617/1617/1617 1596/1596/1596
f 1596/1596/1596 1617/1617/1617 1618/1618/1618
f 1596/1596/1596 1618/1618/1618 1597/1597/1597
f 1597/1597/1597 1618/1618/1618 1619/1619/1619
f 1597/1597/1597 1619/1619/1619 1598/1598/1598
f 1598/1598/1598 1619/1619/1619 1620/1620/1620
f 1598/1598/1598 1620/1620/1620 1599/1599/1599
f 1599/1599/1599 1620/1620/1620 1621/1621/1621
f 1599/1599/1599 1621/1621/1621 1600/1600/1600
f 1600/1600/1600 1621/1621/1621 1622/1622/1622
f 1600/1600/1600 1622/1622/1622 1601/1601/1601
f 1601/1601/1601 1622/1622/1622 1623/1623/1623
f 1601/1601/1601 1623/1623/1623 1602/1602/1602
f 1602/1602/1602 1623/1623/1623 1624/1624/1624
f 1602/1602/1602 1624/1624/1624 1603/1603/1603
f 1603/1603/1603 1624/1624/1624 1625/1625/1625
f 1603/1603/1603 1625/1625/1625 1604/1604/1604
f 1604/1604/1604 1625/1625/1625 1626/1626/1626
f 1604/1604/1604 1626/1626/1626 1605/1605/1605
f 1605/1605/1605 1626/1626/1626 1627/1627/1627
f 1605/1605/1605 1627/1627/1627 1606/1606/1606
f 1606/1606/1606 1627/1627/1627 1628/1628/1628
f 1606/1606/1606 1628/1628/1628 1607/1607/1607
f 1607/1607/1607 1628/1628/1628 1629/1629/1629
f 1607/1607/1607 1629/1629/1629 1608/1608/1608
f 1608/1608/1608 1629/1629/1629 1630/1630/1630
f 1608/1608/1608 1630/1630/1630 1609/1609/1609
f 1609/1609/1609 1630/1630/1630 1631/1631/1631
f 1609/1609/1609 1631/1631/1631 1610/1610/1610
f 1610/1610/1610 1631/1631/1631 1632/1632/1632
f 1610/1610/1610 1632/1632/1632 1611/1611/1611
f 1611/1611/1611 1632/1632/1632 1633/1633/1633
f 1611/1611/1611 1633/1633/1633 1612/1612/1612
f 1613/1613/1613 1634/1634/1634 1635/1635/1635
f 1613/1613/1613 1635/1635/1635 1614/1614/1614
f 1614/1614/1614 1635/1635/1635 1636/1636/1636
f 1614/1614/1614 1636/1636/1636 1615/1615/1615
f 1615/1615/1615 1636/1636/1636 1637/1637/1637
f 1615/1615/1615 1637/1637/1637 1616/1616/1616
f 1616/1616/1616 1637/1637/1637 1638/1638/1638
f 1616/1616/1616 1638/1638/1638 1617/1617/1617
f 1617/1617/1617 1638/1638/1638 1639/1639/1639
f 1617/1617/1617 1639/1639/1639 1618/1618/1618
f 1618/1618/1618 1639/1639/1639 1640/1640/1640
f 1618/1618/1618 1640/1640/1640 1619/1619/1619
f 1619/1619/1619 1640/1640/1640 1641/1641/1641
f 1619/1619/1619 1641/1641/1641 1620/1620/1620
f 1620/1620/1620 1641/1641/1641 1642/1642/1642
f 1620/1620/1620 1642/1642/1642 1621/1621/1621
f 1621/1621/1621 1642/1642/1642 1643/1643/1643
f 1621/1621/1621 1643/1643/1643 1622/1622/1622
f 1622/1622/1622 1643/1643/1643 1644/1644/1644
f 1622/1622/1622 1644/1644/1644 1623/1623/1623
f 1623/1623/1623 1644/1644/1644 1645/1645/1645
f 1623/1623/1623 1645/1645/1645 1624/1624/1624
f 1624/1624/1624 1645/1645/1645 1646/1646/1646
f 1624/1624/1624 1646/1646/1646 1625/1625/1625
f 1625/1625/1625 1646/1646/1646 1647/1647/1647
f 1625/1625/1625 1647/1647/1647 1626/1626/1626
f 1626/1626/1626 1647/1647/1647 1648/1648/1648
f 1626/1626/1626 1648/1648/1648 1627/1627/1627
f 1627/1627/1627 1648/1648/1648 1649/1649/1649
f 1627/1627/1627 1649/1649/1649 1628/1628/1628
f 1628/1628/1628 1649/1649/1649 1650/1650/1650
f 1628/1628/1628 1650/1650/1650 1629/1629/1629
f 1629/1629/1629 1650/1650/1650 1651/1651/1651
f 1629/1629/1629 1651/1651/1651 1630/1630/1630
f 1630/1630/1630 1651/1651/1651 1652/1652/1652
f 1630/1630/1630 1652/1652/1652 1631/1631/1631
f 1631/1631/1631 1652/1652/1652 1653/1653/1653
f 1631/1631/1631 1653/1653/1653 1632/1632/1632
f 1632/1632/1632 1653/1653/1653 1654/1654/1654
f 1632/1632/1632 1654/1654/1654 1633/1633/1633
f 1634/1634/1634 1655/1655/1655 1656/1656/1656
f 1634/1634/1634 1656/1656/1656 1635/1635/1635
f 1635/1635/1635 1656/1656/1656 1657/1657/1657
f 1635/1635/1635 1657/1657/1657 1636/1636/1636
f 1636/1636/1636 1657/1657/1657 1658/1658/1658
f 1636/1636/1636 1658/1658/1658 1637/1637/1637
f 1637/1637/1637 1658/1658/1658 1659/1659/1659
f 1637/1637/1637 1659/1659/1659 1638/1638/1638
f 1638/1638/1638 1659/1659/1659 1660/1660/1660
f 1638/1638/1638 1660/1660/1660 1639/1639/1639
f 1639/1639/1639 1660/1660/1660 1661/1661/1661
f 1639/1639/1639 1661/1661/1661 1640/1640/1640
f 1640/1640/1640 1661/1661/1661 1662/1662/1662
f 1640/1640/1640 1662/1662/1662 1641/1641/1641
f 1641/1641/1641 1662/1662/1662 1663/1663/1663
f 1641/1641/1641 1663/1663/1663 1642/1642/1642
f 1642/1642/1642 1663/1663/1663 1664/1664/1664
f 1642/1642/1642 1664/1664/1664 1643/1643/1643
f 1643/1643/1643 1664/1664/1664 1665/1665/1665
f 1643/1643/1643 1665/1665/1665 1644/1644/1644
f 1644/1644/1644 1665/1665/1665 1666/1666/1666
f 1644/1644/1644 1666/1666/1666 1645/1645/1645
f 1645/1645/1645 1666/1666/1666 1667/1667/1667
f 1645/1645/1645 1667/1667/1667 1646/1646/1646
f 1646/1646/1646 1667/1667/1667 1668/1668/1668
f 1646/1646/1646 1668/1668/1668 1647/1647/1647
f 1647/1647/1647 1668/1668/1668 1669/1669/1669
f 1647/1647/1647 1669/1669/1669 1648/1648/1648
f 1648/1648/1648 1669/1669/1669 1670/1670/1670
f 1648/1648/1648 1670/1670/1670 1649/1649/1649
f 1649/1649/1649 1670/1670/1670 1671/1671/1671
f 1649/1649/1649 1671/1671/1671 1650/1650/1650
f 1650/1650/1650 1671/1671/1671 1672/1672/1672
f 1650/1650/1650 1672/1672/1672 1651/1651/1651
f 1651/1651/1651 1672/1672/1672 1673/1673/1673
f 1651/1651/1651 1673/1673/1673 1652/1652/1652
f 1652/1652/1652 1673/1673/1673 1674/1674/1674
f 1652/1652/1652 1674/1674/1674 1653/1653/1653
f 1653/1653/1653 1674/1674/1674 1675/1675/1675
f 1653/1653/1653 1675/1675/1675 1654/1654/1654
f 1655/1655/1655 1676/1676/1676 1677/1677/1677
f 1655/1655/1655 1677/1677/1677 1656/1656/1656
f 1656/1656/1656 1677/1677/1677 1678/1678/1678
f 1656/1656/1656 1678/1678/1678 1657/1657/1657
f 1657/1657/1657 1678/1678/1678 1679/1679/1679
f 1657/1657/1657 1679/1679/1679 1658/1658/1658
f 1658/1658/1658 1679/1679/1679 1680/1680/1680
f 1658/1658/1658 1680/1680/1680 1659/1659/1659
f 1659/1659/1659 1680/1680/1680 1681/1681/1681
f 1659/1659/1659 1681/1681/1681 1660/1660/1660
f 1660/1660/1660 1681/1681/1681 1682/1682/1682
f 1660/1660/1660 1682/1682/1682 1661/1661/1661
f 1661/1661/1661 1682/1682/1682 1683/1683/1683
f 1661/1661/1661 1683/1683/1683 1662/1662/1662
f 1662/1662/1662 1683/1683/1683 1684/1684/1684
f 1662/1662/1662 1684/1684/1684 1663/1663/1663
f 1663/1663/1663 1684/1684/1684 1685/1685/1685
f 1663/1663/1663 1685/1685/1685 1664/1664/1664
f 1664/1664/1664 1685/1685/1685 1686/1686/1686
f 1664/1664/1664 1686/1686/1686 1665/1665/1665
f 1665/1665/1665 1686/1686/1686 1687/1687/1687
f 1665/1665/1665 1687/1687/1687 1666/1666/1666
f 1666/1666/1666 1687/1687/1687 1688/1688/1688
f 1666/1666/1666 1688/1688/1688 1667/1667/1667
f 1667/1667/1667 1688/1688/1688 1689/1689/1689
f 1667/1667/1667 1689/1689/1689 1668/1668/1668
f 1668/1668/1668 1689/1689/1689 1690/1690/1690
f 1668/1668/1668 1690/1690/1690 1669/1669/1669
f 1669/1669/1669 1690/1690/1690 1691/1691/1691
f 1669/1669/1669 1691/1691/1691 1670/1670/1670
f 1670/1670/1670 1691/1691/1691 1692/1692/1692
f 1670/1670/1670 1692/1692/1692 1671/1671/1671
f 1671/1671/1671 1692/1692/1692 1693/1693/1693
f 1671/1671/1671 1693/1693/1693 1672/1672/1672
f 1672/1672/1672 1693/1693/1693 1694/1694/1694
f 1672/1672/1672 1694/1694/1694 1673/1673/1673
f 1673/1673/1673 1694/1694/1694 1695/1695/1695
f 1673/1673/1673 1695/1695/1695 1674/1674/1674
f 1674/1674/1674 1695/1695/1695 1696/1696/1696
f 1674/1674/1674 1696/1696/1696 1675/1675/1675
f 1676/1676/1676 1697/1697/1697 1698/1698/1698
f 1676/1676/1676 1698/1698/1698 1677/1677/1677
f 1677/1677/1677 1698/1698/1698 1699/1699/1699
f 1677/1677/1677 1699/1699/1699 1678/1678/1678
f 1678/1678/1678 1699/1699/1699 1700/1700/1700
f 1678/1678/1678 1700/1700/1700 1679/1679/1679
f 1679/1679/1679 1700/1700/1700 1701/1701/1701
f 1679/1679/1679 1701/1701/1701 1680/1680/1680
f 1680/1680/1680 1701/1701/1701 1702/1702/1702
f 1680/1680/1680 1702/1702/1702 1681/1681/1681
f 1681/1681/1681 1702/1702/1702 1703/1703/1703
f 1681/1681/1681 1703/1703/1703 1682/1682/1682
f 1682/1682/1682 1703/1703/1703 1704/1704/1704
f 1682/1682/1682 1704/1704/1704 1683/1683/1683
f 1683/1683/1683 1704/1704/1704 1705/1705/1705
f 1683/1683/1683 1705/1705/1705 1684/1684/1684
f 1684/1684/1684 1705/1705/1705 1706/1706/1706
f 1684/1684/1684 1706/1706/1706 1685/1685/1685
f 1685/1685/1685 1706/1706/1706 1707/1707/1707
f 1685/1685/1685 1707/1707/1707 1686/1686/1686
f 1686/1686/1686 1707/1707/1707 1708/1708/1708
f 1686/1686/1686 1708/1708/1708 1687/1687/1687
f 1687/1687/1687 1708/1708/1708 1709/1709/1709
f 1687/1687/1687 1709/1709/1709 1688/1688/1688
f 1688/1688/1688 1709/1709/1709 1710/1710/1710
f 1688/1688/1688 1710/1710/1710 1689/1689/1689
f 1689/1689/1689 1710/1710/1710 1711/1711/1711
f 1689/1689/1689 1711/1711/1711 1690/1690/1690
f 1690/1690/1690 1711/1711/1711 1712/1712/1712
f 1690/1690/1690 1712/1712/1712 1691/1691/1691
f 1691/1691/1691 1712/1712/1712 1713/1713/1713
f 1691/1691/1691 1713/1713/1713 1692/1692/1692
f 1692/1692/1692 1713/1713/1713 1714/1714/1714
f 1692/1692/1692 1714/1714/1714 1693/1693/1693
f 1693/1693/1693 1714/1714/1714 1715/1715/1715
f 1693/1693/1693 1715/1715/1715 1694/1694/1694
f 1694/1694/1694 1715/1715/1715 1716/1716/1716
f 1694/1694/1694 1716/1716/1716 1695/1695/1695
f 1695/1695/1695 1716/1716/1716 1717/1717/1717
f 1695/1695/1695 1717/1717/1717 1696/1696/1696
