# procedural asset
v 0.00000 0.00000 0.00000
v 0.02361 0.00000 0.00000
v 0.04722 0.00000 0.00000
v 0.07083 0.00000 0.00000
v 0.09444 0.00000 0.00000
v 0.11806 0.00000 0.00000
v 0.14167 0.00000 0.00000
v 0.16528 0.00000 0.00000
v 0.17444 0.01556 0.00000
v 0.18000 0.03500 0.00000
v 0.18556 0.05444 0.00000
v 0.19111 0.07389 0.00000
v 0.19667 0.09333 0.00000
v 0.20222 0.11278 0.00000
v 0.20778 0.13222 0.00000
v 0.20833 0.14250 0.00000
v 0.20556 0.14667 0.00000
v 0.20278 0.15083 0.00000
v 0.20000 0.15500 0.00000
v 0.19722 0.15917 0.00000
v 0.19444 0.16333 0.00000
v 0.19167 0.16750 0.00000
v 0.18750 0.17000 0.00000
v 0.18125 0.17000 0.00000
v 0.17500 0.17000 0.00000
v 0.16875 0.17000 0.00000
v 0.16250 0.17000 0.00000
v 0.15625 0.17000 0.00000
v 0.15000 0.17000 0.00000
v 0.14458 0.16611 0.00000
v 0.14250 0.14667 0.00000
v 0.14042 0.12722 0.00000
v 0.13833 0.10778 0.00000
v 0.13625 0.08833 0.00000
v 0.13417 0.06889 0.00000
v 0.13208 0.04944 0.00000
v 0.13000 0.03000 0.00000
v 0.00000 0.00000 0.00000
v 0.02310 0.00000 0.00491
v 0.04619 0.00000 0.00982
v 0.06929 0.00000 0.01473
v 0.09238 0.00000 0.01964
v 0.11548 0.00000 0.02455
v 0.13857 0.00000 0.02945
v 0.16167 0.00000 0.03436
v 0.17063 0.01556 0.03627
v 0.17607 0.03500 0.03742
v 0.18150 0.05444 0.03858
v 0.18693 0.07389 0.03973
v 0.19237 0.09333 0.04089
v 0.19780 0.11278 0.04204
v 0.20324 0.13222 0.04320
v 0.20378 0.14250 0.04331
v 0.20106 0.14667 0.04274
v 0.19835 0.15083 0.04216
v 0.19563 0.15500 0.04158
v 0.19291 0.15917 0.04100
v 0.19020 0.16333 0.04043
v 0.18748 0.16750 0.03985
v 0.18340 0.17000 0.03898
v 0.17729 0.17000 0.03768
v 0.17118 0.17000 0.03638
v 0.16506 0.17000 0.03509
v 0.15895 0.17000 0.03379
v 0.15284 0.17000 0.03249
v 0.14672 0.17000 0.03119
v 0.14142 0.16611 0.03006
v 0.13939 0.14667 0.02963
v 0.13735 0.12722 0.02919
v 0.13531 0.10778 0.02876
v 0.13327 0.08833 0.02833
v 0.13123 0.06889 0.02789
v 0.12920 0.04944 0.02746
v 0.12716 0.03000 0.02703
v 0.00000 0.00000 0.00000
v 0.02157 0.00000 0.00960
v 0.04314 0.00000 0.01921
v 0.06471 0.00000 0.02881
v 0.08628 0.00000 0.03841
v 0.10785 0.00000 0.04802
v 0.12942 0.00000 0.05762
v 0.15099 0.00000 0.06722
v 0.15936 0.01556 0.07095
v 0.16444 0.03500 0.07321
v 0.16951 0.05444 0.07547
v 0.17459 0.07389 0.07773
v 0.17966 0.09333 0.07999
v 0.18474 0.11278 0.08225
v 0.18981 0.13222 0.08451
v 0.19032 0.14250 0.08474
v 0.18778 0.14667 0.08361
v 0.18525 0.15083 0.08248
v 0.18271 0.15500 0.08135
v 0.18017 0.15917 0.08022
v 0.17763 0.16333 0.07909
v 0.17510 0.16750 0.07796
v 0.17129 0.17000 0.07626
v 0.16558 0.17000 0.07372
v 0.15987 0.17000 0.07118
v 0.15416 0.17000 0.06864
v 0.14845 0.17000 0.06609
v 0.14274 0.17000 0.06355
v 0.13703 0.17000 0.06101
v 0.13208 0.16611 0.05881
v 0.13018 0.14667 0.05796
v 0.12828 0.12722 0.05711
v 0.12637 0.10778 0.05627
v 0.12447 0.08833 0.05542
v 0.12257 0.06889 0.05457
v 0.12066 0.04944 0.05372
v 0.11876 0.03000 0.05288
v 0.00000 0.00000 0.00000
v 0.01910 0.00000 0.01388
v 0.03820 0.00000 0.02776
v 0.05731 0.00000 0.04163
v 0.07641 0.00000 0.05551
v 0.09551 0.00000 0.06939
v 0.11461 0.00000 0.08327
v 0.13371 0.00000 0.09715
v 0.14113 0.01556 0.10254
v 0.14562 0.03500 0.10580
v 0.15012 0.05444 0.10907
v 0.15461 0.07389 0.11233
v 0.15911 0.09333 0.11560
v 0.16360 0.11278 0.11886
v 0.16810 0.13222 0.12213
v 0.16855 0.14250 0.12246
v 0.16630 0.14667 0.12082
v 0.16405 0.15083 0.11919
v 0.16180 0.15500 0.11756
v 0.15956 0.15917 0.11592
v 0.15731 0.16333 0.11429
v 0.15506 0.16750 0.11266
v 0.15169 0.17000 0.11021
v 0.14663 0.17000 0.10654
v 0.14158 0.17000 0.10286
v 0.13652 0.17000 0.09919
v 0.13147 0.17000 0.09552
v 0.12641 0.17000 0.09184
v 0.12135 0.17000 0.08817
v 0.11697 0.16611 0.08498
v 0.11528 0.14667 0.08376
v 0.11360 0.12722 0.08253
v 0.11191 0.10778 0.08131
v 0.11023 0.08833 0.08009
v 0.10854 0.06889 0.07886
v 0.10686 0.04944 0.07764
v 0.10517 0.03000 0.07641
v 0.00000 0.00000 0.00000
v 0.01580 0.00000 0.01755
v 0.03160 0.00000 0.03509
v 0.04740 0.00000 0.05264
v 0.06320 0.00000 0.07019
v 0.07899 0.00000 0.08773
v 0.09479 0.00000 0.10528
v 0.11059 0.00000 0.12283
v 0.11673 0.01556 0.12964
v 0.12044 0.03500 0.13377
v 0.12416 0.05444 0.13789
v 0.12788 0.07389 0.14202
v 0.13160 0.09333 0.14615
v 0.13531 0.11278 0.15028
v 0.13903 0.13222 0.15441
v 0.13940 0.14250 0.15482
v 0.13754 0.14667 0.15276
v 0.13568 0.15083 0.15069
v 0.13383 0.15500 0.14863
v 0.13197 0.15917 0.14656
v 0.13011 0.16333 0.14450
v 0.12825 0.16750 0.14244
v 0.12546 0.17000 0.13934
v 0.12128 0.17000 0.13469
v 0.11710 0.17000 0.13005
v 0.11292 0.17000 0.12541
v 0.10873 0.17000 0.12076
v 0.10455 0.17000 0.11612
v 0.10037 0.17000 0.11147
v 0.09675 0.16611 0.10745
v 0.09535 0.14667 0.10590
v 0.09396 0.12722 0.10435
v 0.09256 0.10778 0.10280
v 0.09117 0.08833 0.10125
v 0.08978 0.06889 0.09971
v 0.08838 0.04944 0.09816
v 0.08699 0.03000 0.09661
v 0.00000 0.00000 0.00000
v 0.01181 0.00000 0.02045
v 0.02361 0.00000 0.04090
v 0.03542 0.00000 0.06134
v 0.04722 0.00000 0.08179
v 0.05903 0.00000 0.10224
v 0.07083 0.00000 0.12269
v 0.08264 0.00000 0.14313
v 0.08722 0.01556 0.15107
v 0.09000 0.03500 0.15588
v 0.09278 0.05444 0.16070
v 0.09556 0.07389 0.16551
v 0.09833 0.09333 0.17032
v 0.10111 0.11278 0.17513
v 0.10389 0.13222 0.17994
v 0.10417 0.14250 0.18042
v 0.10278 0.14667 0.17802
v 0.10139 0.15083 0.17561
v 0.10000 0.15500 0.17321
v 0.09861 0.15917 0.17080
v 0.09722 0.16333 0.16839
v 0.09583 0.16750 0.16599
v 0.09375 0.17000 0.16238
v 0.09063 0.17000 0.15697
v 0.08750 0.17000 0.15155
v 0.08438 0.17000 0.14614
v 0.08125 0.17000 0.14073
v 0.07813 0.17000 0.13532
v 0.07500 0.17000 0.12990
v 0.07229 0.16611 0.12521
v 0.07125 0.14667 0.12341
v 0.07021 0.12722 0.12160
v 0.06917 0.10778 0.11980
v 0.06813 0.08833 0.11800
v 0.06708 0.06889 0.11619
v 0.06604 0.04944 0.11439
v 0.06500 0.03000 0.11258
v 0.00000 0.00000 0.00000
v 0.00730 0.00000 0.02246
v 0.01459 0.00000 0.04491
v 0.02189 0.00000 0.06737
v 0.02918 0.00000 0.08982
v 0.03648 0.00000 0.11228
v 0.04378 0.00000 0.13473
v 0.05107 0.00000 0.15719
v 0.05391 0.01556 0.16591
v 0.05562 0.03500 0.17119
v 0.05734 0.05444 0.17647
v 0.05906 0.07389 0.18176
v 0.06077 0.09333 0.18704
v 0.06249 0.11278 0.19232
v 0.06421 0.13222 0.19761
v 0.06438 0.14250 0.19814
v 0.06352 0.14667 0.19549
v 0.06266 0.15083 0.19285
v 0.06180 0.15500 0.19021
v 0.06095 0.15917 0.18757
v 0.06009 0.16333 0.18493
v 0.05923 0.16750 0.18229
v 0.05794 0.17000 0.17832
v 0.05601 0.17000 0.17238
v 0.05408 0.17000 0.16643
v 0.05215 0.17000 0.16049
v 0.05022 0.17000 0.15455
v 0.04828 0.17000 0.14860
v 0.04635 0.17000 0.14266
v 0.04468 0.16611 0.13751
v 0.04403 0.14667 0.13553
v 0.04339 0.12722 0.13354
v 0.04275 0.10778 0.13156
v 0.04210 0.08833 0.12958
v 0.04146 0.06889 0.12760
v 0.04082 0.04944 0.12562
v 0.04017 0.03000 0.12364
v 0.00000 0.00000 0.00000
v 0.00247 0.00000 0.02348
v 0.00494 0.00000 0.04696
v 0.00740 0.00000 0.07045
v 0.00987 0.00000 0.09393
v 0.01234 0.00000 0.11741
v 0.01481 0.00000 0.14089
v 0.01728 0.00000 0.16437
v 0.01823 0.01556 0.17349
v 0.01882 0.03500 0.17901
v 0.01940 0.05444 0.18454
v 0.01998 0.07389 0.19006
v 0.02056 0.09333 0.19559
v 0.02114 0.11278 0.20111
v 0.02172 0.13222 0.20664
v 0.02178 0.14250 0.20719
v 0.02149 0.14667 0.20443
v 0.02120 0.15083 0.20167
v 0.02091 0.15500 0.19890
v 0.02062 0.15917 0.19614
v 0.02032 0.16333 0.19338
v 0.02003 0.16750 0.19062
v 0.01960 0.17000 0.18647
v 0.01895 0.17000 0.18026
v 0.01829 0.17000 0.17404
v 0.01764 0.17000 0.16783
v 0.01699 0.17000 0.16161
v 0.01633 0.17000 0.15539
v 0.01568 0.17000 0.14918
v 0.01511 0.16611 0.14379
v 0.01490 0.14667 0.14172
v 0.01468 0.12722 0.13965
v 0.01446 0.10778 0.13758
v 0.01424 0.08833 0.13550
v 0.01402 0.06889 0.13343
v 0.01381 0.04944 0.13136
v 0.01359 0.03000 0.12929
v 0.00000 0.00000 0.00000
v -0.00247 0.00000 0.02348
v -0.00494 0.00000 0.04696
v -0.00740 0.00000 0.07045
v -0.00987 0.00000 0.09393
v -0.01234 0.00000 0.11741
v -0.01481 0.00000 0.14089
v -0.01728 0.00000 0.16437
v -0.01823 0.01556 0.17349
v -0.01882 0.03500 0.17901
v -0.01940 0.05444 0.18454
v -0.01998 0.07389 0.19006
v -0.02056 0.09333 0.19559
v -0.02114 0.11278 0.20111
v -0.02172 0.13222 0.20664
v -0.02178 0.14250 0.20719
v -0.02149 0.14667 0.20443
v -0.02120 0.15083 0.20167
v -0.02091 0.15500 0.19890
v -0.02062 0.15917 0.19614
v -0.02032 0.16333 0.19338
v -0.02003 0.16750 0.19062
v -0.01960 0.17000 0.18647
v -0.01895 0.17000 0.18026
v -0.01829 0.17000 0.17404
v -0.01764 0.17000 0.16783
v -0.01699 0.17000 0.16161
v -0.01633 0.17000 0.15539
v -0.01568 0.17000 0.14918
v -0.01511 0.16611 0.14379
v -0.01490 0.14667 0.14172
v -0.01468 0.12722 0.13965
v -0.01446 0.10778 0.13758
v -0.01424 0.08833 0.13550
v -0.01402 0.06889 0.13343
v -0.01381 0.04944 0.13136
v -0.01359 0.03000 0.12929
v 0.00000 0.00000 0.00000
v -0.00730 0.00000 0.02246
v -0.01459 0.00000 0.04491
v -0.02189 0.00000 0.06737
v -0.02918 0.00000 0.08982
v -0.03648 0.00000 0.11228
v -0.04378 0.00000 0.13473
v -0.05107 0.00000 0.15719
v -0.05391 0.01556 0.16591
v -0.05562 0.03500 0.17119
v -0.05734 0.05444 0.17647
v -0.05906 0.07389 0.18176
v -0.06077 0.09333 0.18704
v -0.06249 0.11278 0.19232
v -0.06421 0.13222 0.19761
v -0.06438 0.14250 0.19814
v -0.06352 0.14667 0.19549
v -0.06266 0.15083 0.19285
v -0.06180 0.15500 0.19021
v -0.06095 0.15917 0.18757
v -0.06009 0.16333 0.18493
v -0.05923 0.16750 0.18229
v -0.05794 0.17000 0.17832
v -0.05601 0.17000 0.17238
v -0.05408 0.17000 0.16643
v -0.05215 0.17000 0.16049
v -0.05022 0.17000 0.15455
v -0.04828 0.17000 0.14860
v -0.04635 0.17000 0.14266
v -0.04468 0.16611 0.13751
v -0.04403 0.14667 0.13553
v -0.04339 0.12722 0.13354
v -0.04275 0.10778 0.13156
v -0.04210 0.08833 0.12958
v -0.04146 0.06889 0.12760
v -0.04082 0.04944 0.12562
v -0.04017 0.03000 0.12364
v 0.00000 0.00000 0.00000
v -0.01181 0.00000 0.02045
v -0.02361 0.00000 0.04090
v -0.03542 0.00000 0.06134
v -0.04722 0.00000 0.08179
v -0.05903 0.00000 0.10224
v -0.07083 0.00000 0.12269
v -0.08264 0.00000 0.14313
v -0.08722 0.01556 0.15107
v -0.09000 0.03500 0.15588
v -0.09278 0.05444 0.16070
v -0.09556 0.07389 0.16551
v -0.09833 0.09333 0.17032
v -0.10111 0.11278 0.17513
v -0.10389 0.13222 0.17994
v -0.10417 0.14250 0.18042
v -0.10278 0.14667 0.17802
v -0.10139 0.15083 0.17561
v -0.10000 0.15500 0.17321
v -0.09861 0.15917 0.17080
v -0.09722 0.16333 0.16839
v -0.09583 0.16750 0.16599
v -0.09375 0.17000 0.16238
v -0.09062 0.17000 0.15697
v -0.08750 0.17000 0.15155
v -0.08437 0.17000 0.14614
v -0.08125 0.17000 0.14073
v -0.07812 0.17000 0.13532
v -0.07500 0.17000 0.12990
v -0.07229 0.16611 0.12521
v -0.07125 0.14667 0.12341
v -0.07021 0.12722 0.12160
v -0.06917 0.10778 0.11980
v -0.06812 0.08833 0.11800
v -0.06708 0.06889 0.11619
v -0.06604 0.04944 0.11439
v -0.06500 0.03000 0.11258
v 0.00000 0.00000 0.00000
v -0.01580 0.00000 0.01755
v -0.03160 0.00000 0.03509
v -0.04740 0.00000 0.05264
v -0.06320 0.00000 0.07019
v -0.07899 0.00000 0.08773
v -0.09479 0.00000 0.10528
v -0.11059 0.00000 0.12283
v -0.11673 0.01556 0.12964
v -0.12044 0.03500 0.13377
v -0.12416 0.05444 0.13789
v -0.12788 0.07389 0.14202
v -0.13160 0.09333 0.14615
v -0.13531 0.11278 0.15028
v -0.13903 0.13222 0.15441
v -0.13940 0.14250 0.15482
v -0.13754 0.14667 0.15276
v -0.13568 0.15083 0.15069
v -0.13383 0.15500 0.14863
v -0.13197 0.15917 0.14656
v -0.13011 0.16333 0.14450
v -0.12825 0.16750 0.14244
v -0.12546 0.17000 0.13934
v -0.12128 0.17000 0.13469
v -0.11710 0.17000 0.13005
v -0.11292 0.17000 0.12541
v -0.10873 0.17000 0.12076
v -0.10455 0.17000 0.11612
v -0.10037 0.17000 0.11147
v -0.09675 0.16611 0.10745
v -0.09535 0.14667 0.10590
v -0.09396 0.12722 0.10435
v -0.09256 0.10778 0.10280
v -0.09117 0.08833 0.10125
v -0.08978 0.06889 0.09971
v -0.08838 0.04944 0.09816
v -0.08699 0.03000 0.09661
v 0.00000 0.00000 0.00000
v -0.01910 0.00000 0.01388
v -0.03820 0.00000 0.02776
v -0.05731 0.00000 0.04163
v -0.07641 0.00000 0.05551
v -0.09551 0.00000 0.06939
v -0.11461 0.00000 0.08327
v -0.13371 0.00000 0.09715
v -0.14113 0.01556 0.10254
v -0.14562 0.03500 0.10580
v -0.15012 0.05444 0.10907
v -0.15461 0.07389 0.11233
v -0.15911 0.09333 0.11560
v -0.16360 0.11278 0.11886
v -0.16810 0.13222 0.12213
v -0.16855 0.14250 0.12246
v -0.16630 0.14667 0.12082
v -0.16405 0.15083 0.11919
v -0.16180 0.15500 0.11756
v -0.15956 0.15917 0.11592
v -0.15731 0.16333 0.11429
v -0.15506 0.16750 0.11266
v -0.15169 0.17000 0.11021
v -0.14663 0.17000 0.10654
v -0.14158 0.17000 0.10286
v -0.13652 0.17000 0.09919
v -0.13147 0.17000 0.09552
v -0.12641 0.17000 0.09184
v -0.12135 0.17000 0.08817
v -0.11697 0.16611 0.08498
v -0.11528 0.14667 0.08376
v -0.11360 0.12722 0.08253
v -0.11191 0.10778 0.08131
v -0.11023 0.08833 0.08009
v -0.10854 0.06889 0.07886
v -0.10686 0.04944 0.07764
v -0.10517 0.03000 0.07641
v 0.00000 0.00000 0.00000
v -0.02157 0.00000 0.00960
v -0.04314 0.00000 0.01921
v -0.06471 0.00000 0.02881
v -0.08628 0.00000 0.03841
v -0.10785 0.00000 0.04802
v -0.12942 0.00000 0.05762
v -0.15099 0.00000 0.06722
v -0.15936 0.01556 0.07095
v -0.16444 0.03500 0.07321
v -0.16951 0.05444 0.07547
v -0.17459 0.07389 0.07773
v -0.17966 0.09333 0.07999
v -0.18474 0.11278 0.08225
v -0.18981 0.13222 0.08451
v -0.19032 0.14250 0.08474
v -0.18778 0.14667 0.08361
v -0.18525 0.15083 0.08248
v -0.18271 0.15500 0.08135
v -0.18017 0.15917 0.08022
v -0.17763 0.16333 0.07909
v -0.17510 0.16750 0.07796
v -0.17129 0.17000 0.07626
v -0.16558 0.17000 0.07372
v -0.15987 0.17000 0.07118
v -0.15416 0.17000 0.06864
v -0.14845 0.17000 0.06609
v -0.14274 0.17000 0.06355
v -0.13703 0.17000 0.06101
v -0.13208 0.16611 0.05881
v -0.13018 0.14667 0.05796
v -0.12828 0.12722 0.05711
v -0.12637 0.10778 0.05627
v -0.12447 0.08833 0.05542
v -0.12257 0.06889 0.05457
v -0.12066 0.04944 0.05372
v -0.11876 0.03000 0.05288
v 0.00000 0.00000 0.00000
v -0.02310 0.00000 0.00491
v -0.04619 0.00000 0.00982
v -0.06929 0.00000 0.01473
v -0.09238 0.00000 0.01964
v -0.11548 0.00000 0.02455
v -0.13857 0.00000 0.02945
v -0.16167 0.00000 0.03436
v -0.17063 0.01556 0.03627
v -0.17607 0.03500 0.03742
v -0.18150 0.05444 0.03858
v -0.18693 0.07389 0.03973
v -0.19237 0.09333 0.04089
v -0.19780 0.11278 0.04204
v -0.20324 0.13222 0.04320
v -0.20378 0.14250 0.04331
v -0.20106 0.14667 0.04274
v -0.19835 0.15083 0.04216
v -0.19563 0.15500 0.04158
v -0.19291 0.15917 0.04100
v -0.19020 0.16333 0.04043
v -0.18748 0.16750 0.03985
v -0.18340 0.17000 0.03898
v -0.17729 0.17000 0.03768
v -0.17118 0.17000 0.03638
v -0.16506 0.17000 0.03509
v -0.15895 0.17000 0.03379
v -0.15284 0.17000 0.03249
v -0.14672 0.17000 0.03119
v -0.14142 0.16611 0.03006
v -0.13939 0.14667 0.02963
v -0.13735 0.12722 0.02919
v -0.13531 0.10778 0.02876
v -0.13327 0.08833 0.02833
v -0.13123 0.06889 0.02789
v -0.12920 0.04944 0.02746
v -0.12716 0.03000 0.02703
v 0.00000 0.00000 0.00000
v -0.02361 0.00000 0.00000
v -0.04722 0.00000 0.00000
v -0.07083 0.00000 0.00000
v -0.09444 0.00000 0.00000
v -0.11806 0.00000 0.00000
v -0.14167 0.00000 0.00000
v -0.16528 0.00000 0.00000
v -0.17444 0.01556 0.00000
v -0.18000 0.03500 0.00000
v -0.18556 0.05444 0.00000
v -0.19111 0.07389 0.00000
v -0.19667 0.09333 0.00000
v -0.20222 0.11278 0.00000
v -0.20778 0.13222 0.00000
v -0.20833 0.14250 0.00000
v -0.20556 0.14667 0.00000
v -0.20278 0.15083 0.00000
v -0.20000 0.15500 0.00000
v -0.19722 0.15917 0.00000
v -0.19444 0.16333 0.00000
v -0.19167 0.16750 0.00000
v -0.18750 0.17000 0.00000
v -0.18125 0.17000 0.00000
v -0.17500 0.17000 0.00000
v -0.16875 0.17000 0.00000
v -0.16250 0.17000 0.00000
v -0.15625 0.17000 0.00000
v -0.15000 0.17000 0.00000
v -0.14458 0.16611 0.00000
v -0.14250 0.14667 0.00000
v -0.14042 0.12722 0.00000
v -0.13833 0.10778 0.00000
v -0.13625 0.08833 0.00000
v -0.13417 0.06889 0.00000
v -0.13208 0.04944 0.00000
v -0.13000 0.03000 0.00000
v 0.00000 0.00000 0.00000
v -0.02310 0.00000 -0.00491
v -0.04619 0.00000 -0.00982
v -0.06929 0.00000 -0.01473
v -0.09238 0.00000 -0.01964
v -0.11548 0.00000 -0.02455
v -0.13857 0.00000 -0.02945
v -0.16167 0.00000 -0.03436
v -0.17063 0.01556 -0.03627
v -0.17607 0.03500 -0.03742
v -0.18150 0.05444 -0.03858
v -0.18693 0.07389 -0.03973
v -0.19237 0.09333 -0.04089
v -0.19780 0.11278 -0.04204
v -0.20324 0.13222 -0.04320
v -0.20378 0.14250 -0.04331
v -0.20106 0.14667 -0.04274
v -0.19835 0.15083 -0.04216
v -0.19563 0.15500 -0.04158
v -0.19291 0.15917 -0.04100
v -0.19020 0.16333 -0.04043
v -0.18748 0.16750 -0.03985
v -0.18340 0.17000 -0.03898
v -0.17729 0.17000 -0.03768
v -0.17118 0.17000 -0.03638
v -0.16506 0.17000 -0.03509
v -0.15895 0.17000 -0.03379
v -0.15284 0.17000 -0.03249
v -0.14672 0.17000 -0.03119
v -0.14142 0.16611 -0.03006
v -0.13939 0.14667 -0.02963
v -0.13735 0.12722 -0.02919
v -0.13531 0.10778 -0.02876
v -0.13327 0.08833 -0.02833
v -0.13123 0.06889 -0.02789
v -0.12920 0.04944 -0.02746
v -0.12716 0.03000 -0.02703
v 0.00000 0.00000 0.00000
v -0.02157 0.00000 -0.00960
v -0.04314 0.00000 -0.01921
v -0.06471 0.00000 -0.02881
v -0.08628 0.00000 -0.03841
v -0.10785 0.00000 -0.04802
v -0.12942 0.00000 -0.05762
v -0.15099 0.00000 -0.06722
v -0.15936 0.01556 -0.07095
v -0.16444 0.03500 -0.07321
v -0.16951 0.05444 -0.07547
v -0.17459 0.07389 -0.07773
v -0.17966 0.09333 -0.07999
v -0.18474 0.11278 -0.08225
v -0.18981 0.13222 -0.08451
v -0.19032 0.14250 -0.08474
v -0.18778 0.14667 -0.08361
v -0.18525 0.15083 -0.08248
v -0.18271 0.15500 -0.08135
v -0.18017 0.15917 -0.08022
v -0.17763 0.16333 -0.07909
v -0.17510 0.16750 -0.07796
v -0.17129 0.17000 -0.07626
v -0.16558 0.17000 -0.07372
v -0.15987 0.17000 -0.07118
v -0.15416 0.17000 -0.06864
v -0.14845 0.17000 -0.06609
v -0.14274 0.17000 -0.06355
v -0.13703 0.17000 -0.06101
v -0.13208 0.16611 -0.05881
v -0.13018 0.14667 -0.05796
v -0.12828 0.12722 -0.05711
v -0.12637 0.10778 -0.05627
v -0.12447 0.08833 -0.05542
v -0.12257 0.06889 -0.05457
v -0.12066 0.04944 -0.05372
v -0.11876 0.03000 -0.05288
v 0.00000 0.00000 0.00000
v -0.01910 0.00000 -0.01388
v -0.03820 0.00000 -0.02776
v -0.05731 0.00000 -0.04163
v -0.07641 0.00000 -0.05551
v -0.09551 0.00000 -0.06939
v -0.11461 0.00000 -0.08327
v -0.13371 0.00000 -0.09715
v -0.14113 0.01556 -0.10254
v -0.14562 0.03500 -0.10580
v -0.15012 0.05444 -0.10907
v -0.15461 0.07389 -0.11233
v -0.15911 0.09333 -0.11560
v -0.16360 0.11278 -0.11886
v -0.16810 0.13222 -0.12213
v -0.16855 0.14250 -0.12246
v -0.16630 0.14667 -0.12082
v -0.16405 0.15083 -0.11919
v -0.16180 0.15500 -0.11756
v -0.15956 0.15917 -0.11592
v -0.15731 0.16333 -0.11429
v -0.15506 0.16750 -0.11266
v -0.15169 0.17000 -0.11021
v -0.14663 0.17000 -0.10654
v -0.14158 0.17000 -0.10286
v -0.13652 0.17000 -0.09919
v -0.13147 0.17000 -0.09552
v -0.12641 0.17000 -0.09184
v -0.12135 0.17000 -0.08817
v -0.11697 0.16611 -0.08498
v -0.11528 0.14667 -0.08376
v -0.11360 0.12722 -0.08253
v -0.11191 0.10778 -0.08131
v -0.11023 0.08833 -0.08009
v -0.10854 0.06889 -0.07886
v -0.10686 0.04944 -0.07764
v -0.10517 0.03000 -0.07641
v 0.00000 0.00000 0.00000
v -0.01580 0.00000 -0.01755
v -0.03160 0.00000 -0.03509
v -0.04740 0.00000 -0.05264
v -0.06320 0.00000 -0.07019
v -0.07899 0.00000 -0.08773
v -0.09479 0.00000 -0.10528
v -0.11059 0.00000 -0.12283
v -0.11673 0.01556 -0.12964
v -0.12044 0.03500 -0.13377
v -0.12416 0.05444 -0.13789
v -0.12788 0.07389 -0.14202
v -0.13160 0.09333 -0.14615
v -0.13531 0.11278 -0.15028
v -0.13903 0.13222 -0.15441
v -0.13940 0.14250 -0.15482
v -0.13754 0.14667 -0.15276
v -0.13568 0.15083 -0.15069
v -0.13383 0.15500 -0.14863
v -0.13197 0.15917 -0.14656
v -0.13011 0.16333 -0.14450
v -0.12825 0.16750 -0.14244
v -0.12546 0.17000 -0.13934
v -0.12128 0.17000 -0.13469
v -0.11710 0.17000 -0.13005
v -0.11292 0.17000 -0.12541
v -0.10873 0.17000 -0.12076
v -0.10455 0.17000 -0.11612
v -0.10037 0.17000 -0.11147
v -0.09675 0.16611 -0.10745
v -0.09535 0.14667 -0.10590
v -0.09396 0.12722 -0.10435
v -0.09256 0.10778 -0.10280
v -0.09117 0.08833 -0.10125
v -0.08978 0.06889 -0.09971
v -0.08838 0.04944 -0.09816
v -0.08699 0.03000 -0.09661
v 0.00000 0.00000 0.00000
v -0.01181 0.00000 -0.02045
v -0.02361 0.00000 -0.04090
v -0.03542 0.00000 -0.06134
v -0.04722 0.00000 -0.08179
v -0.05903 0.00000 -0.10224
v -0.07083 0.00000 -0.12269
v -0.08264 0.00000 -0.14313
v -0.08722 0.01556 -0.15107
v -0.09000 0.03500 -0.15588
v -0.09278 0.05444 -0.16070
v -0.09556 0.07389 -0.16551
v -0.09833 0.09333 -0.17032
v -0.10111 0.11278 -0.17513
v -0.10389 0.13222 -0.17994
v -0.10417 0.14250 -0.18042
v -0.10278 0.14667 -0.17802
v -0.10139 0.15083 -0.17561
v -0.10000 0.15500 -0.17321
v -0.09861 0.15917 -0.17080
v -0.09722 0.16333 -0.16839
v -0.09583 0.16750 -0.16599
v -0.09375 0.17000 -0.16238
v -0.09063 0.17000 -0.15697
v -0.08750 0.17000 -0.15155
v -0.08438 0.17000 -0.14614
v -0.08125 0.17000 -0.14073
v -0.07813 0.17000 -0.13532
v -0.07500 0.17000 -0.12990
v -0.07229 0.16611 -0.12521
v -0.07125 0.14667 -0.12341
v -0.07021 0.12722 -0.12160
v -0.06917 0.10778 -0.11980
v -0.06813 0.08833 -0.11800
v -0.06708 0.06889 -0.11619
v -0.06604 0.04944 -0.11439
v -0.06500 0.03000 -0.11258
v 0.00000 0.00000 0.00000
v -0.00730 0.00000 -0.02246
v -0.01459 0.00000 -0.04491
v -0.02189 0.00000 -0.06737
v -0.02918 0.00000 -0.08982
v -0.03648 0.00000 -0.11228
v -0.04378 0.00000 -0.13473
v -0.05107 0.00000 -0.15719
v -0.05391 0.01556 -0.16591
v -0.05562 0.03500 -0.17119
v -0.05734 0.05444 -0.17647
v -0.05906 0.07389 -0.18176
v -0.06077 0.09333 -0.18704
v -0.06249 0.11278 -0.19232
v -0.06421 0.13222 -0.19761
v -0.06438 0.14250 -0.19814
v -0.06352 0.14667 -0.19549
v -0.06266 0.15083 -0.19285
v -0.06180 0.15500 -0.19021
v -0.06095 0.15917 -0.18757
v -0.06009 0.16333 -0.18493
v -0.05923 0.16750 -0.18229
v -0.05794 0.17000 -0.17832
v -0.05601 0.17000 -0.17238
v -0.05408 0.17000 -0.16643
v -0.05215 0.17000 -0.16049
v -0.05022 0.17000 -0.15455
v -0.04828 0.17000 -0.14860
v -0.04635 0.17000 -0.14266
v -0.04468 0.16611 -0.13751
v -0.04403 0.14667 -0.13553
v -0.04339 0.12722 -0.13354
v -0.04275 0.10778 -0.13156
v -0.04210 0.08833 -0.12958
v -0.04146 0.06889 -0.12760
v -0.04082 0.04944 -0.12562
v -0.04017 0.03000 -0.12364
v 0.00000 0.00000 0.00000
v -0.00247 0.00000 -0.02348
v -0.00494 0.00000 -0.04696
v -0.00740 0.00000 -0.07045
v -0.00987 0.00000 -0.09393
v -0.01234 0.00000 -0.11741
v -0.01481 0.00000 -0.14089
v -0.01728 0.00000 -0.16437
v -0.01823 0.01556 -0.17349
v -0.01882 0.03500 -0.17901
v -0.01940 0.05444 -0.18454
v -0.01998 0.07389 -0.19006
v -0.02056 0.09333 -0.19559
v -0.02114 0.11278 -0.20111
v -0.02172 0.13222 -0.20664
v -0.02178 0.14250 -0.20719
v -0.02149 0.14667 -0.20443
v -0.02120 0.15083 -0.20167
v -0.02091 0.15500 -0.19890
v -0.02062 0.15917 -0.19614
v -0.02032 0.16333 -0.19338
v -0.02003 0.16750 -0.19062
v -0.01960 0.17000 -0.18647
v -0.01895 0.17000 -0.18026
v -0.01829 0.17000 -0.17404
v -0.01764 0.17000 -0.16783
v -0.01699 0.17000 -0.16161
v -0.01633 0.17000 -0.15539
v -0.01568 0.17000 -0.14918
v -0.01511 0.16611 -0.14379
v -0.01490 0.14667 -0.14172
v -0.01468 0.12722 -0.13965
v -0.01446 0.10778 -0.13758
v -0.01424 0.08833 -0.13550
v -0.01402 0.06889 -0.13343
v -0.01381 0.04944 -0.13136
v -0.01359 0.03000 -0.12929
v 0.00000 0.00000 0.00000
v 0.00247 0.00000 -0.02348
v 0.00494 0.00000 -0.04696
v 0.00740 0.00000 -0.07045
v 0.00987 0.00000 -0.09393
v 0.01234 0.00000 -0.11741
v 0.01481 0.00000 -0.14089
v 0.01728 0.00000 -0.16437
v 0.01823 0.01556 -0.17349
v 0.01882 0.03500 -0.17901
v 0.01940 0.05444 -0.18454
v 0.01998 0.07389 -0.19006
v 0.02056 0.09333 -0.19559
v 0.02114 0.11278 -0.20111
v 0.02172 0.13222 -0.20664
v 0.02178 0.14250 -0.20719
v 0.02149 0.14667 -0.20443
v 0.02120 0.15083 -0.20167
v 0.02091 0.15500 -0.19890
v 0.02062 0.15917 -0.19614
v 0.02032 0.16333 -0.19338
v 0.02003 0.16750 -0.19062
v 0.01960 0.17000 -0.18647
v 0.01895 0.17000 -0.18026
v 0.01829 0.17000 -0.17404
v 0.01764 0.17000 -0.16783
v 0.01699 0.17000 -0.16161
v 0.01633 0.17000 -0.15539
v 0.01568 0.17000 -0.14918
v 0.01511 0.16611 -0.14379
v 0.01490 0.14667 -0.14172
v 0.01468 0.12722 -0.13965
v 0.01446 0.10778 -0.13758
v 0.01424 0.08833 -0.13550
v 0.01402 0.06889 -0.13343
v 0.01381 0.04944 -0.13136
v 0.01359 0.03000 -0.12929
v 0.00000 0.00000 0.00000
v 0.00730 0.00000 -0.02246
v 0.01459 0.00000 -0.04491
v 0.02189 0.00000 -0.06737
v 0.02918 0.00000 -0.08982
v 0.03648 0.00000 -0.11228
v 0.04378 0.00000 -0.13473
v 0.05107 0.00000 -0.15719
v 0.05391 0.01556 -0.16591
v 0.05562 0.03500 -0.17119
v 0.05734 0.05444 -0.17647
v 0.05906 0.07389 -0.18176
v 0.06077 0.09333 -0.18704
v 0.06249 0.11278 -0.19232
v 0.06421 0.13222 -0.19761
v 0.06438 0.14250 -0.19814
v 0.06352 0.14667 -0.19549
v 0.06266 0.15083 -0.19285
v 0.06180 0.15500 -0.19021
v 0.06095 0.15917 -0.18757
v 0.06009 0.16333 -0.18493
v 0.05923 0.16750 -0.18229
v 0.05794 0.17000 -0.17832
v 0.05601 0.17000 -0.17238
v 0.05408 0.17000 -0.16643
v 0.05215 0.17000 -0.16049
v 0.05022 0.17000 -0.15455
v 0.04828 0.17000 -0.14860
v 0.04635 0.17000 -0.14266
v 0.04468 0.16611 -0.13751
v 0.04403 0.14667 -0.13553
v 0.04339 0.12722 -0.13354
v 0.04275 0.10778 -0.13156
v 0.04210 0.08833 -0.12958
v 0.04146 0.06889 -0.12760
v 0.04082 0.04944 -0.12562
v 0.04017 0.03000 -0.12364
v 0.00000 0.00000 0.00000
v 0.01181 0.00000 -0.02045
v 0.02361 0.00000 -0.04090
v 0.03542 0.00000 -0.06134
v 0.04722 0.00000 -0.08179
v 0.05903 0.00000 -0.10224
v 0.07083 0.00000 -0.12269
v 0.08264 0.00000 -0.14313
v 0.08722 0.01556 -0.15107
v 0.09000 0.03500 -0.15588
v 0.09278 0.05444 -0.16070
v 0.09556 0.07389 -0.16551
v 0.09833 0.09333 -0.17032
v 0.10111 0.11278 -0.17513
v 0.10389 0.13222 -0.17994
v 0.10417 0.14250 -0.18042
v 0.10278 0.14667 -0.17802
v 0.10139 0.15083 -0.17561
v 0.10000 0.15500 -0.17321
v 0.09861 0.15917 -0.17080
v 0.09722 0.16333 -0.16839
v 0.09583 0.16750 -0.16599
v 0.09375 0.17000 -0.16238
v 0.09063 0.17000 -0.15697
v 0.08750 0.17000 -0.15155
v 0.08438 0.17000 -0.14614
v 0.08125 0.17000 -0.14073
v 0.07813 0.17000 -0.13532
v 0.07500 0.17000 -0.12990
v 0.07229 0.16611 -0.12521
v 0.07125 0.14667 -0.12341
v 0.07021 0.12722 -0.12160
v 0.06917 0.10778 -0.11980
v 0.06813 0.08833 -0.11800
v 0.06708 0.06889 -0.11619
v 0.06604 0.04944 -0.11439
v 0.06500 0.03000 -0.11258
v 0.00000 0.00000 0.00000
v 0.01580 0.00000 -0.01755
v 0.03160 0.00000 -0.03509
v 0.04740 0.00000 -0.05264
v 0.06320 0.00000 -0.07019
v 0.07899 0.00000 -0.08773
v 0.09479 0.00000 -0.10528
v 0.11059 0.00000 -0.12283
v 0.11673 0.01556 -0.12964
v 0.12044 0.03500 -0.13377
v 0.12416 0.05444 -0.13789
v 0.12788 0.07389 -0.14202
v 0.13160 0.09333 -0.14615
v 0.13531 0.11278 -0.15028
v 0.13903 0.13222 -0.15441
v 0.13940 0.14250 -0.15482
v 0.13754 0.14667 -0.15276
v 0.13568 0.15083 -0.15069
v 0.13383 0.15500 -0.14863
v 0.13197 0.15917 -0.14656
v 0.13011 0.16333 -0.14450
v 0.12825 0.16750 -0.14244
v 0.12546 0.17000 -0.13934
v 0.12128 0.17000 -0.13469
v 0.11710 0.17000 -0.13005
v 0.11292 0.17000 -0.12541
v 0.10873 0.17000 -0.12076
v 0.10455 0.17000 -0.11612
v 0.10037 0.17000 -0.11147
v 0.09675 0.16611 -0.10745
v 0.09535 0.14667 -0.10590
v 0.09396 0.12722 -0.10435
v 0.09256 0.10778 -0.10280
v 0.09117 0.08833 -0.10125
v 0.08978 0.06889 -0.09971
v 0.08838 0.04944 -0.09816
v 0.08699 0.03000 -0.09661
v 0.00000 0.00000 0.00000
v 0.01910 0.00000 -0.01388
v 0.03820 0.00000 -0.02776
v 0.05731 0.00000 -0.04163
v 0.07641 0.00000 -0.05551
v 0.09551 0.00000 -0.06939
v 0.11461 0.00000 -0.08327
v 0.13371 0.00000 -0.09715
v 0.14113 0.01556 -0.10254
v 0.14562 0.03500 -0.10580
v 0.15012 0.05444 -0.10907
v 0.15461 0.07389 -0.11233
v 0.15911 0.09333 -0.11560
v 0.16360 0.11278 -0.11886
v 0.16810 0.13222 -0.12213
v 0.16855 0.14250 -0.12246
v 0.16630 0.14667 -0.12082
v 0.16405 0.15083 -0.11919
v 0.16180 0.15500 -0.11756
v 0.15956 0.15917 -0.11592
v 0.15731 0.16333 -0.11429
v 0.15506 0.16750 -0.11266
v 0.15169 0.17000 -0.11021
v 0.14663 0.17000 -0.10654
v 0.14158 0.17000 -0.10286
v 0.13652 0.17000 -0.09919
v 0.13147 0.17000 -0.09552
v 0.12641 0.17000 -0.09184
v 0.12135 0.17000 -0.08817
v 0.11697 0.16611 -0.08498
v 0.11528 0.14667 -0.08376
v 0.11360 0.12722 -0.08253
v 0.11191 0.10778 -0.08131
v 0.11023 0.08833 -0.08009
v 0.10854 0.06889 -0.07886
v 0.10686 0.04944 -0.07764
v 0.10517 0.03000 -0.07641
v 0.00000 0.00000 0.00000
v 0.02157 0.00000 -0.00960
v 0.04314 0.00000 -0.01921
v 0.06471 0.00000 -0.02881
v 0.08628 0.00000 -0.03841
v 0.10785 0.00000 -0.04802
v 0.12942 0.00000 -0.05762
v 0.15099 0.00000 -0.06722
v 0.15936 0.01556 -0.07095
v 0.16444 0.03500 -0.07321
v 0.16951 0.05444 -0.07547
v 0.17459 0.07389 -0.07773
v 0.17966 0.09333 -0.07999
v 0.18474 0.11278 -0.08225
v 0.18981 0.13222 -0.08451
v 0.19032 0.14250 -0.08474
v 0.18778 0.14667 -0.08361
v 0.18525 0.15083 -0.08248
v 0.18271 0.15500 -0.08135
v 0.18017 0.15917 -0.08022
v 0.17763 0.16333 -0.07909
v 0.17510 0.16750 -0.07796
v 0.17129 0.17000 -0.07626
v 0.16558 0.17000 -0.07372
v 0.15987 0.17000 -0.07118
v 0.15416 0.17000 -0.06864
v 0.14845 0.17000 -0.06609
v 0.14274 0.17000 -0.06355
v 0.13703 0.17000 -0.06101
v 0.13208 0.16611 -0.05881
v 0.13018 0.14667 -0.05796
v 0.12828 0.12722 -0.05711
v 0.12637 0.10778 -0.05627
v 0.12447 0.08833 -0.05542
v 0.12257 0.06889 -0.05457
v 0.12066 0.04944 -0.05372
v 0.11876 0.03000 -0.05288
v 0.00000 0.00000 0.00000
v 0.02310 0.00000 -0.00491
v 0.04619 0.00000 -0.00982
v 0.06929 0.00000 -0.01473
v 0.09238 0.00000 -0.01964
v 0.11548 0.00000 -0.02455
v 0.13857 0.00000 -0.02945
v 0.16167 0.00000 -0.03436
v 0.17063 0.01556 -0.03627
v 0.17607 0.03500 -0.03742
v 0.18150 0.05444 -0.03858
v 0.18693 0.07389 -0.03973
v 0.19237 0.09333 -0.04089
v 0.19780 0.11278 -0.04204
v 0.20324 0.13222 -0.04320
v 0.20378 0.14250 -0.04331
v 0.20106 0.14667 -0.04274
v 0.19835 0.15083 -0.04216
v 0.19563 0.15500 -0.04158
v 0.19291 0.15917 -0.04100
v 0.19020 0.16333 -0.04043
v 0.18748 0.16750 -0.03985
v 0.18340 0.17000 -0.03898
v 0.17729 0.17000 -0.03768
v 0.17118 0.17000 -0.03638
v 0.16506 0.17000 -0.03509
v 0.15895 0.17000 -0.03379
v 0.15284 0.17000 -0.03249
v 0.14672 0.17000 -0.03119
v 0.14142 0.16611 -0.03006
v 0.13939 0.14667 -0.02963
v 0.13735 0.12722 -0.02919
v 0.13531 0.10778 -0.02876
v 0.13327 0.08833 -0.02833
v 0.13123 0.06889 -0.02789
v 0.12920 0.04944 -0.02746
v 0.12716 0.03000 -0.02703
v 0.00000 0.00000 0.00000
v 0.02361 0.00000 -0.00000
v 0.04722 0.00000 -0.00000
v 0.07083 0.00000 -0.00000
v 0.09444 0.00000 -0.00000
v 0.11806 0.00000 -0.00000
v 0.14167 0.00000 -0.00000
v 0.16528 0.00000 -0.00000
v 0.17444 0.01556 -0.00000
v 0.18000 0.03500 -0.00000
v 0.18556 0.05444 -0.00000
v 0.19111 0.07389 -0.00000
v 0.19667 0.09333 -0.00000
v 0.20222 0.11278 -0.00000
v 0.20778 0.13222 -0.00000
v 0.20833 0.14250 -0.00000
v 0.20556 0.14667 -0.00000
v 0.20278 0.15083 -0.00000
v 0.20000 0.15500 -0.00000
v 0.19722 0.15917 -0.00000
v 0.19444 0.16333 -0.00000
v 0.19167 0.16750 -0.00000
v 0.18750 0.17000 -0.00000
v 0.18125 0.17000 -0.00000
v 0.17500 0.17000 -0.00000
v 0.16875 0.17000 -0.00000
v 0.16250 0.17000 -0.00000
v 0.15625 0.17000 -0.00000
v 0.15000 0.17000 -0.00000
v 0.14458 0.16611 -0.00000
v 0.14250 0.14667 -0.00000
v 0.14042 0.12722 -0.00000
v 0.13833 0.10778 -0.00000
v 0.13625 0.08833 -0.00000
v 0.13417 0.06889 -0.00000
v 0.13208 0.04944 -0.00000
v 0.13000 0.03000 -0.00000
vt 0.00000 0.00000
vt 0.00000 0.02778
vt 0.00000 0.05556
vt 0.00000 0.08333
vt 0.00000 0.11111
vt 0.00000 0.13889
vt 0.00000 0.16667
vt 0.00000 0.19444
vt 0.00000 0.22222
vt 0.00000 0.25000
vt 0.00000 0.27778
vt 0.00000 0.30556
vt 0.00000 0.33333
vt 0.00000 0.36111
vt 0.00000 0.38889
vt 0.00000 0.41667
vt 0.00000 0.44444
vt 0.00000 0.47222
vt 0.00000 0.50000
vt 0.00000 0.52778
vt 0.00000 0.55556
vt 0.00000 0.58333
vt 0.00000 0.61111
vt 0.00000 0.63889
vt 0.00000 0.66667
vt 0.00000 0.69444
vt 0.00000 0.72222
vt 0.00000 0.75000
vt 0.00000 0.77778
vt 0.00000 0.80556
vt 0.00000 0.83333
vt 0.00000 0.86111
vt 0.00000 0.88889
vt 0.00000 0.91667
vt 0.00000 0.94444
vt 0.00000 0.97222
vt 0.00000 1.00000
vt 0.03333 0.00000
vt 0.03333 0.02778
vt 0.03333 0.05556
vt 0.03333 0.08333
vt 0.03333 0.11111
vt 0.03333 0.13889
vt 0.03333 0.16667
vt 0.03333 0.19444
vt 0.03333 0.22222
vt 0.03333 0.25000
vt 0.03333 0.27778
vt 0.03333 0.30556
vt 0.03333 0.33333
vt 0.03333 0.36111
vt 0.03333 0.38889
vt 0.03333 0.41667
vt 0.03333 0.44444
vt 0.03333 0.47222
vt 0.03333 0.50000
vt 0.03333 0.52778
vt 0.03333 0.55556
vt 0.03333 0.58333
vt 0.03333 0.61111
vt 0.03333 0.63889
vt 0.03333 0.66667
vt 0.03333 0.69444
vt 0.03333 0.72222
vt 0.03333 0.75000
vt 0.03333 0.77778
vt 0.03333 0.80556
vt 0.03333 0.83333
vt 0.03333 0.86111
vt 0.03333 0.88889
vt 0.03333 0.91667
vt 0.03333 0.94444
vt 0.03333 0.97222
vt 0.03333 1.00000
vt 0.06667 0.00000
vt 0.06667 0.02778
vt 0.06667 0.05556
vt 0.06667 0.08333
vt 0.06667 0.11111
vt 0.06667 0.13889
vt 0.06667 0.16667
vt 0.06667 0.19444
vt 0.06667 0.22222
vt 0.06667 0.25000
vt 0.06667 0.27778
vt 0.06667 0.30556
vt 0.06667 0.33333
vt 0.06667 0.36111
vt 0.06667 0.38889
vt 0.06667 0.41667
vt 0.06667 0.44444
vt 0.06667 0.47222
vt 0.06667 0.50000
vt 0.06667 0.52778
vt 0.06667 0.55556
vt 0.06667 0.58333
vt 0.06667 0.61111
vt 0.06667 0.63889
vt 0.06667 0.66667
vt 0.06667 0.69444
vt 0.06667 0.72222
vt 0.06667 0.75000
vt 0.06667 0.77778
vt 0.06667 0.80556
vt 0.06667 0.83333
vt 0.06667 0.86111
vt 0.06667 0.88889
vt 0.06667 0.91667
vt 0.06667 0.94444
vt 0.06667 0.97222
vt 0.06667 1.00000
vt 0.10000 0.00000
vt 0.10000 0.02778
vt 0.10000 0.05556
vt 0.10000 0.08333
vt 0.10000 0.11111
vt 0.10000 0.13889
vt 0.10000 0.16667
vt 0.10000 0.19444
vt 0.10000 0.22222
vt 0.10000 0.25000
vt 0.10000 0.27778
vt 0.10000 0.30556
vt 0.10000 0.33333
vt 0.10000 0.36111
vt 0.10000 0.38889
vt 0.10000 0.41667
vt 0.10000 0.44444
vt 0.10000 0.47222
vt 0.10000 0.50000
vt 0.10000 0.52778
vt 0.10000 0.55556
vt 0.10000 0.58333
vt 0.10000 0.61111
vt 0.10000 0.63889
vt 0.10000 0.66667
vt 0.10000 0.69444
vt 0.10000 0.72222
vt 0.10000 0.75000
vt 0.10000 0.77778
vt 0.10000 0.80556
vt 0.10000 0.83333
vt 0.10000 0.86111
vt 0.10000 0.88889
vt 0.10000 0.91667
vt 0.10000 0.94444
vt 0.10000 0.97222
vt 0.10000 1.00000
vt 0.13333 0.00000
vt 0.13333 0.02778
vt 0.13333 0.05556
vt 0.13333 0.08333
vt 0.13333 0.11111
vt 0.13333 0.13889
vt 0.13333 0.16667
vt 0.13333 0.19444
vt 0.13333 0.22222
vt 0.13333 0.25000
vt 0.13333 0.27778
vt 0.13333 0.30556
vt 0.13333 0.33333
vt 0.13333 0.36111
vt 0.13333 0.38889
vt 0.13333 0.41667
vt 0.13333 0.44444
vt 0.13333 0.47222
vt 0.13333 0.50000
vt 0.13333 0.52778
vt 0.13333 0.55556
vt 0.13333 0.58333
vt 0.13333 0.61111
vt 0.13333 0.63889
vt 0.13333 0.66667
vt 0.13333 0.69444
vt 0.13333 0.72222
vt 0.13333 0.75000
vt 0.13333 0.77778
vt 0.13333 0.80556
vt 0.13333 0.83333
vt 0.13333 0.86111
vt 0.13333 0.88889
vt 0.13333 0.91667
vt 0.13333 0.94444
vt 0.13333 0.97222
vt 0.13333 1.00000
vt 0.16667 0.00000
vt 0.16667 0.02778
vt 0.16667 0.05556
vt 0.16667 0.08333
vt 0.16667 0.11111
vt 0.16667 0.13889
vt 0.16667 0.16667
vt 0.16667 0.19444
vt 0.16667 0.22222
vt 0.16667 0.25000
vt 0.16667 0.27778
vt 0.16667 0.30556
vt 0.16667 0.33333
vt 0.16667 0.36111
vt 0.16667 0.38889
vt 0.16667 0.41667
vt 0.16667 0.44444
vt 0.16667 0.47222
vt 0.16667 0.50000
vt 0.16667 0.52778
vt 0.16667 0.55556
vt 0.16667 0.58333
vt 0.16667 0.61111
vt 0.16667 0.63889
vt 0.16667 0.66667
vt 0.16667 0.69444
vt 0.16667 0.72222
vt 0.16667 0.75000
vt 0.16667 0.77778
vt 0.16667 0.80556
vt 0.16667 0.83333
vt 0.16667 0.86111
vt 0.16667 0.88889
vt 0.16667 0.91667
vt 0.16667 0.94444
vt 0.16667 0.97222
vt 0.16667 1.00000
vt 0.20000 0.00000
vt 0.20000 0.02778
vt 0.20000 0.05556
vt 0.20000 0.08333
vt 0.20000 0.11111
vt 0.20000 0.13889
vt 0.20000 0.16667
vt 0.20000 0.19444
vt 0.20000 0.22222
vt 0.20000 0.25000
vt 0.20000 0.27778
vt 0.20000 0.30556
vt 0.20000 0.33333
vt 0.20000 0.36111
vt 0.20000 0.38889
vt 0.20000 0.41667
vt 0.20000 0.44444
vt 0.20000 0.47222
vt 0.20000 0.50000
vt 0.20000 0.52778
vt 0.20000 0.55556
vt 0.20000 0.58333
vt 0.20000 0.61111
vt 0.20000 0.63889
vt 0.20000 0.66667
vt 0.20000 0.69444
vt 0.20000 0.72222
vt 0.20000 0.75000
vt 0.20000 0.77778
vt 0.20000 0.80556
vt 0.20000 0.83333
vt 0.20000 0.86111
vt 0.20000 0.88889
vt 0.20000 0.91667
vt 0.20000 0.94444
vt 0.20000 0.97222
vt 0.20000 1.00000
vt 0.23333 0.00000
vt 0.23333 0.02778
vt 0.23333 0.05556
vt 0.23333 0.08333
vt 0.23333 0.11111
vt 0.23333 0.13889
vt 0.23333 0.16667
vt 0.23333 0.19444
vt 0.23333 0.22222
vt 0.23333 0.25000
vt 0.23333 0.27778
vt 0.23333 0.30556
vt 0.23333 0.33333
vt 0.23333 0.36111
vt 0.23333 0.38889
vt 0.23333 0.41667
vt 0.23333 0.44444
vt 0.23333 0.47222
vt 0.23333 0.50000
vt 0.23333 0.52778
vt 0.23333 0.55556
vt 0.23333 0.58333
vt 0.23333 0.61111
vt 0.23333 0.63889
vt 0.23333 0.66667
vt 0.23333 0.69444
vt 0.23333 0.72222
vt 0.23333 0.75000
vt 0.23333 0.77778
vt 0.23333 0.80556
vt 0.23333 0.83333
vt 0.23333 0.86111
vt 0.23333 0.88889
vt 0.23333 0.91667
vt 0.23333 0.94444
vt 0.23333 0.97222
vt 0.23333 1.00000
vt 0.26667 0.00000
vt 0.26667 0.02778
vt 0.26667 0.05556
vt 0.26667 0.08333
vt 0.26667 0.11111
vt 0.26667 0.13889
vt 0.26667 0.16667
vt 0.26667 0.19444
vt 0.26667 0.22222
vt 0.26667 0.25000
vt 0.26667 0.27778
vt 0.26667 0.30556
vt 0.26667 0.33333
vt 0.26667 0.36111
vt 0.26667 0.38889
vt 0.26667 0.41667
vt 0.26667 0.44444
vt 0.26667 0.47222
vt 0.26667 0.50000
vt 0.26667 0.52778
vt 0.26667 0.55556
vt 0.26667 0.58333
vt 0.26667 0.61111
vt 0.26667 0.63889
vt 0.26667 0.66667
vt 0.26667 0.69444
vt 0.26667 0.72222
vt 0.26667 0.75000
vt 0.26667 0.77778
vt 0.26667 0.80556
vt 0.26667 0.83333
vt 0.26667 0.86111
vt 0.26667 0.88889
vt 0.26667 0.91667
vt 0.26667 0.94444
vt 0.26667 0.97222
vt 0.26667 1.00000
vt 0.30000 0.00000
vt 0.30000 0.02778
vt 0.30000 0.05556
vt 0.30000 0.08333
vt 0.30000 0.11111
vt 0.30000 0.13889
vt 0.30000 0.16667
vt 0.30000 0.19444
vt 0.30000 0.22222
vt 0.30000 0.25000
vt 0.30000 0.27778
vt 0.30000 0.30556
vt 0.30000 0.33333
vt 0.30000 0.36111
vt 0.30000 0.38889
vt 0.30000 0.41667
vt 0.30000 0.44444
vt 0.30000 0.47222
vt 0.30000 0.50000
vt 0.30000 0.52778
vt 0.30000 0.55556
vt 0.30000 0.58333
vt 0.30000 0.61111
vt 0.30000 0.63889
vt 0.30000 0.66667
vt 0.30000 0.69444
vt 0.30000 0.72222
vt 0.30000 0.75000
vt 0.30000 0.77778
vt 0.30000 0.80556
vt 0.30000 0.83333
vt 0.30000 0.86111
vt 0.30000 0.88889
vt 0.30000 0.91667
vt 0.30000 0.94444
vt 0.30000 0.97222
vt 0.30000 1.00000
vt 0.33333 0.00000
vt 0.33333 0.02778
vt 0.33333 0.05556
vt 0.33333 0.08333
vt 0.33333 0.11111
vt 0.33333 0.13889
vt 0.33333 0.16667
vt 0.33333 0.19444
vt 0.33333 0.22222
vt 0.33333 0.25000
vt 0.33333 0.27778
vt 0.33333 0.30556
vt 0.33333 0.33333
vt 0.33333 0.36111
vt 0.33333 0.38889
vt 0.33333 0.41667
vt 0.33333 0.44444
vt 0.33333 0.47222
vt 0.33333 0.50000
vt 0.33333 0.52778
vt 0.33333 0.55556
vt 0.33333 0.58333
vt 0.33333 0.61111
vt 0.33333 0.63889
vt 0.33333 0.66667
vt 0.33333 0.69444
vt 0.33333 0.72222
vt 0.33333 0.75000
vt 0.33333 0.77778
vt 0.33333 0.80556
vt 0.33333 0.83333
vt 0.33333 0.86111
vt 0.33333 0.88889
vt 0.33333 0.91667
vt 0.33333 0.94444
vt 0.33333 0.97222
vt 0.33333 1.00000
vt 0.36667 0.00000
vt 0.36667 0.02778
vt 0.36667 0.05556
vt 0.36667 0.08333
vt 0.36667 0.11111
vt 0.36667 0.13889
vt 0.36667 0.16667
vt 0.36667 0.19444
vt 0.36667 0.22222
vt 0.36667 0.25000
vt 0.36667 0.27778
vt 0.36667 0.30556
vt 0.36667 0.33333
vt 0.36667 0.36111
vt 0.36667 0.38889
vt 0.36667 0.41667
vt 0.36667 0.44444
vt 0.36667 0.47222
vt 0.36667 0.50000
vt 0.36667 0.52778
vt 0.36667 0.55556
vt 0.36667 0.58333
vt 0.36667 0.61111
vt 0.36667 0.63889
vt 0.36667 0.66667
vt 0.36667 0.69444
vt 0.36667 0.72222
vt 0.36667 0.75000
vt 0.36667 0.77778
vt 0.36667 0.80556
vt 0.36667 0.83333
vt 0.36667 0.86111
vt 0.36667 0.88889
vt 0.36667 0.91667
vt 0.36667 0.94444
vt 0.36667 0.97222
vt 0.36667 1.00000
vt 0.40000 0.00000
vt 0.40000 0.02778
vt 0.40000 0.05556
vt 0.40000 0.08333
vt 0.40000 0.11111
vt 0.40000 0.13889
vt 0.40000 0.16667
vt 0.40000 0.19444
vt 0.40000 0.22222
vt 0.40000 0.25000
vt 0.40000 0.27778
vt 0.40000 0.30556
vt 0.40000 0.33333
vt 0.40000 0.36111
vt 0.40000 0.38889
vt 0.40000 0.41667
vt 0.40000 0.44444
vt 0.40000 0.47222
vt 0.40000 0.50000
vt 0.40000 0.52778
vt 0.40000 0.55556
vt 0.40000 0.58333
vt 0.40000 0.61111
vt 0.40000 0.63889
vt 0.40000 0.66667
vt 0.40000 0.69444
vt 0.40000 0.72222
vt 0.40000 0.75000
vt 0.40000 0.77778
vt 0.40000 0.80556
vt 0.40000 0.83333
vt 0.40000 0.86111
vt 0.40000 0.88889
vt 0.40000 0.91667
vt 0.40000 0.94444
vt 0.40000 0.97222
vt 0.40000 1.00000
vt 0.43333 0.00000
vt 0.43333 0.02778
vt 0.43333 0.05556
vt 0.43333 0.08333
vt 0.43333 0.11111
vt 0.43333 0.13889
vt 0.43333 0.16667
vt 0.43333 0.19444
vt 0.43333 0.22222
vt 0.43333 0.25000
vt 0.43333 0.27778
vt 0.43333 0.30556
vt 0.43333 0.33333
vt 0.43333 0.36111
vt 0.43333 0.38889
vt 0.43333 0.41667
vt 0.43333 0.44444
vt 0.43333 0.47222
vt 0.43333 0.50000
vt 0.43333 0.52778
vt 0.43333 0.55556
vt 0.43333 0.58333
vt 0.43333 0.61111
vt 0.43333 0.63889
vt 0.43333 0.66667
vt 0.43333 0.69444
vt 0.43333 0.72222
vt 0.43333 0.75000
vt 0.43333 0.77778
vt 0.43333 0.80556
vt 0.43333 0.83333
vt 0.43333 0.86111
vt 0.43333 0.88889
vt 0.43333 0.91667
vt 0.43333 0.94444
vt 0.43333 0.97222
vt 0.43333 1.00000
vt 0.46667 0.00000
vt 0.46667 0.02778
vt 0.46667 0.05556
vt 0.46667 0.08333
vt 0.46667 0.11111
vt 0.46667 0.13889
vt 0.46667 0.16667
vt 0.46667 0.19444
vt 0.46667 0.22222
vt 0.46667 0.25000
vt 0.46667 0.27778
vt 0.46667 0.30556
vt 0.46667 0.33333
vt 0.46667 0.36111
vt 0.46667 0.38889
vt 0.46667 0.41667
vt 0.46667 0.44444
vt 0.46667 0.47222
vt 0.46667 0.50000
vt 0.46667 0.52778
vt 0.46667 0.55556
vt 0.46667 0.58333
vt 0.46667 0.61111
vt 0.46667 0.63889
vt 0.46667 0.66667
vt 0.46667 0.69444
vt 0.46667 0.72222
vt 0.46667 0.75000
vt 0.46667 0.77778
vt 0.46667 0.80556
vt 0.46667 0.83333
vt 0.46667 0.86111
vt 0.46667 0.88889
vt 0.46667 0.91667
vt 0.46667 0.94444
vt 0.46667 0.97222
vt 0.46667 1.00000
vt 0.50000 0.00000
vt 0.50000 0.02778
vt 0.50000 0.05556
vt 0.50000 0.08333
vt 0.50000 0.11111
vt 0.50000 0.13889
vt 0.50000 0.16667
vt 0.50000 0.19444
vt 0.50000 0.22222
vt 0.50000 0.25000
vt 0.50000 0.27778
vt 0.50000 0.30556
vt 0.50000 0.33333
vt 0.50000 0.36111
vt 0.50000 0.38889
vt 0.50000 0.41667
vt 0.50000 0.44444
vt 0.50000 0.47222
vt 0.50000 0.50000
vt 0.50000 0.52778
vt 0.50000 0.55556
vt 0.50000 0.58333
vt 0.50000 0.61111
vt 0.50000 0.63889
vt 0.50000 0.66667
vt 0.50000 0.69444
vt 0.50000 0.72222
vt 0.50000 0.75000
vt 0.50000 0.77778
vt 0.50000 0.80556
vt 0.50000 0.83333
vt 0.50000 0.86111
vt 0.50000 0.88889
vt 0.50000 0.91667
vt 0.50000 0.94444
vt 0.50000 0.97222
vt 0.50000 1.00000
vt 0.53333 0.00000
vt 0.53333 0.02778
vt 0.53333 0.05556
vt 0.53333 0.08333
vt 0.53333 0.11111
vt 0.53333 0.13889
vt 0.53333 0.16667
vt 0.53333 0.19444
vt 0.53333 0.22222
vt 0.53333 0.25000
vt 0.53333 0.27778
vt 0.53333 0.30556
vt 0.53333 0.33333
vt 0.53333 0.36111
vt 0.53333 0.38889
vt 0.53333 0.41667
vt 0.53333 0.44444
vt 0.53333 0.47222
vt 0.53333 0.50000
vt 0.53333 0.52778
vt 0.53333 0.55556
vt 0.53333 0.58333
vt 0.53333 0.61111
vt 0.53333 0.63889
vt 0.53333 0.66667
vt 0.53333 0.69444
vt 0.53333 0.72222
vt 0.53333 0.75000
vt 0.53333 0.77778
vt 0.53333 0.80556
vt 0.53333 0.83333
vt 0.53333 0.86111
vt 0.53333 0.88889
vt 0.53333 0.91667
vt 0.53333 0.94444
vt 0.53333 0.97222
vt 0.53333 1.00000
vt 0.56667 0.00000
vt 0.56667 0.02778
vt 0.56667 0.05556
vt 0.56667 0.08333
vt 0.56667 0.11111
vt 0.56667 0.13889
vt 0.56667 0.16667
vt 0.56667 0.19444
vt 0.56667 0.22222
vt 0.56667 0.25000
vt 0.56667 0.27778
vt 0.56667 0.30556
vt 0.56667 0.33333
vt 0.56667 0.36111
vt 0.56667 0.38889
vt 0.56667 0.41667
vt 0.56667 0.44444
vt 0.56667 0.47222
vt 0.56667 0.50000
vt 0.56667 0.52778
vt 0.56667 0.55556
vt 0.56667 0.58333
vt 0.56667 0.61111
vt 0.56667 0.63889
vt 0.56667 0.66667
vt 0.56667 0.69444
vt 0.56667 0.72222
vt 0.56667 0.75000
vt 0.56667 0.77778
vt 0.56667 0.80556
vt 0.56667 0.83333
vt 0.56667 0.86111
vt 0.56667 0.88889
vt 0.56667 0.91667
vt 0.56667 0.94444
vt 0.56667 0.97222
vt 0.56667 1.00000
vt 0.60000 0.00000
vt 0.60000 0.02778
vt 0.60000 0.05556
vt 0.60000 0.08333
vt 0.60000 0.11111
vt 0.60000 0.13889
vt 0.60000 0.16667
vt 0.60000 0.19444
vt 0.60000 0.22222
vt 0.60000 0.25000
vt 0.60000 0.27778
vt 0.60000 0.30556
vt 0.60000 0.33333
vt 0.60000 0.36111
vt 0.60000 0.38889
vt 0.60000 0.41667
vt 0.60000 0.44444
vt 0.60000 0.47222
vt 0.60000 0.50000
vt 0.60000 0.52778
vt 0.60000 0.55556
vt 0.60000 0.58333
vt 0.60000 0.61111
vt 0.60000 0.63889
vt 0.60000 0.66667
vt 0.60000 0.69444
vt 0.60000 0.72222
vt 0.60000 0.75000
vt 0.60000 0.77778
vt 0.60000 0.80556
vt 0.60000 0.83333
vt 0.60000 0.86111
vt 0.60000 0.88889
vt 0.60000 0.91667
vt 0.60000 0.94444
vt 0.60000 0.97222
vt 0.60000 1.00000
vt 0.63333 0.00000
vt 0.63333 0.02778
vt 0.63333 0.05556
vt 0.63333 0.08333
vt 0.63333 0.11111
vt 0.63333 0.13889
vt 0.63333 0.16667
vt 0.63333 0.19444
vt 0.63333 0.22222
vt 0.63333 0.25000
vt 0.63333 0.27778
vt 0.63333 0.30556
vt 0.63333 0.33333
vt 0.63333 0.36111
vt 0.63333 0.38889
vt 0.63333 0.41667
vt 0.63333 0.44444
vt 0.63333 0.47222
vt 0.63333 0.50000
vt 0.63333 0.52778
vt 0.63333 0.55556
vt 0.63333 0.58333
vt 0.63333 0.61111
vt 0.63333 0.63889
vt 0.63333 0.66667
vt 0.63333 0.69444
vt 0.63333 0.72222
vt 0.63333 0.75000
vt 0.63333 0.77778
vt 0.63333 0.80556
vt 0.63333 0.83333
vt 0.63333 0.86111
vt 0.63333 0.88889
vt 0.63333 0.91667
vt 0.63333 0.94444
vt 0.63333 0.97222
vt 0.63333 1.00000
vt 0.66667 0.00000
vt 0.66667 0.02778
vt 0.66667 0.05556
vt 0.66667 0.08333
vt 0.66667 0.11111
vt 0.66667 0.13889
vt 0.66667 0.16667
vt 0.66667 0.19444
vt 0.66667 0.22222
vt 0.66667 0.25000
vt 0.66667 0.27778
vt 0.66667 0.30556
vt 0.66667 0.33333
vt 0.66667 0.36111
vt 0.66667 0.38889
vt 0.66667 0.41667
vt 0.66667 0.44444
vt 0.66667 0.47222
vt 0.66667 0.50000
vt 0.66667 0.52778
vt 0.66667 0.55556
vt 0.66667 0.58333
vt 0.66667 0.61111
vt 0.66667 0.63889
vt 0.66667 0.66667
vt 0.66667 0.69444
vt 0.66667 0.72222
vt 0.66667 0.75000
vt 0.66667 0.77778
vt 0.66667 0.80556
vt 0.66667 0.83333
vt 0.66667 0.86111
vt 0.66667 0.88889
vt 0.66667 0.91667
vt 0.66667 0.94444
vt 0.66667 0.97222
vt 0.66667 1.00000
vt 0.70000 0.00000
vt 0.70000 0.02778
vt 0.70000 0.05556
vt 0.70000 0.08333
vt 0.70000 0.11111
vt 0.70000 0.13889
vt 0.70000 0.16667
vt 0.70000 0.19444
vt 0.70000 0.22222
vt 0.70000 0.25000
vt 0.70000 0.27778
vt 0.70000 0.30556
vt 0.70000 0.33333
vt 0.70000 0.36111
vt 0.70000 0.38889
vt 0.70000 0.41667
vt 0.70000 0.44444
vt 0.70000 0.47222
vt 0.70000 0.50000
vt 0.70000 0.52778
vt 0.70000 0.55556
vt 0.70000 0.58333
vt 0.70000 0.61111
vt 0.70000 0.63889
vt 0.70000 0.66667
vt 0.70000 0.69444
vt 0.70000 0.72222
vt 0.70000 0.75000
vt 0.70000 0.77778
vt 0.70000 0.80556
vt 0.70000 0.83333
vt 0.70000 0.86111
vt 0.70000 0.88889
vt 0.70000 0.91667
vt 0.70000 0.94444
vt 0.70000 0.97222
vt 0.70000 1.00000
vt 0.73333 0.00000
vt 0.73333 0.02778
vt 0.73333 0.05556
vt 0.73333 0.08333
vt 0.73333 0.11111
vt 0.73333 0.13889
vt 0.73333 0.16667
vt 0.73333 0.19444
vt 0.73333 0.22222
vt 0.73333 0.25000
vt 0.73333 0.27778
vt 0.73333 0.30556
vt 0.73333 0.33333
vt 0.73333 0.36111
vt 0.73333 0.38889
vt 0.73333 0.41667
vt 0.73333 0.44444
vt 0.73333 0.47222
vt 0.73333 0.50000
vt 0.73333 0.52778
vt 0.73333 0.55556
vt 0.73333 0.58333
vt 0.73333 0.61111
vt 0.73333 0.63889
vt 0.73333 0.66667
vt 0.73333 0.69444
vt 0.73333 0.72222
vt 0.73333 0.75000
vt 0.73333 0.77778
vt 0.73333 0.80556
vt 0.73333 0.83333
vt 0.73333 0.86111
vt 0.73333 0.88889
vt 0.73333 0.91667
vt 0.73333 0.94444
vt 0.73333 0.97222
vt 0.73333 1.00000
vt 0.76667 0.00000
vt 0.76667 0.02778
vt 0.76667 0.05556
vt 0.76667 0.08333
vt 0.76667 0.11111
vt 0.76667 0.13889
vt 0.76667 0.16667
vt 0.76667 0.19444
vt 0.76667 0.22222
vt 0.76667 0.25000
vt 0.76667 0.27778
vt 0.76667 0.30556
vt 0.76667 0.33333
vt 0.76667 0.36111
vt 0.76667 0.38889
vt 0.76667 0.41667
vt 0.76667 0.44444
vt 0.76667 0.47222
vt 0.76667 0.50000
vt 0.76667 0.52778
vt 0.76667 0.55556
vt 0.76667 0.58333
vt 0.76667 0.61111
vt 0.76667 0.63889
vt 0.76667 0.66667
vt 0.76667 0.69444
vt 0.76667 0.72222
vt 0.76667 0.75000
vt 0.76667 0.77778
vt 0.76667 0.80556
vt 0.76667 0.83333
vt 0.76667 0.86111
vt 0.76667 0.88889
vt 0.76667 0.91667
vt 0.76667 0.94444
vt 0.76667 0.97222
vt 0.76667 1.00000
vt 0.80000 0.00000
vt 0.80000 0.02778
vt 0.80000 0.05556
vt 0.80000 0.08333
vt 0.80000 0.11111
vt 0.80000 0.13889
vt 0.80000 0.16667
vt 0.80000 0.19444
vt 0.80000 0.22222
vt 0.80000 0.25000
vt 0.80000 0.27778
vt 0.80000 0.30556
vt 0.80000 0.33333
vt 0.80000 0.36111
vt 0.80000 0.38889
vt 0.80000 0.41667
vt 0.80000 0.44444
vt 0.80000 0.47222
vt 0.80000 0.50000
vt 0.80000 0.52778
vt 0.80000 0.55556
vt 0.80000 0.58333
vt 0.80000 0.61111
vt 0.80000 0.63889
vt 0.80000 0.66667
vt 0.80000 0.69444
vt 0.80000 0.72222
vt 0.80000 0.75000
vt 0.80000 0.77778
vt 0.80000 0.80556
vt 0.80000 0.83333
vt 0.80000 0.86111
vt 0.80000 0.88889
vt 0.80000 0.91667
vt 0.80000 0.94444
vt 0.80000 0.97222
vt 0.80000 1.00000
vt 0.83333 0.00000
vt 0.83333 0.02778
vt 0.83333 0.05556
vt 0.83333 0.08333
vt 0.83333 0.11111
vt 0.83333 0.13889
vt 0.83333 0.16667
vt 0.83333 0.19444
vt 0.83333 0.22222
vt 0.83333 0.25000
vt 0.83333 0.27778
vt 0.83333 0.30556
vt 0.83333 0.33333
vt 0.83333 0.36111
vt 0.83333 0.38889
vt 0.83333 0.41667
vt 0.83333 0.44444
vt 0.83333 0.47222
vt 0.83333 0.50000
vt 0.83333 0.52778
vt 0.83333 0.55556
vt 0.83333 0.58333
vt 0.83333 0.61111
vt 0.83333 0.63889
vt 0.83333 0.66667
vt 0.83333 0.69444
vt 0.83333 0.72222
vt 0.83333 0.75000
vt 0.83333 0.77778
vt 0.83333 0.80556
vt 0.83333 0.83333
vt 0.83333 0.86111
vt 0.83333 0.88889
vt 0.83333 0.91667
vt 0.83333 0.94444
vt 0.83333 0.97222
vt 0.83333 1.00000
vt 0.86667 0.00000
vt 0.86667 0.02778
vt 0.86667 0.05556
vt 0.86667 0.08333
vt 0.86667 0.11111
vt 0.86667 0.13889
vt 0.86667 0.16667
vt 0.86667 0.19444
vt 0.86667 0.22222
vt 0.86667 0.25000
vt 0.86667 0.27778
vt 0.86667 0.30556
vt 0.86667 0.33333
vt 0.86667 0.36111
vt 0.86667 0.38889
vt 0.86667 0.41667
vt 0.86667 0.44444
vt 0.86667 0.47222
vt 0.86667 0.50000
vt 0.86667 0.52778
vt 0.86667 0.55556
vt 0.86667 0.58333
vt 0.86667 0.61111
vt 0.86667 0.63889
vt 0.86667 0.66667
vt 0.86667 0.69444
vt 0.86667 0.72222
vt 0.86667 0.75000
vt 0.86667 0.77778
vt 0.86667 0.80556
vt 0.86667 0.83333
vt 0.86667 0.86111
vt 0.86667 0.88889
vt 0.86667 0.91667
vt 0.86667 0.94444
vt 0.86667 0.97222
vt 0.86667 1.00000
vt 0.90000 0.00000
vt 0.90000 0.02778
vt 0.90000 0.05556
vt 0.90000 0.08333
vt 0.90000 0.11111
vt 0.90000 0.13889
vt 0.90000 0.16667
vt 0.90000 0.19444
vt 0.90000 0.22222
vt 0.90000 0.25000
vt 0.90000 0.27778
vt 0.90000 0.30556
vt 0.90000 0.33333
vt 0.90000 0.36111
vt 0.90000 0.38889
vt 0.90000 0.41667
vt 0.90000 0.44444
vt 0.90000 0.47222
vt 0.90000 0.50000
vt 0.90000 0.52778
vt 0.90000 0.55556
vt 0.90000 0.58333
vt 0.90000 0.61111
vt 0.90000 0.63889
vt 0.90000 0.66667
vt 0.90000 0.69444
vt 0.90000 0.72222
vt 0.90000 0.75000
vt 0.90000 0.77778
vt 0.90000 0.80556
vt 0.90000 0.83333
vt 0.90000 0.86111
vt 0.90000 0.88889
vt 0.90000 0.91667
vt 0.90000 0.94444
vt 0.90000 0.97222
vt 0.90000 1.00000
vt 0.93333 0.00000
vt 0.93333 0.02778
vt 0.93333 0.05556
vt 0.93333 0.08333
vt 0.93333 0.11111
vt 0.93333 0.13889
vt 0.93333 0.16667
vt 0.93333 0.19444
vt 0.93333 0.22222
vt 0.93333 0.25000
vt 0.93333 0.27778
vt 0.93333 0.30556
vt 0.93333 0.33333
vt 0.93333 0.36111
vt 0.93333 0.38889
vt 0.93333 0.41667
vt 0.93333 0.44444
vt 0.93333 0.47222
vt 0.93333 0.50000
vt 0.93333 0.52778
vt 0.93333 0.55556
vt 0.93333 0.58333
vt 0.93333 0.61111
vt 0.93333 0.63889
vt 0.93333 0.66667
vt 0.93333 0.69444
vt 0.93333 0.72222
vt 0.93333 0.75000
vt 0.93333 0.77778
vt 0.93333 0.80556
vt 0.93333 0.83333
vt 0.93333 0.86111
vt 0.93333 0.88889
vt 0.93333 0.91667
vt 0.93333 0.94444
vt 0.93333 0.97222
vt 0.93333 1.00000
vt 0.96667 0.00000
vt 0.96667 0.02778
vt 0.96667 0.05556
vt 0.96667 0.08333
vt 0.96667 0.11111
vt 0.96667 0.13889
vt 0.96667 0.16667
vt 0.96667 0.19444
vt 0.96667 0.22222
vt 0.96667 0.25000
vt 0.96667 0.27778
vt 0.96667 0.30556
vt 0.96667 0.33333
vt 0.96667 0.36111
vt 0.96667 0.38889
vt 0.96667 0.41667
vt 0.96667 0.44444
vt 0.96667 0.47222
vt 0.96667 0.50000
vt 0.96667 0.52778
vt 0.96667 0.55556
vt 0.96667 0.58333
vt 0.96667 0.61111
vt 0.96667 0.63889
vt 0.96667 0.66667
vt 0.96667 0.69444
vt 0.96667 0.72222
vt 0.96667 0.75000
vt 0.96667 0.77778
vt 0.96667 0.80556
vt 0.96667 0.83333
vt 0.96667 0.86111
vt 0.96667 0.88889
vt 0.96667 0.91667
vt 0.96667 0.94444
vt 0.96667 0.97222
vt 0.96667 1.00000
vt 1.00000 0.00000
vt 1.00000 0.02778
vt 1.00000 0.05556
vt 1.00000 0.08333
vt 1.00000 0.11111
vt 1.00000 0.13889
vt 1.00000 0.16667
vt 1.00000 0.19444
vt 1.00000 0.22222
vt 1.00000 0.25000
vt 1.00000 0.27778
vt 1.00000 0.30556
vt 1.00000 0.33333
vt 1.00000 0.36111
vt 1.00000 0.38889
vt 1.00000 0.41667
vt 1.00000 0.44444
vt 1.00000 0.47222
vt 1.00000 0.50000
vt 1.00000 0.52778
vt 1.00000 0.55556
vt 1.00000 0.58333
vt 1.00000 0.61111
vt 1.00000 0.63889
vt 1.00000 0.66667
vt 1.00000 0.69444
vt 1.00000 0.72222
vt 1.00000 0.75000
vt 1.00000 0.77778
vt 1.00000 0.80556
vt 1.00000 0.83333
vt 1.00000 0.86111
vt 1.00000 0.88889
vt 1.00000 0.91667
vt 1.00000 0.94444
vt 1.00000 0.97222
vt 1.00000 1.00000
vn 0.00000 0.00000 0.00000
vn 1.00000 0.00000 0.00000
vn 1.00000 0.00000 0.00000
vn 1.00000 0.00000 0.00000
vn 0.00000 1.00000 -0.00000
vn 0.00000 1.00000 -0.00000
vn 0.00000 1.00000 -0.00000
vn 0.00000 1.00000 -0.00000
vn -0.96152 0.27472 -0.00302
vn -0.96152 0.27472 -0.00302
vn -0.96152 0.27472 -0.00302
vn -0.96152 0.27472 -0.00302
vn -0.96152 0.27472 -0.00302
vn -0.96152 0.27472 -0.00302
vn -0.96152 0.27472 -0.00302
vn 0.82539 0.56457 0.00000
vn 0.81403 0.58082 0.00000
vn 0.80237 0.59683 0.00000
vn 0.79042 0.61257 0.00000
vn 0.77819 0.62803 0.00000
vn 0.76570 0.64319 0.00000
vn 0.75298 0.65804 0.00000
vn 0.74083 0.67169 0.00000
vn 0.72938 0.68411 0.00000
vn 0.71728 0.69679 0.00000
vn 0.70449 0.70971 0.00000
vn 0.69098 0.72287 0.00000
vn 0.67670 0.73625 0.00000
vn 0.66162 0.74984 0.00000
vn 0.99430 -0.10653 0.00312
vn 0.99430 -0.10653 0.00312
vn 0.99430 -0.10653 0.00312
vn 0.99430 -0.10653 0.00312
vn 0.99430 -0.10653 0.00312
vn 0.99430 -0.10653 0.00312
vn 0.99430 -0.10653 0.00312
vn 0.97439 0.22486 0.00000
vn 0.00000 0.00000 0.00000
vn 0.97815 0.00000 0.20791
vn 0.00000 1.00000 -0.00000
vn 0.00000 1.00000 -0.00000
vn 0.00000 1.00000 -0.00000
vn 0.00000 1.00000 -0.00000
vn 0.00000 1.00000 -0.00000
vn 0.00000 1.00000 -0.00000
vn -0.94051 0.27472 -0.19991
vn -0.94051 0.27472 -0.19991
vn -0.94051 0.27472 -0.19991
vn -0.94051 0.27472 -0.19991
vn -0.94051 0.27472 -0.19991
vn -0.94051 0.27472 -0.19991
vn -0.94051 0.27472 -0.19991
vn 0.80735 0.56457 0.17161
vn 0.79624 0.58082 0.16925
vn 0.78483 0.59683 0.16682
vn 0.77314 0.61257 0.16434
vn 0.76118 0.62803 0.16179
vn 0.74897 0.64319 0.15920
vn 0.73653 0.65804 0.15655
vn -0.00000 -1.00000 0.00000
vn -0.00000 -1.00000 0.00000
vn 0.70161 0.69679 0.14913
vn 0.68910 0.70971 0.14647
vn 0.67588 0.72287 0.14366
vn 0.66192 0.73625 0.14069
vn 0.64716 0.74984 0.13756
vn 0.97258 -0.10653 0.20673
vn 0.97258 -0.10653 0.20673
vn 0.97258 -0.10653 0.20673
vn 0.97258 -0.10653 0.20673
vn 0.97258 -0.10653 0.20673
vn 0.97258 -0.10653 0.20673
vn 0.97258 -0.10653 0.20673
vn 0.97258 -0.10653 0.20673
vn 0.00000 0.00000 0.00000
vn 0.91355 0.00000 0.40674
vn 0.00000 1.00000 -0.00000
vn 0.00000 1.00000 -0.00000
vn 0.00000 1.00000 -0.00000
vn 0.00000 1.00000 -0.00000
vn 0.00000 1.00000 -0.00000
vn 0.00000 1.00000 -0.00000
vn -0.87840 0.27472 -0.39109
vn -0.87840 0.27472 -0.39109
vn -0.87840 0.27472 -0.39109
vn -0.87840 0.27472 -0.39109
vn -0.87840 0.27472 -0.39109
vn -0.87840 0.27472 -0.39109
vn -0.87840 0.27472 -0.39109
vn 0.75403 0.56457 0.33572
vn 0.74365 0.58082 0.33110
vn 0.73300 0.59683 0.32635
vn 0.72208 0.61257 0.32149
vn 0.71091 0.62803 0.31652
vn 0.69951 0.64319 0.31144
vn 0.68788 0.65804 0.30627
vn -0.00000 -1.00000 0.00000
vn -0.00000 -1.00000 0.00000
vn 0.65527 0.69679 0.29174
vn 0.64359 0.70971 0.28654
vn 0.63124 0.72287 0.28105
vn 0.61820 0.73625 0.27524
vn 0.60442 0.74984 0.26911
vn 0.90835 -0.10653 0.40442
vn 0.90835 -0.10653 0.40442
vn 0.90835 -0.10653 0.40442
vn 0.90835 -0.10653 0.40442
vn 0.90835 -0.10653 0.40442
vn 0.90835 -0.10653 0.40442
vn 0.90835 -0.10653 0.40442
vn 0.90835 -0.10653 0.40442
vn 0.00000 0.00000 0.00000
vn 0.80902 0.00000 0.58779
vn 0.00000 1.00000 -0.00000
vn 0.00000 1.00000 -0.00000
vn 0.00000 1.00000 -0.00000
vn 0.00000 1.00000 -0.00000
vn 0.00000 1.00000 -0.00000
vn 0.00000 1.00000 -0.00000
vn -0.77789 0.27472 -0.56517
vn -0.77789 0.27472 -0.56517
vn -0.77789 0.27472 -0.56517
vn -0.77789 0.27472 -0.56517
vn -0.77789 0.27472 -0.56517
vn -0.77789 0.27472 -0.56517
vn -0.77789 0.27472 -0.56517
vn 0.66775 0.56457 0.48515
vn 0.65856 0.58082 0.47848
vn 0.64913 0.59683 0.47162
vn 0.63946 0.61257 0.46459
vn 0.62957 0.62803 0.45741
vn 0.61947 0.64319 0.45007
vn 0.60918 0.65804 0.44259
vn -0.00000 -1.00000 0.00000
vn -0.00000 -1.00000 0.00000
vn 0.58029 0.69679 0.42161
vn 0.56995 0.70971 0.41409
vn 0.55902 0.72287 0.40615
vn 0.54747 0.73625 0.39776
vn 0.53526 0.74984 0.38889
vn 0.80441 -0.10653 0.58444
vn 0.80441 -0.10653 0.58444
vn 0.80441 -0.10653 0.58444
vn 0.80441 -0.10653 0.58444
vn 0.80441 -0.10653 0.58444
vn 0.80441 -0.10653 0.58444
vn 0.80441 -0.10653 0.58444
vn 0.80441 -0.10653 0.58444
vn 0.00000 0.00000 0.00000
vn 0.66913 0.00000 0.74314
vn 0.00000 1.00000 -0.00000
vn 0.00000 1.00000 -0.00000
vn 0.00000 1.00000 -0.00000
vn 0.00000 1.00000 -0.00000
vn 0.00000 1.00000 -0.00000
vn 0.00000 1.00000 -0.00000
vn -0.64339 0.27472 -0.71455
vn -0.64339 0.27472 -0.71455
vn -0.64339 0.27472 -0.71455
vn -0.64339 0.27472 -0.71455
vn -0.64339 0.27472 -0.71455
vn -0.64339 0.27472 -0.71455
vn -0.64339 0.27472 -0.71455
vn 0.55229 0.56457 0.61338
vn 0.54469 0.58082 0.60494
vn 0.53689 0.59683 0.59628
vn 0.52889 0.61257 0.58739
vn 0.52071 0.62803 0.57831
vn 0.51236 0.64319 0.56903
vn 0.50384 0.65804 0.55957
vn -0.00000 -1.00000 0.00000
vn -0.00000 -1.00000 0.00000
vn 0.47995 0.69679 0.53304
vn 0.47140 0.70971 0.52354
vn 0.46236 0.72287 0.51350
vn 0.45280 0.73625 0.50289
vn 0.44271 0.74984 0.49168
vn 0.66532 -0.10653 0.73892
vn 0.66532 -0.10653 0.73892
vn 0.66532 -0.10653 0.73892
vn 0.66532 -0.10653 0.73892
vn 0.66532 -0.10653 0.73892
vn 0.66532 -0.10653 0.73892
vn 0.66532 -0.10653 0.73892
vn 0.66532 -0.10653 0.73892
vn 0.00000 0.00000 0.00000
vn 0.50000 0.00000 0.86603
vn 0.00000 1.00000 -0.00000
vn 0.00000 1.00000 -0.00000
vn 0.00000 1.00000 -0.00000
vn 0.00000 1.00000 -0.00000
vn 0.00000 1.00000 -0.00000
vn 0.00000 1.00000 -0.00000
vn -0.48076 0.27472 -0.83270
vn -0.48076 0.27472 -0.83270
vn -0.48076 0.27472 -0.83270
vn -0.48076 0.27472 -0.83270
vn -0.48076 0.27472 -0.83270
vn -0.48076 0.27472 -0.83270
vn -0.48076 0.27472 -0.83270
vn 0.41269 0.56457 0.71481
vn 0.40702 0.58082 0.70497
vn 0.40118 0.59683 0.69487
vn 0.39521 0.61257 0.68452
vn 0.38909 0.62803 0.67393
vn 0.38285 0.64319 0.66312
vn 0.37649 0.65804 0.65210
vn -0.00000 -1.00000 0.00000
vn -0.00000 -1.00000 0.00000
vn 0.35864 0.69679 0.62118
vn 0.35225 0.70971 0.61011
vn 0.34549 0.72287 0.59841
vn 0.33835 0.73625 0.58604
vn 0.33081 0.74984 0.57298
vn 0.49715 -0.10653 0.86110
vn 0.49715 -0.10653 0.86110
vn 0.49715 -0.10653 0.86110
vn 0.49715 -0.10653 0.86110
vn 0.49715 -0.10653 0.86110
vn 0.49715 -0.10653 0.86110
vn 0.49715 -0.10653 0.86110
vn 0.49715 -0.10653 0.86110
vn 0.00000 0.00000 0.00000
vn 0.30902 0.00000 0.95106
vn 0.00000 1.00000 -0.00000
vn 0.00000 1.00000 -0.00000
vn 0.00000 1.00000 -0.00000
vn 0.00000 1.00000 -0.00000
vn 0.00000 1.00000 -0.00000
vn 0.00000 1.00000 -0.00000
vn -0.29713 0.27472 -0.91446
vn -0.29713 0.27472 -0.91446
vn -0.29713 0.27472 -0.91446
vn -0.29713 0.27472 -0.91446
vn -0.29713 0.27472 -0.91446
vn -0.29713 0.27472 -0.91446
vn -0.29713 0.27472 -0.91446
vn 0.25506 0.56457 0.78499
vn 0.25155 0.58082 0.77419
vn 0.24795 0.59683 0.76310
vn 0.24425 0.61257 0.75173
vn 0.24047 0.62803 0.74010
vn 0.23662 0.64319 0.72823
vn 0.23268 0.65804 0.71613
vn -0.00000 -1.00000 0.00000
vn -0.00000 -1.00000 0.00000
vn 0.22165 0.69679 0.68217
vn 0.21770 0.70971 0.67001
vn 0.21352 0.72287 0.65716
vn 0.20911 0.73625 0.64358
vn 0.20445 0.74984 0.62924
vn 0.30726 -0.10653 0.94564
vn 0.30726 -0.10653 0.94564
vn 0.30726 -0.10653 0.94564
vn 0.30726 -0.10653 0.94564
vn 0.30726 -0.10653 0.94564
vn 0.30726 -0.10653 0.94564
vn 0.30726 -0.10653 0.94564
vn 0.30726 -0.10653 0.94564
vn 0.00000 0.00000 0.00000
vn 0.10453 0.00000 0.99452
vn 0.00000 1.00000 -0.00000
vn 0.00000 1.00000 -0.00000
vn 0.00000 1.00000 -0.00000
vn 0.00000 1.00000 -0.00000
vn 0.00000 1.00000 -0.00000
vn 0.00000 1.00000 -0.00000
vn -0.10051 0.27472 -0.95626
vn -0.10051 0.27472 -0.95626
vn -0.10051 0.27472 -0.95626
vn -0.10051 0.27472 -0.95626
vn -0.10051 0.27472 -0.95626
vn -0.10051 0.27472 -0.95626
vn -0.10051 0.27472 -0.95626
vn 0.08628 0.56457 0.82087
vn 0.08509 0.58082 0.80957
vn 0.08387 0.59683 0.79797
vn 0.08262 0.61257 0.78609
vn 0.08134 0.62803 0.77393
vn 0.08004 0.64319 0.76151
vn 0.07871 0.65804 0.74886
vn -0.00000 -1.00000 0.00000
vn -0.00000 -1.00000 0.00000
vn 0.07498 0.69679 0.71335
vn 0.07364 0.70971 0.70063
vn 0.07223 0.72287 0.68720
vn 0.07073 0.73625 0.67300
vn 0.06916 0.74984 0.65800
vn 0.10393 -0.10653 0.98886
vn 0.10393 -0.10653 0.98886
vn 0.10393 -0.10653 0.98886
vn 0.10393 -0.10653 0.98886
vn 0.10393 -0.10653 0.98886
vn 0.10393 -0.10653 0.98886
vn 0.10393 -0.10653 0.98886
vn 0.10393 -0.10653 0.98886
vn 0.00000 0.00000 0.00000
vn -0.10453 0.00000 0.99452
vn 0.00000 1.00000 0.00000
vn 0.00000 1.00000 0.00000
vn 0.00000 1.00000 0.00000
vn 0.00000 1.00000 0.00000
vn 0.00000 1.00000 0.00000
vn 0.00000 1.00000 0.00000
vn 0.10051 0.27472 -0.95626
vn 0.10051 0.27472 -0.95626
vn 0.10051 0.27472 -0.95626
vn 0.10051 0.27472 -0.95626
vn 0.10051 0.27472 -0.95626
vn 0.10051 0.27472 -0.95626
vn 0.10051 0.27472 -0.95626
vn -0.08628 0.56457 0.82087
vn -0.08509 0.58082 0.80957
vn -0.08387 0.59683 0.79797
vn -0.08262 0.61257 0.78609
vn -0.08134 0.62803 0.77393
vn -0.08004 0.64319 0.76151
vn -0.07871 0.65804 0.74886
vn 0.00000 -1.00000 -0.00000
vn 0.00000 -1.00000 -0.00000
vn -0.07498 0.69679 0.71335
vn -0.07364 0.70971 0.70063
vn -0.07223 0.72287 0.68720
vn -0.07073 0.73625 0.67300
vn -0.06916 0.74984 0.65800
vn -0.10393 -0.10653 0.98886
vn -0.10393 -0.10653 0.98886
vn -0.10393 -0.10653 0.98886
vn -0.10393 -0.10653 0.98886
vn -0.10393 -0.10653 0.98886
vn -0.10393 -0.10653 0.98886
vn -0.10393 -0.10653 0.98886
vn -0.10393 -0.10653 0.98886
vn 0.00000 0.00000 0.00000
vn -0.30902 0.00000 0.95106
vn 0.00000 1.00000 0.00000
vn 0.00000 1.00000 0.00000
vn 0.00000 1.00000 0.00000
vn 0.00000 1.00000 0.00000
vn 0.00000 1.00000 0.00000
vn 0.00000 1.00000 0.00000
vn 0.29713 0.27472 -0.91446
vn 0.29713 0.27472 -0.91446
vn 0.29713 0.27472 -0.91446
vn 0.29713 0.27472 -0.91446
vn 0.29713 0.27472 -0.91446
vn 0.29713 0.27472 -0.91446
vn 0.29713 0.27472 -0.91446
vn -0.25506 0.56457 0.78499
vn -0.25155 0.58082 0.77419
vn -0.24795 0.59683 0.76310
vn -0.24425 0.61257 0.75173
vn -0.24047 0.62803 0.74010
vn -0.23662 0.64319 0.72823
vn -0.23268 0.65804 0.71613
vn 0.00000 -1.00000 -0.00000
vn 0.00000 -1.00000 -0.00000
vn -0.22165 0.69679 0.68217
vn -0.21770 0.70971 0.67001
vn -0.21352 0.72287 0.65716
vn -0.20911 0.73625 0.64358
vn -0.20445 0.74984 0.62924
vn -0.30726 -0.10653 0.94564
vn -0.30726 -0.10653 0.94564
vn -0.30726 -0.10653 0.94564
vn -0.30726 -0.10653 0.94564
vn -0.30726 -0.10653 0.94564
vn -0.30726 -0.10653 0.94564
vn -0.30726 -0.10653 0.94564
vn -0.30726 -0.10653 0.94564
vn 0.00000 0.00000 0.00000
vn -0.50000 0.00000 0.86603
vn 0.00000 1.00000 0.00000
vn 0.00000 1.00000 0.00000
vn 0.00000 1.00000 0.00000
vn 0.00000 1.00000 0.00000
vn 0.00000 1.00000 0.00000
vn 0.00000 1.00000 0.00000
vn 0.48076 0.27472 -0.83270
vn 0.48076 0.27472 -0.83270
vn 0.48076 0.27472 -0.83270
vn 0.48076 0.27472 -0.83270
vn 0.48076 0.27472 -0.83270
vn 0.48076 0.27472 -0.83270
vn 0.48076 0.27472 -0.83270
vn -0.41269 0.56457 0.71481
vn -0.40702 0.58082 0.70497
vn -0.40118 0.59683 0.69487
vn -0.39521 0.61257 0.68452
vn -0.38909 0.62803 0.67393
vn -0.38285 0.64319 0.66312
vn -0.37649 0.65804 0.65210
vn 0.00000 -1.00000 -0.00000
vn 0.00000 -1.00000 -0.00000
vn -0.35864 0.69679 0.62118
vn -0.35225 0.70971 0.61011
vn -0.34549 0.72287 0.59841
vn -0.33835 0.73625 0.58604
vn -0.33081 0.74984 0.57298
vn -0.49715 -0.10653 0.86110
vn -0.49715 -0.10653 0.86110
vn -0.49715 -0.10653 0.86110
vn -0.49715 -0.10653 0.86110
vn -0.49715 -0.10653 0.86110
vn -0.49715 -0.10653 0.86110
vn -0.49715 -0.10653 0.86110
vn -0.49715 -0.10653 0.86110
vn 0.00000 0.00000 0.00000
vn -0.66913 0.00000 0.74314
vn 0.00000 1.00000 0.00000
vn 0.00000 1.00000 0.00000
vn 0.00000 1.00000 0.00000
vn 0.00000 1.00000 0.00000
vn 0.00000 1.00000 0.00000
vn 0.00000 1.00000 0.00000
vn 0.64339 0.27472 -0.71455
vn 0.64339 0.27472 -0.71455
vn 0.64339 0.27472 -0.71455
vn 0.64339 0.27472 -0.71455
vn 0.64339 0.27472 -0.71455
vn 0.64339 0.27472 -0.71455
vn 0.64339 0.27472 -0.71455
vn -0.55229 0.56457 0.61338
vn -0.54469 0.58082 0.60494
vn -0.53689 0.59683 0.59628
vn -0.52889 0.61257 0.58739
vn -0.52071 0.62803 0.57831
vn -0.51236 0.64319 0.56903
vn -0.50384 0.65804 0.55957
vn 0.00000 -1.00000 -0.00000
vn 0.00000 -1.00000 -0.00000
vn -0.47995 0.69679 0.53304
vn -0.47140 0.70971 0.52354
vn -0.46236 0.72287 0.51350
vn -0.45280 0.73625 0.50289
vn -0.44271 0.74984 0.49168
vn -0.66532 -0.10653 0.73892
vn -0.66532 -0.10653 0.73892
vn -0.66532 -0.10653 0.73892
vn -0.66532 -0.10653 0.73892
vn -0.66532 -0.10653 0.73892
vn -0.66532 -0.10653 0.73892
vn -0.66532 -0.10653 0.73892
vn -0.66532 -0.10653 0.73892
vn 0.00000 0.00000 0.00000
vn -0.80902 0.00000 0.58779
vn 0.00000 1.00000 0.00000
vn 0.00000 1.00000 0.00000
vn 0.00000 1.00000 0.00000
vn 0.00000 1.00000 0.00000
vn 0.00000 1.00000 0.00000
vn 0.00000 1.00000 0.00000
vn 0.77789 0.27472 -0.56517
vn 0.77789 0.27472 -0.56517
vn 0.77789 0.27472 -0.56517
vn 0.77789 0.27472 -0.56517
vn 0.77789 0.27472 -0.56517
vn 0.77789 0.27472 -0.56517
vn 0.77789 0.27472 -0.56517
vn -0.66775 0.56457 0.48515
vn -0.65856 0.58082 0.47848
vn -0.64913 0.59683 0.47162
vn -0.63946 0.61257 0.46459
vn -0.62957 0.62803 0.45741
vn -0.61947 0.64319 0.45007
vn -0.60918 0.65804 0.44259
vn 0.00000 -1.00000 -0.00000
vn 0.00000 -1.00000 -0.00000
vn -0.58029 0.69679 0.42161
vn -0.56995 0.70971 0.41409
vn -0.55902 0.72287 0.40615
vn -0.54747 0.73625 0.39776
vn -0.53526 0.74984 0.38889
vn -0.80441 -0.10653 0.58444
vn -0.80441 -0.10653 0.58444
vn -0.80441 -0.10653 0.58444
vn -0.80441 -0.10653 0.58444
vn -0.80441 -0.10653 0.58444
vn -0.80441 -0.10653 0.58444
vn -0.80441 -0.10653 0.58444
vn -0.80441 -0.10653 0.58444
vn 0.00000 0.00000 0.00000
vn -0.91355 0.00000 0.40674
vn 0.00000 1.00000 0.00000
vn 0.00000 1.00000 0.00000
vn 0.00000 1.00000 0.00000
vn 0.00000 1.00000 0.00000
vn 0.00000 1.00000 0.00000
vn 0.00000 1.00000 0.00000
vn 0.87840 0.27472 -0.39109
vn 0.87840 0.27472 -0.39109
vn 0.87840 0.27472 -0.39109
vn 0.87840 0.27472 -0.39109
vn 0.87840 0.27472 -0.39109
vn 0.87840 0.27472 -0.39109
vn 0.87840 0.27472 -0.39109
vn -0.75403 0.56457 0.33572
vn -0.74365 0.58082 0.33110
vn -0.73300 0.59683 0.32635
vn -0.72208 0.61257 0.32149
vn -0.71091 0.62803 0.31652
vn -0.69951 0.64319 0.31144
vn -0.68788 0.65804 0.30627
vn 0.00000 -1.00000 -0.00000
vn 0.00000 -1.00000 -0.00000
vn -0.65527 0.69679 0.29174
vn -0.64359 0.70971 0.28654
vn -0.63124 0.72287 0.28105
vn -0.61820 0.73625 0.27524
vn -0.60442 0.74984 0.26911
vn -0.90835 -0.10653 0.40442
vn -0.90835 -0.10653 0.40442
vn -0.90835 -0.10653 0.40442
vn -0.90835 -0.10653 0.40442
vn -0.90835 -0.10653 0.40442
vn -0.90835 -0.10653 0.40442
vn -0.90835 -0.10653 0.40442
vn -0.90835 -0.10653 0.40442
vn 0.00000 0.00000 0.00000
vn -0.97815 0.00000 0.20791
vn 0.00000 1.00000 0.00000
vn 0.00000 1.00000 0.00000
vn 0.00000 1.00000 0.00000
vn 0.00000 1.00000 0.00000
vn 0.00000 1.00000 0.00000
vn 0.00000 1.00000 0.00000
vn 0.94051 0.27472 -0.19991
vn 0.94051 0.27472 -0.19991
vn 0.94051 0.27472 -0.19991
vn 0.94051 0.27472 -0.19991
vn 0.94051 0.27472 -0.19991
vn 0.94051 0.27472 -0.19991
vn 0.94051 0.27472 -0.19991
vn -0.80735 0.56457 0.17161
vn -0.79624 0.58082 0.16925
vn -0.78483 0.59683 0.16682
vn -0.77314 0.61257 0.16434
vn -0.76118 0.62803 0.16179
vn -0.74897 0.64319 0.15920
vn -0.73653 0.65804 0.15655
vn 0.00000 -1.00000 -0.00000
vn 0.00000 -1.00000 -0.00000
vn -0.70161 0.69679 0.14913
vn -0.68910 0.70971 0.14647
vn -0.67588 0.72287 0.14366
vn -0.66192 0.73625 0.14069
vn -0.64716 0.74984 0.13756
vn -0.97258 -0.10653 0.20673
vn -0.97258 -0.10653 0.20673
vn -0.97258 -0.10653 0.20673
vn -0.97258 -0.10653 0.20673
vn -0.97258 -0.10653 0.20673
vn -0.97258 -0.10653 0.20673
vn -0.97258 -0.10653 0.20673
vn -0.97258 -0.10653 0.20673
vn 0.00000 0.00000 0.00000
vn -1.00000 0.00000 0.00000
vn 0.00000 1.00000 0.00000
vn 0.00000 1.00000 0.00000
vn 0.00000 1.00000 0.00000
vn 0.00000 1.00000 0.00000
vn 0.00000 1.00000 0.00000
vn 0.00000 1.00000 0.00000
vn 0.96152 0.27472 0.00000
vn 0.96152 0.27472 0.00000
vn 0.96152 0.27472 0.00000
vn 0.96152 0.27472 0.00000
vn 0.96152 0.27472 0.00000
vn 0.96152 0.27472 0.00000
vn 0.96152 0.27472 0.00000
vn -0.82539 0.56457 0.00000
vn -0.81403 0.58082 0.00000
vn -0.80237 0.59683 0.00000
vn -0.79042 0.61257 0.00000
vn -0.77819 0.62803 0.00000
vn -0.76570 0.64319 0.00000
vn -0.75298 0.65804 0.00000
vn 0.00000 -1.00000 0.00000
vn 0.00000 -1.00000 0.00000
vn -0.71728 0.69679 0.00000
vn -0.70449 0.70971 0.00000
vn -0.69098 0.72287 0.00000
vn -0.67670 0.73625 0.00000
vn -0.66162 0.74984 0.00000
vn -0.99431 -0.10653 -0.00000
vn -0.99431 -0.10653 -0.00000
vn -0.99431 -0.10653 -0.00000
vn -0.99431 -0.10653 -0.00000
vn -0.99431 -0.10653 -0.00000
vn -0.99431 -0.10653 -0.00000
vn -0.99431 -0.10653 -0.00000
vn -0.99431 -0.10653 -0.00000
vn 0.00000 0.00000 0.00000
vn -0.97815 0.00000 -0.20791
vn 0.00000 1.00000 0.00000
vn 0.00000 1.00000 0.00000
vn 0.00000 1.00000 0.00000
vn 0.00000 1.00000 0.00000
vn 0.00000 1.00000 0.00000
vn 0.00000 1.00000 0.00000
vn 0.94051 0.27472 0.19991
vn 0.94051 0.27472 0.19991
vn 0.94051 0.27472 0.19991
vn 0.94051 0.27472 0.19991
vn 0.94051 0.27472 0.19991
vn 0.94051 0.27472 0.19991
vn 0.94051 0.27472 0.19991
vn -0.80735 0.56457 -0.17161
vn -0.79624 0.58082 -0.16925
vn -0.78483 0.59683 -0.16682
vn -0.77314 0.61257 -0.16434
vn -0.76118 0.62803 -0.16179
vn -0.74897 0.64319 -0.15920
vn -0.73653 0.65804 -0.15655
vn 0.00000 -1.00000 0.00000
vn 0.00000 -1.00000 0.00000
vn -0.70161 0.69679 -0.14913
vn -0.68910 0.70971 -0.14647
vn -0.67588 0.72287 -0.14366
vn -0.66192 0.73625 -0.14069
vn -0.64716 0.74984 -0.13756
vn -0.97258 -0.10653 -0.20673
vn -0.97258 -0.10653 -0.20673
vn -0.97258 -0.10653 -0.20673
vn -0.97258 -0.10653 -0.20673
vn -0.97258 -0.10653 -0.20673
vn -0.97258 -0.10653 -0.20673
vn -0.97258 -0.10653 -0.20673
vn -0.97258 -0.10653 -0.20673
vn 0.00000 0.00000 0.00000
vn -0.91355 0.00000 -0.40674
vn 0.00000 1.00000 0.00000
vn 0.00000 1.00000 0.00000
vn 0.00000 1.00000 0.00000
vn 0.00000 1.00000 0.00000
vn 0.00000 1.00000 0.00000
vn 0.00000 1.00000 0.00000
vn 0.87840 0.27472 0.39109
vn 0.87840 0.27472 0.39109
vn 0.87840 0.27472 0.39109
vn 0.87840 0.27472 0.39109
vn 0.87840 0.27472 0.39109
vn 0.87840 0.27472 0.39109
vn 0.87840 0.27472 0.39109
vn -0.75403 0.56457 -0.33572
vn -0.74365 0.58082 -0.33110
vn -0.73300 0.59683 -0.32635
vn -0.72208 0.61257 -0.32149
vn -0.71091 0.62803 -0.31652
vn -0.69951 0.64319 -0.31144
vn -0.68788 0.65804 -0.30627
vn 0.00000 -1.00000 0.00000
vn 0.00000 -1.00000 0.00000
vn -0.65527 0.69679 -0.29174
vn -0.64359 0.70971 -0.28654
vn -0.63124 0.72287 -0.28105
vn -0.61820 0.73625 -0.27524
vn -0.60442 0.74984 -0.26911
vn -0.90835 -0.10653 -0.40442
vn -0.90835 -0.10653 -0.40442
vn -0.90835 -0.10653 -0.40442
vn -0.90835 -0.10653 -0.40442
vn -0.90835 -0.10653 -0.40442
vn -0.90835 -0.10653 -0.40442
vn -0.90835 -0.10653 -0.40442
vn -0.90835 -0.10653 -0.40442
vn 0.00000 0.00000 0.00000
vn -0.80902 0.00000 -0.58779
vn 0.00000 1.00000 0.00000
vn 0.00000 1.00000 0.00000
vn 0.00000 1.00000 0.00000
vn 0.00000 1.00000 0.00000
vn 0.00000 1.00000 0.00000
vn 0.00000 1.00000 0.00000
vn 0.77789 0.27472 0.56517
vn 0.77789 0.27472 0.56517
vn 0.77789 0.27472 0.56517
vn 0.77789 0.27472 0.56517
vn 0.77789 0.27472 0.56517
vn 0.77789 0.27472 0.56517
vn 0.77789 0.27472 0.56517
vn -0.66775 0.56457 -0.48515
vn -0.65856 0.58082 -0.47848
vn -0.64913 0.59683 -0.47162
vn -0.63946 0.61257 -0.46459
vn -0.62957 0.62803 -0.45741
vn -0.61947 0.64319 -0.45007
vn -0.60918 0.65804 -0.44259
vn 0.00000 -1.00000 0.00000
vn 0.00000 -1.00000 0.00000
vn -0.58029 0.69679 -0.42161
vn -0.56995 0.70971 -0.41409
vn -0.55902 0.72287 -0.40615
vn -0.54747 0.73625 -0.39776
vn -0.53526 0.74984 -0.38889
vn -0.80441 -0.10653 -0.58444
vn -0.80441 -0.10653 -0.58444
vn -0.80441 -0.10653 -0.58444
vn -0.80441 -0.10653 -0.58444
vn -0.80441 -0.10653 -0.58444
vn -0.80441 -0.10653 -0.58444
vn -0.80441 -0.10653 -0.58444
vn -0.80441 -0.10653 -0.58444
vn 0.00000 0.00000 0.00000
vn -0.66913 0.00000 -0.74314
vn 0.00000 1.00000 0.00000
vn 0.00000 1.00000 0.00000
vn 0.00000 1.00000 0.00000
vn 0.00000 1.00000 0.00000
vn 0.00000 1.00000 0.00000
vn 0.00000 1.00000 0.00000
vn 0.64339 0.27472 0.71455
vn 0.64339 0.27472 0.71455
vn 0.64339 0.27472 0.71455
vn 0.64339 0.27472 0.71455
vn 0.64339 0.27472 0.71455
vn 0.64339 0.27472 0.71455
vn 0.64339 0.27472 0.71455
vn -0.55229 0.56457 -0.61338
vn -0.54469 0.58082 -0.60494
vn -0.53689 0.59683 -0.59628
vn -0.52889 0.61257 -0.58739
vn -0.52071 0.62803 -0.57831
vn -0.51236 0.64319 -0.56903
vn -0.50384 0.65804 -0.55957
vn 0.00000 -1.00000 0.00000
vn 0.00000 -1.00000 0.00000
vn -0.47995 0.69679 -0.53304
vn -0.47140 0.70971 -0.52354
vn -0.46236 0.72287 -0.51350
vn -0.45280 0.73625 -0.50289
vn -0.44271 0.74984 -0.49168
vn -0.66532 -0.10653 -0.73892
vn -0.66532 -0.10653 -0.73892
vn -0.66532 -0.10653 -0.73892
vn -0.66532 -0.10653 -0.73892
vn -0.66532 -0.10653 -0.73892
vn -0.66532 -0.10653 -0.73892
vn -0.66532 -0.10653 -0.73892
vn -0.66532 -0.10653 -0.73892
vn 0.00000 0.00000 0.00000
vn -0.50000 0.00000 -0.86603
vn 0.00000 1.00000 0.00000
vn 0.00000 1.00000 0.00000
vn 0.00000 1.00000 0.00000
vn 0.00000 1.00000 0.00000
vn 0.00000 1.00000 0.00000
vn 0.00000 1.00000 0.00000
vn 0.48076 0.27472 0.83270
vn 0.48076 0.27472 0.83270
vn 0.48076 0.27472 0.83270
vn 0.48076 0.27472 0.83270
vn 0.48076 0.27472 0.83270
vn 0.48076 0.27472 0.83270
vn 0.48076 0.27472 0.83270
vn -0.41269 0.56457 -0.71481
vn -0.40702 0.58082 -0.70497
vn -0.40118 0.59683 -0.69487
vn -0.39521 0.61257 -0.68452
vn -0.38909 0.62803 -0.67393
vn -0.38285 0.64319 -0.66312
vn -0.37649 0.65804 -0.65210
vn 0.00000 -1.00000 0.00000
vn 0.00000 -1.00000 0.00000
vn -0.35864 0.69679 -0.62118
vn -0.35225 0.70971 -0.61011
vn -0.34549 0.72287 -0.59841
vn -0.33835 0.73625 -0.58604
vn -0.33081 0.74984 -0.57298
vn -0.49715 -0.10653 -0.86110
vn -0.49715 -0.10653 -0.86110
vn -0.49715 -0.10653 -0.86110
vn -0.49715 -0.10653 -0.86110
vn -0.49715 -0.10653 -0.86110
vn -0.49715 -0.10653 -0.86110
vn -0.49715 -0.10653 -0.86110
vn -0.49715 -0.10653 -0.86110
vn 0.00000 0.00000 0.00000
vn -0.30902 0.00000 -0.95106
vn 0.00000 1.00000 0.00000
vn 0.00000 1.00000 0.00000
vn 0.00000 1.00000 0.00000
vn 0.00000 1.00000 0.00000
vn 0.00000 1.00000 0.00000
vn 0.00000 1.00000 0.00000
vn 0.29713 0.27472 0.91446
vn 0.29713 0.27472 0.91446
vn 0.29713 0.27472 0.91446
vn 0.29713 0.27472 0.91446
vn 0.29713 0.27472 0.91446
vn 0.29713 0.27472 0.91446
vn 0.29713 0.27472 0.91446
vn -0.25506 0.56457 -0.78499
vn -0.25155 0.58082 -0.77419
vn -0.24795 0.59683 -0.76310
vn -0.24425 0.61257 -0.75173
vn -0.24047 0.62803 -0.74010
vn -0.23662 0.64319 -0.72823
vn -0.23268 0.65804 -0.71613
vn 0.00000 -1.00000 0.00000
vn 0.00000 -1.00000 0.00000
vn -0.22165 0.69679 -0.68217
vn -0.21770 0.70971 -0.67001
vn -0.21352 0.72287 -0.65716
vn -0.20911 0.73625 -0.64358
vn -0.20445 0.74984 -0.62924
vn -0.30726 -0.10653 -0.94564
vn -0.30726 -0.10653 -0.94564
vn -0.30726 -0.10653 -0.94564
vn -0.30726 -0.10653 -0.94564
vn -0.30726 -0.10653 -0.94564
vn -0.30726 -0.10653 -0.94564
vn -0.30726 -0.10653 -0.94564
vn -0.30726 -0.10653 -0.94564
vn 0.00000 0.00000 0.00000
vn -0.10453 0.00000 -0.99452
vn 0.00000 1.00000 0.00000
vn 0.00000 1.00000 0.00000
vn 0.00000 1.00000 0.00000
vn 0.00000 1.00000 0.00000
vn 0.00000 1.00000 0.00000
vn 0.00000 1.00000 0.00000
vn 0.10051 0.27472 0.95626
vn 0.10051 0.27472 0.95626
vn 0.10051 0.27472 0.95626
vn 0.10051 0.27472 0.95626
vn 0.10051 0.27472 0.95626
vn 0.10051 0.27472 0.95626
vn 0.10051 0.27472 0.95626
vn -0.08628 0.56457 -0.82087
vn -0.08509 0.58082 -0.80957
vn -0.08387 0.59683 -0.79797
vn -0.08262 0.61257 -0.78609
vn -0.08134 0.62803 -0.77393
vn -0.08004 0.64319 -0.76151
vn -0.07871 0.65804 -0.74886
vn 0.00000 -1.00000 0.00000
vn 0.00000 -1.00000 0.00000
vn -0.07498 0.69679 -0.71335
vn -0.07364 0.70971 -0.70063
vn -0.07223 0.72287 -0.68720
vn -0.07073 0.73625 -0.67300
vn -0.06916 0.74984 -0.65800
vn -0.10393 -0.10653 -0.98886
vn -0.10393 -0.10653 -0.98886
vn -0.10393 -0.10653 -0.98886
vn -0.10393 -0.10653 -0.98886
vn -0.10393 -0.10653 -0.98886
vn -0.10393 -0.10653 -0.98886
vn -0.10393 -0.10653 -0.98886
vn -0.10393 -0.10653 -0.98886
vn 0.00000 0.00000 0.00000
vn 0.10453 0.00000 -0.99452
vn -0.00000 1.00000 0.00000
vn -0.00000 1.00000 0.00000
vn -0.00000 1.00000 0.00000
vn -0.00000 1.00000 0.00000
vn -0.00000 1.00000 0.00000
vn -0.00000 1.00000 0.00000
vn -0.10051 0.27472 0.95626
vn -0.10051 0.27472 0.95626
vn -0.10051 0.27472 0.95626
vn -0.10051 0.27472 0.95626
vn -0.10051 0.27472 0.95626
vn -0.10051 0.27472 0.95626
vn -0.10051 0.27472 0.95626
vn 0.08628 0.56457 -0.82087
vn 0.08509 0.58082 -0.80957
vn 0.08387 0.59683 -0.79797
vn 0.08262 0.61257 -0.78609
vn 0.08134 0.62803 -0.77393
vn 0.08004 0.64319 -0.76151
vn 0.07871 0.65804 -0.74886
vn 0.00000 -1.00000 0.00000
vn 0.00000 -1.00000 0.00000
vn 0.07498 0.69679 -0.71335
vn 0.07364 0.70971 -0.70063
vn 0.07223 0.72287 -0.68720
vn 0.07073 0.73625 -0.67300
vn 0.06916 0.74984 -0.65800
vn 0.10393 -0.10653 -0.98886
vn 0.10393 -0.10653 -0.98886
vn 0.10393 -0.10653 -0.98886
vn 0.10393 -0.10653 -0.98886
vn 0.10393 -0.10653 -0.98886
vn 0.10393 -0.10653 -0.98886
vn 0.10393 -0.10653 -0.98886
vn 0.10393 -0.10653 -0.98886
vn 0.00000 0.00000 0.00000
vn 0.30902 0.00000 -0.95106
vn -0.00000 1.00000 0.00000
vn -0.00000 1.00000 0.00000
vn -0.00000 1.00000 0.00000
vn -0.00000 1.00000 0.00000
vn -0.00000 1.00000 0.00000
vn -0.00000 1.00000 0.00000
vn -0.29713 0.27472 0.91446
vn -0.29713 0.27472 0.91446
vn -0.29713 0.27472 0.91446
vn -0.29713 0.27472 0.91446
vn -0.29713 0.27472 0.91446
vn -0.29713 0.27472 0.91446
vn -0.29713 0.27472 0.91446
vn 0.25506 0.56457 -0.78499
vn 0.25155 0.58082 -0.77419
vn 0.24795 0.59683 -0.76310
vn 0.24425 0.61257 -0.75173
vn 0.24047 0.62803 -0.74010
vn 0.23662 0.64319 -0.72823
vn 0.23268 0.65804 -0.71613
vn 0.00000 -1.00000 0.00000
vn 0.00000 -1.00000 0.00000
vn 0.22165 0.69679 -0.68217
vn 0.21770 0.70971 -0.67001
vn 0.21352 0.72287 -0.65716
vn 0.20911 0.73625 -0.64358
vn 0.20445 0.74984 -0.62924
vn 0.30726 -0.10653 -0.94564
vn 0.30726 -0.10653 -0.94564
vn 0.30726 -0.10653 -0.94564
vn 0.30726 -0.10653 -0.94564
vn 0.30726 -0.10653 -0.94564
vn 0.30726 -0.10653 -0.94564
vn 0.30726 -0.10653 -0.94564
vn 0.30726 -0.10653 -0.94564
vn 0.00000 0.00000 0.00000
vn 0.50000 0.00000 -0.86603
vn -0.00000 1.00000 0.00000
vn -0.00000 1.00000 0.00000
vn -0.00000 1.00000 0.00000
vn -0.00000 1.00000 0.00000
vn -0.00000 1.00000 0.00000
vn -0.00000 1.00000 0.00000
vn -0.48076 0.27472 0.83270
vn -0.48076 0.27472 0.83270
vn -0.48076 0.27472 0.83270
vn -0.48076 0.27472 0.83270
vn -0.48076 0.27472 0.83270
vn -0.48076 0.27472 0.83270
vn -0.48076 0.27472 0.83270
vn 0.41269 0.56457 -0.71481
vn 0.40702 0.58082 -0.70497
vn 0.40118 0.59683 -0.69487
vn 0.39521 0.61257 -0.68452
vn 0.38909 0.62803 -0.67393
vn 0.38285 0.64319 -0.66312
vn 0.37649 0.65804 -0.65210
vn 0.00000 -1.00000 0.00000
vn 0.00000 -1.00000 0.00000
vn 0.35864 0.69679 -0.62118
vn 0.35225 0.70971 -0.61011
vn 0.34549 0.72287 -0.59841
vn 0.33835 0.73625 -0.58604
vn 0.33081 0.74984 -0.57298
vn 0.49715 -0.10653 -0.86110
vn 0.49715 -0.10653 -0.86110
vn 0.49715 -0.10653 -0.86110
vn 0.49715 -0.10653 -0.86110
vn 0.49715 -0.10653 -0.86110
vn 0.49715 -0.10653 -0.86110
vn 0.49715 -0.10653 -0.86110
vn 0.49715 -0.10653 -0.86110
vn 0.00000 0.00000 0.00000
vn 0.66913 0.00000 -0.74314
vn -0.00000 1.00000 0.00000
vn -0.00000 1.00000 0.00000
vn -0.00000 1.00000 0.00000
vn -0.00000 1.00000 0.00000
vn -0.00000 1.00000 0.00000
vn -0.00000 1.00000 0.00000
vn -0.64339 0.27472 0.71455
vn -0.64339 0.27472 0.71455
vn -0.64339 0.27472 0.71455
vn -0.64339 0.27472 0.71455
vn -0.64339 0.27472 0.71455
vn -0.64339 0.27472 0.71455
vn -0.64339 0.27472 0.71455
vn 0.55229 0.56457 -0.61338
vn 0.54469 0.58082 -0.60494
vn 0.53689 0.59683 -0.59628
vn 0.52889 0.61257 -0.58739
vn 0.52071 0.62803 -0.57831
vn 0.51236 0.64319 -0.56903
vn 0.50384 0.65804 -0.55957
vn 0.00000 -1.00000 0.00000
vn 0.00000 -1.00000 0.00000
vn 0.47995 0.69679 -0.53304
vn 0.47140 0.70971 -0.52354
vn 0.46236 0.72287 -0.51350
vn 0.45280 0.73625 -0.50289
vn 0.44271 0.74984 -0.49168
vn 0.66532 -0.10653 -0.73892
vn 0.66532 -0.10653 -0.73892
vn 0.66532 -0.10653 -0.73892
vn 0.66532 -0.10653 -0.73892
vn 0.66532 -0.10653 -0.73892
vn 0.66532 -0.10653 -0.73892
vn 0.66532 -0.10653 -0.73892
vn 0.66532 -0.10653 -0.73892
vn 0.00000 0.00000 0.00000
vn 0.80902 0.00000 -0.58779
vn -0.00000 1.00000 0.00000
vn -0.00000 1.00000 0.00000
vn -0.00000 1.00000 0.00000
vn -0.00000 1.00000 0.00000
vn -0.00000 1.00000 0.00000
vn -0.00000 1.00000 0.00000
vn -0.77789 0.27472 0.56517
vn -0.77789 0.27472 0.56517
vn -0.77789 0.27472 0.56517
vn -0.77789 0.27472 0.56517
vn -0.77789 0.27472 0.56517
vn -0.77789 0.27472 0.56517
vn -0.77789 0.27472 0.56517
vn 0.66775 0.56457 -0.48515
vn 0.65856 0.58082 -0.47848
vn 0.64913 0.59683 -0.47162
vn 0.63946 0.61257 -0.46459
vn 0.62957 0.62803 -0.45741
vn 0.61947 0.64319 -0.45007
vn 0.60918 0.65804 -0.44259
vn 0.00000 -1.00000 0.00000
vn 0.00000 -1.00000 0.00000
vn 0.58029 0.69679 -0.42161
vn 0.56995 0.70971 -0.41409
vn 0.55902 0.72287 -0.40615
vn 0.54747 0.73625 -0.39776
vn 0.53526 0.74984 -0.38889
vn 0.80441 -0.10653 -0.58444
vn 0.80441 -0.10653 -0.58444
vn 0.80441 -0.10653 -0.58444
vn 0.80441 -0.10653 -0.58444
vn 0.80441 -0.10653 -0.58444
vn 0.80441 -0.10653 -0.58444
vn 0.80441 -0.10653 -0.58444
vn 0.80441 -0.10653 -0.58444
vn 0.00000 0.00000 0.00000
vn 0.91355 0.00000 -0.40674
vn -0.00000 1.00000 0.00000
vn -0.00000 1.00000 0.00000
vn -0.00000 1.00000 0.00000
vn -0.00000 1.00000 0.00000
vn -0.00000 1.00000 0.00000
vn -0.00000 1.00000 0.00000
vn -0.87840 0.27472 0.39109
vn -0.87840 0.27472 0.39109
vn -0.87840 0.27472 0.39109
vn -0.87840 0.27472 0.39109
vn -0.87840 0.27472 0.39109
vn -0.87840 0.27472 0.39109
vn -0.87840 0.27472 0.39109
vn 0.75403 0.56457 -0.33572
vn 0.74365 0.58082 -0.33110
vn 0.73300 0.59683 -0.32635
vn 0.72208 0.61257 -0.32149
vn 0.71091 0.62803 -0.31652
vn 0.69951 0.64319 -0.31144
vn 0.68788 0.65804 -0.30627
vn 0.00000 -1.00000 0.00000
vn 0.00000 -1.00000 0.00000
vn 0.65527 0.69679 -0.29174
vn 0.64359 0.70971 -0.28654
vn 0.63124 0.72287 -0.28105
vn 0.61820 0.73625 -0.27524
vn 0.60442 0.74984 -0.26911
vn 0.90835 -0.10653 -0.40442
vn 0.90835 -0.10653 -0.40442
vn 0.90835 -0.10653 -0.40442
vn 0.90835 -0.10653 -0.40442
vn 0.90835 -0.10653 -0.40442
vn 0.90835 -0.10653 -0.40442
vn 0.90835 -0.10653 -0.40442
vn 0.90835 -0.10653 -0.40442
vn 0.00000 0.00000 0.00000
vn 0.97815 0.00000 -0.20791
vn -0.00000 1.00000 0.00000
vn -0.00000 1.00000 0.00000
vn -0.00000 1.00000 0.00000
vn -0.00000 1.00000 0.00000
vn -0.00000 1.00000 0.00000
vn -0.00000 1.00000 0.00000
vn -0.94051 0.27472 0.19991
vn -0.94051 0.27472 0.19991
vn -0.94051 0.27472 0.19991
vn -0.94051 0.27472 0.19991
vn -0.94051 0.27472 0.19991
vn -0.94051 0.27472 0.19991
vn -0.94051 0.27472 0.19991
vn 0.80735 0.56457 -0.17161
vn 0.79624 0.58082 -0.16925
vn 0.78483 0.59683 -0.16682
vn 0.77314 0.61257 -0.16434
vn 0.76118 0.62803 -0.16179
vn 0.74897 0.64319 -0.15920
vn 0.73653 0.65804 -0.15655
vn 0.00000 -1.00000 0.00000
vn 0.00000 -1.00000 0.00000
vn 0.70161 0.69679 -0.14913
vn 0.68910 0.70971 -0.14647
vn 0.67588 0.72287 -0.14366
vn 0.66192 0.73625 -0.14069
vn 0.64716 0.74984 -0.13756
vn 0.97258 -0.10653 -0.20673
vn 0.97258 -0.10653 -0.20673
vn 0.97258 -0.10653 -0.20673
vn 0.97258 -0.10653 -0.20673
vn 0.97258 -0.10653 -0.20673
vn 0.97258 -0.10653 -0.20673
vn 0.97258 -0.10653 -0.20673
vn 0.97258 -0.10653 -0.20673
vn 0.00000 0.00000 0.00000
vn 1.00000 0.00000 -0.00000
vn 1.00000 0.00000 -0.00000
vn 1.00000 0.00000 -0.00000
vn -0.00000 1.00000 0.00000
vn -0.00000 1.00000 0.00000
vn -0.00000 1.00000 0.00000
vn -0.00000 1.00000 0.00000
vn -0.96152 0.27472 0.00302
vn -0.96152 0.27472 0.00302
vn -0.96152 0.27472 0.00302
vn -0.96152 0.27472 0.00302
vn -0.96152 0.27472 0.00302
vn -0.96152 0.27472 0.00302
vn -0.96152 0.27472 0.00302
vn 0.82539 0.56457 -0.00000
vn 0.81403 0.58082 -0.00000
vn 0.80237 0.59683 -0.00000
vn 0.79042 0.61257 -0.00000
vn 0.77819 0.62803 -0.00000
vn 0.76570 0.64319 -0.00000
vn 0.75298 0.65804 -0.00000
vn 0.74083 0.67169 -0.00000
vn 0.72938 0.68411 -0.00000
vn 0.71728 0.69679 -0.00000
vn 0.70449 0.70971 -0.00000
vn 0.69098 0.72287 -0.00000
vn 0.67670 0.73625 -0.00000
vn 0.66162 0.74984 -0.00000
vn 0.99430 -0.10653 -0.00312
vn 0.99430 -0.10653 -0.00312
vn 0.99430 -0.10653 -0.00312
vn 0.99430 -0.10653 -0.00312
vn 0.99430 -0.10653 -0.00312
vn 0.99430 -0.10653 -0.00312
vn 0.99430 -0.10653 -0.00312
vn 0.97439 0.22486 -0.00000
f 1/1/1 38/38/38 39/39/39
f 1/1/1 39/39/39 2/2/2
f 2/2/2 39/39/39 40/40/40
f 2/2/2 40/40/40 3/3/3
f 3/3/3 40/40/40 41/41/41
f 3/3/3 41/41/41 4/4/4
f 4/4/4 41/41/41 42/42/42
f 4/4/4 42/42/42 5/5/5
f 5/5/5 42/42/42 43/43/43
f 5/5/5 43/43/43 6/6/6
f 6/6/6 43/43/43 44/44/44
f 6/6/6 44/44/44 7/7/7
f 7/7/7 44/44/44 45/45/45
f 7/7/7 45/45/45 8/8/8
f 8/8/8 45/45/45 46/46/46
f 8/8/8 46/46/46 9/9/9
f 9/9/9 46/46/46 47/47/47
f 9/9/9 47/47/47 10/10/10
f 10/10/10 47/47/47 48/48/48
f 10/10/10 48/48/48 11/11/11
f 11/11/11 48/48/48 49/49/49
f 11/11/11 49/49/49 12/12/12
f 12/12/12 49/49/49 50/50/50
f 12/12/12 50/50/50 13/13/13
f 13/13/13 50/50/50 51/51/51
f 13/13/13 51/51/51 14/14/14
f 14/14/14 51/51/51 52/52/52
f 14/14/14 52/52/52 15/15/15
f 15/15/15 52/52/52 53/53/53
f 15/15/15 53/53/53 16/16/16
f 16/16/16 53/53/53 54/54/54
f 16/16/16 54/54/54 17/17/17
f 17/17/17 54/54/54 55/55/55
f 17/17/17 55/55/55 18/18/18
f 18/18/18 55/55/55 56/56/56
f 18/18/18 56/56/56 19/19/19
f 19/19/19 56/56/56 57/57/57
f 19/19/19 57/57/57 20/20/20
f 20/20/20 57/57/57 58/58/58
f 20/20/20 58/58/58 21/21/21
f 21/21/21 58/58/58 59/59/59
f 21/21/21 59/59/59 22/22/22
f 22/22/22 59/59/59 60/60/60
f 22/22/22 60/60/60 23/23/23
f 23/23/23 60/60/60 61/61/61
f 23/23/23 61/61/61 24/24/24
f 24/24/24 61/61/61 62/62/62
f 24/24/24 62/62/62 25/25/25
f 25/25/25 62/62/62 63/63/63
f 25/25/25 63/63/63 26/26/26
f 26/26/26 63/63/63 64/64/64
f 26/26/26 64/64/64 27/27/27
f 27/27/27 64/64/64 65/65/65
f 27/27/27 65/65/65 28/28/28
f 28/28/28 65/65/65 66/66/66
f 28/28/28 66/66/66 29/29/29
f 29/29/29 66/66/66 67/67/67
f 29/29/29 67/67/67 30/30/30
f 30/30/30 67/67/67 68/68/68
f 30/30/30 68/68/68 31/31/31
f 31/31/31 68/68/68 69/69/69
f 31/31/31 69/69/69 32/32/32
f 32/32/32 69/69/69 70/70/70
f 32/32/32 70/70/70 33/33/33
f 33/33/33 70/70/70 71/71/71
f 33/33/33 71/71/71 34/34/34
f 34/34/34 71/71/71 72/72/72
f 34/34/34 72/72/72 35/35/35
f 35/35/35 72/72/72 73/73/73
f 35/35/35 73/73/73 36/36/36
f 36/36/36 73/73/73 74/74/74
f 36/36/36 74/74/74 37/37/37
f 38/38/38 75/75/75 76/76/76
f 38/38/38 76/76/76 39/39/39
f 39/39/39 76/76/76 77/77/77
f 39/39/39 77/77/77 40/40/40
f 40/40/40 77/77/77 78/78/78
f 40/40/40 78/78/78 41/41/41
f 41/41/41 78/78/78 79/79/79
f 41/41/41 79/79/79 42/42/42
f 42/42/42 79/79/79 80/80/80
f 42/42/42 80/80/80 43/43/43
f 43/43/43 80/80/80 81/81/81
f 43/43/43 81/81/81 44/44/44
f 44/44/44 81/81/81 82/82/82
f 44/44/44 82/82/82 45/45/45
f 45/45/45 82/82/82 83/83/83
f 45/45/45 83/83/83 46/46/46
f 46/46/46 83/83/83 84/84/84
f 46/46/46 84/84/84 47/47/47
f 47/47/47 84/84/84 85/85/85
f 47/47/47 85/85/85 48/48/48
f 48/48/48 85/85/85 86/86/86
f 48/48/48 86/86/86 49/49/49
f 49/49/49 86/86/86 87/87/87
f 49/49/49 87/87/87 50/50/50
f 50/50/50 87/87/87 88/88/88
f 50/50/50 88/88/88 51/51/51
f 51/51/51 88/88/88 89/89/89
f 51/51/51 89/89/89 52/52/52
f 52/52/52 89/89/89 90/90/90
f 52/52/52 90/90/90 53/53/53
f 53/53/53 90/90/90 91/91/91
f 53/53/53 91/91/91 54/54/54
f 54/54/54 91/91/91 92/92/92
f 54/54/54 92/92/92 55/55/55
f 55/55/55 92/92/92 93/93/93
f 55/55/55 93/93/93 56/56/56
f 56/56/56 93/93/93 94/94/94
f 56/56/56 94/94/94 57/57/57
f 57/57/57 94/94/94 95/95/95
f 57/57/57 95/95/95 58/58/58
f 58/58/58 95/95/95 96/96/96
f 58/58/58 96/96/96 59/59/59
f 59/59/59 96/96/96 97/97/97
f 59/59/59 97/97/97 60/60/60
f 60/60/60 97/97/97 98/98/98
f 60/60/60 98/98/98 61/61/61
f 61/61/61 98/98/98 99/99/99
f 61/61/61 99/99/99 62/62/62
f 62/62/62 99/99/99 100/100/100
f 62/62/62 100/100/100 63/63/63
f 63/63/63 100/100/100 101/101/101
f 63/63/63 101/101/101 64/64/64
f 64/64/64 101/101/101 102/102/102
f 64/64/64 102/102/102 65/65/65
f 65/65/65 102/102/102 103/103/103
f 65/65/65 103/103/103 66/66/66
f 66/66/66 103/103/103 104/104/104
f 66/66/66 104/104/104 67/67/67
f 67/67/67 104/104/104 105/105/105
f 67/67/67 105/105/105 68/68/68
f 68/68/68 105/105/105 106/106/106
f 68/68/68 106/106/106 69/69/69
f 69/69/69 106/106/106 107/107/107
f 69/69/69 107/107/107 70/70/70
f 70/70/70 107/107/107 108/108/108
f 70/70/70 108/108/108 71/71/71
f 71/71/71 108/108/108 109/109/109
f 71/71/71 109/109/109 72/72/72
f 72/72/72 109/109/109 110/110/110
f 72/72/72 110/110/110 73/73/73
f 73/73/73 110/110/110 111/111/111
f 73/73/73 111/111/111 74/74/74
f 75/75/75 112/112/112 113/113/113
f 75/75/75 113/113/113 76/76/76
f 76/76/76 113/113/113 114/114/114
f 76/76/76 114/114/114 77/77/77
f 77/77/77 114/114/114 115/115/115
f 77/77/77 115/115/115 78/78/78
f 78/78/78 115/115/115 116/116/116
f 78/78/78 116/116/116 79/79/79
f 79/79/79 116/116/116 117/117/117
f 79/79/79 117/117/117 80/80/80
f 80/80/80 117/117/117 118/118/118
f 80/80/80 118/118/118 81/81/81
f 81/81/81 118/118/118 119/119/119
f 81/81/81 119/119/119 82/82/82
f 82/82/82 119/119/119 120/120/120
f 82/82/82 120/120/120 83/83/83
f 83/83/83 120/120/120 121/121/121
f 83/83/83 121/121/121 84/84/84
f 84/84/84 121/121/121 122/122/122
f 84/84/84 122/122/122 85/85/85
f 85/85/85 122/122/122 123/123/123
f 85/85/85 123/123/123 86/86/86
f 86/86/86 123/123/123 124/124/124
f 86/86/86 124/124/124 87/87/87
f 87/87/87 124/124/124 125/125/125
f 87/87/87 125/125/125 88/88/88
f 88/88/88 125/125/125 126/126/126
f 88/88/88 126/126/126 89/89/89
f 89/89/89 126/126/126 127/127/127
f 89/89/89 127/127/127 90/90/90
f 90/90/90 127/127/127 128/128/128
f 90/90/90 128/128/128 91/91/91
f 91/91/91 128/128/128 129/129/129
f 91/91/91 129/129/129 92/92/92
f 92/92/92 129/129/129 130/130/130
f 92/92/92 130/130/130 93/93/93
f 93/93/93 130/130/130 131/131/131
f 93/93/93 131/131/131 94/94/94
f 94/94/94 131/131/131 132/132/132
f 94/94/94 132/132/132 95/95/95
f 95/95/95 132/132/132 133/133/133
f 95/95/95 133/133/133 96/96/96
f 96/96/96 133/133/133 134/134/134
f 96/96/96 134/134/134 97/97/97
f 97/97/97 134/134/134 135/135/135
f 97/97/97 135/135/135 98/98/98
f 98/98/98 135/135/135 136/136/136
f 98/98/98 136/136/136 99/99/99
f 99/99/99 136/136/136 137/137/137
f 99/99/99 137/137/137 100/100/100
f 100/100/100 137/137/137 138/138/138
f 100/100/100 138/138/138 101/101/101
f 101/101/101 138/138/138 139/139/139
f 101/101/101 139/139/139 102/102/102
f 102/102/102 139/139/139 140/140/140
f 102/102/102 140/140/140 103/103/103
f 103/103/103 140/140/140 141/141/141
f 103/103/103 141/141/141 104/104/104
f 104/104/104 141/141/141 142/142/142
f 104/104/104 142/142/142 105/105/105
f 105/105/105 142/142/142 143/143/143
f 105/105/105 143/143/143 106/106/106
f 106/106/106 143/143/143 144/144/144
f 106/106/106 144/144/144 107/107/107
f 107/107/107 144/144/144 145/145/145
f 107/107/107 145/145/145 108/108/108
f 108/108/108 145/145/145 146/146/146
f 108/108/108 146/146/146 109/109/109
f 109/109/109 146/146/146 147/147/147
f 109/109/109 147/147/147 110/110/110
f 110/110/110 147/147/147 148/148/148
f 110/110/110 148/148/148 111/111/111
f 112/112/112 149/149/149 150/150/150
f 112/112/112 150/150/150 113/113/113
f 113/113/113 150/150/150 151/151/151
f 113/113/113 151/151/151 114/114/114
f 114/114/114 151/151/151 152/152/152
f 114/114/114 152/152/152 115/115/115
f 115/115/115 152/152/152 153/153/153
f 115/115/115 153/153/153 116/116/116
f 116/116/116 153/153/153 154/154/154
f 116/116/116 154/154/154 117/117/117
f 117/117/117 154/154/154 155/155/155
f 117/117/117 155/155/155 118/118/118
f 118/118/118 155/155/155 156/156/156
f 118/118/118 156/156/156 119/119/119
f 119/119/119 156/156/156 157/157/157
f 119/119/119 157/157/157 120/120/120
f 120/120/120 157/157/157 158/158/158
f 120/120/120 158/158/158 121/121/121
f 121/121/121 158/158/158 159/159/159
f 121/121/121 159/159/159 122/122/122
f 122/122/122 159/159/159 160/160/160
f 122/122/122 160/160/160 123/123/123
f 123/123/123 160/160/160 161/161/161
f 123/123/123 161/161/161 124/124/124
f 124/124/124 161/161/161 162/162/162
f 124/124/124 162/162/162 125/125/125
f 125/125/125 162/162/162 163/163/163
f 125/125/125 163/163/163 126/126/126
f 126/126/126 163/163/163 164/164/164
f 126/126/126 164/164/164 127/127/127
f 127/127/127 164/164/164 165/165/165
f 127/127/127 165/165/165 128/128/128
f 128/128/128 165/165/165 166/166/166
f 128/128/128 166/166/166 129/129/129
f 129/129/129 166/166/166 167/167/167
f 129/129/129 167/167/167 130/130/130
f 130/130/130 167/167/167 168/168/168
f 130/130/130 168/168/168 131/131/131
f 131/131/131 168/168/168 169/169/169
f 131/131/131 169/169/169 132/132/132
f 132/132/132 169/169/169 170/170/170
f 132/132/132 170/170/170 133/133/133
f 133/133/133 170/170/170 171/171/171
f 133/133/133 171/171/171 134/134/134
f 134/134/134 171/171/171 172/172/172
f 134/134/134 172/172/172 135/135/135
f 135/135/135 172/172/172 173/173/173
f 135/135/135 173/173/173 136/136/136
f 136/136/136 173/173/173 174/174/174
f 136/136/136 174/174/174 137/137/137
f 137/137/137 174/174/174 175/175/175
f 137/137/137 175/175/175 138/138/138
f 138/138/138 175/175/175 176/176/176
f 138/138/138 176/176/176 139/139/139
f 139/139/139 176/176/176 177/177/177
f 139/139/139 177/177/177 140/140/140
f 140/140/140 177/177/177 178/178/178
f 140/140/140 178/178/178 141/141/141
f 141/141/141 178/178/178 179/179/179
f 141/141/141 179/179/179 142/142/142
f 142/142/142 179/179/179 180/180/180
f 142/142/142 180/180/180 143/143/143
f 143/143/143 180/180/180 181/181/181
f 143/143/143 181/181/181 144/144/144
f 144/144/144 181/181/181 182/182/182
f 144/144/144 182/182/182 145/145/145
f 145/145/145 182/182/182 183/183/183
f 145/145/145 183/183/183 146/146/146
f 146/146/146 183/183/183 184/184/184
f 146/146/146 184/184/184 147/147/147
f 147/147/147 184/184/184 185/185/185
f 147/147/147 185/185/185 148/148/148
f 149/149/149 186/186/186 187/187/187
f 149/149/149 187/187/187 150/150/150
f 150/150/150 187/187/187 188/188/188
f 150/150/150 188/188/188 151/151/151
f 151/151/151 188/188/188 189/189/189
f 151/151/151 189/189/189 152/152/152
f 152/152/152 189/189/189 190/190/190
f 152/152/152 190/190/190 153/153/153
f 153/153/153 190/190/190 191/191/191
f 153/153/153 191/191/191 154/154/154
f 154/154/154 191/191/191 192/192/192
f 154/154/154 192/192/192 155/155/155
f 155/155/155 192/192/192 193/193/193
f 155/155/155 193/193/193 156/156/156
f 156/156/156 193/193/193 194/194/194
f 156/156/156 194/194/194 157/157/157
f 157/157/157 194/194/194 195/195/195
f 157/157/157 195/195/195 158/158/158
f 158/158/158 195/195/195 196/196/196
f 158/158/158 196/196/196 159/159/159
f 159/159/159 196/196/196 197/197/197
f 159/159/159 197/197/197 160/160/160
f 160/160/160 197/197/197 198/198/198
f 160/160/160 198/198/198 161/161/161
f 161/161/161 198/198/198 199/199/199
f 161/161/161 199/199/199 162/162/162
f 162/162/162 199/199/199 200/200/200
f 162/162/162 200/200/200 163/163/163
f 163/163/163 200/200/200 201/201/201
f 163/163/163 201/201/201 164/164/164
f 164/164/164 201/201/201 202/202/202
f 164/164/164 202/202/202 165/165/165
f 165/165/165 202/202/202 203/203/203
f 165/165/165 203/203/203 166/166/166
f 166/166/166 203/203/203 204/204/204
f 166/166/166 204/204/204 167/167/167
f 167/167/167 204/204/204 205/205/205
f 167/167/167 205/205/205 168/168/168
f 168/168/168 205/205/205 206/206/206
f 168/168/168 206/206/206 169/169/169
f 169/169/169 206/206/206 207/207/207
f 169/169/169 207/207/207 170/170/170
f 170/170/170 207/207/207 208/208/208
f 170/170/170 208/208/208 171/171/171
f 171/171/171 208/208/208 209/209/209
f 171/171/171 209/209/209 172/172/172
f 172/172/172 209/209/209 210/210/210
f 172/172/172 210/210/210 173/173/173
f 173/173/173 210/210/210 211/211/211
f 173/173/173 211/211/211 174/174/174
f 174/174/174 211/211/211 212/212/212
f 174/174/174 212/212/212 175/175/175
f 175/175/175 212/212/212 213/213/213
f 175/175/175 213/213/213 176/176/176
f 176/176/176 213/213/213 214/214/214
f 176/176/176 214/214/214 177/177/177
f 177/177/177 214/214/214 215/215/215
f 177/177/177 215/215/215 178/178/178
f 178/178/178 215/215/215 216/216/216
f 178/178/178 216/216/216 179/179/179
f 179/179/179 216/216/216 217/217/217
f 179/179/179 217/217/217 180/180/180
f 180/180/180 217/217/217 218/218/218
f 180/180/180 218/218/218 181/181/181
f 181/181/181 218/218/218 219/219/219
f 181/181/181 219/219/219 182/182/182
f 182/182/182 219/219/219 220/220/220
f 182/182/182 220/220/220 183/183/183
f 183/183/183 220/220/220 221/221/221
f 183/183/183 221/221/221 184/184/184
f 184/184/184 221/221/221 222/222/222
f 184/184/184 222/222/222 185/185/185
f 186/186/186 223/223/223 224/224/224
f 186/186/186 224/224/224 187/187/187
f 187/187/187 224/224/224 225/225/225
f 187/187/187 225/225/225 188/188/188
f 188/188/188 225/225/225 226/226/226
f 188/188/188 226/226/226 189/189/189
f 189/189/189 226/226/226 227/227/227
f 189/189/189 227/227/227 190/190/190
f 190/190/190 227/227/227 228/228/228
f 190/190/190 228/228/228 191/191/191
f 191/191/191 228/228/228 229/229/229
f 191/191/191 229/229/229 192/192/192
f 192/192/192 229/229/229 230/230/230
f 192/192/192 230/230/230 193/193/193
f 193/193/193 230/230/230 231/231/231
f 193/193/193 231/231/231 194/194/194
f 194/194/194 231/231/231 232/232/232
f 194/194/194 232/232/232 195/195/195
f 195/195/195 232/232/232 233/233/233
f 195/195/195 233/233/233 196/196/196
f 196/196/196 233/233/233 234/234/234
f 196/196/196 234/234/234 197/197/197
f 197/197/197 234/234/234 235/235/235
f 197/197/197 235/235/235 198/198/198
f 198/198/198 235/235/235 236/236/236
f 198/198/198 236/236/236 199/199/199
f 199/199/199 236/236/236 237/237/237
f 199/199/199 237/237/237 200/200/200
f 200/200/200 237/237/237 238/238/238
f 200/200/200 238/238/238 201/201/201
f 201/201/201 238/238/238 239/239/239
f 201/201/201 239/239/239 202/202/202
f 202/202/202 239/239/239 240/240/240
f 202/202/202 240/240/240 203/203/203
f 203/203/203 240/240/240 241/241/241
f 203/203/203 241/241/241 204/204/204
f 204/204/204 241/241/241 242/242/242
f 204/204/204 242/242/242 205/205/205
f 205/205/205 242/242/242 243/243/243
f 205/205/205 243/243/243 206/206/206
f 206/206/206 243/243/243 244/244/244
f 206/206/206 244/244/244 207/207/207
f 207/207/207 244/244/244 245/245/245
f 207/207/207 245/245/245 208/208/208
f 208/208/208 245/245/245 246/246/246
f 208/208/208 246/246/246 209/209/209
f 209/209/209 246/246/246 247/247/247
f 209/209/209 247/247/247 210/210/210
f 210/210/210 247/247/247 248/248/248
f 210/210/210 248/248/248 211/211/211
f 211/211/211 248/248/248 249/249/249
f 211/211/211 249/249/249 212/212/212
f 212/212/212 249/249/249 250/250/250
f 212/212/212 250/250/250 213/213/213
f 213/213/213 250/250/250 251/251/251
f 213/213/213 251/251/251 214/214/214
f 214/214/214 251/251/251 252/252/252
f 214/214/214 252/252/252 215/215/215
f 215/215/215 252/252/252 253/253/253
f 215/215/215 253/253/253 216/216/216
f 216/216/216 253/253/253 254/254/254
f 216/216/216 254/254/254 217/217/217
f 217/217/217 254/254/254 255/255/255
f 217/217/217 255/255/255 218/218/218
f 218/218/218 255/255/255 256/256/256
f 218/218/218 256/256/256 219/219/219
f 219/219/219 256/256/256 257/257/257
f 219/219/219 257/257/257 220/220/220
f 220/220/220 257/257/257 258/258/258
f 220/220/220 258/258/258 221/221/221
f 221/221/221 258/258/258 259/259/259
f 221/221/221 259/259/259 222/222/222
f 223/223/223 260/260/260 261/261/261
f 223/223/223 261/261/261 224/224/224
f 224/224/224 261/261/261 262/262/262
f 224/224/224 262/262/262 225/225/225
f 225/225/225 262/262/262 263/263/263
f 225/225/225 263/263/263 226/226/226
f 226/226/226 263/263/263 264/264/264
f 226/226/226 264/264/264 227/227/227
f 227/227/227 264/264/264 265/265/265
f 227/227/227 265/265/265 228/228/228
f 228/228/228 265/265/265 266/266/266
f 228/228/228 266/266/266 229/229/229
f 229/229/229 266/266/266 267/267/267
f 229/229/229 267/267/267 230/230/230
f 230/230/230 267/267/267 268/268/268
f 230/230/230 268/268/268 231/231/231
f 231/231/231 268/268/268 269/269/269
f 231/231/231 269/269/269 232/232/232
f 232/232/232 269/269/269 270/270/270
f 232/232/232 270/270/270 233/233/233
f 233/233/233 270/270/270 271/271/271
f 233/233/233 271/271/271 234/234/234
f 234/234/234 271/271/271 272/272/272
f 234/234/234 272/272/272 235/235/235
f 235/235/235 272/272/272 273/273/273
f 235/235/235 273/273/273 236/236/236
f 236/236/236 273/273/273 274/274/274
f 236/236/236 274/274/274 237/237/237
f 237/237/237 274/274/274 275/275/275
f 237/237/237 275/275/275 238/238/238
f 238/238/238 275/275/275 276/276/276
f 238/238/238 276/276/276 239/239/239
f 239/239/239 276/276/276 277/277/277
f 239/239/239 277/277/277 240/240/240
f 240/240/240 277/277/277 278/278/278
f 240/240/240 278/278/278 241/241/241
f 241/241/241 278/278/278 279/279/279
f 241/241/241 279/279/279 242/242/242
f 242/242/242 279/279/279 280/280/280
f 242/242/242 280/280/280 243/243/243
f 243/243/243 280/280/280 281/281/281
f 243/243/243 281/281/281 244/244/244
f 244/244/244 281/281/281 282/282/282
f 244/244/244 282/282/282 245/245/245
f 245/245/245 282/282/282 283/283/283
f 245/245/245 283/283/283 246/246/246
f 246/246/246 283/283/283 284/284/284
f 246/246/246 284/284/284 247/247/247
f 247/247/247 284/284/284 285/285/285
f 247/247/247 285/285/285 248/248/248
f 248/248/248 285/285/285 286/286/286
f 248/248/248 286/286/286 249/249/249
f 249/249/249 286/286/286 287/287/287
f 249/249/249 287/287/287 250/250/250
f 250/250/250 287/287/287 288/288/288
f 250/250/250 288/288/288 251/251/251
f 251/251/251 288/288/288 289/289/289
f 251/251/251 289/289/289 252/252/252
f 252/252/252 289/289/289 290/290/290
f 252/252/252 290/290/290 253/253/253
f 253/253/253 290/290/290 291/291/291
f 253/253/253 291/291/291 254/254/254
f 254/254/254 291/291/291 292/292/292
f 254/254/254 292/292/292 255/255/255
f 255/255/255 292/292/292 293/293/293
f 255/255/255 293/293/293 256/256/256
f 256/256/256 293/293/293 294/294/294
f 256/256/256 294/294/294 257/257/257
f 257/257/257 294/294/294 295/295/295
f 257/257/257 295/295/295 258/258/258
f 258/258/258 295/295/295 296/296/296
f 258/258/258 296/296/296 259/259/259
f 260/260/260 297/297/297 298/298/298
f 260/260/260 298/298/298 261/261/261
f 261/261/261 298/298/298 299/299/299
f 261/261/261 299/299/299 262/262/262
f 262/262/262 299/299/299 300/300/300
f 262/262/262 300/300/300 263/263/263
f 263/263/263 300/300/300 301/301/301
f 263/263/263 301/301/301 264/264/264
f 264/264/264 301/301/301 302/302/302
f 264/264/264 302/302/302 265/265/265
f 265/265/265 302/302/302 303/303/303
f 265/265/265 303/303/303 266/266/266
f 266/266/266 303/303/303 304/304/304
f 266/266/266 304/304/304 267/267/267
f 267/267/267 304/304/304 305/305/305
f 267/267/267 305/305/305 268/268/268
f 268/268/268 305/305/305 306/306/306
f 268/268/268 306/306/306 269/269/269
f 269/269/269 306/306/306 307/307/307
f 269/269/269 307/307/307 270/270/270
f 270/270/270 307/307/307 308/308/308
f 270/270/270 308/308/308 271/271/271
f 271/271/271 308/308/308 309/309/309
f 271/271/271 309/309/309 272/272/272
f 272/272/272 309/309/309 310/310/310
f 272/272/272 310/310/310 273/273/273
f 273/273/273 310/310/310 311/311/311
f 273/273/273 311/311/311 274/274/274
f 274/274/274 311/311/311 312/312/312
f 274/274/274 312/312/312 275/275/275
f 275/275/275 312/312/312 313/313/313
f 275/275/275 313/313/313 276/276/276
f 276/276/276 313/313/313 314/314/314
f 276/276/276 314/314/314 277/277/277
f 277/277/277 314/314/314 315/315/315
f 277/277/277 315/315/315 278/278/278
f 278/278/278 315/315/315 316/316/316
f 278/278/278 316/316/316 279/279/279
f 279/279/279 316/316/316 317/317/317
f 279/279/279 317/317/317 280/280/280
f 280/280/280 317/317/317 318/318/318
f 280/280/280 318/318/318 281/281/281
f 281/281/281 318/318/318 319/319/319
f 281/281/281 319/319/319 282/282/282
f 282/282/282 319/319/319 320/320/320
f 282/282/282 320/320/320 283/283/283
f 283/283/283 320/320/320 321/321/321
f 283/283/283 321/321/321 284/284/284
f 284/284/284 321/321/321 322/322/322
f 284/284/284 322/322/322 285/285/285
f 285/285/285 322/322/322 323/323/323
f 285/285/285 323/323/323 286/286/286
f 286/286/286 323/323/323 324/324/324
f 286/286/286 324/324/324 287/287/287
f 287/287/287 324/324/324 325/325/325
f 287/287/287 325/325/325 288/288/288
f 288/288/288 325/325/325 326/326/326
f 288/288/288 326/326/326 289/289/289
f 289/289/289 326/326/326 327/327/327
f 289/289/289 327/327/327 290/290/290
f 290/290/290 327/327/327 328/328/328
f 290/290/290 328/328/328 291/291/291
f 291/291/291 328/328/328 329/329/329
f 291/291/291 329/329/329 292/292/292
f 292/292/292 329/329/329 330/330/330
f 292/292/292 330/330/330 293/293/293
f 293/293/293 330/330/330 331/331/331
f 293/293/293 331/331/331 294/294/294
f 294/294/294 331/331/331 332/332/332
f 294/294/294 332/332/332 295/295/295
f 295/295/295 332/332/332 333/333/333
f 295/295/295 333/333/333 296/296/296
f 297/297/297 334/334/334 335/335/335
f 297/297/297 335/335/335 298/298/298
f 298/298/298 335/335/335 336/336/336
f 298/298/298 336/336/336 299/299/299
f 299/299/299 336/336/336 337/337/337
f 299/299/299 337/337/337 300/300/300
f 300/300/300 337/337/337 338/338/338
f 300/300/300 338/338/338 301/301/301
f 301/301/301 338/338/338 339/339/339
f 301/301/301 339/339/339 302/302/302
f 302/302/302 339/339/339 340/340/340
f 302/302/302 340/340/340 303/303/303
f 303/303/303 340/340/340 341/341/341
f 303/303/303 341/341/341 304/304/304
f 304/304/304 341/341/341 342/342/342
f 304/304/304 342/342/342 305/305/305
f 305/305/305 342/342/342 343/343/343
f 305/305/305 343/343/343 306/306/306
f 306/306/306 343/343/343 344/344/344
f 306/306/306 344/344/344 307/307/307
f 307/307/307 344/344/344 345/345/345
f 307/307/307 345/345/345 308/308/308
f 308/308/308 345/345/345 346/346/346
f 308/308/308 346/346/346 309/309/309
f 309/309/309 346/346/346 347/347/347
f 309/309/309 347/347/347 310/310/310
f 310/310/310 347/347/347 348/348/348
f 310/310/310 348/348/348 311/311/311
f 311/311/311 348/348/348 349/349/349
f 311/311/311 349/349/349 312/312/312
f 312/312/312 349/349/349 350/350/350
f 312/312/312 350/350/350 313/313/313
f 313/313/313 350/350/350 351/351/351
f 313/313/313 351/351/351 314/314/314
f 314/314/314 351/351/351 352/352/352
f 314/314/314 352/352/352 315/315/315
f 315/315/315 352/352/352 353/353/353
f 315/315/315 353/353/353 316/316/316
f 316/316/316 353/353/353 354/354/354
f 316/316/316 354/354/354 317/317/317
f 317/317/317 354/354/354 355/355/355
f 317/317/317 355/355/355 318/318/318
f 318/318/318 355/355/355 356/356/356
f 318/318/318 356/356/356 319/319/319
f 319/319/319 356/356/356 357/357/357
f 319/319/319 357/357/357 320/320/320
f 320/320/320 357/357/357 358/358/358
f 320/320/320 358/358/358 321/321/321
f 321/321/321 358/358/358 359/359/359
f 321/321/321 359/359/359 322/322/322
f 322/322/322 359/359/359 360/360/360
f 322/322/322 360/360/360 323/323/323
f 323/323/323 360/360/360 361/361/361
f 323/323/323 361/361/361 324/324/324
f 324/324/324 361/361/361 362/362/362
f 324/324/324 362/362/362 325/325/325
f 325/325/325 362/362/362 363/363/363
f 325/325/325 363/363/363 326/326/326
f 326/326/326 363/363/363 364/364/364
f 326/326/326 364/364/364 327/327/327
f 327/327/327 364/364/364 365/365/365
f 327/327/327 365/365/365 328/328/328
f 328/328/328 365/365/365 366/366/366
f 328/328/328 366/366/366 329/329/329
f 329/329/329 366/366/366 367/367/367
f 329/329/329 367/367/367 330/330/330
f 330/330/330 367/367/367 368/368/368
f 330/330/330 368/368/368 331/331/331
f 331/331/331 368/368/368 369/369/369
f 331/331/331 369/369/369 332/332/332
f 332/332/332 369/369/369 370/370/370
f 332/332/332 370/370/370 333/333/333
f 334/334/334 371/371/371 372/372/372
f 334/334/334 372/372/372 335/335/335
f 335/335/335 372/372/372 373/373/373
f 335/335/335 373/373/373 336/336/336
f 336/336/336 373/373/373 374/374/374
f 336/336/336 374/374/374 337/337/337
f 337/337/337 374/374/374 375/375/375
f 337/337/337 375/375/375 338/338/338
f 338/338/338 375/375/375 376/376/376
f 338/338/338 376/376/376 339/339/339
f 339/339/339 376/376/376 377/377/377
f 339/339/339 377/377/377 340/340/340
f 340/340/340 377/377/377 378/378/378
f 340/340/340 378/378/378 341/341/341
f 341/341/341 378/378/378 379/379/379
f 341/341/341 379/379/379 342/342/342
f 342/342/342 379/379/379 380/380/380
f 342/342/342 380/380/380 343/343/343
f 343/343/343 380/380/380 381/381/381
f 343/343/343 381/381/381 344/344/344
f 344/344/344 381/381/381 382/382/382
f 344/344/344 382/382/382 345/345/345
f 345/345/345 382/382/382 383/383/383
f 345/345/345 383/383/383 346/346/346
f 346/346/346 383/383/383 384/384/384
f 346/346/346 384/384/384 347/347/347
f 347/347/347 384/384/384 385/385/385
f 347/347/347 385/385/385 348/348/348
f 348/348/348 385/385/385 386/386/386
f 348/348/348 386/386/386 349/349/349
f 349/349/349 386/386/386 387/387/387
f 349/349/349 387/387/387 350/350/350
f 350/350/350 387/387/387 388/388/388
f 350/350/350 388/388/388 351/351/351
f 351/351/351 388/388/388 389/389/389
f 351/351/351 389/389/389 352/352/352
f 352/352/352 389/389/389 390/390/390
f 352/352/352 390/390/390 353/353/353
f 353/353/353 390/390/390 391/391/391
f 353/353/353 391/391/391 354/354/354
f 354/354/354 391/391/391 392/392/392
f 354/354/354 392/392/392 355/355/355
f 355/355/355 392/392/392 393/393/393
f 355/355/355 393/393/393 356/356/356
f 356/356/356 393/393/393 394/394/394
f 356/356/356 394/394/394 357/357/357
f 357/357/357 394/394/394 395/395/395
f 357/357/357 395/395/395 358/358/358
f 358/358/358 395/395/395 396/396/396
f 358/358/358 396/396/396 359/359/359
f 359/359/359 396/396/396 397/397/397
f 359/359/359 397/397/397 360/360/360
f 360/360/360 397/397/397 398/398/398
f 360/360/360 398/398/398 361/361/361
f 361/361/361 398/398/398 399/399/399
f 361/361/361 399/399/399 362/362/362
f 362/362/362 399/399/399 400/400/400
f 362/362/362 400/400/400 363/363/363
f 363/363/363 400/400/400 401/401/401
f 363/363/363 401/401/401 364/364/364
f 364/364/364 401/401/401 402/402/402
f 364/364/364 402/402/402 365/365/365
f 365/365/365 402/402/402 403/403/403
f 365/365/365 403/403/403 366/366/366
f 366/366/366 403/403/403 404/404/404
f 366/366/366 404/404/404 367/367/367
f 367/367/367 404/404/404 405/405/405
f 367/367/367 405/405/405 368/368/368
f 368/368/368 405/405/405 406/406/406
f 368/368/368 406/406/406 369/369/369
f 369/369/369 406/406/406 407/407/407
f 369/369/369 407/407/407 370/370/370
f 371/371/371 408/408/408 409/409/409
f 371/371/371 409/409/409 372/372/372
f 372/372/372 409/409/409 410/410/410
f 372/372/372 410/410/410 373/373/373
f 373/373/373 410/410/410 411/411/411
f 373/373/373 411/411/411 374/374/374
f 374/374/374 411/411/411 412/412/412
f 374/374/374 412/412/412 375/375/375
f 375/375/375 412/412/412 413/413/413
f 375/375/375 413/413/413 376/376/376
f 376/376/376 413/413/413 414/414/414
f 376/376/376 414/414/414 377/377/377
f 377/377/377 414/414/414 415/415/415
f 377/377/377 415/415/415 378/378/378
f 378/378/378 415/415/415 416/416/416
f 378/378/378 416/416/416 379/379/379
f 379/379/379 416/416/416 417/417/417
f 379/379/379 417/417/417 380/380/380
f 380/380/380 417/417/417 418/418/418
f 380/380/380 418/418/418 381/381/381
f 381/381/381 418/418/418 419/419/419
f 381/381/381 419/419/419 382/382/382
f 382/382/382 419/419/419 420/420/420
f 382/382/382 420/420/420 383/383/383
f 383/383/383 420/420/420 421/421/421
f 383/383/383 421/421/421 384/384/384
f 384/384/384 421/421/421 422/422/422
f 384/384/384 422/422/422 385/385/385
f 385/385/385 422/422/422 423/423/423
f 385/385/385 423/423/423 386/386/386
f 386/386/386 423/423/423 424/424/424
f 386/386/386 424/424/424 387/387/387
f 387/387/387 424/424/424 425/425/425
f 387/387/387 425/425/425 388/388/388
f 388/388/388 425/425/425 426/426/426
f 388/388/388 426/426/426 389/389/389
f 389/389/389 426/426/426 427/427/427
f 389/389/389 427/427/427 390/390/390
f 390/390/390 427/427/427 428/428/428
f 390/390/390 428/428/428 391/391/391
f 391/391/391 428/428/428 429/429/429
f 391/391/391 429/429/429 392/392/392
f 392/392/392 429/429/429 430/430/430
f 392/392/392 430/430/430 393/393/393
f 393/393/393 430/430/430 431/431/431
f 393/393/393 431/431/431 394/394/394
f 394/394/394 431/431/431 432/432/432
f 394/394/394 432/432/432 395/395/395
f 395/395/395 432/432/432 433/433/433
f 395/395/395 433/433/433 396/396/396
f 396/396/396 433/433/433 434/434/434
f 396/396/396 434/434/434 397/397/397
f 397/397/397 434/434/434 435/435/435
f 397/397/397 435/435/435 398/398/398
f 398/398/398 435/435/435 436/436/436
f 398/398/398 436/436/436 399/399/399
f 399/399/399 436/436/436 437/437/437
f 399/399/399 437/437/437 400/400/400
f 400/400/400 437/437/437 438/438/438
f 400/400/400 438/438/438 401/401/401
f 401/401/401 438/438/438 439/439/439
f 401/401/401 439/439/439 402/402/402
f 402/402/402 439/439/439 440/440/440
f 402/402/402 440/440/440 403/403/403
f 403/403/403 440/440/440 441/441/441
f 403/403/403 441/441/441 404/404/404
f 404/404/404 441/441/441 442/442/442
f 404/404/404 442/442/442 405/405/405
f 405/405/405 442/442/442 443/443/443
f 405/405/405 443/443/443 406/406/406
f 406/406/406 443/443/443 444/444/444
f 406/406/406 444/444/444 407/407/407
f 408/408/408 445/445/445 446/446/446
f 408/408/408 446/446/446 409/409/409
f 409/409/409 446/446/446 447/447/447
f 409/409/409 447/447/447 410/410/410
f 410/410/410 447/447/447 448/448/448
f 410/410/410 448/448/448 411/411/411
f 411/411/411 448/448/448 449/449/449
f 411/411/411 449/449/449 412/412/412
f 412/412/412 449/449/449 450/450/450
f 412/412/412 450/450/450 413/413/413
f 413/413/413 450/450/450 451/451/451
f 413/413/413 451/451/451 414/414/414
f 414/414/414 451/451/451 452/452/452
f 414/414/414 452/452/452 415/415/415
f 415/415/415 452/452/452 453/453/453
f 415/415/415 453/453/453 416/416/416
f 416/416/416 453/453/453 454/454/454
f 416/416/416 454/454/454 417/417/417
f 417/417/417 454/454/454 455/455/455
f 417/417/417 455/455/455 418/418/418
f 418/418/418 455/455/455 456/456/456
f 418/418/418 456/456/456 419/419/419
f 419/419/419 456/456/456 457/457/457
f 419/419/419 457/457/457 420/420/420
f 420/420/420 457/457/457 458/458/458
f 420/420/420 458/458/458 421/421/421
f 421/421/421 458/458/458 459/459/459
f 421/421/421 459/459/459 422/422/422
f 422/422/422 459/459/459 460/460/460
f 422/422/422 460/460/460 423/423/423
f 423/423/423 460/460/460 461/461/461
f 423/423/423 461/461/461 424/424/424
f 424/424/424 461/461/461 462/462/462
f 424/424/424 462/462/462 425/425/425
f 425/425/425 462/462/462 463/463/463
f 425/425/425 463/463/463 426/426/426
f 426/426/426 463/463/463 464/464/464
f 426/426/426 464/464/464 427/427/427
f 427/427/427 464/464/464 465/465/465
f 427/427/427 465/465/465 428/428/428
f 428/428/428 465/465/465 466/466/466
f 428/428/428 466/466/466 429/429/429
f 429/429/429 466/466/466 467/467/467
f 429/429/429 467/467/467 430/430/430
f 430/430/430 467/467/467 468/468/468
f 430/430/430 468/468/468 431/431/431
f 431/431/431 468/468/468 469/469/469
f 431/431/431 469/469/469 432/432/432
f 432/432/432 469/469/469 470/470/470
f 432/432/432 470/470/470 433/433/433
f 433/433/433 470/470/470 471/471/471
f 433/433/433 471/471/471 434/434/434
f 434/434/434 471/471/471 472/472/472
f 434/434/434 472/472/472 435/435/435
f 435/435/435 472/472/472 473/473/473
f 435/435/435 473/473/473 436/436/436
f 436/436/436 473/473/473 474/474/474
f 436/436/436 474/474/474 437/437/437
f 437/437/437 474/474/474 475/475/475
f 437/437/437 475/475/475 438/438/438
f 438/438/438 475/475/475 476/476/476
f 438/438/438 476/476/476 439/439/439
f 439/439/439 476/476/476 477/477/477
f 439/439/439 477/477/477 440/440/440
f 440/440/440 477/477/477 478/478/478
f 440/440/440 478/478/478 441/441/441
f 441/441/441 478/478/478 479/479/479
f 441/441/441 479/479/479 442/442/442
f 442/442/442 479/479/479 480/480/480
f 442/442/442 480/480/480 443/443/443
f 443/443/443 480/480/480 481/481/481
f 443/443/443 481/481/481 444/444/444
f 445/445/445 482/482/482 483/483/483
f 445/445/445 483/483/483 446/446/446
f 446/446/446 483/483/483 484/484/484
f 446/446/446 484/484/484 447/447/447
f 447/447/447 484/484/484 485/485/485
f 447/447/447 485/485/485 448/448/448
f 448/448/448 485/485/485 486/486/486
f 448/448/448 486/486/486 449/449/449
f 449/449/449 486/486/486 487/487/487
f 449/449/449 487/487/487 450/450/450
f 450/450/450 487/487/487 488/488/488
f 450/450/450 488/488/488 451/451/451
f 451/451/451 488/488/488 489/489/489
f 451/451/451 489/489/489 452/452/452
f 452/452/452 489/489/489 490/490/490
f 452/452/452 490/490/490 453/453/453
f 453/453/453 490/490/490 491/491/491
f 453/453/453 491/491/491 454/454/454
f 454/454/454 491/491/491 492/492/492
f 454/454/454 492/492/492 455/455/455
f 455/455/455 492/492/492 493/493/493
f 455/455/455 493/493/493 456/456/456
f 456/456/456 493/493/493 494/494/494
f 456/456/456 494/494/494 457/457/457
f 457/457/457 494/494/494 495/495/495
f 457/457/457 495/495/495 458/458/458
f 458/458/458 495/495/495 496/496/496
f 458/458/458 496/496/496 459/459/459
f 459/459/459 496/496/496 497/497/497
f 459/459/459 497/497/497 460/460/460
f 460/460/460 497/497/497 498/498/498
f 460/460/460 498/498/498 461/461/461
f 461/461/461 498/498/498 499/499/499
f 461/461/461 499/499/499 462/462/462
f 462/462/462 499/499/499 500/500/500
f 462/462/462 500/500/500 463/463/463
f 463/463/463 500/500/500 501/501/501
f 463/463/463 501/501/501 464/464/464
f 464/464/464 501/501/501 502/502/502
f 464/464/464 502/502/502 465/465/465
f 465/465/465 502/502/502 503/503/503
f 465/465/465 503/503/503 466/466/466
f 466/466/466 503/503/503 504/504/504
f 466/466/466 504/504/504 467/467/467
f 467/467/467 504/504/504 505/505/505
f 467/467/467 505/505/505 468/468/468
f 468/468/468 505/505/505 506/506/506
f 468/468/468 506/506/506 469/469/469
f 469/469/469 506/506/506 507/507/507
f 469/469/469 507/507/507 470/470/470
f 470/470/470 507/507/507 508/508/508
f 470/470/470 508/508/508 471/471/471
f 471/471/471 508/508/508 509/509/509
f 471/471/471 509/509/509 472/472/472
f 472/472/472 509/509/509 510/510/510
f 472/472/472 510/510/510 473/473/473
f 473/473/473 510/510/510 511/511/511
f 473/473/473 511/511/511 474/474/474
f 474/474/474 511/511/511 512/512/512
f 474/474/474 512/512/512 475/475/475
f 475/475/475 512/512/512 513/513/513
f 475/475/475 513/513/513 476/476/476
f 476/476/476 513/513/513 514/514/514
f 476/476/476 514/514/514 477/477/477
f 477/477/477 514/514/514 515/515/515
f 477/477/477 515/515/515 478/478/478
f 478/478/478 515/515/515 516/516/516
f 478/478/478 516/516/516 479/479/479
f 479/479/479 516/516/516 517/517/517
f 479/479/479 517/517/517 480/480/480
f 480/480/480 517/517/517 518/518/518
f 480/480/480 518/518/518 481/481/481
f 482/482/482 519/519/519 520/520/520
f 482/482/482 520/520/520 483/483/483
f 483/483/483 520/520/520 521/521/521
f 483/483/483 521/521/521 484/484/484
f 484/484/484 521/521/521 522/522/522
f 484/484/484 522/522/522 485/485/485
f 485/485/485 522/522/522 523/523/523
f 485/485/485 523/523/523 486/486/486
f 486/486/486 523/523/523 524/524/524
f 486/486/486 524/524/524 487/487/487
f 487/487/487 524/524/524 525/525/525
f 487/487/487 525/525/525 488/488/488
f 488/488/488 525/525/525 526/526/526
f 488/488/488 526/526/526 489/489/489
f 489/489/489 526/526/526 527/527/527
f 489/489/489 527/527/527 490/490/490
f 490/490/490 527/527/527 528/528/528
f 490/490/490 528/528/528 491/491/491
f 491/491/491 528/528/528 529/529/529
f 491/491/491 529/529/529 492/492/492
f 492/492/492 529/529/529 530/530/530
f 492/492/492 530/530/530 493/493/493
f 493/493/493 530/530/530 531/531/531
f 493/493/493 531/531/531 494/494/494
f 494/494/494 531/531/531 532/532/532
f 494/494/494 532/532/532 495/495/495
f 495/495/495 532/532/532 533/533/533
f 495/495/495 533/533/533 496/496/496
f 496/496/496 533/533/533 534/534/534
f 496/496/496 534/534/534 497/497/497
f 497/497/497 534/534/534 535/535/535
f 497/497/497 535/535/535 498/498/498
f 498/498/498 535/535/535 536/536/536
f 498/498/498 536/536/536 499/499/499
f 499/499/499 536/536/536 537/537/537
f 499/499/499 537/537/537 500/500/500
f 500/500/500 537/537/537 538/538/538
f 500/500/500 538/538/538 501/501/501
f 501/501/501 538/538/538 539/539/539
f 501/501/501 539/539/539 502/502/502
f 502/502/502 539/539/539 540/540/540
f 502/502/502 540/540/540 503/503/503
f 503/503/503 540/540/540 541/541/541
f 503/503/503 541/541/541 504/504/504
f 504/504/504 541/541/541 542/542/542
f 504/504/504 542/542/542 505/505/505
f 505/505/505 542/542/542 543/543/543
f 505/505/505 543/543/543 506/506/506
f 506/506/506 543/543/543 544/544/544
f 506/506/506 544/544/544 507/507/507
f 507/507/507 544/544/544 545/545/545
f 507/507/507 545/545/545 508/508/508
f 508/508/508 545/545/545 546/546/546
f 508/508/508 546/546/546 509/509/509
f 509/509/509 546/546/546 547/547/547
f 509/509/509 547/547/547 510/510/510
f 510/510/510 547/547/547 548/548/548
f 510/510/510 548/548/548 511/511/511
f 511/511/511 548/548/548 549/549/549
f 511/511/511 549/549/549 512/512/512
f 512/512/512 549/549/549 550/550/550
f 512/512/512 550/550/550 513/513/513
f 513/513/513 550/550/550 551/551/551
f 513/513/513 551/551/551 514/514/514
f 514/514/514 551/551/551 552/552/552
f 514/514/514 552/552/552 515/515/515
f 515/515/515 552/552/552 553/553/553
f 515/515/515 553/553/553 516/516/516
f 516/516/516 553/553/553 554/554/554
f 516/516/516 554/554/554 517/517/517
f 517/517/517 554/554/554 555/555/555
f 517/517/517 555/555/555 518/518/518
f 519/519/519 556/556/556 557/557/557
f 519/519/519 557/557/557 520/520/520
f 520/520/520 557/557/557 558/558/558
f 520/520/520 558/558/558 521/521/521
f 521/521/521 558/558/558 559/559/559
f 521/521/521 559/559/559 522/522/522
f 522/522/522 559/559/559 560/560/560
f 522/522/522 560/560/560 523/523/523
f 523/523/523 560/560/560 561/561/561
f 523/523/523 561/561/561 524/524/524
f 524/524/524 561/561/561 562/562/562
f 524/524/524 562/562/562 525/525/525
f 525/525/525 562/562/562 563/563/563
f 525/525/525 563/563/563 526/526/526
f 526/526/526 563/563/563 564/564/564
f 526/526/526 564/564/564 527/527/527
f 527/527/527 564/564/564 565/565/565
f 527/527/527 565/565/565 528/528/528
f 528/528/528 565/565/565 566/566/566
f 528/528/528 566/566/566 529/529/529
f 529/529/529 566/566/566 567/567/567
f 529/529/529 567/567/567 530/530/530
f 530/530/530 567/567/567 568/568/568
f 530/530/530 568/568/568 531/531/531
f 531/531/531 568/568/568 569/569/569
f 531/531/531 569/569/569 532/532/532
f 532/532/532 569/569/569 570/570/570
f 532/532/532 570/570/570 533/533/533
f 533/533/533 570/570/570 571/571/571
f 533/533/533 571/571/571 534/534/534
f 534/534/534 571/571/571 572/572/572
f 534/534/534 572/572/572 535/535/535
f 535/535/535 572/572/572 573/573/573
f 535/535/535 573/573/573 536/536/536
f 536/536/536 573/573/573 574/574/574
f 536/536/536 574/574/574 537/537/537
f 537/537/537 574/574/574 575/575/575
f 537/537/537 575/575/575 538/538/538
f 538/538/538 575/575/575 576/576/576
f 538/538/538 576/576/576 539/539/539
f 539/539/539 576/576/576 577/577/577
f 539/539/539 577/577/577 540/540/540
f 540/540/540 577/577/577 578/578/578
f 540/540/540 578/578/578 541/541/541
f 541/541/541 578/578/578 579/579/579
f 541/541/541 579/579/579 542/542/542
f 542/542/542 579/579/579 580/580/580
f 542/542/542 580/580/580 543/543/543
f 543/543/543 580/580/580 581/581/581
f 543/543/543 581/581/581 544/544/544
f 544/544/544 581/581/581 582/582/582
f 544/544/544 582/582/582 545/545/545
f 545/545/545 582/582/582 583/583/583
f 545/545/545 583/583/583 546/546/546
f 546/546/546 583/583/583 584/584/584
f 546/546/546 584/584/584 547/547/547
f 547/547/547 584/584/584 585/585/585
f 547/547/547 585/585/585 548/548/548
f 548/548/548 585/585/585 586/586/586
f 548/548/548 586/586/586 549/549/549
f 549/549/549 586/586/586 587/587/587
f 549/549/549 587/587/587 550/550/550
f 550/550/550 587/587/587 588/588/588
f 550/550/550 588/588/588 551/551/551
f 551/551/551 588/588/588 589/589/589
f 551/551/551 589/589/589 552/552/552
f 552/552/552 589/589/589 590/590/590
f 552/552/552 590/590/590 553/553/553
f 553/553/553 590/590/590 591/591/591
f 553/553/553 591/591/591 554/554/554
f 554/554/554 591/591/591 592/592/592
f 554/554/554 592/592/592 555/555/555
f 556/556/556 593/593/593 594/594/594
f 556/556/556 594/594/594 557/557/557
f 557/557/557 594/594/594 595/595/595
f 557/557/557 595/595/595 558/558/558
f 558/558/558 595/595/595 596/596/596
f 558/558/558 596/596/596 559/559/559
f 559/559/559 596/596/596 597/597/597
f 559/559/559 597/597/597 560/560/560
f 560/560/560 597/597/597 598/598/598
f 560/560/560 598/598/598 561/561/561
f 561/561/561 598/598/598 599/599/599
f 561/561/561 599/599/599 562/562/562
f 562/562/562 599/599/599 600/600/600
f 562/562/562 600/600/600 563/563/563
f 563/563/563 600/600/600 601/601/601
f 563/563/563 601/601/601 564/564/564
f 564/564/564 601/601/601 602/602/602
f 564/564/564 602/602/602 565/565/565
f 565/565/565 602/602/602 603/603/603
f 565/565/565 603/603/603 566/566/566
f 566/566/566 603/603/603 604/604/604
f 566/566/566 604/604/604 567/567/567
f 567/567/567 604/604/604 605/605/605
f 567/567/567 605/605/605 568/568/568
f 568/568/568 605/605/605 606/606/606
f 568/568/568 606/606/606 569/569/569
f 569/569/569 606/606/606 607/607/607
f 569/569/569 607/607/607 570/570/570
f 570/570/570 607/607/607 608/608/608
f 570/570/570 608/608/608 571/571/571
f 571/571/571 608/608/608 609/609/609
f 571/571/571 609/609/609 572/572/572
f 572/572/572 609/609/609 610/610/610
f 572/572/572 610/610/610 573/573/573
f 573/573/573 610/610/610 611/611/611
f 573/573/573 611/611/611 574/574/574
f 574/574/574 611/611/611 612/612/612
f 574/574/574 612/612/612 575/575/575
f 575/575/575 612/612/612 613/613/613
f 575/575/575 613/613/613 576/576/576
f 576/576/576 613/613/613 614/614/614
f 576/576/576 614/614/614 577/577/577
f 577/577/577 614/614/614 615/615/615
f 577/577/577 615/615/615 578/578/578
f 578/578/578 615/615/615 616/616/616
f 578/578/578 616/616/616 579/579/579
f 579/579/579 616/616/616 617/617/617
f 579/579/579 617/617/617 580/580/580
f 580/580/580 617/617/617 618/618/618
f 580/580/580 618/618/618 581/581/581
f 581/581/581 618/618/618 619/619/619
f 581/581/581 619/619/619 582/582/582
f 582/582/582 619/619/619 620/620/620
f 582/582/582 620/620/620 583/583/583
f 583/583/583 620/620/620 621/621/621
f 583/583/583 621/621/621 584/584/584
f 584/584/584 621/621/621 622/622/622
f 584/584/584 622/622/622 585/585/585
f 585/585/585 622/622/622 623/623/623
f 585/585/585 623/623/623 586/586/586
f 586/586/586 623/623/623 624/624/624
f 586/586/586 624/624/624 587/587/587
f 587/587/587 624/624/624 625/625/625
f 587/587/587 625/625/625 588/588/588
f 588/588/588 625/625/625 626/626/626
f 588/588/588 626/626/626 589/589/589
f 589/589/589 626/626/626 627/627/627
f 589/589/589 627/627/627 590/590/590
f 590/590/590 627/627/627 628/628/628
f 590/590/590 628/628/628 591/591/591
f 591/591/591 628/628/628 629/629/629
f 591/591/591 629/629/629 592/592/592
f 593/593/593 630/630/630 631/631/631
f 593/593/593 631/631/631 594/594/594
f 594/594/594 631/631/631 632/632/632
f 594/594/594 632/632/632 595/595/595
f 595/595/595 632/632/632 633/633/633
f 595/595/595 633/633/633 596/596/596
f 596/596/596 633/633/633 634/634/634
f 596/596/596 634/634/634 597/597/597
f 597/597/597 634/634/634 635/635/635
f 597/597/597 635/635/635 598/598/598
f 598/598/598 635/635/635 636/636/636
f 598/598/598 636/636/636 599/599/599
f 599/599/599 636/636/636 637/637/637
f 599/599/599 637/637/637 600/600/600
f 600/600/600 637/637/637 638/638/638
f 600/600/600 638/638/638 601/601/601
f 601/601/601 638/638/638 639/639/639
f 601/601/601 639/639/639 602/602/602
f 602/602/602 639/639/639 640/640/640
f 602/602/602 640/640/640 603/603/603
f 603/603/603 640/640/640 641/641/641
f 603/603/603 641/641/641 604/604/604
f 604/604/604 641/641/641 642/642/642
f 604/604/604 642/642/642 605/605/605
f 605/605/605 642/642/642 643/643/643
f 605/605/605 643/643/643 606/606/606
f 606/606/606 643/643/643 644/644/644
f 606/606/606 644/644/644 607/607/607
f 607/607/607 644/644/644 645/645/645
f 607/607/607 645/645/645 608/608/608
f 608/608/608 645/645/645 646/646/646
f 608/608/608 646/646/646 609/609/609
f 609/609/609 646/646/646 647/647/647
f 609/609/609 647/647/647 610/610/610
f 610/610/610 647/647/647 648/648/648
f 610/610/610 648/648/648 611/611/611
f 611/611/611 648/648/648 649/649/649
f 611/611/611 649/649/649 612/612/612
f 612/612/612 649/649/649 650/650/650
f 612/612/612 650/650/650 613/613/613
f 613/613/613 650/650/650 651/651/651
f 613/613/613 651/651/651 614/614/614
f 614/614/614 651/651/651 652/652/652
f 614/614/614 652/652/652 615/615/615
f 615/615/615 652/652/652 653/653/653
f 615/615/615 653/653/653 616/616/616
f 616/616/616 653/653/653 654/654/654
f 616/616/616 654/654/654 617/617/617
f 617/617/617 654/654/654 655/655/655
f 617/617/617 655/655/655 618/618/618
f 618/618/618 655/655/655 656/656/656
f 618/618/618 656/656/656 619/619/619
f 619/619/619 656/656/656 657/657/657
f 619/619/619 657/657/657 620/620/620
f 620/620/620 657/657/657 658/658/658
f 620/620/620 658/658/658 621/621/621
f 621/621/621 658/658/658 659/659/659
f 621/621/621 659/659/659 622/622/622
f 622/622/622 659/659/659 660/660/660
f 622/622/622 660/660/660 623/623/623
f 623/623/623 660/660/660 661/661/661
f 623/623/623 661/661/661 624/624/624
f 624/624/624 661/661/661 662/662/662
f 624/624/624 662/662/662 625/625/625
f 625/625/625 662/662/662 663/663/663
f 625/625/625 663/663/663 626/626/626
f 626/626/626 663/663/663 664/664/664
f 626/626/626 664/664/664 627/627/627
f 627/627/627 664/664/664 665/665/665
f 627/627/627 665/665/665 628/628/628
f 628/628/628 665/665/665 666/666/666
f 628/628/628 666/666/666 629/629/629
f 630/630/630 667/667/667 668/668/668
f 630/630/630 668/668/668 631/631/631
f 631/631/631 668/668/668 669/669/669
f 631/631/631 669/669/669 632/632/632
f 632/632/632 669/669/669 670/670/670
f 632/632/632 670/670/670 633/633/633
f 633/633/633 670/670/670 671/671/671
f 633/633/633 671/671/671 634/634/634
f 634/634/634 671/671/671 672/672/672
f 634/634/634 672/672/672 635/635/635
f 635/635/635 672/672/672 673/673/673
f 635/635/635 673/673/673 636/636/636
f 636/636/636 673/673/673 674/674/674
f 636/636/636 674/674/674 637/637/637
f 637/637/637 674/674/674 675/675/675
f 637/637/637 675/675/675 638/638/638
f 638/638/638 675/675/675 676/676/676
f 638/638/638 676/676/676 639/639/639
f 639/639/639 676/676/676 677/677/677
f 639/639/639 677/677/677 640/640/640
f 640/640/640 677/677/677 678/678/678
f 640/640/640 678/678/678 641/641/641
f 641/641/641 678/678/678 679/679/679
f 641/641/641 679/679/679 642/642/642
f 642/642/642 679/679/679 680/680/680
f 642/642/642 680/680/680 643/643/643
f 643/643/643 680/680/680 681/681/681
f 643/643/643 681/681/681 644/644/644
f 644/644/644 681/681/681 682/682/682
f 644/644/644 682/682/682 645/645/645
f 645/645/645 682/682/682 683/683/683
f 645/645/645 683/683/683 646/646/646
f 646/646/646 683/683/683 684/684/684
f 646/646/646 684/684/684 647/647/647
f 647/647/647 684/684/684 685/685/685
f 647/647/647 685/685/685 648/648/648
f 648/648/648 685/685/685 686/686/686
f 648/648/648 686/686/686 649/649/649
f 649/649/649 686/686/686 687/687/687
f 649/649/649 687/687/687 650/650/650
f 650/650/650 687/687/687 688/688/688
f 650/650/650 688/688/688 651/651/651
f 651/651/651 688/688/688 689/689/689
f 651/651/651 689/689/689 652/652/652
f 652/652/652 689/689/689 690/690/690
f 652/652/652 690/690/690 653/653/653
f 653/653/653 690/690/690 691/691/691
f 653/653/653 691/691/691 654/654/654
f 654/654/654 691/691/691 692/692/692
f 654/654/654 692/692/692 655/655/655
f 655/655/655 692/692/692 693/693/693
f 655/655/655 693/693/693 656/656/656
f 656/656/656 693/693/693 694/694/694
f 656/656/656 694/694/694 657/657/657
f 657/657/657 694/694/694 695/695/695
f 657/657/657 695/695/695 658/658/658
f 658/658/658 695/695/695 696/696/696
f 658/658/658 696/696/696 659/659/659
f 659/659/659 696/696/696 697/697/697
f 659/659/659 697/697/697 660/660/660
f 660/660/660 697/697/697 698/698/698
f 660/660/660 698/698/698 661/661/661
f 661/661/661 698/698/698 699/699/699
f 661/661/661 699/699/699 662/662/662
f 662/662/662 699/699/699 700/700/700
f 662/662/662 700/700/700 663/663/663
f 663/663/663 700/700/700 701/701/701
f 663/663/663 701/701/701 664/664/664
f 664/664/664 701/701/701 702/702/702
f 664/664/664 702/702/702 665/665/665
f 665/665/665 702/702/702 703/703/703
f 665/665/665 703/703/703 666/666/666
f 667/667/667 704/704/704 705/705/705
f 667/667/667 705/705/705 668/668/668
f 668/668/668 705/705/705 706/706/706
f 668/668/668 706/706/706 669/669/669
f 669/669/669 706/706/706 707/707/707
f 669/669/669 707/707/707 670/670/670
f 670/670/670 707/707/707 708/708/708
f 670/670/670 708/708/708 671/671/671
f 671/671/671 708/708/708 709/709/709
f 671/671/671 709/709/709 672/672/672
f 672/672/672 709/709/709 710/710/710
f 672/672/672 710/710/710 673/673/673
f 673/673/673 710/710/710 711/711/711
f 673/673/673 711/711/711 674/674/674
f 674/674/674 711/711/711 712/712/712
f 674/674/674 712/712/712 675/675/675
f 675/675/675 712/712/712 713/713/713
f 675/675/675 713/713/713 676/676/676
f 676/676/676 713/713/713 714/714/714
f 676/676/676 714/714/714 677/677/677
f 677/677/677 714/714/714 715/715/715
f 677/677/677 715/715/715 678/678/678
f 678/678/678 715/715/715 716/716/716
f 678/678/678 716/716/716 679/679/679
f 679/679/679 716/716/716 717/717/717
f 679/679/679 717/717/717 680/680/680
f 680/680/680 717/717/717 718/718/718
f 680/680/680 718/718/718 681/681/681
f 681/681/681 718/718/718 719/719/719
f 681/681/681 719/719/719 682/682/682
f 682/682/682 719/719/719 720/720/720
f 682/682/682 720/720/720 683/683/683
f 683/683/683 720/720/720 721/721/721
f 683/683/683 721/721/721 684/684/684
f 684/684/684 721/721/721 722/722/722
f 684/684/684 722/722/722 685/685/685
f 685/685/685 722/722/722 723/723/723
f 685/685/685 723/723/723 686/686/686
f 686/686/686 723/723/723 724/724/724
f 686/686/686 724/724/724 687/687/687
f 687/687/687 724/724/724 725/725/725
f 687/687/687 725/725/725 688/688/688
f 688/688/688 725/725/725 726/726/726
f 688/688/688 726/726/726 689/689/689
f 689/689/689 726/726/726 727/727/727
f 689/689/689 727/727/727 690/690/690
f 690/690/690 727/727/727 728/728/728
f 690/690/690 728/728/728 691/691/691
f 691/691/691 728/728/728 729/729/729
f 691/691/691 729/729/729 692/692/692
f 692/692/692 729/729/729 730/730/730
f 692/692/692 730/730/730 693/693/693
f 693/693/693 730/730/730 731/731/731
f 693/693/693 731/731/731 694/694/694
f 694/694/694 731/731/731 732/732/732
f 694/694/694 732/732/732 695/695/695
f 695/695/695 732/732/732 733/733/733
f 695/695/695 733/733/733 696/696/696
f 696/696/696 733/733/733 734/734/734
f 696/696/696 734/734/734 697/697/697
f 697/697/697 734/734/734 735/735/735
f 697/697/697 735/735/735 698/698/698
f 698/698/698 735/735/735 736/736/736
f 698/698/698 736/736/736 699/699/699
f 699/699/699 736/736/736 737/737/737
f 699/699/699 737/737/737 700/700/700
f 700/700/700 737/737/737 738/738/738
f 700/700/700 738/738/738 701/701/701
f 701/701/701 738/738/738 739/739/739
f 701/701/701 739/739/739 702/702/702
f 702/702/702 739/739/739 740/740/740
f 702/702/702 740/740/740 703/703/703
f 704/704/704 741/741/741 742/742/742
f 704/704/704 742/742/742 705/705/705
f 705/705/705 742/742/742 743/743/743
f 705/705/705 743/743/743 706/706/706
f 706/706/706 743/743/743 744/744/744
f 706/706/706 744/744/744 707/707/707
f 707/707/707 744/744/744 745/745/745
f 707/707/707 745/745/745 708/708/708
f 708/708/708 745/745/745 746/746/746
f 708/708/708 746/746/746 709/709/709
f 709/709/709 746/746/746 747/747/747
f 709/709/709 747/747/747 710/710/710
f 710/710/710 747/747/747 748/748/748
f 710/710/710 748/748/748 711/711/711
f 711/711/711 748/748/748 749/749/749
f 711/711/711 749/749/749 712/712/712
f 712/712/712 749/749/749 750/750/750
f 712/712/712 750/750/750 713/713/713
f 713/713/713 750/750/750 751/751/751
f 713/713/713 751/751/751 714/714/714
f 714/714/714 751/751/751 752/752/752
f 714/714/714 752/752/752 715/715/715
f 715/715/715 752/752/752 753/753/753
f 715/715/715 753/753/753 716/716/716
f 716/716/716 753/753/753 754/754/754
f 716/716/716 754/754/754 717/717/717
f 717/717/717 754/754/754 755/755/755
f 717/717/717 755/755/755 718/718/718
f 718/718/718 755/755/755 756/756/756
f 718/718/718 756/756/756 719/719/719
f 719/719/719 756/756/756 757/757/757
f 719/719/719 757/757/757 720/720/720
f 720/720/720 757/757/757 758/758/758
f 720/720/720 758/758/758 721/721/721
f 721/721/721 758/758/758 759/759/759
f 721/721/721 759/759/759 722/722/722
f 722/722/722 759/759/759 760/760/760
f 722/722/722 760/760/760 723/723/723
f 723/723/723 760/760/760 761/761/761
f 723/723/723 761/761/761 724/724/724
f 724/724/724 761/761/761 762/762/762
f 724/724/724 762/762/762 725/725/725
f 725/725/725 762/762/762 763/763/763
f 725/725/725 763/763/763 726/726/726
f 726/726/726 763/763/763 764/764/764
f 726/726/726 764/764/764 727/727/727
f 727/727/727 764/764/764 765/765/765
f 727/727/727 765/765/765 728/728/728
f 728/728/728 765/765/765 766/766/766
f 728/728/728 766/766/766 729/729/729
f 729/729/729 766/766/766 767/767/767
f 729/729/729 767/767/767 730/730/730
f 730/730/730 767/767/767 768/768/768
f 730/730/730 768/768/768 731/731/731
f 731/731/731 768/768/768 769/769/769
f 731/731/731 769/769/769 732/732/732
f 732/732/732 769/769/769 770/770/770
f 732/732/732 770/770/770 733/733/733
f 733/733/733 770/770/770 771/771/771
f 733/733/733 771/771/771 734/734/734
f 734/734/734 771/771/771 772/772/772
f 734/734/734 772/772/772 735/735/735
f 735/735/735 772/772/772 773/773/773
f 735/735/735 773/773/773 736/736/736
f 736/736/736 773/773/773 774/774/774
f 736/736/736 774/774/774 737/737/737
f 737/737/737 774/774/774 775/775/775
f 737/737/737 775/775/775 738/738/738
f 738/738/738 775/775/775 776/776/776
f 738/738/738 776/776/776 739/739/739
f 739/739/739 776/776/776 777/777/777
f 739/739/739 777/777/777 740/740/740
f 741/741/741 778/778/778 779/779/779
f 741/741/741 779/779/779 742/742/742
f 742/742/742 779/779/779 780/780/780
f 742/742/742 780/780/780 743/743/743
f 743/743/743 780/780/780 781/781/781
f 743/743/743 781/781/781 744/744/744
f 744/744/744 781/781/781 782/782/782
f 744/744/744 782/782/782 745/745/745
f 745/745/745 782/782/782 783/783/783
f 745/745/745 783/783/783 746/746/746
f 746/746/746 783/783/783 784/784/784
f 746/746/746 784/784/784 747/747/747
f 747/747/747 784/784/784 785/785/785
f 747/747/747 785/785/785 748/748/748
f 748/748/748 785/785/785 786/786/786
f 748/748/748 786/786/786 749/749/749
f 749/749/749 786/786/786 787/787/787
f 749/749/749 787/787/787 750/750/750
f 750/750/750 787/787/787 788/788/788
f 750/750/750 788/788/788 751/751/751
f 751/751/751 788/788/788 789/789/789
f 751/751/751 789/789/789 752/752/752
f 752/752/752 789/789/789 790/790/790
f 752/752/752 790/790/790 753/753/753
f 753/753/753 790/790/790 791/791/791
f 753/753/753 791/791/791 754/754/754
f 754/754/754 791/791/791 792/792/792
f 754/754/754 792/792/792 755/755/755
f 755/755/755 792/792/792 793/793/793
f 755/755/755 793/793/793 756/756/756
f 756/756/756 793/793/793 794/794/794
f 756/756/756 794/794/794 757/757/757
f 757/757/757 794/794/794 795/795/795
f 757/757/757 795/795/795 758/758/758
f 758/758/758 795/795/795 796/796/796
f 758/758/758 796/796/796 759/759/759
f 759/759/759 796/796/796 797/797/797
f 759/759/759 797/797/797 760/760/760
f 760/760/760 797/797/797 798/798/798
f 760/760/760 798/798/798 761/761/761
f 761/761/761 798/798/798 799/799/799
f 761/761/761 799/799/799 762/762/762
f 762/762/762 799/799/799 800/800/800
f 762/762/762 800/800/800 763/763/763
f 763/763/763 800/800/800 801/801/801
f 763/763/763 801/801/801 764/764/764
f 764/764/764 801/801/801 802/802/802
f 764/764/764 802/802/802 765/765/765
f 765/765/765 802/802/802 803/803/803
f 765/765/765 803/803/803 766/766/766
f 766/766/766 803/803/803 804/804/804
f 766/766/766 804/804/804 767/767/767
f 767/767/767 804/804/804 805/805/805
f 767/767/767 805/805/805 768/768/768
f 768/768/768 805/805/805 806/806/806
f 768/768/768 806/806/806 769/769/769
f 769/769/769 806/806/806 807/807/807
f 769/769/769 807/807/807 770/770/770
f 770/770/770 807/807/807 808/808/808
f 770/770/770 808/808/808 771/771/771
f 771/771/771 808/808/808 809/809/809
f 771/771/771 809/809/809 772/772/772
f 772/772/772 809/809/809 810/810/810
f 772/772/772 810/810/810 773/773/773
f 773/773/773 810/810/810 811/811/811
f 773/773/773 811/811/811 774/774/774
f 774/774/774 811/811/811 812/812/812
f 774/774/774 812/812/812 775/775/775
f 775/775/775 812/812/812 813/813/813
f 775/775/775 813/813/813 776/776/776
f 776/776/776 813/813/813 814/814/814
f 776/776/776 814/814/814 777/777/777
f 778/778/778 815/815/815 816/816/816
f 778/778/778 816/816/816 779/779/779
f 779/779/779 816/816/816 817/817/817
f 779/779/779 817/817/817 780/780/780
f 780/780/780 817/817/817 818/818/818
f 780/780/780 818/818/818 781/781/781
f 781/781/781 818/818/818 819/819/819
f 781/781/781 819/819/819 782/782/782
f 782/782/782 819/819/819 820/820/820
f 782/782/782 820/820/820 783/783/783
f 783/783/783 820/820/820 821/821/821
f 783/783/783 821/821/821 784/784/784
f 784/784/784 821/821/821 822/822/822
f 784/784/784 822/822/822 785/785/785
f 785/785/785 822/822/822 823/823/823
f 785/785/785 823/823/823 786/786/786
f 786/786/786 823/823/823 824/824/824
f 786/786/786 824/824/824 787/787/787
f 787/787/787 824/824/824 825/825/825
f 787/787/787 825/825/825 788/788/788
f 788/788/788 825/825/825 826/826/826
f 788/788/788 826/826/826 789/789/789
f 789/789/789 826/826/826 827/827/827
f 789/789/789 827/827/827 790/790/790
f 790/790/790 827/827/827 828/828/828
f 790/790/790 828/828/828 791/791/791
f 791/791/791 828/828/828 829/829/829
f 791/791/791 829/829/829 792/792/792
f 792/792/792 829/829/829 830/830/830
f 792/792/792 830/830/830 793/793/793
f 793/793/793 830/830/830 831/831/831
f 793/793/793 831/831/831 794/794/794
f 794/794/794 831/831/831 832/832/832
f 794/794/794 832/832/832 795/795/795
f 795/795/795 832/832/832 833/833/833
f 795/795/795 833/833/833 796/796/796
f 796/796/796 833/833/833 834/834/834
f 796/796/796 834/834/834 797/797/797
f 797/797/797 834/834/834 835/835/835
f 797/797/797 835/835/835 798/798/798
f 798/798/798 835/835/835 836/836/836
f 798/798/798 836/836/836 799/799/799
f 799/799/799 836/836/836 837/837/837
f 799/799/799 837/837/837 800/800/800
f 800/800/800 837/837/837 838/838/838
f 800/800/800 838/838/838 801/801/801
f 801/801/801 838/838/838 839/839/839
f 801/801/801 839/839/839 802/802/802
f 802/802/802 839/839/839 840/840/840
f 802/802/802 840/840/840 803/803/803
f 803/803/803 840/840/840 841/841/841
f 803/803/803 841/841/841 804/804/804
f 804/804/804 841/841/841 842/842/842
f 804/804/804 842/842/842 805/805/805
f 805/805/805 842/842/842 843/843/843
f 805/805/805 843/843/843 806/806/806
f 806/806/806 843/843/843 844/844/844
f 806/806/806 844/844/844 807/807/807
f 807/807/807 844/844/844 845/845/845
f 807/807/807 845/845/845 808/808/808
f 808/808/808 845/845/845 846/846/846
f 808/808/808 846/846/846 809/809/809
f 809/809/809 846/846/846 847/847/847
f 809/809/809 847/847/847 810/810/810
f 810/810/810 847/847/847 848/848/848
f 810/810/810 848/848/848 811/811/811
f 811/811/811 848/848/848 849/849/849
f 811/811/811 849/849/849 812/812/812
f 812/812/812 849/849/849 850/850/850
f 812/812/812 850/850/850 813/813/813
f 813/813/813 850/850/850 851/851/851
f 813/813/813 851/851/851 814/814/814
f 815/815/815 852/852/852 853/853/853
f 815/815/815 853/853/853 816/816/816
f 816/816/816 853/853/853 854/854/854
f 816/816/816 854/854/854 817/817/817
f 817/817/817 854/854/854 855/855/855
f 817/817/817 855/855/855 818/818/818
f 818/818/818 855/855/855 856/856/856
f 818/818/818 856/856/856 819/819/819
f 819/819/819 856/856/856 857/857/857
f 819/819/819 857/857/857 820/820/820
f 820/820/820 857/857/857 858/858/858
f 820/820/820 858/858/858 821/821/821
f 821/821/821 858/858/858 859/859/859
f 821/821/821 859/859/859 822/822/822
f 822/822/822 859/859/859 860/860/860
f 822/822/822 860/860/860 823/823/823
f 823/823/823 860/860/860 861/861/861
f 823/823/823 861/861/861 824/824/824
f 824/824/824 861/861/861 862/862/862
f 824/824/824 862/862/862 825/825/825
f 825/825/825 862/862/862 863/863/863
f 825/825/825 863/863/863 826/826/826
f 826/826/826 863/863/863 864/864/864
f 826/826/826 864/864/864 827/827/827
f 827/827/827 864/864/864 865/865/865
f 827/827/827 865/865/865 828/828/828
f 828/828/828 865/865/865 866/866/866
f 828/828/828 866/866/866 829/829/829
f 829/829/829 866/866/866 867/867/867
f 829/829/829 867/867/867 830/830/830
f 830/830/830 867/867/867 868/868/868
f 830/830/830 868/868/868 831/831/831
f 831/831/831 868/868/868 869/869/869
f 831/831/831 869/869/869 832/832/832
f 832/832/832 869/869/869 870/870/870
f 832/832/832 870/870/870 833/833/833
f 833/833/833 870/870/870 871/871/871
f 833/833/833 871/871/871 834/834/834
f 834/834/834 871/871/871 872/872/872
f 834/834/834 872/872/872 835/835/835
f 835/835/835 872/872/872 873/873/873
f 835/835/835 873/873/873 836/836/836
f 836/836/836 873/873/873 874/874/874
f 836/836/836 874/874/874 837/837/837
f 837/837/837 874/874/874 875/875/875
f 837/837/837 875/875/875 838/838/838
f 838/838/838 875/875/875 876/876/876
f 838/838/838 876/876/876 839/839/839
f 839/839/839 876/876/876 877/877/877
f 839/839/839 877/877/877 840/840/840
f 840/840/840 877/877/877 878/878/878
f 840/840/840 878/878/878 841/841/841
f 841/841/841 878/878/878 879/879/879
f 841/841/841 879/879/879 842/842/842
f 842/842/842 879/879/879 880/880/880
f 842/842/842 880/880/880 843/843/843
f 843/843/843 880/880/880 881/881/881
f 843/843/843 881/881/881 844/844/844
f 844/844/844 881/881/881 882/882/882
f 844/844/844 882/882/882 845/845/845
f 845/845/845 882/882/882 883/883/883
f 845/845/845 883/883/883 846/846/846
f 846/846/846 883/883/883 884/884/884
f 846/846/846 884/884/884 847/847/847
f 847/847/847 884/884/884 885/885/885
f 847/847/847 885/885/885 848/848/848
f 848/848/848 885/885/885 886/886/886
f 848/848/848 886/886/886 849/849/849
f 849/849/849 886/886/886 887/887/887
f 849/849/849 887/887/887 850/850/850
f 850/850/850 887/887/887 888/888/888
f 850/850/850 888/888/888 851/851/851
f 852/852/852 889/889/889 890/890/890
f 852/852/852 890/890/890 853/853/853
f 853/853/853 890/890/890 891/891/891
f 853/853/853 891/891/891 854/854/854
f 854/854/854 891/891/891 892/892/892
f 854/854/854 892/892/892 855/855/855
f 855/855/855 892/892/892 893/893/893
f 855/855/855 893/893/893 856/856/856
f 856/856/856 893/893/893 894/894/894
f 856/856/856 894/894/894 857/857/857
f 857/857/857 894/894/894 895/895/895
f 857/857/857 895/895/895 858/858/858
f 858/858/858 895/895/895 896/896/896
f 858/858/858 896/896/896 859/859/859
f 859/859/859 896/896/896 897/897/897
f 859/859/859 897/897/897 860/860/860
f 860/860/860 897/897/897 898/898/898
f 860/860/860 898/898/898 861/861/861
f 861/861/861 898/898/898 899/899/899
f 861/861/861 899/899/899 862/862/862
f 862/862/862 899/899/899 900/900/900
f 862/862/862 900/900/900 863/863/863
f 863/863/863 900/900/900 901/901/901
f 863/863/863 901/901/901 864/864/864
f 864/864/864 901/901/901 902/902/902
f 864/864/864 902/902/902 865/865/865
f 865/865/865 902/902/902 903/903/903
f 865/865/865 903/903/903 866/866/866
f 866/866/866 903/903/903 904/904/904
f 866/866/866 904/904/904 867/867/867
f 867/867/867 904/904/904 905/905/905
f 867/867/867 905/905/905 868/868/868
f 868/868/868 905/905/905 906/906/906
f 868/868/868 906/906/906 869/869/869
f 869/869/869 906/906/906 907/907/907
f 869/869/869 907/907/907 870/870/870
f 870/870/870 907/907/907 908/908/908
f 870/870/870 908/908/908 871/871/871
f 871/871/871 908/908/908 909/909/909
f 871/871/871 909/909/909 872/872/872
f 872/872/872 909/909/909 910/910/910
f 872/872/872 910/910/910 873/873/873
f 873/873/873 910/910/910 911/911/911
f 873/873/873 911/911/911 874/874/874
f 874/874/874 911/911/911 912/912/912
f 874/874/874 912/912/912 875/875/875
f 875/875/875 912/912/912 913/913/913
f 875/875/875 913/913/913 876/876/876
f 876/876/876 913/913/913 914/914/914
f 876/876/876 914/914/914 877/877/877
f 877/877/877 914/914/914 915/915/915
f 877/877/877 915/915/915 878/878/878
f 878/878/878 915/915/915 916/916/916
f 878/878/878 916/916/916 879/879/879
f 879/879/879 916/916/916 917/917/917
f 879/879/879 917/917/917 880/880/880
f 880/880/880 917/917/917 918/918/918
f 880/880/880 918/918/918 881/881/881
f 881/881/881 918/918/918 919/919/919
f 881/881/881 919/919/919 882/882/882
f 882/882/882 919/919/919 920/920/920
f 882/882/882 920/920/920 883/883/883
f 883/883/883 920/920/920 921/921/921
f 883/883/883 921/921/921 884/884/884
f 884/884/884 921/921/921 922/922/922
f 884/884/884 922/922/922 885/885/885
f 885/885/885 922/922/922 923/923/923
f 885/885/885 923/923/923 886/886/886
f 886/886/886 923/923/923 924/924/924
f 886/886/886 924/924/924 887/887/887
f 887/887/887 924/924/924 925/925/925
f 887/887/887 925/925/925 888/888/888
f 889/889/889 926/926/926 927/927/927
f 889/889/889 927/927/927 890/890/890
f 890/890/890 927/927/927 928/928/928
f 890/890/890 928/928/928 891/891/891
f 891/891/891 928/928/928 929/929/929
f 891/891/891 929/929/929 892/892/892
f 892/892/892 929/929/929 930/930/930
f 892/892/892 930/930/930 893/893/893
f 893/893/893 930/930/930 931/931/931
f 893/893/893 931/931/931 894/894/894
f 894/894/894 931/931/931 932/932/932
f 894/894/894 932/932/932 895/895/895
f 895/895/895 932/932/932 933/933/933
f 895/895/895 933/933/933 896/896/896
f 896/896/896 933/933/933 934/934/934
f 896/896/896 934/934/934 897/897/897
f 897/897/897 934/934/934 935/935/935
f 897/897/897 935/935/935 898/898/898
f 898/898/898 935/935/935 936/936/936
f 898/898/898 936/936/936 899/899/899
f 899/899/899 936/936/936 937/937/937
f 899/899/899 937/937/937 900/900/900
f 900/900/900 937/937/937 938/938/938
f 900/900/900 938/938/938 901/901/901
f 901/901/901 938/938/938 939/939/939
f 901/901/901 939/939/939 902/902/902
f 902/902/902 939/939/939 940/940/940
f 902/902/902 940/940/940 903/903/903
f 903/903/903 940/940/940 941/941/941
f 903/903/903 941/941/941 904/904/904
f 904/904/904 941/941/941 942/942/942
f 904/904/904 942/942/942 905/905/905
f 905/905/905 942/942/942 943/943/943
f 905/905/905 943/943/943 906/906/906
f 906/906/906 943/943/943 944/944/944
f 906/906/906 944/944/944 907/907/907
f 907/907/907 944/944/944 945/945/945
f 907/907/907 945/945/945 908/908/908
f 908/908/908 945/945/945 946/946/946
f 908/908/908 946/946/946 909/909/909
f 909/909/909 946/946/946 947/947/947
f 909/909/909 947/947/947 910/910/910
f 910/910/910 947/947/947 948/948/948
f 910/910/910 948/948/948 911/911/911
f 911/911/911 948/948/948 949/949/949
f 911/911/911 949/949/949 912/912/912
f 912/912/912 949/949/949 950/950/950
f 912/912/912 950/950/950 913/913/913
f 913/913/913 950/950/950 951/951/951
f 913/913/913 951/951/951 914/914/914
f 914/914/914 951/951/951 952/952/952
f 914/914/914 952/952/952 915/915/915
f 915/915/915 952/952/952 953/953/953
f 915/915/915 953/953/953 916/916/916
f 916/916/916 953/953/953 954/954/954
f 916/916/916 954/954/954 917/917/917
f 917/917/917 954/954/954 955/955/955
f 917/917/917 955/955/955 918/918/918
f 918/918/918 955/955/955 956/956/956
f 918/918/918 956/956/956 919/919/919
f 919/919/919 956/956/956 957/957/957
f 919/919/919 957/957/957 920/920/920
f 920/920/920 957/957/957 958/958/958
f 920/920/920 958/958/958 921/921/921
f 921/921/921 958/958/958 959/959/959
f 921/921/921 959/959/959 922/922/922
f 922/922/922 959/959/959 960/960/960
f 922/922/922 960/960/960 923/923/923
f 923/923/923 960/960/960 961/961/961
f 923/923/923 961/961/961 924/924/924
f 924/924/924 961/961/961 962/962/962
f 924/924/924 962/962/962 925/925/925
f 926/926/926 963/963/963 964/964/964
f 926/926/926 964/964/964 927/927/927
f 927/927/927 964/964/964 965/965/965
f 927/927/927 965/965/965 928/928/928
f 928/928/928 965/965/965 966/966/966
f 928/928/928 966/966/966 929/929/929
f 929/929/929 966/966/966 967/967/967
f 929/929/929 967/967/967 930/930/930
f 930/930/930 967/967/967 968/968/968
f 930/930/930 968/968/968 931/931/931
f 931/931/931 968/968/968 969/969/969
f 931/931/931 969/969/969 932/932/932
f 932/932/932 969/969/969 970/970/970
f 932/932/932 970/970/970 933/933/933
f 933/933/933 970/970/970 971/971/971
f 933/933/933 971/971/971 934/934/934
f 934/934/934 971/971/971 972/972/972
f 934/934/934 972/972/972 935/935/935
f 935/935/935 972/972/972 973/973/973
f 935/935/935 973/973/973 936/936/936
f 936/936/936 973/973/973 974/974/974
f 936/936/936 974/974/974 937/937/937
f 937/937/937 974/974/974 975/975/975
f 937/937/937 975/975/975 938/938/938
f 938/938/938 975/975/975 976/976/976
f 938/938/938 976/976/976 939/939/939
f 939/939/939 976/976/976 977/977/977
f 939/939/939 977/977/977 940/940/940
f 940/940/940 977/977/977 978/978/978
f 940/940/940 978/978/978 941/941/941
f 941/941/941 978/978/978 979/979/979
f 941/941/941 979/979/979 942/942/942
f 942/942/942 979/979/979 980/980/980
f 942/942/942 980/980/980 943/943/943
f 943/943/943 980/980/980 981/981/981
f 943/943/943 981/981/981 944/944/944
f 944/944/944 981/981/981 982/982/982
f 944/944/944 982/982/982 945/945/945
f 945/945/945 982/982/982 983/983/983
f 945/945/945 983/983/983 946/946/946
f 946/946/946 983/983/983 984/984/984
f 946/946/946 984/984/984 947/947/947
f 947/947/947 984/984/984 985/985/985
f 947/947/947 985/985/985 948/948/948
f 948/948/948 985/985/985 986/986/986
f 948/948/948 986/986/986 949/949/949
f 949/949/949 986/986/986 987/987/987
f 949/949/949 987/987/987 950/950/950
f 950/950/950 987/987/987 988/988/988
f 950/950/950 988/988/988 951/951/951
f 951/951/951 988/988/988 989/989/989
f 951/951/951 989/989/989 952/952/952
f 952/952/952 989/989/989 990/990/990
f 952/952/952 990/990/990 953/953/953
f 953/953/953 990/990/990 991/991/991
f 953/953/953 991/991/991 954/954/954
f 954/954/954 991/991/991 992/992/992
f 954/954/954 992/992/992 955/955/955
f 955/955/955 992/992/992 993/993/993
f 955/955/955 993/993/993 956/956/956
f 956/956/956 993/993/993 994/994/994
f 956/956/956 994/994/994 957/957/957
f 957/957/957 994/994/994 995/995/995
f 957/957/957 995/995/995 958/958/958
f 958/958/958 995/995/995 996/996/996
f 958/958/958 996/996/996 959/959/959
f 959/959/959 996/996/996 997/997/997
f 959/959/959 997/997/997 960/960/960
f 960/960/960 997/997/997 998/998/998
f 960/960/960 998/998/998 961/961/961
f 961/961/961 998/998/998 999/999/999
f 961/961/961 999/999/999 962/962/962
f 963/963/963 1000/1000/1000 1001/1001/1001
f 963/963/963 1001/1001/1001 964/964/964
f 964/964/964 1001/1001/1001 1002/1002/1002
f 964/964/964 1002/1002/1002 965/965/965
f 965/965/965 1002/1002/1002 1003/1003/1003
f 965/965/965 1003/1003/1003 966/966/966
f 966/966/966 1003/1003/1003 1004/1004/1004
f 966/966/966 1004/1004/1004 967/967/967
f 967/967/967 1004/1004/1004 1005/1005/1005
f 967/967/967 1005/1005/1005 968/968/968
f 968/968/968 1005/1005/1005 1006/1006/1006
f 968/968/968 1006/1006/1006 969/969/969
f 969/969/969 1006/1006/1006 1007/1007/1007
f 969/969/969 1007/1007/1007 970/970/970
f 970/970/970 1007/1007/1007 1008/1008/1008
f 970/970/970 1008/1008/1008 971/971/971
f 971/971/971 1008/1008/1008 1009/1009/1009
f 971/971/971 1009/1009/1009 972/972/972
f 972/972/972 1009/1009/1009 1010/1010/1010
f 972/972/972 1010/1010/1010 973/973/973
f 973/973/973 1010/1010/1010 1011/1011/1011
f 973/973/973 1011/1011/1011 974/974/974
f 974/974/974 1011/1011/1011 1012/1012/1012
f 974/974/974 1012/1012/1012 975/975/975
f 975/975/975 1012/1012/1012 1013/1013/1013
f 975/975/975 1013/1013/1013 976/976/976
f 976/976/976 1013/1013/1013 1014/1014/1014
f 976/976/976 1014/1014/1014 977/977/977
f 977/977/977 1014/1014/1014 1015/1015/1015
f 977/977/977 1015/1015/1015 978/978/978
f 978/978/978 1015/1015/1015 1016/1016/1016
f 978/978/978 1016/1016/1016 979/979/979
f 979/979/979 1016/1016/1016 1017/1017/1017
f 979/979/979 1017/1017/1017 980/980/980
f 980/980/980 1017/1017/1017 1018/1018/1018
f 980/980/980 1018/1018/1018 981/981/981
f 981/981/981 1018/1018/1018 1019/1019/1019
f 981/981/981 1019/1019/1019 982/982/982
f 982/982/982 1019/1019/1019 1020/1020/1020
f 982/982/982 1020/1020/1020 983/983/983
f 983/983/983 1020/1020/1020 1021/1021/1021
f 983/983/983 1021/1021/1021 984/984/984
f 984/984/984 1021/1021/1021 1022/1022/1022
f 984/984/984 1022/1022/1022 985/985/985
f 985/985/985 1022/1022/1022 1023/1023/1023
f 985/985/985 1023/1023/1023 986/986/986
f 986/986/986 1023/1023/1023 1024/1024/1024
f 986/986/986 1024/1024/1024 987/987/987
f 987/987/987 1024/1024/1024 1025/1025/1025
f 987/987/987 1025/1025/1025 988/988/988
f 988/988/988 1025/1025/1025 1026/1026/1026
f 988/988/988 1026/1026/1026 989/989/989
f 989/989/989 1026/1026/1026 1027/1027/1027
f 989/989/989 1027/1027/1027 990/990/990
f 990/990/990 1027/1027/1027 1028/1028/1028
f 990/990/990 1028/1028/1028 991/991/991
f 991/991/991 1028/1028/1028 1029/1029/1029
f 991/991/991 1029/1029/1029 992/992/992
f 992/992/992 1029/1029/1029 1030/1030/1030
f 992/992/992 1030/1030/1030 993/993/993
f 993/993/993 1030/1030/1030 1031/1031/1031
f 993/993/993 1031/1031/1031 994/994/994
f 994/994/994 1031/1031/1031 1032/1032/1032
f 994/994/994 1032/1032/1032 995/995/995
f 995/995/995 1032/1032/1032 1033/1033/1033
f 995/995/995 1033/1033/1033 996/996/996
f 996/996/996 1033/1033/1033 1034/1034/1034
f 996/996/996 1034/1034/1034 997/997/997
f 997/997/997 1034/1034/1034 1035/1035/1035
f 997/997/997 1035/1035/1035 998/998/998
f 998/998/998 1035/1035/1035 1036/1036/1036
f 998/998/998 1036/1036/1036 999/999/999
f 1000/1000/1000 1037/1037/1037 1038/1038/1038
f 1000/1000/1000 1038/1038/1038 1001/1001/1001
f 1001/1001/1001 1038/1038/1038 1039/1039/1039
f 1001/1001/1001 1039/1039/1039 1002/1002/1002
f 1002/1002/1002 1039/1039/1039 1040/1040/1040
f 1002/1002/1002 1040/1040/1040 1003/1003/1003
f 1003/1003/1003 1040/1040/1040 1041/1041/1041
f 1003/1003/1003 1041/1041/1041 1004/1004/1004
f 1004/1004/1004 1041/1041/1041 1042/1042/1042
f 1004/1004/1004 1042/1042/1042 1005/1005/1005
f 1005/1005/1005 1042/1042/1042 1043/1043/1043
f 1005/1005/1005 1043/1043/1043 1006/1006/1006
f 1006/1006/1006 1043/1043/1043 1044/1044/1044
f 1006/1006/1006 1044/1044/1044 1007/1007/1007
f 1007/1007/1007 1044/1044/1044 1045/1045/1045
f 1007/1007/1007 1045/1045/1045 1008/1008/1008
f 1008/1008/1008 1045/1045/1045 1046/1046/1046
f 1008/1008/1008 1046/1046/1046 1009/1009/1009
f 1009/1009/1009 1046/1046/1046 1047/1047/1047
f 1009/1009/1009 1047/1047/1047 1010/1010/1010
f 1010/1010/1010 1047/1047/1047 1048/1048/1048
f 1010/1010/1010 1048/1048/1048 1011/1011/1011
f 1011/1011/1011 1048/1048/1048 1049/1049/1049
f 1011/1011/1011 1049/1049/1049 1012/1012/1012
f 1012/1012/1012 1049/1049/1049 1050/1050/1050
f 1012/1012/1012 1050/1050/1050 1013/1013/1013
f 1013/1013/1013 1050/1050/1050 1051/1051/1051
f 1013/1013/1013 1051/1051/1051 1014/1014/1014
f 1014/1014/1014 1051/1051/1051 1052/1052/1052
f 1014/1014/1014 1052/1052/1052 1015/1015/1015
f 1015/1015/1015 1052/1052/1052 1053/1053/1053
f 1015/1015/1015 1053/1053/1053 1016/1016/1016
f 1016/1016/1016 1053/1053/1053 1054/1054/1054
f 1016/1016/1016 1054/1054/1054 1017/1017/1017
f 1017/1017/1017 1054/1054/1054 1055/1055/1055
f 1017/1017/1017 1055/1055/1055 1018/1018/1018
f 1018/1018/1018 1055/1055/1055 1056/1056/1056
f 1018/1018/1018 1056/1056/1056 1019/1019/1019
f 1019/1019/1019 1056/1056/1056 1057/1057/1057
f 1019/1019/1019 1057/1057/1057 1020/1020/1020
f 1020/1020/1020 1057/1057/1057 1058/1058/1058
f 1020/1020/1020 1058/1058/1058 1021/1021/1021
f 1021/1021/1021 1058/1058/1058 1059/1059/1059
f 1021/1021/1021 1059/1059/1059 1022/1022/1022
f 1022/1022/1022 1059/1059/1059 1060/1060/1060
f 1022/1022/1022 1060/1060/1060 1023/1023/1023
f 1023/1023/1023 1060/1060/1060 1061/1061/1061
f 1023/1023/1023 1061/1061/1061 1024/1024/1024
f 1024/1024/1024 1061/1061/1061 1062/1062/1062
f 1024/1024/1024 1062/1062/1062 1025/1025/1025
f 1025/1025/1025 1062/1062/1062 1063/1063/1063
f 1025/1025/1025 1063/1063/1063 1026/1026/1026
f 1026/1026/1026 1063/1063/1063 1064/1064/1064
f 1026/1026/1026 1064/1064/1064 1027/1027/1027
f 1027/1027/1027 1064/1064/1064 1065/1065/1065
f 1027/1027/1027 1065/1065/1065 1028/1028/1028
f 1028/1028/1028 1065/1065/1065 1066/1066/1066
f 1028/1028/1028 1066/1066/1066 1029/1029/1029
f 1029/1029/1029 1066/1066/1066 1067/1067/1067
f 1029/1029/1029 1067/1067/1067 1030/1030/1030
f 1030/1030/1030 1067/1067/1067 1068/1068/1068
f 1030/1030/1030 1068/1068/1068 1031/1031/1031
f 1031/1031/1031 1068/1068/1068 1069/1069/1069
f 1031/1031/1031 1069/1069/1069 1032/1032/1032
f 1032/1032/1032 1069/1069/1069 1070/1070/1070
f 1032/1032/1032 1070/1070/1070 1033/1033/1033
f 1033/1033/1033 1070/1070/1070 1071/1071/1071
f 1033/1033/1033 1071/1071/1071 1034/1034/1034
f 1034/1034/1034 1071/1071/1071 1072/1072/1072
f 1034/1034/1034 1072/1072/1072 1035/1035/1035
f 1035/1035/1035 1072/1072/1072 1073/1073/1073
f 1035/1035/1035 1073/1073/1073 1036/1036/1036
f 1037/1037/1037 1074/1074/1074 1075/1075/1075
f 1037/1037/1037 1075/1075/1075 1038/1038/1038
f 1038/1038/1038 1075/1075/1075 1076/1076/1076
f 1038/1038/1038 1076/1076/1076 1039/1039/1039
f 1039/1039/1039 1076/1076/1076 1077/1077/1077
f 1039/1039/1039 1077/1077/1077 1040/1040/1040
f 1040/1040/1040 1077/1077/1077 1078/1078/1078
f 1040/1040/1040 1078/1078/1078 1041/1041/1041
f 1041/1041/1041 1078/1078/1078 1079/1079/1079
f 1041/1041/1041 1079/1079/1079 1042/1042/1042
f 1042/1042/1042 1079/1079/1079 1080/1080/1080
f 1042/1042/1042 1080/1080/1080 1043/1043/1043
f 1043/1043/1043 1080/1080/1080 1081/1081/1081
f 1043/1043/1043 1081/1081/1081 1044/1044/1044
f 1044/1044/1044 1081/1081/1081 1082/1082/1082
f 1044/1044/1044 1082/1082/1082 1045/1045/1045
f 1045/1045/1045 1082/1082/1082 1083/1083/1083
f 1045/1045/1045 1083/1083/1083 1046/1046/1046
f 1046/1046/1046 1083/1083/1083 1084/1084/1084
f 1046/1046/1046 1084/1084/1084 1047/1047/1047
f 1047/1047/1047 1084/1084/1084 1085/1085/1085
f 1047/1047/1047 1085/1085/1085 1048/1048/1048
f 1048/1048/1048 1085/1085/1085 1086/1086/1086
f 1048/1048/1048 1086/1086/1086 1049/1049/1049
f 1049/1049/1049 1086/1086/1086 1087/1087/1087
f 1049/1049/1049 1087/1087/1087 1050/1050/1050
f 1050/1050/1050 1087/1087/1087 1088/1088/1088
f 1050/1050/1050 1088/1088/1088 1051/1051/1051
f 1051/1051/1051 1088/1088/1088 1089/1089/1089
f 1051/1051/1051 1089/1089/1089 1052/1052/1052
f 1052/1052/1052 1089/1089/1089 1090/1090/1090
f 1052/1052/1052 1090/1090/1090 1053/1053/1053
f 1053/1053/1053 1090/1090/1090 1091/1091/1091
f 1053/1053/1053 1091/1091/1091 1054/1054/1054
f 1054/1054/1054 1091/1091/1091 1092/1092/1092
f 1054/1054/1054 1092/1092/1092 1055/1055/1055
f 1055/1055/1055 1092/1092/1092 1093/1093/1093
f 1055/1055/1055 1093/1093/1093 1056/1056/1056
f 1056/1056/1056 1093/1093/1093 1094/1094/1094
f 1056/1056/1056 1094/1094/1094 1057/1057/1057
f 1057/1057/1057 1094/1094/1094 1095/1095/1095
f 1057/1057/1057 1095/1095/1095 1058/1058/1058
f 1058/1058/1058 1095/1095/1095 1096/1096/1096
f 1058/1058/1058 1096/1096/1096 1059/1059/1059
f 1059/1059/1059 1096/1096/1096 1097/1097/1097
f 1059/1059/1059 1097/1097/1097 1060/1060/1060
f 1060/1060/1060 1097/1097/1097 1098/1098/1098
f 1060/1060/1060 1098/1098/1098 1061/1061/1061
f 1061/1061/1061 1098/1098/1098 1099/1099/1099
f 1061/1061/1061 1099/1099/1099 1062/1062/1062
f 1062/1062/1062 1099/1099/1099 1100/1100/1100
f 1062/1062/1062 1100/1100/1100 1063/1063/1063
f 1063/1063/1063 1100/1100/1100 1101/1101/1101
f 1063/1063/1063 1101/1101/1101 1064/1064/1064
f 1064/1064/1064 1101/1101/1101 1102/1102/1102
f 1064/1064/1064 1102/1102/1102 1065/1065/1065
f 1065/1065/1065 1102/1102/1102 1103/1103/1103
f 1065/1065/1065 1103/1103/1103 1066/1066/1066
f 1066/1066/1066 1103/1103/1103 1104/1104/1104
f 1066/1066/1066 1104/1104/1104 1067/1067/1067
f 1067/1067/1067 1104/1104/1104 1105/1105/1105
f 1067/1067/1067 1105/1105/1105 1068/1068/1068
f 1068/1068/1068 1105/1105/1105 1106/1106/1106
f 1068/1068/1068 1106/1106/1106 1069/1069/1069
f 1069/1069/1069 1106/1106/1106 1107/1107/1107
f 1069/1069/1069 1107/1107/1107 1070/1070/1070
f 1070/1070/1070 1107/1107/1107 1108/1108/1108
f 1070/1070/1070 1108/1108/1108 1071/1071/1071
f 1071/1071/1071 1108/1108/1108 1109/1109/1109
f 1071/1071/1071 1109/1109/1109 1072/1072/1072
f 1072/1072/1072 1109/1109/1109 1110/1110/1110
f 1072/1072/1072 1110/1110/1110 1073/1073/1073
f 1074/1074/1074 1111/1111/1111 1112/1112/1112
f 1074/1074/1074 1112/1112/1112 1075/1075/1075
f 1075/1075/1075 1112/1112/1112 1113/1113/1113
f 1075/1075/1075 1113/1113/1113 1076/1076/1076
f 1076/1076/1076 1113/1113/1113 1114/1114/1114
f 1076/1076/1076 1114/1114/1114 1077/1077/1077
f 1077/1077/1077 1114/1114/1114 1115/1115/1115
f 1077/1077/1077 1115/1115/1115 1078/1078/1078
f 1078/1078/1078 1115/1115/1115 1116/1116/1116
f 1078/1078/1078 1116/1116/1116 1079/1079/1079
f 1079/1079/1079 1116/1116/1116 1117/1117/1117
f 1079/1079/1079 1117/1117/1117 1080/1080/1080
f 1080/1080/1080 1117/1117/1117 1118/1118/1118
f 1080/1080/1080 1118/1118/1118 1081/1081/1081
f 1081/1081/1081 1118/1118/1118 1119/1119/1119
f 1081/1081/1081 1119/1119/1119 1082/1082/1082
f 1082/1082/1082 1119/1119/1119 1120/1120/1120
f 1082/1082/1082 1120/1120/1120 1083/1083/1083
f 1083/1083/1083 1120/1120/1120 1121/1121/1121
f 1083/1083/1083 1121/1121/1121 1084/1084/1084
f 1084/1084/1084 1121/1121/1121 1122/1122/1122
f 1084/1084/1084 1122/1122/1122 1085/1085/1085
f 1085/1085/1085 1122/1122/1122 1123/1123/1123
f 1085/1085/1085 1123/1123/1123 1086/1086/1086
f 1086/1086/1086 1123/1123/1123 1124/1124/1124
f 1086/1086/1086 1124/1124/1124 1087/1087/1087
f 1087/1087/1087 1124/1124/1124 1125/1125/1125
f 1087/1087/1087 1125/1125/1125 1088/1088/1088
f 1088/1088/1088 1125/1125/1125 1126/1126/1126
f 1088/1088/1088 1126/1126/1126 1089/1089/1089
f 1089/1089/1089 1126/1126/1126 1127/1127/1127
f 1089/1089/1089 1127/1127/1127 1090/1090/1090
f 1090/1090/1090 1127/1127/1127 1128/1128/1128
f 1090/1090/1090 1128/1128/1128 1091/1091/1091
f 1091/1091/1091 1128/1128/1128 1129/1129/1129
f 1091/1091/1091 1129/1129/1129 1092/1092/1092
f 1092/1092/1092 1129/1129/1129 1130/1130/1130
f 1092/1092/1092 1130/1130/1130 1093/1093/1093
f 1093/1093/1093 1130/1130/1130 1131/1131/1131
f 1093/1093/1093 1131/1131/1131 1094/1094/1094
f 1094/1094/1094 1131/1131/1131 1132/1132/1132
f 1094/1094/1094 1132/1132/1132 1095/1095/1095
f 1095/1095/1095 1132/1132/1132 1133/1133/1133
f 1095/1095/1095 1133/1133/1133 1096/1096/1096
f 1096/1096/1096 1133/1133/1133 1134/1134/1134
f 1096/1096/1096 1134/1134/1134 1097/1097/1097
f 1097/1097/1097 1134/1134/1134 1135/1135/1135
f 1097/1097/1097 1135/1135/1135 1098/1098/1098
f 1098/1098/1098 1135/1135/1135 1136/1136/1136
f 1098/1098/1098 1136/1136/1136 1099/1099/1099
f 1099/1099/1099 1136/1136/1136 1137/1137/1137
f 1099/1099/1099 1137/1137/1137 1100/1100/1100
f 1100/1100/1100 1137/1137/1137 1138/1138/1138
f 1100/1100/1100 1138/1138/1138 1101/1101/1101
f 1101/1101/1101 1138/1138/1138 1139/1139/1139
f 1101/1101/1101 1139/1139/1139 1102/1102/1102
f 1102/1102/1102 1139/1139/1139 1140/1140/1140
f 1102/1102/1102 1140/1140/1140 1103/1103/1103
f 1103/1103/1103 1140/1140/1140 1141/1141/1141
f 1103/1103/1103 1141/1141/1141 1104/1104/1104
f 1104/1104/1104 1141/1141/1141 1142/1142/1142
f 1104/1104/1104 1142/1142/1142 1105/1105/1105
f 1105/1105/1105 1142/1142/1142 1143/1143/1143
f 1105/1105/1105 1143/1143/1143 1106/1106/1106
f 1106/1106/1106 1143/1143/1143 1144/1144/1144
f 1106/1106/1106 1144/1144/1144 1107/1107/1107
f 1107/1107/1107 1144/1144/1144 1145/1145/1145
f 1107/1107/1107 1145/1145/1145 1108/1108/1108
f 1108/1108/1108 1145/1145/1145 1146/1146/1146
f 1108/1108/1108 1146/1146/1146 1109/1109/1109
f 1109/1109/1109 1146/1146/1146 1147/1147/1147
f 1109/1109/1109 1147/1147/1147 1110/1110/1110
