# procedural asset
v 0.02000 1.95500 -0.10000
v 0.04503 1.95432 -0.10000
v 0.06944 1.95231 -0.10000
v 0.09264 1.94901 -0.10000
v 0.11405 1.94450 -0.10000
v 0.13314 1.93889 -0.10000
v 0.14944 1.93233 -0.10000
v 0.16256 1.92497 -0.10000
v 0.17217 1.91700 -0.10000
v 0.17803 1.90860 -0.10000
v 0.18000 1.90000 -0.10000
v 0.17803 1.89140 -0.10000
v 0.17217 1.88300 -0.10000
v 0.16256 1.87503 -0.10000
v 0.14944 1.86767 -0.10000
v 0.13314 1.86111 -0.10000
v 0.11405 1.85550 -0.10000
v 0.09264 1.85099 -0.10000
v 0.06944 1.84769 -0.10000
v 0.04503 1.84568 -0.10000
v 0.02000 1.84500 -0.10000
v 0.02000 1.95500 -0.10000
v 0.04448 1.95432 -0.09480
v 0.06836 1.95231 -0.08972
v 0.09105 1.94901 -0.08490
v 0.11199 1.94450 -0.08045
v 0.13066 1.93889 -0.07648
v 0.14661 1.93233 -0.07309
v 0.15945 1.92497 -0.07036
v 0.16884 1.91700 -0.06836
v 0.17458 1.90860 -0.06714
v 0.17650 1.90000 -0.06673
v 0.17458 1.89140 -0.06714
v 0.16884 1.88300 -0.06836
v 0.15945 1.87503 -0.07036
v 0.14661 1.86767 -0.07309
v 0.13066 1.86111 -0.07648
v 0.11199 1.85550 -0.08045
v 0.09105 1.85099 -0.08490
v 0.06836 1.84769 -0.08972
v 0.04448 1.84568 -0.09480
v 0.02000 1.84500 -0.10000
v 0.02000 1.95500 -0.10000
v 0.04287 1.95432 -0.08982
v 0.06517 1.95231 -0.07989
v 0.08636 1.94901 -0.07046
v 0.10591 1.94450 -0.06175
v 0.12336 1.93889 -0.05398
v 0.13825 1.93233 -0.04735
v 0.15024 1.92497 -0.04202
v 0.15901 1.91700 -0.03811
v 0.16437 1.90860 -0.03572
v 0.16617 1.90000 -0.03492
v 0.16437 1.89140 -0.03572
v 0.15901 1.88300 -0.03811
v 0.15024 1.87503 -0.04202
v 0.13825 1.86767 -0.04735
v 0.12336 1.86111 -0.05398
v 0.10591 1.85550 -0.06175
v 0.08636 1.85099 -0.07046
v 0.06517 1.84769 -0.07989
v 0.04287 1.84568 -0.08982
v 0.02000 1.84500 -0.10000
v 0.02000 1.95500 -0.10000
v 0.04025 1.95432 -0.08529
v 0.06000 1.95231 -0.07094
v 0.07877 1.94901 -0.05730
v 0.09608 1.94450 -0.04472
v 0.11153 1.93889 -0.03350
v 0.12472 1.93233 -0.02392
v 0.13533 1.92497 -0.01620
v 0.14311 1.91700 -0.01056
v 0.14785 1.90860 -0.00711
v 0.14944 1.90000 -0.00595
v 0.14785 1.89140 -0.00711
v 0.14311 1.88300 -0.01056
v 0.13533 1.87503 -0.01620
v 0.12472 1.86767 -0.02392
v 0.11153 1.86111 -0.03350
v 0.09608 1.85550 -0.04472
v 0.07877 1.85099 -0.05730
v 0.06000 1.84769 -0.07094
v 0.04025 1.84568 -0.08529
v 0.02000 1.84500 -0.10000
v 0.02000 1.95500 -0.10000
v 0.03675 1.95432 -0.08140
v 0.05308 1.95231 -0.06326
v 0.06860 1.94901 -0.04602
v 0.08293 1.94450 -0.03011
v 0.09570 1.93889 -0.01592
v 0.10661 1.93233 -0.00381
v 0.11539 1.92497 0.00594
v 0.12182 1.91700 0.01308
v 0.12574 1.90860 0.01744
v 0.12706 1.90000 0.01890
v 0.12574 1.89140 0.01744
v 0.12182 1.88300 0.01308
v 0.11539 1.87503 0.00594
v 0.10661 1.86767 -0.00381
v 0.09570 1.86111 -0.01592
v 0.08293 1.85550 -0.03011
v 0.06860 1.85099 -0.04602
v 0.05308 1.84769 -0.06326
v 0.03675 1.84568 -0.08140
v 0.02000 1.84500 -0.10000
v 0.02000 1.95500 -0.10000
v 0.03251 1.95432 -0.07832
v 0.04472 1.95231 -0.05718
v 0.05632 1.94901 -0.03709
v 0.06702 1.94450 -0.01855
v 0.07657 1.93889 -0.00202
v 0.08472 1.93233 0.01210
v 0.09128 1.92497 0.02346
v 0.09608 1.91700 0.03178
v 0.09902 1.90860 0.03686
v 0.10000 1.90000 0.03856
v 0.09902 1.89140 0.03686
v 0.09608 1.88300 0.03178
v 0.09128 1.87503 0.02346
v 0.08472 1.86767 0.01210
v 0.07657 1.86111 -0.00202
v 0.06702 1.85550 -0.01855
v 0.05632 1.85099 -0.03709
v 0.04472 1.84769 -0.05718
v 0.03251 1.84568 -0.07832
v 0.02000 1.84500 -0.10000
v 0.02000 1.95500 -0.10000
v 0.02773 1.95432 -0.07620
v 0.03528 1.95231 -0.05298
v 0.04245 1.94901 -0.03092
v 0.04906 1.94450 -0.01056
v 0.05496 1.93889 0.00760
v 0.06000 1.93233 0.02311
v 0.06405 1.92497 0.03558
v 0.06702 1.91700 0.04472
v 0.06883 1.90860 0.05030
v 0.06944 1.90000 0.05217
v 0.06883 1.89140 0.05030
v 0.06702 1.88300 0.04472
v 0.06405 1.87503 0.03558
v 0.06000 1.86767 0.02311
v 0.05496 1.86111 0.00760
v 0.04906 1.85550 -0.01056
v 0.04245 1.85099 -0.03092
v 0.03528 1.84769 -0.05298
v 0.02773 1.84568 -0.07620
v 0.02000 1.84500 -0.10000
v 0.02000 1.95500 -0.10000
v 0.02262 1.95432 -0.07511
v 0.02517 1.95231 -0.05083
v 0.02759 1.94901 -0.02776
v 0.02983 1.94450 -0.00647
v 0.03183 1.93889 0.01252
v 0.03353 1.93233 0.02873
v 0.03490 1.92497 0.04178
v 0.03591 1.91700 0.05134
v 0.03652 1.90860 0.05716
v 0.03672 1.90000 0.05912
v 0.03652 1.89140 0.05716
v 0.03591 1.88300 0.05134
v 0.03490 1.87503 0.04178
v 0.03353 1.86767 0.02873
v 0.03183 1.86111 0.01252
v 0.02983 1.85550 -0.00647
v 0.02759 1.85099 -0.02776
v 0.02517 1.84769 -0.05083
v 0.02262 1.84568 -0.07511
v 0.02000 1.84500 -0.10000
v 0.02000 1.95500 -0.10000
v 0.01738 1.95432 -0.07511
v 0.01483 1.95231 -0.05083
v 0.01241 1.94901 -0.02776
v 0.01017 1.94450 -0.00647
v 0.00817 1.93889 0.01252
v 0.00647 1.93233 0.02873
v 0.00510 1.92497 0.04178
v 0.00409 1.91700 0.05134
v 0.00348 1.90860 0.05716
v 0.00328 1.90000 0.05912
v 0.00348 1.89140 0.05716
v 0.00409 1.88300 0.05134
v 0.00510 1.87503 0.04178
v 0.00647 1.86767 0.02873
v 0.00817 1.86111 0.01252
v 0.01017 1.85550 -0.00647
v 0.01241 1.85099 -0.02776
v 0.01483 1.84769 -0.05083
v 0.01738 1.84568 -0.07511
v 0.02000 1.84500 -0.10000
v 0.02000 1.95500 -0.10000
v 0.01227 1.95432 -0.07620
v 0.00472 1.95231 -0.05298
v -0.00245 1.94901 -0.03092
v -0.00906 1.94450 -0.01056
v -0.01496 1.93889 0.00760
v -0.02000 1.93233 0.02311
v -0.02405 1.92497 0.03558
v -0.02702 1.91700 0.04472
v -0.02883 1.90860 0.05030
v -0.02944 1.90000 0.05217
v -0.02883 1.89140 0.05030
v -0.02702 1.88300 0.04472
v -0.02405 1.87503 0.03558
v -0.02000 1.86767 0.02311
v -0.01496 1.86111 0.00760
v -0.00906 1.85550 -0.01056
v -0.00245 1.85099 -0.03092
v 0.00472 1.84769 -0.05298
v 0.01227 1.84568 -0.07620
v 0.02000 1.84500 -0.10000
v 0.02000 1.95500 -0.10000
v 0.00749 1.95432 -0.07832
v -0.00472 1.95231 -0.05718
v -0.01632 1.94901 -0.03709
v -0.02702 1.94450 -0.01855
v -0.03657 1.93889 -0.00202
v -0.04472 1.93233 0.01210
v -0.05128 1.92497 0.02346
v -0.05608 1.91700 0.03178
v -0.05902 1.90860 0.03686
v -0.06000 1.90000 0.03856
v -0.05902 1.89140 0.03686
v -0.05608 1.88300 0.03178
v -0.05128 1.87503 0.02346
v -0.04472 1.86767 0.01210
v -0.03657 1.86111 -0.00202
v -0.02702 1.85550 -0.01855
v -0.01632 1.85099 -0.03709
v -0.00472 1.84769 -0.05718
v 0.00749 1.84568 -0.07832
v 0.02000 1.84500 -0.10000
v 0.02000 1.95500 -0.10000
v 0.00325 1.95432 -0.08140
v -0.01308 1.95231 -0.06326
v -0.02860 1.94901 -0.04602
v -0.04293 1.94450 -0.03011
v -0.05570 1.93889 -0.01592
v -0.06661 1.93233 -0.00381
v -0.07539 1.92497 0.00594
v -0.08182 1.91700 0.01308
v -0.08574 1.90860 0.01744
v -0.08706 1.90000 0.01890
v -0.08574 1.89140 0.01744
v -0.08182 1.88300 0.01308
v -0.07539 1.87503 0.00594
v -0.06661 1.86767 -0.00381
v -0.05570 1.86111 -0.01592
v -0.04293 1.85550 -0.03011
v -0.02860 1.85099 -0.04602
v -0.01308 1.84769 -0.06326
v 0.00325 1.84568 -0.08140
v 0.02000 1.84500 -0.10000
v 0.02000 1.95500 -0.10000
v -0.00025 1.95432 -0.08529
v -0.02000 1.95231 -0.07094
v -0.03877 1.94901 -0.05730
v -0.05608 1.94450 -0.04472
v -0.07153 1.93889 -0.03350
v -0.08472 1.93233 -0.02392
v -0.09533 1.92497 -0.01620
v -0.10311 1.91700 -0.01056
v -0.10785 1.90860 -0.00711
v -0.10944 1.90000 -0.00595
v -0.10785 1.89140 -0.00711
v -0.10311 1.88300 -0.01056
v -0.09533 1.87503 -0.01620
v -0.08472 1.86767 -0.02392
v -0.07153 1.86111 -0.03350
v -0.05608 1.85550 -0.04472
v -0.03877 1.85099 -0.05730
v -0.02000 1.84769 -0.07094
v -0.00025 1.84568 -0.08529
v 0.02000 1.84500 -0.10000
v 0.02000 1.95500 -0.10000
v -0.00287 1.95432 -0.08982
v -0.02517 1.95231 -0.07989
v -0.04636 1.94901 -0.07046
v -0.06591 1.94450 -0.06175
v -0.08336 1.93889 -0.05398
v -0.09825 1.93233 -0.04735
v -0.11024 1.92497 -0.04202
v -0.11901 1.91700 -0.03811
v -0.12437 1.90860 -0.03572
v -0.12617 1.90000 -0.03492
v -0.12437 1.89140 -0.03572
v -0.11901 1.88300 -0.03811
v -0.11024 1.87503 -0.04202
v -0.09825 1.86767 -0.04735
v -0.08336 1.86111 -0.05398
v -0.06591 1.85550 -0.06175
v -0.04636 1.85099 -0.07046
v -0.02517 1.84769 -0.07989
v -0.00287 1.84568 -0.08982
v 0.02000 1.84500 -0.10000
v 0.02000 1.95500 -0.10000
v -0.00448 1.95432 -0.09480
v -0.02836 1.95231 -0.08972
v -0.05105 1.94901 -0.08490
v -0.07199 1.94450 -0.08045
v -0.09066 1.93889 -0.07648
v -0.10661 1.93233 -0.07309
v -0.11945 1.92497 -0.07036
v -0.12884 1.91700 -0.06836
v -0.13458 1.90860 -0.06714
v -0.13650 1.90000 -0.06673
v -0.13458 1.89140 -0.06714
v -0.12884 1.88300 -0.06836
v -0.11945 1.87503 -0.07036
v -0.10661 1.86767 -0.07309
v -0.09066 1.86111 -0.07648
v -0.07199 1.85550 -0.08045
v -0.05105 1.85099 -0.08490
v -0.02836 1.84769 -0.08972
v -0.00448 1.84568 -0.09480
v 0.02000 1.84500 -0.10000
v 0.02000 1.95500 -0.10000
v -0.00503 1.95432 -0.10000
v -0.02944 1.95231 -0.10000
v -0.05264 1.94901 -0.10000
v -0.07405 1.94450 -0.10000
v -0.09314 1.93889 -0.10000
v -0.10944 1.93233 -0.10000
v -0.12256 1.92497 -0.10000
v -0.13217 1.91700 -0.10000
v -0.13803 1.90860 -0.10000
v -0.14000 1.90000 -0.10000
v -0.13803 1.89140 -0.10000
v -0.13217 1.88300 -0.10000
v -0.12256 1.87503 -0.10000
v -0.10944 1.86767 -0.10000
v -0.09314 1.86111 -0.10000
v -0.07405 1.85550 -0.10000
v -0.05264 1.85099 -0.10000
v -0.02944 1.84769 -0.10000
v -0.00503 1.84568 -0.10000
v 0.02000 1.84500 -0.10000
v 0.02000 1.95500 -0.10000
v -0.00448 1.95432 -0.10520
v -0.02836 1.95231 -0.11028
v -0.05105 1.94901 -0.11510
v -0.07199 1.94450 -0.11955
v -0.09066 1.93889 -0.12352
v -0.10661 1.93233 -0.12691
v -0.11945 1.92497 -0.12964
v -0.12884 1.91700 -0.13164
v -0.13458 1.90860 -0.13286
v -0.13650 1.90000 -0.13327
v -0.13458 1.89140 -0.13286
v -0.12884 1.88300 -0.13164
v -0.11945 1.87503 -0.12964
v -0.10661 1.86767 -0.12691
v -0.09066 1.86111 -0.12352
v -0.07199 1.85550 -0.11955
v -0.05105 1.85099 -0.11510
v -0.02836 1.84769 -0.11028
v -0.00448 1.84568 -0.10520
v 0.02000 1.84500 -0.10000
v 0.02000 1.95500 -0.10000
v -0.00287 1.95432 -0.11018
v -0.02517 1.95231 -0.12011
v -0.04636 1.94901 -0.12954
v -0.06591 1.94450 -0.13825
v -0.08336 1.93889 -0.14602
v -0.09825 1.93233 -0.15265
v -0.11024 1.92497 -0.15798
v -0.11901 1.91700 -0.16189
v -0.12437 1.90860 -0.16428
v -0.12617 1.90000 -0.16508
v -0.12437 1.89140 -0.16428
v -0.11901 1.88300 -0.16189
v -0.11024 1.87503 -0.15798
v -0.09825 1.86767 -0.15265
v -0.08336 1.86111 -0.14602
v -0.06591 1.85550 -0.13825
v -0.04636 1.85099 -0.12954
v -0.02517 1.84769 -0.12011
v -0.00287 1.84568 -0.11018
v 0.02000 1.84500 -0.10000
v 0.02000 1.95500 -0.10000
v -0.00025 1.95432 -0.11471
v -0.02000 1.95231 -0.12906
v -0.03877 1.94901 -0.14270
v -0.05608 1.94450 -0.15528
v -0.07153 1.93889 -0.16650
v -0.08472 1.93233 -0.17608
v -0.09533 1.92497 -0.18380
v -0.10311 1.91700 -0.18944
v -0.10785 1.90860 -0.19289
v -0.10944 1.90000 -0.19405
v -0.10785 1.89140 -0.19289
v -0.10311 1.88300 -0.18944
v -0.09533 1.87503 -0.18380
v -0.08472 1.86767 -0.17608
v -0.07153 1.86111 -0.16650
v -0.05608 1.85550 -0.15528
v -0.03877 1.85099 -0.14270
v -0.02000 1.84769 -0.12906
v -0.00025 1.84568 -0.11471
v 0.02000 1.84500 -0.10000
v 0.02000 1.95500 -0.10000
v 0.00325 1.95432 -0.11860
v -0.01308 1.95231 -0.13674
v -0.02860 1.94901 -0.15398
v -0.04293 1.94450 -0.16989
v -0.05570 1.93889 -0.18408
v -0.06661 1.93233 -0.19619
v -0.07539 1.92497 -0.20594
v -0.08182 1.91700 -0.21308
v -0.08574 1.90860 -0.21744
v -0.08706 1.90000 -0.21890
v -0.08574 1.89140 -0.21744
v -0.08182 1.88300 -0.21308
v -0.07539 1.87503 -0.20594
v -0.06661 1.86767 -0.19619
v -0.05570 1.86111 -0.18408
v -0.04293 1.85550 -0.16989
v -0.02860 1.85099 -0.15398
v -0.01308 1.84769 -0.13674
v 0.00325 1.84568 -0.11860
v 0.02000 1.84500 -0.10000
v 0.02000 1.95500 -0.10000
v 0.00749 1.95432 -0.12168
v -0.00472 1.95231 -0.14282
v -0.01632 1.94901 -0.16291
v -0.02702 1.94450 -0.18145
v -0.03657 1.93889 -0.19798
v -0.04472 1.93233 -0.21210
v -0.05128 1.92497 -0.22346
v -0.05608 1.91700 -0.23178
v -0.05902 1.90860 -0.23686
v -0.06000 1.90000 -0.23856
v -0.05902 1.89140 -0.23686
v -0.05608 1.88300 -0.23178
v -0.05128 1.87503 -0.22346
v -0.04472 1.86767 -0.21210
v -0.03657 1.86111 -0.19798
v -0.02702 1.85550 -0.18145
v -0.01632 1.85099 -0.16291
v -0.00472 1.84769 -0.14282
v 0.00749 1.84568 -0.12168
v 0.02000 1.84500 -0.10000
v 0.02000 1.95500 -0.10000
v 0.01227 1.95432 -0.12380
v 0.00472 1.95231 -0.14702
v -0.00245 1.94901 -0.16908
v -0.00906 1.94450 -0.18944
v -0.01496 1.93889 -0.20760
v -0.02000 1.93233 -0.22311
v -0.02405 1.92497 -0.23558
v -0.02702 1.91700 -0.24472
v -0.02883 1.90860 -0.25030
v -0.02944 1.90000 -0.25217
v -0.02883 1.89140 -0.25030
v -0.02702 1.88300 -0.24472
v -0.02405 1.87503 -0.23558
v -0.02000 1.86767 -0.22311
v -0.01496 1.86111 -0.20760
v -0.00906 1.85550 -0.18944
v -0.00245 1.85099 -0.16908
v 0.00472 1.84769 -0.14702
v 0.01227 1.84568 -0.12380
v 0.02000 1.84500 -0.10000
v 0.02000 1.95500 -0.10000
v 0.01738 1.95432 -0.12489
v 0.01483 1.95231 -0.14917
v 0.01241 1.94901 -0.17224
v 0.01017 1.94450 -0.19353
v 0.00817 1.93889 -0.21252
v 0.00647 1.93233 -0.22873
v 0.00510 1.92497 -0.24178
v 0.00409 1.91700 -0.25134
v 0.00348 1.90860 -0.25716
v 0.00328 1.90000 -0.25912
v 0.00348 1.89140 -0.25716
v 0.00409 1.88300 -0.25134
v 0.00510 1.87503 -0.24178
v 0.00647 1.86767 -0.22873
v 0.00817 1.86111 -0.21252
v 0.01017 1.85550 -0.19353
v 0.01241 1.85099 -0.17224
v 0.01483 1.84769 -0.14917
v 0.01738 1.84568 -0.12489
v 0.02000 1.84500 -0.10000
v 0.02000 1.95500 -0.10000
v 0.02262 1.95432 -0.12489
v 0.02517 1.95231 -0.14917
v 0.02759 1.94901 -0.17224
v 0.02983 1.94450 -0.19353
v 0.03183 1.93889 -0.21252
v 0.03353 1.93233 -0.22873
v 0.03490 1.92497 -0.24178
v 0.03591 1.91700 -0.25134
v 0.03652 1.90860 -0.25716
v 0.03672 1.90000 -0.25912
v 0.03652 1.89140 -0.25716
v 0.03591 1.88300 -0.25134
v 0.03490 1.87503 -0.24178
v 0.03353 1.86767 -0.22873
v 0.03183 1.86111 -0.21252
v 0.02983 1.85550 -0.19353
v 0.02759 1.85099 -0.17224
v 0.02517 1.84769 -0.14917
v 0.02262 1.84568 -0.12489
v 0.02000 1.84500 -0.10000
v 0.02000 1.95500 -0.10000
v 0.02773 1.95432 -0.12380
v 0.03528 1.95231 -0.14702
v 0.04245 1.94901 -0.16908
v 0.04906 1.94450 -0.18944
v 0.05496 1.93889 -0.20760
v 0.06000 1.93233 -0.22311
v 0.06405 1.92497 -0.23558
v 0.06702 1.91700 -0.24472
v 0.06883 1.90860 -0.25030
v 0.06944 1.90000 -0.25217
v 0.06883 1.89140 -0.25030
v 0.06702 1.88300 -0.24472
v 0.06405 1.87503 -0.23558
v 0.06000 1.86767 -0.22311
v 0.05496 1.86111 -0.20760
v 0.04906 1.85550 -0.18944
v 0.04245 1.85099 -0.16908
v 0.03528 1.84769 -0.14702
v 0.02773 1.84568 -0.12380
v 0.02000 1.84500 -0.10000
v 0.02000 1.95500 -0.10000
v 0.03251 1.95432 -0.12168
v 0.04472 1.95231 -0.14282
v 0.05632 1.94901 -0.16291
v 0.06702 1.94450 -0.18145
v 0.07657 1.93889 -0.19798
v 0.08472 1.93233 -0.21210
v 0.09128 1.92497 -0.22346
v 0.09608 1.91700 -0.23178
v 0.09902 1.90860 -0.23686
v 0.10000 1.90000 -0.23856
v 0.09902 1.89140 -0.23686
v 0.09608 1.88300 -0.23178
v 0.09128 1.87503 -0.22346
v 0.08472 1.86767 -0.21210
v 0.07657 1.86111 -0.19798
v 0.06702 1.85550 -0.18145
v 0.05632 1.85099 -0.16291
v 0.04472 1.84769 -0.14282
v 0.03251 1.84568 -0.12168
v 0.02000 1.84500 -0.10000
v 0.02000 1.95500 -0.10000
v 0.03675 1.95432 -0.11860
v 0.05308 1.95231 -0.13674
v 0.06860 1.94901 -0.15398
v 0.08293 1.94450 -0.16989
v 0.09570 1.93889 -0.18408
v 0.10661 1.93233 -0.19619
v 0.11539 1.92497 -0.20594
v 0.12182 1.91700 -0.21308
v 0.12574 1.90860 -0.21744
v 0.12706 1.90000 -0.21890
v 0.12574 1.89140 -0.21744
v 0.12182 1.88300 -0.21308
v 0.11539 1.87503 -0.20594
v 0.10661 1.86767 -0.19619
v 0.09570 1.86111 -0.18408
v 0.08293 1.85550 -0.16989
v 0.06860 1.85099 -0.15398
v 0.05308 1.84769 -0.13674
v 0.03675 1.84568 -0.11860
v 0.02000 1.84500 -0.10000
v 0.02000 1.95500 -0.10000
v 0.04025 1.95432 -0.11471
v 0.06000 1.95231 -0.12906
v 0.07877 1.94901 -0.14270
v 0.09608 1.94450 -0.15528
v 0.11153 1.93889 -0.16650
v 0.12472 1.93233 -0.17608
v 0.13533 1.92497 -0.18380
v 0.14311 1.91700 -0.18944
v 0.14785 1.90860 -0.19289
v 0.14944 1.90000 -0.19405
v 0.14785 1.89140 -0.19289
v 0.14311 1.88300 -0.18944
v 0.13533 1.87503 -0.18380
v 0.12472 1.86767 -0.17608
v 0.11153 1.86111 -0.16650
v 0.09608 1.85550 -0.15528
v 0.07877 1.85099 -0.14270
v 0.06000 1.84769 -0.12906
v 0.04025 1.84568 -0.11471
v 0.02000 1.84500 -0.10000
v 0.02000 1.95500 -0.10000
v 0.04287 1.95432 -0.11018
v 0.06517 1.95231 -0.12011
v 0.08636 1.94901 -0.12954
v 0.10591 1.94450 -0.13825
v 0.12336 1.93889 -0.14602
v 0.13825 1.93233 -0.15265
v 0.15024 1.92497 -0.15798
v 0.15901 1.91700 -0.16189
v 0.16437 1.90860 -0.16428
v 0.16617 1.90000 -0.16508
v 0.16437 1.89140 -0.16428
v 0.15901 1.88300 -0.16189
v 0.15024 1.87503 -0.15798
v 0.13825 1.86767 -0.15265
v 0.12336 1.86111 -0.14602
v 0.10591 1.85550 -0.13825
v 0.08636 1.85099 -0.12954
v 0.06517 1.84769 -0.12011
v 0.04287 1.84568 -0.11018
v 0.02000 1.84500 -0.10000
v 0.02000 1.95500 -0.10000
v 0.04448 1.95432 -0.10520
v 0.06836 1.95231 -0.11028
v 0.09105 1.94901 -0.11510
v 0.11199 1.94450 -0.11955
v 0.13066 1.93889 -0.12352
v 0.14661 1.93233 -0.12691
v 0.15945 1.92497 -0.12964
v 0.16884 1.91700 -0.13164
v 0.17458 1.90860 -0.13286
v 0.17650 1.90000 -0.13327
v 0.17458 1.89140 -0.13286
v 0.16884 1.88300 -0.13164
v 0.15945 1.87503 -0.12964
v 0.14661 1.86767 -0.12691
v 0.13066 1.86111 -0.12352
v 0.11199 1.85550 -0.11955
v 0.09105 1.85099 -0.11510
v 0.06836 1.84769 -0.11028
v 0.04448 1.84568 -0.10520
v 0.02000 1.84500 -0.10000
v 0.02000 1.95500 -0.10000
v 0.04503 1.95432 -0.10000
v 0.06944 1.95231 -0.10000
v 0.09264 1.94901 -0.10000
v 0.11405 1.94450 -0.10000
v 0.13314 1.93889 -0.10000
v 0.14944 1.93233 -0.10000
v 0.16256 1.92497 -0.10000
v 0.17217 1.91700 -0.10000
v 0.17803 1.90860 -0.10000
v 0.18000 1.90000 -0.10000
v 0.17803 1.89140 -0.10000
v 0.17217 1.88300 -0.10000
v 0.16256 1.87503 -0.10000
v 0.14944 1.86767 -0.10000
v 0.13314 1.86111 -0.10000
v 0.11405 1.85550 -0.10000
v 0.09264 1.85099 -0.10000
v 0.06944 1.84769 -0.10000
v 0.04503 1.84568 -0.10000
v 0.02000 1.84500 -0.10000
v 0.02000 1.97500 -0.10000
v 0.02704 1.97463 -0.10000
v 0.03391 1.97353 -0.10000
v 0.04043 1.97173 -0.10000
v 0.04645 1.96927 -0.10000
v 0.05182 1.96621 -0.10000
v 0.05641 1.96263 -0.10000
v 0.06010 1.95862 -0.10000
v 0.06280 1.95427 -0.10000
v 0.06445 1.94969 -0.10000
v 0.06500 1.94500 -0.10000
v 0.06445 1.94031 -0.10000
v 0.06280 1.93573 -0.10000
v 0.06010 1.93138 -0.10000
v 0.05641 1.92737 -0.10000
v 0.05182 1.92379 -0.10000
v 0.04645 1.92073 -0.10000
v 0.04043 1.91827 -0.10000
v 0.03391 1.91647 -0.10000
v 0.02704 1.91537 -0.10000
v 0.02000 1.91500 -0.10000
v 0.02000 1.97500 -0.10000
v 0.02689 1.97463 -0.09854
v 0.03360 1.97353 -0.09711
v 0.03998 1.97173 -0.09575
v 0.04587 1.96927 -0.09450
v 0.05112 1.96621 -0.09338
v 0.05561 1.96263 -0.09243
v 0.05922 1.95862 -0.09166
v 0.06186 1.95427 -0.09110
v 0.06347 1.94969 -0.09076
v 0.06402 1.94500 -0.09064
v 0.06347 1.94031 -0.09076
v 0.06186 1.93573 -0.09110
v 0.05922 1.93138 -0.09166
v 0.05561 1.92737 -0.09243
v 0.05112 1.92379 -0.09338
v 0.04587 1.92073 -0.09450
v 0.03998 1.91827 -0.09575
v 0.03360 1.91647 -0.09711
v 0.02689 1.91537 -0.09854
v 0.02000 1.91500 -0.10000
v 0.02000 1.97500 -0.10000
v 0.02643 1.97463 -0.09714
v 0.03270 1.97353 -0.09434
v 0.03866 1.97173 -0.09169
v 0.04416 1.96927 -0.08924
v 0.04907 1.96621 -0.08706
v 0.05326 1.96263 -0.08519
v 0.05663 1.95862 -0.08369
v 0.05910 1.95427 -0.08259
v 0.06060 1.94969 -0.08192
v 0.06111 1.94500 -0.08170
v 0.06060 1.94031 -0.08192
v 0.05910 1.93573 -0.08259
v 0.05663 1.93138 -0.08369
v 0.05326 1.92737 -0.08519
v 0.04907 1.92379 -0.08706
v 0.04416 1.92073 -0.08924
v 0.03866 1.91827 -0.09169
v 0.03270 1.91647 -0.09434
v 0.02643 1.91537 -0.09714
v 0.02000 1.91500 -0.10000
v 0.02000 1.97500 -0.10000
v 0.02570 1.97463 -0.09586
v 0.03125 1.97353 -0.09183
v 0.03653 1.97173 -0.08799
v 0.04140 1.96927 -0.08445
v 0.04574 1.96621 -0.08130
v 0.04945 1.96263 -0.07860
v 0.05244 1.95862 -0.07643
v 0.05462 1.95427 -0.07484
v 0.05596 1.94969 -0.07388
v 0.05641 1.94500 -0.07355
v 0.05596 1.94031 -0.07388
v 0.05462 1.93573 -0.07484
v 0.05244 1.93138 -0.07643
v 0.04945 1.92737 -0.07860
v 0.04574 1.92379 -0.08130
v 0.04140 1.92073 -0.08445
v 0.03653 1.91827 -0.08799
v 0.03125 1.91647 -0.09183
v 0.02570 1.91537 -0.09586
v 0.02000 1.91500 -0.10000
v 0.02000 1.97500 -0.10000
v 0.02471 1.97463 -0.09477
v 0.02930 1.97353 -0.08967
v 0.03367 1.97173 -0.08482
v 0.03770 1.96927 -0.08034
v 0.04129 1.96621 -0.07635
v 0.04436 1.96263 -0.07295
v 0.04683 1.95862 -0.07020
v 0.04864 1.95427 -0.06820
v 0.04974 1.94969 -0.06697
v 0.05011 1.94500 -0.06656
v 0.04974 1.94031 -0.06697
v 0.04864 1.93573 -0.06820
v 0.04683 1.93138 -0.07020
v 0.04436 1.92737 -0.07295
v 0.04129 1.92379 -0.07635
v 0.03770 1.92073 -0.08034
v 0.03367 1.91827 -0.08482
v 0.02930 1.91647 -0.08967
v 0.02471 1.91537 -0.09477
v 0.02000 1.91500 -0.10000
v 0.02000 1.97500 -0.10000
v 0.02352 1.97463 -0.09390
v 0.02695 1.97353 -0.08796
v 0.03021 1.97173 -0.08231
v 0.03323 1.96927 -0.07709
v 0.03591 1.96621 -0.07244
v 0.03820 1.96263 -0.06847
v 0.04005 1.95862 -0.06528
v 0.04140 1.95427 -0.06294
v 0.04222 1.94969 -0.06151
v 0.04250 1.94500 -0.06103
v 0.04222 1.94031 -0.06151
v 0.04140 1.93573 -0.06294
v 0.04005 1.93138 -0.06528
v 0.03820 1.92737 -0.06847
v 0.03591 1.92379 -0.07244
v 0.03323 1.92073 -0.07709
v 0.03021 1.91827 -0.08231
v 0.02695 1.91647 -0.08796
v 0.02352 1.91537 -0.09390
v 0.02000 1.91500 -0.10000
v 0.02000 1.97500 -0.10000
v 0.02218 1.97463 -0.09330
v 0.02430 1.97353 -0.08677
v 0.02631 1.97173 -0.08057
v 0.02817 1.96927 -0.07484
v 0.02983 1.96621 -0.06974
v 0.03125 1.96263 -0.06538
v 0.03239 1.95862 -0.06187
v 0.03323 1.95427 -0.05930
v 0.03373 1.94969 -0.05773
v 0.03391 1.94500 -0.05720
v 0.03373 1.94031 -0.05773
v 0.03323 1.93573 -0.05930
v 0.03239 1.93138 -0.06187
v 0.03125 1.92737 -0.06538
v 0.02983 1.92379 -0.06974
v 0.02817 1.92073 -0.07484
v 0.02631 1.91827 -0.08057
v 0.02430 1.91647 -0.08677
v 0.02218 1.91537 -0.09330
v 0.02000 1.91500 -0.10000
v 0.02000 1.97500 -0.10000
v 0.02074 1.97463 -0.09300
v 0.02145 1.97353 -0.08617
v 0.02214 1.97173 -0.07968
v 0.02276 1.96927 -0.07369
v 0.02333 1.96621 -0.06835
v 0.02381 1.96263 -0.06379
v 0.02419 1.95862 -0.06012
v 0.02447 1.95427 -0.05744
v 0.02465 1.94969 -0.05580
v 0.02470 1.94500 -0.05525
v 0.02465 1.94031 -0.05580
v 0.02447 1.93573 -0.05744
v 0.02419 1.93138 -0.06012
v 0.02381 1.92737 -0.06379
v 0.02333 1.92379 -0.06835
v 0.02276 1.92073 -0.07369
v 0.02214 1.91827 -0.07968
v 0.02145 1.91647 -0.08617
v 0.02074 1.91537 -0.09300
v 0.02000 1.91500 -0.10000
v 0.02000 1.97500 -0.10000
v 0.01926 1.97463 -0.09300
v 0.01855 1.97353 -0.08617
v 0.01786 1.97173 -0.07968
v 0.01724 1.96927 -0.07369
v 0.01667 1.96621 -0.06835
v 0.01619 1.96263 -0.06379
v 0.01581 1.95862 -0.06012
v 0.01553 1.95427 -0.05744
v 0.01535 1.94969 -0.05580
v 0.01530 1.94500 -0.05525
v 0.01535 1.94031 -0.05580
v 0.01553 1.93573 -0.05744
v 0.01581 1.93138 -0.06012
v 0.01619 1.92737 -0.06379
v 0.01667 1.92379 -0.06835
v 0.01724 1.92073 -0.07369
v 0.01786 1.91827 -0.07968
v 0.01855 1.91647 -0.08617
v 0.01926 1.91537 -0.09300
v 0.02000 1.91500 -0.10000
v 0.02000 1.97500 -0.10000
v 0.01782 1.97463 -0.09330
v 0.01570 1.97353 -0.08677
v 0.01369 1.97173 -0.08057
v 0.01183 1.96927 -0.07484
v 0.01017 1.96621 -0.06974
v 0.00875 1.96263 -0.06538
v 0.00761 1.95862 -0.06187
v 0.00677 1.95427 -0.05930
v 0.00627 1.94969 -0.05773
v 0.00609 1.94500 -0.05720
v 0.00627 1.94031 -0.05773
v 0.00677 1.93573 -0.05930
v 0.00761 1.93138 -0.06187
v 0.00875 1.92737 -0.06538
v 0.01017 1.92379 -0.06974
v 0.01183 1.92073 -0.07484
v 0.01369 1.91827 -0.08057
v 0.01570 1.91647 -0.08677
v 0.01782 1.91537 -0.09330
v 0.02000 1.91500 -0.10000
v 0.02000 1.97500 -0.10000
v 0.01648 1.97463 -0.09390
v 0.01305 1.97353 -0.08796
v 0.00979 1.97173 -0.08231
v 0.00677 1.96927 -0.07709
v 0.00409 1.96621 -0.07244
v 0.00180 1.96263 -0.06847
v -0.00005 1.95862 -0.06528
v -0.00140 1.95427 -0.06294
v -0.00222 1.94969 -0.06151
v -0.00250 1.94500 -0.06103
v -0.00222 1.94031 -0.06151
v -0.00140 1.93573 -0.06294
v -0.00005 1.93138 -0.06528
v 0.00180 1.92737 -0.06847
v 0.00409 1.92379 -0.07244
v 0.00677 1.92073 -0.07709
v 0.00979 1.91827 -0.08231
v 0.01305 1.91647 -0.08796
v 0.01648 1.91537 -0.09390
v 0.02000 1.91500 -0.10000
v 0.02000 1.97500 -0.10000
v 0.01529 1.97463 -0.09477
v 0.01070 1.97353 -0.08967
v 0.00633 1.97173 -0.08482
v 0.00230 1.96927 -0.08034
v -0.00129 1.96621 -0.07635
v -0.00436 1.96263 -0.07295
v -0.00683 1.95862 -0.07020
v -0.00864 1.95427 -0.06820
v -0.00974 1.94969 -0.06697
v -0.01011 1.94500 -0.06656
v -0.00974 1.94031 -0.06697
v -0.00864 1.93573 -0.06820
v -0.00683 1.93138 -0.07020
v -0.00436 1.92737 -0.07295
v -0.00129 1.92379 -0.07635
v 0.00230 1.92073 -0.08034
v 0.00633 1.91827 -0.08482
v 0.01070 1.91647 -0.08967
v 0.01529 1.91537 -0.09477
v 0.02000 1.91500 -0.10000
v 0.02000 1.97500 -0.10000
v 0.01430 1.97463 -0.09586
v 0.00875 1.97353 -0.09183
v 0.00347 1.97173 -0.08799
v -0.00140 1.96927 -0.08445
v -0.00574 1.96621 -0.08130
v -0.00945 1.96263 -0.07860
v -0.01244 1.95862 -0.07643
v -0.01462 1.95427 -0.07484
v -0.01596 1.94969 -0.07388
v -0.01641 1.94500 -0.07355
v -0.01596 1.94031 -0.07388
v -0.01462 1.93573 -0.07484
v -0.01244 1.93138 -0.07643
v -0.00945 1.92737 -0.07860
v -0.00574 1.92379 -0.08130
v -0.00140 1.92073 -0.08445
v 0.00347 1.91827 -0.08799
v 0.00875 1.91647 -0.09183
v 0.01430 1.91537 -0.09586
v 0.02000 1.91500 -0.10000
v 0.02000 1.97500 -0.10000
v 0.01357 1.97463 -0.09714
v 0.00730 1.97353 -0.09434
v 0.00134 1.97173 -0.09169
v -0.00416 1.96927 -0.08924
v -0.00907 1.96621 -0.08706
v -0.01326 1.96263 -0.08519
v -0.01663 1.95862 -0.08369
v -0.01910 1.95427 -0.08259
v -0.02060 1.94969 -0.08192
v -0.02111 1.94500 -0.08170
v -0.02060 1.94031 -0.08192
v -0.01910 1.93573 -0.08259
v -0.01663 1.93138 -0.08369
v -0.01326 1.92737 -0.08519
v -0.00907 1.92379 -0.08706
v -0.00416 1.92073 -0.08924
v 0.00134 1.91827 -0.09169
v 0.00730 1.91647 -0.09434
v 0.01357 1.91537 -0.09714
v 0.02000 1.91500 -0.10000
v 0.02000 1.97500 -0.10000
v 0.01311 1.97463 -0.09854
v 0.00640 1.97353 -0.09711
v 0.00002 1.97173 -0.09575
v -0.00587 1.96927 -0.09450
v -0.01112 1.96621 -0.09338
v -0.01561 1.96263 -0.09243
v -0.01922 1.95862 -0.09166
v -0.02186 1.95427 -0.09110
v -0.02347 1.94969 -0.09076
v -0.02402 1.94500 -0.09064
v -0.02347 1.94031 -0.09076
v -0.02186 1.93573 -0.09110
v -0.01922 1.93138 -0.09166
v -0.01561 1.92737 -0.09243
v -0.01112 1.92379 -0.09338
v -0.00587 1.92073 -0.09450
v 0.00002 1.91827 -0.09575
v 0.00640 1.91647 -0.09711
v 0.01311 1.91537 -0.09854
v 0.02000 1.91500 -0.10000
v 0.02000 1.97500 -0.10000
v 0.01296 1.97463 -0.10000
v 0.00609 1.97353 -0.10000
v -0.00043 1.97173 -0.10000
v -0.00645 1.96927 -0.10000
v -0.01182 1.96621 -0.10000
v -0.01641 1.96263 -0.10000
v -0.02010 1.95862 -0.10000
v -0.02280 1.95427 -0.10000
v -0.02445 1.94969 -0.10000
v -0.02500 1.94500 -0.10000
v -0.02445 1.94031 -0.10000
v -0.02280 1.93573 -0.10000
v -0.02010 1.93138 -0.10000
v -0.01641 1.92737 -0.10000
v -0.01182 1.92379 -0.10000
v -0.00645 1.92073 -0.10000
v -0.00043 1.91827 -0.10000
v 0.00609 1.91647 -0.10000
v 0.01296 1.91537 -0.10000
v 0.02000 1.91500 -0.10000
v 0.02000 1.97500 -0.10000
v 0.01311 1.97463 -0.10146
v 0.00640 1.97353 -0.10289
v 0.00002 1.97173 -0.10425
v -0.00587 1.96927 -0.10550
v -0.01112 1.96621 -0.10662
v -0.01561 1.96263 -0.10757
v -0.01922 1.95862 -0.10834
v -0.02186 1.95427 -0.10890
v -0.02347 1.94969 -0.10924
v -0.02402 1.94500 -0.10936
v -0.02347 1.94031 -0.10924
v -0.02186 1.93573 -0.10890
v -0.01922 1.93138 -0.10834
v -0.01561 1.92737 -0.10757
v -0.01112 1.92379 -0.10662
v -0.00587 1.92073 -0.10550
v 0.00002 1.91827 -0.10425
v 0.00640 1.91647 -0.10289
v 0.01311 1.91537 -0.10146
v 0.02000 1.91500 -0.10000
v 0.02000 1.97500 -0.10000
v 0.01357 1.97463 -0.10286
v 0.00730 1.97353 -0.10566
v 0.00134 1.97173 -0.10831
v -0.00416 1.96927 -0.11076
v -0.00907 1.96621 -0.11294
v -0.01326 1.96263 -0.11481
v -0.01663 1.95862 -0.11631
v -0.01910 1.95427 -0.11741
v -0.02060 1.94969 -0.11808
v -0.02111 1.94500 -0.11830
v -0.02060 1.94031 -0.11808
v -0.01910 1.93573 -0.11741
v -0.01663 1.93138 -0.11631
v -0.01326 1.92737 -0.11481
v -0.00907 1.92379 -0.11294
v -0.00416 1.92073 -0.11076
v 0.00134 1.91827 -0.10831
v 0.00730 1.91647 -0.10566
v 0.01357 1.91537 -0.10286
v 0.02000 1.91500 -0.10000
v 0.02000 1.97500 -0.10000
v 0.01430 1.97463 -0.10414
v 0.00875 1.97353 -0.10817
v 0.00347 1.97173 -0.11201
v -0.00140 1.96927 -0.11555
v -0.00574 1.96621 -0.11870
v -0.00945 1.96263 -0.12140
v -0.01244 1.95862 -0.12357
v -0.01462 1.95427 -0.12516
v -0.01596 1.94969 -0.12612
v -0.01641 1.94500 -0.12645
v -0.01596 1.94031 -0.12612
v -0.01462 1.93573 -0.12516
v -0.01244 1.93138 -0.12357
v -0.00945 1.92737 -0.12140
v -0.00574 1.92379 -0.11870
v -0.00140 1.92073 -0.11555
v 0.00347 1.91827 -0.11201
v 0.00875 1.91647 -0.10817
v 0.01430 1.91537 -0.10414
v 0.02000 1.91500 -0.10000
v 0.02000 1.97500 -0.10000
v 0.01529 1.97463 -0.10523
v 0.01070 1.97353 -0.11033
v 0.00633 1.97173 -0.11518
v 0.00230 1.96927 -0.11966
v -0.00129 1.96621 -0.12365
v -0.00436 1.96263 -0.12705
v -0.00683 1.95862 -0.12980
v -0.00864 1.95427 -0.13180
v -0.00974 1.94969 -0.13303
v -0.01011 1.94500 -0.13344
v -0.00974 1.94031 -0.13303
v -0.00864 1.93573 -0.13180
v -0.00683 1.93138 -0.12980
v -0.00436 1.92737 -0.12705
v -0.00129 1.92379 -0.12365
v 0.00230 1.92073 -0.11966
v 0.00633 1.91827 -0.11518
v 0.01070 1.91647 -0.11033
v 0.01529 1.91537 -0.10523
v 0.02000 1.91500 -0.10000
v 0.02000 1.97500 -0.10000
v 0.01648 1.97463 -0.10610
v 0.01305 1.97353 -0.11204
v 0.00979 1.97173 -0.11769
v 0.00677 1.96927 -0.12291
v 0.00409 1.96621 -0.12756
v 0.00180 1.96263 -0.13153
v -0.00005 1.95862 -0.13472
v -0.00140 1.95427 -0.13706
v -0.00222 1.94969 -0.13849
v -0.00250 1.94500 -0.13897
v -0.00222 1.94031 -0.13849
v -0.00140 1.93573 -0.13706
v -0.00005 1.93138 -0.13472
v 0.00180 1.92737 -0.13153
v 0.00409 1.92379 -0.12756
v 0.00677 1.92073 -0.12291
v 0.00979 1.91827 -0.11769
v 0.01305 1.91647 -0.11204
v 0.01648 1.91537 -0.10610
v 0.02000 1.91500 -0.10000
v 0.02000 1.97500 -0.10000
v 0.01782 1.97463 -0.10670
v 0.01570 1.97353 -0.11323
v 0.01369 1.97173 -0.11943
v 0.01183 1.96927 -0.12516
v 0.01017 1.96621 -0.13026
v 0.00875 1.96263 -0.13462
v 0.00761 1.95862 -0.13813
v 0.00677 1.95427 -0.14070
v 0.00627 1.94969 -0.14227
v 0.00609 1.94500 -0.14280
v 0.00627 1.94031 -0.14227
v 0.00677 1.93573 -0.14070
v 0.00761 1.93138 -0.13813
v 0.00875 1.92737 -0.13462
v 0.01017 1.92379 -0.13026
v 0.01183 1.92073 -0.12516
v 0.01369 1.91827 -0.11943
v 0.01570 1.91647 -0.11323
v 0.01782 1.91537 -0.10670
v 0.02000 1.91500 -0.10000
v 0.02000 1.97500 -0.10000
v 0.01926 1.97463 -0.10700
v 0.01855 1.97353 -0.11383
v 0.01786 1.97173 -0.12032
v 0.01724 1.96927 -0.12631
v 0.01667 1.96621 -0.13165
v 0.01619 1.96263 -0.13621
v 0.01581 1.95862 -0.13988
v 0.01553 1.95427 -0.14256
v 0.01535 1.94969 -0.14420
v 0.01530 1.94500 -0.14475
v 0.01535 1.94031 -0.14420
v 0.01553 1.93573 -0.14256
v 0.01581 1.93138 -0.13988
v 0.01619 1.92737 -0.13621
v 0.01667 1.92379 -0.13165
v 0.01724 1.92073 -0.12631
v 0.01786 1.91827 -0.12032
v 0.01855 1.91647 -0.11383
v 0.01926 1.91537 -0.10700
v 0.02000 1.91500 -0.10000
v 0.02000 1.97500 -0.10000
v 0.02074 1.97463 -0.10700
v 0.02145 1.97353 -0.11383
v 0.02214 1.97173 -0.12032
v 0.02276 1.96927 -0.12631
v 0.02333 1.96621 -0.13165
v 0.02381 1.96263 -0.13621
v 0.02419 1.95862 -0.13988
v 0.02447 1.95427 -0.14256
v 0.02465 1.94969 -0.14420
v 0.02470 1.94500 -0.14475
v 0.02465 1.94031 -0.14420
v 0.02447 1.93573 -0.14256
v 0.02419 1.93138 -0.13988
v 0.02381 1.92737 -0.13621
v 0.02333 1.92379 -0.13165
v 0.02276 1.92073 -0.12631
v 0.02214 1.91827 -0.12032
v 0.02145 1.91647 -0.11383
v 0.02074 1.91537 -0.10700
v 0.02000 1.91500 -0.10000
v 0.02000 1.97500 -0.10000
v 0.02218 1.97463 -0.10670
v 0.02430 1.97353 -0.11323
v 0.02631 1.97173 -0.11943
v 0.02817 1.96927 -0.12516
v 0.02983 1.96621 -0.13026
v 0.03125 1.96263 -0.13462
v 0.03239 1.95862 -0.13813
v 0.03323 1.95427 -0.14070
v 0.03373 1.94969 -0.14227
v 0.03391 1.94500 -0.14280
v 0.03373 1.94031 -0.14227
v 0.03323 1.93573 -0.14070
v 0.03239 1.93138 -0.13813
v 0.03125 1.92737 -0.13462
v 0.02983 1.92379 -0.13026
v 0.02817 1.92073 -0.12516
v 0.02631 1.91827 -0.11943
v 0.02430 1.91647 -0.11323
v 0.02218 1.91537 -0.10670
v 0.02000 1.91500 -0.10000
v 0.02000 1.97500 -0.10000
v 0.02352 1.97463 -0.10610
v 0.02695 1.97353 -0.11204
v 0.03021 1.97173 -0.11769
v 0.03323 1.96927 -0.12291
v 0.03591 1.96621 -0.12756
v 0.03820 1.96263 -0.13153
v 0.04005 1.95862 -0.13472
v 0.04140 1.95427 -0.13706
v 0.04222 1.94969 -0.13849
v 0.04250 1.94500 -0.13897
v 0.04222 1.94031 -0.13849
v 0.04140 1.93573 -0.13706
v 0.04005 1.93138 -0.13472
v 0.03820 1.92737 -0.13153
v 0.03591 1.92379 -0.12756
v 0.03323 1.92073 -0.12291
v 0.03021 1.91827 -0.11769
v 0.02695 1.91647 -0.11204
v 0.02352 1.91537 -0.10610
v 0.02000 1.91500 -0.10000
v 0.02000 1.97500 -0.10000
v 0.02471 1.97463 -0.10523
v 0.02930 1.97353 -0.11033
v 0.03367 1.97173 -0.11518
v 0.03770 1.96927 -0.11966
v 0.04129 1.96621 -0.12365
v 0.04436 1.96263 -0.12705
v 0.04683 1.95862 -0.12980
v 0.04864 1.95427 -0.13180
v 0.04974 1.94969 -0.13303
v 0.05011 1.94500 -0.13344
v 0.04974 1.94031 -0.13303
v 0.04864 1.93573 -0.13180
v 0.04683 1.93138 -0.12980
v 0.04436 1.92737 -0.12705
v 0.04129 1.92379 -0.12365
v 0.03770 1.92073 -0.11966
v 0.03367 1.91827 -0.11518
v 0.02930 1.91647 -0.11033
v 0.02471 1.91537 -0.10523
v 0.02000 1.91500 -0.10000
v 0.02000 1.97500 -0.10000
v 0.02570 1.97463 -0.10414
v 0.03125 1.97353 -0.10817
v 0.03653 1.97173 -0.11201
v 0.04140 1.96927 -0.11555
v 0.04574 1.96621 -0.11870
v 0.04945 1.96263 -0.12140
v 0.05244 1.95862 -0.12357
v 0.05462 1.95427 -0.12516
v 0.05596 1.94969 -0.12612
v 0.05641 1.94500 -0.12645
v 0.05596 1.94031 -0.12612
v 0.05462 1.93573 -0.12516
v 0.05244 1.93138 -0.12357
v 0.04945 1.92737 -0.12140
v 0.04574 1.92379 -0.11870
v 0.04140 1.92073 -0.11555
v 0.03653 1.91827 -0.11201
v 0.03125 1.91647 -0.10817
v 0.02570 1.91537 -0.10414
v 0.02000 1.91500 -0.10000
v 0.02000 1.97500 -0.10000
v 0.02643 1.97463 -0.10286
v 0.03270 1.97353 -0.10566
v 0.03866 1.97173 -0.10831
v 0.04416 1.96927 -0.11076
v 0.04907 1.96621 -0.11294
v 0.05326 1.96263 -0.11481
v 0.05663 1.95862 -0.11631
v 0.05910 1.95427 -0.11741
v 0.06060 1.94969 -0.11808
v 0.06111 1.94500 -0.11830
v 0.06060 1.94031 -0.11808
v 0.05910 1.93573 -0.11741
v 0.05663 1.93138 -0.11631
v 0.05326 1.92737 -0.11481
v 0.04907 1.92379 -0.11294
v 0.04416 1.92073 -0.11076
v 0.03866 1.91827 -0.10831
v 0.03270 1.91647 -0.10566
v 0.02643 1.91537 -0.10286
v 0.02000 1.91500 -0.10000
v 0.02000 1.97500 -0.10000
v 0.02689 1.97463 -0.10146
v 0.03360 1.97353 -0.10289
v 0.03998 1.97173 -0.10425
v 0.04587 1.96927 -0.10550
v 0.05112 1.96621 -0.10662
v 0.05561 1.96263 -0.10757
v 0.05922 1.95862 -0.10834
v 0.06186 1.95427 -0.10890
v 0.06347 1.94969 -0.10924
v 0.06402 1.94500 -0.10936
v 0.06347 1.94031 -0.10924
v 0.06186 1.93573 -0.10890
v 0.05922 1.93138 -0.10834
v 0.05561 1.92737 -0.10757
v 0.05112 1.92379 -0.10662
v 0.04587 1.92073 -0.10550
v 0.03998 1.91827 -0.10425
v 0.03360 1.91647 -0.10289
v 0.02689 1.91537 -0.10146
v 0.02000 1.91500 -0.10000
v 0.02000 1.97500 -0.10000
v 0.02704 1.97463 -0.10000
v 0.03391 1.97353 -0.10000
v 0.04043 1.97173 -0.10000
v 0.04645 1.96927 -0.10000
v 0.05182 1.96621 -0.10000
v 0.05641 1.96263 -0.10000
v 0.06010 1.95862 -0.10000
v 0.06280 1.95427 -0.10000
v 0.06445 1.94969 -0.10000
v 0.06500 1.94500 -0.10000
v 0.06445 1.94031 -0.10000
v 0.06280 1.93573 -0.10000
v 0.06010 1.93138 -0.10000
v 0.05641 1.92737 -0.10000
v 0.05182 1.92379 -0.10000
v 0.04645 1.92073 -0.10000
v 0.04043 1.91827 -0.10000
v 0.03391 1.91647 -0.10000
v 0.02704 1.91537 -0.10000
v 0.02000 1.91500 -0.10000
vt 0.00000 0.00000
vt 0.00000 0.05000
vt 0.00000 0.10000
vt 0.00000 0.15000
vt 0.00000 0.20000
vt 0.00000 0.25000
vt 0.00000 0.30000
vt 0.00000 0.35000
vt 0.00000 0.40000
vt 0.00000 0.45000
vt 0.00000 0.50000
vt 0.00000 0.55000
vt 0.00000 0.60000
vt 0.00000 0.65000
vt 0.00000 0.70000
vt 0.00000 0.75000
vt 0.00000 0.80000
vt 0.00000 0.85000
vt 0.00000 0.90000
vt 0.00000 0.95000
vt 0.00000 1.00000
vt 0.03333 0.00000
vt 0.03333 0.05000
vt 0.03333 0.10000
vt 0.03333 0.15000
vt 0.03333 0.20000
vt 0.03333 0.25000
vt 0.03333 0.30000
vt 0.03333 0.35000
vt 0.03333 0.40000
vt 0.03333 0.45000
vt 0.03333 0.50000
vt 0.03333 0.55000
vt 0.03333 0.60000
vt 0.03333 0.65000
vt 0.03333 0.70000
vt 0.03333 0.75000
vt 0.03333 0.80000
vt 0.03333 0.85000
vt 0.03333 0.90000
vt 0.03333 0.95000
vt 0.03333 1.00000
vt 0.06667 0.00000
vt 0.06667 0.05000
vt 0.06667 0.10000
vt 0.06667 0.15000
vt 0.06667 0.20000
vt 0.06667 0.25000
vt 0.06667 0.30000
vt 0.06667 0.35000
vt 0.06667 0.40000
vt 0.06667 0.45000
vt 0.06667 0.50000
vt 0.06667 0.55000
vt 0.06667 0.60000
vt 0.06667 0.65000
vt 0.06667 0.70000
vt 0.06667 0.75000
vt 0.06667 0.80000
vt 0.06667 0.85000
vt 0.06667 0.90000
vt 0.06667 0.95000
vt 0.06667 1.00000
vt 0.10000 0.00000
vt 0.10000 0.05000
vt 0.10000 0.10000
vt 0.10000 0.15000
vt 0.10000 0.20000
vt 0.10000 0.25000
vt 0.10000 0.30000
vt 0.10000 0.35000
vt 0.10000 0.40000
vt 0.10000 0.45000
vt 0.10000 0.50000
vt 0.10000 0.55000
vt 0.10000 0.60000
vt 0.10000 0.65000
vt 0.10000 0.70000
vt 0.10000 0.75000
vt 0.10000 0.80000
vt 0.10000 0.85000
vt 0.10000 0.90000
vt 0.10000 0.95000
vt 0.10000 1.00000
vt 0.13333 0.00000
vt 0.13333 0.05000
vt 0.13333 0.10000
vt 0.13333 0.15000
vt 0.13333 0.20000
vt 0.13333 0.25000
vt 0.13333 0.30000
vt 0.13333 0.35000
vt 0.13333 0.40000
vt 0.13333 0.45000
vt 0.13333 0.50000
vt 0.13333 0.55000
vt 0.13333 0.60000
vt 0.13333 0.65000
vt 0.13333 0.70000
vt 0.13333 0.75000
vt 0.13333 0.80000
vt 0.13333 0.85000
vt 0.13333 0.90000
vt 0.13333 0.95000
vt 0.13333 1.00000
vt 0.16667 0.00000
vt 0.16667 0.05000
vt 0.16667 0.10000
vt 0.16667 0.15000
vt 0.16667 0.20000
vt 0.16667 0.25000
vt 0.16667 0.30000
vt 0.16667 0.35000
vt 0.16667 0.40000
vt 0.16667 0.45000
vt 0.16667 0.50000
vt 0.16667 0.55000
vt 0.16667 0.60000
vt 0.16667 0.65000
vt 0.16667 0.70000
vt 0.16667 0.75000
vt 0.16667 0.80000
vt 0.16667 0.85000
vt 0.16667 0.90000
vt 0.16667 0.95000
vt 0.16667 1.00000
vt 0.20000 0.00000
vt 0.20000 0.05000
vt 0.20000 0.10000
vt 0.20000 0.15000
vt 0.20000 0.20000
vt 0.20000 0.25000
vt 0.20000 0.30000
vt 0.20000 0.35000
vt 0.20000 0.40000
vt 0.20000 0.45000
vt 0.20000 0.50000
vt 0.20000 0.55000
vt 0.20000 0.60000
vt 0.20000 0.65000
vt 0.20000 0.70000
vt 0.20000 0.75000
vt 0.20000 0.80000
vt 0.20000 0.85000
vt 0.20000 0.90000
vt 0.20000 0.95000
vt 0.20000 1.00000
vt 0.23333 0.00000
vt 0.23333 0.05000
vt 0.23333 0.10000
vt 0.23333 0.15000
vt 0.23333 0.20000
vt 0.23333 0.25000
vt 0.23333 0.30000
vt 0.23333 0.35000
vt 0.23333 0.40000
vt 0.23333 0.45000
vt 0.23333 0.50000
vt 0.23333 0.55000
vt 0.23333 0.60000
vt 0.23333 0.65000
vt 0.23333 0.70000
vt 0.23333 0.75000
vt 0.23333 0.80000
vt 0.23333 0.85000
vt 0.23333 0.90000
vt 0.23333 0.95000
vt 0.23333 1.00000
vt 0.26667 0.00000
vt 0.26667 0.05000
vt 0.26667 0.10000
vt 0.26667 0.15000
vt 0.26667 0.20000
vt 0.26667 0.25000
vt 0.26667 0.30000
vt 0.26667 0.35000
vt 0.26667 0.40000
vt 0.26667 0.45000
vt 0.26667 0.50000
vt 0.26667 0.55000
vt 0.26667 0.60000
vt 0.26667 0.65000
vt 0.26667 0.70000
vt 0.26667 0.75000
vt 0.26667 0.80000
vt 0.26667 0.85000
vt 0.26667 0.90000
vt 0.26667 0.95000
vt 0.26667 1.00000
vt 0.30000 0.00000
vt 0.30000 0.05000
vt 0.30000 0.10000
vt 0.30000 0.15000
vt 0.30000 0.20000
vt 0.30000 0.25000
vt 0.30000 0.30000
vt 0.30000 0.35000
vt 0.30000 0.40000
vt 0.30000 0.45000
vt 0.30000 0.50000
vt 0.30000 0.55000
vt 0.30000 0.60000
vt 0.30000 0.65000
vt 0.30000 0.70000
vt 0.30000 0.75000
vt 0.30000 0.80000
vt 0.30000 0.85000
vt 0.30000 0.90000
vt 0.30000 0.95000
vt 0.30000 1.00000
vt 0.33333 0.00000
vt 0.33333 0.05000
vt 0.33333 0.10000
vt 0.33333 0.15000
vt 0.33333 0.20000
vt 0.33333 0.25000
vt 0.33333 0.30000
vt 0.33333 0.35000
vt 0.33333 0.40000
vt 0.33333 0.45000
vt 0.33333 0.50000
vt 0.33333 0.55000
vt 0.33333 0.60000
vt 0.33333 0.65000
vt 0.33333 0.70000
vt 0.33333 0.75000
vt 0.33333 0.80000
vt 0.33333 0.85000
vt 0.33333 0.90000
vt 0.33333 0.95000
vt 0.33333 1.00000
vt 0.36667 0.00000
vt 0.36667 0.05000
vt 0.36667 0.10000
vt 0.36667 0.15000
vt 0.36667 0.20000
vt 0.36667 0.25000
vt 0.36667 0.30000
vt 0.36667 0.35000
vt 0.36667 0.40000
vt 0.36667 0.45000
vt 0.36667 0.50000
vt 0.36667 0.55000
vt 0.36667 0.60000
vt 0.36667 0.65000
vt 0.36667 0.70000
vt 0.36667 0.75000
vt 0.36667 0.80000
vt 0.36667 0.85000
vt 0.36667 0.90000
vt 0.36667 0.95000
vt 0.36667 1.00000
vt 0.40000 0.00000
vt 0.40000 0.05000
vt 0.40000 0.10000
vt 0.40000 0.15000
vt 0.40000 0.20000
vt 0.40000 0.25000
vt 0.40000 0.30000
vt 0.40000 0.35000
vt 0.40000 0.40000
vt 0.40000 0.45000
vt 0.40000 0.50000
vt 0.40000 0.55000
vt 0.40000 0.60000
vt 0.40000 0.65000
vt 0.40000 0.70000
vt 0.40000 0.75000
vt 0.40000 0.80000
vt 0.40000 0.85000
vt 0.40000 0.90000
vt 0.40000 0.95000
vt 0.40000 1.00000
vt 0.43333 0.00000
vt 0.43333 0.05000
vt 0.43333 0.10000
vt 0.43333 0.15000
vt 0.43333 0.20000
vt 0.43333 0.25000
vt 0.43333 0.30000
vt 0.43333 0.35000
vt 0.43333 0.40000
vt 0.43333 0.45000
vt 0.43333 0.50000
vt 0.43333 0.55000
vt 0.43333 0.60000
vt 0.43333 0.65000
vt 0.43333 0.70000
vt 0.43333 0.75000
vt 0.43333 0.80000
vt 0.43333 0.85000
vt 0.43333 0.90000
vt 0.43333 0.95000
vt 0.43333 1.00000
vt 0.46667 0.00000
vt 0.46667 0.05000
vt 0.46667 0.10000
vt 0.46667 0.15000
vt 0.46667 0.20000
vt 0.46667 0.25000
vt 0.46667 0.30000
vt 0.46667 0.35000
vt 0.46667 0.40000
vt 0.46667 0.45000
vt 0.46667 0.50000
vt 0.46667 0.55000
vt 0.46667 0.60000
vt 0.46667 0.65000
vt 0.46667 0.70000
vt 0.46667 0.75000
vt 0.46667 0.80000
vt 0.46667 0.85000
vt 0.46667 0.90000
vt 0.46667 0.95000
vt 0.46667 1.00000
vt 0.50000 0.00000
vt 0.50000 0.05000
vt 0.50000 0.10000
vt 0.50000 0.15000
vt 0.50000 0.20000
vt 0.50000 0.25000
vt 0.50000 0.30000
vt 0.50000 0.35000
vt 0.50000 0.40000
vt 0.50000 0.45000
vt 0.50000 0.50000
vt 0.50000 0.55000
vt 0.50000 0.60000
vt 0.50000 0.65000
vt 0.50000 0.70000
vt 0.50000 0.75000
vt 0.50000 0.80000
vt 0.50000 0.85000
vt 0.50000 0.90000
vt 0.50000 0.95000
vt 0.50000 1.00000
vt 0.53333 0.00000
vt 0.53333 0.05000
vt 0.53333 0.10000
vt 0.53333 0.15000
vt 0.53333 0.20000
vt 0.53333 0.25000
vt 0.53333 0.30000
vt 0.53333 0.35000
vt 0.53333 0.40000
vt 0.53333 0.45000
vt 0.53333 0.50000
vt 0.53333 0.55000
vt 0.53333 0.60000
vt 0.53333 0.65000
vt 0.53333 0.70000
vt 0.53333 0.75000
vt 0.53333 0.80000
vt 0.53333 0.85000
vt 0.53333 0.90000
vt 0.53333 0.95000
vt 0.53333 1.00000
vt 0.56667 0.00000
vt 0.56667 0.05000
vt 0.56667 0.10000
vt 0.56667 0.15000
vt 0.56667 0.20000
vt 0.56667 0.25000
vt 0.56667 0.30000
vt 0.56667 0.35000
vt 0.56667 0.40000
vt 0.56667 0.45000
vt 0.56667 0.50000
vt 0.56667 0.55000
vt 0.56667 0.60000
vt 0.56667 0.65000
vt 0.56667 0.70000
vt 0.56667 0.75000
vt 0.56667 0.80000
vt 0.56667 0.85000
vt 0.56667 0.90000
vt 0.56667 0.95000
vt 0.56667 1.00000
vt 0.60000 0.00000
vt 0.60000 0.05000
vt 0.60000 0.10000
vt 0.60000 0.15000
vt 0.60000 0.20000
vt 0.60000 0.25000
vt 0.60000 0.30000
vt 0.60000 0.35000
vt 0.60000 0.40000
vt 0.60000 0.45000
vt 0.60000 0.50000
vt 0.60000 0.55000
vt 0.60000 0.60000
vt 0.60000 0.65000
vt 0.60000 0.70000
vt 0.60000 0.75000
vt 0.60000 0.80000
vt 0.60000 0.85000
vt 0.60000 0.90000
vt 0.60000 0.95000
vt 0.60000 1.00000
vt 0.63333 0.00000
vt 0.63333 0.05000
vt 0.63333 0.10000
vt 0.63333 0.15000
vt 0.63333 0.20000
vt 0.63333 0.25000
vt 0.63333 0.30000
vt 0.63333 0.35000
vt 0.63333 0.40000
vt 0.63333 0.45000
vt 0.63333 0.50000
vt 0.63333 0.55000
vt 0.63333 0.60000
vt 0.63333 0.65000
vt 0.63333 0.70000
vt 0.63333 0.75000
vt 0.63333 0.80000
vt 0.63333 0.85000
vt 0.63333 0.90000
vt 0.63333 0.95000
vt 0.63333 1.00000
vt 0.66667 0.00000
vt 0.66667 0.05000
vt 0.66667 0.10000
vt 0.66667 0.15000
vt 0.66667 0.20000
vt 0.66667 0.25000
vt 0.66667 0.30000
vt 0.66667 0.35000
vt 0.66667 0.40000
vt 0.66667 0.45000
vt 0.66667 0.50000
vt 0.66667 0.55000
vt 0.66667 0.60000
vt 0.66667 0.65000
vt 0.66667 0.70000
vt 0.66667 0.75000
vt 0.66667 0.80000
vt 0.66667 0.85000
vt 0.66667 0.90000
vt 0.66667 0.95000
vt 0.66667 1.00000
vt 0.70000 0.00000
vt 0.70000 0.05000
vt 0.70000 0.10000
vt 0.70000 0.15000
vt 0.70000 0.20000
vt 0.70000 0.25000
vt 0.70000 0.30000
vt 0.70000 0.35000
vt 0.70000 0.40000
vt 0.70000 0.45000
vt 0.70000 0.50000
vt 0.70000 0.55000
vt 0.70000 0.60000
vt 0.70000 0.65000
vt 0.70000 0.70000
vt 0.70000 0.75000
vt 0.70000 0.80000
vt 0.70000 0.85000
vt 0.70000 0.90000
vt 0.70000 0.95000
vt 0.70000 1.00000
vt 0.73333 0.00000
vt 0.73333 0.05000
vt 0.73333 0.10000
vt 0.73333 0.15000
vt 0.73333 0.20000
vt 0.73333 0.25000
vt 0.73333 0.30000
vt 0.73333 0.35000
vt 0.73333 0.40000
vt 0.73333 0.45000
vt 0.73333 0.50000
vt 0.73333 0.55000
vt 0.73333 0.60000
vt 0.73333 0.65000
vt 0.73333 0.70000
vt 0.73333 0.75000
vt 0.73333 0.80000
vt 0.73333 0.85000
vt 0.73333 0.90000
vt 0.73333 0.95000
vt 0.73333 1.00000
vt 0.76667 0.00000
vt 0.76667 0.05000
vt 0.76667 0.10000
vt 0.76667 0.15000
vt 0.76667 0.20000
vt 0.76667 0.25000
vt 0.76667 0.30000
vt 0.76667 0.35000
vt 0.76667 0.40000
vt 0.76667 0.45000
vt 0.76667 0.50000
vt 0.76667 0.55000
vt 0.76667 0.60000
vt 0.76667 0.65000
vt 0.76667 0.70000
vt 0.76667 0.75000
vt 0.76667 0.80000
vt 0.76667 0.85000
vt 0.76667 0.90000
vt 0.76667 0.95000
vt 0.76667 1.00000
vt 0.80000 0.00000
vt 0.80000 0.05000
vt 0.80000 0.10000
vt 0.80000 0.15000
vt 0.80000 0.20000
vt 0.80000 0.25000
vt 0.80000 0.30000
vt 0.80000 0.35000
vt 0.80000 0.40000
vt 0.80000 0.45000
vt 0.80000 0.50000
vt 0.80000 0.55000
vt 0.80000 0.60000
vt 0.80000 0.65000
vt 0.80000 0.70000
vt 0.80000 0.75000
vt 0.80000 0.80000
vt 0.80000 0.85000
vt 0.80000 0.90000
vt 0.80000 0.95000
vt 0.80000 1.00000
vt 0.83333 0.00000
vt 0.83333 0.05000
vt 0.83333 0.10000
vt 0.83333 0.15000
vt 0.83333 0.20000
vt 0.83333 0.25000
vt 0.83333 0.30000
vt 0.83333 0.35000
vt 0.83333 0.40000
vt 0.83333 0.45000
vt 0.83333 0.50000
vt 0.83333 0.55000
vt 0.83333 0.60000
vt 0.83333 0.65000
vt 0.83333 0.70000
vt 0.83333 0.75000
vt 0.83333 0.80000
vt 0.83333 0.85000
vt 0.83333 0.90000
vt 0.83333 0.95000
vt 0.83333 1.00000
vt 0.86667 0.00000
vt 0.86667 0.05000
vt 0.86667 0.10000
vt 0.86667 0.15000
vt 0.86667 0.20000
vt 0.86667 0.25000
vt 0.86667 0.30000
vt 0.86667 0.35000
vt 0.86667 0.40000
vt 0.86667 0.45000
vt 0.86667 0.50000
vt 0.86667 0.55000
vt 0.86667 0.60000
vt 0.86667 0.65000
vt 0.86667 0.70000
vt 0.86667 0.75000
vt 0.86667 0.80000
vt 0.86667 0.85000
vt 0.86667 0.90000
vt 0.86667 0.95000
vt 0.86667 1.00000
vt 0.90000 0.00000
vt 0.90000 0.05000
vt 0.90000 0.10000
vt 0.90000 0.15000
vt 0.90000 0.20000
vt 0.90000 0.25000
vt 0.90000 0.30000
vt 0.90000 0.35000
vt 0.90000 0.40000
vt 0.90000 0.45000
vt 0.90000 0.50000
vt 0.90000 0.55000
vt 0.90000 0.60000
vt 0.90000 0.65000
vt 0.90000 0.70000
vt 0.90000 0.75000
vt 0.90000 0.80000
vt 0.90000 0.85000
vt 0.90000 0.90000
vt 0.90000 0.95000
vt 0.90000 1.00000
vt 0.93333 0.00000
vt 0.93333 0.05000
vt 0.93333 0.10000
vt 0.93333 0.15000
vt 0.93333 0.20000
vt 0.93333 0.25000
vt 0.93333 0.30000
vt 0.93333 0.35000
vt 0.93333 0.40000
vt 0.93333 0.45000
vt 0.93333 0.50000
vt 0.93333 0.55000
vt 0.93333 0.60000
vt 0.93333 0.65000
vt 0.93333 0.70000
vt 0.93333 0.75000
vt 0.93333 0.80000
vt 0.93333 0.85000
vt 0.93333 0.90000
vt 0.93333 0.95000
vt 0.93333 1.00000
vt 0.96667 0.00000
vt 0.96667 0.05000
vt 0.96667 0.10000
vt 0.96667 0.15000
vt 0.96667 0.20000
vt 0.96667 0.25000
vt 0.96667 0.30000
vt 0.96667 0.35000
vt 0.96667 0.40000
vt 0.96667 0.45000
vt 0.96667 0.50000
vt 0.96667 0.55000
vt 0.96667 0.60000
vt 0.96667 0.65000
vt 0.96667 0.70000
vt 0.96667 0.75000
vt 0.96667 0.80000
vt 0.96667 0.85000
vt 0.96667 0.90000
vt 0.96667 0.95000
vt 0.96667 1.00000
vt 1.00000 0.00000
vt 1.00000 0.05000
vt 1.00000 0.10000
vt 1.00000 0.15000
vt 1.00000 0.20000
vt 1.00000 0.25000
vt 1.00000 0.30000
vt 1.00000 0.35000
vt 1.00000 0.40000
vt 1.00000 0.45000
vt 1.00000 0.50000
vt 1.00000 0.55000
vt 1.00000 0.60000
vt 1.00000 0.65000
vt 1.00000 0.70000
vt 1.00000 0.75000
vt 1.00000 0.80000
vt 1.00000 0.85000
vt 1.00000 0.90000
vt 1.00000 0.95000
vt 1.00000 1.00000
vt 0.00000 0.00000
vt 0.00000 0.05000
vt 0.00000 0.10000
vt 0.00000 0.15000
vt 0.00000 0.20000
vt 0.00000 0.25000
vt 0.00000 0.30000
vt 0.00000 0.35000
vt 0.00000 0.40000
vt 0.00000 0.45000
vt 0.00000 0.50000
vt 0.00000 0.55000
vt 0.00000 0.60000
vt 0.00000 0.65000
vt 0.00000 0.70000
vt 0.00000 0.75000
vt 0.00000 0.80000
vt 0.00000 0.85000
vt 0.00000 0.90000
vt 0.00000 0.95000
vt 0.00000 1.00000
vt 0.03333 0.00000
vt 0.03333 0.05000
vt 0.03333 0.10000
vt 0.03333 0.15000
vt 0.03333 0.20000
vt 0.03333 0.25000
vt 0.03333 0.30000
vt 0.03333 0.35000
vt 0.03333 0.40000
vt 0.03333 0.45000
vt 0.03333 0.50000
vt 0.03333 0.55000
vt 0.03333 0.60000
vt 0.03333 0.65000
vt 0.03333 0.70000
vt 0.03333 0.75000
vt 0.03333 0.80000
vt 0.03333 0.85000
vt 0.03333 0.90000
vt 0.03333 0.95000
vt 0.03333 1.00000
vt 0.06667 0.00000
vt 0.06667 0.05000
vt 0.06667 0.10000
vt 0.06667 0.15000
vt 0.06667 0.20000
vt 0.06667 0.25000
vt 0.06667 0.30000
vt 0.06667 0.35000
vt 0.06667 0.40000
vt 0.06667 0.45000
vt 0.06667 0.50000
vt 0.06667 0.55000
vt 0.06667 0.60000
vt 0.06667 0.65000
vt 0.06667 0.70000
vt 0.06667 0.75000
vt 0.06667 0.80000
vt 0.06667 0.85000
vt 0.06667 0.90000
vt 0.06667 0.95000
vt 0.06667 1.00000
vt 0.10000 0.00000
vt 0.10000 0.05000
vt 0.10000 0.10000
vt 0.10000 0.15000
vt 0.10000 0.20000
vt 0.10000 0.25000
vt 0.10000 0.30000
vt 0.10000 0.35000
vt 0.10000 0.40000
vt 0.10000 0.45000
vt 0.10000 0.50000
vt 0.10000 0.55000
vt 0.10000 0.60000
vt 0.10000 0.65000
vt 0.10000 0.70000
vt 0.10000 0.75000
vt 0.10000 0.80000
vt 0.10000 0.85000
vt 0.10000 0.90000
vt 0.10000 0.95000
vt 0.10000 1.00000
vt 0.13333 0.00000
vt 0.13333 0.05000
vt 0.13333 0.10000
vt 0.13333 0.15000
vt 0.13333 0.20000
vt 0.13333 0.25000
vt 0.13333 0.30000
vt 0.13333 0.35000
vt 0.13333 0.40000
vt 0.13333 0.45000
vt 0.13333 0.50000
vt 0.13333 0.55000
vt 0.13333 0.60000
vt 0.13333 0.65000
vt 0.13333 0.70000
vt 0.13333 0.75000
vt 0.13333 0.80000
vt 0.13333 0.85000
vt 0.13333 0.90000
vt 0.13333 0.95000
vt 0.13333 1.00000
vt 0.16667 0.00000
vt 0.16667 0.05000
vt 0.16667 0.10000
vt 0.16667 0.15000
vt 0.16667 0.20000
vt 0.16667 0.25000
vt 0.16667 0.30000
vt 0.16667 0.35000
vt 0.16667 0.40000
vt 0.16667 0.45000
vt 0.16667 0.50000
vt 0.16667 0.55000
vt 0.16667 0.60000
vt 0.16667 0.65000
vt 0.16667 0.70000
vt 0.16667 0.75000
vt 0.16667 0.80000
vt 0.16667 0.85000
vt 0.16667 0.90000
vt 0.16667 0.95000
vt 0.16667 1.00000
vt 0.20000 0.00000
vt 0.20000 0.05000
vt 0.20000 0.10000
vt 0.20000 0.15000
vt 0.20000 0.20000
vt 0.20000 0.25000
vt 0.20000 0.30000
vt 0.20000 0.35000
vt 0.20000 0.40000
vt 0.20000 0.45000
vt 0.20000 0.50000
vt 0.20000 0.55000
vt 0.20000 0.60000
vt 0.20000 0.65000
vt 0.20000 0.70000
vt 0.20000 0.75000
vt 0.20000 0.80000
vt 0.20000 0.85000
vt 0.20000 0.90000
vt 0.20000 0.95000
vt 0.20000 1.00000
vt 0.23333 0.00000
vt 0.23333 0.05000
vt 0.23333 0.10000
vt 0.23333 0.15000
vt 0.23333 0.20000
vt 0.23333 0.25000
vt 0.23333 0.30000
vt 0.23333 0.35000
vt 0.23333 0.40000
vt 0.23333 0.45000
vt 0.23333 0.50000
vt 0.23333 0.55000
vt 0.23333 0.60000
vt 0.23333 0.65000
vt 0.23333 0.70000
vt 0.23333 0.75000
vt 0.23333 0.80000
vt 0.23333 0.85000
vt 0.23333 0.90000
vt 0.23333 0.95000
vt 0.23333 1.00000
vt 0.26667 0.00000
vt 0.26667 0.05000
vt 0.26667 0.10000
vt 0.26667 0.15000
vt 0.26667 0.20000
vt 0.26667 0.25000
vt 0.26667 0.30000
vt 0.26667 0.35000
vt 0.26667 0.40000
vt 0.26667 0.45000
vt 0.26667 0.50000
vt 0.26667 0.55000
vt 0.26667 0.60000
vt 0.26667 0.65000
vt 0.26667 0.70000
vt 0.26667 0.75000
vt 0.26667 0.80000
vt 0.26667 0.85000
vt 0.26667 0.90000
vt 0.26667 0.95000
vt 0.26667 1.00000
vt 0.30000 0.00000
vt 0.30000 0.05000
vt 0.30000 0.10000
vt 0.30000 0.15000
vt 0.30000 0.20000
vt 0.30000 0.25000
vt 0.30000 0.30000
vt 0.30000 0.35000
vt 0.30000 0.40000
vt 0.30000 0.45000
vt 0.30000 0.50000
vt 0.30000 0.55000
vt 0.30000 0.60000
vt 0.30000 0.65000
vt 0.30000 0.70000
vt 0.30000 0.75000
vt 0.30000 0.80000
vt 0.30000 0.85000
vt 0.30000 0.90000
vt 0.30000 0.95000
vt 0.30000 1.00000
vt 0.33333 0.00000
vt 0.33333 0.05000
vt 0.33333 0.10000
vt 0.33333 0.15000
vt 0.33333 0.20000
vt 0.33333 0.25000
vt 0.33333 0.30000
vt 0.33333 0.35000
vt 0.33333 0.40000
vt 0.33333 0.45000
vt 0.33333 0.50000
vt 0.33333 0.55000
vt 0.33333 0.60000
vt 0.33333 0.65000
vt 0.33333 0.70000
vt 0.33333 0.75000
vt 0.33333 0.80000
vt 0.33333 0.85000
vt 0.33333 0.90000
vt 0.33333 0.95000
vt 0.33333 1.00000
vt 0.36667 0.00000
vt 0.36667 0.05000
vt 0.36667 0.10000
vt 0.36667 0.15000
vt 0.36667 0.20000
vt 0.36667 0.25000
vt 0.36667 0.30000
vt 0.36667 0.35000
vt 0.36667 0.40000
vt 0.36667 0.45000
vt 0.36667 0.50000
vt 0.36667 0.55000
vt 0.36667 0.60000
vt 0.36667 0.65000
vt 0.36667 0.70000
vt 0.36667 0.75000
vt 0.36667 0.80000
vt 0.36667 0.85000
vt 0.36667 0.90000
vt 0.36667 0.95000
vt 0.36667 1.00000
vt 0.40000 0.00000
vt 0.40000 0.05000
vt 0.40000 0.10000
vt 0.40000 0.15000
vt 0.40000 0.20000
vt 0.40000 0.25000
vt 0.40000 0.30000
vt 0.40000 0.35000
vt 0.40000 0.40000
vt 0.40000 0.45000
vt 0.40000 0.50000
vt 0.40000 0.55000
vt 0.40000 0.60000
vt 0.40000 0.65000
vt 0.40000 0.70000
vt 0.40000 0.75000
vt 0.40000 0.80000
vt 0.40000 0.85000
vt 0.40000 0.90000
vt 0.40000 0.95000
vt 0.40000 1.00000
vt 0.43333 0.00000
vt 0.43333 0.05000
vt 0.43333 0.10000
vt 0.43333 0.15000
vt 0.43333 0.20000
vt 0.43333 0.25000
vt 0.43333 0.30000
vt 0.43333 0.35000
vt 0.43333 0.40000
vt 0.43333 0.45000
vt 0.43333 0.50000
vt 0.43333 0.55000
vt 0.43333 0.60000
vt 0.43333 0.65000
vt 0.43333 0.70000
vt 0.43333 0.75000
vt 0.43333 0.80000
vt 0.43333 0.85000
vt 0.43333 0.90000
vt 0.43333 0.95000
vt 0.43333 1.00000
vt 0.46667 0.00000
vt 0.46667 0.05000
vt 0.46667 0.10000
vt 0.46667 0.15000
vt 0.46667 0.20000
vt 0.46667 0.25000
vt 0.46667 0.30000
vt 0.46667 0.35000
vt 0.46667 0.40000
vt 0.46667 0.45000
vt 0.46667 0.50000
vt 0.46667 0.55000
vt 0.46667 0.60000
vt 0.46667 0.65000
vt 0.46667 0.70000
vt 0.46667 0.75000
vt 0.46667 0.80000
vt 0.46667 0.85000
vt 0.46667 0.90000
vt 0.46667 0.95000
vt 0.46667 1.00000
vt 0.50000 0.00000
vt 0.50000 0.05000
vt 0.50000 0.10000
vt 0.50000 0.15000
vt 0.50000 0.20000
vt 0.50000 0.25000
vt 0.50000 0.30000
vt 0.50000 0.35000
vt 0.50000 0.40000
vt 0.50000 0.45000
vt 0.50000 0.50000
vt 0.50000 0.55000
vt 0.50000 0.60000
vt 0.50000 0.65000
vt 0.50000 0.70000
vt 0.50000 0.75000
vt 0.50000 0.80000
vt 0.50000 0.85000
vt 0.50000 0.90000
vt 0.50000 0.95000
vt 0.50000 1.00000
vt 0.53333 0.00000
vt 0.53333 0.05000
vt 0.53333 0.10000
vt 0.53333 0.15000
vt 0.53333 0.20000
vt 0.53333 0.25000
vt 0.53333 0.30000
vt 0.53333 0.35000
vt 0.53333 0.40000
vt 0.53333 0.45000
vt 0.53333 0.50000
vt 0.53333 0.55000
vt 0.53333 0.60000
vt 0.53333 0.65000
vt 0.53333 0.70000
vt 0.53333 0.75000
vt 0.53333 0.80000
vt 0.53333 0.85000
vt 0.53333 0.90000
vt 0.53333 0.95000
vt 0.53333 1.00000
vt 0.56667 0.00000
vt 0.56667 0.05000
vt 0.56667 0.10000
vt 0.56667 0.15000
vt 0.56667 0.20000
vt 0.56667 0.25000
vt 0.56667 0.30000
vt 0.56667 0.35000
vt 0.56667 0.40000
vt 0.56667 0.45000
vt 0.56667 0.50000
vt 0.56667 0.55000
vt 0.56667 0.60000
vt 0.56667 0.65000
vt 0.56667 0.70000
vt 0.56667 0.75000
vt 0.56667 0.80000
vt 0.56667 0.85000
vt 0.56667 0.90000
vt 0.56667 0.95000
vt 0.56667 1.00000
vt 0.60000 0.00000
vt 0.60000 0.05000
vt 0.60000 0.10000
vt 0.60000 0.15000
vt 0.60000 0.20000
vt 0.60000 0.25000
vt 0.60000 0.30000
vt 0.60000 0.35000
vt 0.60000 0.40000
vt 0.60000 0.45000
vt 0.60000 0.50000
vt 0.60000 0.55000
vt 0.60000 0.60000
vt 0.60000 0.65000
vt 0.60000 0.70000
vt 0.60000 0.75000
vt 0.60000 0.80000
vt 0.60000 0.85000
vt 0.60000 0.90000
vt 0.60000 0.95000
vt 0.60000 1.00000
vt 0.63333 0.00000
vt 0.63333 0.05000
vt 0.63333 0.10000
vt 0.63333 0.15000
vt 0.63333 0.20000
vt 0.63333 0.25000
vt 0.63333 0.30000
vt 0.63333 0.35000
vt 0.63333 0.40000
vt 0.63333 0.45000
vt 0.63333 0.50000
vt 0.63333 0.55000
vt 0.63333 0.60000
vt 0.63333 0.65000
vt 0.63333 0.70000
vt 0.63333 0.75000
vt 0.63333 0.80000
vt 0.63333 0.85000
vt 0.63333 0.90000
vt 0.63333 0.95000
vt 0.63333 1.00000
vt 0.66667 0.00000
vt 0.66667 0.05000
vt 0.66667 0.10000
vt 0.66667 0.15000
vt 0.66667 0.20000
vt 0.66667 0.25000
vt 0.66667 0.30000
vt 0.66667 0.35000
vt 0.66667 0.40000
vt 0.66667 0.45000
vt 0.66667 0.50000
vt 0.66667 0.55000
vt 0.66667 0.60000
vt 0.66667 0.65000
vt 0.66667 0.70000
vt 0.66667 0.75000
vt 0.66667 0.80000
vt 0.66667 0.85000
vt 0.66667 0.90000
vt 0.66667 0.95000
vt 0.66667 1.00000
vt 0.70000 0.00000
vt 0.70000 0.05000
vt 0.70000 0.10000
vt 0.70000 0.15000
vt 0.70000 0.20000
vt 0.70000 0.25000
vt 0.70000 0.30000
vt 0.70000 0.35000
vt 0.70000 0.40000
vt 0.70000 0.45000
vt 0.70000 0.50000
vt 0.70000 0.55000
vt 0.70000 0.60000
vt 0.70000 0.65000
vt 0.70000 0.70000
vt 0.70000 0.75000
vt 0.70000 0.80000
vt 0.70000 0.85000
vt 0.70000 0.90000
vt 0.70000 0.95000
vt 0.70000 1.00000
vt 0.73333 0.00000
vt 0.73333 0.05000
vt 0.73333 0.10000
vt 0.73333 0.15000
vt 0.73333 0.20000
vt 0.73333 0.25000
vt 0.73333 0.30000
vt 0.73333 0.35000
vt 0.73333 0.40000
vt 0.73333 0.45000
vt 0.73333 0.50000
vt 0.73333 0.55000
vt 0.73333 0.60000
vt 0.73333 0.65000
vt 0.73333 0.70000
vt 0.73333 0.75000
vt 0.73333 0.80000
vt 0.73333 0.85000
vt 0.73333 0.90000
vt 0.73333 0.95000
vt 0.73333 1.00000
vt 0.76667 0.00000
vt 0.76667 0.05000
vt 0.76667 0.10000
vt 0.76667 0.15000
vt 0.76667 0.20000
vt 0.76667 0.25000
vt 0.76667 0.30000
vt 0.76667 0.35000
vt 0.76667 0.40000
vt 0.76667 0.45000
vt 0.76667 0.50000
vt 0.76667 0.55000
vt 0.76667 0.60000
vt 0.76667 0.65000
vt 0.76667 0.70000
vt 0.76667 0.75000
vt 0.76667 0.80000
vt 0.76667 0.85000
vt 0.76667 0.90000
vt 0.76667 0.95000
vt 0.76667 1.00000
vt 0.80000 0.00000
vt 0.80000 0.05000
vt 0.80000 0.10000
vt 0.80000 0.15000
vt 0.80000 0.20000
vt 0.80000 0.25000
vt 0.80000 0.30000
vt 0.80000 0.35000
vt 0.80000 0.40000
vt 0.80000 0.45000
vt 0.80000 0.50000
vt 0.80000 0.55000
vt 0.80000 0.60000
vt 0.80000 0.65000
vt 0.80000 0.70000
vt 0.80000 0.75000
vt 0.80000 0.80000
vt 0.80000 0.85000
vt 0.80000 0.90000
vt 0.80000 0.95000
vt 0.80000 1.00000
vt 0.83333 0.00000
vt 0.83333 0.05000
vt 0.83333 0.10000
vt 0.83333 0.15000
vt 0.83333 0.20000
vt 0.83333 0.25000
vt 0.83333 0.30000
vt 0.83333 0.35000
vt 0.83333 0.40000
vt 0.83333 0.45000
vt 0.83333 0.50000
vt 0.83333 0.55000
vt 0.83333 0.60000
vt 0.83333 0.65000
vt 0.83333 0.70000
vt 0.83333 0.75000
vt 0.83333 0.80000
vt 0.83333 0.85000
vt 0.83333 0.90000
vt 0.83333 0.95000
vt 0.83333 1.00000
vt 0.86667 0.00000
vt 0.86667 0.05000
vt 0.86667 0.10000
vt 0.86667 0.15000
vt 0.86667 0.20000
vt 0.86667 0.25000
vt 0.86667 0.30000
vt 0.86667 0.35000
vt 0.86667 0.40000
vt 0.86667 0.45000
vt 0.86667 0.50000
vt 0.86667 0.55000
vt 0.86667 0.60000
vt 0.86667 0.65000
vt 0.86667 0.70000
vt 0.86667 0.75000
vt 0.86667 0.80000
vt 0.86667 0.85000
vt 0.86667 0.90000
vt 0.86667 0.95000
vt 0.86667 1.00000
vt 0.90000 0.00000
vt 0.90000 0.05000
vt 0.90000 0.10000
vt 0.90000 0.15000
vt 0.90000 0.20000
vt 0.90000 0.25000
vt 0.90000 0.30000
vt 0.90000 0.35000
vt 0.90000 0.40000
vt 0.90000 0.45000
vt 0.90000 0.50000
vt 0.90000 0.55000
vt 0.90000 0.60000
vt 0.90000 0.65000
vt 0.90000 0.70000
vt 0.90000 0.75000
vt 0.90000 0.80000
vt 0.90000 0.85000
vt 0.90000 0.90000
vt 0.90000 0.95000
vt 0.90000 1.00000
vt 0.93333 0.00000
vt 0.93333 0.05000
vt 0.93333 0.10000
vt 0.93333 0.15000
vt 0.93333 0.20000
vt 0.93333 0.25000
vt 0.93333 0.30000
vt 0.93333 0.35000
vt 0.93333 0.40000
vt 0.93333 0.45000
vt 0.93333 0.50000
vt 0.93333 0.55000
vt 0.93333 0.60000
vt 0.93333 0.65000
vt 0.93333 0.70000
vt 0.93333 0.75000
vt 0.93333 0.80000
vt 0.93333 0.85000
vt 0.93333 0.90000
vt 0.93333 0.95000
vt 0.93333 1.00000
vt 0.96667 0.00000
vt 0.96667 0.05000
vt 0.96667 0.10000
vt 0.96667 0.15000
vt 0.96667 0.20000
vt 0.96667 0.25000
vt 0.96667 0.30000
vt 0.96667 0.35000
vt 0.96667 0.40000
vt 0.96667 0.45000
vt 0.96667 0.50000
vt 0.96667 0.55000
vt 0.96667 0.60000
vt 0.96667 0.65000
vt 0.96667 0.70000
vt 0.96667 0.75000
vt 0.96667 0.80000
vt 0.96667 0.85000
vt 0.96667 0.90000
vt 0.96667 0.95000
vt 0.96667 1.00000
vt 1.00000 0.00000
vt 1.00000 0.05000
vt 1.00000 0.10000
vt 1.00000 0.15000
vt 1.00000 0.20000
vt 1.00000 0.25000
vt 1.00000 0.30000
vt 1.00000 0.35000
vt 1.00000 0.40000
vt 1.00000 0.45000
vt 1.00000 0.50000
vt 1.00000 0.55000
vt 1.00000 0.60000
vt 1.00000 0.65000
vt 1.00000 0.70000
vt 1.00000 0.75000
vt 1.00000 0.80000
vt 1.00000 0.85000
vt 1.00000 0.90000
vt 1.00000 0.95000
vt 1.00000 1.00000
vn 0.01022 0.99864 -0.05108
vn 0.02300 0.99843 -0.05109
vn 0.03550 0.99806 -0.05112
vn 0.04742 0.99756 -0.05118
vn 0.05847 0.99697 -0.05127
vn 0.06841 0.99633 -0.05139
vn 0.07701 0.99570 -0.05153
vn 0.08404 0.99512 -0.05170
vn 0.08933 0.99465 -0.05189
vn 0.09275 0.99433 -0.05210
vn 0.09419 0.99418 -0.05233
vn 0.09358 0.99422 -0.05257
vn 0.09093 0.99446 -0.05281
vn 0.08625 0.99486 -0.05306
vn 0.07965 0.99540 -0.05330
vn 0.07125 0.99602 -0.05352
vn 0.06126 0.99668 -0.05371
vn 0.04991 0.99730 -0.05388
vn 0.03750 0.99784 -0.05400
vn 0.02435 0.99824 -0.05409
vn 0.01082 0.99848 -0.05412
vn 0.01022 0.99864 -0.05108
vn 0.02273 0.99857 -0.04844
vn 0.03496 0.99834 -0.04588
vn 0.04662 0.99797 -0.04347
vn 0.05745 0.99750 -0.04127
vn 0.31798 0.94569 0.06759
vn 0.41833 0.90393 0.08892
vn 0.08249 0.99593 -0.03640
vn 0.08768 0.99552 -0.03550
vn 0.09103 0.99523 -0.03501
vn 0.09244 0.99510 -0.03495
vn 0.09185 0.99515 -0.03533
vn 0.08925 0.99535 -0.03614
vn 0.08467 0.99571 -0.03736
vn 0.41833 -0.90393 0.08892
vn 0.31798 -0.94569 0.06759
vn 0.06019 0.99725 -0.04324
vn 0.04908 0.99775 -0.04576
vn 0.03693 0.99814 -0.04847
vn 0.02406 0.99839 -0.05128
vn 0.01082 0.99848 -0.05412
vn 0.01022 0.99864 -0.05108
vn 0.02191 0.99871 -0.04590
vn 0.03333 0.99861 -0.04086
vn 0.04424 0.99837 -0.03609
vn 0.05436 0.99802 -0.03169
vn 0.29698 0.94569 0.13222
vn 0.39070 0.90393 0.17395
vn 0.07779 0.99673 -0.02176
vn 0.08265 0.99638 -0.01981
vn 0.08579 0.99614 -0.01864
vn 0.08711 0.99603 -0.01831
vn 0.08656 0.99607 -0.01881
vn 0.08413 0.99625 -0.02016
vn 0.07985 0.99656 -0.02233
vn 0.39070 -0.90393 0.17395
vn 0.29698 -0.94569 0.13222
vn 0.05696 0.99782 -0.03321
vn 0.04657 0.99819 -0.03799
vn 0.03522 0.99845 -0.04317
vn 0.02319 0.99855 -0.04859
vn 0.01082 0.99848 -0.05412
vn 0.01022 0.99864 -0.05108
vn 0.02057 0.99884 -0.04359
vn 0.03070 0.99887 -0.03629
vn 0.04036 0.99875 -0.02937
vn 0.04934 0.99852 -0.02296
vn 0.26300 0.94569 0.19108
vn 0.34600 0.90393 0.25138
vn 0.07013 0.99750 -0.00840
vn 0.07444 0.99721 -0.00549
vn 0.07723 0.99701 -0.00372
vn 0.07841 0.99692 -0.00312
vn 0.07793 0.99695 -0.00375
vn 0.07578 0.99711 -0.00559
vn 0.07199 0.99737 -0.00862
vn 0.34600 -0.90393 0.25138
vn 0.26300 -0.94569 0.19108
vn 0.05170 0.99837 -0.02406
vn 0.04249 0.99862 -0.03092
vn 0.03243 0.99874 -0.03834
vn 0.02178 0.99870 -0.04615
vn 0.01082 0.99848 -0.05412
vn 0.01022 0.99864 -0.05108
vn 0.01878 0.99896 -0.04161
vn 0.02717 0.99911 -0.03237
vn 0.03517 0.99910 -0.02359
vn 0.04260 0.99897 -0.01547
vn 0.21752 0.94569 0.24158
vn 0.28617 0.90393 0.31783
vn 0.05984 0.99820 0.00308
vn 0.06342 0.99796 0.00681
vn 0.06574 0.99780 0.00912
vn 0.06672 0.99772 0.00993
vn 0.06633 0.99776 0.00920
vn 0.06456 0.99789 0.00693
vn 0.06142 0.99811 0.00316
vn 0.28617 -0.90393 0.31783
vn 0.21752 -0.94569 0.24158
vn 0.04464 0.99887 -0.01621
vn 0.03703 0.99901 -0.02484
vn 0.02870 0.99900 -0.03420
vn 0.01989 0.99883 -0.04405
vn 0.01082 0.99848 -0.05412
vn 0.01022 0.99864 -0.05108
vn 0.01662 0.99906 -0.04004
vn 0.02289 0.99931 -0.02927
vn 0.02888 0.99940 -0.01902
vn 0.03445 0.99936 -0.00954
vn 0.16254 0.94569 0.28153
vn 0.21384 0.90393 0.37038
vn 0.04736 0.99880 0.01217
vn 0.05005 0.99861 0.01656
vn 0.05180 0.99847 0.01928
vn 0.05255 0.99841 0.02026
vn 0.05227 0.99844 0.01946
vn 0.05095 0.99856 0.01685
vn 0.04862 0.99874 0.01250
vn 0.21384 -0.90393 0.37038
vn 0.16254 -0.94569 0.28153
vn 0.03610 0.99930 -0.00999
vn 0.03041 0.99934 -0.02003
vn 0.02419 0.99923 -0.03092
vn 0.01760 0.99895 -0.04239
vn 0.01082 0.99848 -0.05412
vn 0.01022 0.99864 -0.05108
vn 0.01418 0.99914 -0.03895
vn 0.01806 0.99947 -0.02712
vn 0.02177 0.99964 -0.01586
vn 0.02522 0.99967 -0.00543
vn 0.10046 0.94569 0.30917
vn 0.13216 0.90393 0.40675
vn 0.03325 0.99928 0.01847
vn 0.03493 0.99912 0.02331
vn 0.03603 0.99900 0.02633
vn 0.03651 0.99896 0.02743
vn 0.03636 0.99899 0.02656
vn 0.03556 0.99909 0.02373
vn 0.03414 0.99924 0.01896
vn 0.13216 -0.90393 0.40675
vn 0.10046 -0.94569 0.30917
vn 0.02643 0.99963 -0.00569
vn 0.02292 0.99960 -0.01670
vn 0.01908 0.99941 -0.02866
vn 0.01501 0.99904 -0.04124
vn 0.01082 0.99848 -0.05412
vn 0.01022 0.99864 -0.05108
vn 0.01156 0.99920 -0.03840
vn 0.01289 0.99958 -0.02602
vn 0.01415 0.99980 -0.01424
vn 0.01534 0.99988 -0.00333
vn 0.03398 0.94569 0.32330
vn 0.04470 0.90393 0.42534
vn 0.01812 0.99960 0.02170
vn 0.01872 0.99947 0.02676
vn 0.01912 0.99937 0.02993
vn 0.01932 0.99933 0.03110
vn 0.01930 0.99936 0.03020
vn 0.01906 0.99945 0.02725
vn 0.01861 0.99958 0.02227
vn 0.04470 -0.90393 0.42534
vn 0.03398 -0.94569 0.32330
vn 0.01607 0.99986 -0.00349
vn 0.01490 0.99978 -0.01499
vn 0.01361 0.99953 -0.02750
vn 0.01224 0.99910 -0.04066
vn 0.01082 0.99848 -0.05412
vn 0.01022 0.99864 -0.05108
vn 0.00889 0.99922 -0.03840
vn 0.00759 0.99963 -0.02603
vn 0.00637 0.99988 -0.01424
vn 0.00523 0.99998 -0.00333
vn -0.03398 0.94569 0.32330
vn -0.04470 0.90393 0.42534
vn 0.00265 0.99976 0.02170
vn 0.00213 0.99964 0.02677
vn 0.00182 0.99955 0.02994
vn 0.00172 0.99951 0.03110
vn 0.00184 0.99954 0.03021
vn 0.00217 0.99963 0.02725
vn 0.00272 0.99975 0.02228
vn -0.04470 -0.90393 0.42534
vn -0.03398 -0.94569 0.32330
vn 0.00548 0.99998 -0.00349
vn 0.00670 0.99987 -0.01500
vn 0.00802 0.99959 -0.02750
vn 0.00941 0.99913 -0.04066
vn 0.01082 0.99848 -0.05412
vn 0.01022 0.99864 -0.05108
vn 0.00627 0.99922 -0.03896
vn 0.00242 0.99963 -0.02713
vn -0.00126 0.99987 -0.01586
vn -0.00466 0.99997 -0.00543
vn -0.10046 0.94569 0.30917
vn -0.13216 0.90393 0.40675
vn -0.01249 0.99975 0.01848
vn -0.01409 0.99963 0.02332
vn -0.01510 0.99954 0.02634
vn -0.01549 0.99950 0.02744
vn -0.01524 0.99953 0.02658
vn -0.01435 0.99962 0.02374
vn -0.01283 0.99974 0.01897
vn -0.13216 -0.90393 0.40675
vn -0.10046 -0.94569 0.30917
vn -0.00488 0.99997 -0.00569
vn -0.00132 0.99986 -0.01670
vn 0.00255 0.99959 -0.02866
vn 0.00664 0.99913 -0.04125
vn 0.01082 0.99848 -0.05412
vn 0.01022 0.99864 -0.05108
vn 0.00383 0.99919 -0.04004
vn -0.00242 0.99957 -0.02928
vn -0.00837 0.99978 -0.01903
vn -0.01390 0.99986 -0.00954
vn -0.16254 0.94569 0.28153
vn -0.21384 0.90393 0.37038
vn -0.02663 0.99957 0.01218
vn -0.02924 0.99944 0.01657
vn -0.03090 0.99934 0.01930
vn -0.03156 0.99930 0.02028
vn -0.03118 0.99932 0.01947
vn -0.02977 0.99941 0.01687
vn -0.02734 0.99955 0.01251
vn -0.21384 -0.90393 0.37038
vn -0.16254 -0.94569 0.28153
vn -0.01456 0.99984 -0.01000
vn -0.00881 0.99976 -0.02003
vn -0.00255 0.99952 -0.03093
vn 0.00405 0.99909 -0.04240
vn 0.01082 0.99848 -0.05412
vn 0.01022 0.99864 -0.05108
vn 0.00166 0.99913 -0.04161
vn -0.00670 0.99945 -0.03238
vn -0.01467 0.99961 -0.02360
vn -0.02207 0.99964 -0.01548
vn -0.21752 0.94569 0.24158
vn -0.28617 0.90393 0.31783
vn -0.03914 0.99923 0.00309
vn -0.04264 0.99907 0.00682
vn -0.04488 0.99895 0.00913
vn -0.04577 0.99890 0.00994
vn -0.04528 0.99893 0.00921
vn -0.04341 0.99903 0.00694
vn -0.04018 0.99919 0.00317
vn -0.28617 -0.90393 0.31783
vn -0.21752 -0.94569 0.24158
vn -0.02313 0.99960 -0.01622
vn -0.01545 0.99957 -0.02485
vn -0.00708 0.99939 -0.03421
vn 0.00176 0.99903 -0.04406
vn 0.01082 0.99848 -0.05412
vn 0.01022 0.99864 -0.05108
vn -0.00013 0.99905 -0.04360
vn -0.01024 0.99929 -0.03631
vn -0.01988 0.99937 -0.02938
vn -0.02882 0.99932 -0.02298
vn -0.26300 0.94569 0.19108
vn -0.34600 0.90393 0.25138
vn -0.04946 0.99874 -0.00841
vn -0.05371 0.99854 -0.00550
vn -0.05642 0.99840 -0.00372
vn -0.05751 0.99834 -0.00313
vn -0.05693 0.99837 -0.00375
vn -0.05467 0.99849 -0.00560
vn -0.05078 0.99867 -0.00863
vn -0.34600 -0.90393 0.25138
vn -0.26300 -0.94569 0.19108
vn -0.03020 0.99925 -0.02408
vn -0.02093 0.99930 -0.03094
vn -0.01082 0.99921 -0.03836
vn -0.00013 0.99893 -0.04616
vn 0.01082 0.99848 -0.05412
vn 0.01022 0.99864 -0.05108
vn -0.00146 0.99894 -0.04591
vn -0.01288 0.99908 -0.04088
vn -0.02376 0.99907 -0.03612
vn -0.03386 0.99892 -0.03172
vn -0.29698 0.94569 0.13222
vn -0.39070 0.90393 0.17395
vn -0.05716 0.99813 -0.02179
vn -0.06195 0.99788 -0.01984
vn -0.06501 0.99771 -0.01867
vn -0.06625 0.99763 -0.01834
vn -0.06560 0.99767 -0.01884
vn -0.06307 0.99781 -0.02019
vn -0.05868 0.99803 -0.02236
vn -0.39070 -0.90393 0.17395
vn -0.29698 -0.94569 0.13222
vn -0.03548 0.99882 -0.03324
vn -0.02502 0.99896 -0.03802
vn -0.01361 0.99897 -0.04319
vn -0.00155 0.99882 -0.04861
vn 0.01082 0.99848 -0.05412
vn 0.01022 0.99864 -0.05108
vn -0.00229 0.99882 -0.04845
vn -0.01451 0.99884 -0.04590
vn -0.02616 0.99871 -0.04350
vn -0.03697 0.99846 -0.04131
vn -0.31798 0.94569 0.06759
vn -0.41833 0.90393 0.08892
vn -0.06189 0.99742 -0.03646
vn -0.06702 0.99712 -0.03556
vn -0.07029 0.99691 -0.03507
vn -0.07162 0.99682 -0.03501
vn -0.07093 0.99685 -0.03539
vn -0.06822 0.99701 -0.03620
vn -0.06353 0.99728 -0.03742
vn -0.41833 -0.90393 0.08892
vn -0.31798 -0.94569 0.06759
vn -0.03873 0.99831 -0.04328
vn -0.02754 0.99857 -0.04580
vn -0.01533 0.99871 -0.04850
vn -0.00243 0.99868 -0.05129
vn 0.01082 0.99848 -0.05412
vn 0.01022 0.99864 -0.05108
vn -0.00257 0.99869 -0.05110
vn -0.01506 0.99858 -0.05115
vn -0.02696 0.99832 -0.05122
vn -0.03800 0.99796 -0.05132
vn -0.32508 0.94569 0.00000
vn -0.42768 0.90393 0.00000
vn -0.06346 0.99664 -0.05177
vn -0.06869 0.99628 -0.05197
vn -0.07203 0.99604 -0.05219
vn -0.07338 0.99593 -0.05242
vn -0.07268 0.99596 -0.05266
vn -0.06992 0.99615 -0.05290
vn -0.06513 0.99646 -0.05314
vn -0.42768 -0.90393 -0.00000
vn -0.32508 -0.94569 -0.00000
vn -0.03982 0.99776 -0.05377
vn -0.02839 0.99814 -0.05392
vn -0.01591 0.99841 -0.05404
vn -0.00272 0.99853 -0.05410
vn 0.01082 0.99848 -0.05412
vn 0.01022 0.99864 -0.05108
vn -0.00229 0.99855 -0.05375
vn -0.01450 0.99830 -0.05639
vn -0.02614 0.99792 -0.05893
vn -0.03693 0.99743 -0.06133
vn -0.31798 0.94569 -0.06759
vn -0.41833 0.90393 -0.08892
vn -0.06179 0.99583 -0.06707
vn -0.06690 0.99542 -0.06835
vn -0.07017 0.99513 -0.06927
vn -0.07148 0.99500 -0.06979
vn -0.07080 0.99504 -0.06989
vn -0.06810 0.99525 -0.06958
vn -0.06342 0.99561 -0.06884
vn -0.41833 -0.90393 -0.08892
vn -0.31798 -0.94569 -0.06759
vn -0.03869 0.99718 -0.06425
vn -0.02752 0.99769 -0.06204
vn -0.01532 0.99811 -0.05957
vn -0.00242 0.99838 -0.05691
vn 0.01082 0.99848 -0.05412
vn 0.01022 0.99864 -0.05108
vn -0.00146 0.99841 -0.05629
vn -0.01287 0.99803 -0.06140
vn -0.02373 0.99752 -0.06630
vn -0.03379 0.99691 -0.07088
vn -0.29698 0.94569 -0.13222
vn -0.39070 0.90393 -0.17395
vn -0.05698 0.99503 -0.08166
vn -0.06175 0.99455 -0.08399
vn -0.06479 0.99422 -0.08557
vn -0.06601 0.99407 -0.08637
vn -0.06537 0.99412 -0.08634
vn -0.06285 0.99435 -0.08549
vn -0.05848 0.99476 -0.08382
vn -0.39070 -0.90393 -0.17395
vn -0.29698 -0.94569 -0.13222
vn -0.03540 0.99661 -0.07426
vn -0.02498 0.99725 -0.06979
vn -0.01359 0.99780 -0.06486
vn -0.00155 0.99822 -0.05959
vn 0.01082 0.99848 -0.05412
vn 0.01022 0.99864 -0.05108
vn -0.00013 0.99828 -0.05860
vn -0.01022 0.99777 -0.06596
vn -0.01983 0.99713 -0.07300
vn -0.02874 0.99641 -0.07957
vn -0.26300 0.94569 -0.19108
vn -0.34600 0.90393 -0.25138
vn -0.04924 0.99427 -0.09493
vn -0.05345 0.99373 -0.09820
vn -0.05613 0.99336 -0.10039
vn -0.05721 0.99320 -0.10143
vn -0.05664 0.99324 -0.10129
vn -0.05440 0.99350 -0.09995
vn -0.05054 0.99396 -0.09743
vn -0.34600 -0.90393 -0.25138
vn -0.26300 -0.94569 -0.19108
vn -0.03011 0.99606 -0.08336
vn -0.02088 0.99682 -0.07685
vn -0.01080 0.99751 -0.06968
vn -0.00013 0.99807 -0.06203
vn 0.01082 0.99848 -0.05412
vn 0.01022 0.99864 -0.05108
vn 0.00166 0.99816 -0.06057
vn -0.00669 0.99753 -0.06987
vn -0.01463 0.99679 -0.07875
vn -0.02199 0.99596 -0.08702
vn -0.21752 0.94569 -0.24158
vn -0.28617 0.90393 -0.31783
vn -0.03891 0.99357 -0.10630
vn -0.04238 0.99299 -0.11038
vn -0.04459 0.99258 -0.11308
vn -0.04547 0.99240 -0.11434
vn -0.04499 0.99245 -0.11409
vn -0.04314 0.99273 -0.11234
vn -0.03994 0.99323 -0.10909
vn -0.28617 -0.90393 -0.31783
vn -0.21752 -0.94569 -0.24158
vn -0.02303 0.99557 -0.09115
vn -0.01540 0.99644 -0.08289
vn -0.00706 0.99725 -0.07380
vn 0.00176 0.99794 -0.06413
vn 0.01082 0.99848 -0.05412
vn 0.01022 0.99864 -0.05108
vn 0.00382 0.99806 -0.06214
vn -0.00241 0.99733 -0.07296
vn -0.00834 0.99649 -0.08329
vn -0.01384 0.99558 -0.09290
vn -0.16254 0.94569 -0.28153
vn -0.21384 0.90393 -0.37038
vn -0.02645 0.99298 -0.11527
vn -0.02903 0.99235 -0.11998
vn -0.03067 0.99192 -0.12310
vn -0.03132 0.99172 -0.12452
vn -0.03095 0.99177 -0.12420
vn -0.02955 0.99208 -0.12212
vn -0.02715 0.99261 -0.11830
vn -0.21384 -0.90393 -0.37038
vn -0.16254 -0.94569 -0.28153
vn -0.01449 0.99515 -0.09731
vn -0.00878 0.99611 -0.08767
vn -0.00255 0.99702 -0.07707
vn 0.00405 0.99783 -0.06578
vn 0.01082 0.99848 -0.05412
vn 0.01022 0.99864 -0.05108
vn 0.00626 0.99798 -0.06322
vn 0.00241 0.99717 -0.07509
vn -0.00125 0.99626 -0.08643
vn -0.00464 0.99528 -0.09696
vn -0.10046 0.94569 -0.30917
vn -0.13216 0.90393 -0.40675
vn -0.01240 0.99252 -0.12147
vn -0.01398 0.99185 -0.12662
vn -0.01498 0.99140 -0.13001
vn -0.01536 0.99119 -0.13155
vn -0.01511 0.99124 -0.13118
vn -0.01423 0.99156 -0.12887
vn -0.01273 0.99212 -0.12465
vn -0.13216 -0.90393 -0.40675
vn -0.10046 -0.94569 -0.30917
vn -0.00486 0.99482 -0.10157
vn -0.00132 0.99585 -0.09097
vn 0.00255 0.99685 -0.07932
vn 0.00663 0.99774 -0.06693
vn 0.01082 0.99848 -0.05412
vn 0.01022 0.99864 -0.05108
vn 0.00888 0.99792 -0.06377
vn 0.00757 0.99707 -0.07618
vn 0.00634 0.99610 -0.08803
vn 0.00520 0.99507 -0.09904
vn -0.03398 0.94569 -0.32330
vn -0.04470 0.90393 -0.42534
vn 0.00263 0.99220 -0.12462
vn 0.00212 0.99151 -0.13000
vn 0.00181 0.99104 -0.13353
vn 0.00171 0.99083 -0.13513
vn 0.00182 0.99088 -0.13473
vn 0.00216 0.99121 -0.13230
vn 0.00270 0.99178 -0.12789
vn -0.04470 -0.90393 -0.42534
vn -0.03398 -0.94569 -0.32330
vn 0.00545 0.99459 -0.10374
vn 0.00667 0.99568 -0.09265
vn 0.00800 0.99672 -0.08047
vn 0.00940 0.99767 -0.06751
vn 0.01082 0.99848 -0.05412
vn 0.01022 0.99864 -0.05108
vn 0.01155 0.99790 -0.06377
vn 0.01285 0.99701 -0.07618
vn 0.01410 0.99602 -0.08802
vn 0.01526 0.99497 -0.09903
vn 0.03398 0.94569 -0.32330
vn 0.04470 0.90393 -0.42534
vn 0.01799 0.99204 -0.12460
vn 0.01857 0.99134 -0.12997
vn 0.01896 0.99087 -0.13351
vn 0.01915 0.99065 -0.13511
vn 0.01913 0.99070 -0.13470
vn 0.01890 0.99103 -0.13228
vn 0.01846 0.99162 -0.12787
vn 0.04470 -0.90393 -0.42534
vn 0.03398 -0.94569 -0.32330
vn 0.01599 0.99448 -0.10372
vn 0.01484 0.99559 -0.09264
vn 0.01358 0.99666 -0.08046
vn 0.01222 0.99764 -0.06751
vn 0.01082 0.99848 -0.05412
vn 0.01022 0.99864 -0.05108
vn 0.01416 0.99790 -0.06322
vn 0.01802 0.99701 -0.07508
vn 0.02169 0.99602 -0.08641
vn 0.02510 0.99497 -0.09694
vn 0.10046 0.94569 -0.30917
vn 0.13216 0.90393 -0.40675
vn 0.03301 0.99205 -0.12141
vn 0.03466 0.99135 -0.12656
vn 0.03574 0.99088 -0.12994
vn 0.03621 0.99066 -0.13148
vn 0.03606 0.99071 -0.13110
vn 0.03527 0.99104 -0.12880
vn 0.03388 0.99163 -0.12459
vn 0.13216 -0.90393 -0.40675
vn 0.10046 -0.94569 -0.30917
vn 0.02630 0.99448 -0.10153
vn 0.02283 0.99559 -0.09094
vn 0.01903 0.99667 -0.07931
vn 0.01499 0.99765 -0.06692
vn 0.01082 0.99848 -0.05412
vn 0.01022 0.99864 -0.05108
vn 0.01660 0.99793 -0.06213
vn 0.02284 0.99707 -0.07294
vn 0.02878 0.99611 -0.08326
vn 0.03430 0.99509 -0.09285
vn 0.16254 0.94569 -0.28153
vn 0.21384 0.90393 -0.37038
vn 0.04705 0.99223 -0.11518
vn 0.04970 0.99154 -0.11989
vn 0.05142 0.99107 -0.12299
vn 0.05215 0.99086 -0.12441
vn 0.05187 0.99091 -0.12409
vn 0.05058 0.99124 -0.12201
vn 0.04828 0.99181 -0.11820
vn 0.21384 -0.90393 -0.37038
vn 0.16254 -0.94569 -0.28153
vn 0.03593 0.99461 -0.09726
vn 0.03030 0.99569 -0.08763
vn 0.02412 0.99674 -0.07704
vn 0.01758 0.99768 -0.06577
vn 0.01082 0.99848 -0.05412
vn 0.01022 0.99864 -0.05108
vn 0.01877 0.99799 -0.06056
vn 0.02711 0.99719 -0.06984
vn 0.03507 0.99628 -0.07871
vn 0.04245 0.99531 -0.08696
vn 0.21752 0.94569 -0.24158
vn 0.28617 0.90393 -0.31783
vn 0.05950 0.99256 -0.10619
vn 0.06303 0.99190 -0.11025
vn 0.06532 0.99145 -0.11295
vn 0.06629 0.99124 -0.11420
vn 0.06590 0.99130 -0.11396
vn 0.06415 0.99161 -0.11221
vn 0.06106 0.99217 -0.10897
vn 0.28617 -0.90393 -0.31783
vn 0.21752 -0.94569 -0.24158
vn 0.04446 0.99485 -0.09109
vn 0.03691 0.99588 -0.08285
vn 0.02864 0.99686 -0.07378
vn 0.01987 0.99774 -0.06411
vn 0.01082 0.99848 -0.05412
vn 0.01022 0.99864 -0.05108
vn 0.02056 0.99807 -0.05858
vn 0.03065 0.99735 -0.06593
vn 0.04027 0.99652 -0.07296
vn 0.04920 0.99562 -0.07951
vn 0.26300 0.94569 -0.19108
vn 0.34600 0.90393 -0.25138
vn 0.06982 0.99304 -0.09482
vn 0.07409 0.99242 -0.09807
vn 0.07684 0.99199 -0.10025
vn 0.07801 0.99179 -0.10129
vn 0.07753 0.99185 -0.10115
vn 0.07540 0.99214 -0.09982
vn 0.07165 0.99267 -0.09730
vn 0.34600 -0.90393 -0.25138
vn 0.26300 -0.94569 -0.19108
vn 0.05153 0.99519 -0.08328
vn 0.04239 0.99615 -0.07679
vn 0.03238 0.99705 -0.06964
vn 0.02176 0.99784 -0.06202
vn 0.01082 0.99848 -0.05412
vn 0.01022 0.99864 -0.05108
vn 0.02189 0.99818 -0.05627
vn 0.03330 0.99756 -0.06137
vn 0.04417 0.99682 -0.06626
vn 0.05425 0.99601 -0.07082
vn 0.29698 0.94569 -0.13222
vn 0.39070 0.90393 -0.17395
vn 0.07755 0.99365 -0.08155
vn 0.08237 0.99307 -0.08387
vn 0.08549 0.99267 -0.08544
vn 0.08680 0.99249 -0.08623
vn 0.08625 0.99254 -0.08621
vn 0.08384 0.99282 -0.08536
vn 0.07959 0.99331 -0.08369
vn 0.39070 -0.90393 -0.17395
vn 0.29698 -0.94569 -0.13222
vn 0.05683 0.99562 -0.07418
vn 0.04649 0.99648 -0.06974
vn 0.03517 0.99728 -0.06483
vn 0.02318 0.99795 -0.05957
vn 0.01082 0.99848 -0.05412
vn 0.01022 0.99864 -0.05108
vn 0.02272 0.99830 -0.05374
vn 0.03494 0.99780 -0.05636
vn 0.04658 0.99718 -0.05889
vn 0.05739 0.99647 -0.06127
vn 0.31798 0.94569 -0.06759
vn 0.41833 0.90393 -0.08892
vn 0.08236 0.99435 -0.06697
vn 0.08753 0.99382 -0.06824
vn 0.09087 0.99346 -0.06915
vn 0.09227 0.99329 -0.06967
vn 0.09169 0.99334 -0.06977
vn 0.08909 0.99360 -0.06946
vn 0.08453 0.99405 -0.06873
vn 0.41833 -0.90393 -0.08892
vn 0.31798 -0.94569 -0.06759
vn 0.06012 0.99613 -0.06418
vn 0.04904 0.99687 -0.06199
vn 0.03691 0.99754 -0.05954
vn 0.02405 0.99809 -0.05689
vn 0.01082 0.99848 -0.05412
vn 0.01022 0.99864 -0.05108
vn 0.02300 0.99843 -0.05109
vn 0.03550 0.99806 -0.05112
vn 0.04742 0.99756 -0.05118
vn 0.05847 0.99697 -0.05127
vn 0.06841 0.99633 -0.05139
vn 0.07701 0.99570 -0.05153
vn 0.08404 0.99512 -0.05170
vn 0.08933 0.99465 -0.05189
vn 0.09275 0.99433 -0.05210
vn 0.09419 0.99418 -0.05233
vn 0.09358 0.99422 -0.05257
vn 0.09093 0.99446 -0.05281
vn 0.08625 0.99486 -0.05306
vn 0.07965 0.99540 -0.05330
vn 0.07125 0.99602 -0.05352
vn 0.06126 0.99668 -0.05371
vn 0.04991 0.99730 -0.05388
vn 0.03750 0.99784 -0.05400
vn 0.02435 0.99824 -0.05409
vn 0.01082 0.99848 -0.05412
vn 0.01011 0.99867 -0.05057
vn 0.01367 0.99863 -0.05057
vn 0.01716 0.99857 -0.05060
vn 0.02047 0.99851 -0.05064
vn 0.02355 0.99844 -0.05070
vn 0.02631 0.99836 -0.05078
vn 0.02869 0.99829 -0.05086
vn 0.03063 0.99823 -0.05097
vn 0.03207 0.99818 -0.05108
vn 0.03299 0.99814 -0.05119
vn 0.03336 0.99813 -0.05132
vn 0.03315 0.99813 -0.05144
vn 0.03238 0.99814 -0.05156
vn 0.03106 0.99818 -0.05168
vn 0.02921 0.99823 -0.05179
vn 0.02689 0.99829 -0.05189
vn 0.02414 0.99836 -0.05198
vn 0.02104 0.99842 -0.05205
vn 0.01767 0.99849 -0.05210
vn 0.01410 0.99854 -0.05213
vn 0.01043 0.99859 -0.05215
vn 0.01011 0.99867 -0.05057
vn 0.01360 0.99866 -0.04983
vn 0.01700 0.99865 -0.04914
vn 0.02025 0.99862 -0.04850
vn 0.02326 0.99858 -0.04792
vn 0.02596 0.99854 -0.04743
vn 0.02829 0.99849 -0.04702
vn 0.03019 0.99845 -0.04673
vn 0.03160 0.99842 -0.04654
vn 0.03250 0.99839 -0.04648
vn 0.03286 0.99838 -0.04653
vn 0.03266 0.99837 -0.04670
vn 0.03191 0.99839 -0.04699
vn 0.03061 0.99841 -0.04738
vn 0.02881 0.99844 -0.04788
vn 0.02653 0.99847 -0.04847
vn 0.02385 0.99851 -0.04913
vn 0.02081 0.99854 -0.04984
vn 0.01751 0.99857 -0.05060
vn 0.01402 0.99858 -0.05137
vn 0.01043 0.99859 -0.05215
vn 0.01011 0.99867 -0.05057
vn 0.01337 0.99870 -0.04913
vn 0.01655 0.99872 -0.04774
vn 0.01958 0.99873 -0.04644
vn 0.02240 0.99872 -0.04526
vn 0.02492 0.99871 -0.04422
vn 0.02710 0.99869 -0.04335
vn 0.02887 0.99867 -0.04267
vn 0.03020 0.99865 -0.04221
vn 0.03104 0.99864 -0.04196
vn 0.03138 0.99863 -0.04195
vn 0.03119 0.99862 -0.04216
vn 0.03049 0.99863 -0.04261
vn 0.02928 0.99863 -0.04327
vn 0.02760 0.99864 -0.04414
vn 0.02547 0.99865 -0.04519
vn 0.02296 0.99866 -0.04640
vn 0.02013 0.99866 -0.04773
vn 0.01704 0.99865 -0.04916
vn 0.01378 0.99862 -0.05064
vn 0.01043 0.99859 -0.05215
vn 0.01011 0.99867 -0.05057
vn 0.01300 0.99874 -0.04849
vn 0.01582 0.99879 -0.04647
vn 0.01850 0.99883 -0.04457
vn 0.02100 0.99886 -0.04284
vn 0.02324 0.99888 -0.04130
vn 0.02517 0.99888 -0.04000
vn 0.02674 0.99888 -0.03898
vn 0.02792 0.99888 -0.03825
vn 0.02867 0.99887 -0.03785
vn 0.02897 0.99887 -0.03777
vn 0.02881 0.99886 -0.03803
vn 0.02819 0.99886 -0.03862
vn 0.02712 0.99885 -0.03953
vn 0.02563 0.99884 -0.04073
vn 0.02375 0.99883 -0.04221
vn 0.02153 0.99880 -0.04392
vn 0.01902 0.99877 -0.04581
vn 0.01629 0.99872 -0.04785
vn 0.01340 0.99866 -0.04998
vn 0.01043 0.99859 -0.05215
vn 0.01011 0.99867 -0.05057
vn 0.01250 0.99877 -0.04793
vn 0.01483 0.99886 -0.04538
vn 0.01706 0.99893 -0.04297
vn 0.01912 0.99899 -0.04076
vn 0.02098 0.99903 -0.03879
vn 0.02258 0.99906 -0.03713
vn 0.02389 0.99907 -0.03581
vn 0.02486 0.99908 -0.03486
vn 0.02549 0.99909 -0.03432
vn 0.02574 0.99908 -0.03419
vn 0.02561 0.99908 -0.03448
vn 0.02510 0.99907 -0.03520
vn 0.02422 0.99905 -0.03631
vn 0.02299 0.99902 -0.03781
vn 0.02144 0.99898 -0.03965
vn 0.01961 0.99893 -0.04179
vn 0.01753 0.99887 -0.04417
vn 0.01527 0.99879 -0.04673
vn 0.01288 0.99870 -0.04941
vn 0.01043 0.99859 -0.05215
vn 0.01011 0.99867 -0.05057
vn 0.01190 0.99880 -0.04750
vn 0.01364 0.99892 -0.04452
vn 0.01531 0.99901 -0.04170
vn 0.01686 0.99909 -0.03911
vn 0.01825 0.99916 -0.03681
vn 0.01945 0.99920 -0.03486
vn 0.02043 0.99924 -0.03330
vn 0.02117 0.99926 -0.03218
vn 0.02164 0.99927 -0.03152
vn 0.02183 0.99927 -0.03135
vn 0.02174 0.99926 -0.03168
vn 0.02137 0.99924 -0.03249
vn 0.02072 0.99921 -0.03377
vn 0.01980 0.99917 -0.03550
vn 0.01865 0.99912 -0.03762
vn 0.01728 0.99905 -0.04010
vn 0.01573 0.99896 -0.04286
vn 0.01405 0.99885 -0.04584
vn 0.01226 0.99873 -0.04896
vn 0.01043 0.99859 -0.05215
vn 0.01011 0.99867 -0.05057
vn 0.01122 0.99882 -0.04720
vn 0.01230 0.99896 -0.04392
vn 0.01333 0.99908 -0.04083
vn 0.01429 0.99918 -0.03797
vn 0.01516 0.99926 -0.03544
vn 0.01591 0.99932 -0.03329
vn 0.01653 0.99936 -0.03157
vn 0.01699 0.99940 -0.03032
vn 0.01729 0.99941 -0.02959
vn 0.01742 0.99942 -0.02939
vn 0.01738 0.99941 -0.02974
vn 0.01715 0.99938 -0.03061
vn 0.01676 0.99935 -0.03201
vn 0.01620 0.99929 -0.03390
vn 0.01550 0.99922 -0.03622
vn 0.01466 0.99913 -0.03893
vn 0.01370 0.99903 -0.04196
vn 0.01266 0.99890 -0.04523
vn 0.01156 0.99875 -0.04865
vn 0.01043 0.99859 -0.05215
vn 0.01011 0.99867 -0.05057
vn 0.01049 0.99884 -0.04704
vn 0.01086 0.99899 -0.04362
vn 0.01122 0.99912 -0.04038
vn 0.01155 0.99923 -0.03739
vn 0.01186 0.99933 -0.03474
vn 0.01212 0.99940 -0.03248
vn 0.01234 0.99945 -0.03068
vn 0.01252 0.99949 -0.02938
vn 0.01263 0.99951 -0.02860
vn 0.01270 0.99952 -0.02839
vn 0.01270 0.99951 -0.02874
vn 0.01264 0.99948 -0.02966
vn 0.01252 0.99944 -0.03111
vn 0.01234 0.99938 -0.03308
vn 0.01212 0.99930 -0.03551
vn 0.01184 0.99919 -0.03834
vn 0.01153 0.99907 -0.04150
vn 0.01118 0.99893 -0.04491
vn 0.01081 0.99876 -0.04849
vn 0.01043 0.99859 -0.05215
vn 0.01011 0.99867 -0.05057
vn 0.00974 0.99885 -0.04704
vn 0.00939 0.99900 -0.04362
vn 0.00905 0.99914 -0.04038
vn 0.00875 0.99926 -0.03739
vn 0.00847 0.99936 -0.03474
vn 0.00825 0.99944 -0.03249
vn 0.00807 0.99950 -0.03068
vn 0.00794 0.99954 -0.02938
vn 0.00787 0.99956 -0.02861
vn 0.00786 0.99957 -0.02839
vn 0.00791 0.99956 -0.02874
vn 0.00802 0.99953 -0.02966
vn 0.00818 0.99948 -0.03111
vn 0.00840 0.99942 -0.03308
vn 0.00866 0.99933 -0.03551
vn 0.00897 0.99922 -0.03834
vn 0.00930 0.99910 -0.04150
vn 0.00967 0.99894 -0.04492
vn 0.01005 0.99877 -0.04849
vn 0.01043 0.99859 -0.05215
vn 0.01011 0.99867 -0.05057
vn 0.00902 0.99884 -0.04720
vn 0.00795 0.99900 -0.04393
vn 0.00694 0.99914 -0.04083
vn 0.00600 0.99926 -0.03798
vn 0.00517 0.99936 -0.03545
vn 0.00446 0.99944 -0.03329
vn 0.00388 0.99949 -0.03157
vn 0.00347 0.99953 -0.03033
vn 0.00321 0.99956 -0.02960
vn 0.00313 0.99956 -0.02940
vn 0.00323 0.99955 -0.02974
vn 0.00350 0.99953 -0.03062
vn 0.00394 0.99948 -0.03202
vn 0.00454 0.99941 -0.03390
vn 0.00528 0.99933 -0.03623
vn 0.00615 0.99922 -0.03894
vn 0.00713 0.99909 -0.04196
vn 0.00818 0.99894 -0.04523
vn 0.00929 0.99877 -0.04865
vn 0.01043 0.99859 -0.05215
vn 0.01011 0.99867 -0.05057
vn 0.00834 0.99884 -0.04750
vn 0.00660 0.99899 -0.04452
vn 0.00496 0.99912 -0.04171
vn 0.00344 0.99923 -0.03912
vn 0.00208 0.99932 -0.03682
vn 0.00092 0.99939 -0.03487
vn -0.00002 0.99945 -0.03331
vn -0.00072 0.99948 -0.03219
vn -0.00114 0.99950 -0.03153
vn -0.00128 0.99951 -0.03136
vn -0.00115 0.99950 -0.03168
vn -0.00072 0.99947 -0.03250
vn -0.00002 0.99943 -0.03378
vn 0.00093 0.99937 -0.03550
vn 0.00212 0.99929 -0.03763
vn 0.00352 0.99919 -0.04010
vn 0.00510 0.99907 -0.04287
vn 0.00680 0.99893 -0.04585
vn 0.00859 0.99876 -0.04897
vn 0.01043 0.99859 -0.05215
vn 0.01011 0.99867 -0.05057
vn 0.00773 0.99882 -0.04794
vn 0.00541 0.99895 -0.04539
vn 0.00321 0.99907 -0.04298
vn 0.00117 0.99917 -0.04076
vn -0.00066 0.99925 -0.03880
vn -0.00222 0.99931 -0.03714
vn -0.00348 0.99935 -0.03582
vn -0.00442 0.99938 -0.03487
vn -0.00499 0.99940 -0.03433
vn -0.00520 0.99940 -0.03420
vn -0.00502 0.99939 -0.03449
vn -0.00446 0.99937 -0.03521
vn -0.00353 0.99933 -0.03632
vn -0.00226 0.99928 -0.03782
vn -0.00067 0.99921 -0.03966
vn 0.00120 0.99913 -0.04179
vn 0.00330 0.99902 -0.04417
vn 0.00557 0.99889 -0.04674
vn 0.00797 0.99875 -0.04942
vn 0.01043 0.99859 -0.05215
vn 0.01011 0.99867 -0.05057
vn 0.00724 0.99880 -0.04849
vn 0.00443 0.99891 -0.04648
vn 0.00176 0.99900 -0.04458
vn -0.00071 0.99908 -0.04285
vn -0.00292 0.99914 -0.04131
vn -0.00481 0.99919 -0.04002
vn -0.00635 0.99922 -0.03899
vn -0.00748 0.99924 -0.03827
vn -0.00818 0.99925 -0.03786
vn -0.00843 0.99925 -0.03779
vn -0.00822 0.99924 -0.03805
vn -0.00755 0.99922 -0.03863
vn -0.00643 0.99920 -0.03954
vn -0.00490 0.99916 -0.04075
vn -0.00298 0.99910 -0.04222
vn -0.00073 0.99903 -0.04393
vn 0.00181 0.99895 -0.04582
vn 0.00456 0.99884 -0.04786
vn 0.00746 0.99872 -0.04999
vn 0.01043 0.99859 -0.05215
vn 0.01011 0.99867 -0.05057
vn 0.00686 0.99877 -0.04913
vn 0.00369 0.99885 -0.04775
vn 0.00068 0.99892 -0.04645
vn -0.00211 0.99897 -0.04527
vn -0.00461 0.99901 -0.04423
vn -0.00675 0.99904 -0.04337
vn -0.00848 0.99905 -0.04269
vn -0.00976 0.99906 -0.04222
vn -0.01056 0.99906 -0.04198
vn -0.01084 0.99906 -0.04196
vn -0.01061 0.99905 -0.04218
vn -0.00986 0.99904 -0.04263
vn -0.00860 0.99903 -0.04329
vn -0.00687 0.99900 -0.04416
vn -0.00471 0.99897 -0.04521
vn -0.00217 0.99892 -0.04641
vn 0.00070 0.99886 -0.04774
vn 0.00380 0.99878 -0.04917
vn 0.00708 0.99869 -0.05065
vn 0.01043 0.99859 -0.05215
vn 0.01011 0.99867 -0.05057
vn 0.00663 0.99874 -0.04984
vn 0.00324 0.99879 -0.04915
vn 0.00001 0.99882 -0.04851
vn -0.00298 0.99885 -0.04793
vn -0.00565 0.99886 -0.04744
vn -0.00794 0.99886 -0.04704
vn -0.00980 0.99886 -0.04675
vn -0.01117 0.99885 -0.04656
vn -0.01203 0.99885 -0.04650
vn -0.01233 0.99884 -0.04655
vn -0.01208 0.99883 -0.04672
vn -0.01128 0.99883 -0.04701
vn -0.00994 0.99883 -0.04740
vn -0.00809 0.99882 -0.04790
vn -0.00578 0.99881 -0.04848
vn -0.00305 0.99879 -0.04914
vn 0.00001 0.99876 -0.04985
vn 0.00333 0.99871 -0.05061
vn 0.00684 0.99866 -0.05138
vn 0.01043 0.99859 -0.05215
vn 0.01011 0.99867 -0.05057
vn 0.00655 0.99870 -0.05058
vn 0.00308 0.99871 -0.05061
vn -0.00022 0.99872 -0.05065
vn -0.00327 0.99871 -0.05071
vn -0.00600 0.99869 -0.05079
vn -0.00835 0.99867 -0.05088
vn -0.01025 0.99865 -0.05099
vn -0.01165 0.99863 -0.05110
vn -0.01252 0.99861 -0.05122
vn -0.01284 0.99860 -0.05134
vn -0.01258 0.99860 -0.05147
vn -0.01176 0.99860 -0.05159
vn -0.01039 0.99861 -0.05170
vn -0.00850 0.99862 -0.05181
vn -0.00614 0.99863 -0.05191
vn -0.00335 0.99864 -0.05199
vn -0.00022 0.99864 -0.05206
vn 0.00318 0.99864 -0.05211
vn 0.00676 0.99862 -0.05214
vn 0.01043 0.99859 -0.05215
vn 0.01011 0.99867 -0.05057
vn 0.00663 0.99866 -0.05131
vn 0.00324 0.99864 -0.05206
vn 0.00001 0.99861 -0.05280
vn -0.00298 0.99856 -0.05350
vn -0.00565 0.99852 -0.05414
vn -0.00794 0.99847 -0.05472
vn -0.00980 0.99843 -0.05523
vn -0.01117 0.99839 -0.05563
vn -0.01202 0.99836 -0.05594
vn -0.01233 0.99835 -0.05613
vn -0.01208 0.99835 -0.05621
vn -0.01128 0.99836 -0.05616
vn -0.00993 0.99838 -0.05600
vn -0.00809 0.99841 -0.05572
vn -0.00577 0.99845 -0.05533
vn -0.00305 0.99849 -0.05484
vn 0.00001 0.99853 -0.05426
vn 0.00333 0.99856 -0.05361
vn 0.00684 0.99858 -0.05290
vn 0.01043 0.99859 -0.05215
vn 0.01011 0.99867 -0.05057
vn 0.00686 0.99862 -0.05202
vn 0.00369 0.99856 -0.05346
vn 0.00068 0.99849 -0.05485
vn -0.00211 0.99842 -0.05615
vn -0.00460 0.99834 -0.05735
vn -0.00674 0.99827 -0.05840
vn -0.00847 0.99821 -0.05928
vn -0.00975 0.99815 -0.05997
vn -0.01055 0.99812 -0.06045
vn -0.01083 0.99810 -0.06071
vn -0.01060 0.99810 -0.06074
vn -0.00985 0.99812 -0.06054
vn -0.00859 0.99815 -0.06011
vn -0.00687 0.99821 -0.05946
vn -0.00471 0.99827 -0.05861
vn -0.00216 0.99834 -0.05757
vn 0.00070 0.99841 -0.05637
vn 0.00380 0.99848 -0.05505
vn 0.00707 0.99854 -0.05363
vn 0.01043 0.99859 -0.05215
vn 0.01011 0.99867 -0.05057
vn 0.00723 0.99859 -0.05266
vn 0.00443 0.99849 -0.05473
vn 0.00176 0.99839 -0.05672
vn -0.00071 0.99828 -0.05857
vn -0.00292 0.99818 -0.06026
vn -0.00481 0.99808 -0.06174
vn -0.00634 0.99800 -0.06296
vn -0.00747 0.99793 -0.06391
vn -0.00817 0.99788 -0.06455
vn -0.00842 0.99786 -0.06487
vn -0.00821 0.99786 -0.06486
vn -0.00754 0.99789 -0.06452
vn -0.00643 0.99794 -0.06385
vn -0.00489 0.99801 -0.06286
vn -0.00298 0.99810 -0.06159
vn -0.00073 0.99820 -0.06005
vn 0.00181 0.99830 -0.05829
vn 0.00456 0.99840 -0.05635
vn 0.00746 0.99850 -0.05429
vn 0.01043 0.99859 -0.05215
vn 0.01011 0.99867 -0.05057
vn 0.00773 0.99855 -0.05321
vn 0.00541 0.99843 -0.05582
vn 0.00320 0.99829 -0.05832
vn 0.00117 0.99816 -0.06065
vn -0.00066 0.99803 -0.06276
vn -0.00222 0.99791 -0.06460
vn -0.00348 0.99781 -0.06612
vn -0.00441 0.99772 -0.06729
vn -0.00498 0.99767 -0.06807
vn -0.00519 0.99764 -0.06845
vn -0.00501 0.99765 -0.06840
vn -0.00445 0.99768 -0.06793
vn -0.00353 0.99774 -0.06705
vn -0.00226 0.99783 -0.06578
vn -0.00067 0.99794 -0.06414
vn 0.00120 0.99806 -0.06218
vn 0.00329 0.99820 -0.05994
vn 0.00557 0.99833 -0.05748
vn 0.00797 0.99846 -0.05486
vn 0.01043 0.99859 -0.05215
vn 0.01011 0.99867 -0.05057
vn 0.00833 0.99852 -0.05365
vn 0.00660 0.99837 -0.05668
vn 0.00495 0.99821 -0.05958
vn 0.00343 0.99805 -0.06229
vn 0.00208 0.99790 -0.06474
vn 0.00091 0.99776 -0.06687
vn -0.00002 0.99764 -0.06862
vn -0.00071 0.99755 -0.06996
vn -0.00114 0.99749 -0.07085
vn -0.00128 0.99746 -0.07127
vn -0.00114 0.99746 -0.07119
vn -0.00072 0.99750 -0.07063
vn -0.00002 0.99758 -0.06959
vn 0.00093 0.99768 -0.06808
vn 0.00212 0.99781 -0.06616
vn 0.00352 0.99795 -0.06386
vn 0.00509 0.99811 -0.06124
vn 0.00680 0.99827 -0.05836
vn 0.00859 0.99843 -0.05531
vn 0.01043 0.99859 -0.05215
vn 0.01011 0.99867 -0.05057
vn 0.00901 0.99850 -0.05395
vn 0.00794 0.99833 -0.05728
vn 0.00693 0.99815 -0.06046
vn 0.00599 0.99797 -0.06343
vn 0.00516 0.99780 -0.06610
vn 0.00445 0.99765 -0.06843
vn 0.00388 0.99751 -0.07035
vn 0.00346 0.99741 -0.07181
vn 0.00321 0.99734 -0.07278
vn 0.00312 0.99731 -0.07322
vn 0.00322 0.99732 -0.07313
vn 0.00349 0.99736 -0.07250
vn 0.00393 0.99744 -0.07134
vn 0.00453 0.99756 -0.06968
vn 0.00527 0.99770 -0.06756
vn 0.00614 0.99786 -0.06502
vn 0.00712 0.99804 -0.06214
vn 0.00818 0.99823 -0.05898
vn 0.00929 0.99841 -0.05562
vn 0.01043 0.99859 -0.05215
vn 0.01011 0.99867 -0.05057
vn 0.00974 0.99849 -0.05411
vn 0.00938 0.99830 -0.05758
vn 0.00904 0.99810 -0.06091
vn 0.00873 0.99791 -0.06400
vn 0.00846 0.99773 -0.06680
vn 0.00823 0.99757 -0.06923
vn 0.00805 0.99743 -0.07123
vn 0.00792 0.99732 -0.07275
vn 0.00785 0.99725 -0.07376
vn 0.00784 0.99721 -0.07422
vn 0.00789 0.99722 -0.07411
vn 0.00800 0.99727 -0.07345
vn 0.00816 0.99735 -0.07223
vn 0.00838 0.99748 -0.07049
vn 0.00865 0.99763 -0.06827
vn 0.00895 0.99780 -0.06561
vn 0.00929 0.99800 -0.06260
vn 0.00966 0.99819 -0.05929
vn 0.01004 0.99839 -0.05577
vn 0.01043 0.99859 -0.05215
vn 0.01011 0.99867 -0.05057
vn 0.01049 0.99848 -0.05411
vn 0.01085 0.99828 -0.05758
vn 0.01120 0.99808 -0.06090
vn 0.01154 0.99788 -0.06400
vn 0.01184 0.99770 -0.06680
vn 0.01210 0.99753 -0.06923
vn 0.01232 0.99738 -0.07123
vn 0.01249 0.99727 -0.07275
vn 0.01261 0.99720 -0.07375
vn 0.01267 0.99716 -0.07421
vn 0.01267 0.99717 -0.07411
vn 0.01261 0.99722 -0.07344
vn 0.01249 0.99731 -0.07223
vn 0.01232 0.99744 -0.07049
vn 0.01210 0.99759 -0.06827
vn 0.01183 0.99778 -0.06561
vn 0.01152 0.99797 -0.06259
vn 0.01117 0.99818 -0.05929
vn 0.01081 0.99838 -0.05577
vn 0.01043 0.99859 -0.05215
vn 0.01011 0.99867 -0.05057
vn 0.01121 0.99848 -0.05395
vn 0.01229 0.99828 -0.05727
vn 0.01332 0.99808 -0.06045
vn 0.01428 0.99788 -0.06342
vn 0.01514 0.99770 -0.06610
vn 0.01588 0.99753 -0.06842
vn 0.01649 0.99739 -0.07034
vn 0.01695 0.99727 -0.07180
vn 0.01725 0.99720 -0.07277
vn 0.01738 0.99717 -0.07321
vn 0.01734 0.99717 -0.07312
vn 0.01712 0.99722 -0.07249
vn 0.01673 0.99731 -0.07133
vn 0.01617 0.99744 -0.06967
vn 0.01547 0.99760 -0.06755
vn 0.01464 0.99778 -0.06502
vn 0.01369 0.99797 -0.06213
vn 0.01265 0.99818 -0.05897
vn 0.01156 0.99839 -0.05561
vn 0.01043 0.99859 -0.05215
vn 0.01011 0.99867 -0.05057
vn 0.01189 0.99849 -0.05365
vn 0.01363 0.99830 -0.05668
vn 0.01529 0.99811 -0.05958
vn 0.01684 0.99792 -0.06228
vn 0.01822 0.99774 -0.06473
vn 0.01942 0.99757 -0.06685
vn 0.02039 0.99744 -0.06861
vn 0.02113 0.99733 -0.06995
vn 0.02160 0.99725 -0.07084
vn 0.02179 0.99722 -0.07125
vn 0.02170 0.99723 -0.07118
vn 0.02133 0.99728 -0.07061
vn 0.02068 0.99736 -0.06957
vn 0.01977 0.99748 -0.06807
vn 0.01862 0.99764 -0.06615
vn 0.01726 0.99781 -0.06385
vn 0.01572 0.99800 -0.06123
vn 0.01404 0.99820 -0.05836
vn 0.01226 0.99839 -0.05530
vn 0.01043 0.99859 -0.05215
vn 0.01011 0.99867 -0.05057
vn 0.01250 0.99851 -0.05321
vn 0.01482 0.99833 -0.05581
vn 0.01704 0.99815 -0.05831
vn 0.01910 0.99798 -0.06064
vn 0.02095 0.99781 -0.06275
vn 0.02255 0.99766 -0.06459
vn 0.02385 0.99753 -0.06611
vn 0.02482 0.99743 -0.06727
vn 0.02544 0.99736 -0.06805
vn 0.02570 0.99733 -0.06842
vn 0.02557 0.99733 -0.06838
vn 0.02506 0.99738 -0.06791
vn 0.02418 0.99746 -0.06703
vn 0.02296 0.99757 -0.06576
vn 0.02141 0.99771 -0.06413
vn 0.01959 0.99787 -0.06216
vn 0.01752 0.99805 -0.05993
vn 0.01526 0.99823 -0.05747
vn 0.01288 0.99841 -0.05485
vn 0.01043 0.99859 -0.05215
vn 0.01011 0.99867 -0.05057
vn 0.01299 0.99853 -0.05266
vn 0.01581 0.99838 -0.05472
vn 0.01849 0.99822 -0.05671
vn 0.02098 0.99806 -0.05856
vn 0.02322 0.99791 -0.06025
vn 0.02514 0.99778 -0.06172
vn 0.02671 0.99766 -0.06294
vn 0.02788 0.99757 -0.06389
vn 0.02863 0.99751 -0.06453
vn 0.02893 0.99748 -0.06485
vn 0.02877 0.99748 -0.06484
vn 0.02815 0.99752 -0.06450
vn 0.02709 0.99759 -0.06382
vn 0.02560 0.99770 -0.06284
vn 0.02373 0.99782 -0.06157
vn 0.02151 0.99796 -0.06004
vn 0.01901 0.99812 -0.05828
vn 0.01628 0.99828 -0.05635
vn 0.01339 0.99844 -0.05428
vn 0.01043 0.99859 -0.05215
vn 0.01011 0.99867 -0.05057
vn 0.01337 0.99856 -0.05202
vn 0.01655 0.99843 -0.05345
vn 0.01958 0.99830 -0.05484
vn 0.02239 0.99817 -0.05614
vn 0.02491 0.99804 -0.05733
vn 0.02708 0.99793 -0.05838
vn 0.02885 0.99783 -0.05925
vn 0.03017 0.99775 -0.05994
vn 0.03101 0.99769 -0.06042
vn 0.03135 0.99766 -0.06068
vn 0.03116 0.99767 -0.06071
vn 0.03046 0.99770 -0.06051
vn 0.02925 0.99776 -0.06009
vn 0.02757 0.99785 -0.05944
vn 0.02545 0.99796 -0.05859
vn 0.02295 0.99808 -0.05755
vn 0.02012 0.99821 -0.05636
vn 0.01704 0.99834 -0.05504
vn 0.01378 0.99847 -0.05362
vn 0.01043 0.99859 -0.05215
vn 0.01011 0.99867 -0.05057
vn 0.01360 0.99859 -0.05131
vn 0.01700 0.99850 -0.05206
vn 0.02025 0.99840 -0.05279
vn 0.02325 0.99830 -0.05348
vn 0.02595 0.99820 -0.05413
vn 0.02828 0.99810 -0.05470
vn 0.03018 0.99802 -0.05520
vn 0.03159 0.99795 -0.05561
vn 0.03249 0.99791 -0.05591
vn 0.03284 0.99788 -0.05611
vn 0.03264 0.99789 -0.05618
vn 0.03189 0.99791 -0.05614
vn 0.03060 0.99796 -0.05598
vn 0.02880 0.99803 -0.05570
vn 0.02652 0.99812 -0.05532
vn 0.02384 0.99821 -0.05483
vn 0.02081 0.99831 -0.05425
vn 0.01751 0.99841 -0.05360
vn 0.01402 0.99850 -0.05289
vn 0.01043 0.99859 -0.05215
vn 0.01011 0.99867 -0.05057
vn 0.01367 0.99863 -0.05057
vn 0.01716 0.99857 -0.05060
vn 0.02047 0.99851 -0.05064
vn 0.02355 0.99844 -0.05070
vn 0.02631 0.99836 -0.05078
vn 0.02869 0.99829 -0.05086
vn 0.03063 0.99823 -0.05097
vn 0.03207 0.99818 -0.05108
vn 0.03299 0.99814 -0.05119
vn 0.03336 0.99813 -0.05132
vn 0.03315 0.99813 -0.05144
vn 0.03238 0.99814 -0.05156
vn 0.03106 0.99818 -0.05168
vn 0.02921 0.99823 -0.05179
vn 0.02689 0.99829 -0.05189
vn 0.02414 0.99836 -0.05198
vn 0.02104 0.99842 -0.05205
vn 0.01767 0.99849 -0.05210
vn 0.01410 0.99854 -0.05213
vn 0.01043 0.99859 -0.05215
f 1/1/1 22/22/22 23/23/23
f 1/1/1 23/23/23 2/2/2
f 2/2/2 23/23/23 24/24/24
f 2/2/2 24/24/24 3/3/3
f 3/3/3 24/24/24 25/25/25
f 3/3/3 25/25/25 4/4/4
f 4/4/4 25/25/25 26/26/26
f 4/4/4 26/26/26 5/5/5
f 5/5/5 26/26/26 27/27/27
f 5/5/5 27/27/27 6/6/6
f 6/6/6 27/27/27 28/28/28
f 6/6/6 28/28/28 7/7/7
f 7/7/7 28/28/28 29/29/29
f 7/7/7 29/29/29 8/8/8
f 8/8/8 29/29/29 30/30/30
f 8/8/8 30/30/30 9/9/9
f 9/9/9 30/30/30 31/31/31
f 9/9/9 31/31/31 10/10/10
f 10/10/10 31/31/31 32/32/32
f 10/10/10 32/32/32 11/11/11
f 11/11/11 32/32/32 33/33/33
f 11/11/11 33/33/33 12/12/12
f 12/12/12 33/33/33 34/34/34
f 12/12/12 34/34/34 13/13/13
f 13/13/13 34/34/34 35/35/35
f 13/13/13 35/35/35 14/14/14
f 14/14/14 35/35/35 36/36/36
f 14/14/14 36/36/36 15/15/15
f 15/15/15 36/36/36 37/37/37
f 15/15/15 37/37/37 16/16/16
f 16/16/16 37/37/37 38/38/38
f 16/16/16 38/38/38 17/17/17
f 17/17/17 38/38/38 39/39/39
f 17/17/17 39/39/39 18/18/18
f 18/18/18 39/39/39 40/40/40
f 18/18/18 40/40/40 19/19/19
f 19/19/19 40/40/40 41/41/41
f 19/19/19 41/41/41 20/20/20
f 20/20/20 41/41/41 42/42/42
f 20/20/20 42/42/42 21/21/21
f 22/22/22 43/43/43 44/44/44
f 22/22/22 44/44/44 23/23/23
f 23/23/23 44/44/44 45/45/45
f 23/23/23 45/45/45 24/24/24
f 24/24/24 45/45/45 46/46/46
f 24/24/24 46/46/46 25/25/25
f 25/25/25 46/46/46 47/47/47
f 25/25/25 47/47/47 26/26/26
f 26/26/26 47/47/47 48/48/48
f 26/26/26 48/48/48 27/27/27
f 27/27/27 48/48/48 49/49/49
f 27/27/27 49/49/49 28/28/28
f 28/28/28 49/49/49 50/50/50
f 28/28/28 50/50/50 29/29/29
f 29/29/29 50/50/50 51/51/51
f 29/29/29 51/51/51 30/30/30
f 30/30/30 51/51/51 52/52/52
f 30/30/30 52/52/52 31/31/31
f 31/31/31 52/52/52 53/53/53
f 31/31/31 53/53/53 32/32/32
f 32/32/32 53/53/53 54/54/54
f 32/32/32 54/54/54 33/33/33
f 33/33/33 54/54/54 55/55/55
f 33/33/33 55/55/55 34/34/34
f 34/34/34 55/55/55 56/56/56
f 34/34/34 56/56/56 35/35/35
f 35/35/35 56/56/56 57/57/57
f 35/35/35 57/57/57 36/36/36
f 36/36/36 57/57/57 58/58/58
f 36/36/36 58/58/58 37/37/37
f 37/37/37 58/58/58 59/59/59
f 37/37/37 59/59/59 38/38/38
f 38/38/38 59/59/59 60/60/60
f 38/38/38 60/60/60 39/39/39
f 39/39/39 60/60/60 61/61/61
f 39/39/39 61/61/61 40/40/40
f 40/40/40 61/61/61 62/62/62
f 40/40/40 62/62/62 41/41/41
f 41/41/41 62/62/62 63/63/63
f 41/41/41 63/63/63 42/42/42
f 43/43/43 64/64/64 65/65/65
f 43/43/43 65/65/65 44/44/44
f 44/44/44 65/65/65 66/66/66
f 44/44/44 66/66/66 45/45/45
f 45/45/45 66/66/66 67/67/67
f 45/45/45 67/67/67 46/46/46
f 46/46/46 67/67/67 68/68/68
f 46/46/46 68/68/68 47/47/47
f 47/47/47 68/68/68 69/69/69
f 47/47/47 69/69/69 48/48/48
f 48/48/48 69/69/69 70/70/70
f 48/48/48 70/70/70 49/49/49
f 49/49/49 70/70/70 71/71/71
f 49/49/49 71/71/71 50/50/50
f 50/50/50 71/71/71 72/72/72
f 50/50/50 72/72/72 51/51/51
f 51/51/51 72/72/72 73/73/73
f 51/51/51 73/73/73 52/52/52
f 52/52/52 73/73/73 74/74/74
f 52/52/52 74/74/74 53/53/53
f 53/53/53 74/74/74 75/75/75
f 53/53/53 75/75/75 54/54/54
f 54/54/54 75/75/75 76/76/76
f 54/54/54 76/76/76 55/55/55
f 55/55/55 76/76/76 77/77/77
f 55/55/55 77/77/77 56/56/56
f 56/56/56 77/77/77 78/78/78
f 56/56/56 78/78/78 57/57/57
f 57/57/57 78/78/78 79/79/79
f 57/57/57 79/79/79 58/58/58
f 58/58/58 79/79/79 80/80/80
f 58/58/58 80/80/80 59/59/59
f 59/59/59 80/80/80 81/81/81
f 59/59/59 81/81/81 60/60/60
f 60/60/60 81/81/81 82/82/82
f 60/60/60 82/82/82 61/61/61
f 61/61/61 82/82/82 83/83/83
f 61/61/61 83/83/83 62/62/62
f 62/62/62 83/83/83 84/84/84
f 62/62/62 84/84/84 63/63/63
f 64/64/64 85/85/85 86/86/86
f 64/64/64 86/86/86 65/65/65
f 65/65/65 86/86/86 87/87/87
f 65/65/65 87/87/87 66/66/66
f 66/66/66 87/87/87 88/88/88
f 66/66/66 88/88/88 67/67/67
f 67/67/67 88/88/88 89/89/89
f 67/67/67 89/89/89 68/68/68
f 68/68/68 89/89/89 90/90/90
f 68/68/68 90/90/90 69/69/69
f 69/69/69 90/90/90 91/91/91
f 69/69/69 91/91/91 70/70/70
f 70/70/70 91/91/91 92/92/92
f 70/70/70 92/92/92 71/71/71
f 71/71/71 92/92/92 93/93/93
f 71/71/71 93/93/93 72/72/72
f 72/72/72 93/93/93 94/94/94
f 72/72/72 94/94/94 73/73/73
f 73/73/73 94/94/94 95/95/95
f 73/73/73 95/95/95 74/74/74
f 74/74/74 95/95/95 96/96/96
f 74/74/74 96/96/96 75/75/75
f 75/75/75 96/96/96 97/97/97
f 75/75/75 97/97/97 76/76/76
f 76/76/76 97/97/97 98/98/98
f 76/76/76 98/98/98 77/77/77
f 77/77/77 98/98/98 99/99/99
f 77/77/77 99/99/99 78/78/78
f 78/78/78 99/99/99 100/100/100
f 78/78/78 100/100/100 79/79/79
f 79/79/79 100/100/100 101/101/101
f 79/79/79 101/101/101 80/80/80
f 80/80/80 101/101/101 102/102/102
f 80/80/80 102/102/102 81/81/81
f 81/81/81 102/102/102 103/103/103
f 81/81/81 103/103/103 82/82/82
f 82/82/82 103/103/103 104/104/104
f 82/82/82 104/104/104 83/83/83
f 83/83/83 104/104/104 105/105/105
f 83/83/83 105/105/105 84/84/84
f 85/85/85 106/106/106 107/107/107
f 85/85/85 107/107/107 86/86/86
f 86/86/86 107/107/107 108/108/108
f 86/86/86 108/108/108 87/87/87
f 87/87/87 108/108/108 109/109/109
f 87/87/87 109/109/109 88/88/88
f 88/88/88 109/109/109 110/110/110
f 88/88/88 110/110/110 89/89/89
f 89/89/89 110/110/110 111/111/111
f 89/89/89 111/111/111 90/90/90
f 90/90/90 111/111/111 112/112/112
f 90/90/90 112/112/112 91/91/91
f 91/91/91 112/112/112 113/113/113
f 91/91/91 113/113/113 92/92/92
f 92/92/92 113/113/113 114/114/114
f 92/92/92 114/114/114 93/93/93
f 93/93/93 114/114/114 115/115/115
f 93/93/93 115/115/115 94/94/94
f 94/94/94 115/115/115 116/116/116
f 94/94/94 116/116/116 95/95/95
f 95/95/95 116/116/116 117/117/117
f 95/95/95 117/117/117 96/96/96
f 96/96/96 117/117/117 118/118/118
f 96/96/96 118/118/118 97/97/97
f 97/97/97 118/118/118 119/119/119
f 97/97/97 119/119/119 98/98/98
f 98/98/98 119/119/119 120/120/120
f 98/98/98 120/120/120 99/99/99
f 99/99/99 120/120/120 121/121/121
f 99/99/99 121/121/121 100/100/100
f 100/100/100 121/121/121 122/122/122
f 100/100/100 122/122/122 101/101/101
f 101/101/101 122/122/122 123/123/123
f 101/101/101 123/123/123 102/102/102
f 102/102/102 123/123/123 124/124/124
f 102/102/102 124/124/124 103/103/103
f 103/103/103 124/124/124 125/125/125
f 103/103/103 125/125/125 104/104/104
f 104/104/104 125/125/125 126/126/126
f 104/104/104 126/126/126 105/105/105
f 106/106/106 127/127/127 128/128/128
f 106/106/106 128/128/128 107/107/107
f 107/107/107 128/128/128 129/129/129
f 107/107/107 129/129/129 108/108/108
f 108/108/108 129/129/129 130/130/130
f 108/108/108 130/130/130 109/109/109
f 109/109/109 130/130/130 131/131/131
f 109/109/109 131/131/131 110/110/110
f 110/110/110 131/131/131 132/132/132
f 110/110/110 132/132/132 111/111/111
f 111/111/111 132/132/132 133/133/133
f 111/111/111 133/133/133 112/112/112
f 112/112/112 133/133/133 134/134/134
f 112/112/112 134/134/134 113/113/113
f 113/113/113 134/134/134 135/135/135
f 113/113/113 135/135/135 114/114/114
f 114/114/114 135/135/135 136/136/136
f 114/114/114 136/136/136 115/115/115
f 115/115/115 136/136/136 137/137/137
f 115/115/115 137/137/137 116/116/116
f 116/116/116 137/137/137 138/138/138
f 116/116/116 138/138/138 117/117/117
f 117/117/117 138/138/138 139/139/139
f 117/117/117 139/139/139 118/118/118
f 118/118/118 139/139/139 140/140/140
f 118/118/118 140/140/140 119/119/119
f 119/119/119 140/140/140 141/141/141
f 119/119/119 141/141/141 120/120/120
f 120/120/120 141/141/141 142/142/142
f 120/120/120 142/142/142 121/121/121
f 121/121/121 142/142/142 143/143/143
f 121/121/121 143/143/143 122/122/122
f 122/122/122 143/143/143 144/144/144
f 122/122/122 144/144/144 123/123/123
f 123/123/123 144/144/144 145/145/145
f 123/123/123 145/145/145 124/124/124
f 124/124/124 145/145/145 146/146/146
f 124/124/124 146/146/146 125/125/125
f 125/125/125 146/146/146 147/147/147
f 125/125/125 147/147/147 126/126/126
f 127/127/127 148/148/148 149/149/149
f 127/127/127 149/149/149 128/128/128
f 128/128/128 149/149/149 150/150/150
f 128/128/128 150/150/150 129/129/129
f 129/129/129 150/150/150 151/151/151
f 129/129/129 151/151/151 130/130/130
f 130/130/130 151/151/151 152/152/152
f 130/130/130 152/152/152 131/131/131
f 131/131/131 152/152/152 153/153/153
f 131/131/131 153/153/153 132/132/132
f 132/132/132 153/153/153 154/154/154
f 132/132/132 154/154/154 133/133/133
f 133/133/133 154/154/154 155/155/155
f 133/133/133 155/155/155 134/134/134
f 134/134/134 155/155/155 156/156/156
f 134/134/134 156/156/156 135/135/135
f 135/135/135 156/156/156 157/157/157
f 135/135/135 157/157/157 136/136/136
f 136/136/136 157/157/157 158/158/158
f 136/136/136 158/158/158 137/137/137
f 137/137/137 158/158/158 159/159/159
f 137/137/137 159/159/159 138/138/138
f 138/138/138 159/159/159 160/160/160
f 138/138/138 160/160/160 139/139/139
f 139/139/139 160/160/160 161/161/161
f 139/139/139 161/161/161 140/140/140
f 140/140/140 161/161/161 162/162/162
f 140/140/140 162/162/162 141/141/141
f 141/141/141 162/162/162 163/163/163
f 141/141/141 163/163/163 142/142/142
f 142/142/142 163/163/163 164/164/164
f 142/142/142 164/164/164 143/143/143
f 143/143/143 164/164/164 165/165/165
f 143/143/143 165/165/165 144/144/144
f 144/144/144 165/165/165 166/166/166
f 144/144/144 166/166/166 145/145/145
f 145/145/145 166/166/166 167/167/167
f 145/145/145 167/167/167 146/146/146
f 146/146/146 167/167/167 168/168/168
f 146/146/146 168/168/168 147/147/147
f 148/148/148 169/169/169 170/170/170
f 148/148/148 170/170/170 149/149/149
f 149/149/149 170/170/170 171/171/171
f 149/149/149 171/171/171 150/150/150
f 150/150/150 171/171/171 172/172/172
f 150/150/150 172/172/172 151/151/151
f 151/151/151 172/172/172 173/173/173
f 151/151/151 173/173/173 152/152/152
f 152/152/152 173/173/173 174/174/174
f 152/152/152 174/174/174 153/153/153
f 153/153/153 174/174/174 175/175/175
f 153/153/153 175/175/175 154/154/154
f 154/154/154 175/175/175 176/176/176
f 154/154/154 176/176/176 155/155/155
f 155/155/155 176/176/176 177/177/177
f 155/155/155 177/177/177 156/156/156
f 156/156/156 177/177/177 178/178/178
f 156/156/156 178/178/178 157/157/157
f 157/157/157 178/178/178 179/179/179
f 157/157/157 179/179/179 158/158/158
f 158/158/158 179/179/179 180/180/180
f 158/158/158 180/180/180 159/159/159
f 159/159/159 180/180/180 181/181/181
f 159/159/159 181/181/181 160/160/160
f 160/160/160 181/181/181 182/182/182
f 160/160/160 182/182/182 161/161/161
f 161/161/161 182/182/182 183/183/183
f 161/161/161 183/183/183 162/162/162
f 162/162/162 183/183/183 184/184/184
f 162/162/162 184/184/184 163/163/163
f 163/163/163 184/184/184 185/185/185
f 163/163/163 185/185/185 164/164/164
f 164/164/164 185/185/185 186/186/186
f 164/164/164 186/186/186 165/165/165
f 165/165/165 186/186/186 187/187/187
f 165/165/165 187/187/187 166/166/166
f 166/166/166 187/187/187 188/188/188
f 166/166/166 188/188/188 167/167/167
f 167/167/167 188/188/188 189/189/189
f 167/167/167 189/189/189 168/168/168
f 169/169/169 190/190/190 191/191/191
f 169/169/169 191/191/191 170/170/170
f 170/170/170 191/191/191 192/192/192
f 170/170/170 192/192/192 171/171/171
f 171/171/171 192/192/192 193/193/193
f 171/171/171 193/193/193 172/172/172
f 172/172/172 193/193/193 194/194/194
f 172/172/172 194/194/194 173/173/173
f 173/173/173 194/194/194 195/195/195
f 173/173/173 195/195/195 174/174/174
f 174/174/174 195/195/195 196/196/196
f 174/174/174 196/196/196 175/175/175
f 175/175/175 196/196/196 197/197/197
f 175/175/175 197/197/197 176/176/176
f 176/176/176 197/197/197 198/198/198
f 176/176/176 198/198/198 177/177/177
f 177/177/177 198/198/198 199/199/199
f 177/177/177 199/199/199 178/178/178
f 178/178/178 199/199/199 200/200/200
f 178/178/178 200/200/200 179/179/179
f 179/179/179 200/200/200 201/201/201
f 179/179/179 201/201/201 180/180/180
f 180/180/180 201/201/201 202/202/202
f 180/180/180 202/202/202 181/181/181
f 181/181/181 202/202/202 203/203/203
f 181/181/181 203/203/203 182/182/182
f 182/182/182 203/203/203 204/204/204
f 182/182/182 204/204/204 183/183/183
f 183/183/183 204/204/204 205/205/205
f 183/183/183 205/205/205 184/184/184
f 184/184/184 205/205/205 206/206/206
f 184/184/184 206/206/206 185/185/185
f 185/185/185 206/206/206 207/207/207
f 185/185/185 207/207/207 186/186/186
f 186/186/186 207/207/207 208/208/208
f 186/186/186 208/208/208 187/187/187
f 187/187/187 208/208/208 209/209/209
f 187/187/187 209/209/209 188/188/188
f 188/188/188 209/209/209 210/210/210
f 188/188/188 210/210/210 189/189/189
f 190/190/190 211/211/211 212/212/212
f 190/190/190 212/212/212 191/191/191
f 191/191/191 212/212/212 213/213/213
f 191/191/191 213/213/213 192/192/192
f 192/192/192 213/213/213 214/214/214
f 192/192/192 214/214/214 193/193/193
f 193/193/193 214/214/214 215/215/215
f 193/193/193 215/215/215 194/194/194
f 194/194/194 215/215/215 216/216/216
f 194/194/194 216/216/216 195/195/195
f 195/195/195 216/216/216 217/217/217
f 195/195/195 217/217/217 196/196/196
f 196/196/196 217/217/217 218/218/218
f 196/196/196 218/218/218 197/197/197
f 197/197/197 218/218/218 219/219/219
f 197/197/197 219/219/219 198/198/198
f 198/198/198 219/219/219 220/220/220
f 198/198/198 220/220/220 199/199/199
f 199/199/199 220/220/220 221/221/221
f 199/199/199 221/221/221 200/200/200
f 200/200/200 221/221/221 222/222/222
f 200/200/200 222/222/222 201/201/201
f 201/201/201 222/222/222 223/223/223
f 201/201/201 223/223/223 202/202/202
f 202/202/202 223/223/223 224/224/224
f 202/202/202 224/224/224 203/203/203
f 203/203/203 224/224/224 225/225/225
f 203/203/203 225/225/225 204/204/204
f 204/204/204 225/225/225 226/226/226
f 204/204/204 226/226/226 205/205/205
f 205/205/205 226/226/226 227/227/227
f 205/205/205 227/227/227 206/206/206
f 206/206/206 227/227/227 228/228/228
f 206/206/206 228/228/228 207/207/207
f 207/207/207 228/228/228 229/229/229
f 207/207/207 229/229/229 208/208/208
f 208/208/208 229/229/229 230/230/230
f 208/208/208 230/230/230 209/209/209
f 209/209/209 230/230/230 231/231/231
f 209/209/209 231/231/231 210/210/210
f 211/211/211 232/232/232 233/233/233
f 211/211/211 233/233/233 212/212/212
f 212/212/212 233/233/233 234/234/234
f 212/212/212 234/234/234 213/213/213
f 213/213/213 234/234/234 235/235/235
f 213/213/213 235/235/235 214/214/214
f 214/214/214 235/235/235 236/236/236
f 214/214/214 236/236/236 215/215/215
f 215/215/215 236/236/236 237/237/237
f 215/215/215 237/237/237 216/216/216
f 216/216/216 237/237/237 238/238/238
f 216/216/216 238/238/238 217/217/217
f 217/217/217 238/238/238 239/239/239
f 217/217/217 239/239/239 218/218/218
f 218/218/218 239/239/239 240/240/240
f 218/218/218 240/240/240 219/219/219
f 219/219/219 240/240/240 241/241/241
f 219/219/219 241/241/241 220/220/220
f 220/220/220 241/241/241 242/242/242
f 220/220/220 242/242/242 221/221/221
f 221/221/221 242/242/242 243/243/243
f 221/221/221 243/243/243 222/222/222
f 222/222/222 243/243/243 244/244/244
f 222/222/222 244/244/244 223/223/223
f 223/223/223 244/244/244 245/245/245
f 223/223/223 245/245/245 224/224/224
f 224/224/224 245/245/245 246/246/246
f 224/224/224 246/246/246 225/225/225
f 225/225/225 246/246/246 247/247/247
f 225/225/225 247/247/247 226/226/226
f 226/226/226 247/247/247 248/248/248
f 226/226/226 248/248/248 227/227/227
f 227/227/227 248/248/248 249/249/249
f 227/227/227 249/249/249 228/228/228
f 228/228/228 249/249/249 250/250/250
f 228/228/228 250/250/250 229/229/229
f 229/229/229 250/250/250 251/251/251
f 229/229/229 251/251/251 230/230/230
f 230/230/230 251/251/251 252/252/252
f 230/230/230 252/252/252 231/231/231
f 232/232/232 253/253/253 254/254/254
f 232/232/232 254/254/254 233/233/233
f 233/233/233 254/254/254 255/255/255
f 233/233/233 255/255/255 234/234/234
f 234/234/234 255/255/255 256/256/256
f 234/234/234 256/256/256 235/235/235
f 235/235/235 256/256/256 257/257/257
f 235/235/235 257/257/257 236/236/236
f 236/236/236 257/257/257 258/258/258
f 236/236/236 258/258/258 237/237/237
f 237/237/237 258/258/258 259/259/259
f 237/237/237 259/259/259 238/238/238
f 238/238/238 259/259/259 260/260/260
f 238/238/238 260/260/260 239/239/239
f 239/239/239 260/260/260 261/261/261
f 239/239/239 261/261/261 240/240/240
f 240/240/240 261/261/261 262/262/262
f 240/240/240 262/262/262 241/241/241
f 241/241/241 262/262/262 263/263/263
f 241/241/241 263/263/263 242/242/242
f 242/242/242 263/263/263 264/264/264
f 242/242/242 264/264/264 243/243/243
f 243/243/243 264/264/264 265/265/265
f 243/243/243 265/265/265 244/244/244
f 244/244/244 265/265/265 266/266/266
f 244/244/244 266/266/266 245/245/245
f 245/245/245 266/266/266 267/267/267
f 245/245/245 267/267/267 246/246/246
f 246/246/246 267/267/267 268/268/268
f 246/246/246 268/268/268 247/247/247
f 247/247/247 268/268/268 269/269/269
f 247/247/247 269/269/269 248/248/248
f 248/248/248 269/269/269 270/270/270
f 248/248/248 270/270/270 249/249/249
f 249/249/249 270/270/270 271/271/271
f 249/249/249 271/271/271 250/250/250
f 250/250/250 271/271/271 272/272/272
f 250/250/250 272/272/272 251/251/251
f 251/251/251 272/272/272 273/273/273
f 251/251/251 273/273/273 252/252/252
f 253/253/253 274/274/274 275/275/275
f 253/253/253 275/275/275 254/254/254
f 254/254/254 275/275/275 276/276/276
f 254/254/254 276/276/276 255/255/255
f 255/255/255 276/276/276 277/277/277
f 255/255/255 277/277/277 256/256/256
f 256/256/256 277/277/277 278/278/278
f 256/256/256 278/278/278 257/257/257
f 257/257/257 278/278/278 279/279/279
f 257/257/257 279/279/279 258/258/258
f 258/258/258 279/279/279 280/280/280
f 258/258/258 280/280/280 259/259/259
f 259/259/259 280/280/280 281/281/281
f 259/259/259 281/281/281 260/260/260
f 260/260/260 281/281/281 282/282/282
f 260/260/260 282/282/282 261/261/261
f 261/261/261 282/282/282 283/283/283
f 261/261/261 283/283/283 262/262/262
f 262/262/262 283/283/283 284/284/284
f 262/262/262 284/284/284 263/263/263
f 263/263/263 284/284/284 285/285/285
f 263/263/263 285/285/285 264/264/264
f 264/264/264 285/285/285 286/286/286
f 264/264/264 286/286/286 265/265/265
f 265/265/265 286/286/286 287/287/287
f 265/265/265 287/287/287 266/266/266
f 266/266/266 287/287/287 288/288/288
f 266/266/266 288/288/288 267/267/267
f 267/267/267 288/288/288 289/289/289
f 267/267/267 289/289/289 268/268/268
f 268/268/268 289/289/289 290/290/290
f 268/268/268 290/290/290 269/269/269
f 269/269/269 290/290/290 291/291/291
f 269/269/269 291/291/291 270/270/270
f 270/270/270 291/291/291 292/292/292
f 270/270/270 292/292/292 271/271/271
f 271/271/271 292/292/292 293/293/293
f 271/271/271 293/293/293 272/272/272
f 272/272/272 293/293/293 294/294/294
f 272/272/272 294/294/294 273/273/273
f 274/274/274 295/295/295 296/296/296
f 274/274/274 296/296/296 275/275/275
f 275/275/275 296/296/296 297/297/297
f 275/275/275 297/297/297 276/276/276
f 276/276/276 297/297/297 298/298/298
f 276/276/276 298/298/298 277/277/277
f 277/277/277 298/298/298 299/299/299
f 277/277/277 299/299/299 278/278/278
f 278/278/278 299/299/299 300/300/300
f 278/278/278 300/300/300 279/279/279
f 279/279/279 300/300/300 301/301/301
f 279/279/279 301/301/301 280/280/280
f 280/280/280 301/301/301 302/302/302
f 280/280/280 302/302/302 281/281/281
f 281/281/281 302/302/302 303/303/303
f 281/281/281 303/303/303 282/282/282
f 282/282/282 303/303/303 304/304/304
f 282/282/282 304/304/304 283/283/283
f 283/283/283 304/304/304 305/305/305
f 283/283/283 305/305/305 284/284/284
f 284/284/284 305/305/305 306/306/306
f 284/284/284 306/306/306 285/285/285
f 285/285/285 306/306/306 307/307/307
f 285/285/285 307/307/307 286/286/286
f 286/286/286 307/307/307 308/308/308
f 286/286/286 308/308/308 287/287/287
f 287/287/287 308/308/308 309/309/309
f 287/287/287 309/309/309 288/288/288
f 288/288/288 309/309/309 310/310/310
f 288/288/288 310/310/310 289/289/289
f 289/289/289 310/310/310 311/311/311
f 289/289/289 311/311/311 290/290/290
f 290/290/290 311/311/311 312/312/312
f 290/290/290 312/312/312 291/291/291
f 291/291/291 312/312/312 313/313/313
f 291/291/291 313/313/313 292/292/292
f 292/292/292 313/313/313 314/314/314
f 292/292/292 314/314/314 293/293/293
f 293/293/293 314/314/314 315/315/315
f 293/293/293 315/315/315 294/294/294
f 295/295/295 316/316/316 317/317/317
f 295/295/295 317/317/317 296/296/296
f 296/296/296 317/317/317 318/318/318
f 296/296/296 318/318/318 297/297/297
f 297/297/297 318/318/318 319/319/319
f 297/297/297 319/319/319 298/298/298
f 298/298/298 319/319/319 320/320/320
f 298/298/298 320/320/320 299/299/299
f 299/299/299 320/320/320 321/321/321
f 299/299/299 321/321/321 300/300/300
f 300/300/300 321/321/321 322/322/322
f 300/300/300 322/322/322 301/301/301
f 301/301/301 322/322/322 323/323/323
f 301/301/301 323/323/323 302/302/302
f 302/302/302 323/323/323 324/324/324
f 302/302/302 324/324/324 303/303/303
f 303/303/303 324/324/324 325/325/325
f 303/303/303 325/325/325 304/304/304
f 304/304/304 325/325/325 326/326/326
f 304/304/304 326/326/326 305/305/305
f 305/305/305 326/326/326 327/327/327
f 305/305/305 327/327/327 306/306/306
f 306/306/306 327/327/327 328/328/328
f 306/306/306 328/328/328 307/307/307
f 307/307/307 328/328/328 329/329/329
f 307/307/307 329/329/329 308/308/308
f 308/308/308 329/329/329 330/330/330
f 308/308/308 330/330/330 309/309/309
f 309/309/309 330/330/330 331/331/331
f 309/309/309 331/331/331 310/310/310
f 310/310/310 331/331/331 332/332/332
f 310/310/310 332/332/332 311/311/311
f 311/311/311 332/332/332 333/333/333
f 311/311/311 333/333/333 312/312/312
f 312/312/312 333/333/333 334/334/334
f 312/312/312 334/334/334 313/313/313
f 313/313/313 334/334/334 335/335/335
f 313/313/313 335/335/335 314/314/314
f 314/314/314 335/335/335 336/336/336
f 314/314/314 336/336/336 315/315/315
f 316/316/316 337/337/337 338/338/338
f 316/316/316 338/338/338 317/317/317
f 317/317/317 338/338/338 339/339/339
f 317/317/317 339/339/339 318/318/318
f 318/318/318 339/339/339 340/340/340
f 318/318/318 340/340/340 319/319/319
f 319/319/319 340/340/340 341/341/341
f 319/319/319 341/341/341 320/320/320
f 320/320/320 341/341/341 342/342/342
f 320/320/320 342/342/342 321/321/321
f 321/321/321 342/342/342 343/343/343
f 321/321/321 343/343/343 322/322/322
f 322/322/322 343/343/343 344/344/344
f 322/322/322 344/344/344 323/323/323
f 323/323/323 344/344/344 345/345/345
f 323/323/323 345/345/345 324/324/324
f 324/324/324 345/345/345 346/346/346
f 324/324/324 346/346/346 325/325/325
f 325/325/325 346/346/346 347/347/347
f 325/325/325 347/347/347 326/326/326
f 326/326/326 347/347/347 348/348/348
f 326/326/326 348/348/348 327/327/327
f 327/327/327 348/348/348 349/349/349
f 327/327/327 349/349/349 328/328/328
f 328/328/328 349/349/349 350/350/350
f 328/328/328 350/350/350 329/329/329
f 329/329/329 350/350/350 351/351/351
f 329/329/329 351/351/351 330/330/330
f 330/330/330 351/351/351 352/352/352
f 330/330/330 352/352/352 331/331/331
f 331/331/331 352/352/352 353/353/353
f 331/331/331 353/353/353 332/332/332
f 332/332/332 353/353/353 354/354/354
f 332/332/332 354/354/354 333/333/333
f 333/333/333 354/354/354 355/355/355
f 333/333/333 355/355/355 334/334/334
f 334/334/334 355/355/355 356/356/356
f 334/334/334 356/356/356 335/335/335
f 335/335/335 356/356/356 357/357/357
f 335/335/335 357/357/357 336/336/336
f 337/337/337 358/358/358 359/359/359
f 337/337/337 359/359/359 338/338/338
f 338/338/338 359/359/359 360/360/360
f 338/338/338 360/360/360 339/339/339
f 339/339/339 360/360/360 361/361/361
f 339/339/339 361/361/361 340/340/340
f 340/340/340 361/361/361 362/362/362
f 340/340/340 362/362/362 341/341/341
f 341/341/341 362/362/362 363/363/363
f 341/341/341 363/363/363 342/342/342
f 342/342/342 363/363/363 364/364/364
f 342/342/342 364/364/364 343/343/343
f 343/343/343 364/364/364 365/365/365
f 343/343/343 365/365/365 344/344/344
f 344/344/344 365/365/365 366/366/366
f 344/344/344 366/366/366 345/345/345
f 345/345/345 366/366/366 367/367/367
f 345/345/345 367/367/367 346/346/346
f 346/346/346 367/367/367 368/368/368
f 346/346/346 368/368/368 347/347/347
f 347/347/347 368/368/368 369/369/369
f 347/347/347 369/369/369 348/348/348
f 348/348/348 369/369/369 370/370/370
f 348/348/348 370/370/370 349/349/349
f 349/349/349 370/370/370 371/371/371
f 349/349/349 371/371/371 350/350/350
f 350/350/350 371/371/371 372/372/372
f 350/350/350 372/372/372 351/351/351
f 351/351/351 372/372/372 373/373/373
f 351/351/351 373/373/373 352/352/352
f 352/352/352 373/373/373 374/374/374
f 352/352/352 374/374/374 353/353/353
f 353/353/353 374/374/374 375/375/375
f 353/353/353 375/375/375 354/354/354
f 354/354/354 375/375/375 376/376/376
f 354/354/354 376/376/376 355/355/355
f 355/355/355 376/376/376 377/377/377
f 355/355/355 377/377/377 356/356/356
f 356/356/356 377/377/377 378/378/378
f 356/356/356 378/378/378 357/357/357
f 358/358/358 379/379/379 380/380/380
f 358/358/358 380/380/380 359/359/359
f 359/359/359 380/380/380 381/381/381
f 359/359/359 381/381/381 360/360/360
f 360/360/360 381/381/381 382/382/382
f 360/360/360 382/382/382 361/361/361
f 361/361/361 382/382/382 383/383/383
f 361/361/361 383/383/383 362/362/362
f 362/362/362 383/383/383 384/384/384
f 362/362/362 384/384/384 363/363/363
f 363/363/363 384/384/384 385/385/385
f 363/363/363 385/385/385 364/364/364
f 364/364/364 385/385/385 386/386/386
f 364/364/364 386/386/386 365/365/365
f 365/365/365 386/386/386 387/387/387
f 365/365/365 387/387/387 366/366/366
f 366/366/366 387/387/387 388/388/388
f 366/366/366 388/388/388 367/367/367
f 367/367/367 388/388/388 389/389/389
f 367/367/367 389/389/389 368/368/368
f 368/368/368 389/389/389 390/390/390
f 368/368/368 390/390/390 369/369/369
f 369/369/369 390/390/390 391/391/391
f 369/369/369 391/391/391 370/370/370
f 370/370/370 391/391/391 392/392/392
f 370/370/370 392/392/392 371/371/371
f 371/371/371 392/392/392 393/393/393
f 371/371/371 393/393/393 372/372/372
f 372/372/372 393/393/393 394/394/394
f 372/372/372 394/394/394 373/373/373
f 373/373/373 394/394/394 395/395/395
f 373/373/373 395/395/395 374/374/374
f 374/374/374 395/395/395 396/396/396
f 374/374/374 396/396/396 375/375/375
f 375/375/375 396/396/396 397/397/397
f 375/375/375 397/397/397 376/376/376
f 376/376/376 397/397/397 398/398/398
f 376/376/376 398/398/398 377/377/377
f 377/377/377 398/398/398 399/399/399
f 377/377/377 399/399/399 378/378/378
f 379/379/379 400/400/400 401/401/401
f 379/379/379 401/401/401 380/380/380
f 380/380/380 401/401/401 402/402/402
f 380/380/380 402/402/402 381/381/381
f 381/381/381 402/402/402 403/403/403
f 381/381/381 403/403/403 382/382/382
f 382/382/382 403/403/403 404/404/404
f 382/382/382 404/404/404 383/383/383
f 383/383/383 404/404/404 405/405/405
f 383/383/383 405/405/405 384/384/384
f 384/384/384 405/405/405 406/406/406
f 384/384/384 406/406/406 385/385/385
f 385/385/385 406/406/406 407/407/407
f 385/385/385 407/407/407 386/386/386
f 386/386/386 407/407/407 408/408/408
f 386/386/386 408/408/408 387/387/387
f 387/387/387 408/408/408 409/409/409
f 387/387/387 409/409/409 388/388/388
f 388/388/388 409/409/409 410/410/410
f 388/388/388 410/410/410 389/389/389
f 389/389/389 410/410/410 411/411/411
f 389/389/389 411/411/411 390/390/390
f 390/390/390 411/411/411 412/412/412
f 390/390/390 412/412/412 391/391/391
f 391/391/391 412/412/412 413/413/413
f 391/391/391 413/413/413 392/392/392
f 392/392/392 413/413/413 414/414/414
f 392/392/392 414/414/414 393/393/393
f 393/393/393 414/414/414 415/415/415
f 393/393/393 415/415/415 394/394/394
f 394/394/394 415/415/415 416/416/416
f 394/394/394 416/416/416 395/395/395
f 395/395/395 416/416/416 417/417/417
f 395/395/395 417/417/417 396/396/396
f 396/396/396 417/417/417 418/418/418
f 396/396/396 418/418/418 397/397/397
f 397/397/397 418/418/418 419/419/419
f 397/397/397 419/419/419 398/398/398
f 398/398/398 419/419/419 420/420/420
f 398/398/398 420/420/420 399/399/399
f 400/400/400 421/421/421 422/422/422
f 400/400/400 422/422/422 401/401/401
f 401/401/401 422/422/422 423/423/423
f 401/401/401 423/423/423 402/402/402
f 402/402/402 423/423/423 424/424/424
f 402/402/402 424/424/424 403/403/403
f 403/403/403 424/424/424 425/425/425
f 403/403/403 425/425/425 404/404/404
f 404/404/404 425/425/425 426/426/426
f 404/404/404 426/426/426 405/405/405
f 405/405/405 426/426/426 427/427/427
f 405/405/405 427/427/427 406/406/406
f 406/406/406 427/427/427 428/428/428
f 406/406/406 428/428/428 407/407/407
f 407/407/407 428/428/428 429/429/429
f 407/407/407 429/429/429 408/408/408
f 408/408/408 429/429/429 430/430/430
f 408/408/408 430/430/430 409/409/409
f 409/409/409 430/430/430 431/431/431
f 409/409/409 431/431/431 410/410/410
f 410/410/410 431/431/431 432/432/432
f 410/410/410 432/432/432 411/411/411
f 411/411/411 432/432/432 433/433/433
f 411/411/411 433/433/433 412/412/412
f 412/412/412 433/433/433 434/434/434
f 412/412/412 434/434/434 413/413/413
f 413/413/413 434/434/434 435/435/435
f 413/413/413 435/435/435 414/414/414
f 414/414/414 435/435/435 436/436/436
f 414/414/414 436/436/436 415/415/415
f 415/415/415 436/436/436 437/437/437
f 415/415/415 437/437/437 416/416/416
f 416/416/416 437/437/437 438/438/438
f 416/416/416 438/438/438 417/417/417
f 417/417/417 438/438/438 439/439/439
f 417/417/417 439/439/439 418/418/418
f 418/418/418 439/439/439 440/440/440
f 418/418/418 440/440/440 419/419/419
f 419/419/419 440/440/440 441/441/441
f 419/419/419 441/441/441 420/420/420
f 421/421/421 442/442/442 443/443/443
f 421/421/421 443/443/443 422/422/422
f 422/422/422 443/443/443 444/444/444
f 422/422/422 444/444/444 423/423/423
f 423/423/423 444/444/444 445/445/445
f 423/423/423 445/445/445 424/424/424
f 424/424/424 445/445/445 446/446/446
f 424/424/424 446/446/446 425/425/425
f 425/425/425 446/446/446 447/447/447
f 425/425/425 447/447/447 426/426/426
f 426/426/426 447/447/447 448/448/448
f 426/426/426 448/448/448 427/427/427
f 427/427/427 448/448/448 449/449/449
f 427/427/427 449/449/449 428/428/428
f 428/428/428 449/449/449 450/450/450
f 428/428/428 450/450/450 429/429/429
f 429/429/429 450/450/450 451/451/451
f 429/429/429 451/451/451 430/430/430
f 430/430/430 451/451/451 452/452/452
f 430/430/430 452/452/452 431/431/431
f 431/431/431 452/452/452 453/453/453
f 431/431/431 453/453/453 432/432/432
f 432/432/432 453/453/453 454/454/454
f 432/432/432 454/454/454 433/433/433
f 433/433/433 454/454/454 455/455/455
f 433/433/433 455/455/455 434/434/434
f 434/434/434 455/455/455 456/456/456
f 434/434/434 456/456/456 435/435/435
f 435/435/435 456/456/456 457/457/457
f 435/435/435 457/457/457 436/436/436
f 436/436/436 457/457/457 458/458/458
f 436/436/436 458/458/458 437/437/437
f 437/437/437 458/458/458 459/459/459
f 437/437/437 459/459/459 438/438/438
f 438/438/438 459/459/459 460/460/460
f 438/438/438 460/460/460 439/439/439
f 439/439/439 460/460/460 461/461/461
f 439/439/439 461/461/461 440/440/440
f 440/440/440 461/461/461 462/462/462
f 440/440/440 462/462/462 441/441/441
f 442/442/442 463/463/463 464/464/464
f 442/442/442 464/464/464 443/443/443
f 443/443/443 464/464/464 465/465/465
f 443/443/443 465/465/465 444/444/444
f 444/444/444 465/465/465 466/466/466
f 444/444/444 466/466/466 445/445/445
f 445/445/445 466/466/466 467/467/467
f 445/445/445 467/467/467 446/446/446
f 446/446/446 467/467/467 468/468/468
f 446/446/446 468/468/468 447/447/447
f 447/447/447 468/468/468 469/469/469
f 447/447/447 469/469/469 448/448/448
f 448/448/448 469/469/469 470/470/470
f 448/448/448 470/470/470 449/449/449
f 449/449/449 470/470/470 471/471/471
f 449/449/449 471/471/471 450/450/450
f 450/450/450 471/471/471 472/472/472
f 450/450/450 472/472/472 451/451/451
f 451/451/451 472/472/472 473/473/473
f 451/451/451 473/473/473 452/452/452
f 452/452/452 473/473/473 474/474/474
f 452/452/452 474/474/474 453/453/453
f 453/453/453 474/474/474 475/475/475
f 453/453/453 475/475/475 454/454/454
f 454/454/454 475/475/475 476/476/476
f 454/454/454 476/476/476 455/455/455
f 455/455/455 476/476/476 477/477/477
f 455/455/455 477/477/477 456/456/456
f 456/456/456 477/477/477 478/478/478
f 456/456/456 478/478/478 457/457/457
f 457/457/457 478/478/478 479/479/479
f 457/457/457 479/479/479 458/458/458
f 458/458/458 479/479/479 480/480/480
f 458/458/458 480/480/480 459/459/459
f 459/459/459 480/480/480 481/481/481
f 459/459/459 481/481/481 460/460/460
f 460/460/460 481/481/481 482/482/482
f 460/460/460 482/482/482 461/461/461
f 461/461/461 482/482/482 483/483/483
f 461/461/461 483/483/483 462/462/462
f 463/463/463 484/484/484 485/485/485
f 463/463/463 485/485/485 464/464/464
f 464/464/464 485/485/485 486/486/486
f 464/464/464 486/486/486 465/465/465
f 465/465/465 486/486/486 487/487/487
f 465/465/465 487/487/487 466/466/466
f 466/466/466 487/487/487 488/488/488
f 466/466/466 488/488/488 467/467/467
f 467/467/467 488/488/488 489/489/489
f 467/467/467 489/489/489 468/468/468
f 468/468/468 489/489/489 490/490/490
f 468/468/468 490/490/490 469/469/469
f 469/469/469 490/490/490 491/491/491
f 469/469/469 491/491/491 470/470/470
f 470/470/470 491/491/491 492/492/492
f 470/470/470 492/492/492 471/471/471
f 471/471/471 492/492/492 493/493/493
f 471/471/471 493/493/493 472/472/472
f 472/472/472 493/493/493 494/494/494
f 472/472/472 494/494/494 473/473/473
f 473/473/473 494/494/494 495/495/495
f 473/473/473 495/495/495 474/474/474
f 474/474/474 495/495/495 496/496/496
f 474/474/474 496/496/496 475/475/475
f 475/475/475 496/496/496 497/497/497
f 475/475/475 497/497/497 476/476/476
f 476/476/476 497/497/497 498/498/498
f 476/476/476 498/498/498 477/477/477
f 477/477/477 498/498/498 499/499/499
f 477/477/477 499/499/499 478/478/478
f 478/478/478 499/499/499 500/500/500
f 478/478/478 500/500/500 479/479/479
f 479/479/479 500/500/500 501/501/501
f 479/479/479 501/501/501 480/480/480
f 480/480/480 501/501/501 502/502/502
f 480/480/480 502/502/502 481/481/481
f 481/481/481 502/502/502 503/503/503
f 481/481/481 503/503/503 482/482/482
f 482/482/482 503/503/503 504/504/504
f 482/482/482 504/504/504 483/483/483
f 484/484/484 505/505/505 506/506/506
f 484/484/484 506/506/506 485/485/485
f 485/485/485 506/506/506 507/507/507
f 485/485/485 507/507/507 486/486/486
f 486/486/486 507/507/507 508/508/508
f 486/486/486 508/508/508 487/487/487
f 487/487/487 508/508/508 509/509/509
f 487/487/487 509/509/509 488/488/488
f 488/488/488 509/509/509 510/510/510
f 488/488/488 510/510/510 489/489/489
f 489/489/489 510/510/510 511/511/511
f 489/489/489 511/511/511 490/490/490
f 490/490/490 511/511/511 512/512/512
f 490/490/490 512/512/512 491/491/491
f 491/491/491 512/512/512 513/513/513
f 491/491/491 513/513/513 492/492/492
f 492/492/492 513/513/513 514/514/514
f 492/492/492 514/514/514 493/493/493
f 493/493/493 514/514/514 515/515/515
f 493/493/493 515/515/515 494/494/494
f 494/494/494 515/515/515 516/516/516
f 494/494/494 516/516/516 495/495/495
f 495/495/495 516/516/516 517/517/517
f 495/495/495 517/517/517 496/496/496
f 496/496/496 517/517/517 518/518/518
f 496/496/496 518/518/518 497/497/497
f 497/497/497 518/518/518 519/519/519
f 497/497/497 519/519/519 498/498/498
f 498/498/498 519/519/519 520/520/520
f 498/498/498 520/520/520 499/499/499
f 499/499/499 520/520/520 521/521/521
f 499/499/499 521/521/521 500/500/500
f 500/500/500 521/521/521 522/522/522
f 500/500/500 522/522/522 501/501/501
f 501/501/501 522/522/522 523/523/523
f 501/501/501 523/523/523 502/502/502
f 502/502/502 523/523/523 524/524/524
f 502/502/502 524/524/524 503/503/503
f 503/503/503 524/524/524 525/525/525
f 503/503/503 525/525/525 504/504/504
f 505/505/505 526/526/526 527/527/527
f 505/505/505 527/527/527 506/506/506
f 506/506/506 527/527/527 528/528/528
f 506/506/506 528/528/528 507/507/507
f 507/507/507 528/528/528 529/529/529
f 507/507/507 529/529/529 508/508/508
f 508/508/508 529/529/529 530/530/530
f 508/508/508 530/530/530 509/509/509
f 509/509/509 530/530/530 531/531/531
f 509/509/509 531/531/531 510/510/510
f 510/510/510 531/531/531 532/532/532
f 510/510/510 532/532/532 511/511/511
f 511/511/511 532/532/532 533/533/533
f 511/511/511 533/533/533 512/512/512
f 512/512/512 533/533/533 534/534/534
f 512/512/512 534/534/534 513/513/513
f 513/513/513 534/534/534 535/535/535
f 513/513/513 535/535/535 514/514/514
f 514/514/514 535/535/535 536/536/536
f 514/514/514 536/536/536 515/515/515
f 515/515/515 536/536/536 537/537/537
f 515/515/515 537/537/537 516/516/516
f 516/516/516 537/537/537 538/538/538
f 516/516/516 538/538/538 517/517/517
f 517/517/517 538/538/538 539/539/539
f 517/517/517 539/539/539 518/518/518
f 518/518/518 539/539/539 540/540/540
f 518/518/518 540/540/540 519/519/519
f 519/519/519 540/540/540 541/541/541
f 519/519/519 541/541/541 520/520/520
f 520/520/520 541/541/541 542/542/542
f 520/520/520 542/542/542 521/521/521
f 521/521/521 542/542/542 543/543/543
f 521/521/521 543/543/543 522/522/522
f 522/522/522 543/543/543 544/544/544
f 522/522/522 544/544/544 523/523/523
f 523/523/523 544/544/544 545/545/545
f 523/523/523 545/545/545 524/524/524
f 524/524/524 545/545/545 546/546/546
f 524/524/524 546/546/546 525/525/525
f 526/526/526 547/547/547 548/548/548
f 526/526/526 548/548/548 527/527/527
f 527/527/527 548/548/548 549/549/549
f 527/527/527 549/549/549 528/528/528
f 528/528/528 549/549/549 550/550/550
f 528/528/528 550/550/550 529/529/529
f 529/529/529 550/550/550 551/551/551
f 529/529/529 551/551/551 530/530/530
f 530/530/530 551/551/551 552/552/552
f 530/530/530 552/552/552 531/531/531
f 531/531/531 552/552/552 553/553/553
f 531/531/531 553/553/553 532/532/532
f 532/532/532 553/553/553 554/554/554
f 532/532/532 554/554/554 533/533/533
f 533/533/533 554/554/554 555/555/555
f 533/533/533 555/555/555 534/534/534
f 534/534/534 555/555/555 556/556/556
f 534/534/534 556/556/556 535/535/535
f 535/535/535 556/556/556 557/557/557
f 535/535/535 557/557/557 536/536/536
f 536/536/536 557/557/557 558/558/558
f 536/536/536 558/558/558 537/537/537
f 537/537/537 558/558/558 559/559/559
f 537/537/537 559/559/559 538/538/538
f 538/538/538 559/559/559 560/560/560
f 538/538/538 560/560/560 539/539/539
f 539/539/539 560/560/560 561/561/561
f 539/539/539 561/561/561 540/540/540
f 540/540/540 561/561/561 562/562/562
f 540/540/540 562/562/562 541/541/541
f 541/541/541 562/562/562 563/563/563
f 541/541/541 563/563/563 542/542/542
f 542/542/542 563/563/563 564/564/564
f 542/542/542 564/564/564 543/543/543
f 543/543/543 564/564/564 565/565/565
f 543/543/543 565/565/565 544/544/544
f 544/544/544 565/565/565 566/566/566
f 544/544/544 566/566/566 545/545/545
f 545/545/545 566/566/566 567/567/567
f 545/545/545 567/567/567 546/546/546
f 547/547/547 568/568/568 569/569/569
f 547/547/547 569/569/569 548/548/548
f 548/548/548 569/569/569 570/570/570
f 548/548/548 570/570/570 549/549/549
f 549/549/549 570/570/570 571/571/571
f 549/549/549 571/571/571 550/550/550
f 550/550/550 571/571/571 572/572/572
f 550/550/550 572/572/572 551/551/551
f 551/551/551 572/572/572 573/573/573
f 551/551/551 573/573/573 552/552/552
f 552/552/552 573/573/573 574/574/574
f 552/552/552 574/574/574 553/553/553
f 553/553/553 574/574/574 575/575/575
f 553/553/553 575/575/575 554/554/554
f 554/554/554 575/575/575 576/576/576
f 554/554/554 576/576/576 555/555/555
f 555/555/555 576/576/576 577/577/577
f 555/555/555 577/577/577 556/556/556
f 556/556/556 577/577/577 578/578/578
f 556/556/556 578/578/578 557/557/557
f 557/557/557 578/578/578 579/579/579
f 557/557/557 579/579/579 558/558/558
f 558/558/558 579/579/579 580/580/580
f 558/558/558 580/580/580 559/559/559
f 559/559/559 580/580/580 581/581/581
f 559/559/559 581/581/581 560/560/560
f 560/560/560 581/581/581 582/582/582
f 560/560/560 582/582/582 561/561/561
f 561/561/561 582/582/582 583/583/583
f 561/561/561 583/583/583 562/562/562
f 562/562/562 583/583/583 584/584/584
f 562/562/562 584/584/584 563/563/563
f 563/563/563 584/584/584 585/585/585
f 563/563/563 585/585/585 564/564/564
f 564/564/564 585/585/585 586/586/586
f 564/564/564 586/586/586 565/565/565
f 565/565/565 586/586/586 587/587/587
f 565/565/565 587/587/587 566/566/566
f 566/566/566 587/587/587 588/588/588
f 566/566/566 588/588/588 567/567/567
f 568/568/568 589/589/589 590/590/590
f 568/568/568 590/590/590 569/569/569
f 569/569/569 590/590/590 591/591/591
f 569/569/569 591/591/591 570/570/570
f 570/570/570 591/591/591 592/592/592
f 570/570/570 592/592/592 571/571/571
f 571/571/571 592/592/592 593/593/593
f 571/571/571 593/593/593 572/572/572
f 572/572/572 593/593/593 594/594/594
f 572/572/572 594/594/594 573/573/573
f 573/573/573 594/594/594 595/595/595
f 573/573/573 595/595/595 574/574/574
f 574/574/574 595/595/595 596/596/596
f 574/574/574 596/596/596 575/575/575
f 575/575/575 596/596/596 597/597/597
f 575/575/575 597/597/597 576/576/576
f 576/576/576 597/597/597 598/598/598
f 576/576/576 598/598/598 577/577/577
f 577/577/577 598/598/598 599/599/599
f 577/577/577 599/599/599 578/578/578
f 578/578/578 599/599/599 600/600/600
f 578/578/578 600/600/600 579/579/579
f 579/579/579 600/600/600 601/601/601
f 579/579/579 601/601/601 580/580/580
f 580/580/580 601/601/601 602/602/602
f 580/580/580 602/602/602 581/581/581
f 581/581/581 602/602/602 603/603/603
f 581/581/581 603/603/603 582/582/582
f 582/582/582 603/603/603 604/604/604
f 582/582/582 604/604/604 583/583/583
f 583/583/583 604/604/604 605/605/605
f 583/583/583 605/605/605 584/584/584
f 584/584/584 605/605/605 606/606/606
f 584/584/584 606/606/606 585/585/585
f 585/585/585 606/606/606 607/607/607
f 585/585/585 607/607/607 586/586/586
f 586/586/586 607/607/607 608/608/608
f 586/586/586 608/608/608 587/587/587
f 587/587/587 608/608/608 609/609/609
f 587/587/587 609/609/609 588/588/588
f 589/589/589 610/610/610 611/611/611
f 589/589/589 611/611/611 590/590/590
f 590/590/590 611/611/611 612/612/612
f 590/590/590 612/612/612 591/591/591
f 591/591/591 612/612/612 613/613/613
f 591/591/591 613/613/613 592/592/592
f 592/592/592 613/613/613 614/614/614
f 592/592/592 614/614/614 593/593/593
f 593/593/593 614/614/614 615/615/615
f 593/593/593 615/615/615 594/594/594
f 594/594/594 615/615/615 616/616/616
f 594/594/594 616/616/616 595/595/595
f 595/595/595 616/616/616 617/617/617
f 595/595/595 617/617/617 596/596/596
f 596/596/596 617/617/617 618/618/618
f 596/596/596 618/618/618 597/597/597
f 597/597/597 618/618/618 619/619/619
f 597/597/597 619/619/619 598/598/598
f 598/598/598 619/619/619 620/620/620
f 598/598/598 620/620/620 599/599/599
f 599/599/599 620/620/620 621/621/621
f 599/599/599 621/621/621 600/600/600
f 600/600/600 621/621/621 622/622/622
f 600/600/600 622/622/622 601/601/601
f 601/601/601 622/622/622 623/623/623
f 601/601/601 623/623/623 602/602/602
f 602/602/602 623/623/623 624/624/624
f 602/602/602 624/624/624 603/603/603
f 603/603/603 624/624/624 625/625/625
f 603/603/603 625/625/625 604/604/604
f 604/604/604 625/625/625 626/626/626
f 604/604/604 626/626/626 605/605/605
f 605/605/605 626/626/626 627/627/627
f 605/605/605 627/627/627 606/606/606
f 606/606/606 627/627/627 628/628/628
f 606/606/606 628/628/628 607/607/607
f 607/607/607 628/628/628 629/629/629
f 607/607/607 629/629/629 608/608/608
f 608/608/608 629/629/629 630/630/630
f 608/608/608 630/630/630 609/609/609
f 610/610/610 631/631/631 632/632/632
f 610/610/610 632/632/632 611/611/611
f 611/611/611 632/632/632 633/633/633
f 611/611/611 633/633/633 612/612/612
f 612/612/612 633/633/633 634/634/634
f 612/612/612 634/634/634 613/613/613
f 613/613/613 634/634/634 635/635/635
f 613/613/613 635/635/635 614/614/614
f 614/614/614 635/635/635 636/636/636
f 614/614/614 636/636/636 615/615/615
f 615/615/615 636/636/636 637/637/637
f 615/615/615 637/637/637 616/616/616
f 616/616/616 637/637/637 638/638/638
f 616/616/616 638/638/638 617/617/617
f 617/617/617 638/638/638 639/639/639
f 617/617/617 639/639/639 618/618/618
f 618/618/618 639/639/639 640/640/640
f 618/618/618 640/640/640 619/619/619
f 619/619/619 640/640/640 641/641/641
f 619/619/619 641/641/641 620/620/620
f 620/620/620 641/641/641 642/642/642
f 620/620/620 642/642/642 621/621/621
f 621/621/621 642/642/642 643/643/643
f 621/621/621 643/643/643 622/622/622
f 622/622/622 643/643/643 644/644/644
f 622/622/622 644/644/644 623/623/623
f 623/623/623 644/644/644 645/645/645
f 623/623/623 645/645/645 624/624/624
f 624/624/624 645/645/645 646/646/646
f 624/624/624 646/646/646 625/625/625
f 625/625/625 646/646/646 647/647/647
f 625/625/625 647/647/647 626/626/626
f 626/626/626 647/647/647 648/648/648
f 626/626/626 648/648/648 627/627/627
f 627/627/627 648/648/648 649/649/649
f 627/627/627 649/649/649 628/628/628
f 628/628/628 649/649/649 650/650/650
f 628/628/628 650/650/650 629/629/629
f 629/629/629 650/650/650 651/651/651
f 629/629/629 651/651/651 630/630/630
f 652/652/652 673/673/673 674/674/674
f 652/652/652 674/674/674 653/653/653
f 653/653/653 674/674/674 675/675/675
f 653/653/653 675/675/675 654/654/654
f 654/654/654 675/675/675 676/676/676
f 654/654/654 676/676/676 655/655/655
f 655/655/655 676/676/676 677/677/677
f 655/655/655 677/677/677 656/656/656
f 656/656/656 677/677/677 678/678/678
f 656/656/656 678/678/678 657/657/657
f 657/657/657 678/678/678 679/679/679
f 657/657/657 679/679/679 658/658/658
f 658/658/658 679/679/679 680/680/680
f 658/658/658 680/680/680 659/659/659
f 659/659/659 680/680/680 681/681/681
f 659/659/659 681/681/681 660/660/660
f 660/660/660 681/681/681 682/682/682
f 660/660/660 682/682/682 661/661/661
f 661/661/661 682/682/682 683/683/683
f 661/661/661 683/683/683 662/662/662
f 662/662/662 683/683/683 684/684/684
f 662/662/662 684/684/684 663/663/663
f 663/663/663 684/684/684 685/685/685
f 663/663/663 685/685/685 664/664/664
f 664/664/664 685/685/685 686/686/686
f 664/664/664 686/686/686 665/665/665
f 665/665/665 686/686/686 687/687/687
f 665/665/665 687/687/687 666/666/666
f 666/666/666 687/687/687 688/688/688
f 666/666/666 688/688/688 667/667/667
f 667/667/667 688/688/688 689/689/689
f 667/667/667 689/689/689 668/668/668
f 668/668/668 689/689/689 690/690/690
f 668/668/668 690/690/690 669/669/669
f 669/669/669 690/690/690 691/691/691
f 669/669/669 691/691/691 670/670/670
f 670/670/670 691/691/691 692/692/692
f 670/670/670 692/692/692 671/671/671
f 671/671/671 692/692/692 693/693/693
f 671/671/671 693/693/693 672/672/672
f 673/673/673 694/694/694 695/695/695
f 673/673/673 695/695/695 674/674/674
f 674/674/674 695/695/695 696/696/696
f 674/674/674 696/696/696 675/675/675
f 675/675/675 696/696/696 697/697/697
f 675/675/675 697/697/697 676/676/676
f 676/676/676 697/697/697 698/698/698
f 676/676/676 698/698/698 677/677/677
f 677/677/677 698/698/698 699/699/699
f 677/677/677 699/699/699 678/678/678
f 678/678/678 699/699/699 700/700/700
f 678/678/678 700/700/700 679/679/679
f 679/679/679 700/700/700 701/701/701
f 679/679/679 701/701/701 680/680/680
f 680/680/680 701/701/701 702/702/702
f 680/680/680 702/702/702 681/681/681
f 681/681/681 702/702/702 703/703/703
f 681/681/681 703/703/703 682/682/682
f 682/682/682 703/703/703 704/704/704
f 682/682/682 704/704/704 683/683/683
f 683/683/683 704/704/704 705/705/705
f 683/683/683 705/705/705 684/684/684
f 684/684/684 705/705/705 706/706/706
f 684/684/684 706/706/706 685/685/685
f 685/685/685 706/706/706 707/707/707
f 685/685/685 707/707/707 686/686/686
f 686/686/686 707/707/707 708/708/708
f 686/686/686 708/708/708 687/687/687
f 687/687/687 708/708/708 709/709/709
f 687/687/687 709/709/709 688/688/688
f 688/688/688 709/709/709 710/710/710
f 688/688/688 710/710/710 689/689/689
f 689/689/689 710/710/710 711/711/711
f 689/689/689 711/711/711 690/690/690
f 690/690/690 711/711/711 712/712/712
f 690/690/690 712/712/712 691/691/691
f 691/691/691 712/712/712 713/713/713
f 691/691/691 713/713/713 692/692/692
f 692/692/692 713/713/713 714/714/714
f 692/692/692 714/714/714 693/693/693
f 694/694/694 715/715/715 716/716/716
f 694/694/694 716/716/716 695/695/695
f 695/695/695 716/716/716 717/717/717
f 695/695/695 717/717/717 696/696/696
f 696/696/696 717/717/717 718/718/718
f 696/696/696 718/718/718 697/697/697
f 697/697/697 718/718/718 719/719/719
f 697/697/697 719/719/719 698/698/698
f 698/698/698 719/719/719 720/720/720
f 698/698/698 720/720/720 699/699/699
f 699/699/699 720/720/720 721/721/721
f 699/699/699 721/721/721 700/700/700
f 700/700/700 721/721/721 722/722/722
f 700/700/700 722/722/722 701/701/701
f 701/701/701 722/722/722 723/723/723
f 701/701/701 723/723/723 702/702/702
f 702/702/702 723/723/723 724/724/724
f 702/702/702 724/724/724 703/703/703
f 703/703/703 724/724/724 725/725/725
f 703/703/703 725/725/725 704/704/704
f 704/704/704 725/725/725 726/726/726
f 704/704/704 726/726/726 705/705/705
f 705/705/705 726/726/726 727/727/727
f 705/705/705 727/727/727 706/706/706
f 706/706/706 727/727/727 728/728/728
f 706/706/706 728/728/728 707/707/707
f 707/707/707 728/728/728 729/729/729
f 707/707/707 729/729/729 708/708/708
f 708/708/708 729/729/729 730/730/730
f 708/708/708 730/730/730 709/709/709
f 709/709/709 730/730/730 731/731/731
f 709/709/709 731/731/731 710/710/710
f 710/710/710 731/731/731 732/732/732
f 710/710/710 732/732/732 711/711/711
f 711/711/711 732/732/732 733/733/733
f 711/711/711 733/733/733 712/712/712
f 712/712/712 733/733/733 734/734/734
f 712/712/712 734/734/734 713/713/713
f 713/713/713 734/734/734 735/735/735
f 713/713/713 735/735/735 714/714/714
f 715/715/715 736/736/736 737/737/737
f 715/715/715 737/737/737 716/716/716
f 716/716/716 737/737/737 738/738/738
f 716/716/716 738/738/738 717/717/717
f 717/717/717 738/738/738 739/739/739
f 717/717/717 739/739/739 718/718/718
f 718/718/718 739/739/739 740/740/740
f 718/718/718 740/740/740 719/719/719
f 719/719/719 740/740/740 741/741/741
f 719/719/719 741/741/741 720/720/720
f 720/720/720 741/741/741 742/742/742
f 720/720/720 742/742/742 721/721/721
f 721/721/721 742/742/742 743/743/743
f 721/721/721 743/743/743 722/722/722
f 722/722/722 743/743/743 744/744/744
f 722/722/722 744/744/744 723/723/723
f 723/723/723 744/744/744 745/745/745
f 723/723/723 745/745/745 724/724/724
f 724/724/724 745/745/745 746/746/746
f 724/724/724 746/746/746 725/725/725
f 725/725/725 746/746/746 747/747/747
f 725/725/725 747/747/747 726/726/726
f 726/726/726 747/747/747 748/748/748
f 726/726/726 748/748/748 727/727/727
f 727/727/727 748/748/748 749/749/749
f 727/727/727 749/749/749 728/728/728
f 728/728/728 749/749/749 750/750/750
f 728/728/728 750/750/750 729/729/729
f 729/729/729 750/750/750 751/751/751
f 729/729/729 751/751/751 730/730/730
f 730/730/730 751/751/751 752/752/752
f 730/730/730 752/752/752 731/731/731
f 731/731/731 752/752/752 753/753/753
f 731/731/731 753/753/753 732/732/732
f 732/732/732 753/753/753 754/754/754
f 732/732/732 754/754/754 733/733/733
f 733/733/733 754/754/754 755/755/755
f 733/733/733 755/755/755 734/734/734
f 734/734/734 755/755/755 756/756/756
f 734/734/734 756/756/756 735/735/735
f 736/736/736 757/757/757 758/758/758
f 736/736/736 758/758/758 737/737/737
f 737/737/737 758/758/758 759/759/759
f 737/737/737 759/759/759 738/738/738
f 738/738/738 759/759/759 760/760/760
f 738/738/738 760/760/760 739/739/739
f 739/739/739 760/760/760 761/761/761
f 739/739/739 761/761/761 740/740/740
f 740/740/740 761/761/761 762/762/762
f 740/740/740 762/762/762 741/741/741
f 741/741/741 762/762/762 763/763/763
f 741/741/741 763/763/763 742/742/742
f 742/742/742 763/763/763 764/764/764
f 742/742/742 764/764/764 743/743/743
f 743/743/743 764/764/764 765/765/765
f 743/743/743 765/765/765 744/744/744
f 744/744/744 765/765/765 766/766/766
f 744/744/744 766/766/766 745/745/745
f 745/745/745 766/766/766 767/767/767
f 745/745/745 767/767/767 746/746/746
f 746/746/746 767/767/767 768/768/768
f 746/746/746 768/768/768 747/747/747
f 747/747/747 768/768/768 769/769/769
f 747/747/747 769/769/769 748/748/748
f 748/748/748 769/769/769 770/770/770
f 748/748/748 770/770/770 749/749/749
f 749/749/749 770/770/770 771/771/771
f 749/749/749 771/771/771 750/750/750
f 750/750/750 771/771/771 772/772/772
f 750/750/750 772/772/772 751/751/751
f 751/751/751 772/772/772 773/773/773
f 751/751/751 773/773/773 752/752/752
f 752/752/752 773/773/773 774/774/774
f 752/752/752 774/774/774 753/753/753
f 753/753/753 774/774/774 775/775/775
f 753/753/753 775/775/775 754/754/754
f 754/754/754 775/775/775 776/776/776
f 754/754/754 776/776/776 755/755/755
f 755/755/755 776/776/776 777/777/777
f 755/755/755 777/777/777 756/756/756
f 757/757/757 778/778/778 779/779/779
f 757/757/757 779/779/779 758/758/758
f 758/758/758 779/779/779 780/780/780
f 758/758/758 780/780/780 759/759/759
f 759/759/759 780/780/780 781/781/781
f 759/759/759 781/781/781 760/760/760
f 760/760/760 781/781/781 782/782/782
f 760/760/760 782/782/782 761/761/761
f 761/761/761 782/782/782 783/783/783
f 761/761/761 783/783/783 762/762/762
f 762/762/762 783/783/783 784/784/784
f 762/762/762 784/784/784 763/763/763
f 763/763/763 784/784/784 785/785/785
f 763/763/763 785/785/785 764/764/764
f 764/764/764 785/785/785 786/786/786
f 764/764/764 786/786/786 765/765/765
f 765/765/765 786/786/786 787/787/787
f 765/765/765 787/787/787 766/766/766
f 766/766/766 787/787/787 788/788/788
f 766/766/766 788/788/788 767/767/767
f 767/767/767 788/788/788 789/789/789
f 767/767/767 789/789/789 768/768/768
f 768/768/768 789/789/789 790/790/790
f 768/768/768 790/790/790 769/769/769
f 769/769/769 790/790/790 791/791/791
f 769/769/769 791/791/791 770/770/770
f 770/770/770 791/791/791 792/792/792
f 770/770/770 792/792/792 771/771/771
f 771/771/771 792/792/792 793/793/793
f 771/771/771 793/793/793 772/772/772
f 772/772/772 793/793/793 794/794/794
f 772/772/772 794/794/794 773/773/773
f 773/773/773 794/794/794 795/795/795
f 773/773/773 795/795/795 774/774/774
f 774/774/774 795/795/795 796/796/796
f 774/774/774 796/796/796 775/775/775
f 775/775/775 796/796/796 797/797/797
f 775/775/775 797/797/797 776/776/776
f 776/776/776 797/797/797 798/798/798
f 776/776/776 798/798/798 777/777/777
f 778/778/778 799/799/799 800/800/800
f 778/778/778 800/800/800 779/779/779
f 779/779/779 800/800/800 801/801/801
f 779/779/779 801/801/801 780/780/780
f 780/780/780 801/801/801 802/802/802
f 780/780/780 802/802/802 781/781/781
f 781/781/781 802/802/802 803/803/803
f 781/781/781 803/803/803 782/782/782
f 782/782/782 803/803/803 804/804/804
f 782/782/782 804/804/804 783/783/783
f 783/783/783 804/804/804 805/805/805
f 783/783/783 805/805/805 784/784/784
f 784/784/784 805/805/805 806/806/806
f 784/784/784 806/806/806 785/785/785
f 785/785/785 806/806/806 807/807/807
f 785/785/785 807/807/807 786/786/786
f 786/786/786 807/807/807 808/808/808
f 786/786/786 808/808/808 787/787/787
f 787/787/787 808/808/808 809/809/809
f 787/787/787 809/809/809 788/788/788
f 788/788/788 809/809/809 810/810/810
f 788/788/788 810/810/810 789/789/789
f 789/789/789 810/810/810 811/811/811
f 789/789/789 811/811/811 790/790/790
f 790/790/790 811/811/811 812/812/812
f 790/790/790 812/812/812 791/791/791
f 791/791/791 812/812/812 813/813/813
f 791/791/791 813/813/813 792/792/792
f 792/792/792 813/813/813 814/814/814
f 792/792/792 814/814/814 793/793/793
f 793/793/793 814/814/814 815/815/815
f 793/793/793 815/815/815 794/794/794
f 794/794/794 815/815/815 816/816/816
f 794/794/794 816/816/816 795/795/795
f 795/795/795 816/816/816 817/817/817
f 795/795/795 817/817/817 796/796/796
f 796/796/796 817/817/817 818/818/818
f 796/796/796 818/818/818 797/797/797
f 797/797/797 818/818/818 819/819/819
f 797/797/797 819/819/819 798/798/798
f 799/799/799 820/820/820 821/821/821
f 799/799/799 821/821/821 800/800/800
f 800/800/800 821/821/821 822/822/822
f 800/800/800 822/822/822 801/801/801
f 801/801/801 822/822/822 823/823/823
f 801/801/801 823/823/823 802/802/802
f 802/802/802 823/823/823 824/824/824
f 802/802/802 824/824/824 803/803/803
f 803/803/803 824/824/824 825/825/825
f 803/803/803 825/825/825 804/804/804
f 804/804/804 825/825/825 826/826/826
f 804/804/804 826/826/826 805/805/805
f 805/805/805 826/826/826 827/827/827
f 805/805/805 827/827/827 806/806/806
f 806/806/806 827/827/827 828/828/828
f 806/806/806 828/828/828 807/807/807
f 807/807/807 828/828/828 829/829/829
f 807/807/807 829/829/829 808/808/808
f 808/808/808 829/829/829 830/830/830
f 808/808/808 830/830/830 809/809/809
f 809/809/809 830/830/830 831/831/831
f 809/809/809 831/831/831 810/810/810
f 810/810/810 831/831/831 832/832/832
f 810/810/810 832/832/832 811/811/811
f 811/811/811 832/832/832 833/833/833
f 811/811/811 833/833/833 812/812/812
f 812/812/812 833/833/833 834/834/834
f 812/812/812 834/834/834 813/813/813
f 813/813/813 834/834/834 835/835/835
f 813/813/813 835/835/835 814/814/814
f 814/814/814 835/835/835 836/836/836
f 814/814/814 836/836/836 815/815/815
f 815/815/815 836/836/836 837/837/837
f 815/815/815 837/837/837 816/816/816
f 816/816/816 837/837/837 838/838/838
f 816/816/816 838/838/838 817/817/817
f 817/817/817 838/838/838 839/839/839
f 817/817/817 839/839/839 818/818/818
f 818/818/818 839/839/839 840/840/840
f 818/818/818 840/840/840 819/819/819
f 820/820/820 841/841/841 842/842/842
f 820/820/820 842/842/842 821/821/821
f 821/821/821 842/842/842 843/843/843
f 821/821/821 843/843/843 822/822/822
f 822/822/822 843/843/843 844/844/844
f 822/822/822 844/844/844 823/823/823
f 823/823/823 844/844/844 845/845/845
f 823/823/823 845/845/845 824/824/824
f 824/824/824 845/845/845 846/846/846
f 824/824/824 846/846/846 825/825/825
f 825/825/825 846/846/846 847/847/847
f 825/825/825 847/847/847 826/826/826
f 826/826/826 847/847/847 848/848/848
f 826/826/826 848/848/848 827/827/827
f 827/827/827 848/848/848 849/849/849
f 827/827/827 849/849/849 828/828/828
f 828/828/828 849/849/849 850/850/850
f 828/828/828 850/850/850 829/829/829
f 829/829/829 850/850/850 851/851/851
f 829/829/829 851/851/851 830/830/830
f 830/830/830 851/851/851 852/852/852
f 830/830/830 852/852/852 831/831/831
f 831/831/831 852/852/852 853/853/853
f 831/831/831 853/853/853 832/832/832
f 832/832/832 853/853/853 854/854/854
f 832/832/832 854/854/854 833/833/833
f 833/833/833 854/854/854 855/855/855
f 833/833/833 855/855/855 834/834/834
f 834/834/834 855/855/855 856/856/856
f 834/834/834 856/856/856 835/835/835
f 835/835/835 856/856/856 857/857/857
f 835/835/835 857/857/857 836/836/836
f 836/836/836 857/857/857 858/858/858
f 836/836/836 858/858/858 837/837/837
f 837/837/837 858/858/858 859/859/859
f 837/837/837 859/859/859 838/838/838
f 838/838/838 859/859/859 860/860/860
f 838/838/838 860/860/860 839/839/839
f 839/839/839 860/860/860 861/861/861
f 839/839/839 861/861/861 840/840/840
f 841/841/841 862/862/862 863/863/863
f 841/841/841 863/863/863 842/842/842
f 842/842/842 863/863/863 864/864/864
f 842/842/842 864/864/864 843/843/843
f 843/843/843 864/864/864 865/865/865
f 843/843/843 865/865/865 844/844/844
f 844/844/844 865/865/865 866/866/866
f 844/844/844 866/866/866 845/845/845
f 845/845/845 866/866/866 867/867/867
f 845/845/845 867/867/867 846/846/846
f 846/846/846 867/867/867 868/868/868
f 846/846/846 868/868/868 847/847/847
f 847/847/847 868/868/868 869/869/869
f 847/847/847 869/869/869 848/848/848
f 848/848/848 869/869/869 870/870/870
f 848/848/848 870/870/870 849/849/849
f 849/849/849 870/870/870 871/871/871
f 849/849/849 871/871/871 850/850/850
f 850/850/850 871/871/871 872/872/872
f 850/850/850 872/872/872 851/851/851
f 851/851/851 872/872/872 873/873/873
f 851/851/851 873/873/873 852/852/852
f 852/852/852 873/873/873 874/874/874
f 852/852/852 874/874/874 853/853/853
f 853/853/853 874/874/874 875/875/875
f 853/853/853 875/875/875 854/854/854
f 854/854/854 875/875/875 876/876/876
f 854/854/854 876/876/876 855/855/855
f 855/855/855 876/876/876 877/877/877
f 855/855/855 877/877/877 856/856/856
f 856/856/856 877/877/877 878/878/878
f 856/856/856 878/878/878 857/857/857
f 857/857/857 878/878/878 879/879/879
f 857/857/857 879/879/879 858/858/858
f 858/858/858 879/879/879 880/880/880
f 858/858/858 880/880/880 859/859/859
f 859/859/859 880/880/880 881/881/881
f 859/859/859 881/881/881 860/860/860
f 860/860/860 881/881/881 882/882/882
f 860/860/860 882/882/882 861/861/861
f 862/862/862 883/883/883 884/884/884
f 862/862/862 884/884/884 863/863/863
f 863/863/863 884/884/884 885/885/885
f 863/863/863 885/885/885 864/864/864
f 864/864/864 885/885/885 886/886/886
f 864/864/864 886/886/886 865/865/865
f 865/865/865 886/886/886 887/887/887
f 865/865/865 887/887/887 866/866/866
f 866/866/866 887/887/887 888/888/888
f 866/866/866 888/888/888 867/867/867
f 867/867/867 888/888/888 889/889/889
f 867/867/867 889/889/889 868/868/868
f 868/868/868 889/889/889 890/890/890
f 868/868/868 890/890/890 869/869/869
f 869/869/869 890/890/890 891/891/891
f 869/869/869 891/891/891 870/870/870
f 870/870/870 891/891/891 892/892/892
f 870/870/870 892/892/892 871/871/871
f 871/871/871 892/892/892 893/893/893
f 871/871/871 893/893/893 872/872/872
f 872/872/872 893/893/893 894/894/894
f 872/872/872 894/894/894 873/873/873
f 873/873/873 894/894/894 895/895/895
f 873/873/873 895/895/895 874/874/874
f 874/874/874 895/895/895 896/896/896
f 874/874/874 896/896/896 875/875/875
f 875/875/875 896/896/896 897/897/897
f 875/875/875 897/897/897 876/876/876
f 876/876/876 897/897/897 898/898/898
f 876/876/876 898/898/898 877/877/877
f 877/877/877 898/898/898 899/899/899
f 877/877/877 899/899/899 878/878/878
f 878/878/878 899/899/899 900/900/900
f 878/878/878 900/900/900 879/879/879
f 879/879/879 900/900/900 901/901/901
f 879/879/879 901/901/901 880/880/880
f 880/880/880 901/901/901 902/902/902
f 880/880/880 902/902/902 881/881/881
f 881/881/881 902/902/902 903/903/903
f 881/881/881 903/903/903 882/882/882
f 883/883/883 904/904/904 905/905/905
f 883/883/883 905/905/905 884/884/884
f 884/884/884 905/905/905 906/906/906
f 884/884/884 906/906/906 885/885/885
f 885/885/885 906/906/906 907/907/907
f 885/885/885 907/907/907 886/886/886
f 886/886/886 907/907/907 908/908/908
f 886/886/886 908/908/908 887/887/887
f 887/887/887 908/908/908 909/909/909
f 887/887/887 909/909/909 888/888/888
f 888/888/888 909/909/909 910/910/910
f 888/888/888 910/910/910 889/889/889
f 889/889/889 910/910/910 911/911/911
f 889/889/889 911/911/911 890/890/890
f 890/890/890 911/911/911 912/912/912
f 890/890/890 912/912/912 891/891/891
f 891/891/891 912/912/912 913/913/913
f 891/891/891 913/913/913 892/892/892
f 892/892/892 913/913/913 914/914/914
f 892/892/892 914/914/914 893/893/893
f 893/893/893 914/914/914 915/915/915
f 893/893/893 915/915/915 894/894/894
f 894/894/894 915/915/915 916/916/916
f 894/894/894 916/916/916 895/895/895
f 895/895/895 916/916/916 917/917/917
f 895/895/895 917/917/917 896/896/896
f 896/896/896 917/917/917 918/918/918
f 896/896/896 918/918/918 897/897/897
f 897/897/897 918/918/918 919/919/919
f 897/897/897 919/919/919 898/898/898
f 898/898/898 919/919/919 920/920/920
f 898/898/898 920/920/920 899/899/899
f 899/899/899 920/920/920 921/921/921
f 899/899/899 921/921/921 900/900/900
f 900/900/900 921/921/921 922/922/922
f 900/900/900 922/922/922 901/901/901
f 901/901/901 922/922/922 923/923/923
f 901/901/901 923/923/923 902/902/902
f 902/902/902 923/923/923 924/924/924
f 902/902/902 924/924/924 903/903/903
f 904/904/904 925/925/925 926/926/926
f 904/904/904 926/926/926 905/905/905
f 905/905/905 926/926/926 927/927/927
f 905/905/905 927/927/927 906/906/906
f 906/906/906 927/927/927 928/928/928
f 906/906/906 928/928/928 907/907/907
f 907/907/907 928/928/928 929/929/929
f 907/907/907 929/929/929 908/908/908
f 908/908/908 929/929/929 930/930/930
f 908/908/908 930/930/930 909/909/909
f 909/909/909 930/930/930 931/931/931
f 909/909/909 931/931/931 910/910/910
f 910/910/910 931/931/931 932/932/932
f 910/910/910 932/932/932 911/911/911
f 911/911/911 932/932/932 933/933/933
f 911/911/911 933/933/933 912/912/912
f 912/912/912 933/933/933 934/934/934
f 912/912/912 934/934/934 913/913/913
f 913/913/913 934/934/934 935/935/935
f 913/913/913 935/935/935 914/914/914
f 914/914/914 935/935/935 936/936/936
f 914/914/914 936/936/936 915/915/915
f 915/915/915 936/936/936 937/937/937
f 915/915/915 937/937/937 916/916/916
f 916/916/916 937/937/937 938/938/938
f 916/916/916 938/938/938 917/917/917
f 917/917/917 938/938/938 939/939/939
f 917/917/917 939/939/939 918/918/918
f 918/918/918 939/939/939 940/940/940
f 918/918/918 940/940/940 919/919/919
f 919/919/919 940/940/940 941/941/941
f 919/919/919 941/941/941 920/920/920
f 920/920/920 941/941/941 942/942/942
f 920/920/920 942/942/942 921/921/921
f 921/921/921 942/942/942 943/943/943
f 921/921/921 943/943/943 922/922/922
f 922/922/922 943/943/943 944/944/944
f 922/922/922 944/944/944 923/923/923
f 923/923/923 944/944/944 945/945/945
f 923/923/923 945/945/945 924/924/924
f 925/925/925 946/946/946 947/947/947
f 925/925/925 947/947/947 926/926/926
f 926/926/926 947/947/947 948/948/948
f 926/926/926 948/948/948 927/927/927
f 927/927/927 948/948/948 949/949/949
f 927/927/927 949/949/949 928/928/928
f 928/928/928 949/949/949 950/950/950
f 928/928/928 950/950/950 929/929/929
f 929/929/929 950/950/950 951/951/951
f 929/929/929 951/951/951 930/930/930
f 930/930/930 951/951/951 952/952/952
f 930/930/930 952/952/952 931/931/931
f 931/931/931 952/952/952 953/953/953
f 931/931/931 953/953/953 932/932/932
f 932/932/932 953/953/953 954/954/954
f 932/932/932 954/954/954 933/933/933
f 933/933/933 954/954/954 955/955/955
f 933/933/933 955/955/955 934/934/934
f 934/934/934 955/955/955 956/956/956
f 934/934/934 956/956/956 935/935/935
f 935/935/935 956/956/956 957/957/957
f 935/935/935 957/957/957 936/936/936
f 936/936/936 957/957/957 958/958/958
f 936/936/936 958/958/958 937/937/937
f 937/937/937 958/958/958 959/959/959
f 937/937/937 959/959/959 938/938/938
f 938/938/938 959/959/959 960/960/960
f 938/938/938 960/960/960 939/939/939
f 939/939/939 960/960/960 961/961/961
f 939/939/939 961/961/961 940/940/940
f 940/940/940 961/961/961 962/962/962
f 940/940/940 962/962/962 941/941/941
f 941/941/941 962/962/962 963/963/963
f 941/941/941 963/963/963 942/942/942
f 942/942/942 963/963/963 964/964/964
f 942/942/942 964/964/964 943/943/943
f 943/943/943 964/964/964 965/965/965
f 943/943/943 965/965/965 944/944/944
f 944/944/944 965/965/965 966/966/966
f 944/944/944 966/966/966 945/945/945
f 946/946/946 967/967/967 968/968/968
f 946/946/946 968/968/968 947/947/947
f 947/947/947 968/968/968 969/969/969
f 947/947/947 969/969/969 948/948/948
f 948/948/948 969/969/969 970/970/970
f 948/948/948 970/970/970 949/949/949
f 949/949/949 970/970/970 971/971/971
f 949/949/949 971/971/971 950/950/950
f 950/950/950 971/971/971 972/972/972
f 950/950/950 972/972/972 951/951/951
f 951/951/951 972/972/972 973/973/973
f 951/951/951 973/973/973 952/952/952
f 952/952/952 973/973/973 974/974/974
f 952/952/952 974/974/974 953/953/953
f 953/953/953 974/974/974 975/975/975
f 953/953/953 975/975/975 954/954/954
f 954/954/954 975/975/975 976/976/976
f 954/954/954 976/976/976 955/955/955
f 955/955/955 976/976/976 977/977/977
f 955/955/955 977/977/977 956/956/956
f 956/956/956 977/977/977 978/978/978
f 956/956/956 978/978/978 957/957/957
f 957/957/957 978/978/978 979/979/979
f 957/957/957 979/979/979 958/958/958
f 958/958/958 979/979/979 980/980/980
f 958/958/958 980/980/980 959/959/959
f 959/959/959 980/980/980 981/981/981
f 959/959/959 981/981/981 960/960/960
f 960/960/960 981/981/981 982/982/982
f 960/960/960 982/982/982 961/961/961
f 961/961/961 982/982/982 983/983/983
f 961/961/961 983/983/983 962/962/962
f 962/962/962 983/983/983 984/984/984
f 962/962/962 984/984/984 963/963/963
f 963/963/963 984/984/984 985/985/985
f 963/963/963 985/985/985 964/964/964
f 964/964/964 985/985/985 986/986/986
f 964/964/964 986/986/986 965/965/965
f 965/965/965 986/986/986 987/987/987
f 965/965/965 987/987/987 966/966/966
f 967/967/967 988/988/988 989/989/989
f 967/967/967 989/989/989 968/968/968
f 968/968/968 989/989/989 990/990/990
f 968/968/968 990/990/990 969/969/969
f 969/969/969 990/990/990 991/991/991
f 969/969/969 991/991/991 970/970/970
f 970/970/970 991/991/991 992/992/992
f 970/970/970 992/992/992 971/971/971
f 971/971/971 992/992/992 993/993/993
f 971/971/971 993/993/993 972/972/972
f 972/972/972 993/993/993 994/994/994
f 972/972/972 994/994/994 973/973/973
f 973/973/973 994/994/994 995/995/995
f 973/973/973 995/995/995 974/974/974
f 974/974/974 995/995/995 996/996/996
f 974/974/974 996/996/996 975/975/975
f 975/975/975 996/996/996 997/997/997
f 975/975/975 997/997/997 976/976/976
f 976/976/976 997/997/997 998/998/998
f 976/976/976 998/998/998 977/977/977
f 977/977/977 998/998/998 999/999/999
f 977/977/977 999/999/999 978/978/978
f 978/978/978 999/999/999 1000/1000/1000
f 978/978/978 1000/1000/1000 979/979/979
f 979/979/979 1000/1000/1000 1001/1001/1001
f 979/979/979 1001/1001/1001 980/980/980
f 980/980/980 1001/1001/1001 1002/1002/1002
f 980/980/980 1002/1002/1002 981/981/981
f 981/981/981 1002/1002/1002 1003/1003/1003
f 981/981/981 1003/1003/1003 982/982/982
f 982/982/982 1003/1003/1003 1004/1004/1004
f 982/982/982 1004/1004/1004 983/983/983
f 983/983/983 1004/1004/1004 1005/1005/1005
f 983/983/983 1005/1005/1005 984/984/984
f 984/984/984 1005/1005/1005 1006/1006/1006
f 984/984/984 1006/1006/1006 985/985/985
f 985/985/985 1006/1006/1006 1007/1007/1007
f 985/985/985 1007/1007/1007 986/986/986
f 986/986/986 1007/1007/1007 1008/1008/1008
f 986/986/986 1008/1008/1008 987/987/987
f 988/988/988 1009/1009/1009 1010/1010/1010
f 988/988/988 1010/1010/1010 989/989/989
f 989/989/989 1010/1010/1010 1011/1011/1011
f 989/989/989 1011/1011/1011 990/990/990
f 990/990/990 1011/1011/1011 1012/1012/1012
f 990/990/990 1012/1012/1012 991/991/991
f 991/991/991 1012/1012/1012 1013/1013/1013
f 991/991/991 1013/1013/1013 992/992/992
f 992/992/992 1013/1013/1013 1014/1014/1014
f 992/992/992 1014/1014/1014 993/993/993
f 993/993/993 1014/1014/1014 1015/1015/1015
f 993/993/993 1015/1015/1015 994/994/994
f 994/994/994 1015/1015/1015 1016/1016/1016
f 994/994/994 1016/1016/1016 995/995/995
f 995/995/995 1016/1016/1016 1017/1017/1017
f 995/995/995 1017/1017/1017 996/996/996
f 996/996/996 1017/1017/1017 1018/1018/1018
f 996/996/996 1018/1018/1018 997/997/997
f 997/997/997 1018/1018/1018 1019/1019/1019
f 997/997/997 1019/1019/1019 998/998/998
f 998/998/998 1019/1019/1019 1020/1020/1020
f 998/998/998 1020/1020/1020 999/999/999
f 999/999/999 1020/1020/1020 1021/1021/1021
f 999/999/999 1021/1021/1021 1000/1000/1000
f 1000/1000/1000 1021/1021/1021 1022/1022/1022
f 1000/1000/1000 1022/1022/1022 1001/1001/1001
f 1001/1001/1001 1022/1022/1022 1023/1023/1023
f 1001/1001/1001 1023/1023/1023 1002/1002/1002
f 1002/1002/1002 1023/1023/1023 1024/1024/1024
f 1002/1002/1002 1024/1024/1024 1003/1003/1003
f 1003/1003/1003 1024/1024/1024 1025/1025/1025
f 1003/1003/1003 1025/1025/1025 1004/1004/1004
f 1004/1004/1004 1025/1025/1025 1026/1026/1026
f 1004/1004/1004 1026/1026/1026 1005/1005/1005
f 1005/1005/1005 1026/1026/1026 1027/1027/1027
f 1005/1005/1005 1027/1027/1027 1006/1006/1006
f 1006/1006/1006 1027/1027/1027 1028/1028/1028
f 1006/1006/1006 1028/1028/1028 1007/1007/1007
f 1007/1007/1007 1028/1028/1028 1029/1029/1029
f 1007/1007/1007 1029/1029/1029 1008/1008/1008
f 1009/1009/1009 1030/1030/1030 1031/1031/1031
f 1009/1009/1009 1031/1031/1031 1010/1010/1010
f 1010/1010/1010 1031/1031/1031 1032/1032/1032
f 1010/1010/1010 1032/1032/1032 1011/1011/1011
f 1011/1011/1011 1032/1032/1032 1033/1033/1033
f 1011/1011/1011 1033/1033/1033 1012/1012/1012
f 1012/1012/1012 1033/1033/1033 1034/1034/1034
f 1012/1012/1012 1034/1034/1034 1013/1013/1013
f 1013/1013/1013 1034/1034/1034 1035/1035/1035
f 1013/1013/1013 1035/1035/1035 1014/1014/1014
f 1014/1014/1014 1035/1035/1035 1036/1036/1036
f 1014/1014/1014 1036/1036/1036 1015/1015/1015
f 1015/1015/1015 1036/1036/1036 1037/1037/1037
f 1015/1015/1015 1037/1037/1037 1016/1016/1016
f 1016/1016/1016 1037/1037/1037 1038/1038/1038
f 1016/1016/1016 1038/1038/1038 1017/1017/1017
f 1017/1017/1017 1038/1038/1038 1039/1039/1039
f 1017/1017/1017 1039/1039/1039 1018/1018/1018
f 1018/1018/1018 1039/1039/1039 1040/1040/1040
f 1018/1018/1018 1040/1040/1040 1019/1019/1019
f 1019/1019/1019 1040/1040/1040 1041/1041/1041
f 1019/1019/1019 1041/1041/1041 1020/1020/1020
f 1020/1020/1020 1041/1041/1041 1042/1042/1042
f 1020/1020/1020 1042/1042/1042 1021/1021/1021
f 1021/1021/1021 1042/1042/1042 1043/1043/1043
f 1021/1021/1021 1043/1043/1043 1022/1022/1022
f 1022/1022/1022 1043/1043/1043 1044/1044/1044
f 1022/1022/1022 1044/1044/1044 1023/1023/1023
f 1023/1023/1023 1044/1044/1044 1045/1045/1045
f 1023/1023/1023 1045/1045/1045 1024/1024/1024
f 1024/1024/1024 1045/1045/1045 1046/1046/1046
f 1024/1024/1024 1046/1046/1046 1025/1025/1025
f 1025/1025/1025 1046/1046/1046 1047/1047/1047
f 1025/1025/1025 1047/1047/1047 1026/1026/1026
f 1026/1026/1026 1047/1047/1047 1048/1048/1048
f 1026/1026/1026 1048/1048/1048 1027/1027/1027
f 1027/1027/1027 1048/1048/1048 1049/1049/1049
f 1027/1027/1027 1049/1049/1049 1028/1028/1028
f 1028/1028/1028 1049/1049/1049 1050/1050/1050
f 1028/1028/1028 1050/1050/1050 1029/1029/1029
f 1030/1030/1030 1051/1051/1051 1052/1052/1052
f 1030/1030/1030 1052/1052/1052 1031/1031/1031
f 1031/1031/1031 1052/1052/1052 1053/1053/1053
f 1031/1031/1031 1053/1053/1053 1032/1032/1032
f 1032/1032/1032 1053/1053/1053 1054/1054/1054
f 1032/1032/1032 1054/1054/1054 1033/1033/1033
f 1033/1033/1033 1054/1054/1054 1055/1055/1055
f 1033/1033/1033 1055/1055/1055 1034/1034/1034
f 1034/1034/1034 1055/1055/1055 1056/1056/1056
f 1034/1034/1034 1056/1056/1056 1035/1035/1035
f 1035/1035/1035 1056/1056/1056 1057/1057/1057
f 1035/1035/1035 1057/1057/1057 1036/1036/1036
f 1036/1036/1036 1057/1057/1057 1058/1058/1058
f 1036/1036/1036 1058/1058/1058 1037/1037/1037
f 1037/1037/1037 1058/1058/1058 1059/1059/1059
f 1037/1037/1037 1059/1059/1059 1038/1038/1038
f 1038/1038/1038 1059/1059/1059 1060/1060/1060
f 1038/1038/1038 1060/1060/1060 1039/1039/1039
f 1039/1039/1039 1060/1060/1060 1061/1061/1061
f 1039/1039/1039 1061/1061/1061 1040/1040/1040
f 1040/1040/1040 1061/1061/1061 1062/1062/1062
f 1040/1040/1040 1062/1062/1062 1041/1041/1041
f 1041/1041/1041 1062/1062/1062 1063/1063/1063
f 1041/1041/1041 1063/1063/1063 1042/1042/1042
f 1042/1042/1042 1063/1063/1063 1064/1064/1064
f 1042/1042/1042 1064/1064/1064 1043/1043/1043
f 1043/1043/1043 1064/1064/1064 1065/1065/1065
f 1043/1043/1043 1065/1065/1065 1044/1044/1044
f 1044/1044/1044 1065/1065/1065 1066/1066/1066
f 1044/1044/1044 1066/1066/1066 1045/1045/1045
f 1045/1045/1045 1066/1066/1066 1067/1067/1067
f 1045/1045/1045 1067/1067/1067 1046/1046/1046
f 1046/1046/1046 1067/1067/1067 1068/1068/1068
f 1046/1046/1046 1068/1068/1068 1047/1047/1047
f 1047/1047/1047 1068/1068/1068 1069/1069/1069
f 1047/1047/1047 1069/1069/1069 1048/1048/1048
f 1048/1048/1048 1069/1069/1069 1070/1070/1070
f 1048/1048/1048 1070/1070/1070 1049/1049/1049
f 1049/1049/1049 1070/1070/1070 1071/1071/1071
f 1049/1049/1049 1071/1071/1071 1050/1050/1050
f 1051/1051/1051 1072/1072/1072 1073/1073/1073
f 1051/1051/1051 1073/1073/1073 1052/1052/1052
f 1052/1052/1052 1073/1073/1073 1074/1074/1074
f 1052/1052/1052 1074/1074/1074 1053/1053/1053
f 1053/1053/1053 1074/1074/1074 1075/1075/1075
f 1053/1053/1053 1075/1075/1075 1054/1054/1054
f 1054/1054/1054 1075/1075/1075 1076/1076/1076
f 1054/1054/1054 1076/1076/1076 1055/1055/1055
f 1055/1055/1055 1076/1076/1076 1077/1077/1077
f 1055/1055/1055 1077/1077/1077 1056/1056/1056
f 1056/1056/1056 1077/1077/1077 1078/1078/1078
f 1056/1056/1056 1078/1078/1078 1057/1057/1057
f 1057/1057/1057 1078/1078/1078 1079/1079/1079
f 1057/1057/1057 1079/1079/1079 1058/1058/1058
f 1058/1058/1058 1079/1079/1079 1080/1080/1080
f 1058/1058/1058 1080/1080/1080 1059/1059/1059
f 1059/1059/1059 1080/1080/1080 1081/1081/1081
f 1059/1059/1059 1081/1081/1081 1060/1060/1060
f 1060/1060/1060 1081/1081/1081 1082/1082/1082
f 1060/1060/1060 1082/1082/1082 1061/1061/1061
f 1061/1061/1061 1082/1082/1082 1083/1083/1083
f 1061/1061/1061 1083/1083/1083 1062/1062/1062
f 1062/1062/1062 1083/1083/1083 1084/1084/1084
f 1062/1062/1062 1084/1084/1084 1063/1063/1063
f 1063/1063/1063 1084/1084/1084 1085/1085/1085
f 1063/1063/1063 1085/1085/1085 1064/1064/1064
f 1064/1064/1064 1085/1085/1085 1086/1086/1086
f 1064/1064/1064 1086/1086/1086 1065/1065/1065
f 1065/1065/1065 1086/1086/1086 1087/1087/1087
f 1065/1065/1065 1087/1087/1087 1066/1066/1066
f 1066/1066/1066 1087/1087/1087 1088/1088/1088
f 1066/1066/1066 1088/1088/1088 1067/1067/1067
f 1067/1067/1067 1088/1088/1088 1089/1089/1089
f 1067/1067/1067 1089/1089/1089 1068/1068/1068
f 1068/1068/1068 1089/1089/1089 1090/1090/1090
f 1068/1068/1068 1090/1090/1090 1069/1069/1069
f 1069/1069/1069 1090/1090/1090 1091/1091/1091
f 1069/1069/1069 1091/1091/1091 1070/1070/1070
f 1070/1070/1070 1091/1091/1091 1092/1092/1092
f 1070/1070/1070 1092/1092/1092 1071/1071/1071
f 1072/1072/1072 1093/1093/1093 1094/1094/1094
f 1072/1072/1072 1094/1094/1094 1073/1073/1073
f 1073/1073/1073 1094/1094/1094 1095/1095/1095
f 1073/1073/1073 1095/1095/1095 1074/1074/1074
f 1074/1074/1074 1095/1095/1095 1096/1096/1096
f 1074/1074/1074 1096/1096/1096 1075/1075/1075
f 1075/1075/1075 1096/1096/1096 1097/1097/1097
f 1075/1075/1075 1097/1097/1097 1076/1076/1076
f 1076/1076/1076 1097/1097/1097 1098/1098/1098
f 1076/1076/1076 1098/1098/1098 1077/1077/1077
f 1077/1077/1077 1098/1098/1098 1099/1099/1099
f 1077/1077/1077 1099/1099/1099 1078/1078/1078
f 1078/1078/1078 1099/1099/1099 1100/1100/1100
f 1078/1078/1078 1100/1100/1100 1079/1079/1079
f 1079/1079/1079 1100/1100/1100 1101/1101/1101
f 1079/1079/1079 1101/1101/1101 1080/1080/1080
f 1080/1080/1080 1101/1101/1101 1102/1102/1102
f 1080/1080/1080 1102/1102/1102 1081/1081/1081
f 1081/1081/1081 1102/1102/1102 1103/1103/1103
f 1081/1081/1081 1103/1103/1103 1082/1082/1082
f 1082/1082/1082 1103/1103/1103 1104/1104/1104
f 1082/1082/1082 1104/1104/1104 1083/1083/1083
f 1083/1083/1083 1104/1104/1104 1105/1105/1105
f 1083/1083/1083 1105/1105/1105 1084/1084/1084
f 1084/1084/1084 1105/1105/1105 1106/1106/1106
f 1084/1084/1084 1106/1106/1106 1085/1085/1085
f 1085/1085/1085 1106/1106/1106 1107/1107/1107
f 1085/1085/1085 1107/1107/1107 1086/1086/1086
f 1086/1086/1086 1107/1107/1107 1108/1108/1108
f 1086/1086/1086 1108/1108/1108 1087/1087/1087
f 1087/1087/1087 1108/1108/1108 1109/1109/1109
f 1087/1087/1087 1109/1109/1109 1088/1088/1088
f 1088/1088/1088 1109/1109/1109 1110/1110/1110
f 1088/1088/1088 1110/1110/1110 1089/1089/1089
f 1089/1089/1089 1110/1110/1110 1111/1111/1111
f 1089/1089/1089 1111/1111/1111 1090/1090/1090
f 1090/1090/1090 1111/1111/1111 1112/1112/1112
f 1090/1090/1090 1112/1112/1112 1091/1091/1091
f 1091/1091/1091 1112/1112/1112 1113/1113/1113
f 1091/1091/1091 1113/1113/1113 1092/1092/1092
f 1093/1093/1093 1114/1114/1114 1115/1115/1115
f 1093/1093/1093 1115/1115/1115 1094/1094/1094
f 1094/1094/1094 1115/1115/1115 1116/1116/1116
f 1094/1094/1094 1116/1116/1116 1095/1095/1095
f 1095/1095/1095 1116/1116/1116 1117/1117/1117
f 1095/1095/1095 1117/1117/1117 1096/1096/1096
f 1096/1096/1096 1117/1117/1117 1118/1118/1118
f 1096/1096/1096 1118/1118/1118 1097/1097/1097
f 1097/1097/1097 1118/1118/1118 1119/1119/1119
f 1097/1097/1097 1119/1119/1119 1098/1098/1098
f 1098/1098/1098 1119/1119/1119 1120/1120/1120
f 1098/1098/1098 1120/1120/1120 1099/1099/1099
f 1099/1099/1099 1120/1120/1120 1121/1121/1121
f 1099/1099/1099 1121/1121/1121 1100/1100/1100
f 1100/1100/1100 1121/1121/1121 1122/1122/1122
f 1100/1100/1100 1122/1122/1122 1101/1101/1101
f 1101/1101/1101 1122/1122/1122 1123/1123/1123
f 1101/1101/1101 1123/1123/1123 1102/1102/1102
f 1102/1102/1102 1123/1123/1123 1124/1124/1124
f 1102/1102/1102 1124/1124/1124 1103/1103/1103
f 1103/1103/1103 1124/1124/1124 1125/1125/1125
f 1103/1103/1103 1125/1125/1125 1104/1104/1104
f 1104/1104/1104 1125/1125/1125 1126/1126/1126
f 1104/1104/1104 1126/1126/1126 1105/1105/1105
f 1105/1105/1105 1126/1126/1126 1127/1127/1127
f 1105/1105/1105 1127/1127/1127 1106/1106/1106
f 1106/1106/1106 1127/1127/1127 1128/1128/1128
f 1106/1106/1106 1128/1128/1128 1107/1107/1107
f 1107/1107/1107 1128/1128/1128 1129/1129/1129
f 1107/1107/1107 1129/1129/1129 1108/1108/1108
f 1108/1108/1108 1129/1129/1129 1130/1130/1130
f 1108/1108/1108 1130/1130/1130 1109/1109/1109
f 1109/1109/1109 1130/1130/1130 1131/1131/1131
f 1109/1109/1109 1131/1131/1131 1110/1110/1110
f 1110/1110/1110 1131/1131/1131 1132/1132/1132
f 1110/1110/1110 1132/1132/1132 1111/1111/1111
f 1111/1111/1111 1132/1132/1132 1133/1133/1133
f 1111/1111/1111 1133/1133/1133 1112/1112/1112
f 1112/1112/1112 1133/1133/1133 1134/1134/1134
f 1112/1112/1112 1134/1134/1134 1113/1113/1113
f 1114/1114/1114 1135/1135/1135 1136/1136/1136
f 1114/1114/1114 1136/1136/1136 1115/1115/1115
f 1115/1115/1115 1136/1136/1136 1137/1137/1137
f 1115/1115/1115 1137/1137/1137 1116/1116/1116
f 1116/1116/1116 1137/1137/1137 1138/1138/1138
f 1116/1116/1116 1138/1138/1138 1117/1117/1117
f 1117/1117/1117 1138/1138/1138 1139/1139/1139
f 1117/1117/1117 1139/1139/1139 1118/1118/1118
f 1118/1118/1118 1139/1139/1139 1140/1140/1140
f 1118/1118/1118 1140/1140/1140 1119/1119/1119
f 1119/1119/1119 1140/1140/1140 1141/1141/1141
f 1119/1119/1119 1141/1141/1141 1120/1120/1120
f 1120/1120/1120 1141/1141/1141 1142/1142/1142
f 1120/1120/1120 1142/1142/1142 1121/1121/1121
f 1121/1121/1121 1142/1142/1142 1143/1143/1143
f 1121/1121/1121 1143/1143/1143 1122/1122/1122
f 1122/1122/1122 1143/1143/1143 1144/1144/1144
f 1122/1122/1122 1144/1144/1144 1123/1123/1123
f 1123/1123/1123 1144/1144/1144 1145/1145/1145
f 1123/1123/1123 1145/1145/1145 1124/1124/1124
f 1124/1124/1124 1145/1145/1145 1146/1146/1146
f 1124/1124/1124 1146/1146/1146 1125/1125/1125
f 1125/1125/1125 1146/1146/1146 1147/1147/1147
f 1125/1125/1125 1147/1147/1147 1126/1126/1126
f 1126/1126/1126 1147/1147/1147 1148/1148/1148
f 1126/1126/1126 1148/1148/1148 1127/1127/1127
f 1127/1127/1127 1148/1148/1148 1149/1149/1149
f 1127/1127/1127 1149/1149/1149 1128/1128/1128
f 1128/1128/1128 1149/1149/1149 1150/1150/1150
f 1128/1128/1128 1150/1150/1150 1129/1129/1129
f 1129/1129/1129 1150/1150/1150 1151/1151/1151
f 1129/1129/1129 1151/1151/1151 1130/1130/1130
f 1130/1130/1130 1151/1151/1151 1152/1152/1152
f 1130/1130/1130 1152/1152/1152 1131/1131/1131
f 1131/1131/1131 1152/1152/1152 1153/1153/1153
f 1131/1131/1131 1153/1153/1153 1132/1132/1132
f 1132/1132/1132 1153/1153/1153 1154/1154/1154
f 1132/1132/1132 1154/1154/1154 1133/1133/1133
f 1133/1133/1133 1154/1154/1154 1155/1155/1155
f 1133/1133/1133 1155/1155/1155 1134/1134/1134
f 1135/1135/1135 1156/1156/1156 1157/1157/1157
f 1135/1135/1135 1157/1157/1157 1136/1136/1136
f 1136/1136/1136 1157/1157/1157 1158/1158/1158
f 1136/1136/1136 1158/1158/1158 1137/1137/1137
f 1137/1137/1137 1158/1158/1158 1159/1159/1159
f 1137/1137/1137 1159/1159/1159 1138/1138/1138
f 1138/1138/1138 1159/1159/1159 1160/1160/1160
f 1138/1138/1138 1160/1160/1160 1139/1139/1139
f 1139/1139/1139 1160/1160/1160 1161/1161/1161
f 1139/1139/1139 1161/1161/1161 1140/1140/1140
f 1140/1140/1140 1161/1161/1161 1162/1162/1162
f 1140/1140/1140 1162/1162/1162 1141/1141/1141
f 1141/1141/1141 1162/1162/1162 1163/1163/1163
f 1141/1141/1141 1163/1163/1163 1142/1142/1142
f 1142/1142/1142 1163/1163/1163 1164/1164/1164
f 1142/1142/1142 1164/1164/1164 1143/1143/1143
f 1143/1143/1143 1164/1164/1164 1165/1165/1165
f 1143/1143/1143 1165/1165/1165 1144/1144/1144
f 1144/1144/1144 1165/1165/1165 1166/1166/1166
f 1144/1144/1144 1166/1166/1166 1145/1145/1145
f 1145/1145/1145 1166/1166/1166 1167/1167/1167
f 1145/1145/1145 1167/1167/1167 1146/1146/1146
f 1146/1146/1146 1167/1167/1167 1168/1168/1168
f 1146/1146/1146 1168/1168/1168 1147/1147/1147
f 1147/1147/1147 1168/1168/1168 1169/1169/1169
f 1147/1147/1147 1169/1169/1169 1148/1148/1148
f 1148/1148/1148 1169/1169/1169 1170/1170/1170
f 1148/1148/1148 1170/1170/1170 1149/1149/1149
f 1149/1149/1149 1170/1170/1170 1171/1171/1171
f 1149/1149/1149 1171/1171/1171 1150/1150/1150
f 1150/1150/1150 1171/1171/1171 1172/1172/1172
f 1150/1150/1150 1172/1172/1172 1151/1151/1151
f 1151/1151/1151 1172/1172/1172 1173/1173/1173
f 1151/1151/1151 1173/1173/1173 1152/1152/1152
f 1152/1152/1152 1173/1173/1173 1174/1174/1174
f 1152/1152/1152 1174/1174/1174 1153/1153/1153
f 1153/1153/1153 1174/1174/1174 1175/1175/1175
f 1153/1153/1153 1175/1175/1175 1154/1154/1154
f 1154/1154/1154 1175/1175/1175 1176/1176/1176
f 1154/1154/1154 1176/1176/1176 1155/1155/1155
f 1156/1156/1156 1177/1177/1177 1178/1178/1178
f 1156/1156/1156 1178/1178/1178 1157/1157/1157
f 1157/1157/1157 1178/1178/1178 1179/1179/1179
f 1157/1157/1157 1179/1179/1179 1158/1158/1158
f 1158/1158/1158 1179/1179/1179 1180/1180/1180
f 1158/1158/1158 1180/1180/1180 1159/1159/1159
f 1159/1159/1159 1180/1180/1180 1181/1181/1181
f 1159/1159/1159 1181/1181/1181 1160/1160/1160
f 1160/1160/1160 1181/1181/1181 1182/1182/1182
f 1160/1160/1160 1182/1182/1182 1161/1161/1161
f 1161/1161/1161 1182/1182/1182 1183/1183/1183
f 1161/1161/1161 1183/1183/1183 1162/1162/1162
f 1162/1162/1162 1183/1183/1183 1184/1184/1184
f 1162/1162/1162 1184/1184/1184 1163/1163/1163
f 1163/1163/1163 1184/1184/1184 1185/1185/1185
f 1163/1163/1163 1185/1185/1185 1164/1164/1164
f 1164/1164/1164 1185/1185/1185 1186/1186/1186
f 1164/1164/1164 1186/1186/1186 1165/1165/1165
f 1165/1165/1165 1186/1186/1186 1187/1187/1187
f 1165/1165/1165 1187/1187/1187 1166/1166/1166
f 1166/1166/1166 1187/1187/1187 1188/1188/1188
f 1166/1166/1166 1188/1188/1188 1167/1167/1167
f 1167/1167/1167 1188/1188/1188 1189/1189/1189
f 1167/1167/1167 1189/1189/1189 1168/1168/1168
f 1168/1168/1168 1189/1189/1189 1190/1190/1190
f 1168/1168/1168 1190/1190/1190 1169/1169/1169
f 1169/1169/1169 1190/1190/1190 1191/1191/1191
f 1169/1169/1169 1191/1191/1191 1170/1170/1170
f 1170/1170/1170 1191/1191/1191 1192/1192/1192
f 1170/1170/1170 1192/1192/1192 1171/1171/1171
f 1171/1171/1171 1192/1192/1192 1193/1193/1193
f 1171/1171/1171 1193/1193/1193 1172/1172/1172
f 1172/1172/1172 1193/1193/1193 1194/1194/1194
f 1172/1172/1172 1194/1194/1194 1173/1173/1173
f 1173/1173/1173 1194/1194/1194 1195/1195/1195
f 1173/1173/1173 1195/1195/1195 1174/1174/1174
f 1174/1174/1174 1195/1195/1195 1196/1196/1196
f 1174/1174/1174 1196/1196/1196 1175/1175/1175
f 1175/1175/1175 1196/1196/1196 1197/1197/1197
f 1175/1175/1175 1197/1197/1197 1176/1176/1176
f 1177/1177/1177 1198/1198/1198 1199/1199/1199
f 1177/1177/1177 1199/1199/1199 1178/1178/1178
f 1178/1178/1178 1199/1199/1199 1200/1200/1200
f 1178/1178/1178 1200/1200/1200 1179/1179/1179
f 1179/1179/1179 1200/1200/1200 1201/1201/1201
f 1179/1179/1179 1201/1201/1201 1180/1180/1180
f 1180/1180/1180 1201/1201/1201 1202/1202/1202
f 1180/1180/1180 1202/1202/1202 1181/1181/1181
f 1181/1181/1181 1202/1202/1202 1203/1203/1203
f 1181/1181/1181 1203/1203/1203 1182/1182/1182
f 1182/1182/1182 1203/1203/1203 1204/1204/1204
f 1182/1182/1182 1204/1204/1204 1183/1183/1183
f 1183/1183/1183 1204/1204/1204 1205/1205/1205
f 1183/1183/1183 1205/1205/1205 1184/1184/1184
f 1184/1184/1184 1205/1205/1205 1206/1206/1206
f 1184/1184/1184 1206/1206/1206 1185/1185/1185
f 1185/1185/1185 1206/1206/1206 1207/1207/1207
f 1185/1185/1185 1207/1207/1207 1186/1186/1186
f 1186/1186/1186 1207/1207/1207 1208/1208/1208
f 1186/1186/1186 1208/1208/1208 1187/1187/1187
f 1187/1187/1187 1208/1208/1208 1209/1209/1209
f 1187/1187/1187 1209/1209/1209 1188/1188/1188
f 1188/1188/1188 1209/1209/1209 1210/1210/1210
f 1188/1188/1188 1210/1210/1210 1189/1189/1189
f 1189/1189/1189 1210/1210/1210 1211/1211/1211
f 1189/1189/1189 1211/1211/1211 1190/1190/1190
f 1190/1190/1190 1211/1211/1211 1212/1212/1212
f 1190/1190/1190 1212/1212/1212 1191/1191/1191
f 1191/1191/1191 1212/1212/1212 1213/1213/1213
f 1191/1191/1191 1213/1213/1213 1192/1192/1192
f 1192/1192/1192 1213/1213/1213 1214/1214/1214
f 1192/1192/1192 1214/1214/1214 1193/1193/1193
f 1193/1193/1193 1214/1214/1214 1215/1215/1215
f 1193/1193/1193 1215/1215/1215 1194/1194/1194
f 1194/1194/1194 1215/1215/1215 1216/1216/1216
f 1194/1194/1194 1216/1216/1216 1195/1195/1195
f 1195/1195/1195 1216/1216/1216 1217/1217/1217
f 1195/1195/1195 1217/1217/1217 1196/1196/1196
f 1196/1196/1196 1217/1217/1217 1218/1218/1218
f 1196/1196/1196 1218/1218/1218 1197/1197/1197
f 1198/1198/1198 1219/1219/1219 1220/1220/1220
f 1198/1198/1198 1220/1220/1220 1199/1199/1199
f 1199/1199/1199 1220/1220/1220 1221/1221/1221
f 1199/1199/1199 1221/1221/1221 1200/1200/1200
f 1200/1200/1200 1221/1221/1221 1222/1222/1222
f 1200/1200/1200 1222/1222/1222 1201/1201/1201
f 1201/1201/1201 1222/1222/1222 1223/1223/1223
f 1201/1201/1201 1223/1223/1223 1202/1202/1202
f 1202/1202/1202 1223/1223/1223 1224/1224/1224
f 1202/1202/1202 1224/1224/1224 1203/1203/1203
f 1203/1203/1203 1224/1224/1224 1225/1225/1225
f 1203/1203/1203 1225/1225/1225 1204/1204/1204
f 1204/1204/1204 1225/1225/1225 1226/1226/1226
f 1204/1204/1204 1226/1226/1226 1205/1205/1205
f 1205/1205/1205 1226/1226/1226 1227/1227/1227
f 1205/1205/1205 1227/1227/1227 1206/1206/1206
f 1206/1206/1206 1227/1227/1227 1228/1228/1228
f 1206/1206/1206 1228/1228/1228 1207/1207/1207
f 1207/1207/1207 1228/1228/1228 1229/1229/1229
f 1207/1207/1207 1229/1229/1229 1208/1208/1208
f 1208/1208/1208 1229/1229/1229 1230/1230/1230
f 1208/1208/1208 1230/1230/1230 1209/1209/1209
f 1209/1209/1209 1230/1230/1230 1231/1231/1231
f 1209/1209/1209 1231/1231/1231 1210/1210/1210
f 1210/1210/1210 1231/1231/1231 1232/1232/1232
f 1210/1210/1210 1232/1232/1232 1211/1211/1211
f 1211/1211/1211 1232/1232/1232 1233/1233/1233
f 1211/1211/1211 1233/1233/1233 1212/1212/1212
f 1212/1212/1212 1233/1233/1233 1234/1234/1234
f 1212/1212/1212 1234/1234/1234 1213/1213/1213
f 1213/1213/1213 1234/1234/1234 1235/1235/1235
f 1213/1213/1213 1235/1235/1235 1214/1214/1214
f 1214/1214/1214 1235/1235/1235 1236/1236/1236
f 1214/1214/1214 1236/1236/1236 1215/1215/1215
f 1215/1215/1215 1236/1236/1236 1237/1237/1237
f 1215/1215/1215 1237/1237/1237 1216/1216/1216
f 1216/1216/1216 1237/1237/1237 1238/1238/1238
f 1216/1216/1216 1238/1238/1238 1217/1217/1217
f 1217/1217/1217 1238/1238/1238 1239/1239/1239
f 1217/1217/1217 1239/1239/1239 1218/1218/1218
f 1219/1219/1219 1240/1240/1240 1241/1241/1241
f 1219/1219/1219 1241/1241/1241 1220/1220/1220
f 1220/1220/1220 1241/1241/1241 1242/1242/1242
f 1220/1220/1220 1242/1242/1242 1221/1221/1221
f 1221/1221/1221 1242/1242/1242 1243/1243/1243
f 1221/1221/1221 1243/1243/1243 1222/1222/1222
f 1222/1222/1222 1243/1243/1243 1244/1244/1244
f 1222/1222/1222 1244/1244/1244 1223/1223/1223
f 1223/1223/1223 1244/1244/1244 1245/1245/1245
f 1223/1223/1223 1245/1245/1245 1224/1224/1224
f 1224/1224/1224 1245/1245/1245 1246/1246/1246
f 1224/1224/1224 1246/1246/1246 1225/1225/1225
f 1225/1225/1225 1246/1246/1246 1247/1247/1247
f 1225/1225/1225 1247/1247/1247 1226/1226/1226
f 1226/1226/1226 1247/1247/1247 1248/1248/1248
f 1226/1226/1226 1248/1248/1248 1227/1227/1227
f 1227/1227/1227 1248/1248/1248 1249/1249/1249
f 1227/1227/1227 1249/1249/1249 1228/1228/1228
f 1228/1228/1228 1249/1249/1249 1250/1250/1250
f 1228/1228/1228 1250/1250/1250 1229/1229/1229
f 1229/1229/1229 1250/1250/1250 1251/1251/1251
f 1229/1229/1229 1251/1251/1251 1230/1230/1230
f 1230/1230/1230 1251/1251/1251 1252/1252/1252
f 1230/1230/1230 1252/1252/1252 1231/1231/1231
f 1231/1231/1231 1252/1252/1252 1253/1253/1253
f 1231/1231/1231 1253/1253/1253 1232/1232/1232
f 1232/1232/1232 1253/1253/1253 1254/1254/1254
f 1232/1232/1232 1254/1254/1254 1233/1233/1233
f 1233/1233/1233 1254/1254/1254 1255/1255/1255
f 1233/1233/1233 1255/1255/1255 1234/1234/1234
f 1234/1234/1234 1255/1255/1255 1256/1256/1256
f 1234/1234/1234 1256/1256/1256 1235/1235/1235
f 1235/1235/1235 1256/1256/1256 1257/1257/1257
f 1235/1235/1235 1257/1257/1257 1236/1236/1236
f 1236/1236/1236 1257/1257/1257 1258/1258/1258
f 1236/1236/1236 1258/1258/1258 1237/1237/1237
f 1237/1237/1237 1258/1258/1258 1259/1259/1259
f 1237/1237/1237 1259/1259/1259 1238/1238/1238
f 1238/1238/1238 1259/1259/1259 1260/1260/1260
f 1238/1238/1238 1260/1260/1260 1239/1239/1239
f 1240/1240/1240 1261/1261/1261 1262/1262/1262
f 1240/1240/1240 1262/1262/1262 1241/1241/1241
f 1241/1241/1241 1262/1262/1262 1263/1263/1263
f 1241/1241/1241 1263/1263/1263 1242/1242/1242
f 1242/1242/1242 1263/1263/1263 1264/1264/1264
f 1242/1242/1242 1264/1264/1264 1243/1243/1243
f 1243/1243/1243 1264/1264/1264 1265/1265/1265
f 1243/1243/1243 1265/1265/1265 1244/1244/1244
f 1244/1244/1244 1265/1265/1265 1266/1266/1266
f 1244/1244/1244 1266/1266/1266 1245/1245/1245
f 1245/1245/1245 1266/1266/1266 1267/1267/1267
f 1245/1245/1245 1267/1267/1267 1246/1246/1246
f 1246/1246/1246 1267/1267/1267 1268/1268/1268
f 1246/1246/1246 1268/1268/1268 1247/1247/1247
f 1247/1247/1247 1268/1268/1268 1269/1269/1269
f 1247/1247/1247 1269/1269/1269 1248/1248/1248
f 1248/1248/1248 1269/1269/1269 1270/1270/1270
f 1248/1248/1248 1270/1270/1270 1249/1249/1249
f 1249/1249/1249 1270/1270/1270 1271/1271/1271
f 1249/1249/1249 1271/1271/1271 1250/1250/1250
f 1250/1250/1250 1271/1271/1271 1272/1272/1272
f 1250/1250/1250 1272/1272/1272 1251/1251/1251
f 1251/1251/1251 1272/1272/1272 1273/1273/1273
f 1251/1251/1251 1273/1273/1273 1252/1252/1252
f 1252/1252/1252 1273/1273/1273 1274/1274/1274
f 1252/1252/1252 1274/1274/1274 1253/1253/1253
f 1253/1253/1253 1274/1274/1274 1275/1275/1275
f 1253/1253/1253 1275/1275/1275 1254/1254/1254
f 1254/1254/1254 1275/1275/1275 1276/1276/1276
f 1254/1254/1254 1276/1276/1276 1255/1255/1255
f 1255/1255/1255 1276/1276/1276 1277/1277/1277
f 1255/1255/1255 1277/1277/1277 1256/1256/1256
f 1256/1256/1256 1277/1277/1277 1278/1278/1278
f 1256/1256/1256 1278/1278/1278 1257/1257/1257
f 1257/1257/1257 1278/1278/1278 1279/1279/1279
f 1257/1257/1257 1279/1279/1279 1258/1258/1258
f 1258/1258/1258 1279/1279/1279 1280/1280/1280
f 1258/1258/1258 1280/1280/1280 1259/1259/1259
f 1259/1259/1259 1280/1280/1280 1281/1281/1281
f 1259/1259/1259 1281/1281/1281 1260/1260/1260
f 1261/1261/1261 1282/1282/1282 1283/1283/1283
f 1261/1261/1261 1283/1283/1283 1262/1262/1262
f 1262/1262/1262 1283/1283/1283 1284/1284/1284
f 1262/1262/1262 1284/1284/1284 1263/1263/1263
f 1263/1263/1263 1284/1284/1284 1285/1285/1285
f 1263/1263/1263 1285/1285/1285 1264/1264/1264
f 1264/1264/1264 1285/1285/1285 1286/1286/1286
f 1264/1264/1264 1286/1286/1286 1265/1265/1265
f 1265/1265/1265 1286/1286/1286 1287/1287/1287
f 1265/1265/1265 1287/1287/1287 1266/1266/1266
f 1266/1266/1266 1287/1287/1287 1288/1288/1288
f 1266/1266/1266 1288/1288/1288 1267/1267/1267
f 1267/1267/1267 1288/1288/1288 1289/1289/1289
f 1267/1267/1267 1289/1289/1289 1268/1268/1268
f 1268/1268/1268 1289/1289/1289 1290/1290/1290
f 1268/1268/1268 1290/1290/1290 1269/1269/1269
f 1269/1269/1269 1290/1290/1290 1291/1291/1291
f 1269/1269/1269 1291/1291/1291 1270/1270/1270
f 1270/1270/1270 1291/1291/1291 1292/1292/1292
f 1270/1270/1270 1292/1292/1292 1271/1271/1271
f 1271/1271/1271 1292/1292/1292 1293/1293/1293
f 1271/1271/1271 1293/1293/1293 1272/1272/1272
f 1272/1272/1272 1293/1293/1293 1294/1294/1294
f 1272/1272/1272 1294/1294/1294 1273/1273/1273
f 1273/1273/1273 1294/1294/1294 1295/1295/1295
f 1273/1273/1273 1295/1295/1295 1274/1274/1274
f 1274/1274/1274 1295/1295/1295 1296/1296/1296
f 1274/1274/1274 1296/1296/1296 1275/1275/1275
f 1275/1275/1275 1296/1296/1296 1297/1297/1297
f 1275/1275/1275 1297/1297/1297 1276/1276/1276
f 1276/1276/1276 1297/1297/1297 1298/1298/1298
f 1276/1276/1276 1298/1298/1298 1277/1277/1277
f 1277/1277/1277 1298/1298/1298 1299/1299/1299
f 1277/1277/1277 1299/1299/1299 1278/1278/1278
f 1278/1278/1278 1299/1299/1299 1300/1300/1300
f 1278/1278/1278 1300/1300/1300 1279/1279/1279
f 1279/1279/1279 1300/1300/1300 1301/1301/1301
f 1279/1279/1279 1301/1301/1301 1280/1280/1280
f 1280/1280/1280 1301/1301/1301 1302/1302/1302
f 1280/1280/1280 1302/1302/1302 1281/1281/1281
