# procedural asset
v 0.00000 0.00885 0.04718
v 0.00500 -0.03115 0.05468
v 0.01000 -0.07115 0.06218
v 0.01500 -0.11115 0.06968
v 0.02000 -0.16000 0.07800
v 0.02250 -0.20885 0.06968
v 0.02500 -0.24885 0.06218
v 0.02750 -0.28885 0.05468
v 0.03000 -0.32885 0.04718
v 0.01823 0.01037 0.04317
v 0.02323 -0.02963 0.05067
v 0.02823 -0.06963 0.05817
v 0.03323 -0.10963 0.06567
v 0.03829 -0.15829 0.07435
v 0.04083 -0.20707 0.06629
v 0.04333 -0.24707 0.05879
v 0.04583 -0.28707 0.05129
v 0.04833 -0.32707 0.04379
v 0.03369 0.01032 0.03260
v 0.03869 -0.02968 0.04010
v 0.04369 -0.06968 0.04760
v 0.04869 -0.10968 0.05510
v 0.05379 -0.15683 0.06394
v 0.05638 -0.20421 0.05624
v 0.05888 -0.24421 0.04874
v 0.06138 -0.28421 0.04124
v 0.06388 -0.32421 0.03374
v 0.04402 0.00870 0.01706
v 0.04902 -0.03130 0.02456
v 0.05402 -0.07130 0.03206
v 0.05902 -0.11130 0.03956
v 0.06415 -0.15586 0.04837
v 0.06676 -0.20071 0.04106
v 0.06926 -0.24071 0.03356
v 0.07176 -0.28071 0.02606
v 0.07426 -0.32071 0.01856
v 0.04764 0.00575 -0.00108
v 0.05264 -0.03425 0.00642
v 0.05764 -0.07425 0.01392
v 0.06264 -0.11425 0.02142
v 0.06779 -0.15552 0.03000
v 0.07041 -0.19711 0.02304
v 0.07291 -0.23711 0.01554
v 0.07541 -0.27711 0.00804
v 0.07791 -0.31711 0.00054
v 0.04402 0.00193 -0.01905
v 0.04902 -0.03807 -0.01155
v 0.05402 -0.07807 -0.00405
v 0.05902 -0.11807 0.00345
v 0.06415 -0.15586 0.01163
v 0.06676 -0.19394 0.00495
v 0.06926 -0.23394 -0.00255
v 0.07176 -0.27394 -0.01005
v 0.07426 -0.31394 -0.01755
v 0.03369 -0.00219 -0.03412
v 0.03869 -0.04219 -0.02662
v 0.04369 -0.08219 -0.01912
v 0.04869 -0.12219 -0.01162
v 0.05379 -0.15683 -0.00394
v 0.05638 -0.19170 -0.01048
v 0.05888 -0.23170 -0.01798
v 0.06138 -0.27170 -0.02548
v 0.06388 -0.31170 -0.03298
v 0.01823 -0.00597 -0.04400
v 0.02323 -0.04597 -0.03650
v 0.02823 -0.08597 -0.02900
v 0.03323 -0.12597 -0.02150
v 0.03829 -0.15829 -0.01435
v 0.04083 -0.19072 -0.02088
v 0.04333 -0.23072 -0.02838
v 0.04583 -0.27072 -0.03588
v 0.04833 -0.31072 -0.04338
v 0.00000 -0.00885 -0.04718
v 0.00500 -0.04885 -0.03968
v 0.01000 -0.08885 -0.03218
v 0.01500 -0.12885 -0.02468
v 0.02000 -0.16000 -0.01800
v 0.02250 -0.19115 -0.02468
v 0.02500 -0.23115 -0.03218
v 0.02750 -0.27115 -0.03968
v 0.03000 -0.31115 -0.04718
v -0.01823 -0.01037 -0.04317
v -0.01323 -0.05037 -0.03567
v -0.00823 -0.09037 -0.02817
v -0.00323 -0.13037 -0.02067
v 0.00171 -0.16171 -0.01435
v 0.00417 -0.19293 -0.02129
v 0.00667 -0.23293 -0.02879
v 0.00917 -0.27293 -0.03629
v 0.01167 -0.31293 -0.04379
v -0.03369 -0.01032 -0.03260
v -0.02869 -0.05032 -0.02510
v -0.02369 -0.09032 -0.01760
v -0.01869 -0.13032 -0.01010
v -0.01379 -0.16317 -0.00394
v -0.01138 -0.19579 -0.01124
v -0.00888 -0.23579 -0.01874
v -0.00638 -0.27579 -0.02624
v -0.00388 -0.31579 -0.03374
v -0.04402 -0.00870 -0.01706
v -0.03902 -0.04870 -0.00956
v -0.03402 -0.08870 -0.00206
v -0.02902 -0.12870 0.00544
v -0.02415 -0.16414 0.01163
v -0.02176 -0.19929 0.00394
v -0.01926 -0.23929 -0.00356
v -0.01676 -0.27929 -0.01106
v -0.01426 -0.31929 -0.01856
v -0.04764 -0.00575 0.00108
v -0.04264 -0.04575 0.00858
v -0.03764 -0.08575 0.01608
v -0.03264 -0.12575 0.02358
v -0.02779 -0.16448 0.03000
v -0.02541 -0.20289 0.02196
v -0.02291 -0.24289 0.01446
v -0.02041 -0.28289 0.00696
v -0.01791 -0.32289 -0.00054
v -0.04402 -0.00193 0.01905
v -0.03902 -0.04193 0.02655
v -0.03402 -0.08193 0.03405
v -0.02902 -0.12193 0.04155
v -0.02415 -0.16414 0.04837
v -0.02176 -0.20606 0.04005
v -0.01926 -0.24606 0.03255
v -0.01676 -0.28606 0.02505
v -0.01426 -0.32606 0.01755
v -0.03369 0.00219 0.03412
v -0.02869 -0.03781 0.04162
v -0.02369 -0.07781 0.04912
v -0.01869 -0.11781 0.05662
v -0.01379 -0.16317 0.06394
v -0.01138 -0.20830 0.05548
v -0.00888 -0.24830 0.04798
v -0.00638 -0.28830 0.04048
v -0.00388 -0.32830 0.03298
v -0.01823 0.00597 0.04400
v -0.01323 -0.03403 0.05150
v -0.00823 -0.07403 0.05900
v -0.00323 -0.11403 0.06650
v 0.00171 -0.16171 0.07435
v 0.00417 -0.20928 0.06588
v 0.00667 -0.24928 0.05838
v 0.00917 -0.28928 0.05088
v 0.01167 -0.32928 0.04338
v -0.00000 0.00885 0.04718
v 0.00500 -0.03115 0.05468
v 0.01000 -0.07115 0.06218
v 0.01500 -0.11115 0.06968
v 0.02000 -0.16000 0.07800
v 0.02250 -0.20885 0.06968
v 0.02500 -0.24885 0.06218
v 0.02750 -0.28885 0.05468
v 0.03000 -0.32885 0.04718
v 0.03000 -0.32447 0.03572
v 0.02750 -0.36447 0.03072
v 0.02500 -0.40447 0.02572
v 0.02250 -0.44447 0.02072
v 0.02000 -0.47744 0.01591
v 0.01500 -0.49862 0.02415
v 0.01000 -0.52862 0.03415
v 0.00500 -0.55862 0.04415
v 0.00000 -0.58862 0.05415
v 0.04375 -0.32497 0.03290
v 0.04125 -0.36497 0.02790
v 0.03875 -0.40497 0.02290
v 0.03625 -0.44497 0.01790
v 0.03370 -0.47909 0.01328
v 0.02861 -0.50152 0.02223
v 0.02361 -0.53152 0.03223
v 0.01861 -0.56152 0.04223
v 0.01361 -0.59152 0.05223
v 0.05541 -0.32472 0.02506
v 0.05291 -0.36472 0.02006
v 0.05041 -0.40472 0.01506
v 0.04791 -0.44472 0.01006
v 0.04531 -0.48088 0.00558
v 0.04014 -0.50572 0.01541
v 0.03514 -0.53572 0.02541
v 0.03014 -0.56572 0.03541
v 0.02514 -0.59572 0.04541
v 0.06320 -0.32375 0.01341
v 0.06070 -0.36375 0.00841
v 0.05820 -0.40375 0.00341
v 0.05570 -0.44375 -0.00159
v 0.05307 -0.48254 -0.00601
v 0.04785 -0.51057 0.00471
v 0.04285 -0.54057 0.01471
v 0.03785 -0.57057 0.02471
v 0.03285 -0.60057 0.03471
v 0.06593 -0.32221 -0.00028
v 0.06343 -0.36221 -0.00528
v 0.06093 -0.40221 -0.01028
v 0.05843 -0.44221 -0.01528
v 0.05580 -0.48382 -0.01973
v 0.05056 -0.51533 -0.00822
v 0.04556 -0.54533 0.00178
v 0.04056 -0.57533 0.01178
v 0.03556 -0.60533 0.02178
v 0.06320 -0.32033 -0.01393
v 0.06070 -0.36033 -0.01893
v 0.05820 -0.40033 -0.02393
v 0.05570 -0.44033 -0.02893
v 0.05307 -0.48451 -0.03349
v 0.04785 -0.51928 -0.02143
v 0.04285 -0.54928 -0.01143
v 0.03785 -0.57928 -0.00143
v 0.03285 -0.60928 0.00857
v 0.05541 -0.31841 -0.02545
v 0.05291 -0.35841 -0.03045
v 0.05041 -0.39841 -0.03545
v 0.04791 -0.43841 -0.04045
v 0.04531 -0.48451 -0.04520
v 0.04014 -0.52182 -0.03289
v 0.03514 -0.55182 -0.02289
v 0.03014 -0.58182 -0.01289
v 0.02514 -0.61182 -0.00289
v 0.04375 -0.31672 -0.03311
v 0.04125 -0.35672 -0.03811
v 0.03875 -0.39672 -0.04311
v 0.03625 -0.43672 -0.04811
v 0.03370 -0.48383 -0.05307
v 0.02861 -0.52256 -0.04087
v 0.02361 -0.55256 -0.03087
v 0.01861 -0.58256 -0.02087
v 0.01361 -0.61256 -0.01087
v 0.03000 -0.31553 -0.03572
v 0.02750 -0.35553 -0.04072
v 0.02500 -0.39553 -0.04572
v 0.02250 -0.43553 -0.05072
v 0.02000 -0.48256 -0.05591
v 0.01500 -0.52138 -0.04415
v 0.01000 -0.55138 -0.03415
v 0.00500 -0.58138 -0.02415
v 0.00000 -0.61138 -0.01415
v 0.01625 -0.31503 -0.03290
v 0.01375 -0.35503 -0.03790
v 0.01125 -0.39503 -0.04290
v 0.00875 -0.43503 -0.04790
v 0.00630 -0.48091 -0.05328
v 0.00139 -0.51848 -0.04223
v -0.00361 -0.54848 -0.03223
v -0.00861 -0.57848 -0.02223
v -0.01361 -0.60848 -0.01223
v 0.00459 -0.31528 -0.02506
v 0.00209 -0.35528 -0.03006
v -0.00041 -0.39528 -0.03506
v -0.00291 -0.43528 -0.04006
v -0.00531 -0.47912 -0.04558
v -0.01014 -0.51428 -0.03541
v -0.01514 -0.54428 -0.02541
v -0.02014 -0.57428 -0.01541
v -0.02514 -0.60428 -0.00541
v -0.00320 -0.31625 -0.01341
v -0.00570 -0.35625 -0.01841
v -0.00820 -0.39625 -0.02341
v -0.01070 -0.43625 -0.02841
v -0.01307 -0.47746 -0.03399
v -0.01785 -0.50943 -0.02471
v -0.02285 -0.53943 -0.01471
v -0.02785 -0.56943 -0.00471
v -0.03285 -0.59943 0.00529
v -0.00593 -0.31779 0.00028
v -0.00843 -0.35779 -0.00472
v -0.01093 -0.39779 -0.00972
v -0.01343 -0.43779 -0.01472
v -0.01580 -0.47618 -0.02027
v -0.02056 -0.50467 -0.01178
v -0.02556 -0.53467 -0.00178
v -0.03056 -0.56467 0.00822
v -0.03556 -0.59467 0.01822
v -0.00320 -0.31967 0.01393
v -0.00570 -0.35967 0.00893
v -0.00820 -0.39967 0.00393
v -0.01070 -0.43967 -0.00107
v -0.01307 -0.47549 -0.00651
v -0.01785 -0.50072 0.00143
v -0.02285 -0.53072 0.01143
v -0.02785 -0.56072 0.02143
v -0.03285 -0.59072 0.03143
v 0.00459 -0.32159 0.02545
v 0.00209 -0.36159 0.02045
v -0.00041 -0.40159 0.01545
v -0.00291 -0.44159 0.01045
v -0.00531 -0.47549 0.00520
v -0.01014 -0.49818 0.01289
v -0.01514 -0.52818 0.02289
v -0.02014 -0.55818 0.03289
v -0.02514 -0.58818 0.04289
v 0.01625 -0.32328 0.03311
v 0.01375 -0.36328 0.02811
v 0.01125 -0.40328 0.02311
v 0.00875 -0.44328 0.01811
v 0.00630 -0.47617 0.01307
v 0.00139 -0.49744 0.02087
v -0.00361 -0.52744 0.03087
v -0.00861 -0.55744 0.04087
v -0.01361 -0.58744 0.05087
v 0.03000 -0.32447 0.03572
v 0.02750 -0.36447 0.03072
v 0.02500 -0.40447 0.02572
v 0.02250 -0.44447 0.02072
v 0.02000 -0.47744 0.01591
v 0.01500 -0.49862 0.02415
v 0.01000 -0.52862 0.03415
v 0.00500 -0.55862 0.04415
v -0.00000 -0.58862 0.05415
v 0.00000 -0.60000 0.07000
v 0.01251 -0.60034 0.07000
v 0.02472 -0.60137 0.07000
v 0.03632 -0.60305 0.07000
v 0.04702 -0.60535 0.07000
v 0.05657 -0.60820 0.07000
v 0.06472 -0.61154 0.07000
v 0.07128 -0.61529 0.07000
v 0.07608 -0.61935 0.07000
v 0.07902 -0.62362 0.07000
v 0.08000 -0.62800 0.07000
v 0.07902 -0.63238 0.07000
v 0.07608 -0.63665 0.07000
v 0.07128 -0.64071 0.07000
v 0.06472 -0.64446 0.07000
v 0.05657 -0.64780 0.07000
v 0.04702 -0.65065 0.07000
v 0.03632 -0.65295 0.07000
v 0.02472 -0.65463 0.07000
v 0.01251 -0.65566 0.07000
v 0.00000 -0.65600 0.07000
v 0.00000 -0.60000 0.07000
v 0.01224 -0.60034 0.07455
v 0.02418 -0.60137 0.07899
v 0.03553 -0.60305 0.08321
v 0.04600 -0.60535 0.08711
v 0.05533 -0.60820 0.09058
v 0.06331 -0.61154 0.09355
v 0.06972 -0.61529 0.09594
v 0.07442 -0.61935 0.09768
v 0.07729 -0.62362 0.09875
v 0.07825 -0.62800 0.09911
v 0.07729 -0.63238 0.09875
v 0.07442 -0.63665 0.09768
v 0.06972 -0.64071 0.09594
v 0.06331 -0.64446 0.09355
v 0.05533 -0.64780 0.09058
v 0.04600 -0.65065 0.08711
v 0.03553 -0.65295 0.08321
v 0.02418 -0.65463 0.07899
v 0.01224 -0.65566 0.07455
v 0.00000 -0.65600 0.07000
v 0.00000 -0.60000 0.07000
v 0.01143 -0.60034 0.07891
v 0.02258 -0.60137 0.08760
v 0.03318 -0.60305 0.09585
v 0.04296 -0.60535 0.10347
v 0.05168 -0.60820 0.11026
v 0.05913 -0.61154 0.11607
v 0.06512 -0.61529 0.12074
v 0.06951 -0.61935 0.12416
v 0.07218 -0.62362 0.12624
v 0.07308 -0.62800 0.12694
v 0.07218 -0.63238 0.12624
v 0.06951 -0.63665 0.12416
v 0.06512 -0.64071 0.12074
v 0.05913 -0.64446 0.11607
v 0.05168 -0.64780 0.11026
v 0.04296 -0.65065 0.10347
v 0.03318 -0.65295 0.09585
v 0.02258 -0.65463 0.08760
v 0.01143 -0.65566 0.07891
v 0.00000 -0.65600 0.07000
v 0.00000 -0.60000 0.07000
v 0.01012 -0.60034 0.08287
v 0.02000 -0.60137 0.09543
v 0.02938 -0.60305 0.10736
v 0.03804 -0.60535 0.11837
v 0.04576 -0.60820 0.12819
v 0.05236 -0.61154 0.13657
v 0.05767 -0.61529 0.14332
v 0.06155 -0.61935 0.14826
v 0.06392 -0.62362 0.15128
v 0.06472 -0.62800 0.15229
v 0.06392 -0.63238 0.15128
v 0.06155 -0.63665 0.14826
v 0.05767 -0.64071 0.14332
v 0.05236 -0.64446 0.13657
v 0.04576 -0.64780 0.12819
v 0.03804 -0.65065 0.11837
v 0.02938 -0.65295 0.10736
v 0.02000 -0.65463 0.09543
v 0.01012 -0.65566 0.08287
v 0.00000 -0.65600 0.07000
v 0.00000 -0.60000 0.07000
v 0.00837 -0.60034 0.08628
v 0.01654 -0.60137 0.10215
v 0.02430 -0.60305 0.11723
v 0.03146 -0.60535 0.13115
v 0.03785 -0.60820 0.14357
v 0.04331 -0.61154 0.15417
v 0.04770 -0.61529 0.16270
v 0.05091 -0.61935 0.16895
v 0.05287 -0.62362 0.17276
v 0.05353 -0.62800 0.17404
v 0.05287 -0.63238 0.17276
v 0.05091 -0.63665 0.16895
v 0.04770 -0.64071 0.16270
v 0.04331 -0.64446 0.15417
v 0.03785 -0.64780 0.14357
v 0.03146 -0.65065 0.13115
v 0.02430 -0.65295 0.11723
v 0.01654 -0.65463 0.10215
v 0.00837 -0.65566 0.08628
v 0.00000 -0.65600 0.07000
v 0.00000 -0.60000 0.07000
v 0.00626 -0.60034 0.08897
v 0.01236 -0.60137 0.10747
v 0.01816 -0.60305 0.12504
v 0.02351 -0.60535 0.14127
v 0.02828 -0.60820 0.15573
v 0.03236 -0.61154 0.16809
v 0.03564 -0.61529 0.17803
v 0.03804 -0.61935 0.18531
v 0.03951 -0.62362 0.18975
v 0.04000 -0.62800 0.19124
v 0.03951 -0.63238 0.18975
v 0.03804 -0.63665 0.18531
v 0.03564 -0.64071 0.17803
v 0.03236 -0.64446 0.16809
v 0.02828 -0.64780 0.15573
v 0.02351 -0.65065 0.14127
v 0.01816 -0.65295 0.12504
v 0.01236 -0.65463 0.10747
v 0.00626 -0.65566 0.08897
v 0.00000 -0.65600 0.07000
v 0.00000 -0.60000 0.07000
v 0.00387 -0.60034 0.09083
v 0.00764 -0.60137 0.11114
v 0.01122 -0.60305 0.13045
v 0.01453 -0.60535 0.14826
v 0.01748 -0.60820 0.16415
v 0.02000 -0.61154 0.17772
v 0.02203 -0.61529 0.18864
v 0.02351 -0.61935 0.19663
v 0.02442 -0.62362 0.20151
v 0.02472 -0.62800 0.20315
v 0.02442 -0.63238 0.20151
v 0.02351 -0.63665 0.19663
v 0.02203 -0.64071 0.18864
v 0.02000 -0.64446 0.17772
v 0.01748 -0.64780 0.16415
v 0.01453 -0.65065 0.14826
v 0.01122 -0.65295 0.13045
v 0.00764 -0.65463 0.11114
v 0.00387 -0.65566 0.09083
v 0.00000 -0.65600 0.07000
v 0.00000 -0.60000 0.07000
v 0.00131 -0.60034 0.09178
v 0.00258 -0.60137 0.11303
v 0.00380 -0.60305 0.13321
v 0.00492 -0.60535 0.15184
v 0.00591 -0.60820 0.16845
v 0.00677 -0.61154 0.18264
v 0.00745 -0.61529 0.19406
v 0.00795 -0.61935 0.20242
v 0.00826 -0.62362 0.20752
v 0.00836 -0.62800 0.20923
v 0.00826 -0.63238 0.20752
v 0.00795 -0.63665 0.20242
v 0.00745 -0.64071 0.19406
v 0.00677 -0.64446 0.18264
v 0.00591 -0.64780 0.16845
v 0.00492 -0.65065 0.15184
v 0.00380 -0.65295 0.13321
v 0.00258 -0.65463 0.11303
v 0.00131 -0.65566 0.09178
v 0.00000 -0.65600 0.07000
v 0.00000 -0.60000 0.07000
v -0.00131 -0.60034 0.09178
v -0.00258 -0.60137 0.11303
v -0.00380 -0.60305 0.13321
v -0.00492 -0.60535 0.15184
v -0.00591 -0.60820 0.16845
v -0.00677 -0.61154 0.18264
v -0.00745 -0.61529 0.19406
v -0.00795 -0.61935 0.20242
v -0.00826 -0.62362 0.20752
v -0.00836 -0.62800 0.20923
v -0.00826 -0.63238 0.20752
v -0.00795 -0.63665 0.20242
v -0.00745 -0.64071 0.19406
v -0.00677 -0.64446 0.18264
v -0.00591 -0.64780 0.16845
v -0.00492 -0.65065 0.15184
v -0.00380 -0.65295 0.13321
v -0.00258 -0.65463 0.11303
v -0.00131 -0.65566 0.09178
v -0.00000 -0.65600 0.07000
v 0.00000 -0.60000 0.07000
v -0.00387 -0.60034 0.09083
v -0.00764 -0.60137 0.11114
v -0.01122 -0.60305 0.13045
v -0.01453 -0.60535 0.14826
v -0.01748 -0.60820 0.16415
v -0.02000 -0.61154 0.17772
v -0.02203 -0.61529 0.18864
v -0.02351 -0.61935 0.19663
v -0.02442 -0.62362 0.20151
v -0.02472 -0.62800 0.20315
v -0.02442 -0.63238 0.20151
v -0.02351 -0.63665 0.19663
v -0.02203 -0.64071 0.18864
v -0.02000 -0.64446 0.17772
v -0.01748 -0.64780 0.16415
v -0.01453 -0.65065 0.14826
v -0.01122 -0.65295 0.13045
v -0.00764 -0.65463 0.11114
v -0.00387 -0.65566 0.09083
v -0.00000 -0.65600 0.07000
v 0.00000 -0.60000 0.07000
v -0.00626 -0.60034 0.08897
v -0.01236 -0.60137 0.10747
v -0.01816 -0.60305 0.12504
v -0.02351 -0.60535 0.14127
v -0.02828 -0.60820 0.15573
v -0.03236 -0.61154 0.16809
v -0.03564 -0.61529 0.17803
v -0.03804 -0.61935 0.18531
v -0.03951 -0.62362 0.18975
v -0.04000 -0.62800 0.19124
v -0.03951 -0.63238 0.18975
v -0.03804 -0.63665 0.18531
v -0.03564 -0.64071 0.17803
v -0.03236 -0.64446 0.16809
v -0.02828 -0.64780 0.15573
v -0.02351 -0.65065 0.14127
v -0.01816 -0.65295 0.12504
v -0.01236 -0.65463 0.10747
v -0.00626 -0.65566 0.08897
v -0.00000 -0.65600 0.07000
v 0.00000 -0.60000 0.07000
v -0.00837 -0.60034 0.08628
v -0.01654 -0.60137 0.10215
v -0.02430 -0.60305 0.11723
v -0.03146 -0.60535 0.13115
v -0.03785 -0.60820 0.14357
v -0.04331 -0.61154 0.15417
v -0.04770 -0.61529 0.16270
v -0.05091 -0.61935 0.16895
v -0.05287 -0.62362 0.17276
v -0.05353 -0.62800 0.17404
v -0.05287 -0.63238 0.17276
v -0.05091 -0.63665 0.16895
v -0.04770 -0.64071 0.16270
v -0.04331 -0.64446 0.15417
v -0.03785 -0.64780 0.14357
v -0.03146 -0.65065 0.13115
v -0.02430 -0.65295 0.11723
v -0.01654 -0.65463 0.10215
v -0.00837 -0.65566 0.08628
v -0.00000 -0.65600 0.07000
v 0.00000 -0.60000 0.07000
v -0.01012 -0.60034 0.08287
v -0.02000 -0.60137 0.09543
v -0.02938 -0.60305 0.10736
v -0.03804 -0.60535 0.11837
v -0.04576 -0.60820 0.12819
v -0.05236 -0.61154 0.13657
v -0.05767 -0.61529 0.14332
v -0.06155 -0.61935 0.14826
v -0.06392 -0.62362 0.15128
v -0.06472 -0.62800 0.15229
v -0.06392 -0.63238 0.15128
v -0.06155 -0.63665 0.14826
v -0.05767 -0.64071 0.14332
v -0.05236 -0.64446 0.13657
v -0.04576 -0.64780 0.12819
v -0.03804 -0.65065 0.11837
v -0.02938 -0.65295 0.10736
v -0.02000 -0.65463 0.09543
v -0.01012 -0.65566 0.08287
v -0.00000 -0.65600 0.07000
v 0.00000 -0.60000 0.07000
v -0.01143 -0.60034 0.07891
v -0.02258 -0.60137 0.08760
v -0.03318 -0.60305 0.09585
v -0.04296 -0.60535 0.10347
v -0.05168 -0.60820 0.11026
v -0.05913 -0.61154 0.11607
v -0.06512 -0.61529 0.12074
v -0.06951 -0.61935 0.12416
v -0.07218 -0.62362 0.12624
v -0.07308 -0.62800 0.12694
v -0.07218 -0.63238 0.12624
v -0.06951 -0.63665 0.12416
v -0.06512 -0.64071 0.12074
v -0.05913 -0.64446 0.11607
v -0.05168 -0.64780 0.11026
v -0.04296 -0.65065 0.10347
v -0.03318 -0.65295 0.09585
v -0.02258 -0.65463 0.08760
v -0.01143 -0.65566 0.07891
v -0.00000 -0.65600 0.07000
v 0.00000 -0.60000 0.07000
v -0.01224 -0.60034 0.07455
v -0.02418 -0.60137 0.07899
v -0.03553 -0.60305 0.08321
v -0.04600 -0.60535 0.08711
v -0.05533 -0.60820 0.09058
v -0.06331 -0.61154 0.09355
v -0.06972 -0.61529 0.09594
v -0.07442 -0.61935 0.09768
v -0.07729 -0.62362 0.09875
v -0.07825 -0.62800 0.09911
v -0.07729 -0.63238 0.09875
v -0.07442 -0.63665 0.09768
v -0.06972 -0.64071 0.09594
v -0.06331 -0.64446 0.09355
v -0.05533 -0.64780 0.09058
v -0.04600 -0.65065 0.08711
v -0.03553 -0.65295 0.08321
v -0.02418 -0.65463 0.07899
v -0.01224 -0.65566 0.07455
v -0.00000 -0.65600 0.07000
v 0.00000 -0.60000 0.07000
v -0.01251 -0.60034 0.07000
v -0.02472 -0.60137 0.07000
v -0.03632 -0.60305 0.07000
v -0.04702 -0.60535 0.07000
v -0.05657 -0.60820 0.07000
v -0.06472 -0.61154 0.07000
v -0.07128 -0.61529 0.07000
v -0.07608 -0.61935 0.07000
v -0.07902 -0.62362 0.07000
v -0.08000 -0.62800 0.07000
v -0.07902 -0.63238 0.07000
v -0.07608 -0.63665 0.07000
v -0.07128 -0.64071 0.07000
v -0.06472 -0.64446 0.07000
v -0.05657 -0.64780 0.07000
v -0.04702 -0.65065 0.07000
v -0.03632 -0.65295 0.07000
v -0.02472 -0.65463 0.07000
v -0.01251 -0.65566 0.07000
v -0.00000 -0.65600 0.07000
v 0.00000 -0.60000 0.07000
v -0.01224 -0.60034 0.06545
v -0.02418 -0.60137 0.06101
v -0.03553 -0.60305 0.05679
v -0.04600 -0.60535 0.05289
v -0.05533 -0.60820 0.04942
v -0.06331 -0.61154 0.04645
v -0.06972 -0.61529 0.04406
v -0.07442 -0.61935 0.04232
v -0.07729 -0.62362 0.04125
v -0.07825 -0.62800 0.04089
v -0.07729 -0.63238 0.04125
v -0.07442 -0.63665 0.04232
v -0.06972 -0.64071 0.04406
v -0.06331 -0.64446 0.04645
v -0.05533 -0.64780 0.04942
v -0.04600 -0.65065 0.05289
v -0.03553 -0.65295 0.05679
v -0.02418 -0.65463 0.06101
v -0.01224 -0.65566 0.06545
v -0.00000 -0.65600 0.07000
v 0.00000 -0.60000 0.07000
v -0.01143 -0.60034 0.06109
v -0.02258 -0.60137 0.05240
v -0.03318 -0.60305 0.04415
v -0.04296 -0.60535 0.03653
v -0.05168 -0.60820 0.02974
v -0.05913 -0.61154 0.02393
v -0.06512 -0.61529 0.01926
v -0.06951 -0.61935 0.01584
v -0.07218 -0.62362 0.01376
v -0.07308 -0.62800 0.01306
v -0.07218 -0.63238 0.01376
v -0.06951 -0.63665 0.01584
v -0.06512 -0.64071 0.01926
v -0.05913 -0.64446 0.02393
v -0.05168 -0.64780 0.02974
v -0.04296 -0.65065 0.03653
v -0.03318 -0.65295 0.04415
v -0.02258 -0.65463 0.05240
v -0.01143 -0.65566 0.06109
v -0.00000 -0.65600 0.07000
v 0.00000 -0.60000 0.07000
v -0.01012 -0.60034 0.05713
v -0.02000 -0.60137 0.04457
v -0.02938 -0.60305 0.03264
v -0.03804 -0.60535 0.02163
v -0.04576 -0.60820 0.01181
v -0.05236 -0.61154 0.00343
v -0.05767 -0.61529 -0.00332
v -0.06155 -0.61935 -0.00826
v -0.06392 -0.62362 -0.01128
v -0.06472 -0.62800 -0.01229
v -0.06392 -0.63238 -0.01128
v -0.06155 -0.63665 -0.00826
v -0.05767 -0.64071 -0.00332
v -0.05236 -0.64446 0.00343
v -0.04576 -0.64780 0.01181
v -0.03804 -0.65065 0.02163
v -0.02938 -0.65295 0.03264
v -0.02000 -0.65463 0.04457
v -0.01012 -0.65566 0.05713
v -0.00000 -0.65600 0.07000
v 0.00000 -0.60000 0.07000
v -0.00837 -0.60034 0.05372
v -0.01654 -0.60137 0.03785
v -0.02430 -0.60305 0.02277
v -0.03146 -0.60535 0.00885
v -0.03785 -0.60820 -0.00357
v -0.04331 -0.61154 -0.01417
v -0.04770 -0.61529 -0.02270
v -0.05091 -0.61935 -0.02895
v -0.05287 -0.62362 -0.03276
v -0.05353 -0.62800 -0.03404
v -0.05287 -0.63238 -0.03276
v -0.05091 -0.63665 -0.02895
v -0.04770 -0.64071 -0.02270
v -0.04331 -0.64446 -0.01417
v -0.03785 -0.64780 -0.00357
v -0.03146 -0.65065 0.00885
v -0.02430 -0.65295 0.02277
v -0.01654 -0.65463 0.03785
v -0.00837 -0.65566 0.05372
v -0.00000 -0.65600 0.07000
v 0.00000 -0.60000 0.07000
v -0.00626 -0.60034 0.05103
v -0.01236 -0.60137 0.03253
v -0.01816 -0.60305 0.01496
v -0.02351 -0.60535 -0.00127
v -0.02828 -0.60820 -0.01573
v -0.03236 -0.61154 -0.02809
v -0.03564 -0.61529 -0.03803
v -0.03804 -0.61935 -0.04531
v -0.03951 -0.62362 -0.04975
v -0.04000 -0.62800 -0.05124
v -0.03951 -0.63238 -0.04975
v -0.03804 -0.63665 -0.04531
v -0.03564 -0.64071 -0.03803
v -0.03236 -0.64446 -0.02809
v -0.02828 -0.64780 -0.01573
v -0.02351 -0.65065 -0.00127
v -0.01816 -0.65295 0.01496
v -0.01236 -0.65463 0.03253
v -0.00626 -0.65566 0.05103
v -0.00000 -0.65600 0.07000
v 0.00000 -0.60000 0.07000
v -0.00387 -0.60034 0.04917
v -0.00764 -0.60137 0.02886
v -0.01122 -0.60305 0.00955
v -0.01453 -0.60535 -0.00826
v -0.01748 -0.60820 -0.02415
v -0.02000 -0.61154 -0.03772
v -0.02203 -0.61529 -0.04864
v -0.02351 -0.61935 -0.05663
v -0.02442 -0.62362 -0.06151
v -0.02472 -0.62800 -0.06315
v -0.02442 -0.63238 -0.06151
v -0.02351 -0.63665 -0.05663
v -0.02203 -0.64071 -0.04864
v -0.02000 -0.64446 -0.03772
v -0.01748 -0.64780 -0.02415
v -0.01453 -0.65065 -0.00826
v -0.01122 -0.65295 0.00955
v -0.00764 -0.65463 0.02886
v -0.00387 -0.65566 0.04917
v -0.00000 -0.65600 0.07000
v 0.00000 -0.60000 0.07000
v -0.00131 -0.60034 0.04822
v -0.00258 -0.60137 0.02697
v -0.00380 -0.60305 0.00679
v -0.00492 -0.60535 -0.01184
v -0.00591 -0.60820 -0.02845
v -0.00677 -0.61154 -0.04264
v -0.00745 -0.61529 -0.05406
v -0.00795 -0.61935 -0.06242
v -0.00826 -0.62362 -0.06752
v -0.00836 -0.62800 -0.06923
v -0.00826 -0.63238 -0.06752
v -0.00795 -0.63665 -0.06242
v -0.00745 -0.64071 -0.05406
v -0.00677 -0.64446 -0.04264
v -0.00591 -0.64780 -0.02845
v -0.00492 -0.65065 -0.01184
v -0.00380 -0.65295 0.00679
v -0.00258 -0.65463 0.02697
v -0.00131 -0.65566 0.04822
v -0.00000 -0.65600 0.07000
v 0.00000 -0.60000 0.07000
v 0.00131 -0.60034 0.04822
v 0.00258 -0.60137 0.02697
v 0.00380 -0.60305 0.00679
v 0.00492 -0.60535 -0.01184
v 0.00591 -0.60820 -0.02845
v 0.00677 -0.61154 -0.04264
v 0.00745 -0.61529 -0.05406
v 0.00795 -0.61935 -0.06242
v 0.00826 -0.62362 -0.06752
v 0.00836 -0.62800 -0.06923
v 0.00826 -0.63238 -0.06752
v 0.00795 -0.63665 -0.06242
v 0.00745 -0.64071 -0.05406
v 0.00677 -0.64446 -0.04264
v 0.00591 -0.64780 -0.02845
v 0.00492 -0.65065 -0.01184
v 0.00380 -0.65295 0.00679
v 0.00258 -0.65463 0.02697
v 0.00131 -0.65566 0.04822
v 0.00000 -0.65600 0.07000
v 0.00000 -0.60000 0.07000
v 0.00387 -0.60034 0.04917
v 0.00764 -0.60137 0.02886
v 0.01122 -0.60305 0.00955
v 0.01453 -0.60535 -0.00826
v 0.01748 -0.60820 -0.02415
v 0.02000 -0.61154 -0.03772
v 0.02203 -0.61529 -0.04864
v 0.02351 -0.61935 -0.05663
v 0.02442 -0.62362 -0.06151
v 0.02472 -0.62800 -0.06315
v 0.02442 -0.63238 -0.06151
v 0.02351 -0.63665 -0.05663
v 0.02203 -0.64071 -0.04864
v 0.02000 -0.64446 -0.03772
v 0.01748 -0.64780 -0.02415
v 0.01453 -0.65065 -0.00826
v 0.01122 -0.65295 0.00955
v 0.00764 -0.65463 0.02886
v 0.00387 -0.65566 0.04917
v 0.00000 -0.65600 0.07000
v 0.00000 -0.60000 0.07000
v 0.00626 -0.60034 0.05103
v 0.01236 -0.60137 0.03253
v 0.01816 -0.60305 0.01496
v 0.02351 -0.60535 -0.00127
v 0.02828 -0.60820 -0.01573
v 0.03236 -0.61154 -0.02809
v 0.03564 -0.61529 -0.03803
v 0.03804 -0.61935 -0.04531
v 0.03951 -0.62362 -0.04975
v 0.04000 -0.62800 -0.05124
v 0.03951 -0.63238 -0.04975
v 0.03804 -0.63665 -0.04531
v 0.03564 -0.64071 -0.03803
v 0.03236 -0.64446 -0.02809
v 0.02828 -0.64780 -0.01573
v 0.02351 -0.65065 -0.00127
v 0.01816 -0.65295 0.01496
v 0.01236 -0.65463 0.03253
v 0.00626 -0.65566 0.05103
v 0.00000 -0.65600 0.07000
v 0.00000 -0.60000 0.07000
v 0.00837 -0.60034 0.05372
v 0.01654 -0.60137 0.03785
v 0.02430 -0.60305 0.02277
v 0.03146 -0.60535 0.00885
v 0.03785 -0.60820 -0.00357
v 0.04331 -0.61154 -0.01417
v 0.04770 -0.61529 -0.02270
v 0.05091 -0.61935 -0.02895
v 0.05287 -0.62362 -0.03276
v 0.05353 -0.62800 -0.03404
v 0.05287 -0.63238 -0.03276
v 0.05091 -0.63665 -0.02895
v 0.04770 -0.64071 -0.02270
v 0.04331 -0.64446 -0.01417
v 0.03785 -0.64780 -0.00357
v 0.03146 -0.65065 0.00885
v 0.02430 -0.65295 0.02277
v 0.01654 -0.65463 0.03785
v 0.00837 -0.65566 0.05372
v 0.00000 -0.65600 0.07000
v 0.00000 -0.60000 0.07000
v 0.01012 -0.60034 0.05713
v 0.02000 -0.60137 0.04457
v 0.02938 -0.60305 0.03264
v 0.03804 -0.60535 0.02163
v 0.04576 -0.60820 0.01181
v 0.05236 -0.61154 0.00343
v 0.05767 -0.61529 -0.00332
v 0.06155 -0.61935 -0.00826
v 0.06392 -0.62362 -0.01128
v 0.06472 -0.62800 -0.01229
v 0.06392 -0.63238 -0.01128
v 0.06155 -0.63665 -0.00826
v 0.05767 -0.64071 -0.00332
v 0.05236 -0.64446 0.00343
v 0.04576 -0.64780 0.01181
v 0.03804 -0.65065 0.02163
v 0.02938 -0.65295 0.03264
v 0.02000 -0.65463 0.04457
v 0.01012 -0.65566 0.05713
v 0.00000 -0.65600 0.07000
v 0.00000 -0.60000 0.07000
v 0.01143 -0.60034 0.06109
v 0.02258 -0.60137 0.05240
v 0.03318 -0.60305 0.04415
v 0.04296 -0.60535 0.03653
v 0.05168 -0.60820 0.02974
v 0.05913 -0.61154 0.02393
v 0.06512 -0.61529 0.01926
v 0.06951 -0.61935 0.01584
v 0.07218 -0.62362 0.01376
v 0.07308 -0.62800 0.01306
v 0.07218 -0.63238 0.01376
v 0.06951 -0.63665 0.01584
v 0.06512 -0.64071 0.01926
v 0.05913 -0.64446 0.02393
v 0.05168 -0.64780 0.02974
v 0.04296 -0.65065 0.03653
v 0.03318 -0.65295 0.04415
v 0.02258 -0.65463 0.05240
v 0.01143 -0.65566 0.06109
v 0.00000 -0.65600 0.07000
v 0.00000 -0.60000 0.07000
v 0.01224 -0.60034 0.06545
v 0.02418 -0.60137 0.06101
v 0.03553 -0.60305 0.05679
v 0.04600 -0.60535 0.05289
v 0.05533 -0.60820 0.04942
v 0.06331 -0.61154 0.04645
v 0.06972 -0.61529 0.04406
v 0.07442 -0.61935 0.04232
v 0.07729 -0.62362 0.04125
v 0.07825 -0.62800 0.04089
v 0.07729 -0.63238 0.04125
v 0.07442 -0.63665 0.04232
v 0.06972 -0.64071 0.04406
v 0.06331 -0.64446 0.04645
v 0.05533 -0.64780 0.04942
v 0.04600 -0.65065 0.05289
v 0.03553 -0.65295 0.05679
v 0.02418 -0.65463 0.06101
v 0.01224 -0.65566 0.06545
v 0.00000 -0.65600 0.07000
v 0.00000 -0.60000 0.07000
v 0.01251 -0.60034 0.07000
v 0.02472 -0.60137 0.07000
v 0.03632 -0.60305 0.07000
v 0.04702 -0.60535 0.07000
v 0.05657 -0.60820 0.07000
v 0.06472 -0.61154 0.07000
v 0.07128 -0.61529 0.07000
v 0.07608 -0.61935 0.07000
v 0.07902 -0.62362 0.07000
v 0.08000 -0.62800 0.07000
v 0.07902 -0.63238 0.07000
v 0.07608 -0.63665 0.07000
v 0.07128 -0.64071 0.07000
v 0.06472 -0.64446 0.07000
v 0.05657 -0.64780 0.07000
v 0.04702 -0.65065 0.07000
v 0.03632 -0.65295 0.07000
v 0.02472 -0.65463 0.07000
v 0.01251 -0.65566 0.07000
v 0.00000 -0.65600 0.07000
vt 0.00000 0.00000
vt 0.00000 0.12500
vt 0.00000 0.25000
vt 0.00000 0.37500
vt 0.00000 0.50000
vt 0.00000 0.62500
vt 0.00000 0.75000
vt 0.00000 0.87500
vt 0.00000 1.00000
vt 0.06250 0.00000
vt 0.06250 0.12500
vt 0.06250 0.25000
vt 0.06250 0.37500
vt 0.06250 0.50000
vt 0.06250 0.62500
vt 0.06250 0.75000
vt 0.06250 0.87500
vt 0.06250 1.00000
vt 0.12500 0.00000
vt 0.12500 0.12500
vt 0.12500 0.25000
vt 0.12500 0.37500
vt 0.12500 0.50000
vt 0.12500 0.62500
vt 0.12500 0.75000
vt 0.12500 0.87500
vt 0.12500 1.00000
vt 0.18750 0.00000
vt 0.18750 0.12500
vt 0.18750 0.25000
vt 0.18750 0.37500
vt 0.18750 0.50000
vt 0.18750 0.62500
vt 0.18750 0.75000
vt 0.18750 0.87500
vt 0.18750 1.00000
vt 0.25000 0.00000
vt 0.25000 0.12500
vt 0.25000 0.25000
vt 0.25000 0.37500
vt 0.25000 0.50000
vt 0.25000 0.62500
vt 0.25000 0.75000
vt 0.25000 0.87500
vt 0.25000 1.00000
vt 0.31250 0.00000
vt 0.31250 0.12500
vt 0.31250 0.25000
vt 0.31250 0.37500
vt 0.31250 0.50000
vt 0.31250 0.62500
vt 0.31250 0.75000
vt 0.31250 0.87500
vt 0.31250 1.00000
vt 0.37500 0.00000
vt 0.37500 0.12500
vt 0.37500 0.25000
vt 0.37500 0.37500
vt 0.37500 0.50000
vt 0.37500 0.62500
vt 0.37500 0.75000
vt 0.37500 0.87500
vt 0.37500 1.00000
vt 0.43750 0.00000
vt 0.43750 0.12500
vt 0.43750 0.25000
vt 0.43750 0.37500
vt 0.43750 0.50000
vt 0.43750 0.62500
vt 0.43750 0.75000
vt 0.43750 0.87500
vt 0.43750 1.00000
vt 0.50000 0.00000
vt 0.50000 0.12500
vt 0.50000 0.25000
vt 0.50000 0.37500
vt 0.50000 0.50000
vt 0.50000 0.62500
vt 0.50000 0.75000
vt 0.50000 0.87500
vt 0.50000 1.00000
vt 0.56250 0.00000
vt 0.56250 0.12500
vt 0.56250 0.25000
vt 0.56250 0.37500
vt 0.56250 0.50000
vt 0.56250 0.62500
vt 0.56250 0.75000
vt 0.56250 0.87500
vt 0.56250 1.00000
vt 0.62500 0.00000
vt 0.62500 0.12500
vt 0.62500 0.25000
vt 0.62500 0.37500
vt 0.62500 0.50000
vt 0.62500 0.62500
vt 0.62500 0.75000
vt 0.62500 0.87500
vt 0.62500 1.00000
vt 0.68750 0.00000
vt 0.68750 0.12500
vt 0.68750 0.25000
vt 0.68750 0.37500
vt 0.68750 0.50000
vt 0.68750 0.62500
vt 0.68750 0.75000
vt 0.68750 0.87500
vt 0.68750 1.00000
vt 0.75000 0.00000
vt 0.75000 0.12500
vt 0.75000 0.25000
vt 0.75000 0.37500
vt 0.75000 0.50000
vt 0.75000 0.62500
vt 0.75000 0.75000
vt 0.75000 0.87500
vt 0.75000 1.00000
vt 0.81250 0.00000
vt 0.81250 0.12500
vt 0.81250 0.25000
vt 0.81250 0.37500
vt 0.81250 0.50000
vt 0.81250 0.62500
vt 0.81250 0.75000
vt 0.81250 0.87500
vt 0.81250 1.00000
vt 0.87500 0.00000
vt 0.87500 0.12500
vt 0.87500 0.25000
vt 0.87500 0.37500
vt 0.87500 0.50000
vt 0.87500 0.62500
vt 0.87500 0.75000
vt 0.87500 0.87500
vt 0.87500 1.00000
vt 0.93750 0.00000
vt 0.93750 0.12500
vt 0.93750 0.25000
vt 0.93750 0.37500
vt 0.93750 0.50000
vt 0.93750 0.62500
vt 0.93750 0.75000
vt 0.93750 0.87500
vt 0.93750 1.00000
vt 1.00000 0.00000
vt 1.00000 0.12500
vt 1.00000 0.25000
vt 1.00000 0.37500
vt 1.00000 0.50000
vt 1.00000 0.62500
vt 1.00000 0.75000
vt 1.00000 0.87500
vt 1.00000 1.00000
vt 0.00000 0.00000
vt 0.00000 0.12500
vt 0.00000 0.25000
vt 0.00000 0.37500
vt 0.00000 0.50000
vt 0.00000 0.62500
vt 0.00000 0.75000
vt 0.00000 0.87500
vt 0.00000 1.00000
vt 0.06250 0.00000
vt 0.06250 0.12500
vt 0.06250 0.25000
vt 0.06250 0.37500
vt 0.06250 0.50000
vt 0.06250 0.62500
vt 0.06250 0.75000
vt 0.06250 0.87500
vt 0.06250 1.00000
vt 0.12500 0.00000
vt 0.12500 0.12500
vt 0.12500 0.25000
vt 0.12500 0.37500
vt 0.12500 0.50000
vt 0.12500 0.62500
vt 0.12500 0.75000
vt 0.12500 0.87500
vt 0.12500 1.00000
vt 0.18750 0.00000
vt 0.18750 0.12500
vt 0.18750 0.25000
vt 0.18750 0.37500
vt 0.18750 0.50000
vt 0.18750 0.62500
vt 0.18750 0.75000
vt 0.18750 0.87500
vt 0.18750 1.00000
vt 0.25000 0.00000
vt 0.25000 0.12500
vt 0.25000 0.25000
vt 0.25000 0.37500
vt 0.25000 0.50000
vt 0.25000 0.62500
vt 0.25000 0.75000
vt 0.25000 0.87500
vt 0.25000 1.00000
vt 0.31250 0.00000
vt 0.31250 0.12500
vt 0.31250 0.25000
vt 0.31250 0.37500
vt 0.31250 0.50000
vt 0.31250 0.62500
vt 0.31250 0.75000
vt 0.31250 0.87500
vt 0.31250 1.00000
vt 0.37500 0.00000
vt 0.37500 0.12500
vt 0.37500 0.25000
vt 0.37500 0.37500
vt 0.37500 0.50000
vt 0.37500 0.62500
vt 0.37500 0.75000
vt 0.37500 0.87500
vt 0.37500 1.00000
vt 0.43750 0.00000
vt 0.43750 0.12500
vt 0.43750 0.25000
vt 0.43750 0.37500
vt 0.43750 0.50000
vt 0.43750 0.62500
vt 0.43750 0.75000
vt 0.43750 0.87500
vt 0.43750 1.00000
vt 0.50000 0.00000
vt 0.50000 0.12500
vt 0.50000 0.25000
vt 0.50000 0.37500
vt 0.50000 0.50000
vt 0.50000 0.62500
vt 0.50000 0.75000
vt 0.50000 0.87500
vt 0.50000 1.00000
vt 0.56250 0.00000
vt 0.56250 0.12500
vt 0.56250 0.25000
vt 0.56250 0.37500
vt 0.56250 0.50000
vt 0.56250 0.62500
vt 0.56250 0.75000
vt 0.56250 0.87500
vt 0.56250 1.00000
vt 0.62500 0.00000
vt 0.62500 0.12500
vt 0.62500 0.25000
vt 0.62500 0.37500
vt 0.62500 0.50000
vt 0.62500 0.62500
vt 0.62500 0.75000
vt 0.62500 0.87500
vt 0.62500 1.00000
vt 0.68750 0.00000
vt 0.68750 0.12500
vt 0.68750 0.25000
vt 0.68750 0.37500
vt 0.68750 0.50000
vt 0.68750 0.62500
vt 0.68750 0.75000
vt 0.68750 0.87500
vt 0.68750 1.00000
vt 0.75000 0.00000
vt 0.75000 0.12500
vt 0.75000 0.25000
vt 0.75000 0.37500
vt 0.75000 0.50000
vt 0.75000 0.62500
vt 0.75000 0.75000
vt 0.75000 0.87500
vt 0.75000 1.00000
vt 0.81250 0.00000
vt 0.81250 0.12500
vt 0.81250 0.25000
vt 0.81250 0.37500
vt 0.81250 0.50000
vt 0.81250 0.62500
vt 0.81250 0.75000
vt 0.81250 0.87500
vt 0.81250 1.00000
vt 0.87500 0.00000
vt 0.87500 0.12500
vt 0.87500 0.25000
vt 0.87500 0.37500
vt 0.87500 0.50000
vt 0.87500 0.62500
vt 0.87500 0.75000
vt 0.87500 0.87500
vt 0.87500 1.00000
vt 0.93750 0.00000
vt 0.93750 0.12500
vt 0.93750 0.25000
vt 0.93750 0.37500
vt 0.93750 0.50000
vt 0.93750 0.62500
vt 0.93750 0.75000
vt 0.93750 0.87500
vt 0.93750 1.00000
vt 1.00000 0.00000
vt 1.00000 0.12500
vt 1.00000 0.25000
vt 1.00000 0.37500
vt 1.00000 0.50000
vt 1.00000 0.62500
vt 1.00000 0.75000
vt 1.00000 0.87500
vt 1.00000 1.00000
vt 0.00000 0.00000
vt 0.00000 0.05000
vt 0.00000 0.10000
vt 0.00000 0.15000
vt 0.00000 0.20000
vt 0.00000 0.25000
vt 0.00000 0.30000
vt 0.00000 0.35000
vt 0.00000 0.40000
vt 0.00000 0.45000
vt 0.00000 0.50000
vt 0.00000 0.55000
vt 0.00000 0.60000
vt 0.00000 0.65000
vt 0.00000 0.70000
vt 0.00000 0.75000
vt 0.00000 0.80000
vt 0.00000 0.85000
vt 0.00000 0.90000
vt 0.00000 0.95000
vt 0.00000 1.00000
vt 0.03333 0.00000
vt 0.03333 0.05000
vt 0.03333 0.10000
vt 0.03333 0.15000
vt 0.03333 0.20000
vt 0.03333 0.25000
vt 0.03333 0.30000
vt 0.03333 0.35000
vt 0.03333 0.40000
vt 0.03333 0.45000
vt 0.03333 0.50000
vt 0.03333 0.55000
vt 0.03333 0.60000
vt 0.03333 0.65000
vt 0.03333 0.70000
vt 0.03333 0.75000
vt 0.03333 0.80000
vt 0.03333 0.85000
vt 0.03333 0.90000
vt 0.03333 0.95000
vt 0.03333 1.00000
vt 0.06667 0.00000
vt 0.06667 0.05000
vt 0.06667 0.10000
vt 0.06667 0.15000
vt 0.06667 0.20000
vt 0.06667 0.25000
vt 0.06667 0.30000
vt 0.06667 0.35000
vt 0.06667 0.40000
vt 0.06667 0.45000
vt 0.06667 0.50000
vt 0.06667 0.55000
vt 0.06667 0.60000
vt 0.06667 0.65000
vt 0.06667 0.70000
vt 0.06667 0.75000
vt 0.06667 0.80000
vt 0.06667 0.85000
vt 0.06667 0.90000
vt 0.06667 0.95000
vt 0.06667 1.00000
vt 0.10000 0.00000
vt 0.10000 0.05000
vt 0.10000 0.10000
vt 0.10000 0.15000
vt 0.10000 0.20000
vt 0.10000 0.25000
vt 0.10000 0.30000
vt 0.10000 0.35000
vt 0.10000 0.40000
vt 0.10000 0.45000
vt 0.10000 0.50000
vt 0.10000 0.55000
vt 0.10000 0.60000
vt 0.10000 0.65000
vt 0.10000 0.70000
vt 0.10000 0.75000
vt 0.10000 0.80000
vt 0.10000 0.85000
vt 0.10000 0.90000
vt 0.10000 0.95000
vt 0.10000 1.00000
vt 0.13333 0.00000
vt 0.13333 0.05000
vt 0.13333 0.10000
vt 0.13333 0.15000
vt 0.13333 0.20000
vt 0.13333 0.25000
vt 0.13333 0.30000
vt 0.13333 0.35000
vt 0.13333 0.40000
vt 0.13333 0.45000
vt 0.13333 0.50000
vt 0.13333 0.55000
vt 0.13333 0.60000
vt 0.13333 0.65000
vt 0.13333 0.70000
vt 0.13333 0.75000
vt 0.13333 0.80000
vt 0.13333 0.85000
vt 0.13333 0.90000
vt 0.13333 0.95000
vt 0.13333 1.00000
vt 0.16667 0.00000
vt 0.16667 0.05000
vt 0.16667 0.10000
vt 0.16667 0.15000
vt 0.16667 0.20000
vt 0.16667 0.25000
vt 0.16667 0.30000
vt 0.16667 0.35000
vt 0.16667 0.40000
vt 0.16667 0.45000
vt 0.16667 0.50000
vt 0.16667 0.55000
vt 0.16667 0.60000
vt 0.16667 0.65000
vt 0.16667 0.70000
vt 0.16667 0.75000
vt 0.16667 0.80000
vt 0.16667 0.85000
vt 0.16667 0.90000
vt 0.16667 0.95000
vt 0.16667 1.00000
vt 0.20000 0.00000
vt 0.20000 0.05000
vt 0.20000 0.10000
vt 0.20000 0.15000
vt 0.20000 0.20000
vt 0.20000 0.25000
vt 0.20000 0.30000
vt 0.20000 0.35000
vt 0.20000 0.40000
vt 0.20000 0.45000
vt 0.20000 0.50000
vt 0.20000 0.55000
vt 0.20000 0.60000
vt 0.20000 0.65000
vt 0.20000 0.70000
vt 0.20000 0.75000
vt 0.20000 0.80000
vt 0.20000 0.85000
vt 0.20000 0.90000
vt 0.20000 0.95000
vt 0.20000 1.00000
vt 0.23333 0.00000
vt 0.23333 0.05000
vt 0.23333 0.10000
vt 0.23333 0.15000
vt 0.23333 0.20000
vt 0.23333 0.25000
vt 0.23333 0.30000
vt 0.23333 0.35000
vt 0.23333 0.40000
vt 0.23333 0.45000
vt 0.23333 0.50000
vt 0.23333 0.55000
vt 0.23333 0.60000
vt 0.23333 0.65000
vt 0.23333 0.70000
vt 0.23333 0.75000
vt 0.23333 0.80000
vt 0.23333 0.85000
vt 0.23333 0.90000
vt 0.23333 0.95000
vt 0.23333 1.00000
vt 0.26667 0.00000
vt 0.26667 0.05000
vt 0.26667 0.10000
vt 0.26667 0.15000
vt 0.26667 0.20000
vt 0.26667 0.25000
vt 0.26667 0.30000
vt 0.26667 0.35000
vt 0.26667 0.40000
vt 0.26667 0.45000
vt 0.26667 0.50000
vt 0.26667 0.55000
vt 0.26667 0.60000
vt 0.26667 0.65000
vt 0.26667 0.70000
vt 0.26667 0.75000
vt 0.26667 0.80000
vt 0.26667 0.85000
vt 0.26667 0.90000
vt 0.26667 0.95000
vt 0.26667 1.00000
vt 0.30000 0.00000
vt 0.30000 0.05000
vt 0.30000 0.10000
vt 0.30000 0.15000
vt 0.30000 0.20000
vt 0.30000 0.25000
vt 0.30000 0.30000
vt 0.30000 0.35000
vt 0.30000 0.40000
vt 0.30000 0.45000
vt 0.30000 0.50000
vt 0.30000 0.55000
vt 0.30000 0.60000
vt 0.30000 0.65000
vt 0.30000 0.70000
vt 0.30000 0.75000
vt 0.30000 0.80000
vt 0.30000 0.85000
vt 0.30000 0.90000
vt 0.30000 0.95000
vt 0.30000 1.00000
vt 0.33333 0.00000
vt 0.33333 0.05000
vt 0.33333 0.10000
vt 0.33333 0.15000
vt 0.33333 0.20000
vt 0.33333 0.25000
vt 0.33333 0.30000
vt 0.33333 0.35000
vt 0.33333 0.40000
vt 0.33333 0.45000
vt 0.33333 0.50000
vt 0.33333 0.55000
vt 0.33333 0.60000
vt 0.33333 0.65000
vt 0.33333 0.70000
vt 0.33333 0.75000
vt 0.33333 0.80000
vt 0.33333 0.85000
vt 0.33333 0.90000
vt 0.33333 0.95000
vt 0.33333 1.00000
vt 0.36667 0.00000
vt 0.36667 0.05000
vt 0.36667 0.10000
vt 0.36667 0.15000
vt 0.36667 0.20000
vt 0.36667 0.25000
vt 0.36667 0.30000
vt 0.36667 0.35000
vt 0.36667 0.40000
vt 0.36667 0.45000
vt 0.36667 0.50000
vt 0.36667 0.55000
vt 0.36667 0.60000
vt 0.36667 0.65000
vt 0.36667 0.70000
vt 0.36667 0.75000
vt 0.36667 0.80000
vt 0.36667 0.85000
vt 0.36667 0.90000
vt 0.36667 0.95000
vt 0.36667 1.00000
vt 0.40000 0.00000
vt 0.40000 0.05000
vt 0.40000 0.10000
vt 0.40000 0.15000
vt 0.40000 0.20000
vt 0.40000 0.25000
vt 0.40000 0.30000
vt 0.40000 0.35000
vt 0.40000 0.40000
vt 0.40000 0.45000
vt 0.40000 0.50000
vt 0.40000 0.55000
vt 0.40000 0.60000
vt 0.40000 0.65000
vt 0.40000 0.70000
vt 0.40000 0.75000
vt 0.40000 0.80000
vt 0.40000 0.85000
vt 0.40000 0.90000
vt 0.40000 0.95000
vt 0.40000 1.00000
vt 0.43333 0.00000
vt 0.43333 0.05000
vt 0.43333 0.10000
vt 0.43333 0.15000
vt 0.43333 0.20000
vt 0.43333 0.25000
vt 0.43333 0.30000
vt 0.43333 0.35000
vt 0.43333 0.40000
vt 0.43333 0.45000
vt 0.43333 0.50000
vt 0.43333 0.55000
vt 0.43333 0.60000
vt 0.43333 0.65000
vt 0.43333 0.70000
vt 0.43333 0.75000
vt 0.43333 0.80000
vt 0.43333 0.85000
vt 0.43333 0.90000
vt 0.43333 0.95000
vt 0.43333 1.00000
vt 0.46667 0.00000
vt 0.46667 0.05000
vt 0.46667 0.10000
vt 0.46667 0.15000
vt 0.46667 0.20000
vt 0.46667 0.25000
vt 0.46667 0.30000
vt 0.46667 0.35000
vt 0.46667 0.40000
vt 0.46667 0.45000
vt 0.46667 0.50000
vt 0.46667 0.55000
vt 0.46667 0.60000
vt 0.46667 0.65000
vt 0.46667 0.70000
vt 0.46667 0.75000
vt 0.46667 0.80000
vt 0.46667 0.85000
vt 0.46667 0.90000
vt 0.46667 0.95000
vt 0.46667 1.00000
vt 0.50000 0.00000
vt 0.50000 0.05000
vt 0.50000 0.10000
vt 0.50000 0.15000
vt 0.50000 0.20000
vt 0.50000 0.25000
vt 0.50000 0.30000
vt 0.50000 0.35000
vt 0.50000 0.40000
vt 0.50000 0.45000
vt 0.50000 0.50000
vt 0.50000 0.55000
vt 0.50000 0.60000
vt 0.50000 0.65000
vt 0.50000 0.70000
vt 0.50000 0.75000
vt 0.50000 0.80000
vt 0.50000 0.85000
vt 0.50000 0.90000
vt 0.50000 0.95000
vt 0.50000 1.00000
vt 0.53333 0.00000
vt 0.53333 0.05000
vt 0.53333 0.10000
vt 0.53333 0.15000
vt 0.53333 0.20000
vt 0.53333 0.25000
vt 0.53333 0.30000
vt 0.53333 0.35000
vt 0.53333 0.40000
vt 0.53333 0.45000
vt 0.53333 0.50000
vt 0.53333 0.55000
vt 0.53333 0.60000
vt 0.53333 0.65000
vt 0.53333 0.70000
vt 0.53333 0.75000
vt 0.53333 0.80000
vt 0.53333 0.85000
vt 0.53333 0.90000
vt 0.53333 0.95000
vt 0.53333 1.00000
vt 0.56667 0.00000
vt 0.56667 0.05000
vt 0.56667 0.10000
vt 0.56667 0.15000
vt 0.56667 0.20000
vt 0.56667 0.25000
vt 0.56667 0.30000
vt 0.56667 0.35000
vt 0.56667 0.40000
vt 0.56667 0.45000
vt 0.56667 0.50000
vt 0.56667 0.55000
vt 0.56667 0.60000
vt 0.56667 0.65000
vt 0.56667 0.70000
vt 0.56667 0.75000
vt 0.56667 0.80000
vt 0.56667 0.85000
vt 0.56667 0.90000
vt 0.56667 0.95000
vt 0.56667 1.00000
vt 0.60000 0.00000
vt 0.60000 0.05000
vt 0.60000 0.10000
vt 0.60000 0.15000
vt 0.60000 0.20000
vt 0.60000 0.25000
vt 0.60000 0.30000
vt 0.60000 0.35000
vt 0.60000 0.40000
vt 0.60000 0.45000
vt 0.60000 0.50000
vt 0.60000 0.55000
vt 0.60000 0.60000
vt 0.60000 0.65000
vt 0.60000 0.70000
vt 0.60000 0.75000
vt 0.60000 0.80000
vt 0.60000 0.85000
vt 0.60000 0.90000
vt 0.60000 0.95000
vt 0.60000 1.00000
vt 0.63333 0.00000
vt 0.63333 0.05000
vt 0.63333 0.10000
vt 0.63333 0.15000
vt 0.63333 0.20000
vt 0.63333 0.25000
vt 0.63333 0.30000
vt 0.63333 0.35000
vt 0.63333 0.40000
vt 0.63333 0.45000
vt 0.63333 0.50000
vt 0.63333 0.55000
vt 0.63333 0.60000
vt 0.63333 0.65000
vt 0.63333 0.70000
vt 0.63333 0.75000
vt 0.63333 0.80000
vt 0.63333 0.85000
vt 0.63333 0.90000
vt 0.63333 0.95000
vt 0.63333 1.00000
vt 0.66667 0.00000
vt 0.66667 0.05000
vt 0.66667 0.10000
vt 0.66667 0.15000
vt 0.66667 0.20000
vt 0.66667 0.25000
vt 0.66667 0.30000
vt 0.66667 0.35000
vt 0.66667 0.40000
vt 0.66667 0.45000
vt 0.66667 0.50000
vt 0.66667 0.55000
vt 0.66667 0.60000
vt 0.66667 0.65000
vt 0.66667 0.70000
vt 0.66667 0.75000
vt 0.66667 0.80000
vt 0.66667 0.85000
vt 0.66667 0.90000
vt 0.66667 0.95000
vt 0.66667 1.00000
vt 0.70000 0.00000
vt 0.70000 0.05000
vt 0.70000 0.10000
vt 0.70000 0.15000
vt 0.70000 0.20000
vt 0.70000 0.25000
vt 0.70000 0.30000
vt 0.70000 0.35000
vt 0.70000 0.40000
vt 0.70000 0.45000
vt 0.70000 0.50000
vt 0.70000 0.55000
vt 0.70000 0.60000
vt 0.70000 0.65000
vt 0.70000 0.70000
vt 0.70000 0.75000
vt 0.70000 0.80000
vt 0.70000 0.85000
vt 0.70000 0.90000
vt 0.70000 0.95000
vt 0.70000 1.00000
vt 0.73333 0.00000
vt 0.73333 0.05000
vt 0.73333 0.10000
vt 0.73333 0.15000
vt 0.73333 0.20000
vt 0.73333 0.25000
vt 0.73333 0.30000
vt 0.73333 0.35000
vt 0.73333 0.40000
vt 0.73333 0.45000
vt 0.73333 0.50000
vt 0.73333 0.55000
vt 0.73333 0.60000
vt 0.73333 0.65000
vt 0.73333 0.70000
vt 0.73333 0.75000
vt 0.73333 0.80000
vt 0.73333 0.85000
vt 0.73333 0.90000
vt 0.73333 0.95000
vt 0.73333 1.00000
vt 0.76667 0.00000
vt 0.76667 0.05000
vt 0.76667 0.10000
vt 0.76667 0.15000
vt 0.76667 0.20000
vt 0.76667 0.25000
vt 0.76667 0.30000
vt 0.76667 0.35000
vt 0.76667 0.40000
vt 0.76667 0.45000
vt 0.76667 0.50000
vt 0.76667 0.55000
vt 0.76667 0.60000
vt 0.76667 0.65000
vt 0.76667 0.70000
vt 0.76667 0.75000
vt 0.76667 0.80000
vt 0.76667 0.85000
vt 0.76667 0.90000
vt 0.76667 0.95000
vt 0.76667 1.00000
vt 0.80000 0.00000
vt 0.80000 0.05000
vt 0.80000 0.10000
vt 0.80000 0.15000
vt 0.80000 0.20000
vt 0.80000 0.25000
vt 0.80000 0.30000
vt 0.80000 0.35000
vt 0.80000 0.40000
vt 0.80000 0.45000
vt 0.80000 0.50000
vt 0.80000 0.55000
vt 0.80000 0.60000
vt 0.80000 0.65000
vt 0.80000 0.70000
vt 0.80000 0.75000
vt 0.80000 0.80000
vt 0.80000 0.85000
vt 0.80000 0.90000
vt 0.80000 0.95000
vt 0.80000 1.00000
vt 0.83333 0.00000
vt 0.83333 0.05000
vt 0.83333 0.10000
vt 0.83333 0.15000
vt 0.83333 0.20000
vt 0.83333 0.25000
vt 0.83333 0.30000
vt 0.83333 0.35000
vt 0.83333 0.40000
vt 0.83333 0.45000
vt 0.83333 0.50000
vt 0.83333 0.55000
vt 0.83333 0.60000
vt 0.83333 0.65000
vt 0.83333 0.70000
vt 0.83333 0.75000
vt 0.83333 0.80000
vt 0.83333 0.85000
vt 0.83333 0.90000
vt 0.83333 0.95000
vt 0.83333 1.00000
vt 0.86667 0.00000
vt 0.86667 0.05000
vt 0.86667 0.10000
vt 0.86667 0.15000
vt 0.86667 0.20000
vt 0.86667 0.25000
vt 0.86667 0.30000
vt 0.86667 0.35000
vt 0.86667 0.40000
vt 0.86667 0.45000
vt 0.86667 0.50000
vt 0.86667 0.55000
vt 0.86667 0.60000
vt 0.86667 0.65000
vt 0.86667 0.70000
vt 0.86667 0.75000
vt 0.86667 0.80000
vt 0.86667 0.85000
vt 0.86667 0.90000
vt 0.86667 0.95000
vt 0.86667 1.00000
vt 0.90000 0.00000
vt 0.90000 0.05000
vt 0.90000 0.10000
vt 0.90000 0.15000
vt 0.90000 0.20000
vt 0.90000 0.25000
vt 0.90000 0.30000
vt 0.90000 0.35000
vt 0.90000 0.40000
vt 0.90000 0.45000
vt 0.90000 0.50000
vt 0.90000 0.55000
vt 0.90000 0.60000
vt 0.90000 0.65000
vt 0.90000 0.70000
vt 0.90000 0.75000
vt 0.90000 0.80000
vt 0.90000 0.85000
vt 0.90000 0.90000
vt 0.90000 0.95000
vt 0.90000 1.00000
vt 0.93333 0.00000
vt 0.93333 0.05000
vt 0.93333 0.10000
vt 0.93333 0.15000
vt 0.93333 0.20000
vt 0.93333 0.25000
vt 0.93333 0.30000
vt 0.93333 0.35000
vt 0.93333 0.40000
vt 0.93333 0.45000
vt 0.93333 0.50000
vt 0.93333 0.55000
vt 0.93333 0.60000
vt 0.93333 0.65000
vt 0.93333 0.70000
vt 0.93333 0.75000
vt 0.93333 0.80000
vt 0.93333 0.85000
vt 0.93333 0.90000
vt 0.93333 0.95000
vt 0.93333 1.00000
vt 0.96667 0.00000
vt 0.96667 0.05000
vt 0.96667 0.10000
vt 0.96667 0.15000
vt 0.96667 0.20000
vt 0.96667 0.25000
vt 0.96667 0.30000
vt 0.96667 0.35000
vt 0.96667 0.40000
vt 0.96667 0.45000
vt 0.96667 0.50000
vt 0.96667 0.55000
vt 0.96667 0.60000
vt 0.96667 0.65000
vt 0.96667 0.70000
vt 0.96667 0.75000
vt 0.96667 0.80000
vt 0.96667 0.85000
vt 0.96667 0.90000
vt 0.96667 0.95000
vt 0.96667 1.00000
vt 1.00000 0.00000
vt 1.00000 0.05000
vt 1.00000 0.10000
vt 1.00000 0.15000
vt 1.00000 0.20000
vt 1.00000 0.25000
vt 1.00000 0.30000
vt 1.00000 0.35000
vt 1.00000 0.40000
vt 1.00000 0.45000
vt 1.00000 0.50000
vt 1.00000 0.55000
vt 1.00000 0.60000
vt 1.00000 0.65000
vt 1.00000 0.70000
vt 1.00000 0.75000
vt 1.00000 0.80000
vt 1.00000 0.85000
vt 1.00000 0.90000
vt 1.00000 0.95000
vt 1.00000 1.00000
vn 0.00000 0.18429 0.98287
vn 0.07920 -0.49350 0.86613
vn 0.10524 -0.74883 0.65436
vn 0.11360 -0.84181 0.52769
vn -0.00315 -0.00001 -1.00000
vn 0.10167 -0.94368 0.31484
vn 0.09701 -0.96560 0.24127
vn 0.09314 -0.97828 0.18519
vn 0.08994 -0.98585 0.14144
vn 0.37983 0.21613 0.89946
vn 0.36800 -0.46929 0.80271
vn 0.29711 -0.73274 0.61222
vn 0.25167 -0.83023 0.49737
vn -0.38107 -0.03513 -0.92388
vn 0.18459 -0.93601 0.29967
vn 0.16820 -0.95897 0.22821
vn 0.15527 -0.97247 0.17377
vn 0.14493 -0.98069 0.13131
vn 0.70183 0.21506 0.67911
vn 0.61284 -0.47010 0.63516
vn 0.45977 -0.73328 0.50091
vn 0.36873 -0.83062 0.41727
vn -0.70411 -0.06500 -0.70711
vn 0.25721 -0.93167 0.25660
vn 0.23009 -0.95435 0.19048
vn 0.20900 -0.96778 0.14044
vn 0.19231 -0.97606 0.10159
vn 0.91698 0.18125 0.35537
vn 0.77643 -0.49581 0.38901
vn 0.56846 -0.75036 0.33737
vn 0.44694 -0.84291 0.29958
vn -0.91995 -0.08515 -0.38268
vn 0.30984 -0.93150 0.19054
vn 0.27407 -0.95250 0.13278
vn 0.24668 -0.96495 0.08956
vn 0.22523 -0.97268 0.05628
vn 0.99254 0.11985 -0.02247
vn 0.83388 -0.54249 0.10172
vn 0.60662 -0.78137 0.14651
vn 0.47441 -0.86523 0.16223
vn -0.99564 -0.09327 -0.00000
vn 0.33438 -0.93607 0.10943
vn 0.29334 -0.95396 0.06253
vn 0.26248 -0.96453 0.02799
vn 0.23859 -0.97112 0.00166
vn 0.91698 0.04021 -0.39689
vn 0.77643 -0.60305 -0.18297
vn 0.56846 -0.82161 -0.04263
vn 0.44694 -0.89418 0.02612
vn 0.92013 0.08320 -0.38268
vn 0.32540 -0.94527 0.02411
vn 0.28387 -0.95881 -0.01046
vn 0.25325 -0.96675 -0.03548
vn 0.22986 -0.97171 -0.05433
vn 0.70183 -0.04556 -0.71089
vn 0.61284 -0.66827 -0.42172
vn 0.45977 -0.86493 -0.20125
vn 0.36873 -0.92536 -0.08802
vn 0.70416 0.06447 -0.70711
vn 0.28176 -0.95806 -0.05236
vn 0.24559 -0.96647 -0.07498
vn 0.21943 -0.97137 -0.09108
vn 0.19969 -0.97442 -0.10309
vn 0.37983 -0.12439 -0.91666
vn 0.36800 -0.72821 -0.57817
vn 0.29711 -0.90476 -0.30519
vn 0.25167 -0.95402 -0.16282
vn 0.38108 0.03499 -0.92388
vn 0.20817 -0.97228 -0.10644
vn 0.18326 -0.97571 -0.12001
vn 0.16552 -0.97766 -0.12957
vn 0.15226 -0.97885 -0.13665
vn 0.00000 -0.18429 -0.98287
vn 0.07920 -0.77375 -0.62852
vn 0.10524 -0.93501 -0.33864
vn 0.11360 -0.97579 -0.18689
vn 0.00000 -0.00000 -1.00000
vn 0.11595 -0.98508 -0.12717
vn 0.10651 -0.98482 -0.13709
vn 0.09985 -0.98452 -0.14406
vn 0.09490 -0.98424 -0.14923
vn -0.37983 -0.21613 -0.89946
vn -0.20960 -0.79796 -0.56510
vn -0.08663 -0.95110 -0.29650
vn -0.02447 -0.98736 -0.15657
vn -0.38107 -0.03508 -0.92388
vn 0.02146 -0.99374 -0.10968
vn 0.02839 -0.99205 -0.12263
vn 0.03327 -0.99073 -0.13174
vn 0.03689 -0.98967 -0.13850
vn -0.70183 -0.21506 -0.67911
vn -0.45443 -0.79715 -0.39755
vn -0.24929 -0.95056 -0.18519
vn -0.14153 -0.98698 -0.07647
vn -0.70412 -0.06490 -0.70711
vn -0.05792 -0.99668 -0.05723
vn -0.03750 -0.99615 -0.07919
vn -0.02301 -0.99524 -0.09470
vn -0.01221 -0.99427 -0.10624
vn -0.91698 -0.18125 -0.35537
vn -0.61803 -0.77144 -0.15140
vn -0.35798 -0.93348 -0.02165
vn -0.21974 -0.97469 0.04122
vn -0.91996 -0.08499 -0.38268
vn -0.10854 -0.99390 0.01967
vn -0.08023 -0.99667 -0.01481
vn -0.05987 -0.99743 -0.03948
vn -0.04455 -0.99732 -0.05796
vn -0.99254 -0.11985 0.02247
vn -0.67547 -0.72476 0.13589
vn -0.39614 -0.90246 0.16921
vn -0.24721 -0.95237 0.17857
vn -0.99564 -0.09323 0.00000
vn -0.12356 -0.98658 0.10677
vn -0.09374 -0.99384 0.05916
vn -0.07194 -0.99711 0.02452
vn -0.05538 -0.99846 -0.00168
vn -0.91698 -0.04021 0.39689
vn -0.61803 -0.66420 0.42058
vn -0.35798 -0.86223 0.35835
vn -0.21974 -0.92341 0.31468
vn 0.92005 0.08402 -0.38268
vn -0.10312 -0.97639 0.18979
vn -0.07738 -0.98839 0.13076
vn -0.05828 -0.99449 0.08710
vn -0.04364 -0.99760 0.05371
vn -0.70183 0.04556 0.71089
vn -0.45443 -0.59898 0.65933
vn -0.24929 -0.81890 0.51696
vn -0.14153 -0.89223 0.42882
vn 0.70415 0.06465 -0.70711
vn -0.05271 -0.96497 0.25700
vn -0.03508 -0.98124 0.18959
vn -0.02190 -0.99005 0.13900
vn -0.01175 -0.99492 0.09994
vn -0.37983 0.12439 0.91666
vn -0.20960 -0.53904 0.81578
vn -0.08663 -0.77908 0.62091
vn -0.02447 -0.86358 0.50362
vn 0.38108 0.03505 -0.92388
vn 0.01898 -0.95368 0.30021
vn 0.02603 -0.97333 0.22794
vn 0.03119 -0.98440 0.17314
vn 0.03510 -0.99082 0.13053
vn -0.00000 0.18429 0.98287
vn 0.07920 -0.49350 0.86613
vn 0.10524 -0.74883 0.65436
vn 0.11360 -0.84181 0.52769
vn 0.00315 0.00001 -1.00000
vn 0.10167 -0.94368 0.31484
vn 0.09701 -0.96560 0.24127
vn 0.09314 -0.97828 0.18519
vn 0.08994 -0.98585 0.14144
vn 0.09152 -0.98982 0.10897
vn 0.07497 -0.99366 0.08376
vn 0.06157 -0.99609 0.06335
vn 0.05050 -0.99764 0.04651
vn 0.00619 0.09956 0.99501
vn 0.03003 -0.99838 0.04836
vn 0.01887 -0.99774 0.06446
vn 0.00892 -0.99685 0.07879
vn 0.00000 -0.99579 0.09161
vn 0.13276 -0.98611 0.09982
vn 0.11199 -0.99082 0.07573
vn 0.09510 -0.99388 0.05619
vn 0.08113 -0.99590 0.04006
vn 0.38311 0.05066 0.92231
vn 0.05689 -0.99740 0.04422
vn 0.04429 -0.99719 0.06047
vn 0.03303 -0.99664 0.07496
vn 0.02291 -0.99586 0.08794
vn 0.16771 -0.98291 0.07587
vn 0.14335 -0.98818 0.05436
vn 0.12351 -0.99166 0.03691
vn 0.10708 -0.99400 0.02249
vn 0.70505 -0.00514 0.70914
vn 0.07909 -0.99640 0.03036
vn 0.06539 -0.99674 0.04727
vn 0.05310 -0.99664 0.06238
vn 0.04205 -0.99623 0.07593
vn 0.19142 -0.98067 0.04063
vn 0.16454 -0.98611 0.02281
vn 0.14266 -0.98974 0.00837
vn 0.12453 -0.99221 -0.00354
vn 0.92013 -0.05584 0.38760
vn 0.09331 -0.99559 0.00919
vn 0.07899 -0.99651 0.02712
vn 0.06613 -0.99688 0.04318
vn 0.05453 -0.99685 0.05762
vn 0.20047 -0.97970 -0.00084
vn 0.17248 -0.98491 -0.01435
vn 0.14973 -0.98840 -0.02525
vn 0.13092 -0.99080 -0.03423
vn -0.99365 0.11220 -0.00801
vn 0.09763 -0.99510 -0.01588
vn 0.08325 -0.99652 0.00325
vn 0.07031 -0.99732 0.02042
vn 0.05860 -0.99764 0.03589
vn 0.19337 -0.98020 -0.04261
vn 0.16588 -0.98479 -0.05172
vn 0.14361 -0.98787 -0.05904
vn 0.12522 -0.99000 -0.06503
vn -0.91711 0.13874 0.37371
vn 0.09168 -0.99494 -0.04105
vn 0.07776 -0.99676 -0.02074
vn 0.06520 -0.99787 -0.00246
vn 0.05383 -0.99845 0.01405
vn 0.17091 -0.98215 -0.07852
vn 0.14552 -0.98580 -0.08377
vn 0.12503 -0.98825 -0.08795
vn 0.10817 -0.98993 -0.09135
vn -0.70070 0.14625 0.69830
vn 0.07655 -0.99509 -0.06272
vn 0.06350 -0.99712 -0.04137
vn 0.05173 -0.99842 -0.02212
vn 0.04106 -0.99915 -0.00472
vn 0.13611 -0.98533 -0.10300
vn 0.11423 -0.98783 -0.10553
vn 0.09665 -0.98949 -0.10752
vn 0.08223 -0.99062 -0.10913
vn -0.37766 0.13188 0.91651
vn 0.05450 -0.99547 -0.07786
vn 0.04262 -0.99754 -0.05573
vn 0.03190 -0.99885 -0.03579
vn 0.02221 -0.99960 -0.01774
vn 0.09405 -0.98925 -0.11199
vn 0.07662 -0.99058 -0.11346
vn 0.06266 -0.99143 -0.11461
vn 0.05125 -0.99198 -0.11553
vn 0.00283 0.09760 0.99522
vn 0.02866 -0.99602 -0.08435
vn 0.01810 -0.99792 -0.06181
vn 0.00859 -0.99910 -0.04151
vn 0.00000 -0.99973 -0.02314
vn 0.05124 -0.99329 -0.10372
vn 0.03848 -0.99361 -0.10606
vn 0.02830 -0.99376 -0.10791
vn 0.01999 -0.99379 -0.10942
vn 0.38291 0.04861 0.92250
vn 0.00268 -0.99670 -0.08119
vn -0.00657 -0.99826 -0.05867
vn -0.01487 -0.99915 -0.03840
vn -0.02235 -0.99955 -0.02010
vn 0.01452 -0.99675 -0.07924
vn 0.00587 -0.99642 -0.08432
vn -0.00103 -0.99609 -0.08836
vn -0.00665 -0.99577 -0.09165
vn 0.70483 -0.00747 0.70934
vn -0.01967 -0.99745 -0.06867
vn -0.02778 -0.99853 -0.04661
vn -0.03504 -0.99903 -0.02680
vn -0.04157 -0.99910 -0.00894
vn -0.01010 -0.99905 -0.04238
vn -0.01597 -0.99854 -0.05162
vn -0.02064 -0.99805 -0.05898
vn -0.02446 -0.99759 -0.06498
vn 0.91969 -0.06050 0.38796
vn -0.03498 -0.99821 -0.04842
vn -0.04231 -0.99873 -0.02724
vn -0.04885 -0.99877 -0.00827
vn -0.05472 -0.99846 0.00881
vn -0.01866 -0.99983 0.00087
vn -0.02356 -0.99964 -0.01320
vn -0.02746 -0.99932 -0.02443
vn -0.03065 -0.99897 -0.03360
vn -0.99336 0.11477 -0.00820
vn -0.04069 -0.99890 -0.02331
vn -0.04775 -0.99885 -0.00332
vn -0.05403 -0.99843 0.01454
vn -0.05966 -0.99775 0.03057
vn -0.00999 -0.99900 0.04352
vn -0.01583 -0.99957 0.02481
vn -0.02050 -0.99974 0.00982
vn -0.02432 -0.99970 -0.00244
vn -0.91689 0.14054 0.37357
vn -0.03563 -0.99936 0.00285
vn -0.04301 -0.99884 0.02151
vn -0.04957 -0.99804 0.03814
vn -0.05545 -0.99705 0.05304
vn 0.01424 -0.99678 0.07890
vn 0.00578 -0.99839 0.05648
vn -0.00101 -0.99926 0.03845
vn -0.00658 -0.99970 0.02367
vn -0.70048 0.14807 0.69814
vn -0.02035 -0.99946 0.02586
vn -0.02863 -0.99865 0.04328
vn -0.03600 -0.99762 0.05879
vn -0.04260 -0.99645 0.07266
vn 0.04994 -0.99356 0.10175
vn 0.03771 -0.99631 0.07709
vn 0.02784 -0.99798 0.05719
vn 0.01972 -0.99897 0.04081
vn -0.37743 0.13376 0.91633
vn 0.00280 -0.99912 0.04192
vn -0.00683 -0.99827 0.05843
vn -0.01540 -0.99720 0.07312
vn -0.02307 -0.99601 0.08625
vn 0.09152 -0.98982 0.10897
vn 0.07497 -0.99366 0.08376
vn 0.06157 -0.99609 0.06335
vn 0.05050 -0.99764 0.04651
vn -0.00012 0.09953 0.99503
vn 0.03003 -0.99838 0.04836
vn 0.01887 -0.99774 0.06446
vn 0.00892 -0.99685 0.07879
vn -0.00000 -0.99579 0.09161
vn 0.00000 -0.99326 0.11588
vn 0.02070 -0.99306 0.11579
vn 0.04080 -0.99247 0.11552
vn 0.05972 -0.99156 0.11510
vn 0.07694 -0.99044 0.11453
vn 0.09201 -0.98923 0.11385
vn 0.10457 -0.98807 0.11310
vn 0.11435 -0.98707 0.11230
vn 0.12117 -0.98635 0.11148
vn 0.12493 -0.98597 0.11067
vn 0.12560 -0.98597 0.10990
vn 0.12324 -0.98635 0.10918
vn 0.11796 -0.98707 0.10853
vn 0.10992 -0.98806 0.10795
vn 0.09935 -0.98923 0.10745
vn 0.08649 -0.99049 0.10703
vn 0.07167 -0.99171 0.10669
vn 0.05522 -0.99279 0.10643
vn 0.03752 -0.99363 0.10625
vn 0.01898 -0.99417 0.10614
vn 0.00000 -0.99435 0.10610
vn 0.00000 -0.99326 0.11588
vn 0.02023 -0.99217 0.12321
vn 0.03984 -0.99070 0.13014
vn 0.05826 -0.98893 0.13646
vn 0.07500 -0.98702 0.14203
vn 0.08962 -0.98511 0.14672
vn 0.10180 -0.98337 0.15043
vn 0.11127 -0.98193 0.15310
vn 0.11787 -0.98090 0.15471
vn 0.12150 -0.98038 0.15524
vn 0.12216 -0.98038 0.15472
vn 0.11988 -0.98090 0.15317
vn 0.11478 -0.98190 0.15066
vn 0.10700 -0.98330 0.14723
vn 0.09676 -0.98498 0.14298
vn 0.08429 -0.98684 0.13799
vn 0.06989 -0.98873 0.13237
vn 0.05389 -0.99053 0.12624
vn 0.03665 -0.99213 0.11972
vn 0.01855 -0.99343 0.11296
vn 0.00000 -0.99435 0.10610
vn 0.00000 -0.99326 0.11588
vn 0.01888 -0.99130 0.13029
vn 0.03714 -0.98887 0.14404
vn 0.05426 -0.98615 0.15674
vn 0.06978 -0.98330 0.16807
vn 0.08331 -0.98054 0.17777
vn 0.09456 -0.97806 0.18563
vn 0.10330 -0.97604 0.19153
vn 0.10938 -0.97461 0.19537
vn 0.11273 -0.97387 0.19715
vn 0.11333 -0.97386 0.19685
vn 0.11124 -0.97456 0.19455
vn 0.10655 -0.97592 0.19032
vn 0.09938 -0.97784 0.18427
vn 0.08993 -0.98018 0.17653
vn 0.07840 -0.98279 0.16728
vn 0.06506 -0.98550 0.15672
vn 0.05021 -0.98815 0.14506
vn 0.03417 -0.99059 0.13255
vn 0.01731 -0.99269 0.11947
vn 0.00000 -0.99435 0.10610
vn 0.00000 -0.99326 0.11588
vn 0.01670 -0.99047 0.13673
vn 0.03283 -0.98711 0.15664
vn 0.04791 -0.98339 0.17507
vn 0.06156 -0.97955 0.19154
vn 0.07343 -0.97586 0.20568
vn 0.08327 -0.97257 0.21720
vn 0.09090 -0.96990 0.22592
vn 0.09621 -0.96801 0.23173
vn 0.09913 -0.96703 0.23458
vn 0.09966 -0.96700 0.23450
vn 0.09784 -0.96789 0.23154
vn 0.09375 -0.96965 0.22581
vn 0.08750 -0.97214 0.21746
vn 0.07923 -0.97520 0.20666
vn 0.06914 -0.97863 0.19365
vn 0.05743 -0.98223 0.17869
vn 0.04436 -0.98578 0.16208
vn 0.03022 -0.98909 0.14419
vn 0.01532 -0.99199 0.12538
vn 0.00000 -0.99435 0.10610
vn 0.00000 -0.99326 0.11588
vn 0.01381 -0.98974 0.14223
vn 0.02711 -0.98552 0.16740
vn 0.03953 -0.98086 0.19068
vn 0.05073 -0.97607 0.21147
vn 0.06046 -0.97147 0.22932
vn 0.06851 -0.96738 0.24388
vn 0.07473 -0.96407 0.25493
vn 0.07905 -0.96173 0.26234
vn 0.08143 -0.96050 0.26609
vn 0.08187 -0.96044 0.26617
vn 0.08039 -0.96153 0.26268
vn 0.07706 -0.96367 0.25573
vn 0.07197 -0.96672 0.24549
vn 0.06522 -0.97049 0.23216
vn 0.05695 -0.97473 0.21602
vn 0.04735 -0.97918 0.19738
vn 0.03661 -0.98360 0.17660
vn 0.02496 -0.98774 0.15413
vn 0.01266 -0.99137 0.13045
vn 0.00000 -0.99435 0.10610
vn 0.00000 -0.99326 0.11588
vn 0.01031 -0.98914 0.14658
vn 0.02023 -0.98420 0.17588
vn 0.02947 -0.97875 0.20294
vn 0.03780 -0.97314 0.22709
vn 0.04501 -0.96777 0.24780
vn 0.05096 -0.96299 0.26469
vn 0.05556 -0.95911 0.27751
vn 0.05874 -0.95638 0.28615
vn 0.06050 -0.95494 0.29056
vn 0.06082 -0.95485 0.29078
vn 0.05973 -0.95610 0.28689
vn 0.05728 -0.95858 0.27901
vn 0.05352 -0.96212 0.26733
vn 0.04853 -0.96649 0.25208
vn 0.04241 -0.97142 0.23353
vn 0.03529 -0.97662 0.21204
vn 0.02731 -0.98179 0.18802
vn 0.01863 -0.98662 0.16197
vn 0.00946 -0.99087 0.13445
vn 0.00000 -0.99435 0.10610
vn 0.00000 -0.99326 0.11588
vn 0.00637 -0.98873 0.14959
vn 0.01249 -0.98327 0.18173
vn 0.01819 -0.97723 0.21139
vn 0.02331 -0.97103 0.23783
vn 0.02774 -0.96508 0.26047
vn 0.03139 -0.95980 0.27893
vn 0.03421 -0.95552 0.29294
vn 0.03616 -0.95250 0.30240
vn 0.03723 -0.95090 0.30726
vn 0.03743 -0.95079 0.30757
vn 0.03676 -0.95215 0.30340
vn 0.03526 -0.95487 0.29491
vn 0.03296 -0.95877 0.28228
vn 0.02990 -0.96359 0.26572
vn 0.02615 -0.96903 0.24555
vn 0.02177 -0.97478 0.22212
vn 0.01685 -0.98048 0.19588
vn 0.01150 -0.98583 0.16738
vn 0.00584 -0.99052 0.13722
vn 0.00000 -0.99435 0.10610
vn 0.00000 -0.99326 0.11588
vn 0.00215 -0.98851 0.15112
vn 0.00422 -0.98278 0.18471
vn 0.00615 -0.97644 0.21569
vn 0.00788 -0.96992 0.24329
vn 0.00937 -0.96368 0.26691
vn 0.01060 -0.95813 0.28615
vn 0.01155 -0.95363 0.30077
vn 0.01220 -0.95045 0.31063
vn 0.01257 -0.94877 0.31572
vn 0.01263 -0.94865 0.31607
vn 0.01241 -0.95008 0.31177
vn 0.01190 -0.95292 0.30297
vn 0.01113 -0.95701 0.28986
vn 0.01010 -0.96206 0.27265
vn 0.00883 -0.96778 0.25166
vn 0.00736 -0.97381 0.22725
vn 0.00570 -0.97980 0.19989
vn 0.00389 -0.98541 0.17014
vn 0.00198 -0.99034 0.13863
vn 0.00000 -0.99435 0.10610
vn 0.00000 -0.99326 0.11588
vn -0.00215 -0.98851 0.15112
vn -0.00422 -0.98278 0.18471
vn -0.00615 -0.97644 0.21569
vn -0.00788 -0.96992 0.24329
vn -0.00937 -0.96368 0.26691
vn -0.01060 -0.95813 0.28615
vn -0.01155 -0.95363 0.30077
vn -0.01220 -0.95045 0.31063
vn -0.01257 -0.94877 0.31572
vn -0.01263 -0.94865 0.31607
vn -0.01241 -0.95008 0.31177
vn -0.01190 -0.95292 0.30297
vn -0.01113 -0.95701 0.28986
vn -0.01010 -0.96206 0.27265
vn -0.00883 -0.96778 0.25166
vn -0.00736 -0.97381 0.22725
vn -0.00570 -0.97980 0.19989
vn -0.00389 -0.98541 0.17014
vn -0.00198 -0.99034 0.13863
vn -0.00000 -0.99435 0.10610
vn 0.00000 -0.99326 0.11588
vn -0.00637 -0.98873 0.14959
vn -0.01249 -0.98327 0.18173
vn -0.01819 -0.97723 0.21139
vn -0.02331 -0.97103 0.23783
vn -0.02774 -0.96508 0.26047
vn -0.03139 -0.95980 0.27893
vn -0.03421 -0.95552 0.29294
vn -0.03616 -0.95250 0.30240
vn -0.03723 -0.95090 0.30726
vn -0.03743 -0.95079 0.30757
vn -0.03676 -0.95215 0.30340
vn -0.03526 -0.95487 0.29491
vn -0.03296 -0.95877 0.28228
vn -0.02990 -0.96359 0.26572
vn -0.02615 -0.96903 0.24555
vn -0.02177 -0.97478 0.22212
vn -0.01685 -0.98048 0.19588
vn -0.01150 -0.98583 0.16738
vn -0.00584 -0.99052 0.13722
vn -0.00000 -0.99435 0.10610
vn 0.00000 -0.99326 0.11588
vn -0.01031 -0.98914 0.14658
vn -0.02023 -0.98420 0.17588
vn -0.02947 -0.97875 0.20294
vn -0.03780 -0.97314 0.22709
vn -0.04501 -0.96777 0.24780
vn -0.05096 -0.96299 0.26469
vn -0.05556 -0.95911 0.27751
vn -0.05874 -0.95638 0.28615
vn -0.06050 -0.95494 0.29056
vn -0.06082 -0.95485 0.29078
vn -0.05973 -0.95610 0.28689
vn -0.05728 -0.95858 0.27901
vn -0.05352 -0.96212 0.26733
vn -0.04853 -0.96649 0.25208
vn -0.04241 -0.97142 0.23353
vn -0.03529 -0.97662 0.21204
vn -0.02731 -0.98179 0.18802
vn -0.01863 -0.98662 0.16197
vn -0.00946 -0.99087 0.13445
vn -0.00000 -0.99435 0.10610
vn 0.00000 -0.99326 0.11588
vn -0.01381 -0.98974 0.14223
vn -0.02711 -0.98552 0.16740
vn -0.03953 -0.98086 0.19068
vn -0.05073 -0.97607 0.21147
vn -0.06046 -0.97147 0.22932
vn -0.06851 -0.96738 0.24388
vn -0.07473 -0.96407 0.25493
vn -0.07905 -0.96173 0.26234
vn -0.08143 -0.96050 0.26609
vn -0.08187 -0.96044 0.26617
vn -0.08039 -0.96153 0.26268
vn -0.07706 -0.96367 0.25573
vn -0.07197 -0.96672 0.24549
vn -0.06522 -0.97049 0.23216
vn -0.05695 -0.97473 0.21602
vn -0.04735 -0.97918 0.19738
vn -0.03661 -0.98360 0.17660
vn -0.02496 -0.98774 0.15413
vn -0.01266 -0.99137 0.13045
vn -0.00000 -0.99435 0.10610
vn 0.00000 -0.99326 0.11588
vn -0.01670 -0.99047 0.13673
vn -0.03283 -0.98711 0.15664
vn -0.04791 -0.98339 0.17507
vn -0.06156 -0.97955 0.19154
vn -0.07343 -0.97586 0.20568
vn -0.08327 -0.97257 0.21720
vn -0.09090 -0.96990 0.22592
vn -0.09621 -0.96801 0.23173
vn -0.09913 -0.96703 0.23458
vn -0.09966 -0.96700 0.23450
vn -0.09784 -0.96789 0.23154
vn -0.09375 -0.96965 0.22581
vn -0.08750 -0.97214 0.21746
vn -0.07923 -0.97520 0.20666
vn -0.06914 -0.97863 0.19365
vn -0.05743 -0.98223 0.17869
vn -0.04436 -0.98578 0.16208
vn -0.03022 -0.98909 0.14419
vn -0.01532 -0.99199 0.12538
vn -0.00000 -0.99435 0.10610
vn 0.00000 -0.99326 0.11588
vn -0.01888 -0.99130 0.13029
vn -0.03714 -0.98887 0.14404
vn -0.05426 -0.98615 0.15674
vn -0.06978 -0.98330 0.16807
vn -0.08331 -0.98054 0.17777
vn -0.09456 -0.97806 0.18563
vn -0.10330 -0.97604 0.19153
vn -0.10938 -0.97461 0.19537
vn -0.11273 -0.97387 0.19715
vn -0.11333 -0.97386 0.19685
vn -0.11124 -0.97456 0.19455
vn -0.10655 -0.97592 0.19032
vn -0.09938 -0.97784 0.18427
vn -0.08993 -0.98018 0.17653
vn -0.07840 -0.98279 0.16728
vn -0.06506 -0.98550 0.15672
vn -0.05021 -0.98815 0.14506
vn -0.03417 -0.99059 0.13255
vn -0.01731 -0.99269 0.11947
vn -0.00000 -0.99435 0.10610
vn 0.00000 -0.99326 0.11588
vn -0.02023 -0.99217 0.12321
vn -0.03984 -0.99070 0.13014
vn -0.05826 -0.98893 0.13646
vn -0.07500 -0.98702 0.14203
vn -0.08962 -0.98511 0.14672
vn -0.10180 -0.98337 0.15043
vn -0.11127 -0.98193 0.15310
vn -0.11787 -0.98090 0.15471
vn -0.12150 -0.98038 0.15524
vn -0.12216 -0.98038 0.15472
vn -0.11988 -0.98090 0.15317
vn -0.11478 -0.98190 0.15066
vn -0.10700 -0.98330 0.14723
vn -0.09676 -0.98498 0.14298
vn -0.08429 -0.98684 0.13799
vn -0.06989 -0.98873 0.13237
vn -0.05389 -0.99053 0.12624
vn -0.03665 -0.99213 0.11972
vn -0.01855 -0.99343 0.11296
vn -0.00000 -0.99435 0.10610
vn 0.00000 -0.99326 0.11588
vn -0.02070 -0.99306 0.11579
vn -0.04080 -0.99247 0.11552
vn -0.05972 -0.99156 0.11510
vn -0.07694 -0.99044 0.11453
vn -0.09201 -0.98923 0.11385
vn -0.10457 -0.98807 0.11310
vn -0.11435 -0.98707 0.11230
vn -0.12117 -0.98635 0.11148
vn -0.12493 -0.98597 0.11067
vn -0.12560 -0.98597 0.10990
vn -0.12324 -0.98635 0.10918
vn -0.11796 -0.98707 0.10853
vn -0.10992 -0.98806 0.10795
vn -0.09935 -0.98923 0.10745
vn -0.08649 -0.99049 0.10703
vn -0.07167 -0.99171 0.10669
vn -0.05522 -0.99279 0.10643
vn -0.03752 -0.99363 0.10625
vn -0.01898 -0.99417 0.10614
vn -0.00000 -0.99435 0.10610
vn 0.00000 -0.99326 0.11588
vn -0.02027 -0.99391 0.10835
vn -0.03997 -0.99410 0.10085
vn -0.05855 -0.99389 0.09359
vn -0.07548 -0.99336 0.08679
vn -0.09031 -0.99264 0.08065
vn -0.10268 -0.99186 0.07534
vn -0.11231 -0.99113 0.07098
vn -0.11903 -0.99058 0.06768
vn -0.12273 -0.99028 0.06550
vn -0.12339 -0.99026 0.06448
vn -0.12106 -0.99054 0.06461
vn -0.11585 -0.99108 0.06588
vn -0.10793 -0.99182 0.06821
vn -0.09751 -0.99266 0.07155
vn -0.08486 -0.99351 0.07579
vn -0.07028 -0.99425 0.08082
vn -0.05412 -0.99478 0.08651
vn -0.03675 -0.99501 0.09273
vn -0.01857 -0.99488 0.09931
vn -0.00000 -0.99435 0.10610
vn 0.00000 -0.99326 0.11588
vn -0.01894 -0.99468 0.10122
vn -0.03739 -0.99553 0.08675
vn -0.05479 -0.99583 0.07290
vn -0.07066 -0.99569 0.06008
vn -0.08456 -0.99523 0.04866
vn -0.09616 -0.99460 0.03892
vn -0.10519 -0.99396 0.03112
vn -0.11149 -0.99344 0.02541
vn -0.11495 -0.99313 0.02191
vn -0.11557 -0.99308 0.02065
vn -0.11338 -0.99332 0.02161
vn -0.10850 -0.99379 0.02473
vn -0.10107 -0.99443 0.02990
vn -0.09130 -0.99514 0.03695
vn -0.07944 -0.99579 0.04571
vn -0.06578 -0.99627 0.05593
vn -0.05063 -0.99644 0.06737
vn -0.03437 -0.99622 0.07975
vn -0.01736 -0.99554 0.09276
vn -0.00000 -0.99435 0.10610
vn 0.00000 -0.99326 0.11588
vn -0.01679 -0.99536 0.09472
vn -0.03315 -0.99672 0.07387
vn -0.04859 -0.99736 0.05398
vn -0.06268 -0.99740 0.03564
vn -0.07502 -0.99699 0.01936
vn -0.08531 -0.99634 0.00558
vn -0.09331 -0.99562 -0.00537
vn -0.09889 -0.99501 -0.01327
vn -0.10195 -0.99463 -0.01799
vn -0.10250 -0.99454 -0.01946
vn -0.10056 -0.99477 -0.01774
vn -0.09623 -0.99528 -0.01292
vn -0.08964 -0.99596 -0.00516
vn -0.08098 -0.99670 0.00530
vn -0.07046 -0.99735 0.01819
vn -0.05834 -0.99775 0.03317
vn -0.04490 -0.99775 0.04988
vn -0.03047 -0.99723 0.06790
vn -0.01538 -0.99611 0.08679
vn -0.00000 -0.99435 0.10610
vn 0.00000 -0.99326 0.11588
vn -0.01389 -0.99592 0.08912
vn -0.02744 -0.99765 0.06279
vn -0.04024 -0.99848 0.03770
vn -0.05190 -0.99855 0.01459
vn -0.06211 -0.99805 -0.00585
vn -0.07062 -0.99724 -0.02311
vn -0.07723 -0.99634 -0.03676
vn -0.08184 -0.99556 -0.04653
vn -0.08436 -0.99506 -0.05227
vn -0.08481 -0.99494 -0.05393
vn -0.08321 -0.99520 -0.05155
vn -0.07963 -0.99580 -0.04528
vn -0.07419 -0.99662 -0.03531
vn -0.06703 -0.99751 -0.02193
vn -0.05833 -0.99828 -0.00550
vn -0.04830 -0.99874 0.01358
vn -0.03717 -0.99870 0.03482
vn -0.02522 -0.99802 0.05770
vn -0.01273 -0.99658 0.08166
vn -0.00000 -0.99435 0.10610
vn 0.00000 -0.99326 0.11588
vn -0.01038 -0.99635 0.08470
vn -0.02052 -0.99833 0.05401
vn -0.03009 -0.99924 0.02478
vn -0.03881 -0.99924 -0.00209
vn -0.04644 -0.99859 -0.02583
vn -0.05279 -0.99755 -0.04582
vn -0.05772 -0.99643 -0.06159
vn -0.06114 -0.99547 -0.07283
vn -0.06303 -0.99485 -0.07937
vn -0.06336 -0.99469 -0.08116
vn -0.06216 -0.99499 -0.07828
vn -0.05950 -0.99571 -0.07086
vn -0.05544 -0.99671 -0.05916
vn -0.05010 -0.99780 -0.04349
vn -0.04361 -0.99875 -0.02426
vn -0.03611 -0.99935 -0.00194
vn -0.02779 -0.99935 0.02289
vn -0.01886 -0.99859 0.04963
vn -0.00951 -0.99694 0.07760
vn -0.00000 -0.99435 0.10610
vn 0.00000 -0.99326 0.11588
vn -0.00642 -0.99664 0.08163
vn -0.01269 -0.99877 0.04792
vn -0.01861 -0.99970 0.01583
vn -0.02400 -0.99962 -0.01364
vn -0.02871 -0.99880 -0.03966
vn -0.03262 -0.99757 -0.06153
vn -0.03567 -0.99626 -0.07875
vn -0.03778 -0.99513 -0.09099
vn -0.03894 -0.99442 -0.09808
vn -0.03914 -0.99422 -0.09997
vn -0.03840 -0.99457 -0.09674
vn -0.03676 -0.99539 -0.08854
vn -0.03426 -0.99655 -0.07565
vn -0.03097 -0.99781 -0.05840
vn -0.02696 -0.99894 -0.03724
vn -0.02233 -0.99967 -0.01269
vn -0.01718 -0.99975 0.01463
vn -0.01166 -0.99896 0.04403
vn -0.00588 -0.99718 0.07478
vn -0.00000 -0.99435 0.10610
vn 0.00000 -0.99326 0.11588
vn -0.00217 -0.99679 0.08006
vn -0.00429 -0.99899 0.04481
vn -0.00629 -0.99992 0.01126
vn -0.00812 -0.99978 -0.01955
vn -0.00971 -0.99886 -0.04673
vn -0.01104 -0.99752 -0.06956
vn -0.01206 -0.99609 -0.08751
vn -0.01278 -0.99488 -0.10026
vn -0.01317 -0.99410 -0.10763
vn -0.01323 -0.99389 -0.10957
vn -0.01299 -0.99426 -0.10616
vn -0.01243 -0.99515 -0.09757
vn -0.01159 -0.99639 -0.08407
vn -0.01047 -0.99776 -0.06602
vn -0.00912 -0.99900 -0.04388
vn -0.00755 -0.99981 -0.01819
vn -0.00581 -0.99993 0.01040
vn -0.00394 -0.99914 0.04117
vn -0.00199 -0.99730 0.07335
vn -0.00000 -0.99435 0.10610
vn 0.00000 -0.99326 0.11588
vn 0.00217 -0.99679 0.08006
vn 0.00429 -0.99899 0.04481
vn 0.00629 -0.99992 0.01126
vn 0.00812 -0.99978 -0.01955
vn 0.00971 -0.99886 -0.04673
vn 0.01104 -0.99752 -0.06956
vn 0.01206 -0.99609 -0.08751
vn 0.01278 -0.99488 -0.10026
vn 0.01317 -0.99410 -0.10763
vn 0.01323 -0.99389 -0.10957
vn 0.01299 -0.99426 -0.10616
vn 0.01243 -0.99515 -0.09757
vn 0.01159 -0.99639 -0.08407
vn 0.01047 -0.99776 -0.06602
vn 0.00912 -0.99900 -0.04388
vn 0.00755 -0.99981 -0.01819
vn 0.00581 -0.99993 0.01040
vn 0.00394 -0.99914 0.04117
vn 0.00199 -0.99730 0.07335
vn 0.00000 -0.99435 0.10610
vn 0.00000 -0.99326 0.11588
vn 0.00642 -0.99664 0.08163
vn 0.01269 -0.99877 0.04792
vn 0.01861 -0.99970 0.01583
vn 0.02400 -0.99962 -0.01364
vn 0.02871 -0.99880 -0.03966
vn 0.03262 -0.99757 -0.06153
vn 0.03567 -0.99626 -0.07875
vn 0.03778 -0.99513 -0.09099
vn 0.03894 -0.99442 -0.09808
vn 0.03914 -0.99422 -0.09997
vn 0.03840 -0.99457 -0.09674
vn 0.03676 -0.99539 -0.08854
vn 0.03426 -0.99655 -0.07565
vn 0.03097 -0.99781 -0.05840
vn 0.02696 -0.99894 -0.03724
vn 0.02233 -0.99967 -0.01269
vn 0.01718 -0.99975 0.01463
vn 0.01166 -0.99896 0.04403
vn 0.00588 -0.99718 0.07478
vn 0.00000 -0.99435 0.10610
vn 0.00000 -0.99326 0.11588
vn 0.01038 -0.99635 0.08470
vn 0.02052 -0.99833 0.05401
vn 0.03009 -0.99924 0.02478
vn 0.03881 -0.99924 -0.00209
vn 0.04644 -0.99859 -0.02583
vn 0.05279 -0.99755 -0.04582
vn 0.05772 -0.99643 -0.06159
vn 0.06114 -0.99547 -0.07283
vn 0.06303 -0.99485 -0.07937
vn 0.06336 -0.99469 -0.08116
vn 0.06216 -0.99499 -0.07828
vn 0.05950 -0.99571 -0.07086
vn 0.05544 -0.99671 -0.05916
vn 0.05010 -0.99780 -0.04349
vn 0.04361 -0.99875 -0.02426
vn 0.03611 -0.99935 -0.00194
vn 0.02779 -0.99935 0.02289
vn 0.01886 -0.99859 0.04963
vn 0.00951 -0.99694 0.07760
vn 0.00000 -0.99435 0.10610
vn 0.00000 -0.99326 0.11588
vn 0.01389 -0.99592 0.08912
vn 0.02744 -0.99765 0.06279
vn 0.04024 -0.99848 0.03770
vn 0.05190 -0.99855 0.01459
vn 0.06211 -0.99805 -0.00585
vn 0.07062 -0.99724 -0.02311
vn 0.07723 -0.99634 -0.03676
vn 0.08184 -0.99556 -0.04653
vn 0.08436 -0.99506 -0.05227
vn 0.08481 -0.99494 -0.05393
vn 0.08321 -0.99520 -0.05155
vn 0.07963 -0.99580 -0.04528
vn 0.07419 -0.99662 -0.03531
vn 0.06703 -0.99751 -0.02193
vn 0.05833 -0.99828 -0.00550
vn 0.04830 -0.99874 0.01358
vn 0.03717 -0.99870 0.03482
vn 0.02522 -0.99802 0.05770
vn 0.01273 -0.99658 0.08166
vn 0.00000 -0.99435 0.10610
vn 0.00000 -0.99326 0.11588
vn 0.01679 -0.99536 0.09472
vn 0.03315 -0.99672 0.07387
vn 0.04859 -0.99736 0.05398
vn 0.06268 -0.99740 0.03564
vn 0.07502 -0.99699 0.01936
vn 0.08531 -0.99634 0.00558
vn 0.09331 -0.99562 -0.00537
vn 0.09889 -0.99501 -0.01327
vn 0.10195 -0.99463 -0.01799
vn 0.10250 -0.99454 -0.01946
vn 0.10056 -0.99477 -0.01774
vn 0.09623 -0.99528 -0.01292
vn 0.08964 -0.99596 -0.00516
vn 0.08098 -0.99670 0.00530
vn 0.07046 -0.99735 0.01819
vn 0.05834 -0.99775 0.03317
vn 0.04490 -0.99775 0.04988
vn 0.03047 -0.99723 0.06790
vn 0.01538 -0.99611 0.08679
vn 0.00000 -0.99435 0.10610
vn 0.00000 -0.99326 0.11588
vn 0.01894 -0.99468 0.10122
vn 0.03739 -0.99553 0.08675
vn 0.05479 -0.99583 0.07290
vn 0.07066 -0.99569 0.06008
vn 0.08456 -0.99523 0.04866
vn 0.09616 -0.99460 0.03892
vn 0.10519 -0.99396 0.03112
vn 0.11149 -0.99344 0.02541
vn 0.11495 -0.99313 0.02191
vn 0.11557 -0.99308 0.02065
vn 0.11338 -0.99332 0.02161
vn 0.10850 -0.99379 0.02473
vn 0.10107 -0.99443 0.02990
vn 0.09130 -0.99514 0.03695
vn 0.07944 -0.99579 0.04571
vn 0.06578 -0.99627 0.05593
vn 0.05063 -0.99644 0.06737
vn 0.03437 -0.99622 0.07975
vn 0.01736 -0.99554 0.09276
vn 0.00000 -0.99435 0.10610
vn 0.00000 -0.99326 0.11588
vn 0.02027 -0.99391 0.10835
vn 0.03997 -0.99410 0.10085
vn 0.05855 -0.99389 0.09359
vn 0.07548 -0.99336 0.08679
vn 0.09031 -0.99264 0.08065
vn 0.10268 -0.99186 0.07534
vn 0.11231 -0.99113 0.07098
vn 0.11903 -0.99058 0.06768
vn 0.12273 -0.99028 0.06550
vn 0.12339 -0.99026 0.06448
vn 0.12106 -0.99054 0.06461
vn 0.11585 -0.99108 0.06588
vn 0.10793 -0.99182 0.06821
vn 0.09751 -0.99266 0.07155
vn 0.08486 -0.99351 0.07579
vn 0.07028 -0.99425 0.08082
vn 0.05412 -0.99478 0.08651
vn 0.03675 -0.99501 0.09273
vn 0.01857 -0.99488 0.09931
vn 0.00000 -0.99435 0.10610
vn 0.00000 -0.99326 0.11588
vn 0.02070 -0.99306 0.11579
vn 0.04080 -0.99247 0.11552
vn 0.05972 -0.99156 0.11510
vn 0.07694 -0.99044 0.11453
vn 0.09201 -0.98923 0.11385
vn 0.10457 -0.98807 0.11310
vn 0.11435 -0.98707 0.11230
vn 0.12117 -0.98635 0.11148
vn 0.12493 -0.98597 0.11067
vn 0.12560 -0.98597 0.10990
vn 0.12324 -0.98635 0.10918
vn 0.11796 -0.98707 0.10853
vn 0.10992 -0.98806 0.10795
vn 0.09935 -0.98923 0.10745
vn 0.08649 -0.99049 0.10703
vn 0.07167 -0.99171 0.10669
vn 0.05522 -0.99279 0.10643
vn 0.03752 -0.99363 0.10625
vn 0.01898 -0.99417 0.10614
vn 0.00000 -0.99435 0.10610
f 1/1/1 10/10/10 11/11/11
f 1/1/1 11/11/11 2/2/2
f 2/2/2 11/11/11 12/12/12
f 2/2/2 12/12/12 3/3/3
f 3/3/3 12/12/12 13/13/13
f 3/3/3 13/13/13 4/4/4
f 4/4/4 13/13/13 14/14/14
f 4/4/4 14/14/14 5/5/5
f 5/5/5 14/14/14 15/15/15
f 5/5/5 15/15/15 6/6/6
f 6/6/6 15/15/15 16/16/16
f 6/6/6 16/16/16 7/7/7
f 7/7/7 16/16/16 17/17/17
f 7/7/7 17/17/17 8/8/8
f 8/8/8 17/17/17 18/18/18
f 8/8/8 18/18/18 9/9/9
f 10/10/10 19/19/19 20/20/20
f 10/10/10 20/20/20 11/11/11
f 11/11/11 20/20/20 21/21/21
f 11/11/11 21/21/21 12/12/12
f 12/12/12 21/21/21 22/22/22
f 12/12/12 22/22/22 13/13/13
f 13/13/13 22/22/22 23/23/23
f 13/13/13 23/23/23 14/14/14
f 14/14/14 23/23/23 24/24/24
f 14/14/14 24/24/24 15/15/15
f 15/15/15 24/24/24 25/25/25
f 15/15/15 25/25/25 16/16/16
f 16/16/16 25/25/25 26/26/26
f 16/16/16 26/26/26 17/17/17
f 17/17/17 26/26/26 27/27/27
f 17/17/17 27/27/27 18/18/18
f 19/19/19 28/28/28 29/29/29
f 19/19/19 29/29/29 20/20/20
f 20/20/20 29/29/29 30/30/30
f 20/20/20 30/30/30 21/21/21
f 21/21/21 30/30/30 31/31/31
f 21/21/21 31/31/31 22/22/22
f 22/22/22 31/31/31 32/32/32
f 22/22/22 32/32/32 23/23/23
f 23/23/23 32/32/32 33/33/33
f 23/23/23 33/33/33 24/24/24
f 24/24/24 33/33/33 34/34/34
f 24/24/24 34/34/34 25/25/25
f 25/25/25 34/34/34 35/35/35
f 25/25/25 35/35/35 26/26/26
f 26/26/26 35/35/35 36/36/36
f 26/26/26 36/36/36 27/27/27
f 28/28/28 37/37/37 38/38/38
f 28/28/28 38/38/38 29/29/29
f 29/29/29 38/38/38 39/39/39
f 29/29/29 39/39/39 30/30/30
f 30/30/30 39/39/39 40/40/40
f 30/30/30 40/40/40 31/31/31
f 31/31/31 40/40/40 41/41/41
f 31/31/31 41/41/41 32/32/32
f 32/32/32 41/41/41 42/42/42
f 32/32/32 42/42/42 33/33/33
f 33/33/33 42/42/42 43/43/43
f 33/33/33 43/43/43 34/34/34
f 34/34/34 43/43/43 44/44/44
f 34/34/34 44/44/44 35/35/35
f 35/35/35 44/44/44 45/45/45
f 35/35/35 45/45/45 36/36/36
f 37/37/37 46/46/46 47/47/47
f 37/37/37 47/47/47 38/38/38
f 38/38/38 47/47/47 48/48/48
f 38/38/38 48/48/48 39/39/39
f 39/39/39 48/48/48 49/49/49
f 39/39/39 49/49/49 40/40/40
f 40/40/40 49/49/49 50/50/50
f 40/40/40 50/50/50 41/41/41
f 41/41/41 50/50/50 51/51/51
f 41/41/41 51/51/51 42/42/42
f 42/42/42 51/51/51 52/52/52
f 42/42/42 52/52/52 43/43/43
f 43/43/43 52/52/52 53/53/53
f 43/43/43 53/53/53 44/44/44
f 44/44/44 53/53/53 54/54/54
f 44/44/44 54/54/54 45/45/45
f 46/46/46 55/55/55 56/56/56
f 46/46/46 56/56/56 47/47/47
f 47/47/47 56/56/56 57/57/57
f 47/47/47 57/57/57 48/48/48
f 48/48/48 57/57/57 58/58/58
f 48/48/48 58/58/58 49/49/49
f 49/49/49 58/58/58 59/59/59
f 49/49/49 59/59/59 50/50/50
f 50/50/50 59/59/59 60/60/60
f 50/50/50 60/60/60 51/51/51
f 51/51/51 60/60/60 61/61/61
f 51/51/51 61/61/61 52/52/52
f 52/52/52 61/61/61 62/62/62
f 52/52/52 62/62/62 53/53/53
f 53/53/53 62/62/62 63/63/63
f 53/53/53 63/63/63 54/54/54
f 55/55/55 64/64/64 65/65/65
f 55/55/55 65/65/65 56/56/56
f 56/56/56 65/65/65 66/66/66
f 56/56/56 66/66/66 57/57/57
f 57/57/57 66/66/66 67/67/67
f 57/57/57 67/67/67 58/58/58
f 58/58/58 67/67/67 68/68/68
f 58/58/58 68/68/68 59/59/59
f 59/59/59 68/68/68 69/69/69
f 59/59/59 69/69/69 60/60/60
f 60/60/60 69/69/69 70/70/70
f 60/60/60 70/70/70 61/61/61
f 61/61/61 70/70/70 71/71/71
f 61/61/61 71/71/71 62/62/62
f 62/62/62 71/71/71 72/72/72
f 62/62/62 72/72/72 63/63/63
f 64/64/64 73/73/73 74/74/74
f 64/64/64 74/74/74 65/65/65
f 65/65/65 74/74/74 75/75/75
f 65/65/65 75/75/75 66/66/66
f 66/66/66 75/75/75 76/76/76
f 66/66/66 76/76/76 67/67/67
f 67/67/67 76/76/76 77/77/77
f 67/67/67 77/77/77 68/68/68
f 68/68/68 77/77/77 78/78/78
f 68/68/68 78/78/78 69/69/69
f 69/69/69 78/78/78 79/79/79
f 69/69/69 79/79/79 70/70/70
f 70/70/70 79/79/79 80/80/80
f 70/70/70 80/80/80 71/71/71
f 71/71/71 80/80/80 81/81/81
f 71/71/71 81/81/81 72/72/72
f 73/73/73 82/82/82 83/83/83
f 73/73/73 83/83/83 74/74/74
f 74/74/74 83/83/83 84/84/84
f 74/74/74 84/84/84 75/75/75
f 75/75/75 84/84/84 85/85/85
f 75/75/75 85/85/85 76/76/76
f 76/76/76 85/85/85 86/86/86
f 76/76/76 86/86/86 77/77/77
f 77/77/77 86/86/86 87/87/87
f 77/77/77 87/87/87 78/78/78
f 78/78/78 87/87/87 88/88/88
f 78/78/78 88/88/88 79/79/79
f 79/79/79 88/88/88 89/89/89
f 79/79/79 89/89/89 80/80/80
f 80/80/80 89/89/89 90/90/90
f 80/80/80 90/90/90 81/81/81
f 82/82/82 91/91/91 92/92/92
f 82/82/82 92/92/92 83/83/83
f 83/83/83 92/92/92 93/93/93
f 83/83/83 93/93/93 84/84/84
f 84/84/84 93/93/93 94/94/94
f 84/84/84 94/94/94 85/85/85
f 85/85/85 94/94/94 95/95/95
f 85/85/85 95/95/95 86/86/86
f 86/86/86 95/95/95 96/96/96
f 86/86/86 96/96/96 87/87/87
f 87/87/87 96/96/96 97/97/97
f 87/87/87 97/97/97 88/88/88
f 88/88/88 97/97/97 98/98/98
f 88/88/88 98/98/98 89/89/89
f 89/89/89 98/98/98 99/99/99
f 89/89/89 99/99/99 90/90/90
f 91/91/91 100/100/100 101/101/101
f 91/91/91 101/101/101 92/92/92
f 92/92/92 101/101/101 102/102/102
f 92/92/92 102/102/102 93/93/93
f 93/93/93 102/102/102 103/103/103
f 93/93/93 103/103/103 94/94/94
f 94/94/94 103/103/103 104/104/104
f 94/94/94 104/104/104 95/95/95
f 95/95/95 104/104/104 105/105/105
f 95/95/95 105/105/105 96/96/96
f 96/96/96 105/105/105 106/106/106
f 96/96/96 106/106/106 97/97/97
f 97/97/97 106/106/106 107/107/107
f 97/97/97 107/107/107 98/98/98
f 98/98/98 107/107/107 108/108/108
f 98/98/98 108/108/108 99/99/99
f 100/100/100 109/109/109 110/110/110
f 100/100/100 110/110/110 101/101/101
f 101/101/101 110/110/110 111/111/111
f 101/101/101 111/111/111 102/102/102
f 102/102/102 111/111/111 112/112/112
f 102/102/102 112/112/112 103/103/103
f 103/103/103 112/112/112 113/113/113
f 103/103/103 113/113/113 104/104/104
f 104/104/104 113/113/113 114/114/114
f 104/104/104 114/114/114 105/105/105
f 105/105/105 114/114/114 115/115/115
f 105/105/105 115/115/115 106/106/106
f 106/106/106 115/115/115 116/116/116
f 106/106/106 116/116/116 107/107/107
f 107/107/107 116/116/116 117/117/117
f 107/107/107 117/117/117 108/108/108
f 109/109/109 118/118/118 119/119/119
f 109/109/109 119/119/119 110/110/110
f 110/110/110 119/119/119 120/120/120
f 110/110/110 120/120/120 111/111/111
f 111/111/111 120/120/120 121/121/121
f 111/111/111 121/121/121 112/112/112
f 112/112/112 121/121/121 122/122/122
f 112/112/112 122/122/122 113/113/113
f 113/113/113 122/122/122 123/123/123
f 113/113/113 123/123/123 114/114/114
f 114/114/114 123/123/123 124/124/124
f 114/114/114 124/124/124 115/115/115
f 115/115/115 124/124/124 125/125/125
f 115/115/115 125/125/125 116/116/116
f 116/116/116 125/125/125 126/126/126
f 116/116/116 126/126/126 117/117/117
f 118/118/118 127/127/127 128/128/128
f 118/118/118 128/128/128 119/119/119
f 119/119/119 128/128/128 129/129/129
f 119/119/119 129/129/129 120/120/120
f 120/120/120 129/129/129 130/130/130
f 120/120/120 130/130/130 121/121/121
f 121/121/121 130/130/130 131/131/131
f 121/121/121 131/131/131 122/122/122
f 122/122/122 131/131/131 132/132/132
f 122/122/122 132/132/132 123/123/123
f 123/123/123 132/132/132 133/133/133
f 123/123/123 133/133/133 124/124/124
f 124/124/124 133/133/133 134/134/134
f 124/124/124 134/134/134 125/125/125
f 125/125/125 134/134/134 135/135/135
f 125/125/125 135/135/135 126/126/126
f 127/127/127 136/136/136 137/137/137
f 127/127/127 137/137/137 128/128/128
f 128/128/128 137/137/137 138/138/138
f 128/128/128 138/138/138 129/129/129
f 129/129/129 138/138/138 139/139/139
f 129/129/129 139/139/139 130/130/130
f 130/130/130 139/139/139 140/140/140
f 130/130/130 140/140/140 131/131/131
f 131/131/131 140/140/140 141/141/141
f 131/131/131 141/141/141 132/132/132
f 132/132/132 141/141/141 142/142/142
f 132/132/132 142/142/142 133/133/133
f 133/133/133 142/142/142 143/143/143
f 133/133/133 143/143/143 134/134/134
f 134/134/134 143/143/143 144/144/144
f 134/134/134 144/144/144 135/135/135
f 136/136/136 145/145/145 146/146/146
f 136/136/136 146/146/146 137/137/137
f 137/137/137 146/146/146 147/147/147
f 137/137/137 147/147/147 138/138/138
f 138/138/138 147/147/147 148/148/148
f 138/138/138 148/148/148 139/139/139
f 139/139/139 148/148/148 149/149/149
f 139/139/139 149/149/149 140/140/140
f 140/140/140 149/149/149 150/150/150
f 140/140/140 150/150/150 141/141/141
f 141/141/141 150/150/150 151/151/151
f 141/141/141 151/151/151 142/142/142
f 142/142/142 151/151/151 152/152/152
f 142/142/142 152/152/152 143/143/143
f 143/143/143 152/152/152 153/153/153
f 143/143/143 153/153/153 144/144/144
f 154/154/154 163/163/163 164/164/164
f 154/154/154 164/164/164 155/155/155
f 155/155/155 164/164/164 165/165/165
f 155/155/155 165/165/165 156/156/156
f 156/156/156 165/165/165 166/166/166
f 156/156/156 166/166/166 157/157/157
f 157/157/157 166/166/166 167/167/167
f 157/157/157 167/167/167 158/158/158
f 158/158/158 167/167/167 168/168/168
f 158/158/158 168/168/168 159/159/159
f 159/159/159 168/168/168 169/169/169
f 159/159/159 169/169/169 160/160/160
f 160/160/160 169/169/169 170/170/170
f 160/160/160 170/170/170 161/161/161
f 161/161/161 170/170/170 171/171/171
f 161/161/161 171/171/171 162/162/162
f 163/163/163 172/172/172 173/173/173
f 163/163/163 173/173/173 164/164/164
f 164/164/164 173/173/173 174/174/174
f 164/164/164 174/174/174 165/165/165
f 165/165/165 174/174/174 175/175/175
f 165/165/165 175/175/175 166/166/166
f 166/166/166 175/175/175 176/176/176
f 166/166/166 176/176/176 167/167/167
f 167/167/167 176/176/176 177/177/177
f 167/167/167 177/177/177 168/168/168
f 168/168/168 177/177/177 178/178/178
f 168/168/168 178/178/178 169/169/169
f 169/169/169 178/178/178 179/179/179
f 169/169/169 179/179/179 170/170/170
f 170/170/170 179/179/179 180/180/180
f 170/170/170 180/180/180 171/171/171
f 172/172/172 181/181/181 182/182/182
f 172/172/172 182/182/182 173/173/173
f 173/173/173 182/182/182 183/183/183
f 173/173/173 183/183/183 174/174/174
f 174/174/174 183/183/183 184/184/184
f 174/174/174 184/184/184 175/175/175
f 175/175/175 184/184/184 185/185/185
f 175/175/175 185/185/185 176/176/176
f 176/176/176 185/185/185 186/186/186
f 176/176/176 186/186/186 177/177/177
f 177/177/177 186/186/186 187/187/187
f 177/177/177 187/187/187 178/178/178
f 178/178/178 187/187/187 188/188/188
f 178/178/178 188/188/188 179/179/179
f 179/179/179 188/188/188 189/189/189
f 179/179/179 189/189/189 180/180/180
f 181/181/181 190/190/190 191/191/191
f 181/181/181 191/191/191 182/182/182
f 182/182/182 191/191/191 192/192/192
f 182/182/182 192/192/192 183/183/183
f 183/183/183 192/192/192 193/193/193
f 183/183/183 193/193/193 184/184/184
f 184/184/184 193/193/193 194/194/194
f 184/184/184 194/194/194 185/185/185
f 185/185/185 194/194/194 195/195/195
f 185/185/185 195/195/195 186/186/186
f 186/186/186 195/195/195 196/196/196
f 186/186/186 196/196/196 187/187/187
f 187/187/187 196/196/196 197/197/197
f 187/187/187 197/197/197 188/188/188
f 188/188/188 197/197/197 198/198/198
f 188/188/188 198/198/198 189/189/189
f 190/190/190 199/199/199 200/200/200
f 190/190/190 200/200/200 191/191/191
f 191/191/191 200/200/200 201/201/201
f 191/191/191 201/201/201 192/192/192
f 192/192/192 201/201/201 202/202/202
f 192/192/192 202/202/202 193/193/193
f 193/193/193 202/202/202 203/203/203
f 193/193/193 203/203/203 194/194/194
f 194/194/194 203/203/203 204/204/204
f 194/194/194 204/204/204 195/195/195
f 195/195/195 204/204/204 205/205/205
f 195/195/195 205/205/205 196/196/196
f 196/196/196 205/205/205 206/206/206
f 196/196/196 206/206/206 197/197/197
f 197/197/197 206/206/206 207/207/207
f 197/197/197 207/207/207 198/198/198
f 199/199/199 208/208/208 209/209/209
f 199/199/199 209/209/209 200/200/200
f 200/200/200 209/209/209 210/210/210
f 200/200/200 210/210/210 201/201/201
f 201/201/201 210/210/210 211/211/211
f 201/201/201 211/211/211 202/202/202
f 202/202/202 211/211/211 212/212/212
f 202/202/202 212/212/212 203/203/203
f 203/203/203 212/212/212 213/213/213
f 203/203/203 213/213/213 204/204/204
f 204/204/204 213/213/213 214/214/214
f 204/204/204 214/214/214 205/205/205
f 205/205/205 214/214/214 215/215/215
f 205/205/205 215/215/215 206/206/206
f 206/206/206 215/215/215 216/216/216
f 206/206/206 216/216/216 207/207/207
f 208/208/208 217/217/217 218/218/218
f 208/208/208 218/218/218 209/209/209
f 209/209/209 218/218/218 219/219/219
f 209/209/209 219/219/219 210/210/210
f 210/210/210 219/219/219 220/220/220
f 210/210/210 220/220/220 211/211/211
f 211/211/211 220/220/220 221/221/221
f 211/211/211 221/221/221 212/212/212
f 212/212/212 221/221/221 222/222/222
f 212/212/212 222/222/222 213/213/213
f 213/213/213 222/222/222 223/223/223
f 213/213/213 223/223/223 214/214/214
f 214/214/214 223/223/223 224/224/224
f 214/214/214 224/224/224 215/215/215
f 215/215/215 224/224/224 225/225/225
f 215/215/215 225/225/225 216/216/216
f 217/217/217 226/226/226 227/227/227
f 217/217/217 227/227/227 218/218/218
f 218/218/218 227/227/227 228/228/228
f 218/218/218 228/228/228 219/219/219
f 219/219/219 228/228/228 229/229/229
f 219/219/219 229/229/229 220/220/220
f 220/220/220 229/229/229 230/230/230
f 220/220/220 230/230/230 221/221/221
f 221/221/221 230/230/230 231/231/231
f 221/221/221 231/231/231 222/222/222
f 222/222/222 231/231/231 232/232/232
f 222/222/222 232/232/232 223/223/223
f 223/223/223 232/232/232 233/233/233
f 223/223/223 233/233/233 224/224/224
f 224/224/224 233/233/233 234/234/234
f 224/224/224 234/234/234 225/225/225
f 226/226/226 235/235/235 236/236/236
f 226/226/226 236/236/236 227/227/227
f 227/227/227 236/236/236 237/237/237
f 227/227/227 237/237/237 228/228/228
f 228/228/228 237/237/237 238/238/238
f 228/228/228 238/238/238 229/229/229
f 229/229/229 238/238/238 239/239/239
f 229/229/229 239/239/239 230/230/230
f 230/230/230 239/239/239 240/240/240
f 230/230/230 240/240/240 231/231/231
f 231/231/231 240/240/240 241/241/241
f 231/231/231 241/241/241 232/232/232
f 232/232/232 241/241/241 242/242/242
f 232/232/232 242/242/242 233/233/233
f 233/233/233 242/242/242 243/243/243
f 233/233/233 243/243/243 234/234/234
f 235/235/235 244/244/244 245/245/245
f 235/235/235 245/245/245 236/236/236
f 236/236/236 245/245/245 246/246/246
f 236/236/236 246/246/246 237/237/237
f 237/237/237 246/246/246 247/247/247
f 237/237/237 247/247/247 238/238/238
f 238/238/238 247/247/247 248/248/248
f 238/238/238 248/248/248 239/239/239
f 239/239/239 248/248/248 249/249/249
f 239/239/239 249/249/249 240/240/240
f 240/240/240 249/249/249 250/250/250
f 240/240/240 250/250/250 241/241/241
f 241/241/241 250/250/250 251/251/251
f 241/241/241 251/251/251 242/242/242
f 242/242/242 251/251/251 252/252/252
f 242/242/242 252/252/252 243/243/243
f 244/244/244 253/253/253 254/254/254
f 244/244/244 254/254/254 245/245/245
f 245/245/245 254/254/254 255/255/255
f 245/245/245 255/255/255 246/246/246
f 246/246/246 255/255/255 256/256/256
f 246/246/246 256/256/256 247/247/247
f 247/247/247 256/256/256 257/257/257
f 247/247/247 257/257/257 248/248/248
f 248/248/248 257/257/257 258/258/258
f 248/248/248 258/258/258 249/249/249
f 249/249/249 258/258/258 259/259/259
f 249/249/249 259/259/259 250/250/250
f 250/250/250 259/259/259 260/260/260
f 250/250/250 260/260/260 251/251/251
f 251/251/251 260/260/260 261/261/261
f 251/251/251 261/261/261 252/252/252
f 253/253/253 262/262/262 263/263/263
f 253/253/253 263/263/263 254/254/254
f 254/254/254 263/263/263 264/264/264
f 254/254/254 264/264/264 255/255/255
f 255/255/255 264/264/264 265/265/265
f 255/255/255 265/265/265 256/256/256
f 256/256/256 265/265/265 266/266/266
f 256/256/256 266/266/266 257/257/257
f 257/257/257 266/266/266 267/267/267
f 257/257/257 267/267/267 258/258/258
f 258/258/258 267/267/267 268/268/268
f 258/258/258 268/268/268 259/259/259
f 259/259/259 268/268/268 269/269/269
f 259/259/259 269/269/269 260/260/260
f 260/260/260 269/269/269 270/270/270
f 260/260/260 270/270/270 261/261/261
f 262/262/262 271/271/271 272/272/272
f 262/262/262 272/272/272 263/263/263
f 263/263/263 272/272/272 273/273/273
f 263/263/263 273/273/273 264/264/264
f 264/264/264 273/273/273 274/274/274
f 264/264/264 274/274/274 265/265/265
f 265/265/265 274/274/274 275/275/275
f 265/265/265 275/275/275 266/266/266
f 266/266/266 275/275/275 276/276/276
f 266/266/266 276/276/276 267/267/267
f 267/267/267 276/276/276 277/277/277
f 267/267/267 277/277/277 268/268/268
f 268/268/268 277/277/277 278/278/278
f 268/268/268 278/278/278 269/269/269
f 269/269/269 278/278/278 279/279/279
f 269/269/269 279/279/279 270/270/270
f 271/271/271 280/280/280 281/281/281
f 271/271/271 281/281/281 272/272/272
f 272/272/272 281/281/281 282/282/282
f 272/272/272 282/282/282 273/273/273
f 273/273/273 282/282/282 283/283/283
f 273/273/273 283/283/283 274/274/274
f 274/274/274 283/283/283 284/284/284
f 274/274/274 284/284/284 275/275/275
f 275/275/275 284/284/284 285/285/285
f 275/275/275 285/285/285 276/276/276
f 276/276/276 285/285/285 286/286/286
f 276/276/276 286/286/286 277/277/277
f 277/277/277 286/286/286 287/287/287
f 277/277/277 287/287/287 278/278/278
f 278/278/278 287/287/287 288/288/288
f 278/278/278 288/288/288 279/279/279
f 280/280/280 289/289/289 290/290/290
f 280/280/280 290/290/290 281/281/281
f 281/281/281 290/290/290 291/291/291
f 281/281/281 291/291/291 282/282/282
f 282/282/282 291/291/291 292/292/292
f 282/282/282 292/292/292 283/283/283
f 283/283/283 292/292/292 293/293/293
f 283/283/283 293/293/293 284/284/284
f 284/284/284 293/293/293 294/294/294
f 284/284/284 294/294/294 285/285/285
f 285/285/285 294/294/294 295/295/295
f 285/285/285 295/295/295 286/286/286
f 286/286/286 295/295/295 296/296/296
f 286/286/286 296/296/296 287/287/287
f 287/287/287 296/296/296 297/297/297
f 287/287/287 297/297/297 288/288/288
f 289/289/289 298/298/298 299/299/299
f 289/289/289 299/299/299 290/290/290
f 290/290/290 299/299/299 300/300/300
f 290/290/290 300/300/300 291/291/291
f 291/291/291 300/300/300 301/301/301
f 291/291/291 301/301/301 292/292/292
f 292/292/292 301/301/301 302/302/302
f 292/292/292 302/302/302 293/293/293
f 293/293/293 302/302/302 303/303/303
f 293/293/293 303/303/303 294/294/294
f 294/294/294 303/303/303 304/304/304
f 294/294/294 304/304/304 295/295/295
f 295/295/295 304/304/304 305/305/305
f 295/295/295 305/305/305 296/296/296
f 296/296/296 305/305/305 306/306/306
f 296/296/296 306/306/306 297/297/297
f 307/307/307 328/328/328 329/329/329
f 307/307/307 329/329/329 308/308/308
f 308/308/308 329/329/329 330/330/330
f 308/308/308 330/330/330 309/309/309
f 309/309/309 330/330/330 331/331/331
f 309/309/309 331/331/331 310/310/310
f 310/310/310 331/331/331 332/332/332
f 310/310/310 332/332/332 311/311/311
f 311/311/311 332/332/332 333/333/333
f 311/311/311 333/333/333 312/312/312
f 312/312/312 333/333/333 334/334/334
f 312/312/312 334/334/334 313/313/313
f 313/313/313 334/334/334 335/335/335
f 313/313/313 335/335/335 314/314/314
f 314/314/314 335/335/335 336/336/336
f 314/314/314 336/336/336 315/315/315
f 315/315/315 336/336/336 337/337/337
f 315/315/315 337/337/337 316/316/316
f 316/316/316 337/337/337 338/338/338
f 316/316/316 338/338/338 317/317/317
f 317/317/317 338/338/338 339/339/339
f 317/317/317 339/339/339 318/318/318
f 318/318/318 339/339/339 340/340/340
f 318/318/318 340/340/340 319/319/319
f 319/319/319 340/340/340 341/341/341
f 319/319/319 341/341/341 320/320/320
f 320/320/320 341/341/341 342/342/342
f 320/320/320 342/342/342 321/321/321
f 321/321/321 342/342/342 343/343/343
f 321/321/321 343/343/343 322/322/322
f 322/322/322 343/343/343 344/344/344
f 322/322/322 344/344/344 323/323/323
f 323/323/323 344/344/344 345/345/345
f 323/323/323 345/345/345 324/324/324
f 324/324/324 345/345/345 346/346/346
f 324/324/324 346/346/346 325/325/325
f 325/325/325 346/346/346 347/347/347
f 325/325/325 347/347/347 326/326/326
f 326/326/326 347/347/347 348/348/348
f 326/326/326 348/348/348 327/327/327
f 328/328/328 349/349/349 350/350/350
f 328/328/328 350/350/350 329/329/329
f 329/329/329 350/350/350 351/351/351
f 329/329/329 351/351/351 330/330/330
f 330/330/330 351/351/351 352/352/352
f 330/330/330 352/352/352 331/331/331
f 331/331/331 352/352/352 353/353/353
f 331/331/331 353/353/353 332/332/332
f 332/332/332 353/353/353 354/354/354
f 332/332/332 354/354/354 333/333/333
f 333/333/333 354/354/354 355/355/355
f 333/333/333 355/355/355 334/334/334
f 334/334/334 355/355/355 356/356/356
f 334/334/334 356/356/356 335/335/335
f 335/335/335 356/356/356 357/357/357
f 335/335/335 357/357/357 336/336/336
f 336/336/336 357/357/357 358/358/358
f 336/336/336 358/358/358 337/337/337
f 337/337/337 358/358/358 359/359/359
f 337/337/337 359/359/359 338/338/338
f 338/338/338 359/359/359 360/360/360
f 338/338/338 360/360/360 339/339/339
f 339/339/339 360/360/360 361/361/361
f 339/339/339 361/361/361 340/340/340
f 340/340/340 361/361/361 362/362/362
f 340/340/340 362/362/362 341/341/341
f 341/341/341 362/362/362 363/363/363
f 341/341/341 363/363/363 342/342/342
f 342/342/342 363/363/363 364/364/364
f 342/342/342 364/364/364 343/343/343
f 343/343/343 364/364/364 365/365/365
f 343/343/343 365/365/365 344/344/344
f 344/344/344 365/365/365 366/366/366
f 344/344/344 366/366/366 345/345/345
f 345/345/345 366/366/366 367/367/367
f 345/345/345 367/367/367 346/346/346
f 346/346/346 367/367/367 368/368/368
f 346/346/346 368/368/368 347/347/347
f 347/347/347 368/368/368 369/369/369
f 347/347/347 369/369/369 348/348/348
f 349/349/349 370/370/370 371/371/371
f 349/349/349 371/371/371 350/350/350
f 350/350/350 371/371/371 372/372/372
f 350/350/350 372/372/372 351/351/351
f 351/351/351 372/372/372 373/373/373
f 351/351/351 373/373/373 352/352/352
f 352/352/352 373/373/373 374/374/374
f 352/352/352 374/374/374 353/353/353
f 353/353/353 374/374/374 375/375/375
f 353/353/353 375/375/375 354/354/354
f 354/354/354 375/375/375 376/376/376
f 354/354/354 376/376/376 355/355/355
f 355/355/355 376/376/376 377/377/377
f 355/355/355 377/377/377 356/356/356
f 356/356/356 377/377/377 378/378/378
f 356/356/356 378/378/378 357/357/357
f 357/357/357 378/378/378 379/379/379
f 357/357/357 379/379/379 358/358/358
f 358/358/358 379/379/379 380/380/380
f 358/358/358 380/380/380 359/359/359
f 359/359/359 380/380/380 381/381/381
f 359/359/359 381/381/381 360/360/360
f 360/360/360 381/381/381 382/382/382
f 360/360/360 382/382/382 361/361/361
f 361/361/361 382/382/382 383/383/383
f 361/361/361 383/383/383 362/362/362
f 362/362/362 383/383/383 384/384/384
f 362/362/362 384/384/384 363/363/363
f 363/363/363 384/384/384 385/385/385
f 363/363/363 385/385/385 364/364/364
f 364/364/364 385/385/385 386/386/386
f 364/364/364 386/386/386 365/365/365
f 365/365/365 386/386/386 387/387/387
f 365/365/365 387/387/387 366/366/366
f 366/366/366 387/387/387 388/388/388
f 366/366/366 388/388/388 367/367/367
f 367/367/367 388/388/388 389/389/389
f 367/367/367 389/389/389 368/368/368
f 368/368/368 389/389/389 390/390/390
f 368/368/368 390/390/390 369/369/369
f 370/370/370 391/391/391 392/392/392
f 370/370/370 392/392/392 371/371/371
f 371/371/371 392/392/392 393/393/393
f 371/371/371 393/393/393 372/372/372
f 372/372/372 393/393/393 394/394/394
f 372/372/372 394/394/394 373/373/373
f 373/373/373 394/394/394 395/395/395
f 373/373/373 395/395/395 374/374/374
f 374/374/374 395/395/395 396/396/396
f 374/374/374 396/396/396 375/375/375
f 375/375/375 396/396/396 397/397/397
f 375/375/375 397/397/397 376/376/376
f 376/376/376 397/397/397 398/398/398
f 376/376/376 398/398/398 377/377/377
f 377/377/377 398/398/398 399/399/399
f 377/377/377 399/399/399 378/378/378
f 378/378/378 399/399/399 400/400/400
f 378/378/378 400/400/400 379/379/379
f 379/379/379 400/400/400 401/401/401
f 379/379/379 401/401/401 380/380/380
f 380/380/380 401/401/401 402/402/402
f 380/380/380 402/402/402 381/381/381
f 381/381/381 402/402/402 403/403/403
f 381/381/381 403/403/403 382/382/382
f 382/382/382 403/403/403 404/404/404
f 382/382/382 404/404/404 383/383/383
f 383/383/383 404/404/404 405/405/405
f 383/383/383 405/405/405 384/384/384
f 384/384/384 405/405/405 406/406/406
f 384/384/384 406/406/406 385/385/385
f 385/385/385 406/406/406 407/407/407
f 385/385/385 407/407/407 386/386/386
f 386/386/386 407/407/407 408/408/408
f 386/386/386 408/408/408 387/387/387
f 387/387/387 408/408/408 409/409/409
f 387/387/387 409/409/409 388/388/388
f 388/388/388 409/409/409 410/410/410
f 388/388/388 410/410/410 389/389/389
f 389/389/389 410/410/410 411/411/411
f 389/389/389 411/411/411 390/390/390
f 391/391/391 412/412/412 413/413/413
f 391/391/391 413/413/413 392/392/392
f 392/392/392 413/413/413 414/414/414
f 392/392/392 414/414/414 393/393/393
f 393/393/393 414/414/414 415/415/415
f 393/393/393 415/415/415 394/394/394
f 394/394/394 415/415/415 416/416/416
f 394/394/394 416/416/416 395/395/395
f 395/395/395 416/416/416 417/417/417
f 395/395/395 417/417/417 396/396/396
f 396/396/396 417/417/417 418/418/418
f 396/396/396 418/418/418 397/397/397
f 397/397/397 418/418/418 419/419/419
f 397/397/397 419/419/419 398/398/398
f 398/398/398 419/419/419 420/420/420
f 398/398/398 420/420/420 399/399/399
f 399/399/399 420/420/420 421/421/421
f 399/399/399 421/421/421 400/400/400
f 400/400/400 421/421/421 422/422/422
f 400/400/400 422/422/422 401/401/401
f 401/401/401 422/422/422 423/423/423
f 401/401/401 423/423/423 402/402/402
f 402/402/402 423/423/423 424/424/424
f 402/402/402 424/424/424 403/403/403
f 403/403/403 424/424/424 425/425/425
f 403/403/403 425/425/425 404/404/404
f 404/404/404 425/425/425 426/426/426
f 404/404/404 426/426/426 405/405/405
f 405/405/405 426/426/426 427/427/427
f 405/405/405 427/427/427 406/406/406
f 406/406/406 427/427/427 428/428/428
f 406/406/406 428/428/428 407/407/407
f 407/407/407 428/428/428 429/429/429
f 407/407/407 429/429/429 408/408/408
f 408/408/408 429/429/429 430/430/430
f 408/408/408 430/430/430 409/409/409
f 409/409/409 430/430/430 431/431/431
f 409/409/409 431/431/431 410/410/410
f 410/410/410 431/431/431 432/432/432
f 410/410/410 432/432/432 411/411/411
f 412/412/412 433/433/433 434/434/434
f 412/412/412 434/434/434 413/413/413
f 413/413/413 434/434/434 435/435/435
f 413/413/413 435/435/435 414/414/414
f 414/414/414 435/435/435 436/436/436
f 414/414/414 436/436/436 415/415/415
f 415/415/415 436/436/436 437/437/437
f 415/415/415 437/437/437 416/416/416
f 416/416/416 437/437/437 438/438/438
f 416/416/416 438/438/438 417/417/417
f 417/417/417 438/438/438 439/439/439
f 417/417/417 439/439/439 418/418/418
f 418/418/418 439/439/439 440/440/440
f 418/418/418 440/440/440 419/419/419
f 419/419/419 440/440/440 441/441/441
f 419/419/419 441/441/441 420/420/420
f 420/420/420 441/441/441 442/442/442
f 420/420/420 442/442/442 421/421/421
f 421/421/421 442/442/442 443/443/443
f 421/421/421 443/443/443 422/422/422
f 422/422/422 443/443/443 444/444/444
f 422/422/422 444/444/444 423/423/423
f 423/423/423 444/444/444 445/445/445
f 423/423/423 445/445/445 424/424/424
f 424/424/424 445/445/445 446/446/446
f 424/424/424 446/446/446 425/425/425
f 425/425/425 446/446/446 447/447/447
f 425/425/425 447/447/447 426/426/426
f 426/426/426 447/447/447 448/448/448
f 426/426/426 448/448/448 427/427/427
f 427/427/427 448/448/448 449/449/449
f 427/427/427 449/449/449 428/428/428
f 428/428/428 449/449/449 450/450/450
f 428/428/428 450/450/450 429/429/429
f 429/429/429 450/450/450 451/451/451
f 429/429/429 451/451/451 430/430/430
f 430/430/430 451/451/451 452/452/452
f 430/430/430 452/452/452 431/431/431
f 431/431/431 452/452/452 453/453/453
f 431/431/431 453/453/453 432/432/432
f 433/433/433 454/454/454 455/455/455
f 433/433/433 455/455/455 434/434/434
f 434/434/434 455/455/455 456/456/456
f 434/434/434 456/456/456 435/435/435
f 435/435/435 456/456/456 457/457/457
f 435/435/435 457/457/457 436/436/436
f 436/436/436 457/457/457 458/458/458
f 436/436/436 458/458/458 437/437/437
f 437/437/437 458/458/458 459/459/459
f 437/437/437 459/459/459 438/438/438
f 438/438/438 459/459/459 460/460/460
f 438/438/438 460/460/460 439/439/439
f 439/439/439 460/460/460 461/461/461
f 439/439/439 461/461/461 440/440/440
f 440/440/440 461/461/461 462/462/462
f 440/440/440 462/462/462 441/441/441
f 441/441/441 462/462/462 463/463/463
f 441/441/441 463/463/463 442/442/442
f 442/442/442 463/463/463 464/464/464
f 442/442/442 464/464/464 443/443/443
f 443/443/443 464/464/464 465/465/465
f 443/443/443 465/465/465 444/444/444
f 444/444/444 465/465/465 466/466/466
f 444/444/444 466/466/466 445/445/445
f 445/445/445 466/466/466 467/467/467
f 445/445/445 467/467/467 446/446/446
f 446/446/446 467/467/467 468/468/468
f 446/446/446 468/468/468 447/447/447
f 447/447/447 468/468/468 469/469/469
f 447/447/447 469/469/469 448/448/448
f 448/448/448 469/469/469 470/470/470
f 448/448/448 470/470/470 449/449/449
f 449/449/449 470/470/470 471/471/471
f 449/449/449 471/471/471 450/450/450
f 450/450/450 471/471/471 472/472/472
f 450/450/450 472/472/472 451/451/451
f 451/451/451 472/472/472 473/473/473
f 451/451/451 473/473/473 452/452/452
f 452/452/452 473/473/473 474/474/474
f 452/452/452 474/474/474 453/453/453
f 454/454/454 475/475/475 476/476/476
f 454/454/454 476/476/476 455/455/455
f 455/455/455 476/476/476 477/477/477
f 455/455/455 477/477/477 456/456/456
f 456/456/456 477/477/477 478/478/478
f 456/456/456 478/478/478 457/457/457
f 457/457/457 478/478/478 479/479/479
f 457/457/457 479/479/479 458/458/458
f 458/458/458 479/479/479 480/480/480
f 458/458/458 480/480/480 459/459/459
f 459/459/459 480/480/480 481/481/481
f 459/459/459 481/481/481 460/460/460
f 460/460/460 481/481/481 482/482/482
f 460/460/460 482/482/482 461/461/461
f 461/461/461 482/482/482 483/483/483
f 461/461/461 483/483/483 462/462/462
f 462/462/462 483/483/483 484/484/484
f 462/462/462 484/484/484 463/463/463
f 463/463/463 484/484/484 485/485/485
f 463/463/463 485/485/485 464/464/464
f 464/464/464 485/485/485 486/486/486
f 464/464/464 486/486/486 465/465/465
f 465/465/465 486/486/486 487/487/487
f 465/465/465 487/487/487 466/466/466
f 466/466/466 487/487/487 488/488/488
f 466/466/466 488/488/488 467/467/467
f 467/467/467 488/488/488 489/489/489
f 467/467/467 489/489/489 468/468/468
f 468/468/468 489/489/489 490/490/490
f 468/468/468 490/490/490 469/469/469
f 469/469/469 490/490/490 491/491/491
f 469/469/469 491/491/491 470/470/470
f 470/470/470 491/491/491 492/492/492
f 470/470/470 492/492/492 471/471/471
f 471/471/471 492/492/492 493/493/493
f 471/471/471 493/493/493 472/472/472
f 472/472/472 493/493/493 494/494/494
f 472/472/472 494/494/494 473/473/473
f 473/473/473 494/494/494 495/495/495
f 473/473/473 495/495/495 474/474/474
f 475/475/475 496/496/496 497/497/497
f 475/475/475 497/497/497 476/476/476
f 476/476/476 497/497/497 498/498/498
f 476/476/476 498/498/498 477/477/477
f 477/477/477 498/498/498 499/499/499
f 477/477/477 499/499/499 478/478/478
f 478/478/478 499/499/499 500/500/500
f 478/478/478 500/500/500 479/479/479
f 479/479/479 500/500/500 501/501/501
f 479/479/479 501/501/501 480/480/480
f 480/480/480 501/501/501 502/502/502
f 480/480/480 502/502/502 481/481/481
f 481/481/481 502/502/502 503/503/503
f 481/481/481 503/503/503 482/482/482
f 482/482/482 503/503/503 504/504/504
f 482/482/482 504/504/504 483/483/483
f 483/483/483 504/504/504 505/505/505
f 483/483/483 505/505/505 484/484/484
f 484/484/484 505/505/505 506/506/506
f 484/484/484 506/506/506 485/485/485
f 485/485/485 506/506/506 507/507/507
f 485/485/485 507/507/507 486/486/486
f 486/486/486 507/507/507 508/508/508
f 486/486/486 508/508/508 487/487/487
f 487/487/487 508/508/508 509/509/509
f 487/487/487 509/509/509 488/488/488
f 488/488/488 509/509/509 510/510/510
f 488/488/488 510/510/510 489/489/489
f 489/489/489 510/510/510 511/511/511
f 489/489/489 511/511/511 490/490/490
f 490/490/490 511/511/511 512/512/512
f 490/490/490 512/512/512 491/491/491
f 491/491/491 512/512/512 513/513/513
f 491/491/491 513/513/513 492/492/492
f 492/492/492 513/513/513 514/514/514
f 492/492/492 514/514/514 493/493/493
f 493/493/493 514/514/514 515/515/515
f 493/493/493 515/515/515 494/494/494
f 494/494/494 515/515/515 516/516/516
f 494/494/494 516/516/516 495/495/495
f 496/496/496 517/517/517 518/518/518
f 496/496/496 518/518/518 497/497/497
f 497/497/497 518/518/518 519/519/519
f 497/497/497 519/519/519 498/498/498
f 498/498/498 519/519/519 520/520/520
f 498/498/498 520/520/520 499/499/499
f 499/499/499 520/520/520 521/521/521
f 499/499/499 521/521/521 500/500/500
f 500/500/500 521/521/521 522/522/522
f 500/500/500 522/522/522 501/501/501
f 501/501/501 522/522/522 523/523/523
f 501/501/501 523/523/523 502/502/502
f 502/502/502 523/523/523 524/524/524
f 502/502/502 524/524/524 503/503/503
f 503/503/503 524/524/524 525/525/525
f 503/503/503 525/525/525 504/504/504
f 504/504/504 525/525/525 526/526/526
f 504/504/504 526/526/526 505/505/505
f 505/505/505 526/526/526 527/527/527
f 505/505/505 527/527/527 506/506/506
f 506/506/506 527/527/527 528/528/528
f 506/506/506 528/528/528 507/507/507
f 507/507/507 528/528/528 529/529/529
f 507/507/507 529/529/529 508/508/508
f 508/508/508 529/529/529 530/530/530
f 508/508/508 530/530/530 509/509/509
f 509/509/509 530/530/530 531/531/531
f 509/509/509 531/531/531 510/510/510
f 510/510/510 531/531/531 532/532/532
f 510/510/510 532/532/532 511/511/511
f 511/511/511 532/532/532 533/533/533
f 511/511/511 533/533/533 512/512/512
f 512/512/512 533/533/533 534/534/534
f 512/512/512 534/534/534 513/513/513
f 513/513/513 534/534/534 535/535/535
f 513/513/513 535/535/535 514/514/514
f 514/514/514 535/535/535 536/536/536
f 514/514/514 536/536/536 515/515/515
f 515/515/515 536/536/536 537/537/537
f 515/515/515 537/537/537 516/516/516
f 517/517/517 538/538/538 539/539/539
f 517/517/517 539/539/539 518/518/518
f 518/518/518 539/539/539 540/540/540
f 518/518/518 540/540/540 519/519/519
f 519/519/519 540/540/540 541/541/541
f 519/519/519 541/541/541 520/520/520
f 520/520/520 541/541/541 542/542/542
f 520/520/520 542/542/542 521/521/521
f 521/521/521 542/542/542 543/543/543
f 521/521/521 543/543/543 522/522/522
f 522/522/522 543/543/543 544/544/544
f 522/522/522 544/544/544 523/523/523
f 523/523/523 544/544/544 545/545/545
f 523/523/523 545/545/545 524/524/524
f 524/524/524 545/545/545 546/546/546
f 524/524/524 546/546/546 525/525/525
f 525/525/525 546/546/546 547/547/547
f 525/525/525 547/547/547 526/526/526
f 526/526/526 547/547/547 548/548/548
f 526/526/526 548/548/548 527/527/527
f 527/527/527 548/548/548 549/549/549
f 527/527/527 549/549/549 528/528/528
f 528/528/528 549/549/549 550/550/550
f 528/528/528 550/550/550 529/529/529
f 529/529/529 550/550/550 551/551/551
f 529/529/529 551/551/551 530/530/530
f 530/530/530 551/551/551 552/552/552
f 530/530/530 552/552/552 531/531/531
f 531/531/531 552/552/552 553/553/553
f 531/531/531 553/553/553 532/532/532
f 532/532/532 553/553/553 554/554/554
f 532/532/532 554/554/554 533/533/533
f 533/533/533 554/554/554 555/555/555
f 533/533/533 555/555/555 534/534/534
f 534/534/534 555/555/555 556/556/556
f 534/534/534 556/556/556 535/535/535
f 535/535/535 556/556/556 557/557/557
f 535/535/535 557/557/557 536/536/536
f 536/536/536 557/557/557 558/558/558
f 536/536/536 558/558/558 537/537/537
f 538/538/538 559/559/559 560/560/560
f 538/538/538 560/560/560 539/539/539
f 539/539/539 560/560/560 561/561/561
f 539/539/539 561/561/561 540/540/540
f 540/540/540 561/561/561 562/562/562
f 540/540/540 562/562/562 541/541/541
f 541/541/541 562/562/562 563/563/563
f 541/541/541 563/563/563 542/542/542
f 542/542/542 563/563/563 564/564/564
f 542/542/542 564/564/564 543/543/543
f 543/543/543 564/564/564 565/565/565
f 543/543/543 565/565/565 544/544/544
f 544/544/544 565/565/565 566/566/566
f 544/544/544 566/566/566 545/545/545
f 545/545/545 566/566/566 567/567/567
f 545/545/545 567/567/567 546/546/546
f 546/546/546 567/567/567 568/568/568
f 546/546/546 568/568/568 547/547/547
f 547/547/547 568/568/568 569/569/569
f 547/547/547 569/569/569 548/548/548
f 548/548/548 569/569/569 570/570/570
f 548/548/548 570/570/570 549/549/549
f 549/549/549 570/570/570 571/571/571
f 549/549/549 571/571/571 550/550/550
f 550/550/550 571/571/571 572/572/572
f 550/550/550 572/572/572 551/551/551
f 551/551/551 572/572/572 573/573/573
f 551/551/551 573/573/573 552/552/552
f 552/552/552 573/573/573 574/574/574
f 552/552/552 574/574/574 553/553/553
f 553/553/553 574/574/574 575/575/575
f 553/553/553 575/575/575 554/554/554
f 554/554/554 575/575/575 576/576/576
f 554/554/554 576/576/576 555/555/555
f 555/555/555 576/576/576 577/577/577
f 555/555/555 577/577/577 556/556/556
f 556/556/556 577/577/577 578/578/578
f 556/556/556 578/578/578 557/557/557
f 557/557/557 578/578/578 579/579/579
f 557/557/557 579/579/579 558/558/558
f 559/559/559 580/580/580 581/581/581
f 559/559/559 581/581/581 560/560/560
f 560/560/560 581/581/581 582/582/582
f 560/560/560 582/582/582 561/561/561
f 561/561/561 582/582/582 583/583/583
f 561/561/561 583/583/583 562/562/562
f 562/562/562 583/583/583 584/584/584
f 562/562/562 584/584/584 563/563/563
f 563/563/563 584/584/584 585/585/585
f 563/563/563 585/585/585 564/564/564
f 564/564/564 585/585/585 586/586/586
f 564/564/564 586/586/586 565/565/565
f 565/565/565 586/586/586 587/587/587
f 565/565/565 587/587/587 566/566/566
f 566/566/566 587/587/587 588/588/588
f 566/566/566 588/588/588 567/567/567
f 567/567/567 588/588/588 589/589/589
f 567/567/567 589/589/589 568/568/568
f 568/568/568 589/589/589 590/590/590
f 568/568/568 590/590/590 569/569/569
f 569/569/569 590/590/590 591/591/591
f 569/569/569 591/591/591 570/570/570
f 570/570/570 591/591/591 592/592/592
f 570/570/570 592/592/592 571/571/571
f 571/571/571 592/592/592 593/593/593
f 571/571/571 593/593/593 572/572/572
f 572/572/572 593/593/593 594/594/594
f 572/572/572 594/594/594 573/573/573
f 573/573/573 594/594/594 595/595/595
f 573/573/573 595/595/595 574/574/574
f 574/574/574 595/595/595 596/596/596
f 574/574/574 596/596/596 575/575/575
f 575/575/575 596/596/596 597/597/597
f 575/575/575 597/597/597 576/576/576
f 576/576/576 597/597/597 598/598/598
f 576/576/576 598/598/598 577/577/577
f 577/577/577 598/598/598 599/599/599
f 577/577/577 599/599/599 578/578/578
f 578/578/578 599/599/599 600/600/600
f 578/578/578 600/600/600 579/579/579
f 580/580/580 601/601/601 602/602/602
f 580/580/580 602/602/602 581/581/581
f 581/581/581 602/602/602 603/603/603
f 581/581/581 603/603/603 582/582/582
f 582/582/582 603/603/603 604/604/604
f 582/582/582 604/604/604 583/583/583
f 583/583/583 604/604/604 605/605/605
f 583/583/583 605/605/605 584/584/584
f 584/584/584 605/605/605 606/606/606
f 584/584/584 606/606/606 585/585/585
f 585/585/585 606/606/606 607/607/607
f 585/585/585 607/607/607 586/586/586
f 586/586/586 607/607/607 608/608/608
f 586/586/586 608/608/608 587/587/587
f 587/587/587 608/608/608 609/609/609
f 587/587/587 609/609/609 588/588/588
f 588/588/588 609/609/609 610/610/610
f 588/588/588 610/610/610 589/589/589
f 589/589/589 610/610/610 611/611/611
f 589/589/589 611/611/611 590/590/590
f 590/590/590 611/611/611 612/612/612
f 590/590/590 612/612/612 591/591/591
f 591/591/591 612/612/612 613/613/613
f 591/591/591 613/613/613 592/592/592
f 592/592/592 613/613/613 614/614/614
f 592/592/592 614/614/614 593/593/593
f 593/593/593 614/614/614 615/615/615
f 593/593/593 615/615/615 594/594/594
f 594/594/594 615/615/615 616/616/616
f 594/594/594 616/616/616 595/595/595
f 595/595/595 616/616/616 617/617/617
f 595/595/595 617/617/617 596/596/596
f 596/596/596 617/617/617 618/618/618
f 596/596/596 618/618/618 597/597/597
f 597/597/597 618/618/618 619/619/619
f 597/597/597 619/619/619 598/598/598
f 598/598/598 619/619/619 620/620/620
f 598/598/598 620/620/620 599/599/599
f 599/599/599 620/620/620 621/621/621
f 599/599/599 621/621/621 600/600/600
f 601/601/601 622/622/622 623/623/623
f 601/601/601 623/623/623 602/602/602
f 602/602/602 623/623/623 624/624/624
f 602/602/602 624/624/624 603/603/603
f 603/603/603 624/624/624 625/625/625
f 603/603/603 625/625/625 604/604/604
f 604/604/604 625/625/625 626/626/626
f 604/604/604 626/626/626 605/605/605
f 605/605/605 626/626/626 627/627/627
f 605/605/605 627/627/627 606/606/606
f 606/606/606 627/627/627 628/628/628
f 606/606/606 628/628/628 607/607/607
f 607/607/607 628/628/628 629/629/629
f 607/607/607 629/629/629 608/608/608
f 608/608/608 629/629/629 630/630/630
f 608/608/608 630/630/630 609/609/609
f 609/609/609 630/630/630 631/631/631
f 609/609/609 631/631/631 610/610/610
f 610/610/610 631/631/631 632/632/632
f 610/610/610 632/632/632 611/611/611
f 611/611/611 632/632/632 633/633/633
f 611/611/611 633/633/633 612/612/612
f 612/612/612 633/633/633 634/634/634
f 612/612/612 634/634/634 613/613/613
f 613/613/613 634/634/634 635/635/635
f 613/613/613 635/635/635 614/614/614
f 614/614/614 635/635/635 636/636/636
f 614/614/614 636/636/636 615/615/615
f 615/615/615 636/636/636 637/637/637
f 615/615/615 637/637/637 616/616/616
f 616/616/616 637/637/637 638/638/638
f 616/616/616 638/638/638 617/617/617
f 617/617/617 638/638/638 639/639/639
f 617/617/617 639/639/639 618/618/618
f 618/618/618 639/639/639 640/640/640
f 618/618/618 640/640/640 619/619/619
f 619/619/619 640/640/640 641/641/641
f 619/619/619 641/641/641 620/620/620
f 620/620/620 641/641/641 642/642/642
f 620/620/620 642/642/642 621/621/621
f 622/622/622 643/643/643 644/644/644
f 622/622/622 644/644/644 623/623/623
f 623/623/623 644/644/644 645/645/645
f 623/623/623 645/645/645 624/624/624
f 624/624/624 645/645/645 646/646/646
f 624/624/624 646/646/646 625/625/625
f 625/625/625 646/646/646 647/647/647
f 625/625/625 647/647/647 626/626/626
f 626/626/626 647/647/647 648/648/648
f 626/626/626 648/648/648 627/627/627
f 627/627/627 648/648/648 649/649/649
f 627/627/627 649/649/649 628/628/628
f 628/628/628 649/649/649 650/650/650
f 628/628/628 650/650/650 629/629/629
f 629/629/629 650/650/650 651/651/651
f 629/629/629 651/651/651 630/630/630
f 630/630/630 651/651/651 652/652/652
f 630/630/630 652/652/652 631/631/631
f 631/631/631 652/652/652 653/653/653
f 631/631/631 653/653/653 632/632/632
f 632/632/632 653/653/653 654/654/654
f 632/632/632 654/654/654 633/633/633
f 633/633/633 654/654/654 655/655/655
f 633/633/633 655/655/655 634/634/634
f 634/634/634 655/655/655 656/656/656
f 634/634/634 656/656/656 635/635/635
f 635/635/635 656/656/656 657/657/657
f 635/635/635 657/657/657 636/636/636
f 636/636/636 657/657/657 658/658/658
f 636/636/636 658/658/658 637/637/637
f 637/637/637 658/658/658 659/659/659
f 637/637/637 659/659/659 638/638/638
f 638/638/638 659/659/659 660/660/660
f 638/638/638 660/660/660 639/639/639
f 639/639/639 660/660/660 661/661/661
f 639/639/639 661/661/661 640/640/640
f 640/640/640 661/661/661 662/662/662
f 640/640/640 662/662/662 641/641/641
f 641/641/641 662/662/662 663/663/663
f 641/641/641 663/663/663 642/642/642
f 643/643/643 664/664/664 665/665/665
f 643/643/643 665/665/665 644/644/644
f 644/644/644 665/665/665 666/666/666
f 644/644/644 666/666/666 645/645/645
f 645/645/645 666/666/666 667/667/667
f 645/645/645 667/667/667 646/646/646
f 646/646/646 667/667/667 668/668/668
f 646/646/646 668/668/668 647/647/647
f 647/647/647 668/668/668 669/669/669
f 647/647/647 669/669/669 648/648/648
f 648/648/648 669/669/669 670/670/670
f 648/648/648 670/670/670 649/649/649
f 649/649/649 670/670/670 671/671/671
f 649/649/649 671/671/671 650/650/650
f 650/650/650 671/671/671 672/672/672
f 650/650/650 672/672/672 651/651/651
f 651/651/651 672/672/672 673/673/673
f 651/651/651 673/673/673 652/652/652
f 652/652/652 673/673/673 674/674/674
f 652/652/652 674/674/674 653/653/653
f 653/653/653 674/674/674 675/675/675
f 653/653/653 675/675/675 654/654/654
f 654/654/654 675/675/675 676/676/676
f 654/654/654 676/676/676 655/655/655
f 655/655/655 676/676/676 677/677/677
f 655/655/655 677/677/677 656/656/656
f 656/656/656 677/677/677 678/678/678
f 656/656/656 678/678/678 657/657/657
f 657/657/657 678/678/678 679/679/679
f 657/657/657 679/679/679 658/658/658
f 658/658/658 679/679/679 680/680/680
f 658/658/658 680/680/680 659/659/659
f 659/659/659 680/680/680 681/681/681
f 659/659/659 681/681/681 660/660/660
f 660/660/660 681/681/681 682/682/682
f 660/660/660 682/682/682 661/661/661
f 661/661/661 682/682/682 683/683/683
f 661/661/661 683/683/683 662/662/662
f 662/662/662 683/683/683 684/684/684
f 662/662/662 684/684/684 663/663/663
f 664/664/664 685/685/685 686/686/686
f 664/664/664 686/686/686 665/665/665
f 665/665/665 686/686/686 687/687/687
f 665/665/665 687/687/687 666/666/666
f 666/666/666 687/687/687 688/688/688
f 666/666/666 688/688/688 667/667/667
f 667/667/667 688/688/688 689/689/689
f 667/667/667 689/689/689 668/668/668
f 668/668/668 689/689/689 690/690/690
f 668/668/668 690/690/690 669/669/669
f 669/669/669 690/690/690 691/691/691
f 669/669/669 691/691/691 670/670/670
f 670/670/670 691/691/691 692/692/692
f 670/670/670 692/692/692 671/671/671
f 671/671/671 692/692/692 693/693/693
f 671/671/671 693/693/693 672/672/672
f 672/672/672 693/693/693 694/694/694
f 672/672/672 694/694/694 673/673/673
f 673/673/673 694/694/694 695/695/695
f 673/673/673 695/695/695 674/674/674
f 674/674/674 695/695/695 696/696/696
f 674/674/674 696/696/696 675/675/675
f 675/675/675 696/696/696 697/697/697
f 675/675/675 697/697/697 676/676/676
f 676/676/676 697/697/697 698/698/698
f 676/676/676 698/698/698 677/677/677
f 677/677/677 698/698/698 699/699/699
f 677/677/677 699/699/699 678/678/678
f 678/678/678 699/699/699 700/700/700
f 678/678/678 700/700/700 679/679/679
f 679/679/679 700/700/700 701/701/701
f 679/679/679 701/701/701 680/680/680
f 680/680/680 701/701/701 702/702/702
f 680/680/680 702/702/702 681/681/681
f 681/681/681 702/702/702 703/703/703
f 681/681/681 703/703/703 682/682/682
f 682/682/682 703/703/703 704/704/704
f 682/682/682 704/704/704 683/683/683
f 683/683/683 704/704/704 705/705/705
f 683/683/683 705/705/705 684/684/684
f 685/685/685 706/706/706 707/707/707
f 685/685/685 707/707/707 686/686/686
f 686/686/686 707/707/707 708/708/708
f 686/686/686 708/708/708 687/687/687
f 687/687/687 708/708/708 709/709/709
f 687/687/687 709/709/709 688/688/688
f 688/688/688 709/709/709 710/710/710
f 688/688/688 710/710/710 689/689/689
f 689/689/689 710/710/710 711/711/711
f 689/689/689 711/711/711 690/690/690
f 690/690/690 711/711/711 712/712/712
f 690/690/690 712/712/712 691/691/691
f 691/691/691 712/712/712 713/713/713
f 691/691/691 713/713/713 692/692/692
f 692/692/692 713/713/713 714/714/714
f 692/692/692 714/714/714 693/693/693
f 693/693/693 714/714/714 715/715/715
f 693/693/693 715/715/715 694/694/694
f 694/694/694 715/715/715 716/716/716
f 694/694/694 716/716/716 695/695/695
f 695/695/695 716/716/716 717/717/717
f 695/695/695 717/717/717 696/696/696
f 696/696/696 717/717/717 718/718/718
f 696/696/696 718/718/718 697/697/697
f 697/697/697 718/718/718 719/719/719
f 697/697/697 719/719/719 698/698/698
f 698/698/698 719/719/719 720/720/720
f 698/698/698 720/720/720 699/699/699
f 699/699/699 720/720/720 721/721/721
f 699/699/699 721/721/721 700/700/700
f 700/700/700 721/721/721 722/722/722
f 700/700/700 722/722/722 701/701/701
f 701/701/701 722/722/722 723/723/723
f 701/701/701 723/723/723 702/702/702
f 702/702/702 723/723/723 724/724/724
f 702/702/702 724/724/724 703/703/703
f 703/703/703 724/724/724 725/725/725
f 703/703/703 725/725/725 704/704/704
f 704/704/704 725/725/725 726/726/726
f 704/704/704 726/726/726 705/705/705
f 706/706/706 727/727/727 728/728/728
f 706/706/706 728/728/728 707/707/707
f 707/707/707 728/728/728 729/729/729
f 707/707/707 729/729/729 708/708/708
f 708/708/708 729/729/729 730/730/730
f 708/708/708 730/730/730 709/709/709
f 709/709/709 730/730/730 731/731/731
f 709/709/709 731/731/731 710/710/710
f 710/710/710 731/731/731 732/732/732
f 710/710/710 732/732/732 711/711/711
f 711/711/711 732/732/732 733/733/733
f 711/711/711 733/733/733 712/712/712
f 712/712/712 733/733/733 734/734/734
f 712/712/712 734/734/734 713/713/713
f 713/713/713 734/734/734 735/735/735
f 713/713/713 735/735/735 714/714/714
f 714/714/714 735/735/735 736/736/736
f 714/714/714 736/736/736 715/715/715
f 715/715/715 736/736/736 737/737/737
f 715/715/715 737/737/737 716/716/716
f 716/716/716 737/737/737 738/738/738
f 716/716/716 738/738/738 717/717/717
f 717/717/717 738/738/738 739/739/739
f 717/717/717 739/739/739 718/718/718
f 718/718/718 739/739/739 740/740/740
f 718/718/718 740/740/740 719/719/719
f 719/719/719 740/740/740 741/741/741
f 719/719/719 741/741/741 720/720/720
f 720/720/720 741/741/741 742/742/742
f 720/720/720 742/742/742 721/721/721
f 721/721/721 742/742/742 743/743/743
f 721/721/721 743/743/743 722/722/722
f 722/722/722 743/743/743 744/744/744
f 722/722/722 744/744/744 723/723/723
f 723/723/723 744/744/744 745/745/745
f 723/723/723 745/745/745 724/724/724
f 724/724/724 745/745/745 746/746/746
f 724/724/724 746/746/746 725/725/725
f 725/725/725 746/746/746 747/747/747
f 725/725/725 747/747/747 726/726/726
f 727/727/727 748/748/748 749/749/749
f 727/727/727 749/749/749 728/728/728
f 728/728/728 749/749/749 750/750/750
f 728/728/728 750/750/750 729/729/729
f 729/729/729 750/750/750 751/751/751
f 729/729/729 751/751/751 730/730/730
f 730/730/730 751/751/751 752/752/752
f 730/730/730 752/752/752 731/731/731
f 731/731/731 752/752/752 753/753/753
f 731/731/731 753/753/753 732/732/732
f 732/732/732 753/753/753 754/754/754
f 732/732/732 754/754/754 733/733/733
f 733/733/733 754/754/754 755/755/755
f 733/733/733 755/755/755 734/734/734
f 734/734/734 755/755/755 756/756/756
f 734/734/734 756/756/756 735/735/735
f 735/735/735 756/756/756 757/757/757
f 735/735/735 757/757/757 736/736/736
f 736/736/736 757/757/757 758/758/758
f 736/736/736 758/758/758 737/737/737
f 737/737/737 758/758/758 759/759/759
f 737/737/737 759/759/759 738/738/738
f 738/738/738 759/759/759 760/760/760
f 738/738/738 760/760/760 739/739/739
f 739/739/739 760/760/760 761/761/761
f 739/739/739 761/761/761 740/740/740
f 740/740/740 761/761/761 762/762/762
f 740/740/740 762/762/762 741/741/741
f 741/741/741 762/762/762 763/763/763
f 741/741/741 763/763/763 742/742/742
f 742/742/742 763/763/763 764/764/764
f 742/742/742 764/764/764 743/743/743
f 743/743/743 764/764/764 765/765/765
f 743/743/743 765/765/765 744/744/744
f 744/744/744 765/765/765 766/766/766
f 744/744/744 766/766/766 745/745/745
f 745/745/745 766/766/766 767/767/767
f 745/745/745 767/767/767 746/746/746
f 746/746/746 767/767/767 768/768/768
f 746/746/746 768/768/768 747/747/747
f 748/748/748 769/769/769 770/770/770
f 748/748/748 770/770/770 749/749/749
f 749/749/749 770/770/770 771/771/771
f 749/749/749 771/771/771 750/750/750
f 750/750/750 771/771/771 772/772/772
f 750/750/750 772/772/772 751/751/751
f 751/751/751 772/772/772 773/773/773
f 751/751/751 773/773/773 752/752/752
f 752/752/752 773/773/773 774/774/774
f 752/752/752 774/774/774 753/753/753
f 753/753/753 774/774/774 775/775/775
f 753/753/753 775/775/775 754/754/754
f 754/754/754 775/775/775 776/776/776
f 754/754/754 776/776/776 755/755/755
f 755/755/755 776/776/776 777/777/777
f 755/755/755 777/777/777 756/756/756
f 756/756/756 777/777/777 778/778/778
f 756/756/756 778/778/778 757/757/757
f 757/757/757 778/778/778 779/779/779
f 757/757/757 779/779/779 758/758/758
f 758/758/758 779/779/779 780/780/780
f 758/758/758 780/780/780 759/759/759
f 759/759/759 780/780/780 781/781/781
f 759/759/759 781/781/781 760/760/760
f 760/760/760 781/781/781 782/782/782
f 760/760/760 782/782/782 761/761/761
f 761/761/761 782/782/782 783/783/783
f 761/761/761 783/783/783 762/762/762
f 762/762/762 783/783/783 784/784/784
f 762/762/762 784/784/784 763/763/763
f 763/763/763 784/784/784 785/785/785
f 763/763/763 785/785/785 764/764/764
f 764/764/764 785/785/785 786/786/786
f 764/764/764 786/786/786 765/765/765
f 765/765/765 786/786/786 787/787/787
f 765/765/765 787/787/787 766/766/766
f 766/766/766 787/787/787 788/788/788
f 766/766/766 788/788/788 767/767/767
f 767/767/767 788/788/788 789/789/789
f 767/767/767 789/789/789 768/768/768
f 769/769/769 790/790/790 791/791/791
f 769/769/769 791/791/791 770/770/770
f 770/770/770 791/791/791 792/792/792
f 770/770/770 792/792/792 771/771/771
f 771/771/771 792/792/792 793/793/793
f 771/771/771 793/793/793 772/772/772
f 772/772/772 793/793/793 794/794/794
f 772/772/772 794/794/794 773/773/773
f 773/773/773 794/794/794 795/795/795
f 773/773/773 795/795/795 774/774/774
f 774/774/774 795/795/795 796/796/796
f 774/774/774 796/796/796 775/775/775
f 775/775/775 796/796/796 797/797/797
f 775/775/775 797/797/797 776/776/776
f 776/776/776 797/797/797 798/798/798
f 776/776/776 798/798/798 777/777/777
f 777/777/777 798/798/798 799/799/799
f 777/777/777 799/799/799 778/778/778
f 778/778/778 799/799/799 800/800/800
f 778/778/778 800/800/800 779/779/779
f 779/779/779 800/800/800 801/801/801
f 779/779/779 801/801/801 780/780/780
f 780/780/780 801/801/801 802/802/802
f 780/780/780 802/802/802 781/781/781
f 781/781/781 802/802/802 803/803/803
f 781/781/781 803/803/803 782/782/782
f 782/782/782 803/803/803 804/804/804
f 782/782/782 804/804/804 783/783/783
f 783/783/783 804/804/804 805/805/805
f 783/783/783 805/805/805 784/784/784
f 784/784/784 805/805/805 806/806/806
f 784/784/784 806/806/806 785/785/785
f 785/785/785 806/806/806 807/807/807
f 785/785/785 807/807/807 786/786/786
f 786/786/786 807/807/807 808/808/808
f 786/786/786 808/808/808 787/787/787
f 787/787/787 808/808/808 809/809/809
f 787/787/787 809/809/809 788/788/788
f 788/788/788 809/809/809 810/810/810
f 788/788/788 810/810/810 789/789/789
f 790/790/790 811/811/811 812/812/812
f 790/790/790 812/812/812 791/791/791
f 791/791/791 812/812/812 813/813/813
f 791/791/791 813/813/813 792/792/792
f 792/792/792 813/813/813 814/814/814
f 792/792/792 814/814/814 793/793/793
f 793/793/793 814/814/814 815/815/815
f 793/793/793 815/815/815 794/794/794
f 794/794/794 815/815/815 816/816/816
f 794/794/794 816/816/816 795/795/795
f 795/795/795 816/816/816 817/817/817
f 795/795/795 817/817/817 796/796/796
f 796/796/796 817/817/817 818/818/818
f 796/796/796 818/818/818 797/797/797
f 797/797/797 818/818/818 819/819/819
f 797/797/797 819/819/819 798/798/798
f 798/798/798 819/819/819 820/820/820
f 798/798/798 820/820/820 799/799/799
f 799/799/799 820/820/820 821/821/821
f 799/799/799 821/821/821 800/800/800
f 800/800/800 821/821/821 822/822/822
f 800/800/800 822/822/822 801/801/801
f 801/801/801 822/822/822 823/823/823
f 801/801/801 823/823/823 802/802/802
f 802/802/802 823/823/823 824/824/824
f 802/802/802 824/824/824 803/803/803
f 803/803/803 824/824/824 825/825/825
f 803/803/803 825/825/825 804/804/804
f 804/804/804 825/825/825 826/826/826
f 804/804/804 826/826/826 805/805/805
f 805/805/805 826/826/826 827/827/827
f 805/805/805 827/827/827 806/806/806
f 806/806/806 827/827/827 828/828/828
f 806/806/806 828/828/828 807/807/807
f 807/807/807 828/828/828 829/829/829
f 807/807/807 829/829/829 808/808/808
f 808/808/808 829/829/829 830/830/830
f 808/808/808 830/830/830 809/809/809
f 809/809/809 830/830/830 831/831/831
f 809/809/809 831/831/831 810/810/810
f 811/811/811 832/832/832 833/833/833
f 811/811/811 833/833/833 812/812/812
f 812/812/812 833/833/833 834/834/834
f 812/812/812 834/834/834 813/813/813
f 813/813/813 834/834/834 835/835/835
f 813/813/813 835/835/835 814/814/814
f 814/814/814 835/835/835 836/836/836
f 814/814/814 836/836/836 815/815/815
f 815/815/815 836/836/836 837/837/837
f 815/815/815 837/837/837 816/816/816
f 816/816/816 837/837/837 838/838/838
f 816/816/816 838/838/838 817/817/817
f 817/817/817 838/838/838 839/839/839
f 817/817/817 839/839/839 818/818/818
f 818/818/818 839/839/839 840/840/840
f 818/818/818 840/840/840 819/819/819
f 819/819/819 840/840/840 841/841/841
f 819/819/819 841/841/841 820/820/820
f 820/820/820 841/841/841 842/842/842
f 820/820/820 842/842/842 821/821/821
f 821/821/821 842/842/842 843/843/843
f 821/821/821 843/843/843 822/822/822
f 822/822/822 843/843/843 844/844/844
f 822/822/822 844/844/844 823/823/823
f 823/823/823 844/844/844 845/845/845
f 823/823/823 845/845/845 824/824/824
f 824/824/824 845/845/845 846/846/846
f 824/824/824 846/846/846 825/825/825
f 825/825/825 846/846/846 847/847/847
f 825/825/825 847/847/847 826/826/826
f 826/826/826 847/847/847 848/848/848
f 826/826/826 848/848/848 827/827/827
f 827/827/827 848/848/848 849/849/849
f 827/827/827 849/849/849 828/828/828
f 828/828/828 849/849/849 850/850/850
f 828/828/828 850/850/850 829/829/829
f 829/829/829 850/850/850 851/851/851
f 829/829/829 851/851/851 830/830/830
f 830/830/830 851/851/851 852/852/852
f 830/830/830 852/852/852 831/831/831
f 832/832/832 853/853/853 854/854/854
f 832/832/832 854/854/854 833/833/833
f 833/833/833 854/854/854 855/855/855
f 833/833/833 855/855/855 834/834/834
f 834/834/834 855/855/855 856/856/856
f 834/834/834 856/856/856 835/835/835
f 835/835/835 856/856/856 857/857/857
f 835/835/835 857/857/857 836/836/836
f 836/836/836 857/857/857 858/858/858
f 836/836/836 858/858/858 837/837/837
f 837/837/837 858/858/858 859/859/859
f 837/837/837 859/859/859 838/838/838
f 838/838/838 859/859/859 860/860/860
f 838/838/838 860/860/860 839/839/839
f 839/839/839 860/860/860 861/861/861
f 839/839/839 861/861/861 840/840/840
f 840/840/840 861/861/861 862/862/862
f 840/840/840 862/862/862 841/841/841
f 841/841/841 862/862/862 863/863/863
f 841/841/841 863/863/863 842/842/842
f 842/842/842 863/863/863 864/864/864
f 842/842/842 864/864/864 843/843/843
f 843/843/843 864/864/864 865/865/865
f 843/843/843 865/865/865 844/844/844
f 844/844/844 865/865/865 866/866/866
f 844/844/844 866/866/866 845/845/845
f 845/845/845 866/866/866 867/867/867
f 845/845/845 867/867/867 846/846/846
f 846/846/846 867/867/867 868/868/868
f 846/846/846 868/868/868 847/847/847
f 847/847/847 868/868/868 869/869/869
f 847/847/847 869/869/869 848/848/848
f 848/848/848 869/869/869 870/870/870
f 848/848/848 870/870/870 849/849/849
f 849/849/849 870/870/870 871/871/871
f 849/849/849 871/871/871 850/850/850
f 850/850/850 871/871/871 872/872/872
f 850/850/850 872/872/872 851/851/851
f 851/851/851 872/872/872 873/873/873
f 851/851/851 873/873/873 852/852/852
f 853/853/853 874/874/874 875/875/875
f 853/853/853 875/875/875 854/854/854
f 854/854/854 875/875/875 876/876/876
f 854/854/854 876/876/876 855/855/855
f 855/855/855 876/876/876 877/877/877
f 855/855/855 877/877/877 856/856/856
f 856/856/856 877/877/877 878/878/878
f 856/856/856 878/878/878 857/857/857
f 857/857/857 878/878/878 879/879/879
f 857/857/857 879/879/879 858/858/858
f 858/858/858 879/879/879 880/880/880
f 858/858/858 880/880/880 859/859/859
f 859/859/859 880/880/880 881/881/881
f 859/859/859 881/881/881 860/860/860
f 860/860/860 881/881/881 882/882/882
f 860/860/860 882/882/882 861/861/861
f 861/861/861 882/882/882 883/883/883
f 861/861/861 883/883/883 862/862/862
f 862/862/862 883/883/883 884/884/884
f 862/862/862 884/884/884 863/863/863
f 863/863/863 884/884/884 885/885/885
f 863/863/863 885/885/885 864/864/864
f 864/864/864 885/885/885 886/886/886
f 864/864/864 886/886/886 865/865/865
f 865/865/865 886/886/886 887/887/887
f 865/865/865 887/887/887 866/866/866
f 866/866/866 887/887/887 888/888/888
f 866/866/866 888/888/888 867/867/867
f 867/867/867 888/888/888 889/889/889
f 867/867/867 889/889/889 868/868/868
f 868/868/868 889/889/889 890/890/890
f 868/868/868 890/890/890 869/869/869
f 869/869/869 890/890/890 891/891/891
f 869/869/869 891/891/891 870/870/870
f 870/870/870 891/891/891 892/892/892
f 870/870/870 892/892/892 871/871/871
f 871/871/871 892/892/892 893/893/893
f 871/871/871 893/893/893 872/872/872
f 872/872/872 893/893/893 894/894/894
f 872/872/872 894/894/894 873/873/873
f 874/874/874 895/895/895 896/896/896
f 874/874/874 896/896/896 875/875/875
f 875/875/875 896/896/896 897/897/897
f 875/875/875 897/897/897 876/876/876
f 876/876/876 897/897/897 898/898/898
f 876/876/876 898/898/898 877/877/877
f 877/877/877 898/898/898 899/899/899
f 877/877/877 899/899/899 878/878/878
f 878/878/878 899/899/899 900/900/900
f 878/878/878 900/900/900 879/879/879
f 879/879/879 900/900/900 901/901/901
f 879/879/879 901/901/901 880/880/880
f 880/880/880 901/901/901 902/902/902
f 880/880/880 902/902/902 881/881/881
f 881/881/881 902/902/902 903/903/903
f 881/881/881 903/903/903 882/882/882
f 882/882/882 903/903/903 904/904/904
f 882/882/882 904/904/904 883/883/883
f 883/883/883 904/904/904 905/905/905
f 883/883/883 905/905/905 884/884/884
f 884/884/884 905/905/905 906/906/906
f 884/884/884 906/906/906 885/885/885
f 885/885/885 906/906/906 907/907/907
f 885/885/885 907/907/907 886/886/886
f 886/886/886 907/907/907 908/908/908
f 886/886/886 908/908/908 887/887/887
f 887/887/887 908/908/908 909/909/909
f 887/887/887 909/909/909 888/888/888
f 888/888/888 909/909/909 910/910/910
f 888/888/888 910/910/910 889/889/889
f 889/889/889 910/910/910 911/911/911
f 889/889/889 911/911/911 890/890/890
f 890/890/890 911/911/911 912/912/912
f 890/890/890 912/912/912 891/891/891
f 891/891/891 912/912/912 913/913/913
f 891/891/891 913/913/913 892/892/892
f 892/892/892 913/913/913 914/914/914
f 892/892/892 914/914/914 893/893/893
f 893/893/893 914/914/914 915/915/915
f 893/893/893 915/915/915 894/894/894
f 895/895/895 916/916/916 917/917/917
f 895/895/895 917/917/917 896/896/896
f 896/896/896 917/917/917 918/918/918
f 896/896/896 918/918/918 897/897/897
f 897/897/897 918/918/918 919/919/919
f 897/897/897 919/919/919 898/898/898
f 898/898/898 919/919/919 920/920/920
f 898/898/898 920/920/920 899/899/899
f 899/899/899 920/920/920 921/921/921
f 899/899/899 921/921/921 900/900/900
f 900/900/900 921/921/921 922/922/922
f 900/900/900 922/922/922 901/901/901
f 901/901/901 922/922/922 923/923/923
f 901/901/901 923/923/923 902/902/902
f 902/902/902 923/923/923 924/924/924
f 902/902/902 924/924/924 903/903/903
f 903/903/903 924/924/924 925/925/925
f 903/903/903 925/925/925 904/904/904
f 904/904/904 925/925/925 926/926/926
f 904/904/904 926/926/926 905/905/905
f 905/905/905 926/926/926 927/927/927
f 905/905/905 927/927/927 906/906/906
f 906/906/906 927/927/927 928/928/928
f 906/906/906 928/928/928 907/907/907
f 907/907/907 928/928/928 929/929/929
f 907/907/907 929/929/929 908/908/908
f 908/908/908 929/929/929 930/930/930
f 908/908/908 930/930/930 909/909/909
f 909/909/909 930/930/930 931/931/931
f 909/909/909 931/931/931 910/910/910
f 910/910/910 931/931/931 932/932/932
f 910/910/910 932/932/932 911/911/911
f 911/911/911 932/932/932 933/933/933
f 911/911/911 933/933/933 912/912/912
f 912/912/912 933/933/933 934/934/934
f 912/912/912 934/934/934 913/913/913
f 913/913/913 934/934/934 935/935/935
f 913/913/913 935/935/935 914/914/914
f 914/914/914 935/935/935 936/936/936
f 914/914/914 936/936/936 915/915/915
f 916/916/916 937/937/937 938/938/938
f 916/916/916 938/938/938 917/917/917
f 917/917/917 938/938/938 939/939/939
f 917/917/917 939/939/939 918/918/918
f 918/918/918 939/939/939 940/940/940
f 918/918/918 940/940/940 919/919/919
f 919/919/919 940/940/940 941/941/941
f 919/919/919 941/941/941 920/920/920
f 920/920/920 941/941/941 942/942/942
f 920/920/920 942/942/942 921/921/921
f 921/921/921 942/942/942 943/943/943
f 921/921/921 943/943/943 922/922/922
f 922/922/922 943/943/943 944/944/944
f 922/922/922 944/944/944 923/923/923
f 923/923/923 944/944/944 945/945/945
f 923/923/923 945/945/945 924/924/924
f 924/924/924 945/945/945 946/946/946
f 924/924/924 946/946/946 925/925/925
f 925/925/925 946/946/946 947/947/947
f 925/925/925 947/947/947 926/926/926
f 926/926/926 947/947/947 948/948/948
f 926/926/926 948/948/948 927/927/927
f 927/927/927 948/948/948 949/949/949
f 927/927/927 949/949/949 928/928/928
f 928/928/928 949/949/949 950/950/950
f 928/928/928 950/950/950 929/929/929
f 929/929/929 950/950/950 951/951/951
f 929/929/929 951/951/951 930/930/930
f 930/930/930 951/951/951 952/952/952
f 930/930/930 952/952/952 931/931/931
f 931/931/931 952/952/952 953/953/953
f 931/931/931 953/953/953 932/932/932
f 932/932/932 953/953/953 954/954/954
f 932/932/932 954/954/954 933/933/933
f 933/933/933 954/954/954 955/955/955
f 933/933/933 955/955/955 934/934/934
f 934/934/934 955/955/955 956/956/956
f 934/934/934 956/956/956 935/935/935
f 935/935/935 956/956/956 957/957/957
f 935/935/935 957/957/957 936/936/936
