# procedural asset
v 0.00000 0.00000 0.00000
v 0.05100 0.00300 0.00000
v 0.10200 0.00600 0.00000
v 0.15300 0.00900 0.00000
v 0.20400 0.01200 0.00000
v 0.25500 0.01500 0.00000
v 0.30600 0.01800 0.00000
v 0.34200 0.02500 0.00000
v 0.34800 0.04000 0.00000
v 0.35400 0.05500 0.00000
v 0.36000 0.07000 0.00000
v 0.36600 0.08500 0.00000
v 0.37200 0.10000 0.00000
v 0.37800 0.11500 0.00000
v 0.37800 0.13800 0.00000
v 0.37500 0.16500 0.00000
v 0.37200 0.19200 0.00000
v 0.36900 0.21900 0.00000
v 0.36600 0.24600 0.00000
v 0.36300 0.27300 0.00000
v 0.36000 0.30000 0.00000
v 0.36600 0.31800 0.00000
v 0.37200 0.33600 0.00000
v 0.37800 0.35400 0.00000
v 0.38400 0.37200 0.00000
v 0.39000 0.39000 0.00000
v 0.39600 0.40800 0.00000
v 0.39800 0.42900 0.00000
v 0.39200 0.45600 0.00000
v 0.38600 0.48300 0.00000
v 0.38000 0.51000 0.00000
v 0.37400 0.53700 0.00000
v 0.36800 0.56400 0.00000
v 0.36200 0.59100 0.00000
v 0.36200 0.62000 0.00000
v 0.36500 0.65000 0.00000
v 0.36800 0.68000 0.00000
v 0.37100 0.71000 0.00000
v 0.37400 0.74000 0.00000
v 0.37700 0.77000 0.00000
v 0.38000 0.80000 0.00000
v 0.37400 0.82100 0.00000
v 0.36800 0.84200 0.00000
v 0.36200 0.86300 0.00000
v 0.35600 0.88400 0.00000
v 0.35000 0.90500 0.00000
v 0.34400 0.92600 0.00000
v 0.33800 0.94550 0.00000
v 0.33200 0.96200 0.00000
v 0.32600 0.97850 0.00000
v 0.32000 0.99500 0.00000
v 0.31400 1.01150 0.00000
v 0.30800 1.02800 0.00000
v 0.30200 1.04450 0.00000
v 0.27000 1.05000 0.00000
v 0.22500 1.05000 0.00000
v 0.18000 1.05000 0.00000
v 0.13500 1.05000 0.00000
v 0.09000 1.05000 0.00000
v 0.04500 1.05000 0.00000
v 0.00000 1.05000 0.00000
v 0.00000 0.00000 0.00000
v 0.04989 0.00300 0.01060
v 0.09977 0.00600 0.02121
v 0.14966 0.00900 0.03181
v 0.19954 0.01200 0.04241
v 0.24943 0.01500 0.05302
v 0.29931 0.01800 0.06362
v 0.33453 0.02500 0.07111
v 0.34040 0.04000 0.07235
v 0.34626 0.05500 0.07360
v 0.35213 0.07000 0.07485
v 0.35800 0.08500 0.07610
v 0.36387 0.10000 0.07734
v 0.36974 0.11500 0.07859
v 0.36974 0.13800 0.07859
v 0.36681 0.16500 0.07797
v 0.36387 0.19200 0.07734
v 0.36094 0.21900 0.07672
v 0.35800 0.24600 0.07610
v 0.35507 0.27300 0.07547
v 0.35213 0.30000 0.07485
v 0.35800 0.31800 0.07610
v 0.36387 0.33600 0.07734
v 0.36974 0.35400 0.07859
v 0.37561 0.37200 0.07984
v 0.38148 0.39000 0.08109
v 0.38735 0.40800 0.08233
v 0.38930 0.42900 0.08275
v 0.38343 0.45600 0.08150
v 0.37756 0.48300 0.08025
v 0.37170 0.51000 0.07901
v 0.36583 0.53700 0.07776
v 0.35996 0.56400 0.07651
v 0.35409 0.59100 0.07526
v 0.35409 0.62000 0.07526
v 0.35702 0.65000 0.07589
v 0.35996 0.68000 0.07651
v 0.36289 0.71000 0.07714
v 0.36583 0.74000 0.07776
v 0.36876 0.77000 0.07838
v 0.37170 0.80000 0.07901
v 0.36583 0.82100 0.07776
v 0.35996 0.84200 0.07651
v 0.35409 0.86300 0.07526
v 0.34822 0.88400 0.07402
v 0.34235 0.90500 0.07277
v 0.33648 0.92600 0.07152
v 0.33061 0.94550 0.07027
v 0.32475 0.96200 0.06903
v 0.31888 0.97850 0.06778
v 0.31301 0.99500 0.06653
v 0.30714 1.01150 0.06528
v 0.30127 1.02800 0.06404
v 0.29540 1.04450 0.06279
v 0.26410 1.05000 0.05614
v 0.22008 1.05000 0.04678
v 0.17607 1.05000 0.03742
v 0.13205 1.05000 0.02807
v 0.08803 1.05000 0.01871
v 0.04402 1.05000 0.00936
v 0.00000 1.05000 0.00000
v 0.00000 0.00000 0.00000
v 0.04659 0.00300 0.02074
v 0.09318 0.00600 0.04149
v 0.13977 0.00900 0.06223
v 0.18636 0.01200 0.08297
v 0.23295 0.01500 0.10372
v 0.27954 0.01800 0.12446
v 0.31243 0.02500 0.13910
v 0.31791 0.04000 0.14154
v 0.32340 0.05500 0.14398
v 0.32888 0.07000 0.14643
v 0.33436 0.08500 0.14887
v 0.33984 0.10000 0.15131
v 0.34532 0.11500 0.15375
v 0.34532 0.13800 0.15375
v 0.34258 0.16500 0.15253
v 0.33984 0.19200 0.15131
v 0.33710 0.21900 0.15009
v 0.33436 0.24600 0.14887
v 0.33162 0.27300 0.14765
v 0.32888 0.30000 0.14643
v 0.33436 0.31800 0.14887
v 0.33984 0.33600 0.15131
v 0.34532 0.35400 0.15375
v 0.35080 0.37200 0.15619
v 0.35628 0.39000 0.15863
v 0.36176 0.40800 0.16107
v 0.36359 0.42900 0.16188
v 0.35811 0.45600 0.15944
v 0.35263 0.48300 0.15700
v 0.34715 0.51000 0.15456
v 0.34167 0.53700 0.15212
v 0.33618 0.56400 0.14968
v 0.33070 0.59100 0.14724
v 0.33070 0.62000 0.14724
v 0.33344 0.65000 0.14846
v 0.33618 0.68000 0.14968
v 0.33893 0.71000 0.15090
v 0.34167 0.74000 0.15212
v 0.34441 0.77000 0.15334
v 0.34715 0.80000 0.15456
v 0.34167 0.82100 0.15212
v 0.33618 0.84200 0.14968
v 0.33070 0.86300 0.14724
v 0.32522 0.88400 0.14480
v 0.31974 0.90500 0.14236
v 0.31426 0.92600 0.13992
v 0.30878 0.94550 0.13748
v 0.30330 0.96200 0.13504
v 0.29782 0.97850 0.13260
v 0.29233 0.99500 0.13016
v 0.28685 1.01150 0.12772
v 0.28137 1.02800 0.12527
v 0.27589 1.04450 0.12283
v 0.24666 1.05000 0.10982
v 0.20555 1.05000 0.09152
v 0.16444 1.05000 0.07321
v 0.12333 1.05000 0.05491
v 0.08222 1.05000 0.03661
v 0.04111 1.05000 0.01830
v 0.00000 1.05000 0.00000
v 0.00000 0.00000 0.00000
v 0.04126 0.00300 0.02998
v 0.08252 0.00600 0.05995
v 0.12378 0.00900 0.08993
v 0.16504 0.01200 0.11991
v 0.20630 0.01500 0.14989
v 0.24756 0.01800 0.17986
v 0.27668 0.02500 0.20102
v 0.28154 0.04000 0.20455
v 0.28639 0.05500 0.20808
v 0.29125 0.07000 0.21160
v 0.29610 0.08500 0.21513
v 0.30095 0.10000 0.21866
v 0.30581 0.11500 0.22218
v 0.30581 0.13800 0.22218
v 0.30338 0.16500 0.22042
v 0.30095 0.19200 0.21866
v 0.29853 0.21900 0.21689
v 0.29610 0.24600 0.21513
v 0.29367 0.27300 0.21337
v 0.29125 0.30000 0.21160
v 0.29610 0.31800 0.21513
v 0.30095 0.33600 0.21866
v 0.30581 0.35400 0.22218
v 0.31066 0.37200 0.22571
v 0.31552 0.39000 0.22924
v 0.32037 0.40800 0.23276
v 0.32199 0.42900 0.23394
v 0.31713 0.45600 0.23041
v 0.31228 0.48300 0.22689
v 0.30743 0.51000 0.22336
v 0.30257 0.53700 0.21983
v 0.29772 0.56400 0.21630
v 0.29286 0.59100 0.21278
v 0.29286 0.62000 0.21278
v 0.29529 0.65000 0.21454
v 0.29772 0.68000 0.21630
v 0.30015 0.71000 0.21807
v 0.30257 0.74000 0.21983
v 0.30500 0.77000 0.22160
v 0.30743 0.80000 0.22336
v 0.30257 0.82100 0.21983
v 0.29772 0.84200 0.21630
v 0.29286 0.86300 0.21278
v 0.28801 0.88400 0.20925
v 0.28316 0.90500 0.20572
v 0.27830 0.92600 0.20220
v 0.27345 0.94550 0.19867
v 0.26859 0.96200 0.19514
v 0.26374 0.97850 0.19162
v 0.25889 0.99500 0.18809
v 0.25403 1.01150 0.18456
v 0.24918 1.02800 0.18104
v 0.24432 1.04450 0.17751
v 0.21843 1.05000 0.15870
v 0.18203 1.05000 0.13225
v 0.14562 1.05000 0.10580
v 0.10922 1.05000 0.07935
v 0.07281 1.05000 0.05290
v 0.03641 1.05000 0.02645
v 0.00000 1.05000 0.00000
v 0.00000 0.00000 0.00000
v 0.03413 0.00300 0.03790
v 0.06825 0.00600 0.07580
v 0.10238 0.00900 0.11370
v 0.13650 0.01200 0.15160
v 0.17063 0.01500 0.18950
v 0.20475 0.01800 0.22740
v 0.22884 0.02500 0.25416
v 0.23286 0.04000 0.25861
v 0.23687 0.05500 0.26307
v 0.24089 0.07000 0.26753
v 0.24490 0.08500 0.27199
v 0.24892 0.10000 0.27645
v 0.25293 0.11500 0.28091
v 0.25293 0.13800 0.28091
v 0.25092 0.16500 0.27868
v 0.24892 0.19200 0.27645
v 0.24691 0.21900 0.27422
v 0.24490 0.24600 0.27199
v 0.24289 0.27300 0.26976
v 0.24089 0.30000 0.26753
v 0.24490 0.31800 0.27199
v 0.24892 0.33600 0.27645
v 0.25293 0.35400 0.28091
v 0.25695 0.37200 0.28537
v 0.26096 0.39000 0.28983
v 0.26498 0.40800 0.29429
v 0.26631 0.42900 0.29577
v 0.26230 0.45600 0.29131
v 0.25828 0.48300 0.28685
v 0.25427 0.51000 0.28240
v 0.25025 0.53700 0.27794
v 0.24624 0.56400 0.27348
v 0.24223 0.59100 0.26902
v 0.24223 0.62000 0.26902
v 0.24423 0.65000 0.27125
v 0.24624 0.68000 0.27348
v 0.24825 0.71000 0.27571
v 0.25025 0.74000 0.27794
v 0.25226 0.77000 0.28017
v 0.25427 0.80000 0.28240
v 0.25025 0.82100 0.27794
v 0.24624 0.84200 0.27348
v 0.24223 0.86300 0.26902
v 0.23821 0.88400 0.26456
v 0.23420 0.90500 0.26010
v 0.23018 0.92600 0.25564
v 0.22617 0.94550 0.25118
v 0.22215 0.96200 0.24672
v 0.21814 0.97850 0.24227
v 0.21412 0.99500 0.23781
v 0.21011 1.01150 0.23335
v 0.20609 1.02800 0.22889
v 0.20208 1.04450 0.22443
v 0.18067 1.05000 0.20065
v 0.15055 1.05000 0.16721
v 0.12044 1.05000 0.13377
v 0.09033 1.05000 0.10032
v 0.06022 1.05000 0.06688
v 0.03011 1.05000 0.03344
v 0.00000 1.05000 0.00000
v 0.00000 0.00000 0.00000
v 0.02550 0.00300 0.04417
v 0.05100 0.00600 0.08833
v 0.07650 0.00900 0.13250
v 0.10200 0.01200 0.17667
v 0.12750 0.01500 0.22084
v 0.15300 0.01800 0.26500
v 0.17100 0.02500 0.29618
v 0.17400 0.04000 0.30138
v 0.17700 0.05500 0.30657
v 0.18000 0.07000 0.31177
v 0.18300 0.08500 0.31697
v 0.18600 0.10000 0.32216
v 0.18900 0.11500 0.32736
v 0.18900 0.13800 0.32736
v 0.18750 0.16500 0.32476
v 0.18600 0.19200 0.32216
v 0.18450 0.21900 0.31956
v 0.18300 0.24600 0.31697
v 0.18150 0.27300 0.31437
v 0.18000 0.30000 0.31177
v 0.18300 0.31800 0.31697
v 0.18600 0.33600 0.32216
v 0.18900 0.35400 0.32736
v 0.19200 0.37200 0.33255
v 0.19500 0.39000 0.33775
v 0.19800 0.40800 0.34295
v 0.19900 0.42900 0.34468
v 0.19600 0.45600 0.33948
v 0.19300 0.48300 0.33429
v 0.19000 0.51000 0.32909
v 0.18700 0.53700 0.32389
v 0.18400 0.56400 0.31870
v 0.18100 0.59100 0.31350
v 0.18100 0.62000 0.31350
v 0.18250 0.65000 0.31610
v 0.18400 0.68000 0.31870
v 0.18550 0.71000 0.32130
v 0.18700 0.74000 0.32389
v 0.18850 0.77000 0.32649
v 0.19000 0.80000 0.32909
v 0.18700 0.82100 0.32389
v 0.18400 0.84200 0.31870
v 0.18100 0.86300 0.31350
v 0.17800 0.88400 0.30831
v 0.17500 0.90500 0.30311
v 0.17200 0.92600 0.29791
v 0.16900 0.94550 0.29272
v 0.16600 0.96200 0.28752
v 0.16300 0.97850 0.28232
v 0.16000 0.99500 0.27713
v 0.15700 1.01150 0.27193
v 0.15400 1.02800 0.26674
v 0.15100 1.04450 0.26154
v 0.13500 1.05000 0.23383
v 0.11250 1.05000 0.19486
v 0.09000 1.05000 0.15588
v 0.06750 1.05000 0.11691
v 0.04500 1.05000 0.07794
v 0.02250 1.05000 0.03897
v 0.00000 1.05000 0.00000
v 0.00000 0.00000 0.00000
v 0.01576 0.00300 0.04850
v 0.03152 0.00600 0.09701
v 0.04728 0.00900 0.14551
v 0.06304 0.01200 0.19402
v 0.07880 0.01500 0.24252
v 0.09456 0.01800 0.29102
v 0.10568 0.02500 0.32526
v 0.10754 0.04000 0.33097
v 0.10939 0.05500 0.33667
v 0.11125 0.07000 0.34238
v 0.11310 0.08500 0.34809
v 0.11495 0.10000 0.35379
v 0.11681 0.11500 0.35950
v 0.11681 0.13800 0.35950
v 0.11588 0.16500 0.35665
v 0.11495 0.19200 0.35379
v 0.11403 0.21900 0.35094
v 0.11310 0.24600 0.34809
v 0.11217 0.27300 0.34523
v 0.11125 0.30000 0.34238
v 0.11310 0.31800 0.34809
v 0.11495 0.33600 0.35379
v 0.11681 0.35400 0.35950
v 0.11866 0.37200 0.36521
v 0.12052 0.39000 0.37091
v 0.12237 0.40800 0.37662
v 0.12299 0.42900 0.37852
v 0.12113 0.45600 0.37281
v 0.11928 0.48300 0.36711
v 0.11743 0.51000 0.36140
v 0.11557 0.53700 0.35570
v 0.11372 0.56400 0.34999
v 0.11186 0.59100 0.34428
v 0.11186 0.62000 0.34428
v 0.11279 0.65000 0.34714
v 0.11372 0.68000 0.34999
v 0.11465 0.71000 0.35284
v 0.11557 0.74000 0.35570
v 0.11650 0.77000 0.35855
v 0.11743 0.80000 0.36140
v 0.11557 0.82100 0.35570
v 0.11372 0.84200 0.34999
v 0.11186 0.86300 0.34428
v 0.11001 0.88400 0.33858
v 0.10816 0.90500 0.33287
v 0.10630 0.92600 0.32716
v 0.10445 0.94550 0.32146
v 0.10259 0.96200 0.31575
v 0.10074 0.97850 0.31004
v 0.09889 0.99500 0.30434
v 0.09703 1.01150 0.29863
v 0.09518 1.02800 0.29293
v 0.09332 1.04450 0.28722
v 0.08343 1.05000 0.25679
v 0.06953 1.05000 0.21399
v 0.05562 1.05000 0.17119
v 0.04172 1.05000 0.12839
v 0.02781 1.05000 0.08560
v 0.01391 1.05000 0.04280
v 0.00000 1.05000 0.00000
v 0.00000 0.00000 0.00000
v 0.00533 0.00300 0.05072
v 0.01066 0.00600 0.10144
v 0.01599 0.00900 0.15216
v 0.02132 0.01200 0.20288
v 0.02665 0.01500 0.25360
v 0.03199 0.01800 0.30432
v 0.03575 0.02500 0.34013
v 0.03638 0.04000 0.34609
v 0.03700 0.05500 0.35206
v 0.03763 0.07000 0.35803
v 0.03826 0.08500 0.36400
v 0.03888 0.10000 0.36996
v 0.03951 0.11500 0.37593
v 0.03951 0.13800 0.37593
v 0.03920 0.16500 0.37295
v 0.03888 0.19200 0.36996
v 0.03857 0.21900 0.36698
v 0.03826 0.24600 0.36400
v 0.03794 0.27300 0.36101
v 0.03763 0.30000 0.35803
v 0.03826 0.31800 0.36400
v 0.03888 0.33600 0.36996
v 0.03951 0.35400 0.37593
v 0.04014 0.37200 0.38190
v 0.04077 0.39000 0.38786
v 0.04139 0.40800 0.39383
v 0.04160 0.42900 0.39582
v 0.04098 0.45600 0.38985
v 0.04035 0.48300 0.38389
v 0.03972 0.51000 0.37792
v 0.03909 0.53700 0.37195
v 0.03847 0.56400 0.36598
v 0.03784 0.59100 0.36002
v 0.03784 0.62000 0.36002
v 0.03815 0.65000 0.36300
v 0.03847 0.68000 0.36598
v 0.03878 0.71000 0.36897
v 0.03909 0.74000 0.37195
v 0.03941 0.77000 0.37493
v 0.03972 0.80000 0.37792
v 0.03909 0.82100 0.37195
v 0.03847 0.84200 0.36598
v 0.03784 0.86300 0.36002
v 0.03721 0.88400 0.35405
v 0.03658 0.90500 0.34808
v 0.03596 0.92600 0.34212
v 0.03533 0.94550 0.33615
v 0.03470 0.96200 0.33018
v 0.03408 0.97850 0.32421
v 0.03345 0.99500 0.31825
v 0.03282 1.01150 0.31228
v 0.03219 1.02800 0.30631
v 0.03157 1.04450 0.30035
v 0.02822 1.05000 0.26852
v 0.02352 1.05000 0.22377
v 0.01882 1.05000 0.17901
v 0.01411 1.05000 0.13426
v 0.00941 1.05000 0.08951
v 0.00470 1.05000 0.04475
v 0.00000 1.05000 0.00000
v 0.00000 0.00000 0.00000
v -0.00533 0.00300 0.05072
v -0.01066 0.00600 0.10144
v -0.01599 0.00900 0.15216
v -0.02132 0.01200 0.20288
v -0.02665 0.01500 0.25360
v -0.03199 0.01800 0.30432
v -0.03575 0.02500 0.34013
v -0.03638 0.04000 0.34609
v -0.03700 0.05500 0.35206
v -0.03763 0.07000 0.35803
v -0.03826 0.08500 0.36400
v -0.03888 0.10000 0.36996
v -0.03951 0.11500 0.37593
v -0.03951 0.13800 0.37593
v -0.03920 0.16500 0.37295
v -0.03888 0.19200 0.36996
v -0.03857 0.21900 0.36698
v -0.03826 0.24600 0.36400
v -0.03794 0.27300 0.36101
v -0.03763 0.30000 0.35803
v -0.03826 0.31800 0.36400
v -0.03888 0.33600 0.36996
v -0.03951 0.35400 0.37593
v -0.04014 0.37200 0.38190
v -0.04077 0.39000 0.38786
v -0.04139 0.40800 0.39383
v -0.04160 0.42900 0.39582
v -0.04098 0.45600 0.38985
v -0.04035 0.48300 0.38389
v -0.03972 0.51000 0.37792
v -0.03909 0.53700 0.37195
v -0.03847 0.56400 0.36598
v -0.03784 0.59100 0.36002
v -0.03784 0.62000 0.36002
v -0.03815 0.65000 0.36300
v -0.03847 0.68000 0.36598
v -0.03878 0.71000 0.36897
v -0.03909 0.74000 0.37195
v -0.03941 0.77000 0.37493
v -0.03972 0.80000 0.37792
v -0.03909 0.82100 0.37195
v -0.03847 0.84200 0.36598
v -0.03784 0.86300 0.36002
v -0.03721 0.88400 0.35405
v -0.03658 0.90500 0.34808
v -0.03596 0.92600 0.34212
v -0.03533 0.94550 0.33615
v -0.03470 0.96200 0.33018
v -0.03408 0.97850 0.32421
v -0.03345 0.99500 0.31825
v -0.03282 1.01150 0.31228
v -0.03219 1.02800 0.30631
v -0.03157 1.04450 0.30035
v -0.02822 1.05000 0.26852
v -0.02352 1.05000 0.22377
v -0.01882 1.05000 0.17901
v -0.01411 1.05000 0.13426
v -0.00941 1.05000 0.08951
v -0.00470 1.05000 0.04475
v 0.00000 1.05000 0.00000
v 0.00000 0.00000 0.00000
v -0.01576 0.00300 0.04850
v -0.03152 0.00600 0.09701
v -0.04728 0.00900 0.14551
v -0.06304 0.01200 0.19402
v -0.07880 0.01500 0.24252
v -0.09456 0.01800 0.29102
v -0.10568 0.02500 0.32526
v -0.10754 0.04000 0.33097
v -0.10939 0.05500 0.33667
v -0.11125 0.07000 0.34238
v -0.11310 0.08500 0.34809
v -0.11495 0.10000 0.35379
v -0.11681 0.11500 0.35950
v -0.11681 0.13800 0.35950
v -0.11588 0.16500 0.35665
v -0.11495 0.19200 0.35379
v -0.11403 0.21900 0.35094
v -0.11310 0.24600 0.34809
v -0.11217 0.27300 0.34523
v -0.11125 0.30000 0.34238
v -0.11310 0.31800 0.34809
v -0.11495 0.33600 0.35379
v -0.11681 0.35400 0.35950
v -0.11866 0.37200 0.36521
v -0.12052 0.39000 0.37091
v -0.12237 0.40800 0.37662
v -0.12299 0.42900 0.37852
v -0.12113 0.45600 0.37281
v -0.11928 0.48300 0.36711
v -0.11743 0.51000 0.36140
v -0.11557 0.53700 0.35570
v -0.11372 0.56400 0.34999
v -0.11186 0.59100 0.34428
v -0.11186 0.62000 0.34428
v -0.11279 0.65000 0.34714
v -0.11372 0.68000 0.34999
v -0.11465 0.71000 0.35284
v -0.11557 0.74000 0.35570
v -0.11650 0.77000 0.35855
v -0.11743 0.80000 0.36140
v -0.11557 0.82100 0.35570
v -0.11372 0.84200 0.34999
v -0.11186 0.86300 0.34428
v -0.11001 0.88400 0.33858
v -0.10816 0.90500 0.33287
v -0.10630 0.92600 0.32716
v -0.10445 0.94550 0.32146
v -0.10259 0.96200 0.31575
v -0.10074 0.97850 0.31004
v -0.09889 0.99500 0.30434
v -0.09703 1.01150 0.29863
v -0.09518 1.02800 0.29293
v -0.09332 1.04450 0.28722
v -0.08343 1.05000 0.25679
v -0.06953 1.05000 0.21399
v -0.05562 1.05000 0.17119
v -0.04172 1.05000 0.12839
v -0.02781 1.05000 0.08560
v -0.01391 1.05000 0.04280
v 0.00000 1.05000 0.00000
v 0.00000 0.00000 0.00000
v -0.02550 0.00300 0.04417
v -0.05100 0.00600 0.08833
v -0.07650 0.00900 0.13250
v -0.10200 0.01200 0.17667
v -0.12750 0.01500 0.22084
v -0.15300 0.01800 0.26500
v -0.17100 0.02500 0.29618
v -0.17400 0.04000 0.30138
v -0.17700 0.05500 0.30657
v -0.18000 0.07000 0.31177
v -0.18300 0.08500 0.31697
v -0.18600 0.10000 0.32216
v -0.18900 0.11500 0.32736
v -0.18900 0.13800 0.32736
v -0.18750 0.16500 0.32476
v -0.18600 0.19200 0.32216
v -0.18450 0.21900 0.31956
v -0.18300 0.24600 0.31697
v -0.18150 0.27300 0.31437
v -0.18000 0.30000 0.31177
v -0.18300 0.31800 0.31697
v -0.18600 0.33600 0.32216
v -0.18900 0.35400 0.32736
v -0.19200 0.37200 0.33255
v -0.19500 0.39000 0.33775
v -0.19800 0.40800 0.34295
v -0.19900 0.42900 0.34468
v -0.19600 0.45600 0.33948
v -0.19300 0.48300 0.33429
v -0.19000 0.51000 0.32909
v -0.18700 0.53700 0.32389
v -0.18400 0.56400 0.31870
v -0.18100 0.59100 0.31350
v -0.18100 0.62000 0.31350
v -0.18250 0.65000 0.31610
v -0.18400 0.68000 0.31870
v -0.18550 0.71000 0.32130
v -0.18700 0.74000 0.32389
v -0.18850 0.77000 0.32649
v -0.19000 0.80000 0.32909
v -0.18700 0.82100 0.32389
v -0.18400 0.84200 0.31870
v -0.18100 0.86300 0.31350
v -0.17800 0.88400 0.30831
v -0.17500 0.90500 0.30311
v -0.17200 0.92600 0.29791
v -0.16900 0.94550 0.29272
v -0.16600 0.96200 0.28752
v -0.16300 0.97850 0.28232
v -0.16000 0.99500 0.27713
v -0.15700 1.01150 0.27193
v -0.15400 1.02800 0.26674
v -0.15100 1.04450 0.26154
v -0.13500 1.05000 0.23383
v -0.11250 1.05000 0.19486
v -0.09000 1.05000 0.15588
v -0.06750 1.05000 0.11691
v -0.04500 1.05000 0.07794
v -0.02250 1.05000 0.03897
v 0.00000 1.05000 0.00000
v 0.00000 0.00000 0.00000
v -0.03413 0.00300 0.03790
v -0.06825 0.00600 0.07580
v -0.10238 0.00900 0.11370
v -0.13650 0.01200 0.15160
v -0.17063 0.01500 0.18950
v -0.20475 0.01800 0.22740
v -0.22884 0.02500 0.25416
v -0.23286 0.04000 0.25861
v -0.23687 0.05500 0.26307
v -0.24089 0.07000 0.26753
v -0.24490 0.08500 0.27199
v -0.24892 0.10000 0.27645
v -0.25293 0.11500 0.28091
v -0.25293 0.13800 0.28091
v -0.25092 0.16500 0.27868
v -0.24892 0.19200 0.27645
v -0.24691 0.21900 0.27422
v -0.24490 0.24600 0.27199
v -0.24289 0.27300 0.26976
v -0.24089 0.30000 0.26753
v -0.24490 0.31800 0.27199
v -0.24892 0.33600 0.27645
v -0.25293 0.35400 0.28091
v -0.25695 0.37200 0.28537
v -0.26096 0.39000 0.28983
v -0.26498 0.40800 0.29429
v -0.26631 0.42900 0.29577
v -0.26230 0.45600 0.29131
v -0.25828 0.48300 0.28685
v -0.25427 0.51000 0.28240
v -0.25025 0.53700 0.27794
v -0.24624 0.56400 0.27348
v -0.24223 0.59100 0.26902
v -0.24223 0.62000 0.26902
v -0.24423 0.65000 0.27125
v -0.24624 0.68000 0.27348
v -0.24825 0.71000 0.27571
v -0.25025 0.74000 0.27794
v -0.25226 0.77000 0.28017
v -0.25427 0.80000 0.28240
v -0.25025 0.82100 0.27794
v -0.24624 0.84200 0.27348
v -0.24223 0.86300 0.26902
v -0.23821 0.88400 0.26456
v -0.23420 0.90500 0.26010
v -0.23018 0.92600 0.25564
v -0.22617 0.94550 0.25118
v -0.22215 0.96200 0.24672
v -0.21814 0.97850 0.24227
v -0.21412 0.99500 0.23781
v -0.21011 1.01150 0.23335
v -0.20609 1.02800 0.22889
v -0.20208 1.04450 0.22443
v -0.18067 1.05000 0.20065
v -0.15055 1.05000 0.16721
v -0.12044 1.05000 0.13377
v -0.09033 1.05000 0.10032
v -0.06022 1.05000 0.06688
v -0.03011 1.05000 0.03344
v 0.00000 1.05000 0.00000
v 0.00000 0.00000 0.00000
v -0.04126 0.00300 0.02998
v -0.08252 0.00600 0.05995
v -0.12378 0.00900 0.08993
v -0.16504 0.01200 0.11991
v -0.20630 0.01500 0.14989
v -0.24756 0.01800 0.17986
v -0.27668 0.02500 0.20102
v -0.28154 0.04000 0.20455
v -0.28639 0.05500 0.20808
v -0.29125 0.07000 0.21160
v -0.29610 0.08500 0.21513
v -0.30095 0.10000 0.21866
v -0.30581 0.11500 0.22218
v -0.30581 0.13800 0.22218
v -0.30338 0.16500 0.22042
v -0.30095 0.19200 0.21866
v -0.29853 0.21900 0.21689
v -0.29610 0.24600 0.21513
v -0.29367 0.27300 0.21337
v -0.29125 0.30000 0.21160
v -0.29610 0.31800 0.21513
v -0.30095 0.33600 0.21866
v -0.30581 0.35400 0.22218
v -0.31066 0.37200 0.22571
v -0.31552 0.39000 0.22924
v -0.32037 0.40800 0.23276
v -0.32199 0.42900 0.23394
v -0.31713 0.45600 0.23041
v -0.31228 0.48300 0.22689
v -0.30743 0.51000 0.22336
v -0.30257 0.53700 0.21983
v -0.29772 0.56400 0.21630
v -0.29286 0.59100 0.21278
v -0.29286 0.62000 0.21278
v -0.29529 0.65000 0.21454
v -0.29772 0.68000 0.21630
v -0.30015 0.71000 0.21807
v -0.30257 0.74000 0.21983
v -0.30500 0.77000 0.22160
v -0.30743 0.80000 0.22336
v -0.30257 0.82100 0.21983
v -0.29772 0.84200 0.21630
v -0.29286 0.86300 0.21278
v -0.28801 0.88400 0.20925
v -0.28316 0.90500 0.20572
v -0.27830 0.92600 0.20220
v -0.27345 0.94550 0.19867
v -0.26859 0.96200 0.19514
v -0.26374 0.97850 0.19162
v -0.25889 0.99500 0.18809
v -0.25403 1.01150 0.18456
v -0.24918 1.02800 0.18104
v -0.24432 1.04450 0.17751
v -0.21843 1.05000 0.15870
v -0.18203 1.05000 0.13225
v -0.14562 1.05000 0.10580
v -0.10922 1.05000 0.07935
v -0.07281 1.05000 0.05290
v -0.03641 1.05000 0.02645
v 0.00000 1.05000 0.00000
v 0.00000 0.00000 0.00000
v -0.04659 0.00300 0.02074
v -0.09318 0.00600 0.04149
v -0.13977 0.00900 0.06223
v -0.18636 0.01200 0.08297
v -0.23295 0.01500 0.10372
v -0.27954 0.01800 0.12446
v -0.31243 0.02500 0.13910
v -0.31791 0.04000 0.14154
v -0.32340 0.05500 0.14398
v -0.32888 0.07000 0.14643
v -0.33436 0.08500 0.14887
v -0.33984 0.10000 0.15131
v -0.34532 0.11500 0.15375
v -0.34532 0.13800 0.15375
v -0.34258 0.16500 0.15253
v -0.33984 0.19200 0.15131
v -0.33710 0.21900 0.15009
v -0.33436 0.24600 0.14887
v -0.33162 0.27300 0.14765
v -0.32888 0.30000 0.14643
v -0.33436 0.31800 0.14887
v -0.33984 0.33600 0.15131
v -0.34532 0.35400 0.15375
v -0.35080 0.37200 0.15619
v -0.35628 0.39000 0.15863
v -0.36176 0.40800 0.16107
v -0.36359 0.42900 0.16188
v -0.35811 0.45600 0.15944
v -0.35263 0.48300 0.15700
v -0.34715 0.51000 0.15456
v -0.34167 0.53700 0.15212
v -0.33618 0.56400 0.14968
v -0.33070 0.59100 0.14724
v -0.33070 0.62000 0.14724
v -0.33344 0.65000 0.14846
v -0.33618 0.68000 0.14968
v -0.33893 0.71000 0.15090
v -0.34167 0.74000 0.15212
v -0.34441 0.77000 0.15334
v -0.34715 0.80000 0.15456
v -0.34167 0.82100 0.15212
v -0.33618 0.84200 0.14968
v -0.33070 0.86300 0.14724
v -0.32522 0.88400 0.14480
v -0.31974 0.90500 0.14236
v -0.31426 0.92600 0.13992
v -0.30878 0.94550 0.13748
v -0.30330 0.96200 0.13504
v -0.29782 0.97850 0.13260
v -0.29233 0.99500 0.13016
v -0.28685 1.01150 0.12772
v -0.28137 1.02800 0.12527
v -0.27589 1.04450 0.12283
v -0.24666 1.05000 0.10982
v -0.20555 1.05000 0.09152
v -0.16444 1.05000 0.07321
v -0.12333 1.05000 0.05491
v -0.08222 1.05000 0.03661
v -0.04111 1.05000 0.01830
v 0.00000 1.05000 0.00000
v 0.00000 0.00000 0.00000
v -0.04989 0.00300 0.01060
v -0.09977 0.00600 0.02121
v -0.14966 0.00900 0.03181
v -0.19954 0.01200 0.04241
v -0.24943 0.01500 0.05302
v -0.29931 0.01800 0.06362
v -0.33453 0.02500 0.07111
v -0.34040 0.04000 0.07235
v -0.34626 0.05500 0.07360
v -0.35213 0.07000 0.07485
v -0.35800 0.08500 0.07610
v -0.36387 0.10000 0.07734
v -0.36974 0.11500 0.07859
v -0.36974 0.13800 0.07859
v -0.36681 0.16500 0.07797
v -0.36387 0.19200 0.07734
v -0.36094 0.21900 0.07672
v -0.35800 0.24600 0.07610
v -0.35507 0.27300 0.07547
v -0.35213 0.30000 0.07485
v -0.35800 0.31800 0.07610
v -0.36387 0.33600 0.07734
v -0.36974 0.35400 0.07859
v -0.37561 0.37200 0.07984
v -0.38148 0.39000 0.08109
v -0.38735 0.40800 0.08233
v -0.38930 0.42900 0.08275
v -0.38343 0.45600 0.08150
v -0.37756 0.48300 0.08025
v -0.37170 0.51000 0.07901
v -0.36583 0.53700 0.07776
v -0.35996 0.56400 0.07651
v -0.35409 0.59100 0.07526
v -0.35409 0.62000 0.07526
v -0.35702 0.65000 0.07589
v -0.35996 0.68000 0.07651
v -0.36289 0.71000 0.07714
v -0.36583 0.74000 0.07776
v -0.36876 0.77000 0.07838
v -0.37170 0.80000 0.07901
v -0.36583 0.82100 0.07776
v -0.35996 0.84200 0.07651
v -0.35409 0.86300 0.07526
v -0.34822 0.88400 0.07402
v -0.34235 0.90500 0.07277
v -0.33648 0.92600 0.07152
v -0.33061 0.94550 0.07027
v -0.32475 0.96200 0.06903
v -0.31888 0.97850 0.06778
v -0.31301 0.99500 0.06653
v -0.30714 1.01150 0.06528
v -0.30127 1.02800 0.06404
v -0.29540 1.04450 0.06279
v -0.26410 1.05000 0.05614
v -0.22008 1.05000 0.04678
v -0.17607 1.05000 0.03742
v -0.13205 1.05000 0.02807
v -0.08803 1.05000 0.01871
v -0.04402 1.05000 0.00936
v 0.00000 1.05000 0.00000
v 0.00000 0.00000 0.00000
v -0.05100 0.00300 0.00000
v -0.10200 0.00600 0.00000
v -0.15300 0.00900 0.00000
v -0.20400 0.01200 0.00000
v -0.25500 0.01500 0.00000
v -0.30600 0.01800 0.00000
v -0.34200 0.02500 0.00000
v -0.34800 0.04000 0.00000
v -0.35400 0.05500 0.00000
v -0.36000 0.07000 0.00000
v -0.36600 0.08500 0.00000
v -0.37200 0.10000 0.00000
v -0.37800 0.11500 0.00000
v -0.37800 0.13800 0.00000
v -0.37500 0.16500 0.00000
v -0.37200 0.19200 0.00000
v -0.36900 0.21900 0.00000
v -0.36600 0.24600 0.00000
v -0.36300 0.27300 0.00000
v -0.36000 0.30000 0.00000
v -0.36600 0.31800 0.00000
v -0.37200 0.33600 0.00000
v -0.37800 0.35400 0.00000
v -0.38400 0.37200 0.00000
v -0.39000 0.39000 0.00000
v -0.39600 0.40800 0.00000
v -0.39800 0.42900 0.00000
v -0.39200 0.45600 0.00000
v -0.38600 0.48300 0.00000
v -0.38000 0.51000 0.00000
v -0.37400 0.53700 0.00000
v -0.36800 0.56400 0.00000
v -0.36200 0.59100 0.00000
v -0.36200 0.62000 0.00000
v -0.36500 0.65000 0.00000
v -0.36800 0.68000 0.00000
v -0.37100 0.71000 0.00000
v -0.37400 0.74000 0.00000
v -0.37700 0.77000 0.00000
v -0.38000 0.80000 0.00000
v -0.37400 0.82100 0.00000
v -0.36800 0.84200 0.00000
v -0.36200 0.86300 0.00000
v -0.35600 0.88400 0.00000
v -0.35000 0.90500 0.00000
v -0.34400 0.92600 0.00000
v -0.33800 0.94550 0.00000
v -0.33200 0.96200 0.00000
v -0.32600 0.97850 0.00000
v -0.32000 0.99500 0.00000
v -0.31400 1.01150 0.00000
v -0.30800 1.02800 0.00000
v -0.30200 1.04450 0.00000
v -0.27000 1.05000 0.00000
v -0.22500 1.05000 0.00000
v -0.18000 1.05000 0.00000
v -0.13500 1.05000 0.00000
v -0.09000 1.05000 0.00000
v -0.04500 1.05000 0.00000
v 0.00000 1.05000 0.00000
v 0.00000 0.00000 0.00000
v -0.04989 0.00300 -0.01060
v -0.09977 0.00600 -0.02121
v -0.14966 0.00900 -0.03181
v -0.19954 0.01200 -0.04241
v -0.24943 0.01500 -0.05302
v -0.29931 0.01800 -0.06362
v -0.33453 0.02500 -0.07111
v -0.34040 0.04000 -0.07235
v -0.34626 0.05500 -0.07360
v -0.35213 0.07000 -0.07485
v -0.35800 0.08500 -0.07610
v -0.36387 0.10000 -0.07734
v -0.36974 0.11500 -0.07859
v -0.36974 0.13800 -0.07859
v -0.36681 0.16500 -0.07797
v -0.36387 0.19200 -0.07734
v -0.36094 0.21900 -0.07672
v -0.35800 0.24600 -0.07610
v -0.35507 0.27300 -0.07547
v -0.35213 0.30000 -0.07485
v -0.35800 0.31800 -0.07610
v -0.36387 0.33600 -0.07734
v -0.36974 0.35400 -0.07859
v -0.37561 0.37200 -0.07984
v -0.38148 0.39000 -0.08109
v -0.38735 0.40800 -0.08233
v -0.38930 0.42900 -0.08275
v -0.38343 0.45600 -0.08150
v -0.37756 0.48300 -0.08025
v -0.37170 0.51000 -0.07901
v -0.36583 0.53700 -0.07776
v -0.35996 0.56400 -0.07651
v -0.35409 0.59100 -0.07526
v -0.35409 0.62000 -0.07526
v -0.35702 0.65000 -0.07589
v -0.35996 0.68000 -0.07651
v -0.36289 0.71000 -0.07714
v -0.36583 0.74000 -0.07776
v -0.36876 0.77000 -0.07838
v -0.37170 0.80000 -0.07901
v -0.36583 0.82100 -0.07776
v -0.35996 0.84200 -0.07651
v -0.35409 0.86300 -0.07526
v -0.34822 0.88400 -0.07402
v -0.34235 0.90500 -0.07277
v -0.33648 0.92600 -0.07152
v -0.33061 0.94550 -0.07027
v -0.32475 0.96200 -0.06903
v -0.31888 0.97850 -0.06778
v -0.31301 0.99500 -0.06653
v -0.30714 1.01150 -0.06528
v -0.30127 1.02800 -0.06404
v -0.29540 1.04450 -0.06279
v -0.26410 1.05000 -0.05614
v -0.22008 1.05000 -0.04678
v -0.17607 1.05000 -0.03742
v -0.13205 1.05000 -0.02807
v -0.08803 1.05000 -0.01871
v -0.04402 1.05000 -0.00936
v 0.00000 1.05000 0.00000
v 0.00000 0.00000 0.00000
v -0.04659 0.00300 -0.02074
v -0.09318 0.00600 -0.04149
v -0.13977 0.00900 -0.06223
v -0.18636 0.01200 -0.08297
v -0.23295 0.01500 -0.10372
v -0.27954 0.01800 -0.12446
v -0.31243 0.02500 -0.13910
v -0.31791 0.04000 -0.14154
v -0.32340 0.05500 -0.14398
v -0.32888 0.07000 -0.14643
v -0.33436 0.08500 -0.14887
v -0.33984 0.10000 -0.15131
v -0.34532 0.11500 -0.15375
v -0.34532 0.13800 -0.15375
v -0.34258 0.16500 -0.15253
v -0.33984 0.19200 -0.15131
v -0.33710 0.21900 -0.15009
v -0.33436 0.24600 -0.14887
v -0.33162 0.27300 -0.14765
v -0.32888 0.30000 -0.14643
v -0.33436 0.31800 -0.14887
v -0.33984 0.33600 -0.15131
v -0.34532 0.35400 -0.15375
v -0.35080 0.37200 -0.15619
v -0.35628 0.39000 -0.15863
v -0.36176 0.40800 -0.16107
v -0.36359 0.42900 -0.16188
v -0.35811 0.45600 -0.15944
v -0.35263 0.48300 -0.15700
v -0.34715 0.51000 -0.15456
v -0.34167 0.53700 -0.15212
v -0.33618 0.56400 -0.14968
v -0.33070 0.59100 -0.14724
v -0.33070 0.62000 -0.14724
v -0.33344 0.65000 -0.14846
v -0.33618 0.68000 -0.14968
v -0.33893 0.71000 -0.15090
v -0.34167 0.74000 -0.15212
v -0.34441 0.77000 -0.15334
v -0.34715 0.80000 -0.15456
v -0.34167 0.82100 -0.15212
v -0.33618 0.84200 -0.14968
v -0.33070 0.86300 -0.14724
v -0.32522 0.88400 -0.14480
v -0.31974 0.90500 -0.14236
v -0.31426 0.92600 -0.13992
v -0.30878 0.94550 -0.13748
v -0.30330 0.96200 -0.13504
v -0.29782 0.97850 -0.13260
v -0.29233 0.99500 -0.13016
v -0.28685 1.01150 -0.12772
v -0.28137 1.02800 -0.12527
v -0.27589 1.04450 -0.12283
v -0.24666 1.05000 -0.10982
v -0.20555 1.05000 -0.09152
v -0.16444 1.05000 -0.07321
v -0.12333 1.05000 -0.05491
v -0.08222 1.05000 -0.03661
v -0.04111 1.05000 -0.01830
v 0.00000 1.05000 0.00000
v 0.00000 0.00000 0.00000
v -0.04126 0.00300 -0.02998
v -0.08252 0.00600 -0.05995
v -0.12378 0.00900 -0.08993
v -0.16504 0.01200 -0.11991
v -0.20630 0.01500 -0.14989
v -0.24756 0.01800 -0.17986
v -0.27668 0.02500 -0.20102
v -0.28154 0.04000 -0.20455
v -0.28639 0.05500 -0.20808
v -0.29125 0.07000 -0.21160
v -0.29610 0.08500 -0.21513
v -0.30095 0.10000 -0.21866
v -0.30581 0.11500 -0.22218
v -0.30581 0.13800 -0.22218
v -0.30338 0.16500 -0.22042
v -0.30095 0.19200 -0.21866
v -0.29853 0.21900 -0.21689
v -0.29610 0.24600 -0.21513
v -0.29367 0.27300 -0.21337
v -0.29125 0.30000 -0.21160
v -0.29610 0.31800 -0.21513
v -0.30095 0.33600 -0.21866
v -0.30581 0.35400 -0.22218
v -0.31066 0.37200 -0.22571
v -0.31552 0.39000 -0.22924
v -0.32037 0.40800 -0.23276
v -0.32199 0.42900 -0.23394
v -0.31713 0.45600 -0.23041
v -0.31228 0.48300 -0.22689
v -0.30743 0.51000 -0.22336
v -0.30257 0.53700 -0.21983
v -0.29772 0.56400 -0.21630
v -0.29286 0.59100 -0.21278
v -0.29286 0.62000 -0.21278
v -0.29529 0.65000 -0.21454
v -0.29772 0.68000 -0.21630
v -0.30015 0.71000 -0.21807
v -0.30257 0.74000 -0.21983
v -0.30500 0.77000 -0.22160
v -0.30743 0.80000 -0.22336
v -0.30257 0.82100 -0.21983
v -0.29772 0.84200 -0.21630
v -0.29286 0.86300 -0.21278
v -0.28801 0.88400 -0.20925
v -0.28316 0.90500 -0.20572
v -0.27830 0.92600 -0.20220
v -0.27345 0.94550 -0.19867
v -0.26859 0.96200 -0.19514
v -0.26374 0.97850 -0.19162
v -0.25889 0.99500 -0.18809
v -0.25403 1.01150 -0.18456
v -0.24918 1.02800 -0.18104
v -0.24432 1.04450 -0.17751
v -0.21843 1.05000 -0.15870
v -0.18203 1.05000 -0.13225
v -0.14562 1.05000 -0.10580
v -0.10922 1.05000 -0.07935
v -0.07281 1.05000 -0.05290
v -0.03641 1.05000 -0.02645
v 0.00000 1.05000 0.00000
v 0.00000 0.00000 0.00000
v -0.03413 0.00300 -0.03790
v -0.06825 0.00600 -0.07580
v -0.10238 0.00900 -0.11370
v -0.13650 0.01200 -0.15160
v -0.17063 0.01500 -0.18950
v -0.20475 0.01800 -0.22740
v -0.22884 0.02500 -0.25416
v -0.23286 0.04000 -0.25861
v -0.23687 0.05500 -0.26307
v -0.24089 0.07000 -0.26753
v -0.24490 0.08500 -0.27199
v -0.24892 0.10000 -0.27645
v -0.25293 0.11500 -0.28091
v -0.25293 0.13800 -0.28091
v -0.25092 0.16500 -0.27868
v -0.24892 0.19200 -0.27645
v -0.24691 0.21900 -0.27422
v -0.24490 0.24600 -0.27199
v -0.24289 0.27300 -0.26976
v -0.24089 0.30000 -0.26753
v -0.24490 0.31800 -0.27199
v -0.24892 0.33600 -0.27645
v -0.25293 0.35400 -0.28091
v -0.25695 0.37200 -0.28537
v -0.26096 0.39000 -0.28983
v -0.26498 0.40800 -0.29429
v -0.26631 0.42900 -0.29577
v -0.26230 0.45600 -0.29131
v -0.25828 0.48300 -0.28685
v -0.25427 0.51000 -0.28240
v -0.25025 0.53700 -0.27794
v -0.24624 0.56400 -0.27348
v -0.24223 0.59100 -0.26902
v -0.24223 0.62000 -0.26902
v -0.24423 0.65000 -0.27125
v -0.24624 0.68000 -0.27348
v -0.24825 0.71000 -0.27571
v -0.25025 0.74000 -0.27794
v -0.25226 0.77000 -0.28017
v -0.25427 0.80000 -0.28240
v -0.25025 0.82100 -0.27794
v -0.24624 0.84200 -0.27348
v -0.24223 0.86300 -0.26902
v -0.23821 0.88400 -0.26456
v -0.23420 0.90500 -0.26010
v -0.23018 0.92600 -0.25564
v -0.22617 0.94550 -0.25118
v -0.22215 0.96200 -0.24672
v -0.21814 0.97850 -0.24227
v -0.21412 0.99500 -0.23781
v -0.21011 1.01150 -0.23335
v -0.20609 1.02800 -0.22889
v -0.20208 1.04450 -0.22443
v -0.18067 1.05000 -0.20065
v -0.15055 1.05000 -0.16721
v -0.12044 1.05000 -0.13377
v -0.09033 1.05000 -0.10032
v -0.06022 1.05000 -0.06688
v -0.03011 1.05000 -0.03344
v 0.00000 1.05000 0.00000
v 0.00000 0.00000 0.00000
v -0.02550 0.00300 -0.04417
v -0.05100 0.00600 -0.08833
v -0.07650 0.00900 -0.13250
v -0.10200 0.01200 -0.17667
v -0.12750 0.01500 -0.22084
v -0.15300 0.01800 -0.26500
v -0.17100 0.02500 -0.29618
v -0.17400 0.04000 -0.30138
v -0.17700 0.05500 -0.30657
v -0.18000 0.07000 -0.31177
v -0.18300 0.08500 -0.31697
v -0.18600 0.10000 -0.32216
v -0.18900 0.11500 -0.32736
v -0.18900 0.13800 -0.32736
v -0.18750 0.16500 -0.32476
v -0.18600 0.19200 -0.32216
v -0.18450 0.21900 -0.31956
v -0.18300 0.24600 -0.31697
v -0.18150 0.27300 -0.31437
v -0.18000 0.30000 -0.31177
v -0.18300 0.31800 -0.31697
v -0.18600 0.33600 -0.32216
v -0.18900 0.35400 -0.32736
v -0.19200 0.37200 -0.33255
v -0.19500 0.39000 -0.33775
v -0.19800 0.40800 -0.34295
v -0.19900 0.42900 -0.34468
v -0.19600 0.45600 -0.33948
v -0.19300 0.48300 -0.33429
v -0.19000 0.51000 -0.32909
v -0.18700 0.53700 -0.32389
v -0.18400 0.56400 -0.31870
v -0.18100 0.59100 -0.31350
v -0.18100 0.62000 -0.31350
v -0.18250 0.65000 -0.31610
v -0.18400 0.68000 -0.31870
v -0.18550 0.71000 -0.32130
v -0.18700 0.74000 -0.32389
v -0.18850 0.77000 -0.32649
v -0.19000 0.80000 -0.32909
v -0.18700 0.82100 -0.32389
v -0.18400 0.84200 -0.31870
v -0.18100 0.86300 -0.31350
v -0.17800 0.88400 -0.30831
v -0.17500 0.90500 -0.30311
v -0.17200 0.92600 -0.29791
v -0.16900 0.94550 -0.29272
v -0.16600 0.96200 -0.28752
v -0.16300 0.97850 -0.28232
v -0.16000 0.99500 -0.27713
v -0.15700 1.01150 -0.27193
v -0.15400 1.02800 -0.26674
v -0.15100 1.04450 -0.26154
v -0.13500 1.05000 -0.23383
v -0.11250 1.05000 -0.19486
v -0.09000 1.05000 -0.15588
v -0.06750 1.05000 -0.11691
v -0.04500 1.05000 -0.07794
v -0.02250 1.05000 -0.03897
v 0.00000 1.05000 0.00000
v 0.00000 0.00000 0.00000
v -0.01576 0.00300 -0.04850
v -0.03152 0.00600 -0.09701
v -0.04728 0.00900 -0.14551
v -0.06304 0.01200 -0.19402
v -0.07880 0.01500 -0.24252
v -0.09456 0.01800 -0.29102
v -0.10568 0.02500 -0.32526
v -0.10754 0.04000 -0.33097
v -0.10939 0.05500 -0.33667
v -0.11125 0.07000 -0.34238
v -0.11310 0.08500 -0.34809
v -0.11495 0.10000 -0.35379
v -0.11681 0.11500 -0.35950
v -0.11681 0.13800 -0.35950
v -0.11588 0.16500 -0.35665
v -0.11495 0.19200 -0.35379
v -0.11403 0.21900 -0.35094
v -0.11310 0.24600 -0.34809
v -0.11217 0.27300 -0.34523
v -0.11125 0.30000 -0.34238
v -0.11310 0.31800 -0.34809
v -0.11495 0.33600 -0.35379
v -0.11681 0.35400 -0.35950
v -0.11866 0.37200 -0.36521
v -0.12052 0.39000 -0.37091
v -0.12237 0.40800 -0.37662
v -0.12299 0.42900 -0.37852
v -0.12113 0.45600 -0.37281
v -0.11928 0.48300 -0.36711
v -0.11743 0.51000 -0.36140
v -0.11557 0.53700 -0.35570
v -0.11372 0.56400 -0.34999
v -0.11186 0.59100 -0.34428
v -0.11186 0.62000 -0.34428
v -0.11279 0.65000 -0.34714
v -0.11372 0.68000 -0.34999
v -0.11465 0.71000 -0.35284
v -0.11557 0.74000 -0.35570
v -0.11650 0.77000 -0.35855
v -0.11743 0.80000 -0.36140
v -0.11557 0.82100 -0.35570
v -0.11372 0.84200 -0.34999
v -0.11186 0.86300 -0.34428
v -0.11001 0.88400 -0.33858
v -0.10816 0.90500 -0.33287
v -0.10630 0.92600 -0.32716
v -0.10445 0.94550 -0.32146
v -0.10259 0.96200 -0.31575
v -0.10074 0.97850 -0.31004
v -0.09889 0.99500 -0.30434
v -0.09703 1.01150 -0.29863
v -0.09518 1.02800 -0.29293
v -0.09332 1.04450 -0.28722
v -0.08343 1.05000 -0.25679
v -0.06953 1.05000 -0.21399
v -0.05562 1.05000 -0.17119
v -0.04172 1.05000 -0.12839
v -0.02781 1.05000 -0.08560
v -0.01391 1.05000 -0.04280
v 0.00000 1.05000 0.00000
v 0.00000 0.00000 0.00000
v -0.00533 0.00300 -0.05072
v -0.01066 0.00600 -0.10144
v -0.01599 0.00900 -0.15216
v -0.02132 0.01200 -0.20288
v -0.02665 0.01500 -0.25360
v -0.03199 0.01800 -0.30432
v -0.03575 0.02500 -0.34013
v -0.03638 0.04000 -0.34609
v -0.03700 0.05500 -0.35206
v -0.03763 0.07000 -0.35803
v -0.03826 0.08500 -0.36400
v -0.03888 0.10000 -0.36996
v -0.03951 0.11500 -0.37593
v -0.03951 0.13800 -0.37593
v -0.03920 0.16500 -0.37295
v -0.03888 0.19200 -0.36996
v -0.03857 0.21900 -0.36698
v -0.03826 0.24600 -0.36400
v -0.03794 0.27300 -0.36101
v -0.03763 0.30000 -0.35803
v -0.03826 0.31800 -0.36400
v -0.03888 0.33600 -0.36996
v -0.03951 0.35400 -0.37593
v -0.04014 0.37200 -0.38190
v -0.04077 0.39000 -0.38786
v -0.04139 0.40800 -0.39383
v -0.04160 0.42900 -0.39582
v -0.04098 0.45600 -0.38985
v -0.04035 0.48300 -0.38389
v -0.03972 0.51000 -0.37792
v -0.03909 0.53700 -0.37195
v -0.03847 0.56400 -0.36598
v -0.03784 0.59100 -0.36002
v -0.03784 0.62000 -0.36002
v -0.03815 0.65000 -0.36300
v -0.03847 0.68000 -0.36598
v -0.03878 0.71000 -0.36897
v -0.03909 0.74000 -0.37195
v -0.03941 0.77000 -0.37493
v -0.03972 0.80000 -0.37792
v -0.03909 0.82100 -0.37195
v -0.03847 0.84200 -0.36598
v -0.03784 0.86300 -0.36002
v -0.03721 0.88400 -0.35405
v -0.03658 0.90500 -0.34808
v -0.03596 0.92600 -0.34212
v -0.03533 0.94550 -0.33615
v -0.03470 0.96200 -0.33018
v -0.03408 0.97850 -0.32421
v -0.03345 0.99500 -0.31825
v -0.03282 1.01150 -0.31228
v -0.03219 1.02800 -0.30631
v -0.03157 1.04450 -0.30035
v -0.02822 1.05000 -0.26852
v -0.02352 1.05000 -0.22377
v -0.01882 1.05000 -0.17901
v -0.01411 1.05000 -0.13426
v -0.00941 1.05000 -0.08951
v -0.00470 1.05000 -0.04475
v 0.00000 1.05000 0.00000
v 0.00000 0.00000 0.00000
v 0.00533 0.00300 -0.05072
v 0.01066 0.00600 -0.10144
v 0.01599 0.00900 -0.15216
v 0.02132 0.01200 -0.20288
v 0.02665 0.01500 -0.25360
v 0.03199 0.01800 -0.30432
v 0.03575 0.02500 -0.34013
v 0.03638 0.04000 -0.34609
v 0.03700 0.05500 -0.35206
v 0.03763 0.07000 -0.35803
v 0.03826 0.08500 -0.36400
v 0.03888 0.10000 -0.36996
v 0.03951 0.11500 -0.37593
v 0.03951 0.13800 -0.37593
v 0.03920 0.16500 -0.37295
v 0.03888 0.19200 -0.36996
v 0.03857 0.21900 -0.36698
v 0.03826 0.24600 -0.36400
v 0.03794 0.27300 -0.36101
v 0.03763 0.30000 -0.35803
v 0.03826 0.31800 -0.36400
v 0.03888 0.33600 -0.36996
v 0.03951 0.35400 -0.37593
v 0.04014 0.37200 -0.38190
v 0.04077 0.39000 -0.38786
v 0.04139 0.40800 -0.39383
v 0.04160 0.42900 -0.39582
v 0.04098 0.45600 -0.38985
v 0.04035 0.48300 -0.38389
v 0.03972 0.51000 -0.37792
v 0.03909 0.53700 -0.37195
v 0.03847 0.56400 -0.36598
v 0.03784 0.59100 -0.36002
v 0.03784 0.62000 -0.36002
v 0.03815 0.65000 -0.36300
v 0.03847 0.68000 -0.36598
v 0.03878 0.71000 -0.36897
v 0.03909 0.74000 -0.37195
v 0.03941 0.77000 -0.37493
v 0.03972 0.80000 -0.37792
v 0.03909 0.82100 -0.37195
v 0.03847 0.84200 -0.36598
v 0.03784 0.86300 -0.36002
v 0.03721 0.88400 -0.35405
v 0.03658 0.90500 -0.34808
v 0.03596 0.92600 -0.34212
v 0.03533 0.94550 -0.33615
v 0.03470 0.96200 -0.33018
v 0.03408 0.97850 -0.32421
v 0.03345 0.99500 -0.31825
v 0.03282 1.01150 -0.31228
v 0.03219 1.02800 -0.30631
v 0.03157 1.04450 -0.30035
v 0.02822 1.05000 -0.26852
v 0.02352 1.05000 -0.22377
v 0.01882 1.05000 -0.17901
v 0.01411 1.05000 -0.13426
v 0.00941 1.05000 -0.08951
v 0.00470 1.05000 -0.04475
v 0.00000 1.05000 0.00000
v 0.00000 0.00000 0.00000
v 0.01576 0.00300 -0.04850
v 0.03152 0.00600 -0.09701
v 0.04728 0.00900 -0.14551
v 0.06304 0.01200 -0.19402
v 0.07880 0.01500 -0.24252
v 0.09456 0.01800 -0.29102
v 0.10568 0.02500 -0.32526
v 0.10754 0.04000 -0.33097
v 0.10939 0.05500 -0.33667
v 0.11125 0.07000 -0.34238
v 0.11310 0.08500 -0.34809
v 0.11495 0.10000 -0.35379
v 0.11681 0.11500 -0.35950
v 0.11681 0.13800 -0.35950
v 0.11588 0.16500 -0.35665
v 0.11495 0.19200 -0.35379
v 0.11403 0.21900 -0.35094
v 0.11310 0.24600 -0.34809
v 0.11217 0.27300 -0.34523
v 0.11125 0.30000 -0.34238
v 0.11310 0.31800 -0.34809
v 0.11495 0.33600 -0.35379
v 0.11681 0.35400 -0.35950
v 0.11866 0.37200 -0.36521
v 0.12052 0.39000 -0.37091
v 0.12237 0.40800 -0.37662
v 0.12299 0.42900 -0.37852
v 0.12113 0.45600 -0.37281
v 0.11928 0.48300 -0.36711
v 0.11743 0.51000 -0.36140
v 0.11557 0.53700 -0.35570
v 0.11372 0.56400 -0.34999
v 0.11186 0.59100 -0.34428
v 0.11186 0.62000 -0.34428
v 0.11279 0.65000 -0.34714
v 0.11372 0.68000 -0.34999
v 0.11465 0.71000 -0.35284
v 0.11557 0.74000 -0.35570
v 0.11650 0.77000 -0.35855
v 0.11743 0.80000 -0.36140
v 0.11557 0.82100 -0.35570
v 0.11372 0.84200 -0.34999
v 0.11186 0.86300 -0.34428
v 0.11001 0.88400 -0.33858
v 0.10816 0.90500 -0.33287
v 0.10630 0.92600 -0.32716
v 0.10445 0.94550 -0.32146
v 0.10259 0.96200 -0.31575
v 0.10074 0.97850 -0.31004
v 0.09889 0.99500 -0.30434
v 0.09703 1.01150 -0.29863
v 0.09518 1.02800 -0.29293
v 0.09332 1.04450 -0.28722
v 0.08343 1.05000 -0.25679
v 0.06953 1.05000 -0.21399
v 0.05562 1.05000 -0.17119
v 0.04172 1.05000 -0.12839
v 0.02781 1.05000 -0.08560
v 0.01391 1.05000 -0.04280
v 0.00000 1.05000 0.00000
v 0.00000 0.00000 0.00000
v 0.02550 0.00300 -0.04417
v 0.05100 0.00600 -0.08833
v 0.07650 0.00900 -0.13250
v 0.10200 0.01200 -0.17667
v 0.12750 0.01500 -0.22084
v 0.15300 0.01800 -0.26500
v 0.17100 0.02500 -0.29618
v 0.17400 0.04000 -0.30138
v 0.17700 0.05500 -0.30657
v 0.18000 0.07000 -0.31177
v 0.18300 0.08500 -0.31697
v 0.18600 0.10000 -0.32216
v 0.18900 0.11500 -0.32736
v 0.18900 0.13800 -0.32736
v 0.18750 0.16500 -0.32476
v 0.18600 0.19200 -0.32216
v 0.18450 0.21900 -0.31956
v 0.18300 0.24600 -0.31697
v 0.18150 0.27300 -0.31437
v 0.18000 0.30000 -0.31177
v 0.18300 0.31800 -0.31697
v 0.18600 0.33600 -0.32216
v 0.18900 0.35400 -0.32736
v 0.19200 0.37200 -0.33255
v 0.19500 0.39000 -0.33775
v 0.19800 0.40800 -0.34295
v 0.19900 0.42900 -0.34468
v 0.19600 0.45600 -0.33948
v 0.19300 0.48300 -0.33429
v 0.19000 0.51000 -0.32909
v 0.18700 0.53700 -0.32389
v 0.18400 0.56400 -0.31870
v 0.18100 0.59100 -0.31350
v 0.18100 0.62000 -0.31350
v 0.18250 0.65000 -0.31610
v 0.18400 0.68000 -0.31870
v 0.18550 0.71000 -0.32130
v 0.18700 0.74000 -0.32389
v 0.18850 0.77000 -0.32649
v 0.19000 0.80000 -0.32909
v 0.18700 0.82100 -0.32389
v 0.18400 0.84200 -0.31870
v 0.18100 0.86300 -0.31350
v 0.17800 0.88400 -0.30831
v 0.17500 0.90500 -0.30311
v 0.17200 0.92600 -0.29791
v 0.16900 0.94550 -0.29272
v 0.16600 0.96200 -0.28752
v 0.16300 0.97850 -0.28232
v 0.16000 0.99500 -0.27713
v 0.15700 1.01150 -0.27193
v 0.15400 1.02800 -0.26674
v 0.15100 1.04450 -0.26154
v 0.13500 1.05000 -0.23383
v 0.11250 1.05000 -0.19486
v 0.09000 1.05000 -0.15588
v 0.06750 1.05000 -0.11691
v 0.04500 1.05000 -0.07794
v 0.02250 1.05000 -0.03897
v 0.00000 1.05000 0.00000
v 0.00000 0.00000 0.00000
v 0.03413 0.00300 -0.03790
v 0.06825 0.00600 -0.07580
v 0.10238 0.00900 -0.11370
v 0.13650 0.01200 -0.15160
v 0.17063 0.01500 -0.18950
v 0.20475 0.01800 -0.22740
v 0.22884 0.02500 -0.25416
v 0.23286 0.04000 -0.25861
v 0.23687 0.05500 -0.26307
v 0.24089 0.07000 -0.26753
v 0.24490 0.08500 -0.27199
v 0.24892 0.10000 -0.27645
v 0.25293 0.11500 -0.28091
v 0.25293 0.13800 -0.28091
v 0.25092 0.16500 -0.27868
v 0.24892 0.19200 -0.27645
v 0.24691 0.21900 -0.27422
v 0.24490 0.24600 -0.27199
v 0.24289 0.27300 -0.26976
v 0.24089 0.30000 -0.26753
v 0.24490 0.31800 -0.27199
v 0.24892 0.33600 -0.27645
v 0.25293 0.35400 -0.28091
v 0.25695 0.37200 -0.28537
v 0.26096 0.39000 -0.28983
v 0.26498 0.40800 -0.29429
v 0.26631 0.42900 -0.29577
v 0.26230 0.45600 -0.29131
v 0.25828 0.48300 -0.28685
v 0.25427 0.51000 -0.28240
v 0.25025 0.53700 -0.27794
v 0.24624 0.56400 -0.27348
v 0.24223 0.59100 -0.26902
v 0.24223 0.62000 -0.26902
v 0.24423 0.65000 -0.27125
v 0.24624 0.68000 -0.27348
v 0.24825 0.71000 -0.27571
v 0.25025 0.74000 -0.27794
v 0.25226 0.77000 -0.28017
v 0.25427 0.80000 -0.28240
v 0.25025 0.82100 -0.27794
v 0.24624 0.84200 -0.27348
v 0.24223 0.86300 -0.26902
v 0.23821 0.88400 -0.26456
v 0.23420 0.90500 -0.26010
v 0.23018 0.92600 -0.25564
v 0.22617 0.94550 -0.25118
v 0.22215 0.96200 -0.24672
v 0.21814 0.97850 -0.24227
v 0.21412 0.99500 -0.23781
v 0.21011 1.01150 -0.23335
v 0.20609 1.02800 -0.22889
v 0.20208 1.04450 -0.22443
v 0.18067 1.05000 -0.20065
v 0.15055 1.05000 -0.16721
v 0.12044 1.05000 -0.13377
v 0.09033 1.05000 -0.10032
v 0.06022 1.05000 -0.06688
v 0.03011 1.05000 -0.03344
v 0.00000 1.05000 0.00000
v 0.00000 0.00000 0.00000
v 0.04126 0.00300 -0.02998
v 0.08252 0.00600 -0.05995
v 0.12378 0.00900 -0.08993
v 0.16504 0.01200 -0.11991
v 0.20630 0.01500 -0.14989
v 0.24756 0.01800 -0.17986
v 0.27668 0.02500 -0.20102
v 0.28154 0.04000 -0.20455
v 0.28639 0.05500 -0.20808
v 0.29125 0.07000 -0.21160
v 0.29610 0.08500 -0.21513
v 0.30095 0.10000 -0.21866
v 0.30581 0.11500 -0.22218
v 0.30581 0.13800 -0.22218
v 0.30338 0.16500 -0.22042
v 0.30095 0.19200 -0.21866
v 0.29853 0.21900 -0.21689
v 0.29610 0.24600 -0.21513
v 0.29367 0.27300 -0.21337
v 0.29125 0.30000 -0.21160
v 0.29610 0.31800 -0.21513
v 0.30095 0.33600 -0.21866
v 0.30581 0.35400 -0.22218
v 0.31066 0.37200 -0.22571
v 0.31552 0.39000 -0.22924
v 0.32037 0.40800 -0.23276
v 0.32199 0.42900 -0.23394
v 0.31713 0.45600 -0.23041
v 0.31228 0.48300 -0.22689
v 0.30743 0.51000 -0.22336
v 0.30257 0.53700 -0.21983
v 0.29772 0.56400 -0.21630
v 0.29286 0.59100 -0.21278
v 0.29286 0.62000 -0.21278
v 0.29529 0.65000 -0.21454
v 0.29772 0.68000 -0.21630
v 0.30015 0.71000 -0.21807
v 0.30257 0.74000 -0.21983
v 0.30500 0.77000 -0.22160
v 0.30743 0.80000 -0.22336
v 0.30257 0.82100 -0.21983
v 0.29772 0.84200 -0.21630
v 0.29286 0.86300 -0.21278
v 0.28801 0.88400 -0.20925
v 0.28316 0.90500 -0.20572
v 0.27830 0.92600 -0.20220
v 0.27345 0.94550 -0.19867
v 0.26859 0.96200 -0.19514
v 0.26374 0.97850 -0.19162
v 0.25889 0.99500 -0.18809
v 0.25403 1.01150 -0.18456
v 0.24918 1.02800 -0.18104
v 0.24432 1.04450 -0.17751
v 0.21843 1.05000 -0.15870
v 0.18203 1.05000 -0.13225
v 0.14562 1.05000 -0.10580
v 0.10922 1.05000 -0.07935
v 0.07281 1.05000 -0.05290
v 0.03641 1.05000 -0.02645
v 0.00000 1.05000 0.00000
v 0.00000 0.00000 0.00000
v 0.04659 0.00300 -0.02074
v 0.09318 0.00600 -0.04149
v 0.13977 0.00900 -0.06223
v 0.18636 0.01200 -0.08297
v 0.23295 0.01500 -0.10372
v 0.27954 0.01800 -0.12446
v 0.31243 0.02500 -0.13910
v 0.31791 0.04000 -0.14154
v 0.32340 0.05500 -0.14398
v 0.32888 0.07000 -0.14643
v 0.33436 0.08500 -0.14887
v 0.33984 0.10000 -0.15131
v 0.34532 0.11500 -0.15375
v 0.34532 0.13800 -0.15375
v 0.34258 0.16500 -0.15253
v 0.33984 0.19200 -0.15131
v 0.33710 0.21900 -0.15009
v 0.33436 0.24600 -0.14887
v 0.33162 0.27300 -0.14765
v 0.32888 0.30000 -0.14643
v 0.33436 0.31800 -0.14887
v 0.33984 0.33600 -0.15131
v 0.34532 0.35400 -0.15375
v 0.35080 0.37200 -0.15619
v 0.35628 0.39000 -0.15863
v 0.36176 0.40800 -0.16107
v 0.36359 0.42900 -0.16188
v 0.35811 0.45600 -0.15944
v 0.35263 0.48300 -0.15700
v 0.34715 0.51000 -0.15456
v 0.34167 0.53700 -0.15212
v 0.33618 0.56400 -0.14968
v 0.33070 0.59100 -0.14724
v 0.33070 0.62000 -0.14724
v 0.33344 0.65000 -0.14846
v 0.33618 0.68000 -0.14968
v 0.33893 0.71000 -0.15090
v 0.34167 0.74000 -0.15212
v 0.34441 0.77000 -0.15334
v 0.34715 0.80000 -0.15456
v 0.34167 0.82100 -0.15212
v 0.33618 0.84200 -0.14968
v 0.33070 0.86300 -0.14724
v 0.32522 0.88400 -0.14480
v 0.31974 0.90500 -0.14236
v 0.31426 0.92600 -0.13992
v 0.30878 0.94550 -0.13748
v 0.30330 0.96200 -0.13504
v 0.29782 0.97850 -0.13260
v 0.29233 0.99500 -0.13016
v 0.28685 1.01150 -0.12772
v 0.28137 1.02800 -0.12527
v 0.27589 1.04450 -0.12283
v 0.24666 1.05000 -0.10982
v 0.20555 1.05000 -0.09152
v 0.16444 1.05000 -0.07321
v 0.12333 1.05000 -0.05491
v 0.08222 1.05000 -0.03661
v 0.04111 1.05000 -0.01830
v 0.00000 1.05000 0.00000
v 0.00000 0.00000 0.00000
v 0.04989 0.00300 -0.01060
v 0.09977 0.00600 -0.02121
v 0.14966 0.00900 -0.03181
v 0.19954 0.01200 -0.04241
v 0.24943 0.01500 -0.05302
v 0.29931 0.01800 -0.06362
v 0.33453 0.02500 -0.07111
v 0.34040 0.04000 -0.07235
v 0.34626 0.05500 -0.07360
v 0.35213 0.07000 -0.07485
v 0.35800 0.08500 -0.07610
v 0.36387 0.10000 -0.07734
v 0.36974 0.11500 -0.07859
v 0.36974 0.13800 -0.07859
v 0.36681 0.16500 -0.07797
v 0.36387 0.19200 -0.07734
v 0.36094 0.21900 -0.07672
v 0.35800 0.24600 -0.07610
v 0.35507 0.27300 -0.07547
v 0.35213 0.30000 -0.07485
v 0.35800 0.31800 -0.07610
v 0.36387 0.33600 -0.07734
v 0.36974 0.35400 -0.07859
v 0.37561 0.37200 -0.07984
v 0.38148 0.39000 -0.08109
v 0.38735 0.40800 -0.08233
v 0.38930 0.42900 -0.08275
v 0.38343 0.45600 -0.08150
v 0.37756 0.48300 -0.08025
v 0.37170 0.51000 -0.07901
v 0.36583 0.53700 -0.07776
v 0.35996 0.56400 -0.07651
v 0.35409 0.59100 -0.07526
v 0.35409 0.62000 -0.07526
v 0.35702 0.65000 -0.07589
v 0.35996 0.68000 -0.07651
v 0.36289 0.71000 -0.07714
v 0.36583 0.74000 -0.07776
v 0.36876 0.77000 -0.07838
v 0.37170 0.80000 -0.07901
v 0.36583 0.82100 -0.07776
v 0.35996 0.84200 -0.07651
v 0.35409 0.86300 -0.07526
v 0.34822 0.88400 -0.07402
v 0.34235 0.90500 -0.07277
v 0.33648 0.92600 -0.07152
v 0.33061 0.94550 -0.07027
v 0.32475 0.96200 -0.06903
v 0.31888 0.97850 -0.06778
v 0.31301 0.99500 -0.06653
v 0.30714 1.01150 -0.06528
v 0.30127 1.02800 -0.06404
v 0.29540 1.04450 -0.06279
v 0.26410 1.05000 -0.05614
v 0.22008 1.05000 -0.04678
v 0.17607 1.05000 -0.03742
v 0.13205 1.05000 -0.02807
v 0.08803 1.05000 -0.01871
v 0.04402 1.05000 -0.00936
v 0.00000 1.05000 0.00000
v 0.00000 0.00000 0.00000
v 0.05100 0.00300 -0.00000
v 0.10200 0.00600 -0.00000
v 0.15300 0.00900 -0.00000
v 0.20400 0.01200 -0.00000
v 0.25500 0.01500 -0.00000
v 0.30600 0.01800 -0.00000
v 0.34200 0.02500 -0.00000
v 0.34800 0.04000 -0.00000
v 0.35400 0.05500 -0.00000
v 0.36000 0.07000 -0.00000
v 0.36600 0.08500 -0.00000
v 0.37200 0.10000 -0.00000
v 0.37800 0.11500 -0.00000
v 0.37800 0.13800 -0.00000
v 0.37500 0.16500 -0.00000
v 0.37200 0.19200 -0.00000
v 0.36900 0.21900 -0.00000
v 0.36600 0.24600 -0.00000
v 0.36300 0.27300 -0.00000
v 0.36000 0.30000 -0.00000
v 0.36600 0.31800 -0.00000
v 0.37200 0.33600 -0.00000
v 0.37800 0.35400 -0.00000
v 0.38400 0.37200 -0.00000
v 0.39000 0.39000 -0.00000
v 0.39600 0.40800 -0.00000
v 0.39800 0.42900 -0.00000
v 0.39200 0.45600 -0.00000
v 0.38600 0.48300 -0.00000
v 0.38000 0.51000 -0.00000
v 0.37400 0.53700 -0.00000
v 0.36800 0.56400 -0.00000
v 0.36200 0.59100 -0.00000
v 0.36200 0.62000 -0.00000
v 0.36500 0.65000 -0.00000
v 0.36800 0.68000 -0.00000
v 0.37100 0.71000 -0.00000
v 0.37400 0.74000 -0.00000
v 0.37700 0.77000 -0.00000
v 0.38000 0.80000 -0.00000
v 0.37400 0.82100 -0.00000
v 0.36800 0.84200 -0.00000
v 0.36200 0.86300 -0.00000
v 0.35600 0.88400 -0.00000
v 0.35000 0.90500 -0.00000
v 0.34400 0.92600 -0.00000
v 0.33800 0.94550 -0.00000
v 0.33200 0.96200 -0.00000
v 0.32600 0.97850 -0.00000
v 0.32000 0.99500 -0.00000
v 0.31400 1.01150 -0.00000
v 0.30800 1.02800 -0.00000
v 0.30200 1.04450 -0.00000
v 0.27000 1.05000 -0.00000
v 0.22500 1.05000 -0.00000
v 0.18000 1.05000 -0.00000
v 0.13500 1.05000 -0.00000
v 0.09000 1.05000 -0.00000
v 0.04500 1.05000 -0.00000
v 0.00000 1.05000 0.00000
vt 0.00000 0.00000
vt 0.00000 0.01667
vt 0.00000 0.03333
vt 0.00000 0.05000
vt 0.00000 0.06667
vt 0.00000 0.08333
vt 0.00000 0.10000
vt 0.00000 0.11667
vt 0.00000 0.13333
vt 0.00000 0.15000
vt 0.00000 0.16667
vt 0.00000 0.18333
vt 0.00000 0.20000
vt 0.00000 0.21667
vt 0.00000 0.23333
vt 0.00000 0.25000
vt 0.00000 0.26667
vt 0.00000 0.28333
vt 0.00000 0.30000
vt 0.00000 0.31667
vt 0.00000 0.33333
vt 0.00000 0.35000
vt 0.00000 0.36667
vt 0.00000 0.38333
vt 0.00000 0.40000
vt 0.00000 0.41667
vt 0.00000 0.43333
vt 0.00000 0.45000
vt 0.00000 0.46667
vt 0.00000 0.48333
vt 0.00000 0.50000
vt 0.00000 0.51667
vt 0.00000 0.53333
vt 0.00000 0.55000
vt 0.00000 0.56667
vt 0.00000 0.58333
vt 0.00000 0.60000
vt 0.00000 0.61667
vt 0.00000 0.63333
vt 0.00000 0.65000
vt 0.00000 0.66667
vt 0.00000 0.68333
vt 0.00000 0.70000
vt 0.00000 0.71667
vt 0.00000 0.73333
vt 0.00000 0.75000
vt 0.00000 0.76667
vt 0.00000 0.78333
vt 0.00000 0.80000
vt 0.00000 0.81667
vt 0.00000 0.83333
vt 0.00000 0.85000
vt 0.00000 0.86667
vt 0.00000 0.88333
vt 0.00000 0.90000
vt 0.00000 0.91667
vt 0.00000 0.93333
vt 0.00000 0.95000
vt 0.00000 0.96667
vt 0.00000 0.98333
vt 0.00000 1.00000
vt 0.03333 0.00000
vt 0.03333 0.01667
vt 0.03333 0.03333
vt 0.03333 0.05000
vt 0.03333 0.06667
vt 0.03333 0.08333
vt 0.03333 0.10000
vt 0.03333 0.11667
vt 0.03333 0.13333
vt 0.03333 0.15000
vt 0.03333 0.16667
vt 0.03333 0.18333
vt 0.03333 0.20000
vt 0.03333 0.21667
vt 0.03333 0.23333
vt 0.03333 0.25000
vt 0.03333 0.26667
vt 0.03333 0.28333
vt 0.03333 0.30000
vt 0.03333 0.31667
vt 0.03333 0.33333
vt 0.03333 0.35000
vt 0.03333 0.36667
vt 0.03333 0.38333
vt 0.03333 0.40000
vt 0.03333 0.41667
vt 0.03333 0.43333
vt 0.03333 0.45000
vt 0.03333 0.46667
vt 0.03333 0.48333
vt 0.03333 0.50000
vt 0.03333 0.51667
vt 0.03333 0.53333
vt 0.03333 0.55000
vt 0.03333 0.56667
vt 0.03333 0.58333
vt 0.03333 0.60000
vt 0.03333 0.61667
vt 0.03333 0.63333
vt 0.03333 0.65000
vt 0.03333 0.66667
vt 0.03333 0.68333
vt 0.03333 0.70000
vt 0.03333 0.71667
vt 0.03333 0.73333
vt 0.03333 0.75000
vt 0.03333 0.76667
vt 0.03333 0.78333
vt 0.03333 0.80000
vt 0.03333 0.81667
vt 0.03333 0.83333
vt 0.03333 0.85000
vt 0.03333 0.86667
vt 0.03333 0.88333
vt 0.03333 0.90000
vt 0.03333 0.91667
vt 0.03333 0.93333
vt 0.03333 0.95000
vt 0.03333 0.96667
vt 0.03333 0.98333
vt 0.03333 1.00000
vt 0.06667 0.00000
vt 0.06667 0.01667
vt 0.06667 0.03333
vt 0.06667 0.05000
vt 0.06667 0.06667
vt 0.06667 0.08333
vt 0.06667 0.10000
vt 0.06667 0.11667
vt 0.06667 0.13333
vt 0.06667 0.15000
vt 0.06667 0.16667
vt 0.06667 0.18333
vt 0.06667 0.20000
vt 0.06667 0.21667
vt 0.06667 0.23333
vt 0.06667 0.25000
vt 0.06667 0.26667
vt 0.06667 0.28333
vt 0.06667 0.30000
vt 0.06667 0.31667
vt 0.06667 0.33333
vt 0.06667 0.35000
vt 0.06667 0.36667
vt 0.06667 0.38333
vt 0.06667 0.40000
vt 0.06667 0.41667
vt 0.06667 0.43333
vt 0.06667 0.45000
vt 0.06667 0.46667
vt 0.06667 0.48333
vt 0.06667 0.50000
vt 0.06667 0.51667
vt 0.06667 0.53333
vt 0.06667 0.55000
vt 0.06667 0.56667
vt 0.06667 0.58333
vt 0.06667 0.60000
vt 0.06667 0.61667
vt 0.06667 0.63333
vt 0.06667 0.65000
vt 0.06667 0.66667
vt 0.06667 0.68333
vt 0.06667 0.70000
vt 0.06667 0.71667
vt 0.06667 0.73333
vt 0.06667 0.75000
vt 0.06667 0.76667
vt 0.06667 0.78333
vt 0.06667 0.80000
vt 0.06667 0.81667
vt 0.06667 0.83333
vt 0.06667 0.85000
vt 0.06667 0.86667
vt 0.06667 0.88333
vt 0.06667 0.90000
vt 0.06667 0.91667
vt 0.06667 0.93333
vt 0.06667 0.95000
vt 0.06667 0.96667
vt 0.06667 0.98333
vt 0.06667 1.00000
vt 0.10000 0.00000
vt 0.10000 0.01667
vt 0.10000 0.03333
vt 0.10000 0.05000
vt 0.10000 0.06667
vt 0.10000 0.08333
vt 0.10000 0.10000
vt 0.10000 0.11667
vt 0.10000 0.13333
vt 0.10000 0.15000
vt 0.10000 0.16667
vt 0.10000 0.18333
vt 0.10000 0.20000
vt 0.10000 0.21667
vt 0.10000 0.23333
vt 0.10000 0.25000
vt 0.10000 0.26667
vt 0.10000 0.28333
vt 0.10000 0.30000
vt 0.10000 0.31667
vt 0.10000 0.33333
vt 0.10000 0.35000
vt 0.10000 0.36667
vt 0.10000 0.38333
vt 0.10000 0.40000
vt 0.10000 0.41667
vt 0.10000 0.43333
vt 0.10000 0.45000
vt 0.10000 0.46667
vt 0.10000 0.48333
vt 0.10000 0.50000
vt 0.10000 0.51667
vt 0.10000 0.53333
vt 0.10000 0.55000
vt 0.10000 0.56667
vt 0.10000 0.58333
vt 0.10000 0.60000
vt 0.10000 0.61667
vt 0.10000 0.63333
vt 0.10000 0.65000
vt 0.10000 0.66667
vt 0.10000 0.68333
vt 0.10000 0.70000
vt 0.10000 0.71667
vt 0.10000 0.73333
vt 0.10000 0.75000
vt 0.10000 0.76667
vt 0.10000 0.78333
vt 0.10000 0.80000
vt 0.10000 0.81667
vt 0.10000 0.83333
vt 0.10000 0.85000
vt 0.10000 0.86667
vt 0.10000 0.88333
vt 0.10000 0.90000
vt 0.10000 0.91667
vt 0.10000 0.93333
vt 0.10000 0.95000
vt 0.10000 0.96667
vt 0.10000 0.98333
vt 0.10000 1.00000
vt 0.13333 0.00000
vt 0.13333 0.01667
vt 0.13333 0.03333
vt 0.13333 0.05000
vt 0.13333 0.06667
vt 0.13333 0.08333
vt 0.13333 0.10000
vt 0.13333 0.11667
vt 0.13333 0.13333
vt 0.13333 0.15000
vt 0.13333 0.16667
vt 0.13333 0.18333
vt 0.13333 0.20000
vt 0.13333 0.21667
vt 0.13333 0.23333
vt 0.13333 0.25000
vt 0.13333 0.26667
vt 0.13333 0.28333
vt 0.13333 0.30000
vt 0.13333 0.31667
vt 0.13333 0.33333
vt 0.13333 0.35000
vt 0.13333 0.36667
vt 0.13333 0.38333
vt 0.13333 0.40000
vt 0.13333 0.41667
vt 0.13333 0.43333
vt 0.13333 0.45000
vt 0.13333 0.46667
vt 0.13333 0.48333
vt 0.13333 0.50000
vt 0.13333 0.51667
vt 0.13333 0.53333
vt 0.13333 0.55000
vt 0.13333 0.56667
vt 0.13333 0.58333
vt 0.13333 0.60000
vt 0.13333 0.61667
vt 0.13333 0.63333
vt 0.13333 0.65000
vt 0.13333 0.66667
vt 0.13333 0.68333
vt 0.13333 0.70000
vt 0.13333 0.71667
vt 0.13333 0.73333
vt 0.13333 0.75000
vt 0.13333 0.76667
vt 0.13333 0.78333
vt 0.13333 0.80000
vt 0.13333 0.81667
vt 0.13333 0.83333
vt 0.13333 0.85000
vt 0.13333 0.86667
vt 0.13333 0.88333
vt 0.13333 0.90000
vt 0.13333 0.91667
vt 0.13333 0.93333
vt 0.13333 0.95000
vt 0.13333 0.96667
vt 0.13333 0.98333
vt 0.13333 1.00000
vt 0.16667 0.00000
vt 0.16667 0.01667
vt 0.16667 0.03333
vt 0.16667 0.05000
vt 0.16667 0.06667
vt 0.16667 0.08333
vt 0.16667 0.10000
vt 0.16667 0.11667
vt 0.16667 0.13333
vt 0.16667 0.15000
vt 0.16667 0.16667
vt 0.16667 0.18333
vt 0.16667 0.20000
vt 0.16667 0.21667
vt 0.16667 0.23333
vt 0.16667 0.25000
vt 0.16667 0.26667
vt 0.16667 0.28333
vt 0.16667 0.30000
vt 0.16667 0.31667
vt 0.16667 0.33333
vt 0.16667 0.35000
vt 0.16667 0.36667
vt 0.16667 0.38333
vt 0.16667 0.40000
vt 0.16667 0.41667
vt 0.16667 0.43333
vt 0.16667 0.45000
vt 0.16667 0.46667
vt 0.16667 0.48333
vt 0.16667 0.50000
vt 0.16667 0.51667
vt 0.16667 0.53333
vt 0.16667 0.55000
vt 0.16667 0.56667
vt 0.16667 0.58333
vt 0.16667 0.60000
vt 0.16667 0.61667
vt 0.16667 0.63333
vt 0.16667 0.65000
vt 0.16667 0.66667
vt 0.16667 0.68333
vt 0.16667 0.70000
vt 0.16667 0.71667
vt 0.16667 0.73333
vt 0.16667 0.75000
vt 0.16667 0.76667
vt 0.16667 0.78333
vt 0.16667 0.80000
vt 0.16667 0.81667
vt 0.16667 0.83333
vt 0.16667 0.85000
vt 0.16667 0.86667
vt 0.16667 0.88333
vt 0.16667 0.90000
vt 0.16667 0.91667
vt 0.16667 0.93333
vt 0.16667 0.95000
vt 0.16667 0.96667
vt 0.16667 0.98333
vt 0.16667 1.00000
vt 0.20000 0.00000
vt 0.20000 0.01667
vt 0.20000 0.03333
vt 0.20000 0.05000
vt 0.20000 0.06667
vt 0.20000 0.08333
vt 0.20000 0.10000
vt 0.20000 0.11667
vt 0.20000 0.13333
vt 0.20000 0.15000
vt 0.20000 0.16667
vt 0.20000 0.18333
vt 0.20000 0.20000
vt 0.20000 0.21667
vt 0.20000 0.23333
vt 0.20000 0.25000
vt 0.20000 0.26667
vt 0.20000 0.28333
vt 0.20000 0.30000
vt 0.20000 0.31667
vt 0.20000 0.33333
vt 0.20000 0.35000
vt 0.20000 0.36667
vt 0.20000 0.38333
vt 0.20000 0.40000
vt 0.20000 0.41667
vt 0.20000 0.43333
vt 0.20000 0.45000
vt 0.20000 0.46667
vt 0.20000 0.48333
vt 0.20000 0.50000
vt 0.20000 0.51667
vt 0.20000 0.53333
vt 0.20000 0.55000
vt 0.20000 0.56667
vt 0.20000 0.58333
vt 0.20000 0.60000
vt 0.20000 0.61667
vt 0.20000 0.63333
vt 0.20000 0.65000
vt 0.20000 0.66667
vt 0.20000 0.68333
vt 0.20000 0.70000
vt 0.20000 0.71667
vt 0.20000 0.73333
vt 0.20000 0.75000
vt 0.20000 0.76667
vt 0.20000 0.78333
vt 0.20000 0.80000
vt 0.20000 0.81667
vt 0.20000 0.83333
vt 0.20000 0.85000
vt 0.20000 0.86667
vt 0.20000 0.88333
vt 0.20000 0.90000
vt 0.20000 0.91667
vt 0.20000 0.93333
vt 0.20000 0.95000
vt 0.20000 0.96667
vt 0.20000 0.98333
vt 0.20000 1.00000
vt 0.23333 0.00000
vt 0.23333 0.01667
vt 0.23333 0.03333
vt 0.23333 0.05000
vt 0.23333 0.06667
vt 0.23333 0.08333
vt 0.23333 0.10000
vt 0.23333 0.11667
vt 0.23333 0.13333
vt 0.23333 0.15000
vt 0.23333 0.16667
vt 0.23333 0.18333
vt 0.23333 0.20000
vt 0.23333 0.21667
vt 0.23333 0.23333
vt 0.23333 0.25000
vt 0.23333 0.26667
vt 0.23333 0.28333
vt 0.23333 0.30000
vt 0.23333 0.31667
vt 0.23333 0.33333
vt 0.23333 0.35000
vt 0.23333 0.36667
vt 0.23333 0.38333
vt 0.23333 0.40000
vt 0.23333 0.41667
vt 0.23333 0.43333
vt 0.23333 0.45000
vt 0.23333 0.46667
vt 0.23333 0.48333
vt 0.23333 0.50000
vt 0.23333 0.51667
vt 0.23333 0.53333
vt 0.23333 0.55000
vt 0.23333 0.56667
vt 0.23333 0.58333
vt 0.23333 0.60000
vt 0.23333 0.61667
vt 0.23333 0.63333
vt 0.23333 0.65000
vt 0.23333 0.66667
vt 0.23333 0.68333
vt 0.23333 0.70000
vt 0.23333 0.71667
vt 0.23333 0.73333
vt 0.23333 0.75000
vt 0.23333 0.76667
vt 0.23333 0.78333
vt 0.23333 0.80000
vt 0.23333 0.81667
vt 0.23333 0.83333
vt 0.23333 0.85000
vt 0.23333 0.86667
vt 0.23333 0.88333
vt 0.23333 0.90000
vt 0.23333 0.91667
vt 0.23333 0.93333
vt 0.23333 0.95000
vt 0.23333 0.96667
vt 0.23333 0.98333
vt 0.23333 1.00000
vt 0.26667 0.00000
vt 0.26667 0.01667
vt 0.26667 0.03333
vt 0.26667 0.05000
vt 0.26667 0.06667
vt 0.26667 0.08333
vt 0.26667 0.10000
vt 0.26667 0.11667
vt 0.26667 0.13333
vt 0.26667 0.15000
vt 0.26667 0.16667
vt 0.26667 0.18333
vt 0.26667 0.20000
vt 0.26667 0.21667
vt 0.26667 0.23333
vt 0.26667 0.25000
vt 0.26667 0.26667
vt 0.26667 0.28333
vt 0.26667 0.30000
vt 0.26667 0.31667
vt 0.26667 0.33333
vt 0.26667 0.35000
vt 0.26667 0.36667
vt 0.26667 0.38333
vt 0.26667 0.40000
vt 0.26667 0.41667
vt 0.26667 0.43333
vt 0.26667 0.45000
vt 0.26667 0.46667
vt 0.26667 0.48333
vt 0.26667 0.50000
vt 0.26667 0.51667
vt 0.26667 0.53333
vt 0.26667 0.55000
vt 0.26667 0.56667
vt 0.26667 0.58333
vt 0.26667 0.60000
vt 0.26667 0.61667
vt 0.26667 0.63333
vt 0.26667 0.65000
vt 0.26667 0.66667
vt 0.26667 0.68333
vt 0.26667 0.70000
vt 0.26667 0.71667
vt 0.26667 0.73333
vt 0.26667 0.75000
vt 0.26667 0.76667
vt 0.26667 0.78333
vt 0.26667 0.80000
vt 0.26667 0.81667
vt 0.26667 0.83333
vt 0.26667 0.85000
vt 0.26667 0.86667
vt 0.26667 0.88333
vt 0.26667 0.90000
vt 0.26667 0.91667
vt 0.26667 0.93333
vt 0.26667 0.95000
vt 0.26667 0.96667
vt 0.26667 0.98333
vt 0.26667 1.00000
vt 0.30000 0.00000
vt 0.30000 0.01667
vt 0.30000 0.03333
vt 0.30000 0.05000
vt 0.30000 0.06667
vt 0.30000 0.08333
vt 0.30000 0.10000
vt 0.30000 0.11667
vt 0.30000 0.13333
vt 0.30000 0.15000
vt 0.30000 0.16667
vt 0.30000 0.18333
vt 0.30000 0.20000
vt 0.30000 0.21667
vt 0.30000 0.23333
vt 0.30000 0.25000
vt 0.30000 0.26667
vt 0.30000 0.28333
vt 0.30000 0.30000
vt 0.30000 0.31667
vt 0.30000 0.33333
vt 0.30000 0.35000
vt 0.30000 0.36667
vt 0.30000 0.38333
vt 0.30000 0.40000
vt 0.30000 0.41667
vt 0.30000 0.43333
vt 0.30000 0.45000
vt 0.30000 0.46667
vt 0.30000 0.48333
vt 0.30000 0.50000
vt 0.30000 0.51667
vt 0.30000 0.53333
vt 0.30000 0.55000
vt 0.30000 0.56667
vt 0.30000 0.58333
vt 0.30000 0.60000
vt 0.30000 0.61667
vt 0.30000 0.63333
vt 0.30000 0.65000
vt 0.30000 0.66667
vt 0.30000 0.68333
vt 0.30000 0.70000
vt 0.30000 0.71667
vt 0.30000 0.73333
vt 0.30000 0.75000
vt 0.30000 0.76667
vt 0.30000 0.78333
vt 0.30000 0.80000
vt 0.30000 0.81667
vt 0.30000 0.83333
vt 0.30000 0.85000
vt 0.30000 0.86667
vt 0.30000 0.88333
vt 0.30000 0.90000
vt 0.30000 0.91667
vt 0.30000 0.93333
vt 0.30000 0.95000
vt 0.30000 0.96667
vt 0.30000 0.98333
vt 0.30000 1.00000
vt 0.33333 0.00000
vt 0.33333 0.01667
vt 0.33333 0.03333
vt 0.33333 0.05000
vt 0.33333 0.06667
vt 0.33333 0.08333
vt 0.33333 0.10000
vt 0.33333 0.11667
vt 0.33333 0.13333
vt 0.33333 0.15000
vt 0.33333 0.16667
vt 0.33333 0.18333
vt 0.33333 0.20000
vt 0.33333 0.21667
vt 0.33333 0.23333
vt 0.33333 0.25000
vt 0.33333 0.26667
vt 0.33333 0.28333
vt 0.33333 0.30000
vt 0.33333 0.31667
vt 0.33333 0.33333
vt 0.33333 0.35000
vt 0.33333 0.36667
vt 0.33333 0.38333
vt 0.33333 0.40000
vt 0.33333 0.41667
vt 0.33333 0.43333
vt 0.33333 0.45000
vt 0.33333 0.46667
vt 0.33333 0.48333
vt 0.33333 0.50000
vt 0.33333 0.51667
vt 0.33333 0.53333
vt 0.33333 0.55000
vt 0.33333 0.56667
vt 0.33333 0.58333
vt 0.33333 0.60000
vt 0.33333 0.61667
vt 0.33333 0.63333
vt 0.33333 0.65000
vt 0.33333 0.66667
vt 0.33333 0.68333
vt 0.33333 0.70000
vt 0.33333 0.71667
vt 0.33333 0.73333
vt 0.33333 0.75000
vt 0.33333 0.76667
vt 0.33333 0.78333
vt 0.33333 0.80000
vt 0.33333 0.81667
vt 0.33333 0.83333
vt 0.33333 0.85000
vt 0.33333 0.86667
vt 0.33333 0.88333
vt 0.33333 0.90000
vt 0.33333 0.91667
vt 0.33333 0.93333
vt 0.33333 0.95000
vt 0.33333 0.96667
vt 0.33333 0.98333
vt 0.33333 1.00000
vt 0.36667 0.00000
vt 0.36667 0.01667
vt 0.36667 0.03333
vt 0.36667 0.05000
vt 0.36667 0.06667
vt 0.36667 0.08333
vt 0.36667 0.10000
vt 0.36667 0.11667
vt 0.36667 0.13333
vt 0.36667 0.15000
vt 0.36667 0.16667
vt 0.36667 0.18333
vt 0.36667 0.20000
vt 0.36667 0.21667
vt 0.36667 0.23333
vt 0.36667 0.25000
vt 0.36667 0.26667
vt 0.36667 0.28333
vt 0.36667 0.30000
vt 0.36667 0.31667
vt 0.36667 0.33333
vt 0.36667 0.35000
vt 0.36667 0.36667
vt 0.36667 0.38333
vt 0.36667 0.40000
vt 0.36667 0.41667
vt 0.36667 0.43333
vt 0.36667 0.45000
vt 0.36667 0.46667
vt 0.36667 0.48333
vt 0.36667 0.50000
vt 0.36667 0.51667
vt 0.36667 0.53333
vt 0.36667 0.55000
vt 0.36667 0.56667
vt 0.36667 0.58333
vt 0.36667 0.60000
vt 0.36667 0.61667
vt 0.36667 0.63333
vt 0.36667 0.65000
vt 0.36667 0.66667
vt 0.36667 0.68333
vt 0.36667 0.70000
vt 0.36667 0.71667
vt 0.36667 0.73333
vt 0.36667 0.75000
vt 0.36667 0.76667
vt 0.36667 0.78333
vt 0.36667 0.80000
vt 0.36667 0.81667
vt 0.36667 0.83333
vt 0.36667 0.85000
vt 0.36667 0.86667
vt 0.36667 0.88333
vt 0.36667 0.90000
vt 0.36667 0.91667
vt 0.36667 0.93333
vt 0.36667 0.95000
vt 0.36667 0.96667
vt 0.36667 0.98333
vt 0.36667 1.00000
vt 0.40000 0.00000
vt 0.40000 0.01667
vt 0.40000 0.03333
vt 0.40000 0.05000
vt 0.40000 0.06667
vt 0.40000 0.08333
vt 0.40000 0.10000
vt 0.40000 0.11667
vt 0.40000 0.13333
vt 0.40000 0.15000
vt 0.40000 0.16667
vt 0.40000 0.18333
vt 0.40000 0.20000
vt 0.40000 0.21667
vt 0.40000 0.23333
vt 0.40000 0.25000
vt 0.40000 0.26667
vt 0.40000 0.28333
vt 0.40000 0.30000
vt 0.40000 0.31667
vt 0.40000 0.33333
vt 0.40000 0.35000
vt 0.40000 0.36667
vt 0.40000 0.38333
vt 0.40000 0.40000
vt 0.40000 0.41667
vt 0.40000 0.43333
vt 0.40000 0.45000
vt 0.40000 0.46667
vt 0.40000 0.48333
vt 0.40000 0.50000
vt 0.40000 0.51667
vt 0.40000 0.53333
vt 0.40000 0.55000
vt 0.40000 0.56667
vt 0.40000 0.58333
vt 0.40000 0.60000
vt 0.40000 0.61667
vt 0.40000 0.63333
vt 0.40000 0.65000
vt 0.40000 0.66667
vt 0.40000 0.68333
vt 0.40000 0.70000
vt 0.40000 0.71667
vt 0.40000 0.73333
vt 0.40000 0.75000
vt 0.40000 0.76667
vt 0.40000 0.78333
vt 0.40000 0.80000
vt 0.40000 0.81667
vt 0.40000 0.83333
vt 0.40000 0.85000
vt 0.40000 0.86667
vt 0.40000 0.88333
vt 0.40000 0.90000
vt 0.40000 0.91667
vt 0.40000 0.93333
vt 0.40000 0.95000
vt 0.40000 0.96667
vt 0.40000 0.98333
vt 0.40000 1.00000
vt 0.43333 0.00000
vt 0.43333 0.01667
vt 0.43333 0.03333
vt 0.43333 0.05000
vt 0.43333 0.06667
vt 0.43333 0.08333
vt 0.43333 0.10000
vt 0.43333 0.11667
vt 0.43333 0.13333
vt 0.43333 0.15000
vt 0.43333 0.16667
vt 0.43333 0.18333
vt 0.43333 0.20000
vt 0.43333 0.21667
vt 0.43333 0.23333
vt 0.43333 0.25000
vt 0.43333 0.26667
vt 0.43333 0.28333
vt 0.43333 0.30000
vt 0.43333 0.31667
vt 0.43333 0.33333
vt 0.43333 0.35000
vt 0.43333 0.36667
vt 0.43333 0.38333
vt 0.43333 0.40000
vt 0.43333 0.41667
vt 0.43333 0.43333
vt 0.43333 0.45000
vt 0.43333 0.46667
vt 0.43333 0.48333
vt 0.43333 0.50000
vt 0.43333 0.51667
vt 0.43333 0.53333
vt 0.43333 0.55000
vt 0.43333 0.56667
vt 0.43333 0.58333
vt 0.43333 0.60000
vt 0.43333 0.61667
vt 0.43333 0.63333
vt 0.43333 0.65000
vt 0.43333 0.66667
vt 0.43333 0.68333
vt 0.43333 0.70000
vt 0.43333 0.71667
vt 0.43333 0.73333
vt 0.43333 0.75000
vt 0.43333 0.76667
vt 0.43333 0.78333
vt 0.43333 0.80000
vt 0.43333 0.81667
vt 0.43333 0.83333
vt 0.43333 0.85000
vt 0.43333 0.86667
vt 0.43333 0.88333
vt 0.43333 0.90000
vt 0.43333 0.91667
vt 0.43333 0.93333
vt 0.43333 0.95000
vt 0.43333 0.96667
vt 0.43333 0.98333
vt 0.43333 1.00000
vt 0.46667 0.00000
vt 0.46667 0.01667
vt 0.46667 0.03333
vt 0.46667 0.05000
vt 0.46667 0.06667
vt 0.46667 0.08333
vt 0.46667 0.10000
vt 0.46667 0.11667
vt 0.46667 0.13333
vt 0.46667 0.15000
vt 0.46667 0.16667
vt 0.46667 0.18333
vt 0.46667 0.20000
vt 0.46667 0.21667
vt 0.46667 0.23333
vt 0.46667 0.25000
vt 0.46667 0.26667
vt 0.46667 0.28333
vt 0.46667 0.30000
vt 0.46667 0.31667
vt 0.46667 0.33333
vt 0.46667 0.35000
vt 0.46667 0.36667
vt 0.46667 0.38333
vt 0.46667 0.40000
vt 0.46667 0.41667
vt 0.46667 0.43333
vt 0.46667 0.45000
vt 0.46667 0.46667
vt 0.46667 0.48333
vt 0.46667 0.50000
vt 0.46667 0.51667
vt 0.46667 0.53333
vt 0.46667 0.55000
vt 0.46667 0.56667
vt 0.46667 0.58333
vt 0.46667 0.60000
vt 0.46667 0.61667
vt 0.46667 0.63333
vt 0.46667 0.65000
vt 0.46667 0.66667
vt 0.46667 0.68333
vt 0.46667 0.70000
vt 0.46667 0.71667
vt 0.46667 0.73333
vt 0.46667 0.75000
vt 0.46667 0.76667
vt 0.46667 0.78333
vt 0.46667 0.80000
vt 0.46667 0.81667
vt 0.46667 0.83333
vt 0.46667 0.85000
vt 0.46667 0.86667
vt 0.46667 0.88333
vt 0.46667 0.90000
vt 0.46667 0.91667
vt 0.46667 0.93333
vt 0.46667 0.95000
vt 0.46667 0.96667
vt 0.46667 0.98333
vt 0.46667 1.00000
vt 0.50000 0.00000
vt 0.50000 0.01667
vt 0.50000 0.03333
vt 0.50000 0.05000
vt 0.50000 0.06667
vt 0.50000 0.08333
vt 0.50000 0.10000
vt 0.50000 0.11667
vt 0.50000 0.13333
vt 0.50000 0.15000
vt 0.50000 0.16667
vt 0.50000 0.18333
vt 0.50000 0.20000
vt 0.50000 0.21667
vt 0.50000 0.23333
vt 0.50000 0.25000
vt 0.50000 0.26667
vt 0.50000 0.28333
vt 0.50000 0.30000
vt 0.50000 0.31667
vt 0.50000 0.33333
vt 0.50000 0.35000
vt 0.50000 0.36667
vt 0.50000 0.38333
vt 0.50000 0.40000
vt 0.50000 0.41667
vt 0.50000 0.43333
vt 0.50000 0.45000
vt 0.50000 0.46667
vt 0.50000 0.48333
vt 0.50000 0.50000
vt 0.50000 0.51667
vt 0.50000 0.53333
vt 0.50000 0.55000
vt 0.50000 0.56667
vt 0.50000 0.58333
vt 0.50000 0.60000
vt 0.50000 0.61667
vt 0.50000 0.63333
vt 0.50000 0.65000
vt 0.50000 0.66667
vt 0.50000 0.68333
vt 0.50000 0.70000
vt 0.50000 0.71667
vt 0.50000 0.73333
vt 0.50000 0.75000
vt 0.50000 0.76667
vt 0.50000 0.78333
vt 0.50000 0.80000
vt 0.50000 0.81667
vt 0.50000 0.83333
vt 0.50000 0.85000
vt 0.50000 0.86667
vt 0.50000 0.88333
vt 0.50000 0.90000
vt 0.50000 0.91667
vt 0.50000 0.93333
vt 0.50000 0.95000
vt 0.50000 0.96667
vt 0.50000 0.98333
vt 0.50000 1.00000
vt 0.53333 0.00000
vt 0.53333 0.01667
vt 0.53333 0.03333
vt 0.53333 0.05000
vt 0.53333 0.06667
vt 0.53333 0.08333
vt 0.53333 0.10000
vt 0.53333 0.11667
vt 0.53333 0.13333
vt 0.53333 0.15000
vt 0.53333 0.16667
vt 0.53333 0.18333
vt 0.53333 0.20000
vt 0.53333 0.21667
vt 0.53333 0.23333
vt 0.53333 0.25000
vt 0.53333 0.26667
vt 0.53333 0.28333
vt 0.53333 0.30000
vt 0.53333 0.31667
vt 0.53333 0.33333
vt 0.53333 0.35000
vt 0.53333 0.36667
vt 0.53333 0.38333
vt 0.53333 0.40000
vt 0.53333 0.41667
vt 0.53333 0.43333
vt 0.53333 0.45000
vt 0.53333 0.46667
vt 0.53333 0.48333
vt 0.53333 0.50000
vt 0.53333 0.51667
vt 0.53333 0.53333
vt 0.53333 0.55000
vt 0.53333 0.56667
vt 0.53333 0.58333
vt 0.53333 0.60000
vt 0.53333 0.61667
vt 0.53333 0.63333
vt 0.53333 0.65000
vt 0.53333 0.66667
vt 0.53333 0.68333
vt 0.53333 0.70000
vt 0.53333 0.71667
vt 0.53333 0.73333
vt 0.53333 0.75000
vt 0.53333 0.76667
vt 0.53333 0.78333
vt 0.53333 0.80000
vt 0.53333 0.81667
vt 0.53333 0.83333
vt 0.53333 0.85000
vt 0.53333 0.86667
vt 0.53333 0.88333
vt 0.53333 0.90000
vt 0.53333 0.91667
vt 0.53333 0.93333
vt 0.53333 0.95000
vt 0.53333 0.96667
vt 0.53333 0.98333
vt 0.53333 1.00000
vt 0.56667 0.00000
vt 0.56667 0.01667
vt 0.56667 0.03333
vt 0.56667 0.05000
vt 0.56667 0.06667
vt 0.56667 0.08333
vt 0.56667 0.10000
vt 0.56667 0.11667
vt 0.56667 0.13333
vt 0.56667 0.15000
vt 0.56667 0.16667
vt 0.56667 0.18333
vt 0.56667 0.20000
vt 0.56667 0.21667
vt 0.56667 0.23333
vt 0.56667 0.25000
vt 0.56667 0.26667
vt 0.56667 0.28333
vt 0.56667 0.30000
vt 0.56667 0.31667
vt 0.56667 0.33333
vt 0.56667 0.35000
vt 0.56667 0.36667
vt 0.56667 0.38333
vt 0.56667 0.40000
vt 0.56667 0.41667
vt 0.56667 0.43333
vt 0.56667 0.45000
vt 0.56667 0.46667
vt 0.56667 0.48333
vt 0.56667 0.50000
vt 0.56667 0.51667
vt 0.56667 0.53333
vt 0.56667 0.55000
vt 0.56667 0.56667
vt 0.56667 0.58333
vt 0.56667 0.60000
vt 0.56667 0.61667
vt 0.56667 0.63333
vt 0.56667 0.65000
vt 0.56667 0.66667
vt 0.56667 0.68333
vt 0.56667 0.70000
vt 0.56667 0.71667
vt 0.56667 0.73333
vt 0.56667 0.75000
vt 0.56667 0.76667
vt 0.56667 0.78333
vt 0.56667 0.80000
vt 0.56667 0.81667
vt 0.56667 0.83333
vt 0.56667 0.85000
vt 0.56667 0.86667
vt 0.56667 0.88333
vt 0.56667 0.90000
vt 0.56667 0.91667
vt 0.56667 0.93333
vt 0.56667 0.95000
vt 0.56667 0.96667
vt 0.56667 0.98333
vt 0.56667 1.00000
vt 0.60000 0.00000
vt 0.60000 0.01667
vt 0.60000 0.03333
vt 0.60000 0.05000
vt 0.60000 0.06667
vt 0.60000 0.08333
vt 0.60000 0.10000
vt 0.60000 0.11667
vt 0.60000 0.13333
vt 0.60000 0.15000
vt 0.60000 0.16667
vt 0.60000 0.18333
vt 0.60000 0.20000
vt 0.60000 0.21667
vt 0.60000 0.23333
vt 0.60000 0.25000
vt 0.60000 0.26667
vt 0.60000 0.28333
vt 0.60000 0.30000
vt 0.60000 0.31667
vt 0.60000 0.33333
vt 0.60000 0.35000
vt 0.60000 0.36667
vt 0.60000 0.38333
vt 0.60000 0.40000
vt 0.60000 0.41667
vt 0.60000 0.43333
vt 0.60000 0.45000
vt 0.60000 0.46667
vt 0.60000 0.48333
vt 0.60000 0.50000
vt 0.60000 0.51667
vt 0.60000 0.53333
vt 0.60000 0.55000
vt 0.60000 0.56667
vt 0.60000 0.58333
vt 0.60000 0.60000
vt 0.60000 0.61667
vt 0.60000 0.63333
vt 0.60000 0.65000
vt 0.60000 0.66667
vt 0.60000 0.68333
vt 0.60000 0.70000
vt 0.60000 0.71667
vt 0.60000 0.73333
vt 0.60000 0.75000
vt 0.60000 0.76667
vt 0.60000 0.78333
vt 0.60000 0.80000
vt 0.60000 0.81667
vt 0.60000 0.83333
vt 0.60000 0.85000
vt 0.60000 0.86667
vt 0.60000 0.88333
vt 0.60000 0.90000
vt 0.60000 0.91667
vt 0.60000 0.93333
vt 0.60000 0.95000
vt 0.60000 0.96667
vt 0.60000 0.98333
vt 0.60000 1.00000
vt 0.63333 0.00000
vt 0.63333 0.01667
vt 0.63333 0.03333
vt 0.63333 0.05000
vt 0.63333 0.06667
vt 0.63333 0.08333
vt 0.63333 0.10000
vt 0.63333 0.11667
vt 0.63333 0.13333
vt 0.63333 0.15000
vt 0.63333 0.16667
vt 0.63333 0.18333
vt 0.63333 0.20000
vt 0.63333 0.21667
vt 0.63333 0.23333
vt 0.63333 0.25000
vt 0.63333 0.26667
vt 0.63333 0.28333
vt 0.63333 0.30000
vt 0.63333 0.31667
vt 0.63333 0.33333
vt 0.63333 0.35000
vt 0.63333 0.36667
vt 0.63333 0.38333
vt 0.63333 0.40000
vt 0.63333 0.41667
vt 0.63333 0.43333
vt 0.63333 0.45000
vt 0.63333 0.46667
vt 0.63333 0.48333
vt 0.63333 0.50000
vt 0.63333 0.51667
vt 0.63333 0.53333
vt 0.63333 0.55000
vt 0.63333 0.56667
vt 0.63333 0.58333
vt 0.63333 0.60000
vt 0.63333 0.61667
vt 0.63333 0.63333
vt 0.63333 0.65000
vt 0.63333 0.66667
vt 0.63333 0.68333
vt 0.63333 0.70000
vt 0.63333 0.71667
vt 0.63333 0.73333
vt 0.63333 0.75000
vt 0.63333 0.76667
vt 0.63333 0.78333
vt 0.63333 0.80000
vt 0.63333 0.81667
vt 0.63333 0.83333
vt 0.63333 0.85000
vt 0.63333 0.86667
vt 0.63333 0.88333
vt 0.63333 0.90000
vt 0.63333 0.91667
vt 0.63333 0.93333
vt 0.63333 0.95000
vt 0.63333 0.96667
vt 0.63333 0.98333
vt 0.63333 1.00000
vt 0.66667 0.00000
vt 0.66667 0.01667
vt 0.66667 0.03333
vt 0.66667 0.05000
vt 0.66667 0.06667
vt 0.66667 0.08333
vt 0.66667 0.10000
vt 0.66667 0.11667
vt 0.66667 0.13333
vt 0.66667 0.15000
vt 0.66667 0.16667
vt 0.66667 0.18333
vt 0.66667 0.20000
vt 0.66667 0.21667
vt 0.66667 0.23333
vt 0.66667 0.25000
vt 0.66667 0.26667
vt 0.66667 0.28333
vt 0.66667 0.30000
vt 0.66667 0.31667
vt 0.66667 0.33333
vt 0.66667 0.35000
vt 0.66667 0.36667
vt 0.66667 0.38333
vt 0.66667 0.40000
vt 0.66667 0.41667
vt 0.66667 0.43333
vt 0.66667 0.45000
vt 0.66667 0.46667
vt 0.66667 0.48333
vt 0.66667 0.50000
vt 0.66667 0.51667
vt 0.66667 0.53333
vt 0.66667 0.55000
vt 0.66667 0.56667
vt 0.66667 0.58333
vt 0.66667 0.60000
vt 0.66667 0.61667
vt 0.66667 0.63333
vt 0.66667 0.65000
vt 0.66667 0.66667
vt 0.66667 0.68333
vt 0.66667 0.70000
vt 0.66667 0.71667
vt 0.66667 0.73333
vt 0.66667 0.75000
vt 0.66667 0.76667
vt 0.66667 0.78333
vt 0.66667 0.80000
vt 0.66667 0.81667
vt 0.66667 0.83333
vt 0.66667 0.85000
vt 0.66667 0.86667
vt 0.66667 0.88333
vt 0.66667 0.90000
vt 0.66667 0.91667
vt 0.66667 0.93333
vt 0.66667 0.95000
vt 0.66667 0.96667
vt 0.66667 0.98333
vt 0.66667 1.00000
vt 0.70000 0.00000
vt 0.70000 0.01667
vt 0.70000 0.03333
vt 0.70000 0.05000
vt 0.70000 0.06667
vt 0.70000 0.08333
vt 0.70000 0.10000
vt 0.70000 0.11667
vt 0.70000 0.13333
vt 0.70000 0.15000
vt 0.70000 0.16667
vt 0.70000 0.18333
vt 0.70000 0.20000
vt 0.70000 0.21667
vt 0.70000 0.23333
vt 0.70000 0.25000
vt 0.70000 0.26667
vt 0.70000 0.28333
vt 0.70000 0.30000
vt 0.70000 0.31667
vt 0.70000 0.33333
vt 0.70000 0.35000
vt 0.70000 0.36667
vt 0.70000 0.38333
vt 0.70000 0.40000
vt 0.70000 0.41667
vt 0.70000 0.43333
vt 0.70000 0.45000
vt 0.70000 0.46667
vt 0.70000 0.48333
vt 0.70000 0.50000
vt 0.70000 0.51667
vt 0.70000 0.53333
vt 0.70000 0.55000
vt 0.70000 0.56667
vt 0.70000 0.58333
vt 0.70000 0.60000
vt 0.70000 0.61667
vt 0.70000 0.63333
vt 0.70000 0.65000
vt 0.70000 0.66667
vt 0.70000 0.68333
vt 0.70000 0.70000
vt 0.70000 0.71667
vt 0.70000 0.73333
vt 0.70000 0.75000
vt 0.70000 0.76667
vt 0.70000 0.78333
vt 0.70000 0.80000
vt 0.70000 0.81667
vt 0.70000 0.83333
vt 0.70000 0.85000
vt 0.70000 0.86667
vt 0.70000 0.88333
vt 0.70000 0.90000
vt 0.70000 0.91667
vt 0.70000 0.93333
vt 0.70000 0.95000
vt 0.70000 0.96667
vt 0.70000 0.98333
vt 0.70000 1.00000
vt 0.73333 0.00000
vt 0.73333 0.01667
vt 0.73333 0.03333
vt 0.73333 0.05000
vt 0.73333 0.06667
vt 0.73333 0.08333
vt 0.73333 0.10000
vt 0.73333 0.11667
vt 0.73333 0.13333
vt 0.73333 0.15000
vt 0.73333 0.16667
vt 0.73333 0.18333
vt 0.73333 0.20000
vt 0.73333 0.21667
vt 0.73333 0.23333
vt 0.73333 0.25000
vt 0.73333 0.26667
vt 0.73333 0.28333
vt 0.73333 0.30000
vt 0.73333 0.31667
vt 0.73333 0.33333
vt 0.73333 0.35000
vt 0.73333 0.36667
vt 0.73333 0.38333
vt 0.73333 0.40000
vt 0.73333 0.41667
vt 0.73333 0.43333
vt 0.73333 0.45000
vt 0.73333 0.46667
vt 0.73333 0.48333
vt 0.73333 0.50000
vt 0.73333 0.51667
vt 0.73333 0.53333
vt 0.73333 0.55000
vt 0.73333 0.56667
vt 0.73333 0.58333
vt 0.73333 0.60000
vt 0.73333 0.61667
vt 0.73333 0.63333
vt 0.73333 0.65000
vt 0.73333 0.66667
vt 0.73333 0.68333
vt 0.73333 0.70000
vt 0.73333 0.71667
vt 0.73333 0.73333
vt 0.73333 0.75000
vt 0.73333 0.76667
vt 0.73333 0.78333
vt 0.73333 0.80000
vt 0.73333 0.81667
vt 0.73333 0.83333
vt 0.73333 0.85000
vt 0.73333 0.86667
vt 0.73333 0.88333
vt 0.73333 0.90000
vt 0.73333 0.91667
vt 0.73333 0.93333
vt 0.73333 0.95000
vt 0.73333 0.96667
vt 0.73333 0.98333
vt 0.73333 1.00000
vt 0.76667 0.00000
vt 0.76667 0.01667
vt 0.76667 0.03333
vt 0.76667 0.05000
vt 0.76667 0.06667
vt 0.76667 0.08333
vt 0.76667 0.10000
vt 0.76667 0.11667
vt 0.76667 0.13333
vt 0.76667 0.15000
vt 0.76667 0.16667
vt 0.76667 0.18333
vt 0.76667 0.20000
vt 0.76667 0.21667
vt 0.76667 0.23333
vt 0.76667 0.25000
vt 0.76667 0.26667
vt 0.76667 0.28333
vt 0.76667 0.30000
vt 0.76667 0.31667
vt 0.76667 0.33333
vt 0.76667 0.35000
vt 0.76667 0.36667
vt 0.76667 0.38333
vt 0.76667 0.40000
vt 0.76667 0.41667
vt 0.76667 0.43333
vt 0.76667 0.45000
vt 0.76667 0.46667
vt 0.76667 0.48333
vt 0.76667 0.50000
vt 0.76667 0.51667
vt 0.76667 0.53333
vt 0.76667 0.55000
vt 0.76667 0.56667
vt 0.76667 0.58333
vt 0.76667 0.60000
vt 0.76667 0.61667
vt 0.76667 0.63333
vt 0.76667 0.65000
vt 0.76667 0.66667
vt 0.76667 0.68333
vt 0.76667 0.70000
vt 0.76667 0.71667
vt 0.76667 0.73333
vt 0.76667 0.75000
vt 0.76667 0.76667
vt 0.76667 0.78333
vt 0.76667 0.80000
vt 0.76667 0.81667
vt 0.76667 0.83333
vt 0.76667 0.85000
vt 0.76667 0.86667
vt 0.76667 0.88333
vt 0.76667 0.90000
vt 0.76667 0.91667
vt 0.76667 0.93333
vt 0.76667 0.95000
vt 0.76667 0.96667
vt 0.76667 0.98333
vt 0.76667 1.00000
vt 0.80000 0.00000
vt 0.80000 0.01667
vt 0.80000 0.03333
vt 0.80000 0.05000
vt 0.80000 0.06667
vt 0.80000 0.08333
vt 0.80000 0.10000
vt 0.80000 0.11667
vt 0.80000 0.13333
vt 0.80000 0.15000
vt 0.80000 0.16667
vt 0.80000 0.18333
vt 0.80000 0.20000
vt 0.80000 0.21667
vt 0.80000 0.23333
vt 0.80000 0.25000
vt 0.80000 0.26667
vt 0.80000 0.28333
vt 0.80000 0.30000
vt 0.80000 0.31667
vt 0.80000 0.33333
vt 0.80000 0.35000
vt 0.80000 0.36667
vt 0.80000 0.38333
vt 0.80000 0.40000
vt 0.80000 0.41667
vt 0.80000 0.43333
vt 0.80000 0.45000
vt 0.80000 0.46667
vt 0.80000 0.48333
vt 0.80000 0.50000
vt 0.80000 0.51667
vt 0.80000 0.53333
vt 0.80000 0.55000
vt 0.80000 0.56667
vt 0.80000 0.58333
vt 0.80000 0.60000
vt 0.80000 0.61667
vt 0.80000 0.63333
vt 0.80000 0.65000
vt 0.80000 0.66667
vt 0.80000 0.68333
vt 0.80000 0.70000
vt 0.80000 0.71667
vt 0.80000 0.73333
vt 0.80000 0.75000
vt 0.80000 0.76667
vt 0.80000 0.78333
vt 0.80000 0.80000
vt 0.80000 0.81667
vt 0.80000 0.83333
vt 0.80000 0.85000
vt 0.80000 0.86667
vt 0.80000 0.88333
vt 0.80000 0.90000
vt 0.80000 0.91667
vt 0.80000 0.93333
vt 0.80000 0.95000
vt 0.80000 0.96667
vt 0.80000 0.98333
vt 0.80000 1.00000
vt 0.83333 0.00000
vt 0.83333 0.01667
vt 0.83333 0.03333
vt 0.83333 0.05000
vt 0.83333 0.06667
vt 0.83333 0.08333
vt 0.83333 0.10000
vt 0.83333 0.11667
vt 0.83333 0.13333
vt 0.83333 0.15000
vt 0.83333 0.16667
vt 0.83333 0.18333
vt 0.83333 0.20000
vt 0.83333 0.21667
vt 0.83333 0.23333
vt 0.83333 0.25000
vt 0.83333 0.26667
vt 0.83333 0.28333
vt 0.83333 0.30000
vt 0.83333 0.31667
vt 0.83333 0.33333
vt 0.83333 0.35000
vt 0.83333 0.36667
vt 0.83333 0.38333
vt 0.83333 0.40000
vt 0.83333 0.41667
vt 0.83333 0.43333
vt 0.83333 0.45000
vt 0.83333 0.46667
vt 0.83333 0.48333
vt 0.83333 0.50000
vt 0.83333 0.51667
vt 0.83333 0.53333
vt 0.83333 0.55000
vt 0.83333 0.56667
vt 0.83333 0.58333
vt 0.83333 0.60000
vt 0.83333 0.61667
vt 0.83333 0.63333
vt 0.83333 0.65000
vt 0.83333 0.66667
vt 0.83333 0.68333
vt 0.83333 0.70000
vt 0.83333 0.71667
vt 0.83333 0.73333
vt 0.83333 0.75000
vt 0.83333 0.76667
vt 0.83333 0.78333
vt 0.83333 0.80000
vt 0.83333 0.81667
vt 0.83333 0.83333
vt 0.83333 0.85000
vt 0.83333 0.86667
vt 0.83333 0.88333
vt 0.83333 0.90000
vt 0.83333 0.91667
vt 0.83333 0.93333
vt 0.83333 0.95000
vt 0.83333 0.96667
vt 0.83333 0.98333
vt 0.83333 1.00000
vt 0.86667 0.00000
vt 0.86667 0.01667
vt 0.86667 0.03333
vt 0.86667 0.05000
vt 0.86667 0.06667
vt 0.86667 0.08333
vt 0.86667 0.10000
vt 0.86667 0.11667
vt 0.86667 0.13333
vt 0.86667 0.15000
vt 0.86667 0.16667
vt 0.86667 0.18333
vt 0.86667 0.20000
vt 0.86667 0.21667
vt 0.86667 0.23333
vt 0.86667 0.25000
vt 0.86667 0.26667
vt 0.86667 0.28333
vt 0.86667 0.30000
vt 0.86667 0.31667
vt 0.86667 0.33333
vt 0.86667 0.35000
vt 0.86667 0.36667
vt 0.86667 0.38333
vt 0.86667 0.40000
vt 0.86667 0.41667
vt 0.86667 0.43333
vt 0.86667 0.45000
vt 0.86667 0.46667
vt 0.86667 0.48333
vt 0.86667 0.50000
vt 0.86667 0.51667
vt 0.86667 0.53333
vt 0.86667 0.55000
vt 0.86667 0.56667
vt 0.86667 0.58333
vt 0.86667 0.60000
vt 0.86667 0.61667
vt 0.86667 0.63333
vt 0.86667 0.65000
vt 0.86667 0.66667
vt 0.86667 0.68333
vt 0.86667 0.70000
vt 0.86667 0.71667
vt 0.86667 0.73333
vt 0.86667 0.75000
vt 0.86667 0.76667
vt 0.86667 0.78333
vt 0.86667 0.80000
vt 0.86667 0.81667
vt 0.86667 0.83333
vt 0.86667 0.85000
vt 0.86667 0.86667
vt 0.86667 0.88333
vt 0.86667 0.90000
vt 0.86667 0.91667
vt 0.86667 0.93333
vt 0.86667 0.95000
vt 0.86667 0.96667
vt 0.86667 0.98333
vt 0.86667 1.00000
vt 0.90000 0.00000
vt 0.90000 0.01667
vt 0.90000 0.03333
vt 0.90000 0.05000
vt 0.90000 0.06667
vt 0.90000 0.08333
vt 0.90000 0.10000
vt 0.90000 0.11667
vt 0.90000 0.13333
vt 0.90000 0.15000
vt 0.90000 0.16667
vt 0.90000 0.18333
vt 0.90000 0.20000
vt 0.90000 0.21667
vt 0.90000 0.23333
vt 0.90000 0.25000
vt 0.90000 0.26667
vt 0.90000 0.28333
vt 0.90000 0.30000
vt 0.90000 0.31667
vt 0.90000 0.33333
vt 0.90000 0.35000
vt 0.90000 0.36667
vt 0.90000 0.38333
vt 0.90000 0.40000
vt 0.90000 0.41667
vt 0.90000 0.43333
vt 0.90000 0.45000
vt 0.90000 0.46667
vt 0.90000 0.48333
vt 0.90000 0.50000
vt 0.90000 0.51667
vt 0.90000 0.53333
vt 0.90000 0.55000
vt 0.90000 0.56667
vt 0.90000 0.58333
vt 0.90000 0.60000
vt 0.90000 0.61667
vt 0.90000 0.63333
vt 0.90000 0.65000
vt 0.90000 0.66667
vt 0.90000 0.68333
vt 0.90000 0.70000
vt 0.90000 0.71667
vt 0.90000 0.73333
vt 0.90000 0.75000
vt 0.90000 0.76667
vt 0.90000 0.78333
vt 0.90000 0.80000
vt 0.90000 0.81667
vt 0.90000 0.83333
vt 0.90000 0.85000
vt 0.90000 0.86667
vt 0.90000 0.88333
vt 0.90000 0.90000
vt 0.90000 0.91667
vt 0.90000 0.93333
vt 0.90000 0.95000
vt 0.90000 0.96667
vt 0.90000 0.98333
vt 0.90000 1.00000
vt 0.93333 0.00000
vt 0.93333 0.01667
vt 0.93333 0.03333
vt 0.93333 0.05000
vt 0.93333 0.06667
vt 0.93333 0.08333
vt 0.93333 0.10000
vt 0.93333 0.11667
vt 0.93333 0.13333
vt 0.93333 0.15000
vt 0.93333 0.16667
vt 0.93333 0.18333
vt 0.93333 0.20000
vt 0.93333 0.21667
vt 0.93333 0.23333
vt 0.93333 0.25000
vt 0.93333 0.26667
vt 0.93333 0.28333
vt 0.93333 0.30000
vt 0.93333 0.31667
vt 0.93333 0.33333
vt 0.93333 0.35000
vt 0.93333 0.36667
vt 0.93333 0.38333
vt 0.93333 0.40000
vt 0.93333 0.41667
vt 0.93333 0.43333
vt 0.93333 0.45000
vt 0.93333 0.46667
vt 0.93333 0.48333
vt 0.93333 0.50000
vt 0.93333 0.51667
vt 0.93333 0.53333
vt 0.93333 0.55000
vt 0.93333 0.56667
vt 0.93333 0.58333
vt 0.93333 0.60000
vt 0.93333 0.61667
vt 0.93333 0.63333
vt 0.93333 0.65000
vt 0.93333 0.66667
vt 0.93333 0.68333
vt 0.93333 0.70000
vt 0.93333 0.71667
vt 0.93333 0.73333
vt 0.93333 0.75000
vt 0.93333 0.76667
vt 0.93333 0.78333
vt 0.93333 0.80000
vt 0.93333 0.81667
vt 0.93333 0.83333
vt 0.93333 0.85000
vt 0.93333 0.86667
vt 0.93333 0.88333
vt 0.93333 0.90000
vt 0.93333 0.91667
vt 0.93333 0.93333
vt 0.93333 0.95000
vt 0.93333 0.96667
vt 0.93333 0.98333
vt 0.93333 1.00000
vt 0.96667 0.00000
vt 0.96667 0.01667
vt 0.96667 0.03333
vt 0.96667 0.05000
vt 0.96667 0.06667
vt 0.96667 0.08333
vt 0.96667 0.10000
vt 0.96667 0.11667
vt 0.96667 0.13333
vt 0.96667 0.15000
vt 0.96667 0.16667
vt 0.96667 0.18333
vt 0.96667 0.20000
vt 0.96667 0.21667
vt 0.96667 0.23333
vt 0.96667 0.25000
vt 0.96667 0.26667
vt 0.96667 0.28333
vt 0.96667 0.30000
vt 0.96667 0.31667
vt 0.96667 0.33333
vt 0.96667 0.35000
vt 0.96667 0.36667
vt 0.96667 0.38333
vt 0.96667 0.40000
vt 0.96667 0.41667
vt 0.96667 0.43333
vt 0.96667 0.45000
vt 0.96667 0.46667
vt 0.96667 0.48333
vt 0.96667 0.50000
vt 0.96667 0.51667
vt 0.96667 0.53333
vt 0.96667 0.55000
vt 0.96667 0.56667
vt 0.96667 0.58333
vt 0.96667 0.60000
vt 0.96667 0.61667
vt 0.96667 0.63333
vt 0.96667 0.65000
vt 0.96667 0.66667
vt 0.96667 0.68333
vt 0.96667 0.70000
vt 0.96667 0.71667
vt 0.96667 0.73333
vt 0.96667 0.75000
vt 0.96667 0.76667
vt 0.96667 0.78333
vt 0.96667 0.80000
vt 0.96667 0.81667
vt 0.96667 0.83333
vt 0.96667 0.85000
vt 0.96667 0.86667
vt 0.96667 0.88333
vt 0.96667 0.90000
vt 0.96667 0.91667
vt 0.96667 0.93333
vt 0.96667 0.95000
vt 0.96667 0.96667
vt 0.96667 0.98333
vt 0.96667 1.00000
vt 1.00000 0.00000
vt 1.00000 0.01667
vt 1.00000 0.03333
vt 1.00000 0.05000
vt 1.00000 0.06667
vt 1.00000 0.08333
vt 1.00000 0.10000
vt 1.00000 0.11667
vt 1.00000 0.13333
vt 1.00000 0.15000
vt 1.00000 0.16667
vt 1.00000 0.18333
vt 1.00000 0.20000
vt 1.00000 0.21667
vt 1.00000 0.23333
vt 1.00000 0.25000
vt 1.00000 0.26667
vt 1.00000 0.28333
vt 1.00000 0.30000
vt 1.00000 0.31667
vt 1.00000 0.33333
vt 1.00000 0.35000
vt 1.00000 0.36667
vt 1.00000 0.38333
vt 1.00000 0.40000
vt 1.00000 0.41667
vt 1.00000 0.43333
vt 1.00000 0.45000
vt 1.00000 0.46667
vt 1.00000 0.48333
vt 1.00000 0.50000
vt 1.00000 0.51667
vt 1.00000 0.53333
vt 1.00000 0.55000
vt 1.00000 0.56667
vt 1.00000 0.58333
vt 1.00000 0.60000
vt 1.00000 0.61667
vt 1.00000 0.63333
vt 1.00000 0.65000
vt 1.00000 0.66667
vt 1.00000 0.68333
vt 1.00000 0.70000
vt 1.00000 0.71667
vt 1.00000 0.73333
vt 1.00000 0.75000
vt 1.00000 0.76667
vt 1.00000 0.78333
vt 1.00000 0.80000
vt 1.00000 0.81667
vt 1.00000 0.83333
vt 1.00000 0.85000
vt 1.00000 0.86667
vt 1.00000 0.88333
vt 1.00000 0.90000
vt 1.00000 0.91667
vt 1.00000 0.93333
vt 1.00000 0.95000
vt 1.00000 0.96667
vt 1.00000 0.98333
vt 1.00000 1.00000
vn 0.00000 0.00000 0.00000
vn -0.05872 0.99827 -0.00018
vn -0.05872 0.99827 -0.00018
vn -0.05872 0.99827 -0.00018
vn -0.05872 0.99827 -0.00018
vn -0.05872 0.99827 -0.00018
vn -0.05872 0.99827 -0.00018
vn -0.92847 0.37139 -0.00292
vn -0.92847 0.37139 -0.00292
vn -0.92847 0.37139 -0.00292
vn -0.92847 0.37139 -0.00292
vn -0.92847 0.37139 -0.00292
vn -0.92847 0.37139 -0.00292
vn -0.92847 0.37139 -0.00292
vn -0.99388 -0.11043 -0.00312
vn -0.99388 -0.11043 -0.00312
vn -0.99388 -0.11043 -0.00312
vn -0.99388 -0.11043 -0.00312
vn -0.99388 -0.11043 -0.00312
vn -0.99388 -0.11043 -0.00312
vn -0.99778 0.06652 -0.00313
vn -0.94868 0.31623 -0.00298
vn -0.94868 0.31623 -0.00298
vn -0.94868 0.31623 -0.00298
vn -0.94868 0.31623 -0.00298
vn -0.94868 0.31623 -0.00298
vn -0.94868 0.31623 -0.00298
vn -0.97618 -0.21693 -0.00307
vn -0.97618 -0.21693 -0.00307
vn -0.97618 -0.21693 -0.00307
vn -0.97618 -0.21693 -0.00307
vn -0.97618 -0.21693 -0.00307
vn -0.97618 -0.21693 -0.00307
vn -0.97618 -0.21693 -0.00307
vn -0.99503 0.09950 -0.00313
vn -0.99503 0.09950 -0.00313
vn -0.99503 0.09950 -0.00313
vn -0.99503 0.09950 -0.00313
vn -0.99503 0.09950 -0.00313
vn -0.99503 0.09950 -0.00313
vn -0.99827 -0.05872 -0.00314
vn -0.96152 -0.27472 -0.00302
vn -0.96152 -0.27472 -0.00302
vn -0.96152 -0.27472 -0.00302
vn -0.96152 -0.27472 -0.00302
vn -0.96152 -0.27472 -0.00302
vn -0.96152 -0.27472 -0.00302
vn -0.93979 -0.34174 -0.00295
vn -0.93979 -0.34174 -0.00295
vn -0.93979 -0.34174 -0.00295
vn -0.93979 -0.34174 -0.00295
vn -0.93979 -0.34174 -0.00295
vn -0.93979 -0.34174 -0.00295
vn -0.93979 -0.34174 -0.00295
vn 0.00000 -1.00000 0.00000
vn 0.00000 -1.00000 0.00000
vn 0.00000 -1.00000 0.00000
vn 0.00000 -1.00000 0.00000
vn 0.00000 -1.00000 0.00000
vn 0.00000 -1.00000 0.00000
vn 0.00000 1.00000 0.00000
vn 0.00000 0.00000 0.00000
vn -0.05744 0.99827 -0.01221
vn -0.05744 0.99827 -0.01221
vn -0.05744 0.99827 -0.01221
vn -0.05744 0.99827 -0.01221
vn -0.05744 0.99827 -0.01221
vn -0.05744 0.99827 -0.01221
vn -0.90819 0.37139 -0.19304
vn -0.90819 0.37139 -0.19304
vn -0.90819 0.37139 -0.19304
vn -0.90819 0.37139 -0.19304
vn -0.90819 0.37139 -0.19304
vn -0.90819 0.37139 -0.19304
vn -0.90819 0.37139 -0.19304
vn -0.97216 -0.11043 -0.20664
vn -0.97216 -0.11043 -0.20664
vn -0.97216 -0.11043 -0.20664
vn -0.97216 -0.11043 -0.20664
vn -0.97216 -0.11043 -0.20664
vn -0.97216 -0.11043 -0.20664
vn -0.97598 0.06652 -0.20745
vn -0.92795 0.31623 -0.19724
vn -0.92795 0.31623 -0.19724
vn -0.92795 0.31623 -0.19724
vn -0.92795 0.31623 -0.19724
vn -0.92795 0.31623 -0.19724
vn -0.92795 0.31623 -0.19724
vn -0.95486 -0.21693 -0.20296
vn -0.95486 -0.21693 -0.20296
vn -0.95486 -0.21693 -0.20296
vn -0.95486 -0.21693 -0.20296
vn -0.95486 -0.21693 -0.20296
vn -0.95486 -0.21693 -0.20296
vn -0.95486 -0.21693 -0.20296
vn -0.97329 0.09950 -0.20688
vn -0.97329 0.09950 -0.20688
vn -0.97329 0.09950 -0.20688
vn -0.97329 0.09950 -0.20688
vn -0.97329 0.09950 -0.20688
vn -0.97329 0.09950 -0.20688
vn -0.97646 -0.05872 -0.20755
vn -0.94051 -0.27472 -0.19991
vn -0.94051 -0.27472 -0.19991
vn -0.94051 -0.27472 -0.19991
vn -0.94051 -0.27472 -0.19991
vn -0.94051 -0.27472 -0.19991
vn -0.94051 -0.27472 -0.19991
vn -0.91926 -0.34174 -0.19539
vn -0.91926 -0.34174 -0.19539
vn -0.91926 -0.34174 -0.19539
vn -0.91926 -0.34174 -0.19539
vn -0.91926 -0.34174 -0.19539
vn -0.91926 -0.34174 -0.19539
vn -0.91926 -0.34174 -0.19539
vn -0.00000 -1.00000 0.00000
vn -0.00000 -1.00000 0.00000
vn -0.00000 -1.00000 0.00000
vn -0.00000 -1.00000 0.00000
vn -0.00000 -1.00000 0.00000
vn -0.00000 -1.00000 0.00000
vn 0.00000 1.00000 0.00000
vn 0.00000 0.00000 0.00000
vn -0.05365 0.99827 -0.02388
vn -0.05365 0.99827 -0.02388
vn -0.05365 0.99827 -0.02388
vn -0.05365 0.99827 -0.02388
vn -0.05365 0.99827 -0.02388
vn -0.05365 0.99827 -0.02388
vn -0.84821 0.37139 -0.37765
vn -0.84821 0.37139 -0.37765
vn -0.84821 0.37139 -0.37765
vn -0.84821 0.37139 -0.37765
vn -0.84821 0.37139 -0.37765
vn -0.84821 0.37139 -0.37765
vn -0.84821 0.37139 -0.37765
vn -0.90796 -0.11043 -0.40425
vn -0.90796 -0.11043 -0.40425
vn -0.90796 -0.11043 -0.40425
vn -0.90796 -0.11043 -0.40425
vn -0.90796 -0.11043 -0.40425
vn -0.90796 -0.11043 -0.40425
vn -0.91152 0.06652 -0.40584
vn -0.86667 0.31623 -0.38586
vn -0.86667 0.31623 -0.38586
vn -0.86667 0.31623 -0.38586
vn -0.86667 0.31623 -0.38586
vn -0.86667 0.31623 -0.38586
vn -0.86667 0.31623 -0.38586
vn -0.89179 -0.21693 -0.39705
vn -0.89179 -0.21693 -0.39705
vn -0.89179 -0.21693 -0.39705
vn -0.89179 -0.21693 -0.39705
vn -0.89179 -0.21693 -0.39705
vn -0.89179 -0.21693 -0.39705
vn -0.89179 -0.21693 -0.39705
vn -0.90901 0.09950 -0.40472
vn -0.90901 0.09950 -0.40472
vn -0.90901 0.09950 -0.40472
vn -0.90901 0.09950 -0.40472
vn -0.90901 0.09950 -0.40472
vn -0.90901 0.09950 -0.40472
vn -0.91197 -0.05872 -0.40603
vn -0.87840 -0.27472 -0.39109
vn -0.87840 -0.27472 -0.39109
vn -0.87840 -0.27472 -0.39109
vn -0.87840 -0.27472 -0.39109
vn -0.87840 -0.27472 -0.39109
vn -0.87840 -0.27472 -0.39109
vn -0.85854 -0.34174 -0.38225
vn -0.85854 -0.34174 -0.38225
vn -0.85854 -0.34174 -0.38225
vn -0.85854 -0.34174 -0.38225
vn -0.85854 -0.34174 -0.38225
vn -0.85854 -0.34174 -0.38225
vn -0.85854 -0.34174 -0.38225
vn -0.00000 -1.00000 0.00000
vn -0.00000 -1.00000 0.00000
vn -0.00000 -1.00000 0.00000
vn -0.00000 -1.00000 0.00000
vn -0.00000 -1.00000 0.00000
vn -0.00000 -1.00000 0.00000
vn 0.00000 1.00000 0.00000
vn 0.00000 0.00000 0.00000
vn -0.04751 0.99827 -0.03452
vn -0.04751 0.99827 -0.03452
vn -0.04751 0.99827 -0.03452
vn -0.04751 0.99827 -0.03452
vn -0.04751 0.99827 -0.03452
vn -0.04751 0.99827 -0.03452
vn -0.75115 0.37139 -0.54574
vn -0.75115 0.37139 -0.54574
vn -0.75115 0.37139 -0.54574
vn -0.75115 0.37139 -0.54574
vn -0.75115 0.37139 -0.54574
vn -0.75115 0.37139 -0.54574
vn -0.75115 0.37139 -0.54574
vn -0.80407 -0.11043 -0.58419
vn -0.80407 -0.11043 -0.58419
vn -0.80407 -0.11043 -0.58419
vn -0.80407 -0.11043 -0.58419
vn -0.80407 -0.11043 -0.58419
vn -0.80407 -0.11043 -0.58419
vn -0.80723 0.06652 -0.58648
vn -0.76750 0.31623 -0.55762
vn -0.76750 0.31623 -0.55762
vn -0.76750 0.31623 -0.55762
vn -0.76750 0.31623 -0.55762
vn -0.76750 0.31623 -0.55762
vn -0.76750 0.31623 -0.55762
vn -0.78975 -0.21693 -0.57379
vn -0.78975 -0.21693 -0.57379
vn -0.78975 -0.21693 -0.57379
vn -0.78975 -0.21693 -0.57379
vn -0.78975 -0.21693 -0.57379
vn -0.78975 -0.21693 -0.57379
vn -0.78975 -0.21693 -0.57379
vn -0.80500 0.09950 -0.58487
vn -0.80500 0.09950 -0.58487
vn -0.80500 0.09950 -0.58487
vn -0.80500 0.09950 -0.58487
vn -0.80500 0.09950 -0.58487
vn -0.80500 0.09950 -0.58487
vn -0.80762 -0.05872 -0.58677
vn -0.77789 -0.27472 -0.56517
vn -0.77789 -0.27472 -0.56517
vn -0.77789 -0.27472 -0.56517
vn -0.77789 -0.27472 -0.56517
vn -0.77789 -0.27472 -0.56517
vn -0.77789 -0.27472 -0.56517
vn -0.76031 -0.34174 -0.55240
vn -0.76031 -0.34174 -0.55240
vn -0.76031 -0.34174 -0.55240
vn -0.76031 -0.34174 -0.55240
vn -0.76031 -0.34174 -0.55240
vn -0.76031 -0.34174 -0.55240
vn -0.76031 -0.34174 -0.55240
vn -0.00000 -1.00000 0.00000
vn -0.00000 -1.00000 0.00000
vn -0.00000 -1.00000 0.00000
vn -0.00000 -1.00000 0.00000
vn -0.00000 -1.00000 0.00000
vn -0.00000 -1.00000 0.00000
vn 0.00000 1.00000 0.00000
vn 0.00000 0.00000 0.00000
vn -0.03929 0.99827 -0.04364
vn -0.03929 0.99827 -0.04364
vn -0.03929 0.99827 -0.04364
vn -0.03929 0.99827 -0.04364
vn -0.03929 0.99827 -0.04364
vn -0.03929 0.99827 -0.04364
vn -0.62127 0.37139 -0.68999
vn -0.62127 0.37139 -0.68999
vn -0.62127 0.37139 -0.68999
vn -0.62127 0.37139 -0.68999
vn -0.62127 0.37139 -0.68999
vn -0.62127 0.37139 -0.68999
vn -0.62127 0.37139 -0.68999
vn -0.66504 -0.11043 -0.73860
vn -0.66504 -0.11043 -0.73860
vn -0.66504 -0.11043 -0.73860
vn -0.66504 -0.11043 -0.73860
vn -0.66504 -0.11043 -0.73860
vn -0.66504 -0.11043 -0.73860
vn -0.66765 0.06652 -0.74150
vn -0.63479 0.31623 -0.70501
vn -0.63479 0.31623 -0.70501
vn -0.63479 0.31623 -0.70501
vn -0.63479 0.31623 -0.70501
vn -0.63479 0.31623 -0.70501
vn -0.63479 0.31623 -0.70501
vn -0.65320 -0.21693 -0.72545
vn -0.65320 -0.21693 -0.72545
vn -0.65320 -0.21693 -0.72545
vn -0.65320 -0.21693 -0.72545
vn -0.65320 -0.21693 -0.72545
vn -0.65320 -0.21693 -0.72545
vn -0.65320 -0.21693 -0.72545
vn -0.66581 0.09950 -0.73946
vn -0.66581 0.09950 -0.73946
vn -0.66581 0.09950 -0.73946
vn -0.66581 0.09950 -0.73946
vn -0.66581 0.09950 -0.73946
vn -0.66581 0.09950 -0.73946
vn -0.66798 -0.05872 -0.74186
vn -0.64339 -0.27472 -0.71455
vn -0.64339 -0.27472 -0.71455
vn -0.64339 -0.27472 -0.71455
vn -0.64339 -0.27472 -0.71455
vn -0.64339 -0.27472 -0.71455
vn -0.64339 -0.27472 -0.71455
vn -0.62884 -0.34174 -0.69840
vn -0.62884 -0.34174 -0.69840
vn -0.62884 -0.34174 -0.69840
vn -0.62884 -0.34174 -0.69840
vn -0.62884 -0.34174 -0.69840
vn -0.62884 -0.34174 -0.69840
vn -0.62884 -0.34174 -0.69840
vn -0.00000 -1.00000 0.00000
vn -0.00000 -1.00000 0.00000
vn -0.00000 -1.00000 0.00000
vn -0.00000 -1.00000 0.00000
vn -0.00000 -1.00000 0.00000
vn -0.00000 -1.00000 0.00000
vn 0.00000 1.00000 0.00000
vn 0.00000 0.00000 0.00000
vn -0.02936 0.99827 -0.05085
vn -0.02936 0.99827 -0.05085
vn -0.02936 0.99827 -0.05085
vn -0.02936 0.99827 -0.05085
vn -0.02936 0.99827 -0.05085
vn -0.02936 0.99827 -0.05085
vn -0.46424 0.37139 -0.80408
vn -0.46424 0.37139 -0.80408
vn -0.46424 0.37139 -0.80408
vn -0.46424 0.37139 -0.80408
vn -0.46424 0.37139 -0.80408
vn -0.46424 0.37139 -0.80408
vn -0.46424 0.37139 -0.80408
vn -0.49694 -0.11043 -0.86073
vn -0.49694 -0.11043 -0.86073
vn -0.49694 -0.11043 -0.86073
vn -0.49694 -0.11043 -0.86073
vn -0.49694 -0.11043 -0.86073
vn -0.49694 -0.11043 -0.86073
vn -0.49889 0.06652 -0.86411
vn -0.47434 0.31623 -0.82158
vn -0.47434 0.31623 -0.82158
vn -0.47434 0.31623 -0.82158
vn -0.47434 0.31623 -0.82158
vn -0.47434 0.31623 -0.82158
vn -0.47434 0.31623 -0.82158
vn -0.48809 -0.21693 -0.84540
vn -0.48809 -0.21693 -0.84540
vn -0.48809 -0.21693 -0.84540
vn -0.48809 -0.21693 -0.84540
vn -0.48809 -0.21693 -0.84540
vn -0.48809 -0.21693 -0.84540
vn -0.48809 -0.21693 -0.84540
vn -0.49752 0.09950 -0.86173
vn -0.49752 0.09950 -0.86173
vn -0.49752 0.09950 -0.86173
vn -0.49752 0.09950 -0.86173
vn -0.49752 0.09950 -0.86173
vn -0.49752 0.09950 -0.86173
vn -0.49914 -0.05872 -0.86453
vn -0.48076 -0.27472 -0.83270
vn -0.48076 -0.27472 -0.83270
vn -0.48076 -0.27472 -0.83270
vn -0.48076 -0.27472 -0.83270
vn -0.48076 -0.27472 -0.83270
vn -0.48076 -0.27472 -0.83270
vn -0.46990 -0.34174 -0.81388
vn -0.46990 -0.34174 -0.81388
vn -0.46990 -0.34174 -0.81388
vn -0.46990 -0.34174 -0.81388
vn -0.46990 -0.34174 -0.81388
vn -0.46990 -0.34174 -0.81388
vn -0.46990 -0.34174 -0.81388
vn -0.00000 -1.00000 0.00000
vn -0.00000 -1.00000 0.00000
vn -0.00000 -1.00000 0.00000
vn -0.00000 -1.00000 0.00000
vn -0.00000 -1.00000 0.00000
vn -0.00000 -1.00000 0.00000
vn 0.00000 1.00000 0.00000
vn 0.00000 0.00000 0.00000
vn -0.01815 0.99827 -0.05585
vn -0.01815 0.99827 -0.05585
vn -0.01815 0.99827 -0.05585
vn -0.01815 0.99827 -0.05585
vn -0.01815 0.99827 -0.05585
vn -0.01815 0.99827 -0.05585
vn -0.28692 0.37139 -0.88303
vn -0.28692 0.37139 -0.88303
vn -0.28692 0.37139 -0.88303
vn -0.28692 0.37139 -0.88303
vn -0.28692 0.37139 -0.88303
vn -0.28692 0.37139 -0.88303
vn -0.28692 0.37139 -0.88303
vn -0.30713 -0.11043 -0.94524
vn -0.30713 -0.11043 -0.94524
vn -0.30713 -0.11043 -0.94524
vn -0.30713 -0.11043 -0.94524
vn -0.30713 -0.11043 -0.94524
vn -0.30713 -0.11043 -0.94524
vn -0.30833 0.06652 -0.94895
vn -0.29316 0.31623 -0.90225
vn -0.29316 0.31623 -0.90225
vn -0.29316 0.31623 -0.90225
vn -0.29316 0.31623 -0.90225
vn -0.29316 0.31623 -0.90225
vn -0.29316 0.31623 -0.90225
vn -0.30166 -0.21693 -0.92841
vn -0.30166 -0.21693 -0.92841
vn -0.30166 -0.21693 -0.92841
vn -0.30166 -0.21693 -0.92841
vn -0.30166 -0.21693 -0.92841
vn -0.30166 -0.21693 -0.92841
vn -0.30166 -0.21693 -0.92841
vn -0.30748 0.09950 -0.94634
vn -0.30748 0.09950 -0.94634
vn -0.30748 0.09950 -0.94634
vn -0.30748 0.09950 -0.94634
vn -0.30748 0.09950 -0.94634
vn -0.30748 0.09950 -0.94634
vn -0.30848 -0.05872 -0.94942
vn -0.29713 -0.27472 -0.91446
vn -0.29713 -0.27472 -0.91446
vn -0.29713 -0.27472 -0.91446
vn -0.29713 -0.27472 -0.91446
vn -0.29713 -0.27472 -0.91446
vn -0.29713 -0.27472 -0.91446
vn -0.29041 -0.34174 -0.89380
vn -0.29041 -0.34174 -0.89380
vn -0.29041 -0.34174 -0.89380
vn -0.29041 -0.34174 -0.89380
vn -0.29041 -0.34174 -0.89380
vn -0.29041 -0.34174 -0.89380
vn -0.29041 -0.34174 -0.89380
vn -0.00000 -1.00000 0.00000
vn -0.00000 -1.00000 0.00000
vn -0.00000 -1.00000 0.00000
vn -0.00000 -1.00000 0.00000
vn -0.00000 -1.00000 0.00000
vn -0.00000 -1.00000 0.00000
vn 0.00000 1.00000 0.00000
vn 0.00000 0.00000 0.00000
vn -0.00614 0.99827 -0.05840
vn -0.00614 0.99827 -0.05840
vn -0.00614 0.99827 -0.05840
vn -0.00614 0.99827 -0.05840
vn -0.00614 0.99827 -0.05840
vn -0.00614 0.99827 -0.05840
vn -0.09705 0.37139 -0.92339
vn -0.09705 0.37139 -0.92339
vn -0.09705 0.37139 -0.92339
vn -0.09705 0.37139 -0.92339
vn -0.09705 0.37139 -0.92339
vn -0.09705 0.37139 -0.92339
vn -0.09705 0.37139 -0.92339
vn -0.10389 -0.11043 -0.98844
vn -0.10389 -0.11043 -0.98844
vn -0.10389 -0.11043 -0.98844
vn -0.10389 -0.11043 -0.98844
vn -0.10389 -0.11043 -0.98844
vn -0.10389 -0.11043 -0.98844
vn -0.10430 0.06652 -0.99232
vn -0.09916 0.31623 -0.94349
vn -0.09916 0.31623 -0.94349
vn -0.09916 0.31623 -0.94349
vn -0.09916 0.31623 -0.94349
vn -0.09916 0.31623 -0.94349
vn -0.09916 0.31623 -0.94349
vn -0.10204 -0.21693 -0.97084
vn -0.10204 -0.21693 -0.97084
vn -0.10204 -0.21693 -0.97084
vn -0.10204 -0.21693 -0.97084
vn -0.10204 -0.21693 -0.97084
vn -0.10204 -0.21693 -0.97084
vn -0.10204 -0.21693 -0.97084
vn -0.10401 0.09950 -0.98959
vn -0.10401 0.09950 -0.98959
vn -0.10401 0.09950 -0.98959
vn -0.10401 0.09950 -0.98959
vn -0.10401 0.09950 -0.98959
vn -0.10401 0.09950 -0.98959
vn -0.10435 -0.05872 -0.99281
vn -0.10051 -0.27472 -0.95626
vn -0.10051 -0.27472 -0.95626
vn -0.10051 -0.27472 -0.95626
vn -0.10051 -0.27472 -0.95626
vn -0.10051 -0.27472 -0.95626
vn -0.10051 -0.27472 -0.95626
vn -0.09824 -0.34174 -0.93465
vn -0.09824 -0.34174 -0.93465
vn -0.09824 -0.34174 -0.93465
vn -0.09824 -0.34174 -0.93465
vn -0.09824 -0.34174 -0.93465
vn -0.09824 -0.34174 -0.93465
vn -0.09824 -0.34174 -0.93465
vn -0.00000 -1.00000 0.00000
vn -0.00000 -1.00000 0.00000
vn -0.00000 -1.00000 0.00000
vn -0.00000 -1.00000 0.00000
vn -0.00000 -1.00000 0.00000
vn -0.00000 -1.00000 0.00000
vn 0.00000 1.00000 0.00000
vn 0.00000 0.00000 0.00000
vn 0.00614 0.99827 -0.05840
vn 0.00614 0.99827 -0.05840
vn 0.00614 0.99827 -0.05840
vn 0.00614 0.99827 -0.05840
vn 0.00614 0.99827 -0.05840
vn 0.00614 0.99827 -0.05840
vn 0.09705 0.37139 -0.92339
vn 0.09705 0.37139 -0.92339
vn 0.09705 0.37139 -0.92339
vn 0.09705 0.37139 -0.92339
vn 0.09705 0.37139 -0.92339
vn 0.09705 0.37139 -0.92339
vn 0.09705 0.37139 -0.92339
vn 0.10389 -0.11043 -0.98844
vn 0.10389 -0.11043 -0.98844
vn 0.10389 -0.11043 -0.98844
vn 0.10389 -0.11043 -0.98844
vn 0.10389 -0.11043 -0.98844
vn 0.10389 -0.11043 -0.98844
vn 0.10430 0.06652 -0.99232
vn 0.09916 0.31623 -0.94349
vn 0.09916 0.31623 -0.94349
vn 0.09916 0.31623 -0.94349
vn 0.09916 0.31623 -0.94349
vn 0.09916 0.31623 -0.94349
vn 0.09916 0.31623 -0.94349
vn 0.10204 -0.21693 -0.97084
vn 0.10204 -0.21693 -0.97084
vn 0.10204 -0.21693 -0.97084
vn 0.10204 -0.21693 -0.97084
vn 0.10204 -0.21693 -0.97084
vn 0.10204 -0.21693 -0.97084
vn 0.10204 -0.21693 -0.97084
vn 0.10401 0.09950 -0.98959
vn 0.10401 0.09950 -0.98959
vn 0.10401 0.09950 -0.98959
vn 0.10401 0.09950 -0.98959
vn 0.10401 0.09950 -0.98959
vn 0.10401 0.09950 -0.98959
vn 0.10435 -0.05872 -0.99281
vn 0.10051 -0.27472 -0.95626
vn 0.10051 -0.27472 -0.95626
vn 0.10051 -0.27472 -0.95626
vn 0.10051 -0.27472 -0.95626
vn 0.10051 -0.27472 -0.95626
vn 0.10051 -0.27472 -0.95626
vn 0.09824 -0.34174 -0.93465
vn 0.09824 -0.34174 -0.93465
vn 0.09824 -0.34174 -0.93465
vn 0.09824 -0.34174 -0.93465
vn 0.09824 -0.34174 -0.93465
vn 0.09824 -0.34174 -0.93465
vn 0.09824 -0.34174 -0.93465
vn 0.00000 -1.00000 -0.00000
vn 0.00000 -1.00000 -0.00000
vn 0.00000 -1.00000 -0.00000
vn 0.00000 -1.00000 -0.00000
vn 0.00000 -1.00000 -0.00000
vn 0.00000 -1.00000 -0.00000
vn 0.00000 1.00000 0.00000
vn 0.00000 0.00000 0.00000
vn 0.01815 0.99827 -0.05585
vn 0.01815 0.99827 -0.05585
vn 0.01815 0.99827 -0.05585
vn 0.01815 0.99827 -0.05585
vn 0.01815 0.99827 -0.05585
vn 0.01815 0.99827 -0.05585
vn 0.28692 0.37139 -0.88303
vn 0.28692 0.37139 -0.88303
vn 0.28692 0.37139 -0.88303
vn 0.28692 0.37139 -0.88303
vn 0.28692 0.37139 -0.88303
vn 0.28692 0.37139 -0.88303
vn 0.28692 0.37139 -0.88303
vn 0.30713 -0.11043 -0.94524
vn 0.30713 -0.11043 -0.94524
vn 0.30713 -0.11043 -0.94524
vn 0.30713 -0.11043 -0.94524
vn 0.30713 -0.11043 -0.94524
vn 0.30713 -0.11043 -0.94524
vn 0.30833 0.06652 -0.94895
vn 0.29316 0.31623 -0.90225
vn 0.29316 0.31623 -0.90225
vn 0.29316 0.31623 -0.90225
vn 0.29316 0.31623 -0.90225
vn 0.29316 0.31623 -0.90225
vn 0.29316 0.31623 -0.90225
vn 0.30166 -0.21693 -0.92841
vn 0.30166 -0.21693 -0.92841
vn 0.30166 -0.21693 -0.92841
vn 0.30166 -0.21693 -0.92841
vn 0.30166 -0.21693 -0.92841
vn 0.30166 -0.21693 -0.92841
vn 0.30166 -0.21693 -0.92841
vn 0.30748 0.09950 -0.94634
vn 0.30748 0.09950 -0.94634
vn 0.30748 0.09950 -0.94634
vn 0.30748 0.09950 -0.94634
vn 0.30748 0.09950 -0.94634
vn 0.30748 0.09950 -0.94634
vn 0.30848 -0.05872 -0.94942
vn 0.29713 -0.27472 -0.91446
vn 0.29713 -0.27472 -0.91446
vn 0.29713 -0.27472 -0.91446
vn 0.29713 -0.27472 -0.91446
vn 0.29713 -0.27472 -0.91446
vn 0.29713 -0.27472 -0.91446
vn 0.29041 -0.34174 -0.89380
vn 0.29041 -0.34174 -0.89380
vn 0.29041 -0.34174 -0.89380
vn 0.29041 -0.34174 -0.89380
vn 0.29041 -0.34174 -0.89380
vn 0.29041 -0.34174 -0.89380
vn 0.29041 -0.34174 -0.89380
vn 0.00000 -1.00000 -0.00000
vn 0.00000 -1.00000 -0.00000
vn 0.00000 -1.00000 -0.00000
vn 0.00000 -1.00000 -0.00000
vn 0.00000 -1.00000 -0.00000
vn 0.00000 -1.00000 -0.00000
vn 0.00000 1.00000 0.00000
vn 0.00000 0.00000 0.00000
vn 0.02936 0.99827 -0.05085
vn 0.02936 0.99827 -0.05085
vn 0.02936 0.99827 -0.05085
vn 0.02936 0.99827 -0.05085
vn 0.02936 0.99827 -0.05085
vn 0.02936 0.99827 -0.05085
vn 0.46424 0.37139 -0.80408
vn 0.46424 0.37139 -0.80408
vn 0.46424 0.37139 -0.80408
vn 0.46424 0.37139 -0.80408
vn 0.46424 0.37139 -0.80408
vn 0.46424 0.37139 -0.80408
vn 0.46424 0.37139 -0.80408
vn 0.49694 -0.11043 -0.86073
vn 0.49694 -0.11043 -0.86073
vn 0.49694 -0.11043 -0.86073
vn 0.49694 -0.11043 -0.86073
vn 0.49694 -0.11043 -0.86073
vn 0.49694 -0.11043 -0.86073
vn 0.49889 0.06652 -0.86411
vn 0.47434 0.31623 -0.82158
vn 0.47434 0.31623 -0.82158
vn 0.47434 0.31623 -0.82158
vn 0.47434 0.31623 -0.82158
vn 0.47434 0.31623 -0.82158
vn 0.47434 0.31623 -0.82158
vn 0.48809 -0.21693 -0.84540
vn 0.48809 -0.21693 -0.84540
vn 0.48809 -0.21693 -0.84540
vn 0.48809 -0.21693 -0.84540
vn 0.48809 -0.21693 -0.84540
vn 0.48809 -0.21693 -0.84540
vn 0.48809 -0.21693 -0.84540
vn 0.49752 0.09950 -0.86173
vn 0.49752 0.09950 -0.86173
vn 0.49752 0.09950 -0.86173
vn 0.49752 0.09950 -0.86173
vn 0.49752 0.09950 -0.86173
vn 0.49752 0.09950 -0.86173
vn 0.49914 -0.05872 -0.86453
vn 0.48076 -0.27472 -0.83270
vn 0.48076 -0.27472 -0.83270
vn 0.48076 -0.27472 -0.83270
vn 0.48076 -0.27472 -0.83270
vn 0.48076 -0.27472 -0.83270
vn 0.48076 -0.27472 -0.83270
vn 0.46990 -0.34174 -0.81388
vn 0.46990 -0.34174 -0.81388
vn 0.46990 -0.34174 -0.81388
vn 0.46990 -0.34174 -0.81388
vn 0.46990 -0.34174 -0.81388
vn 0.46990 -0.34174 -0.81388
vn 0.46990 -0.34174 -0.81388
vn 0.00000 -1.00000 -0.00000
vn 0.00000 -1.00000 -0.00000
vn 0.00000 -1.00000 -0.00000
vn 0.00000 -1.00000 -0.00000
vn 0.00000 -1.00000 -0.00000
vn 0.00000 -1.00000 -0.00000
vn 0.00000 1.00000 0.00000
vn 0.00000 0.00000 0.00000
vn 0.03929 0.99827 -0.04364
vn 0.03929 0.99827 -0.04364
vn 0.03929 0.99827 -0.04364
vn 0.03929 0.99827 -0.04364
vn 0.03929 0.99827 -0.04364
vn 0.03929 0.99827 -0.04364
vn 0.62127 0.37139 -0.68999
vn 0.62127 0.37139 -0.68999
vn 0.62127 0.37139 -0.68999
vn 0.62127 0.37139 -0.68999
vn 0.62127 0.37139 -0.68999
vn 0.62127 0.37139 -0.68999
vn 0.62127 0.37139 -0.68999
vn 0.66504 -0.11043 -0.73860
vn 0.66504 -0.11043 -0.73860
vn 0.66504 -0.11043 -0.73860
vn 0.66504 -0.11043 -0.73860
vn 0.66504 -0.11043 -0.73860
vn 0.66504 -0.11043 -0.73860
vn 0.66765 0.06652 -0.74150
vn 0.63479 0.31623 -0.70501
vn 0.63479 0.31623 -0.70501
vn 0.63479 0.31623 -0.70501
vn 0.63479 0.31623 -0.70501
vn 0.63479 0.31623 -0.70501
vn 0.63479 0.31623 -0.70501
vn 0.65320 -0.21693 -0.72545
vn 0.65320 -0.21693 -0.72545
vn 0.65320 -0.21693 -0.72545
vn 0.65320 -0.21693 -0.72545
vn 0.65320 -0.21693 -0.72545
vn 0.65320 -0.21693 -0.72545
vn 0.65320 -0.21693 -0.72545
vn 0.66581 0.09950 -0.73946
vn 0.66581 0.09950 -0.73946
vn 0.66581 0.09950 -0.73946
vn 0.66581 0.09950 -0.73946
vn 0.66581 0.09950 -0.73946
vn 0.66581 0.09950 -0.73946
vn 0.66798 -0.05872 -0.74186
vn 0.64339 -0.27472 -0.71455
vn 0.64339 -0.27472 -0.71455
vn 0.64339 -0.27472 -0.71455
vn 0.64339 -0.27472 -0.71455
vn 0.64339 -0.27472 -0.71455
vn 0.64339 -0.27472 -0.71455
vn 0.62884 -0.34174 -0.69840
vn 0.62884 -0.34174 -0.69840
vn 0.62884 -0.34174 -0.69840
vn 0.62884 -0.34174 -0.69840
vn 0.62884 -0.34174 -0.69840
vn 0.62884 -0.34174 -0.69840
vn 0.62884 -0.34174 -0.69840
vn 0.00000 -1.00000 -0.00000
vn 0.00000 -1.00000 -0.00000
vn 0.00000 -1.00000 -0.00000
vn 0.00000 -1.00000 -0.00000
vn 0.00000 -1.00000 -0.00000
vn 0.00000 -1.00000 -0.00000
vn 0.00000 1.00000 0.00000
vn 0.00000 0.00000 0.00000
vn 0.04751 0.99827 -0.03452
vn 0.04751 0.99827 -0.03452
vn 0.04751 0.99827 -0.03452
vn 0.04751 0.99827 -0.03452
vn 0.04751 0.99827 -0.03452
vn 0.04751 0.99827 -0.03452
vn 0.75115 0.37139 -0.54574
vn 0.75115 0.37139 -0.54574
vn 0.75115 0.37139 -0.54574
vn 0.75115 0.37139 -0.54574
vn 0.75115 0.37139 -0.54574
vn 0.75115 0.37139 -0.54574
vn 0.75115 0.37139 -0.54574
vn 0.80407 -0.11043 -0.58419
vn 0.80407 -0.11043 -0.58419
vn 0.80407 -0.11043 -0.58419
vn 0.80407 -0.11043 -0.58419
vn 0.80407 -0.11043 -0.58419
vn 0.80407 -0.11043 -0.58419
vn 0.80723 0.06652 -0.58648
vn 0.76750 0.31623 -0.55762
vn 0.76750 0.31623 -0.55762
vn 0.76750 0.31623 -0.55762
vn 0.76750 0.31623 -0.55762
vn 0.76750 0.31623 -0.55762
vn 0.76750 0.31623 -0.55762
vn 0.78975 -0.21693 -0.57379
vn 0.78975 -0.21693 -0.57379
vn 0.78975 -0.21693 -0.57379
vn 0.78975 -0.21693 -0.57379
vn 0.78975 -0.21693 -0.57379
vn 0.78975 -0.21693 -0.57379
vn 0.78975 -0.21693 -0.57379
vn 0.80500 0.09950 -0.58487
vn 0.80500 0.09950 -0.58487
vn 0.80500 0.09950 -0.58487
vn 0.80500 0.09950 -0.58487
vn 0.80500 0.09950 -0.58487
vn 0.80500 0.09950 -0.58487
vn 0.80762 -0.05872 -0.58677
vn 0.77789 -0.27472 -0.56517
vn 0.77789 -0.27472 -0.56517
vn 0.77789 -0.27472 -0.56517
vn 0.77789 -0.27472 -0.56517
vn 0.77789 -0.27472 -0.56517
vn 0.77789 -0.27472 -0.56517
vn 0.76031 -0.34174 -0.55240
vn 0.76031 -0.34174 -0.55240
vn 0.76031 -0.34174 -0.55240
vn 0.76031 -0.34174 -0.55240
vn 0.76031 -0.34174 -0.55240
vn 0.76031 -0.34174 -0.55240
vn 0.76031 -0.34174 -0.55240
vn 0.00000 -1.00000 -0.00000
vn 0.00000 -1.00000 -0.00000
vn 0.00000 -1.00000 -0.00000
vn 0.00000 -1.00000 -0.00000
vn 0.00000 -1.00000 -0.00000
vn 0.00000 -1.00000 -0.00000
vn 0.00000 1.00000 0.00000
vn 0.00000 0.00000 0.00000
vn 0.05365 0.99827 -0.02388
vn 0.05365 0.99827 -0.02388
vn 0.05365 0.99827 -0.02388
vn 0.05365 0.99827 -0.02388
vn 0.05365 0.99827 -0.02388
vn 0.05365 0.99827 -0.02388
vn 0.84821 0.37139 -0.37765
vn 0.84821 0.37139 -0.37765
vn 0.84821 0.37139 -0.37765
vn 0.84821 0.37139 -0.37765
vn 0.84821 0.37139 -0.37765
vn 0.84821 0.37139 -0.37765
vn 0.84821 0.37139 -0.37765
vn 0.90796 -0.11043 -0.40425
vn 0.90796 -0.11043 -0.40425
vn 0.90796 -0.11043 -0.40425
vn 0.90796 -0.11043 -0.40425
vn 0.90796 -0.11043 -0.40425
vn 0.90796 -0.11043 -0.40425
vn 0.91152 0.06652 -0.40584
vn 0.86667 0.31623 -0.38586
vn 0.86667 0.31623 -0.38586
vn 0.86667 0.31623 -0.38586
vn 0.86667 0.31623 -0.38586
vn 0.86667 0.31623 -0.38586
vn 0.86667 0.31623 -0.38586
vn 0.89179 -0.21693 -0.39705
vn 0.89179 -0.21693 -0.39705
vn 0.89179 -0.21693 -0.39705
vn 0.89179 -0.21693 -0.39705
vn 0.89179 -0.21693 -0.39705
vn 0.89179 -0.21693 -0.39705
vn 0.89179 -0.21693 -0.39705
vn 0.90901 0.09950 -0.40472
vn 0.90901 0.09950 -0.40472
vn 0.90901 0.09950 -0.40472
vn 0.90901 0.09950 -0.40472
vn 0.90901 0.09950 -0.40472
vn 0.90901 0.09950 -0.40472
vn 0.91197 -0.05872 -0.40603
vn 0.87840 -0.27472 -0.39109
vn 0.87840 -0.27472 -0.39109
vn 0.87840 -0.27472 -0.39109
vn 0.87840 -0.27472 -0.39109
vn 0.87840 -0.27472 -0.39109
vn 0.87840 -0.27472 -0.39109
vn 0.85854 -0.34174 -0.38225
vn 0.85854 -0.34174 -0.38225
vn 0.85854 -0.34174 -0.38225
vn 0.85854 -0.34174 -0.38225
vn 0.85854 -0.34174 -0.38225
vn 0.85854 -0.34174 -0.38225
vn 0.85854 -0.34174 -0.38225
vn 0.00000 -1.00000 -0.00000
vn 0.00000 -1.00000 -0.00000
vn 0.00000 -1.00000 -0.00000
vn 0.00000 -1.00000 -0.00000
vn 0.00000 -1.00000 -0.00000
vn 0.00000 -1.00000 -0.00000
vn 0.00000 1.00000 0.00000
vn 0.00000 0.00000 0.00000
vn 0.05744 0.99827 -0.01221
vn 0.05744 0.99827 -0.01221
vn 0.05744 0.99827 -0.01221
vn 0.05744 0.99827 -0.01221
vn 0.05744 0.99827 -0.01221
vn 0.05744 0.99827 -0.01221
vn 0.90819 0.37139 -0.19304
vn 0.90819 0.37139 -0.19304
vn 0.90819 0.37139 -0.19304
vn 0.90819 0.37139 -0.19304
vn 0.90819 0.37139 -0.19304
vn 0.90819 0.37139 -0.19304
vn 0.90819 0.37139 -0.19304
vn 0.97216 -0.11043 -0.20664
vn 0.97216 -0.11043 -0.20664
vn 0.97216 -0.11043 -0.20664
vn 0.97216 -0.11043 -0.20664
vn 0.97216 -0.11043 -0.20664
vn 0.97216 -0.11043 -0.20664
vn 0.97598 0.06652 -0.20745
vn 0.92795 0.31623 -0.19724
vn 0.92795 0.31623 -0.19724
vn 0.92795 0.31623 -0.19724
vn 0.92795 0.31623 -0.19724
vn 0.92795 0.31623 -0.19724
vn 0.92795 0.31623 -0.19724
vn 0.95486 -0.21693 -0.20296
vn 0.95486 -0.21693 -0.20296
vn 0.95486 -0.21693 -0.20296
vn 0.95486 -0.21693 -0.20296
vn 0.95486 -0.21693 -0.20296
vn 0.95486 -0.21693 -0.20296
vn 0.95486 -0.21693 -0.20296
vn 0.97329 0.09950 -0.20688
vn 0.97329 0.09950 -0.20688
vn 0.97329 0.09950 -0.20688
vn 0.97329 0.09950 -0.20688
vn 0.97329 0.09950 -0.20688
vn 0.97329 0.09950 -0.20688
vn 0.97646 -0.05872 -0.20755
vn 0.94051 -0.27472 -0.19991
vn 0.94051 -0.27472 -0.19991
vn 0.94051 -0.27472 -0.19991
vn 0.94051 -0.27472 -0.19991
vn 0.94051 -0.27472 -0.19991
vn 0.94051 -0.27472 -0.19991
vn 0.91926 -0.34174 -0.19539
vn 0.91926 -0.34174 -0.19539
vn 0.91926 -0.34174 -0.19539
vn 0.91926 -0.34174 -0.19539
vn 0.91926 -0.34174 -0.19539
vn 0.91926 -0.34174 -0.19539
vn 0.91926 -0.34174 -0.19539
vn 0.00000 -1.00000 -0.00000
vn 0.00000 -1.00000 -0.00000
vn 0.00000 -1.00000 -0.00000
vn 0.00000 -1.00000 -0.00000
vn 0.00000 -1.00000 -0.00000
vn 0.00000 -1.00000 -0.00000
vn 0.00000 1.00000 0.00000
vn 0.00000 0.00000 0.00000
vn 0.05872 0.99827 0.00000
vn 0.05872 0.99827 0.00000
vn 0.05872 0.99827 0.00000
vn 0.05872 0.99827 0.00000
vn 0.05872 0.99827 0.00000
vn 0.05872 0.99827 0.00000
vn 0.92848 0.37139 0.00000
vn 0.92848 0.37139 0.00000
vn 0.92848 0.37139 0.00000
vn 0.92848 0.37139 0.00000
vn 0.92848 0.37139 0.00000
vn 0.92848 0.37139 0.00000
vn 0.92848 0.37139 0.00000
vn 0.99388 -0.11043 0.00000
vn 0.99388 -0.11043 0.00000
vn 0.99388 -0.11043 0.00000
vn 0.99388 -0.11043 0.00000
vn 0.99388 -0.11043 0.00000
vn 0.99388 -0.11043 0.00000
vn 0.99779 0.06652 0.00000
vn 0.94868 0.31623 0.00000
vn 0.94868 0.31623 0.00000
vn 0.94868 0.31623 0.00000
vn 0.94868 0.31623 0.00000
vn 0.94868 0.31623 0.00000
vn 0.94868 0.31623 0.00000
vn 0.97619 -0.21693 0.00000
vn 0.97619 -0.21693 0.00000
vn 0.97619 -0.21693 0.00000
vn 0.97619 -0.21693 0.00000
vn 0.97619 -0.21693 0.00000
vn 0.97619 -0.21693 0.00000
vn 0.97619 -0.21693 0.00000
vn 0.99504 0.09950 0.00000
vn 0.99504 0.09950 0.00000
vn 0.99504 0.09950 0.00000
vn 0.99504 0.09950 0.00000
vn 0.99504 0.09950 0.00000
vn 0.99504 0.09950 0.00000
vn 0.99827 -0.05872 0.00000
vn 0.96152 -0.27472 0.00000
vn 0.96152 -0.27472 0.00000
vn 0.96152 -0.27472 0.00000
vn 0.96152 -0.27472 0.00000
vn 0.96152 -0.27472 0.00000
vn 0.96152 -0.27472 0.00000
vn 0.93979 -0.34174 0.00000
vn 0.93979 -0.34174 0.00000
vn 0.93979 -0.34174 0.00000
vn 0.93979 -0.34174 0.00000
vn 0.93979 -0.34174 0.00000
vn 0.93979 -0.34174 0.00000
vn 0.93979 -0.34174 0.00000
vn 0.00000 -1.00000 0.00000
vn 0.00000 -1.00000 0.00000
vn 0.00000 -1.00000 0.00000
vn 0.00000 -1.00000 0.00000
vn 0.00000 -1.00000 0.00000
vn 0.00000 -1.00000 0.00000
vn 0.00000 1.00000 0.00000
vn 0.00000 0.00000 0.00000
vn 0.05744 0.99827 0.01221
vn 0.05744 0.99827 0.01221
vn 0.05744 0.99827 0.01221
vn 0.05744 0.99827 0.01221
vn 0.05744 0.99827 0.01221
vn 0.05744 0.99827 0.01221
vn 0.90819 0.37139 0.19304
vn 0.90819 0.37139 0.19304
vn 0.90819 0.37139 0.19304
vn 0.90819 0.37139 0.19304
vn 0.90819 0.37139 0.19304
vn 0.90819 0.37139 0.19304
vn 0.90819 0.37139 0.19304
vn 0.97216 -0.11043 0.20664
vn 0.97216 -0.11043 0.20664
vn 0.97216 -0.11043 0.20664
vn 0.97216 -0.11043 0.20664
vn 0.97216 -0.11043 0.20664
vn 0.97216 -0.11043 0.20664
vn 0.97598 0.06652 0.20745
vn 0.92795 0.31623 0.19724
vn 0.92795 0.31623 0.19724
vn 0.92795 0.31623 0.19724
vn 0.92795 0.31623 0.19724
vn 0.92795 0.31623 0.19724
vn 0.92795 0.31623 0.19724
vn 0.95486 -0.21693 0.20296
vn 0.95486 -0.21693 0.20296
vn 0.95486 -0.21693 0.20296
vn 0.95486 -0.21693 0.20296
vn 0.95486 -0.21693 0.20296
vn 0.95486 -0.21693 0.20296
vn 0.95486 -0.21693 0.20296
vn 0.97329 0.09950 0.20688
vn 0.97329 0.09950 0.20688
vn 0.97329 0.09950 0.20688
vn 0.97329 0.09950 0.20688
vn 0.97329 0.09950 0.20688
vn 0.97329 0.09950 0.20688
vn 0.97646 -0.05872 0.20755
vn 0.94051 -0.27472 0.19991
vn 0.94051 -0.27472 0.19991
vn 0.94051 -0.27472 0.19991
vn 0.94051 -0.27472 0.19991
vn 0.94051 -0.27472 0.19991
vn 0.94051 -0.27472 0.19991
vn 0.91926 -0.34174 0.19539
vn 0.91926 -0.34174 0.19539
vn 0.91926 -0.34174 0.19539
vn 0.91926 -0.34174 0.19539
vn 0.91926 -0.34174 0.19539
vn 0.91926 -0.34174 0.19539
vn 0.91926 -0.34174 0.19539
vn 0.00000 -1.00000 0.00000
vn 0.00000 -1.00000 0.00000
vn 0.00000 -1.00000 0.00000
vn 0.00000 -1.00000 0.00000
vn 0.00000 -1.00000 0.00000
vn 0.00000 -1.00000 0.00000
vn 0.00000 1.00000 0.00000
vn 0.00000 0.00000 0.00000
vn 0.05365 0.99827 0.02388
vn 0.05365 0.99827 0.02388
vn 0.05365 0.99827 0.02388
vn 0.05365 0.99827 0.02388
vn 0.05365 0.99827 0.02388
vn 0.05365 0.99827 0.02388
vn 0.84821 0.37139 0.37765
vn 0.84821 0.37139 0.37765
vn 0.84821 0.37139 0.37765
vn 0.84821 0.37139 0.37765
vn 0.84821 0.37139 0.37765
vn 0.84821 0.37139 0.37765
vn 0.84821 0.37139 0.37765
vn 0.90796 -0.11043 0.40425
vn 0.90796 -0.11043 0.40425
vn 0.90796 -0.11043 0.40425
vn 0.90796 -0.11043 0.40425
vn 0.90796 -0.11043 0.40425
vn 0.90796 -0.11043 0.40425
vn 0.91152 0.06652 0.40584
vn 0.86667 0.31623 0.38586
vn 0.86667 0.31623 0.38586
vn 0.86667 0.31623 0.38586
vn 0.86667 0.31623 0.38586
vn 0.86667 0.31623 0.38586
vn 0.86667 0.31623 0.38586
vn 0.89179 -0.21693 0.39705
vn 0.89179 -0.21693 0.39705
vn 0.89179 -0.21693 0.39705
vn 0.89179 -0.21693 0.39705
vn 0.89179 -0.21693 0.39705
vn 0.89179 -0.21693 0.39705
vn 0.89179 -0.21693 0.39705
vn 0.90901 0.09950 0.40472
vn 0.90901 0.09950 0.40472
vn 0.90901 0.09950 0.40472
vn 0.90901 0.09950 0.40472
vn 0.90901 0.09950 0.40472
vn 0.90901 0.09950 0.40472
vn 0.91197 -0.05872 0.40603
vn 0.87840 -0.27472 0.39109
vn 0.87840 -0.27472 0.39109
vn 0.87840 -0.27472 0.39109
vn 0.87840 -0.27472 0.39109
vn 0.87840 -0.27472 0.39109
vn 0.87840 -0.27472 0.39109
vn 0.85854 -0.34174 0.38225
vn 0.85854 -0.34174 0.38225
vn 0.85854 -0.34174 0.38225
vn 0.85854 -0.34174 0.38225
vn 0.85854 -0.34174 0.38225
vn 0.85854 -0.34174 0.38225
vn 0.85854 -0.34174 0.38225
vn 0.00000 -1.00000 0.00000
vn 0.00000 -1.00000 0.00000
vn 0.00000 -1.00000 0.00000
vn 0.00000 -1.00000 0.00000
vn 0.00000 -1.00000 0.00000
vn 0.00000 -1.00000 0.00000
vn 0.00000 1.00000 0.00000
vn 0.00000 0.00000 0.00000
vn 0.04751 0.99827 0.03452
vn 0.04751 0.99827 0.03452
vn 0.04751 0.99827 0.03452
vn 0.04751 0.99827 0.03452
vn 0.04751 0.99827 0.03452
vn 0.04751 0.99827 0.03452
vn 0.75115 0.37139 0.54574
vn 0.75115 0.37139 0.54574
vn 0.75115 0.37139 0.54574
vn 0.75115 0.37139 0.54574
vn 0.75115 0.37139 0.54574
vn 0.75115 0.37139 0.54574
vn 0.75115 0.37139 0.54574
vn 0.80407 -0.11043 0.58419
vn 0.80407 -0.11043 0.58419
vn 0.80407 -0.11043 0.58419
vn 0.80407 -0.11043 0.58419
vn 0.80407 -0.11043 0.58419
vn 0.80407 -0.11043 0.58419
vn 0.80723 0.06652 0.58648
vn 0.76750 0.31623 0.55762
vn 0.76750 0.31623 0.55762
vn 0.76750 0.31623 0.55762
vn 0.76750 0.31623 0.55762
vn 0.76750 0.31623 0.55762
vn 0.76750 0.31623 0.55762
vn 0.78975 -0.21693 0.57379
vn 0.78975 -0.21693 0.57379
vn 0.78975 -0.21693 0.57379
vn 0.78975 -0.21693 0.57379
vn 0.78975 -0.21693 0.57379
vn 0.78975 -0.21693 0.57379
vn 0.78975 -0.21693 0.57379
vn 0.80500 0.09950 0.58487
vn 0.80500 0.09950 0.58487
vn 0.80500 0.09950 0.58487
vn 0.80500 0.09950 0.58487
vn 0.80500 0.09950 0.58487
vn 0.80500 0.09950 0.58487
vn 0.80762 -0.05872 0.58677
vn 0.77789 -0.27472 0.56517
vn 0.77789 -0.27472 0.56517
vn 0.77789 -0.27472 0.56517
vn 0.77789 -0.27472 0.56517
vn 0.77789 -0.27472 0.56517
vn 0.77789 -0.27472 0.56517
vn 0.76031 -0.34174 0.55240
vn 0.76031 -0.34174 0.55240
vn 0.76031 -0.34174 0.55240
vn 0.76031 -0.34174 0.55240
vn 0.76031 -0.34174 0.55240
vn 0.76031 -0.34174 0.55240
vn 0.76031 -0.34174 0.55240
vn 0.00000 -1.00000 0.00000
vn 0.00000 -1.00000 0.00000
vn 0.00000 -1.00000 0.00000
vn 0.00000 -1.00000 0.00000
vn 0.00000 -1.00000 0.00000
vn 0.00000 -1.00000 0.00000
vn 0.00000 1.00000 0.00000
vn 0.00000 0.00000 0.00000
vn 0.03929 0.99827 0.04364
vn 0.03929 0.99827 0.04364
vn 0.03929 0.99827 0.04364
vn 0.03929 0.99827 0.04364
vn 0.03929 0.99827 0.04364
vn 0.03929 0.99827 0.04364
vn 0.62127 0.37139 0.68999
vn 0.62127 0.37139 0.68999
vn 0.62127 0.37139 0.68999
vn 0.62127 0.37139 0.68999
vn 0.62127 0.37139 0.68999
vn 0.62127 0.37139 0.68999
vn 0.62127 0.37139 0.68999
vn 0.66504 -0.11043 0.73860
vn 0.66504 -0.11043 0.73860
vn 0.66504 -0.11043 0.73860
vn 0.66504 -0.11043 0.73860
vn 0.66504 -0.11043 0.73860
vn 0.66504 -0.11043 0.73860
vn 0.66765 0.06652 0.74150
vn 0.63479 0.31623 0.70501
vn 0.63479 0.31623 0.70501
vn 0.63479 0.31623 0.70501
vn 0.63479 0.31623 0.70501
vn 0.63479 0.31623 0.70501
vn 0.63479 0.31623 0.70501
vn 0.65320 -0.21693 0.72545
vn 0.65320 -0.21693 0.72545
vn 0.65320 -0.21693 0.72545
vn 0.65320 -0.21693 0.72545
vn 0.65320 -0.21693 0.72545
vn 0.65320 -0.21693 0.72545
vn 0.65320 -0.21693 0.72545
vn 0.66581 0.09950 0.73946
vn 0.66581 0.09950 0.73946
vn 0.66581 0.09950 0.73946
vn 0.66581 0.09950 0.73946
vn 0.66581 0.09950 0.73946
vn 0.66581 0.09950 0.73946
vn 0.66798 -0.05872 0.74186
vn 0.64339 -0.27472 0.71455
vn 0.64339 -0.27472 0.71455
vn 0.64339 -0.27472 0.71455
vn 0.64339 -0.27472 0.71455
vn 0.64339 -0.27472 0.71455
vn 0.64339 -0.27472 0.71455
vn 0.62884 -0.34174 0.69840
vn 0.62884 -0.34174 0.69840
vn 0.62884 -0.34174 0.69840
vn 0.62884 -0.34174 0.69840
vn 0.62884 -0.34174 0.69840
vn 0.62884 -0.34174 0.69840
vn 0.62884 -0.34174 0.69840
vn 0.00000 -1.00000 0.00000
vn 0.00000 -1.00000 0.00000
vn 0.00000 -1.00000 0.00000
vn 0.00000 -1.00000 0.00000
vn 0.00000 -1.00000 0.00000
vn 0.00000 -1.00000 0.00000
vn 0.00000 1.00000 0.00000
vn 0.00000 0.00000 0.00000
vn 0.02936 0.99827 0.05085
vn 0.02936 0.99827 0.05085
vn 0.02936 0.99827 0.05085
vn 0.02936 0.99827 0.05085
vn 0.02936 0.99827 0.05085
vn 0.02936 0.99827 0.05085
vn 0.46424 0.37139 0.80408
vn 0.46424 0.37139 0.80408
vn 0.46424 0.37139 0.80408
vn 0.46424 0.37139 0.80408
vn 0.46424 0.37139 0.80408
vn 0.46424 0.37139 0.80408
vn 0.46424 0.37139 0.80408
vn 0.49694 -0.11043 0.86073
vn 0.49694 -0.11043 0.86073
vn 0.49694 -0.11043 0.86073
vn 0.49694 -0.11043 0.86073
vn 0.49694 -0.11043 0.86073
vn 0.49694 -0.11043 0.86073
vn 0.49889 0.06652 0.86411
vn 0.47434 0.31623 0.82158
vn 0.47434 0.31623 0.82158
vn 0.47434 0.31623 0.82158
vn 0.47434 0.31623 0.82158
vn 0.47434 0.31623 0.82158
vn 0.47434 0.31623 0.82158
vn 0.48809 -0.21693 0.84540
vn 0.48809 -0.21693 0.84540
vn 0.48809 -0.21693 0.84540
vn 0.48809 -0.21693 0.84540
vn 0.48809 -0.21693 0.84540
vn 0.48809 -0.21693 0.84540
vn 0.48809 -0.21693 0.84540
vn 0.49752 0.09950 0.86173
vn 0.49752 0.09950 0.86173
vn 0.49752 0.09950 0.86173
vn 0.49752 0.09950 0.86173
vn 0.49752 0.09950 0.86173
vn 0.49752 0.09950 0.86173
vn 0.49914 -0.05872 0.86453
vn 0.48076 -0.27472 0.83270
vn 0.48076 -0.27472 0.83270
vn 0.48076 -0.27472 0.83270
vn 0.48076 -0.27472 0.83270
vn 0.48076 -0.27472 0.83270
vn 0.48076 -0.27472 0.83270
vn 0.46990 -0.34174 0.81388
vn 0.46990 -0.34174 0.81388
vn 0.46990 -0.34174 0.81388
vn 0.46990 -0.34174 0.81388
vn 0.46990 -0.34174 0.81388
vn 0.46990 -0.34174 0.81388
vn 0.46990 -0.34174 0.81388
vn 0.00000 -1.00000 0.00000
vn 0.00000 -1.00000 0.00000
vn 0.00000 -1.00000 0.00000
vn 0.00000 -1.00000 0.00000
vn 0.00000 -1.00000 0.00000
vn 0.00000 -1.00000 0.00000
vn 0.00000 1.00000 0.00000
vn 0.00000 0.00000 0.00000
vn 0.01815 0.99827 0.05585
vn 0.01815 0.99827 0.05585
vn 0.01815 0.99827 0.05585
vn 0.01815 0.99827 0.05585
vn 0.01815 0.99827 0.05585
vn 0.01815 0.99827 0.05585
vn 0.28692 0.37139 0.88303
vn 0.28692 0.37139 0.88303
vn 0.28692 0.37139 0.88303
vn 0.28692 0.37139 0.88303
vn 0.28692 0.37139 0.88303
vn 0.28692 0.37139 0.88303
vn 0.28692 0.37139 0.88303
vn 0.30713 -0.11043 0.94524
vn 0.30713 -0.11043 0.94524
vn 0.30713 -0.11043 0.94524
vn 0.30713 -0.11043 0.94524
vn 0.30713 -0.11043 0.94524
vn 0.30713 -0.11043 0.94524
vn 0.30833 0.06652 0.94895
vn 0.29316 0.31623 0.90225
vn 0.29316 0.31623 0.90225
vn 0.29316 0.31623 0.90225
vn 0.29316 0.31623 0.90225
vn 0.29316 0.31623 0.90225
vn 0.29316 0.31623 0.90225
vn 0.30166 -0.21693 0.92841
vn 0.30166 -0.21693 0.92841
vn 0.30166 -0.21693 0.92841
vn 0.30166 -0.21693 0.92841
vn 0.30166 -0.21693 0.92841
vn 0.30166 -0.21693 0.92841
vn 0.30166 -0.21693 0.92841
vn 0.30748 0.09950 0.94634
vn 0.30748 0.09950 0.94634
vn 0.30748 0.09950 0.94634
vn 0.30748 0.09950 0.94634
vn 0.30748 0.09950 0.94634
vn 0.30748 0.09950 0.94634
vn 0.30848 -0.05872 0.94942
vn 0.29713 -0.27472 0.91446
vn 0.29713 -0.27472 0.91446
vn 0.29713 -0.27472 0.91446
vn 0.29713 -0.27472 0.91446
vn 0.29713 -0.27472 0.91446
vn 0.29713 -0.27472 0.91446
vn 0.29041 -0.34174 0.89380
vn 0.29041 -0.34174 0.89380
vn 0.29041 -0.34174 0.89380
vn 0.29041 -0.34174 0.89380
vn 0.29041 -0.34174 0.89380
vn 0.29041 -0.34174 0.89380
vn 0.29041 -0.34174 0.89380
vn 0.00000 -1.00000 0.00000
vn 0.00000 -1.00000 0.00000
vn 0.00000 -1.00000 0.00000
vn 0.00000 -1.00000 0.00000
vn 0.00000 -1.00000 0.00000
vn 0.00000 -1.00000 0.00000
vn 0.00000 1.00000 0.00000
vn 0.00000 0.00000 0.00000
vn 0.00614 0.99827 0.05840
vn 0.00614 0.99827 0.05840
vn 0.00614 0.99827 0.05840
vn 0.00614 0.99827 0.05840
vn 0.00614 0.99827 0.05840
vn 0.00614 0.99827 0.05840
vn 0.09705 0.37139 0.92339
vn 0.09705 0.37139 0.92339
vn 0.09705 0.37139 0.92339
vn 0.09705 0.37139 0.92339
vn 0.09705 0.37139 0.92339
vn 0.09705 0.37139 0.92339
vn 0.09705 0.37139 0.92339
vn 0.10389 -0.11043 0.98844
vn 0.10389 -0.11043 0.98844
vn 0.10389 -0.11043 0.98844
vn 0.10389 -0.11043 0.98844
vn 0.10389 -0.11043 0.98844
vn 0.10389 -0.11043 0.98844
vn 0.10430 0.06652 0.99232
vn 0.09916 0.31623 0.94349
vn 0.09916 0.31623 0.94349
vn 0.09916 0.31623 0.94349
vn 0.09916 0.31623 0.94349
vn 0.09916 0.31623 0.94349
vn 0.09916 0.31623 0.94349
vn 0.10204 -0.21693 0.97084
vn 0.10204 -0.21693 0.97084
vn 0.10204 -0.21693 0.97084
vn 0.10204 -0.21693 0.97084
vn 0.10204 -0.21693 0.97084
vn 0.10204 -0.21693 0.97084
vn 0.10204 -0.21693 0.97084
vn 0.10401 0.09950 0.98959
vn 0.10401 0.09950 0.98959
vn 0.10401 0.09950 0.98959
vn 0.10401 0.09950 0.98959
vn 0.10401 0.09950 0.98959
vn 0.10401 0.09950 0.98959
vn 0.10435 -0.05872 0.99281
vn 0.10051 -0.27472 0.95626
vn 0.10051 -0.27472 0.95626
vn 0.10051 -0.27472 0.95626
vn 0.10051 -0.27472 0.95626
vn 0.10051 -0.27472 0.95626
vn 0.10051 -0.27472 0.95626
vn 0.09824 -0.34174 0.93465
vn 0.09824 -0.34174 0.93465
vn 0.09824 -0.34174 0.93465
vn 0.09824 -0.34174 0.93465
vn 0.09824 -0.34174 0.93465
vn 0.09824 -0.34174 0.93465
vn 0.09824 -0.34174 0.93465
vn 0.00000 -1.00000 0.00000
vn 0.00000 -1.00000 0.00000
vn 0.00000 -1.00000 0.00000
vn 0.00000 -1.00000 0.00000
vn 0.00000 -1.00000 0.00000
vn 0.00000 -1.00000 0.00000
vn 0.00000 1.00000 0.00000
vn 0.00000 0.00000 0.00000
vn -0.00614 0.99827 0.05840
vn -0.00614 0.99827 0.05840
vn -0.00614 0.99827 0.05840
vn -0.00614 0.99827 0.05840
vn -0.00614 0.99827 0.05840
vn -0.00614 0.99827 0.05840
vn -0.09705 0.37139 0.92339
vn -0.09705 0.37139 0.92339
vn -0.09705 0.37139 0.92339
vn -0.09705 0.37139 0.92339
vn -0.09705 0.37139 0.92339
vn -0.09705 0.37139 0.92339
vn -0.09705 0.37139 0.92339
vn -0.10389 -0.11043 0.98844
vn -0.10389 -0.11043 0.98844
vn -0.10389 -0.11043 0.98844
vn -0.10389 -0.11043 0.98844
vn -0.10389 -0.11043 0.98844
vn -0.10389 -0.11043 0.98844
vn -0.10430 0.06652 0.99232
vn -0.09916 0.31623 0.94349
vn -0.09916 0.31623 0.94349
vn -0.09916 0.31623 0.94349
vn -0.09916 0.31623 0.94349
vn -0.09916 0.31623 0.94349
vn -0.09916 0.31623 0.94349
vn -0.10204 -0.21693 0.97084
vn -0.10204 -0.21693 0.97084
vn -0.10204 -0.21693 0.97084
vn -0.10204 -0.21693 0.97084
vn -0.10204 -0.21693 0.97084
vn -0.10204 -0.21693 0.97084
vn -0.10204 -0.21693 0.97084
vn -0.10401 0.09950 0.98959
vn -0.10401 0.09950 0.98959
vn -0.10401 0.09950 0.98959
vn -0.10401 0.09950 0.98959
vn -0.10401 0.09950 0.98959
vn -0.10401 0.09950 0.98959
vn -0.10435 -0.05872 0.99281
vn -0.10051 -0.27472 0.95626
vn -0.10051 -0.27472 0.95626
vn -0.10051 -0.27472 0.95626
vn -0.10051 -0.27472 0.95626
vn -0.10051 -0.27472 0.95626
vn -0.10051 -0.27472 0.95626
vn -0.09824 -0.34174 0.93465
vn -0.09824 -0.34174 0.93465
vn -0.09824 -0.34174 0.93465
vn -0.09824 -0.34174 0.93465
vn -0.09824 -0.34174 0.93465
vn -0.09824 -0.34174 0.93465
vn -0.09824 -0.34174 0.93465
vn 0.00000 -1.00000 0.00000
vn 0.00000 -1.00000 0.00000
vn 0.00000 -1.00000 0.00000
vn 0.00000 -1.00000 0.00000
vn 0.00000 -1.00000 0.00000
vn 0.00000 -1.00000 0.00000
vn 0.00000 1.00000 0.00000
vn 0.00000 0.00000 0.00000
vn -0.01815 0.99827 0.05585
vn -0.01815 0.99827 0.05585
vn -0.01815 0.99827 0.05585
vn -0.01815 0.99827 0.05585
vn -0.01815 0.99827 0.05585
vn -0.01815 0.99827 0.05585
vn -0.28692 0.37139 0.88303
vn -0.28692 0.37139 0.88303
vn -0.28692 0.37139 0.88303
vn -0.28692 0.37139 0.88303
vn -0.28692 0.37139 0.88303
vn -0.28692 0.37139 0.88303
vn -0.28692 0.37139 0.88303
vn -0.30713 -0.11043 0.94524
vn -0.30713 -0.11043 0.94524
vn -0.30713 -0.11043 0.94524
vn -0.30713 -0.11043 0.94524
vn -0.30713 -0.11043 0.94524
vn -0.30713 -0.11043 0.94524
vn -0.30833 0.06652 0.94895
vn -0.29316 0.31623 0.90225
vn -0.29316 0.31623 0.90225
vn -0.29316 0.31623 0.90225
vn -0.29316 0.31623 0.90225
vn -0.29316 0.31623 0.90225
vn -0.29316 0.31623 0.90225
vn -0.30166 -0.21693 0.92841
vn -0.30166 -0.21693 0.92841
vn -0.30166 -0.21693 0.92841
vn -0.30166 -0.21693 0.92841
vn -0.30166 -0.21693 0.92841
vn -0.30166 -0.21693 0.92841
vn -0.30166 -0.21693 0.92841
vn -0.30748 0.09950 0.94634
vn -0.30748 0.09950 0.94634
vn -0.30748 0.09950 0.94634
vn -0.30748 0.09950 0.94634
vn -0.30748 0.09950 0.94634
vn -0.30748 0.09950 0.94634
vn -0.30848 -0.05872 0.94942
vn -0.29713 -0.27472 0.91446
vn -0.29713 -0.27472 0.91446
vn -0.29713 -0.27472 0.91446
vn -0.29713 -0.27472 0.91446
vn -0.29713 -0.27472 0.91446
vn -0.29713 -0.27472 0.91446
vn -0.29041 -0.34174 0.89380
vn -0.29041 -0.34174 0.89380
vn -0.29041 -0.34174 0.89380
vn -0.29041 -0.34174 0.89380
vn -0.29041 -0.34174 0.89380
vn -0.29041 -0.34174 0.89380
vn -0.29041 -0.34174 0.89380
vn 0.00000 -1.00000 0.00000
vn 0.00000 -1.00000 0.00000
vn 0.00000 -1.00000 0.00000
vn 0.00000 -1.00000 0.00000
vn 0.00000 -1.00000 0.00000
vn 0.00000 -1.00000 0.00000
vn 0.00000 1.00000 0.00000
vn 0.00000 0.00000 0.00000
vn -0.02936 0.99827 0.05085
vn -0.02936 0.99827 0.05085
vn -0.02936 0.99827 0.05085
vn -0.02936 0.99827 0.05085
vn -0.02936 0.99827 0.05085
vn -0.02936 0.99827 0.05085
vn -0.46424 0.37139 0.80408
vn -0.46424 0.37139 0.80408
vn -0.46424 0.37139 0.80408
vn -0.46424 0.37139 0.80408
vn -0.46424 0.37139 0.80408
vn -0.46424 0.37139 0.80408
vn -0.46424 0.37139 0.80408
vn -0.49694 -0.11043 0.86073
vn -0.49694 -0.11043 0.86073
vn -0.49694 -0.11043 0.86073
vn -0.49694 -0.11043 0.86073
vn -0.49694 -0.11043 0.86073
vn -0.49694 -0.11043 0.86073
vn -0.49889 0.06652 0.86411
vn -0.47434 0.31623 0.82158
vn -0.47434 0.31623 0.82158
vn -0.47434 0.31623 0.82158
vn -0.47434 0.31623 0.82158
vn -0.47434 0.31623 0.82158
vn -0.47434 0.31623 0.82158
vn -0.48809 -0.21693 0.84540
vn -0.48809 -0.21693 0.84540
vn -0.48809 -0.21693 0.84540
vn -0.48809 -0.21693 0.84540
vn -0.48809 -0.21693 0.84540
vn -0.48809 -0.21693 0.84540
vn -0.48809 -0.21693 0.84540
vn -0.49752 0.09950 0.86173
vn -0.49752 0.09950 0.86173
vn -0.49752 0.09950 0.86173
vn -0.49752 0.09950 0.86173
vn -0.49752 0.09950 0.86173
vn -0.49752 0.09950 0.86173
vn -0.49914 -0.05872 0.86453
vn -0.48076 -0.27472 0.83270
vn -0.48076 -0.27472 0.83270
vn -0.48076 -0.27472 0.83270
vn -0.48076 -0.27472 0.83270
vn -0.48076 -0.27472 0.83270
vn -0.48076 -0.27472 0.83270
vn -0.46990 -0.34174 0.81388
vn -0.46990 -0.34174 0.81388
vn -0.46990 -0.34174 0.81388
vn -0.46990 -0.34174 0.81388
vn -0.46990 -0.34174 0.81388
vn -0.46990 -0.34174 0.81388
vn -0.46990 -0.34174 0.81388
vn 0.00000 -1.00000 0.00000
vn 0.00000 -1.00000 0.00000
vn 0.00000 -1.00000 0.00000
vn 0.00000 -1.00000 0.00000
vn 0.00000 -1.00000 0.00000
vn 0.00000 -1.00000 0.00000
vn 0.00000 1.00000 0.00000
vn 0.00000 0.00000 0.00000
vn -0.03929 0.99827 0.04364
vn -0.03929 0.99827 0.04364
vn -0.03929 0.99827 0.04364
vn -0.03929 0.99827 0.04364
vn -0.03929 0.99827 0.04364
vn -0.03929 0.99827 0.04364
vn -0.62127 0.37139 0.68999
vn -0.62127 0.37139 0.68999
vn -0.62127 0.37139 0.68999
vn -0.62127 0.37139 0.68999
vn -0.62127 0.37139 0.68999
vn -0.62127 0.37139 0.68999
vn -0.62127 0.37139 0.68999
vn -0.66504 -0.11043 0.73860
vn -0.66504 -0.11043 0.73860
vn -0.66504 -0.11043 0.73860
vn -0.66504 -0.11043 0.73860
vn -0.66504 -0.11043 0.73860
vn -0.66504 -0.11043 0.73860
vn -0.66765 0.06652 0.74150
vn -0.63479 0.31623 0.70501
vn -0.63479 0.31623 0.70501
vn -0.63479 0.31623 0.70501
vn -0.63479 0.31623 0.70501
vn -0.63479 0.31623 0.70501
vn -0.63479 0.31623 0.70501
vn -0.65320 -0.21693 0.72545
vn -0.65320 -0.21693 0.72545
vn -0.65320 -0.21693 0.72545
vn -0.65320 -0.21693 0.72545
vn -0.65320 -0.21693 0.72545
vn -0.65320 -0.21693 0.72545
vn -0.65320 -0.21693 0.72545
vn -0.66581 0.09950 0.73946
vn -0.66581 0.09950 0.73946
vn -0.66581 0.09950 0.73946
vn -0.66581 0.09950 0.73946
vn -0.66581 0.09950 0.73946
vn -0.66581 0.09950 0.73946
vn -0.66798 -0.05872 0.74186
vn -0.64339 -0.27472 0.71455
vn -0.64339 -0.27472 0.71455
vn -0.64339 -0.27472 0.71455
vn -0.64339 -0.27472 0.71455
vn -0.64339 -0.27472 0.71455
vn -0.64339 -0.27472 0.71455
vn -0.62884 -0.34174 0.69840
vn -0.62884 -0.34174 0.69840
vn -0.62884 -0.34174 0.69840
vn -0.62884 -0.34174 0.69840
vn -0.62884 -0.34174 0.69840
vn -0.62884 -0.34174 0.69840
vn -0.62884 -0.34174 0.69840
vn 0.00000 -1.00000 0.00000
vn 0.00000 -1.00000 0.00000
vn 0.00000 -1.00000 0.00000
vn 0.00000 -1.00000 0.00000
vn 0.00000 -1.00000 0.00000
vn 0.00000 -1.00000 0.00000
vn 0.00000 1.00000 0.00000
vn 0.00000 0.00000 0.00000
vn -0.04751 0.99827 0.03452
vn -0.04751 0.99827 0.03452
vn -0.04751 0.99827 0.03452
vn -0.04751 0.99827 0.03452
vn -0.04751 0.99827 0.03452
vn -0.04751 0.99827 0.03452
vn -0.75115 0.37139 0.54574
vn -0.75115 0.37139 0.54574
vn -0.75115 0.37139 0.54574
vn -0.75115 0.37139 0.54574
vn -0.75115 0.37139 0.54574
vn -0.75115 0.37139 0.54574
vn -0.75115 0.37139 0.54574
vn -0.80407 -0.11043 0.58419
vn -0.80407 -0.11043 0.58419
vn -0.80407 -0.11043 0.58419
vn -0.80407 -0.11043 0.58419
vn -0.80407 -0.11043 0.58419
vn -0.80407 -0.11043 0.58419
vn -0.80723 0.06652 0.58648
vn -0.76750 0.31623 0.55762
vn -0.76750 0.31623 0.55762
vn -0.76750 0.31623 0.55762
vn -0.76750 0.31623 0.55762
vn -0.76750 0.31623 0.55762
vn -0.76750 0.31623 0.55762
vn -0.78975 -0.21693 0.57379
vn -0.78975 -0.21693 0.57379
vn -0.78975 -0.21693 0.57379
vn -0.78975 -0.21693 0.57379
vn -0.78975 -0.21693 0.57379
vn -0.78975 -0.21693 0.57379
vn -0.78975 -0.21693 0.57379
vn -0.80500 0.09950 0.58487
vn -0.80500 0.09950 0.58487
vn -0.80500 0.09950 0.58487
vn -0.80500 0.09950 0.58487
vn -0.80500 0.09950 0.58487
vn -0.80500 0.09950 0.58487
vn -0.80762 -0.05872 0.58677
vn -0.77789 -0.27472 0.56517
vn -0.77789 -0.27472 0.56517
vn -0.77789 -0.27472 0.56517
vn -0.77789 -0.27472 0.56517
vn -0.77789 -0.27472 0.56517
vn -0.77789 -0.27472 0.56517
vn -0.76031 -0.34174 0.55240
vn -0.76031 -0.34174 0.55240
vn -0.76031 -0.34174 0.55240
vn -0.76031 -0.34174 0.55240
vn -0.76031 -0.34174 0.55240
vn -0.76031 -0.34174 0.55240
vn -0.76031 -0.34174 0.55240
vn 0.00000 -1.00000 0.00000
vn 0.00000 -1.00000 0.00000
vn 0.00000 -1.00000 0.00000
vn 0.00000 -1.00000 0.00000
vn 0.00000 -1.00000 0.00000
vn 0.00000 -1.00000 0.00000
vn 0.00000 1.00000 0.00000
vn 0.00000 0.00000 0.00000
vn -0.05365 0.99827 0.02388
vn -0.05365 0.99827 0.02388
vn -0.05365 0.99827 0.02388
vn -0.05365 0.99827 0.02388
vn -0.05365 0.99827 0.02388
vn -0.05365 0.99827 0.02388
vn -0.84821 0.37139 0.37765
vn -0.84821 0.37139 0.37765
vn -0.84821 0.37139 0.37765
vn -0.84821 0.37139 0.37765
vn -0.84821 0.37139 0.37765
vn -0.84821 0.37139 0.37765
vn -0.84821 0.37139 0.37765
vn -0.90796 -0.11043 0.40425
vn -0.90796 -0.11043 0.40425
vn -0.90796 -0.11043 0.40425
vn -0.90796 -0.11043 0.40425
vn -0.90796 -0.11043 0.40425
vn -0.90796 -0.11043 0.40425
vn -0.91152 0.06652 0.40584
vn -0.86667 0.31623 0.38586
vn -0.86667 0.31623 0.38586
vn -0.86667 0.31623 0.38586
vn -0.86667 0.31623 0.38586
vn -0.86667 0.31623 0.38586
vn -0.86667 0.31623 0.38586
vn -0.89179 -0.21693 0.39705
vn -0.89179 -0.21693 0.39705
vn -0.89179 -0.21693 0.39705
vn -0.89179 -0.21693 0.39705
vn -0.89179 -0.21693 0.39705
vn -0.89179 -0.21693 0.39705
vn -0.89179 -0.21693 0.39705
vn -0.90901 0.09950 0.40472
vn -0.90901 0.09950 0.40472
vn -0.90901 0.09950 0.40472
vn -0.90901 0.09950 0.40472
vn -0.90901 0.09950 0.40472
vn -0.90901 0.09950 0.40472
vn -0.91197 -0.05872 0.40603
vn -0.87840 -0.27472 0.39109
vn -0.87840 -0.27472 0.39109
vn -0.87840 -0.27472 0.39109
vn -0.87840 -0.27472 0.39109
vn -0.87840 -0.27472 0.39109
vn -0.87840 -0.27472 0.39109
vn -0.85854 -0.34174 0.38225
vn -0.85854 -0.34174 0.38225
vn -0.85854 -0.34174 0.38225
vn -0.85854 -0.34174 0.38225
vn -0.85854 -0.34174 0.38225
vn -0.85854 -0.34174 0.38225
vn -0.85854 -0.34174 0.38225
vn 0.00000 -1.00000 0.00000
vn 0.00000 -1.00000 0.00000
vn 0.00000 -1.00000 0.00000
vn 0.00000 -1.00000 0.00000
vn 0.00000 -1.00000 0.00000
vn 0.00000 -1.00000 0.00000
vn 0.00000 1.00000 0.00000
vn 0.00000 0.00000 0.00000
vn -0.05744 0.99827 0.01221
vn -0.05744 0.99827 0.01221
vn -0.05744 0.99827 0.01221
vn -0.05744 0.99827 0.01221
vn -0.05744 0.99827 0.01221
vn -0.05744 0.99827 0.01221
vn -0.90819 0.37139 0.19304
vn -0.90819 0.37139 0.19304
vn -0.90819 0.37139 0.19304
vn -0.90819 0.37139 0.19304
vn -0.90819 0.37139 0.19304
vn -0.90819 0.37139 0.19304
vn -0.90819 0.37139 0.19304
vn -0.97216 -0.11043 0.20664
vn -0.97216 -0.11043 0.20664
vn -0.97216 -0.11043 0.20664
vn -0.97216 -0.11043 0.20664
vn -0.97216 -0.11043 0.20664
vn -0.97216 -0.11043 0.20664
vn -0.97598 0.06652 0.20745
vn -0.92795 0.31623 0.19724
vn -0.92795 0.31623 0.19724
vn -0.92795 0.31623 0.19724
vn -0.92795 0.31623 0.19724
vn -0.92795 0.31623 0.19724
vn -0.92795 0.31623 0.19724
vn -0.95486 -0.21693 0.20296
vn -0.95486 -0.21693 0.20296
vn -0.95486 -0.21693 0.20296
vn -0.95486 -0.21693 0.20296
vn -0.95486 -0.21693 0.20296
vn -0.95486 -0.21693 0.20296
vn -0.95486 -0.21693 0.20296
vn -0.97329 0.09950 0.20688
vn -0.97329 0.09950 0.20688
vn -0.97329 0.09950 0.20688
vn -0.97329 0.09950 0.20688
vn -0.97329 0.09950 0.20688
vn -0.97329 0.09950 0.20688
vn -0.97646 -0.05872 0.20755
vn -0.94051 -0.27472 0.19991
vn -0.94051 -0.27472 0.19991
vn -0.94051 -0.27472 0.19991
vn -0.94051 -0.27472 0.19991
vn -0.94051 -0.27472 0.19991
vn -0.94051 -0.27472 0.19991
vn -0.91926 -0.34174 0.19539
vn -0.91926 -0.34174 0.19539
vn -0.91926 -0.34174 0.19539
vn -0.91926 -0.34174 0.19539
vn -0.91926 -0.34174 0.19539
vn -0.91926 -0.34174 0.19539
vn -0.91926 -0.34174 0.19539
vn 0.00000 -1.00000 0.00000
vn 0.00000 -1.00000 0.00000
vn 0.00000 -1.00000 0.00000
vn 0.00000 -1.00000 0.00000
vn 0.00000 -1.00000 0.00000
vn 0.00000 -1.00000 0.00000
vn 0.00000 1.00000 0.00000
vn 0.00000 0.00000 0.00000
vn -0.05872 0.99827 0.00018
vn -0.05872 0.99827 0.00018
vn -0.05872 0.99827 0.00018
vn -0.05872 0.99827 0.00018
vn -0.05872 0.99827 0.00018
vn -0.05872 0.99827 0.00018
vn -0.92847 0.37139 0.00292
vn -0.92847 0.37139 0.00292
vn -0.92847 0.37139 0.00292
vn -0.92847 0.37139 0.00292
vn -0.92847 0.37139 0.00292
vn -0.92847 0.37139 0.00292
vn -0.92847 0.37139 0.00292
vn -0.99388 -0.11043 0.00312
vn -0.99388 -0.11043 0.00312
vn -0.99388 -0.11043 0.00312
vn -0.99388 -0.11043 0.00312
vn -0.99388 -0.11043 0.00312
vn -0.99388 -0.11043 0.00312
vn -0.99778 0.06652 0.00313
vn -0.94868 0.31623 0.00298
vn -0.94868 0.31623 0.00298
vn -0.94868 0.31623 0.00298
vn -0.94868 0.31623 0.00298
vn -0.94868 0.31623 0.00298
vn -0.94868 0.31623 0.00298
vn -0.97618 -0.21693 0.00307
vn -0.97618 -0.21693 0.00307
vn -0.97618 -0.21693 0.00307
vn -0.97618 -0.21693 0.00307
vn -0.97618 -0.21693 0.00307
vn -0.97618 -0.21693 0.00307
vn -0.97618 -0.21693 0.00307
vn -0.99503 0.09950 0.00313
vn -0.99503 0.09950 0.00313
vn -0.99503 0.09950 0.00313
vn -0.99503 0.09950 0.00313
vn -0.99503 0.09950 0.00313
vn -0.99503 0.09950 0.00313
vn -0.99827 -0.05872 0.00314
vn -0.96152 -0.27472 0.00302
vn -0.96152 -0.27472 0.00302
vn -0.96152 -0.27472 0.00302
vn -0.96152 -0.27472 0.00302
vn -0.96152 -0.27472 0.00302
vn -0.96152 -0.27472 0.00302
vn -0.93979 -0.34174 0.00295
vn -0.93979 -0.34174 0.00295
vn -0.93979 -0.34174 0.00295
vn -0.93979 -0.34174 0.00295
vn -0.93979 -0.34174 0.00295
vn -0.93979 -0.34174 0.00295
vn -0.93979 -0.34174 0.00295
vn 0.00000 -1.00000 0.00000
vn 0.00000 -1.00000 0.00000
vn 0.00000 -1.00000 0.00000
vn 0.00000 -1.00000 0.00000
vn 0.00000 -1.00000 0.00000
vn 0.00000 -1.00000 0.00000
vn 0.00000 1.00000 0.00000
f 1/1/1 62/62/62 63/63/63
f 1/1/1 63/63/63 2/2/2
f 2/2/2 63/63/63 64/64/64
f 2/2/2 64/64/64 3/3/3
f 3/3/3 64/64/64 65/65/65
f 3/3/3 65/65/65 4/4/4
f 4/4/4 65/65/65 66/66/66
f 4/4/4 66/66/66 5/5/5
f 5/5/5 66/66/66 67/67/67
f 5/5/5 67/67/67 6/6/6
f 6/6/6 67/67/67 68/68/68
f 6/6/6 68/68/68 7/7/7
f 7/7/7 68/68/68 69/69/69
f 7/7/7 69/69/69 8/8/8
f 8/8/8 69/69/69 70/70/70
f 8/8/8 70/70/70 9/9/9
f 9/9/9 70/70/70 71/71/71
f 9/9/9 71/71/71 10/10/10
f 10/10/10 71/71/71 72/72/72
f 10/10/10 72/72/72 11/11/11
f 11/11/11 72/72/72 73/73/73
f 11/11/11 73/73/73 12/12/12
f 12/12/12 73/73/73 74/74/74
f 12/12/12 74/74/74 13/13/13
f 13/13/13 74/74/74 75/75/75
f 13/13/13 75/75/75 14/14/14
f 14/14/14 75/75/75 76/76/76
f 14/14/14 76/76/76 15/15/15
f 15/15/15 76/76/76 77/77/77
f 15/15/15 77/77/77 16/16/16
f 16/16/16 77/77/77 78/78/78
f 16/16/16 78/78/78 17/17/17
f 17/17/17 78/78/78 79/79/79
f 17/17/17 79/79/79 18/18/18
f 18/18/18 79/79/79 80/80/80
f 18/18/18 80/80/80 19/19/19
f 19/19/19 80/80/80 81/81/81
f 19/19/19 81/81/81 20/20/20
f 20/20/20 81/81/81 82/82/82
f 20/20/20 82/82/82 21/21/21
f 21/21/21 82/82/82 83/83/83
f 21/21/21 83/83/83 22/22/22
f 22/22/22 83/83/83 84/84/84
f 22/22/22 84/84/84 23/23/23
f 23/23/23 84/84/84 85/85/85
f 23/23/23 85/85/85 24/24/24
f 24/24/24 85/85/85 86/86/86
f 24/24/24 86/86/86 25/25/25
f 25/25/25 86/86/86 87/87/87
f 25/25/25 87/87/87 26/26/26
f 26/26/26 87/87/87 88/88/88
f 26/26/26 88/88/88 27/27/27
f 27/27/27 88/88/88 89/89/89
f 27/27/27 89/89/89 28/28/28
f 28/28/28 89/89/89 90/90/90
f 28/28/28 90/90/90 29/29/29
f 29/29/29 90/90/90 91/91/91
f 29/29/29 91/91/91 30/30/30
f 30/30/30 91/91/91 92/92/92
f 30/30/30 92/92/92 31/31/31
f 31/31/31 92/92/92 93/93/93
f 31/31/31 93/93/93 32/32/32
f 32/32/32 93/93/93 94/94/94
f 32/32/32 94/94/94 33/33/33
f 33/33/33 94/94/94 95/95/95
f 33/33/33 95/95/95 34/34/34
f 34/34/34 95/95/95 96/96/96
f 34/34/34 96/96/96 35/35/35
f 35/35/35 96/96/96 97/97/97
f 35/35/35 97/97/97 36/36/36
f 36/36/36 97/97/97 98/98/98
f 36/36/36 98/98/98 37/37/37
f 37/37/37 98/98/98 99/99/99
f 37/37/37 99/99/99 38/38/38
f 38/38/38 99/99/99 100/100/100
f 38/38/38 100/100/100 39/39/39
f 39/39/39 100/100/100 101/101/101
f 39/39/39 101/101/101 40/40/40
f 40/40/40 101/101/101 102/102/102
f 40/40/40 102/102/102 41/41/41
f 41/41/41 102/102/102 103/103/103
f 41/41/41 103/103/103 42/42/42
f 42/42/42 103/103/103 104/104/104
f 42/42/42 104/104/104 43/43/43
f 43/43/43 104/104/104 105/105/105
f 43/43/43 105/105/105 44/44/44
f 44/44/44 105/105/105 106/106/106
f 44/44/44 106/106/106 45/45/45
f 45/45/45 106/106/106 107/107/107
f 45/45/45 107/107/107 46/46/46
f 46/46/46 107/107/107 108/108/108
f 46/46/46 108/108/108 47/47/47
f 47/47/47 108/108/108 109/109/109
f 47/47/47 109/109/109 48/48/48
f 48/48/48 109/109/109 110/110/110
f 48/48/48 110/110/110 49/49/49
f 49/49/49 110/110/110 111/111/111
f 49/49/49 111/111/111 50/50/50
f 50/50/50 111/111/111 112/112/112
f 50/50/50 112/112/112 51/51/51
f 51/51/51 112/112/112 113/113/113
f 51/51/51 113/113/113 52/52/52
f 52/52/52 113/113/113 114/114/114
f 52/52/52 114/114/114 53/53/53
f 53/53/53 114/114/114 115/115/115
f 53/53/53 115/115/115 54/54/54
f 54/54/54 115/115/115 116/116/116
f 54/54/54 116/116/116 55/55/55
f 55/55/55 116/116/116 117/117/117
f 55/55/55 117/117/117 56/56/56
f 56/56/56 117/117/117 118/118/118
f 56/56/56 118/118/118 57/57/57
f 57/57/57 118/118/118 119/119/119
f 57/57/57 119/119/119 58/58/58
f 58/58/58 119/119/119 120/120/120
f 58/58/58 120/120/120 59/59/59
f 59/59/59 120/120/120 121/121/121
f 59/59/59 121/121/121 60/60/60
f 60/60/60 121/121/121 122/122/122
f 60/60/60 122/122/122 61/61/61
f 62/62/62 123/123/123 124/124/124
f 62/62/62 124/124/124 63/63/63
f 63/63/63 124/124/124 125/125/125
f 63/63/63 125/125/125 64/64/64
f 64/64/64 125/125/125 126/126/126
f 64/64/64 126/126/126 65/65/65
f 65/65/65 126/126/126 127/127/127
f 65/65/65 127/127/127 66/66/66
f 66/66/66 127/127/127 128/128/128
f 66/66/66 128/128/128 67/67/67
f 67/67/67 128/128/128 129/129/129
f 67/67/67 129/129/129 68/68/68
f 68/68/68 129/129/129 130/130/130
f 68/68/68 130/130/130 69/69/69
f 69/69/69 130/130/130 131/131/131
f 69/69/69 131/131/131 70/70/70
f 70/70/70 131/131/131 132/132/132
f 70/70/70 132/132/132 71/71/71
f 71/71/71 132/132/132 133/133/133
f 71/71/71 133/133/133 72/72/72
f 72/72/72 133/133/133 134/134/134
f 72/72/72 134/134/134 73/73/73
f 73/73/73 134/134/134 135/135/135
f 73/73/73 135/135/135 74/74/74
f 74/74/74 135/135/135 136/136/136
f 74/74/74 136/136/136 75/75/75
f 75/75/75 136/136/136 137/137/137
f 75/75/75 137/137/137 76/76/76
f 76/76/76 137/137/137 138/138/138
f 76/76/76 138/138/138 77/77/77
f 77/77/77 138/138/138 139/139/139
f 77/77/77 139/139/139 78/78/78
f 78/78/78 139/139/139 140/140/140
f 78/78/78 140/140/140 79/79/79
f 79/79/79 140/140/140 141/141/141
f 79/79/79 141/141/141 80/80/80
f 80/80/80 141/141/141 142/142/142
f 80/80/80 142/142/142 81/81/81
f 81/81/81 142/142/142 143/143/143
f 81/81/81 143/143/143 82/82/82
f 82/82/82 143/143/143 144/144/144
f 82/82/82 144/144/144 83/83/83
f 83/83/83 144/144/144 145/145/145
f 83/83/83 145/145/145 84/84/84
f 84/84/84 145/145/145 146/146/146
f 84/84/84 146/146/146 85/85/85
f 85/85/85 146/146/146 147/147/147
f 85/85/85 147/147/147 86/86/86
f 86/86/86 147/147/147 148/148/148
f 86/86/86 148/148/148 87/87/87
f 87/87/87 148/148/148 149/149/149
f 87/87/87 149/149/149 88/88/88
f 88/88/88 149/149/149 150/150/150
f 88/88/88 150/150/150 89/89/89
f 89/89/89 150/150/150 151/151/151
f 89/89/89 151/151/151 90/90/90
f 90/90/90 151/151/151 152/152/152
f 90/90/90 152/152/152 91/91/91
f 91/91/91 152/152/152 153/153/153
f 91/91/91 153/153/153 92/92/92
f 92/92/92 153/153/153 154/154/154
f 92/92/92 154/154/154 93/93/93
f 93/93/93 154/154/154 155/155/155
f 93/93/93 155/155/155 94/94/94
f 94/94/94 155/155/155 156/156/156
f 94/94/94 156/156/156 95/95/95
f 95/95/95 156/156/156 157/157/157
f 95/95/95 157/157/157 96/96/96
f 96/96/96 157/157/157 158/158/158
f 96/96/96 158/158/158 97/97/97
f 97/97/97 158/158/158 159/159/159
f 97/97/97 159/159/159 98/98/98
f 98/98/98 159/159/159 160/160/160
f 98/98/98 160/160/160 99/99/99
f 99/99/99 160/160/160 161/161/161
f 99/99/99 161/161/161 100/100/100
f 100/100/100 161/161/161 162/162/162
f 100/100/100 162/162/162 101/101/101
f 101/101/101 162/162/162 163/163/163
f 101/101/101 163/163/163 102/102/102
f 102/102/102 163/163/163 164/164/164
f 102/102/102 164/164/164 103/103/103
f 103/103/103 164/164/164 165/165/165
f 103/103/103 165/165/165 104/104/104
f 104/104/104 165/165/165 166/166/166
f 104/104/104 166/166/166 105/105/105
f 105/105/105 166/166/166 167/167/167
f 105/105/105 167/167/167 106/106/106
f 106/106/106 167/167/167 168/168/168
f 106/106/106 168/168/168 107/107/107
f 107/107/107 168/168/168 169/169/169
f 107/107/107 169/169/169 108/108/108
f 108/108/108 169/169/169 170/170/170
f 108/108/108 170/170/170 109/109/109
f 109/109/109 170/170/170 171/171/171
f 109/109/109 171/171/171 110/110/110
f 110/110/110 171/171/171 172/172/172
f 110/110/110 172/172/172 111/111/111
f 111/111/111 172/172/172 173/173/173
f 111/111/111 173/173/173 112/112/112
f 112/112/112 173/173/173 174/174/174
f 112/112/112 174/174/174 113/113/113
f 113/113/113 174/174/174 175/175/175
f 113/113/113 175/175/175 114/114/114
f 114/114/114 175/175/175 176/176/176
f 114/114/114 176/176/176 115/115/115
f 115/115/115 176/176/176 177/177/177
f 115/115/115 177/177/177 116/116/116
f 116/116/116 177/177/177 178/178/178
f 116/116/116 178/178/178 117/117/117
f 117/117/117 178/178/178 179/179/179
f 117/117/117 179/179/179 118/118/118
f 118/118/118 179/179/179 180/180/180
f 118/118/118 180/180/180 119/119/119
f 119/119/119 180/180/180 181/181/181
f 119/119/119 181/181/181 120/120/120
f 120/120/120 181/181/181 182/182/182
f 120/120/120 182/182/182 121/121/121
f 121/121/121 182/182/182 183/183/183
f 121/121/121 183/183/183 122/122/122
f 123/123/123 184/184/184 185/185/185
f 123/123/123 185/185/185 124/124/124
f 124/124/124 185/185/185 186/186/186
f 124/124/124 186/186/186 125/125/125
f 125/125/125 186/186/186 187/187/187
f 125/125/125 187/187/187 126/126/126
f 126/126/126 187/187/187 188/188/188
f 126/126/126 188/188/188 127/127/127
f 127/127/127 188/188/188 189/189/189
f 127/127/127 189/189/189 128/128/128
f 128/128/128 189/189/189 190/190/190
f 128/128/128 190/190/190 129/129/129
f 129/129/129 190/190/190 191/191/191
f 129/129/129 191/191/191 130/130/130
f 130/130/130 191/191/191 192/192/192
f 130/130/130 192/192/192 131/131/131
f 131/131/131 192/192/192 193/193/193
f 131/131/131 193/193/193 132/132/132
f 132/132/132 193/193/193 194/194/194
f 132/132/132 194/194/194 133/133/133
f 133/133/133 194/194/194 195/195/195
f 133/133/133 195/195/195 134/134/134
f 134/134/134 195/195/195 196/196/196
f 134/134/134 196/196/196 135/135/135
f 135/135/135 196/196/196 197/197/197
f 135/135/135 197/197/197 136/136/136
f 136/136/136 197/197/197 198/198/198
f 136/136/136 198/198/198 137/137/137
f 137/137/137 198/198/198 199/199/199
f 137/137/137 199/199/199 138/138/138
f 138/138/138 199/199/199 200/200/200
f 138/138/138 200/200/200 139/139/139
f 139/139/139 200/200/200 201/201/201
f 139/139/139 201/201/201 140/140/140
f 140/140/140 201/201/201 202/202/202
f 140/140/140 202/202/202 141/141/141
f 141/141/141 202/202/202 203/203/203
f 141/141/141 203/203/203 142/142/142
f 142/142/142 203/203/203 204/204/204
f 142/142/142 204/204/204 143/143/143
f 143/143/143 204/204/204 205/205/205
f 143/143/143 205/205/205 144/144/144
f 144/144/144 205/205/205 206/206/206
f 144/144/144 206/206/206 145/145/145
f 145/145/145 206/206/206 207/207/207
f 145/145/145 207/207/207 146/146/146
f 146/146/146 207/207/207 208/208/208
f 146/146/146 208/208/208 147/147/147
f 147/147/147 208/208/208 209/209/209
f 147/147/147 209/209/209 148/148/148
f 148/148/148 209/209/209 210/210/210
f 148/148/148 210/210/210 149/149/149
f 149/149/149 210/210/210 211/211/211
f 149/149/149 211/211/211 150/150/150
f 150/150/150 211/211/211 212/212/212
f 150/150/150 212/212/212 151/151/151
f 151/151/151 212/212/212 213/213/213
f 151/151/151 213/213/213 152/152/152
f 152/152/152 213/213/213 214/214/214
f 152/152/152 214/214/214 153/153/153
f 153/153/153 214/214/214 215/215/215
f 153/153/153 215/215/215 154/154/154
f 154/154/154 215/215/215 216/216/216
f 154/154/154 216/216/216 155/155/155
f 155/155/155 216/216/216 217/217/217
f 155/155/155 217/217/217 156/156/156
f 156/156/156 217/217/217 218/218/218
f 156/156/156 218/218/218 157/157/157
f 157/157/157 218/218/218 219/219/219
f 157/157/157 219/219/219 158/158/158
f 158/158/158 219/219/219 220/220/220
f 158/158/158 220/220/220 159/159/159
f 159/159/159 220/220/220 221/221/221
f 159/159/159 221/221/221 160/160/160
f 160/160/160 221/221/221 222/222/222
f 160/160/160 222/222/222 161/161/161
f 161/161/161 222/222/222 223/223/223
f 161/161/161 223/223/223 162/162/162
f 162/162/162 223/223/223 224/224/224
f 162/162/162 224/224/224 163/163/163
f 163/163/163 224/224/224 225/225/225
f 163/163/163 225/225/225 164/164/164
f 164/164/164 225/225/225 226/226/226
f 164/164/164 226/226/226 165/165/165
f 165/165/165 226/226/226 227/227/227
f 165/165/165 227/227/227 166/166/166
f 166/166/166 227/227/227 228/228/228
f 166/166/166 228/228/228 167/167/167
f 167/167/167 228/228/228 229/229/229
f 167/167/167 229/229/229 168/168/168
f 168/168/168 229/229/229 230/230/230
f 168/168/168 230/230/230 169/169/169
f 169/169/169 230/230/230 231/231/231
f 169/169/169 231/231/231 170/170/170
f 170/170/170 231/231/231 232/232/232
f 170/170/170 232/232/232 171/171/171
f 171/171/171 232/232/232 233/233/233
f 171/171/171 233/233/233 172/172/172
f 172/172/172 233/233/233 234/234/234
f 172/172/172 234/234/234 173/173/173
f 173/173/173 234/234/234 235/235/235
f 173/173/173 235/235/235 174/174/174
f 174/174/174 235/235/235 236/236/236
f 174/174/174 236/236/236 175/175/175
f 175/175/175 236/236/236 237/237/237
f 175/175/175 237/237/237 176/176/176
f 176/176/176 237/237/237 238/238/238
f 176/176/176 238/238/238 177/177/177
f 177/177/177 238/238/238 239/239/239
f 177/177/177 239/239/239 178/178/178
f 178/178/178 239/239/239 240/240/240
f 178/178/178 240/240/240 179/179/179
f 179/179/179 240/240/240 241/241/241
f 179/179/179 241/241/241 180/180/180
f 180/180/180 241/241/241 242/242/242
f 180/180/180 242/242/242 181/181/181
f 181/181/181 242/242/242 243/243/243
f 181/181/181 243/243/243 182/182/182
f 182/182/182 243/243/243 244/244/244
f 182/182/182 244/244/244 183/183/183
f 184/184/184 245/245/245 246/246/246
f 184/184/184 246/246/246 185/185/185
f 185/185/185 246/246/246 247/247/247
f 185/185/185 247/247/247 186/186/186
f 186/186/186 247/247/247 248/248/248
f 186/186/186 248/248/248 187/187/187
f 187/187/187 248/248/248 249/249/249
f 187/187/187 249/249/249 188/188/188
f 188/188/188 249/249/249 250/250/250
f 188/188/188 250/250/250 189/189/189
f 189/189/189 250/250/250 251/251/251
f 189/189/189 251/251/251 190/190/190
f 190/190/190 251/251/251 252/252/252
f 190/190/190 252/252/252 191/191/191
f 191/191/191 252/252/252 253/253/253
f 191/191/191 253/253/253 192/192/192
f 192/192/192 253/253/253 254/254/254
f 192/192/192 254/254/254 193/193/193
f 193/193/193 254/254/254 255/255/255
f 193/193/193 255/255/255 194/194/194
f 194/194/194 255/255/255 256/256/256
f 194/194/194 256/256/256 195/195/195
f 195/195/195 256/256/256 257/257/257
f 195/195/195 257/257/257 196/196/196
f 196/196/196 257/257/257 258/258/258
f 196/196/196 258/258/258 197/197/197
f 197/197/197 258/258/258 259/259/259
f 197/197/197 259/259/259 198/198/198
f 198/198/198 259/259/259 260/260/260
f 198/198/198 260/260/260 199/199/199
f 199/199/199 260/260/260 261/261/261
f 199/199/199 261/261/261 200/200/200
f 200/200/200 261/261/261 262/262/262
f 200/200/200 262/262/262 201/201/201
f 201/201/201 262/262/262 263/263/263
f 201/201/201 263/263/263 202/202/202
f 202/202/202 263/263/263 264/264/264
f 202/202/202 264/264/264 203/203/203
f 203/203/203 264/264/264 265/265/265
f 203/203/203 265/265/265 204/204/204
f 204/204/204 265/265/265 266/266/266
f 204/204/204 266/266/266 205/205/205
f 205/205/205 266/266/266 267/267/267
f 205/205/205 267/267/267 206/206/206
f 206/206/206 267/267/267 268/268/268
f 206/206/206 268/268/268 207/207/207
f 207/207/207 268/268/268 269/269/269
f 207/207/207 269/269/269 208/208/208
f 208/208/208 269/269/269 270/270/270
f 208/208/208 270/270/270 209/209/209
f 209/209/209 270/270/270 271/271/271
f 209/209/209 271/271/271 210/210/210
f 210/210/210 271/271/271 272/272/272
f 210/210/210 272/272/272 211/211/211
f 211/211/211 272/272/272 273/273/273
f 211/211/211 273/273/273 212/212/212
f 212/212/212 273/273/273 274/274/274
f 212/212/212 274/274/274 213/213/213
f 213/213/213 274/274/274 275/275/275
f 213/213/213 275/275/275 214/214/214
f 214/214/214 275/275/275 276/276/276
f 214/214/214 276/276/276 215/215/215
f 215/215/215 276/276/276 277/277/277
f 215/215/215 277/277/277 216/216/216
f 216/216/216 277/277/277 278/278/278
f 216/216/216 278/278/278 217/217/217
f 217/217/217 278/278/278 279/279/279
f 217/217/217 279/279/279 218/218/218
f 218/218/218 279/279/279 280/280/280
f 218/218/218 280/280/280 219/219/219
f 219/219/219 280/280/280 281/281/281
f 219/219/219 281/281/281 220/220/220
f 220/220/220 281/281/281 282/282/282
f 220/220/220 282/282/282 221/221/221
f 221/221/221 282/282/282 283/283/283
f 221/221/221 283/283/283 222/222/222
f 222/222/222 283/283/283 284/284/284
f 222/222/222 284/284/284 223/223/223
f 223/223/223 284/284/284 285/285/285
f 223/223/223 285/285/285 224/224/224
f 224/224/224 285/285/285 286/286/286
f 224/224/224 286/286/286 225/225/225
f 225/225/225 286/286/286 287/287/287
f 225/225/225 287/287/287 226/226/226
f 226/226/226 287/287/287 288/288/288
f 226/226/226 288/288/288 227/227/227
f 227/227/227 288/288/288 289/289/289
f 227/227/227 289/289/289 228/228/228
f 228/228/228 289/289/289 290/290/290
f 228/228/228 290/290/290 229/229/229
f 229/229/229 290/290/290 291/291/291
f 229/229/229 291/291/291 230/230/230
f 230/230/230 291/291/291 292/292/292
f 230/230/230 292/292/292 231/231/231
f 231/231/231 292/292/292 293/293/293
f 231/231/231 293/293/293 232/232/232
f 232/232/232 293/293/293 294/294/294
f 232/232/232 294/294/294 233/233/233
f 233/233/233 294/294/294 295/295/295
f 233/233/233 295/295/295 234/234/234
f 234/234/234 295/295/295 296/296/296
f 234/234/234 296/296/296 235/235/235
f 235/235/235 296/296/296 297/297/297
f 235/235/235 297/297/297 236/236/236
f 236/236/236 297/297/297 298/298/298
f 236/236/236 298/298/298 237/237/237
f 237/237/237 298/298/298 299/299/299
f 237/237/237 299/299/299 238/238/238
f 238/238/238 299/299/299 300/300/300
f 238/238/238 300/300/300 239/239/239
f 239/239/239 300/300/300 301/301/301
f 239/239/239 301/301/301 240/240/240
f 240/240/240 301/301/301 302/302/302
f 240/240/240 302/302/302 241/241/241
f 241/241/241 302/302/302 303/303/303
f 241/241/241 303/303/303 242/242/242
f 242/242/242 303/303/303 304/304/304
f 242/242/242 304/304/304 243/243/243
f 243/243/243 304/304/304 305/305/305
f 243/243/243 305/305/305 244/244/244
f 245/245/245 306/306/306 307/307/307
f 245/245/245 307/307/307 246/246/246
f 246/246/246 307/307/307 308/308/308
f 246/246/246 308/308/308 247/247/247
f 247/247/247 308/308/308 309/309/309
f 247/247/247 309/309/309 248/248/248
f 248/248/248 309/309/309 310/310/310
f 248/248/248 310/310/310 249/249/249
f 249/249/249 310/310/310 311/311/311
f 249/249/249 311/311/311 250/250/250
f 250/250/250 311/311/311 312/312/312
f 250/250/250 312/312/312 251/251/251
f 251/251/251 312/312/312 313/313/313
f 251/251/251 313/313/313 252/252/252
f 252/252/252 313/313/313 314/314/314
f 252/252/252 314/314/314 253/253/253
f 253/253/253 314/314/314 315/315/315
f 253/253/253 315/315/315 254/254/254
f 254/254/254 315/315/315 316/316/316
f 254/254/254 316/316/316 255/255/255
f 255/255/255 316/316/316 317/317/317
f 255/255/255 317/317/317 256/256/256
f 256/256/256 317/317/317 318/318/318
f 256/256/256 318/318/318 257/257/257
f 257/257/257 318/318/318 319/319/319
f 257/257/257 319/319/319 258/258/258
f 258/258/258 319/319/319 320/320/320
f 258/258/258 320/320/320 259/259/259
f 259/259/259 320/320/320 321/321/321
f 259/259/259 321/321/321 260/260/260
f 260/260/260 321/321/321 322/322/322
f 260/260/260 322/322/322 261/261/261
f 261/261/261 322/322/322 323/323/323
f 261/261/261 323/323/323 262/262/262
f 262/262/262 323/323/323 324/324/324
f 262/262/262 324/324/324 263/263/263
f 263/263/263 324/324/324 325/325/325
f 263/263/263 325/325/325 264/264/264
f 264/264/264 325/325/325 326/326/326
f 264/264/264 326/326/326 265/265/265
f 265/265/265 326/326/326 327/327/327
f 265/265/265 327/327/327 266/266/266
f 266/266/266 327/327/327 328/328/328
f 266/266/266 328/328/328 267/267/267
f 267/267/267 328/328/328 329/329/329
f 267/267/267 329/329/329 268/268/268
f 268/268/268 329/329/329 330/330/330
f 268/268/268 330/330/330 269/269/269
f 269/269/269 330/330/330 331/331/331
f 269/269/269 331/331/331 270/270/270
f 270/270/270 331/331/331 332/332/332
f 270/270/270 332/332/332 271/271/271
f 271/271/271 332/332/332 333/333/333
f 271/271/271 333/333/333 272/272/272
f 272/272/272 333/333/333 334/334/334
f 272/272/272 334/334/334 273/273/273
f 273/273/273 334/334/334 335/335/335
f 273/273/273 335/335/335 274/274/274
f 274/274/274 335/335/335 336/336/336
f 274/274/274 336/336/336 275/275/275
f 275/275/275 336/336/336 337/337/337
f 275/275/275 337/337/337 276/276/276
f 276/276/276 337/337/337 338/338/338
f 276/276/276 338/338/338 277/277/277
f 277/277/277 338/338/338 339/339/339
f 277/277/277 339/339/339 278/278/278
f 278/278/278 339/339/339 340/340/340
f 278/278/278 340/340/340 279/279/279
f 279/279/279 340/340/340 341/341/341
f 279/279/279 341/341/341 280/280/280
f 280/280/280 341/341/341 342/342/342
f 280/280/280 342/342/342 281/281/281
f 281/281/281 342/342/342 343/343/343
f 281/281/281 343/343/343 282/282/282
f 282/282/282 343/343/343 344/344/344
f 282/282/282 344/344/344 283/283/283
f 283/283/283 344/344/344 345/345/345
f 283/283/283 345/345/345 284/284/284
f 284/284/284 345/345/345 346/346/346
f 284/284/284 346/346/346 285/285/285
f 285/285/285 346/346/346 347/347/347
f 285/285/285 347/347/347 286/286/286
f 286/286/286 347/347/347 348/348/348
f 286/286/286 348/348/348 287/287/287
f 287/287/287 348/348/348 349/349/349
f 287/287/287 349/349/349 288/288/288
f 288/288/288 349/349/349 350/350/350
f 288/288/288 350/350/350 289/289/289
f 289/289/289 350/350/350 351/351/351
f 289/289/289 351/351/351 290/290/290
f 290/290/290 351/351/351 352/352/352
f 290/290/290 352/352/352 291/291/291
f 291/291/291 352/352/352 353/353/353
f 291/291/291 353/353/353 292/292/292
f 292/292/292 353/353/353 354/354/354
f 292/292/292 354/354/354 293/293/293
f 293/293/293 354/354/354 355/355/355
f 293/293/293 355/355/355 294/294/294
f 294/294/294 355/355/355 356/356/356
f 294/294/294 356/356/356 295/295/295
f 295/295/295 356/356/356 357/357/357
f 295/295/295 357/357/357 296/296/296
f 296/296/296 357/357/357 358/358/358
f 296/296/296 358/358/358 297/297/297
f 297/297/297 358/358/358 359/359/359
f 297/297/297 359/359/359 298/298/298
f 298/298/298 359/359/359 360/360/360
f 298/298/298 360/360/360 299/299/299
f 299/299/299 360/360/360 361/361/361
f 299/299/299 361/361/361 300/300/300
f 300/300/300 361/361/361 362/362/362
f 300/300/300 362/362/362 301/301/301
f 301/301/301 362/362/362 363/363/363
f 301/301/301 363/363/363 302/302/302
f 302/302/302 363/363/363 364/364/364
f 302/302/302 364/364/364 303/303/303
f 303/303/303 364/364/364 365/365/365
f 303/303/303 365/365/365 304/304/304
f 304/304/304 365/365/365 366/366/366
f 304/304/304 366/366/366 305/305/305
f 306/306/306 367/367/367 368/368/368
f 306/306/306 368/368/368 307/307/307
f 307/307/307 368/368/368 369/369/369
f 307/307/307 369/369/369 308/308/308
f 308/308/308 369/369/369 370/370/370
f 308/308/308 370/370/370 309/309/309
f 309/309/309 370/370/370 371/371/371
f 309/309/309 371/371/371 310/310/310
f 310/310/310 371/371/371 372/372/372
f 310/310/310 372/372/372 311/311/311
f 311/311/311 372/372/372 373/373/373
f 311/311/311 373/373/373 312/312/312
f 312/312/312 373/373/373 374/374/374
f 312/312/312 374/374/374 313/313/313
f 313/313/313 374/374/374 375/375/375
f 313/313/313 375/375/375 314/314/314
f 314/314/314 375/375/375 376/376/376
f 314/314/314 376/376/376 315/315/315
f 315/315/315 376/376/376 377/377/377
f 315/315/315 377/377/377 316/316/316
f 316/316/316 377/377/377 378/378/378
f 316/316/316 378/378/378 317/317/317
f 317/317/317 378/378/378 379/379/379
f 317/317/317 379/379/379 318/318/318
f 318/318/318 379/379/379 380/380/380
f 318/318/318 380/380/380 319/319/319
f 319/319/319 380/380/380 381/381/381
f 319/319/319 381/381/381 320/320/320
f 320/320/320 381/381/381 382/382/382
f 320/320/320 382/382/382 321/321/321
f 321/321/321 382/382/382 383/383/383
f 321/321/321 383/383/383 322/322/322
f 322/322/322 383/383/383 384/384/384
f 322/322/322 384/384/384 323/323/323
f 323/323/323 384/384/384 385/385/385
f 323/323/323 385/385/385 324/324/324
f 324/324/324 385/385/385 386/386/386
f 324/324/324 386/386/386 325/325/325
f 325/325/325 386/386/386 387/387/387
f 325/325/325 387/387/387 326/326/326
f 326/326/326 387/387/387 388/388/388
f 326/326/326 388/388/388 327/327/327
f 327/327/327 388/388/388 389/389/389
f 327/327/327 389/389/389 328/328/328
f 328/328/328 389/389/389 390/390/390
f 328/328/328 390/390/390 329/329/329
f 329/329/329 390/390/390 391/391/391
f 329/329/329 391/391/391 330/330/330
f 330/330/330 391/391/391 392/392/392
f 330/330/330 392/392/392 331/331/331
f 331/331/331 392/392/392 393/393/393
f 331/331/331 393/393/393 332/332/332
f 332/332/332 393/393/393 394/394/394
f 332/332/332 394/394/394 333/333/333
f 333/333/333 394/394/394 395/395/395
f 333/333/333 395/395/395 334/334/334
f 334/334/334 395/395/395 396/396/396
f 334/334/334 396/396/396 335/335/335
f 335/335/335 396/396/396 397/397/397
f 335/335/335 397/397/397 336/336/336
f 336/336/336 397/397/397 398/398/398
f 336/336/336 398/398/398 337/337/337
f 337/337/337 398/398/398 399/399/399
f 337/337/337 399/399/399 338/338/338
f 338/338/338 399/399/399 400/400/400
f 338/338/338 400/400/400 339/339/339
f 339/339/339 400/400/400 401/401/401
f 339/339/339 401/401/401 340/340/340
f 340/340/340 401/401/401 402/402/402
f 340/340/340 402/402/402 341/341/341
f 341/341/341 402/402/402 403/403/403
f 341/341/341 403/403/403 342/342/342
f 342/342/342 403/403/403 404/404/404
f 342/342/342 404/404/404 343/343/343
f 343/343/343 404/404/404 405/405/405
f 343/343/343 405/405/405 344/344/344
f 344/344/344 405/405/405 406/406/406
f 344/344/344 406/406/406 345/345/345
f 345/345/345 406/406/406 407/407/407
f 345/345/345 407/407/407 346/346/346
f 346/346/346 407/407/407 408/408/408
f 346/346/346 408/408/408 347/347/347
f 347/347/347 408/408/408 409/409/409
f 347/347/347 409/409/409 348/348/348
f 348/348/348 409/409/409 410/410/410
f 348/348/348 410/410/410 349/349/349
f 349/349/349 410/410/410 411/411/411
f 349/349/349 411/411/411 350/350/350
f 350/350/350 411/411/411 412/412/412
f 350/350/350 412/412/412 351/351/351
f 351/351/351 412/412/412 413/413/413
f 351/351/351 413/413/413 352/352/352
f 352/352/352 413/413/413 414/414/414
f 352/352/352 414/414/414 353/353/353
f 353/353/353 414/414/414 415/415/415
f 353/353/353 415/415/415 354/354/354
f 354/354/354 415/415/415 416/416/416
f 354/354/354 416/416/416 355/355/355
f 355/355/355 416/416/416 417/417/417
f 355/355/355 417/417/417 356/356/356
f 356/356/356 417/417/417 418/418/418
f 356/356/356 418/418/418 357/357/357
f 357/357/357 418/418/418 419/419/419
f 357/357/357 419/419/419 358/358/358
f 358/358/358 419/419/419 420/420/420
f 358/358/358 420/420/420 359/359/359
f 359/359/359 420/420/420 421/421/421
f 359/359/359 421/421/421 360/360/360
f 360/360/360 421/421/421 422/422/422
f 360/360/360 422/422/422 361/361/361
f 361/361/361 422/422/422 423/423/423
f 361/361/361 423/423/423 362/362/362
f 362/362/362 423/423/423 424/424/424
f 362/362/362 424/424/424 363/363/363
f 363/363/363 424/424/424 425/425/425
f 363/363/363 425/425/425 364/364/364
f 364/364/364 425/425/425 426/426/426
f 364/364/364 426/426/426 365/365/365
f 365/365/365 426/426/426 427/427/427
f 365/365/365 427/427/427 366/366/366
f 367/367/367 428/428/428 429/429/429
f 367/367/367 429/429/429 368/368/368
f 368/368/368 429/429/429 430/430/430
f 368/368/368 430/430/430 369/369/369
f 369/369/369 430/430/430 431/431/431
f 369/369/369 431/431/431 370/370/370
f 370/370/370 431/431/431 432/432/432
f 370/370/370 432/432/432 371/371/371
f 371/371/371 432/432/432 433/433/433
f 371/371/371 433/433/433 372/372/372
f 372/372/372 433/433/433 434/434/434
f 372/372/372 434/434/434 373/373/373
f 373/373/373 434/434/434 435/435/435
f 373/373/373 435/435/435 374/374/374
f 374/374/374 435/435/435 436/436/436
f 374/374/374 436/436/436 375/375/375
f 375/375/375 436/436/436 437/437/437
f 375/375/375 437/437/437 376/376/376
f 376/376/376 437/437/437 438/438/438
f 376/376/376 438/438/438 377/377/377
f 377/377/377 438/438/438 439/439/439
f 377/377/377 439/439/439 378/378/378
f 378/378/378 439/439/439 440/440/440
f 378/378/378 440/440/440 379/379/379
f 379/379/379 440/440/440 441/441/441
f 379/379/379 441/441/441 380/380/380
f 380/380/380 441/441/441 442/442/442
f 380/380/380 442/442/442 381/381/381
f 381/381/381 442/442/442 443/443/443
f 381/381/381 443/443/443 382/382/382
f 382/382/382 443/443/443 444/444/444
f 382/382/382 444/444/444 383/383/383
f 383/383/383 444/444/444 445/445/445
f 383/383/383 445/445/445 384/384/384
f 384/384/384 445/445/445 446/446/446
f 384/384/384 446/446/446 385/385/385
f 385/385/385 446/446/446 447/447/447
f 385/385/385 447/447/447 386/386/386
f 386/386/386 447/447/447 448/448/448
f 386/386/386 448/448/448 387/387/387
f 387/387/387 448/448/448 449/449/449
f 387/387/387 449/449/449 388/388/388
f 388/388/388 449/449/449 450/450/450
f 388/388/388 450/450/450 389/389/389
f 389/389/389 450/450/450 451/451/451
f 389/389/389 451/451/451 390/390/390
f 390/390/390 451/451/451 452/452/452
f 390/390/390 452/452/452 391/391/391
f 391/391/391 452/452/452 453/453/453
f 391/391/391 453/453/453 392/392/392
f 392/392/392 453/453/453 454/454/454
f 392/392/392 454/454/454 393/393/393
f 393/393/393 454/454/454 455/455/455
f 393/393/393 455/455/455 394/394/394
f 394/394/394 455/455/455 456/456/456
f 394/394/394 456/456/456 395/395/395
f 395/395/395 456/456/456 457/457/457
f 395/395/395 457/457/457 396/396/396
f 396/396/396 457/457/457 458/458/458
f 396/396/396 458/458/458 397/397/397
f 397/397/397 458/458/458 459/459/459
f 397/397/397 459/459/459 398/398/398
f 398/398/398 459/459/459 460/460/460
f 398/398/398 460/460/460 399/399/399
f 399/399/399 460/460/460 461/461/461
f 399/399/399 461/461/461 400/400/400
f 400/400/400 461/461/461 462/462/462
f 400/400/400 462/462/462 401/401/401
f 401/401/401 462/462/462 463/463/463
f 401/401/401 463/463/463 402/402/402
f 402/402/402 463/463/463 464/464/464
f 402/402/402 464/464/464 403/403/403
f 403/403/403 464/464/464 465/465/465
f 403/403/403 465/465/465 404/404/404
f 404/404/404 465/465/465 466/466/466
f 404/404/404 466/466/466 405/405/405
f 405/405/405 466/466/466 467/467/467
f 405/405/405 467/467/467 406/406/406
f 406/406/406 467/467/467 468/468/468
f 406/406/406 468/468/468 407/407/407
f 407/407/407 468/468/468 469/469/469
f 407/407/407 469/469/469 408/408/408
f 408/408/408 469/469/469 470/470/470
f 408/408/408 470/470/470 409/409/409
f 409/409/409 470/470/470 471/471/471
f 409/409/409 471/471/471 410/410/410
f 410/410/410 471/471/471 472/472/472
f 410/410/410 472/472/472 411/411/411
f 411/411/411 472/472/472 473/473/473
f 411/411/411 473/473/473 412/412/412
f 412/412/412 473/473/473 474/474/474
f 412/412/412 474/474/474 413/413/413
f 413/413/413 474/474/474 475/475/475
f 413/413/413 475/475/475 414/414/414
f 414/414/414 475/475/475 476/476/476
f 414/414/414 476/476/476 415/415/415
f 415/415/415 476/476/476 477/477/477
f 415/415/415 477/477/477 416/416/416
f 416/416/416 477/477/477 478/478/478
f 416/416/416 478/478/478 417/417/417
f 417/417/417 478/478/478 479/479/479
f 417/417/417 479/479/479 418/418/418
f 418/418/418 479/479/479 480/480/480
f 418/418/418 480/480/480 419/419/419
f 419/419/419 480/480/480 481/481/481
f 419/419/419 481/481/481 420/420/420
f 420/420/420 481/481/481 482/482/482
f 420/420/420 482/482/482 421/421/421
f 421/421/421 482/482/482 483/483/483
f 421/421/421 483/483/483 422/422/422
f 422/422/422 483/483/483 484/484/484
f 422/422/422 484/484/484 423/423/423
f 423/423/423 484/484/484 485/485/485
f 423/423/423 485/485/485 424/424/424
f 424/424/424 485/485/485 486/486/486
f 424/424/424 486/486/486 425/425/425
f 425/425/425 486/486/486 487/487/487
f 425/425/425 487/487/487 426/426/426
f 426/426/426 487/487/487 488/488/488
f 426/426/426 488/488/488 427/427/427
f 428/428/428 489/489/489 490/490/490
f 428/428/428 490/490/490 429/429/429
f 429/429/429 490/490/490 491/491/491
f 429/429/429 491/491/491 430/430/430
f 430/430/430 491/491/491 492/492/492
f 430/430/430 492/492/492 431/431/431
f 431/431/431 492/492/492 493/493/493
f 431/431/431 493/493/493 432/432/432
f 432/432/432 493/493/493 494/494/494
f 432/432/432 494/494/494 433/433/433
f 433/433/433 494/494/494 495/495/495
f 433/433/433 495/495/495 434/434/434
f 434/434/434 495/495/495 496/496/496
f 434/434/434 496/496/496 435/435/435
f 435/435/435 496/496/496 497/497/497
f 435/435/435 497/497/497 436/436/436
f 436/436/436 497/497/497 498/498/498
f 436/436/436 498/498/498 437/437/437
f 437/437/437 498/498/498 499/499/499
f 437/437/437 499/499/499 438/438/438
f 438/438/438 499/499/499 500/500/500
f 438/438/438 500/500/500 439/439/439
f 439/439/439 500/500/500 501/501/501
f 439/439/439 501/501/501 440/440/440
f 440/440/440 501/501/501 502/502/502
f 440/440/440 502/502/502 441/441/441
f 441/441/441 502/502/502 503/503/503
f 441/441/441 503/503/503 442/442/442
f 442/442/442 503/503/503 504/504/504
f 442/442/442 504/504/504 443/443/443
f 443/443/443 504/504/504 505/505/505
f 443/443/443 505/505/505 444/444/444
f 444/444/444 505/505/505 506/506/506
f 444/444/444 506/506/506 445/445/445
f 445/445/445 506/506/506 507/507/507
f 445/445/445 507/507/507 446/446/446
f 446/446/446 507/507/507 508/508/508
f 446/446/446 508/508/508 447/447/447
f 447/447/447 508/508/508 509/509/509
f 447/447/447 509/509/509 448/448/448
f 448/448/448 509/509/509 510/510/510
f 448/448/448 510/510/510 449/449/449
f 449/449/449 510/510/510 511/511/511
f 449/449/449 511/511/511 450/450/450
f 450/450/450 511/511/511 512/512/512
f 450/450/450 512/512/512 451/451/451
f 451/451/451 512/512/512 513/513/513
f 451/451/451 513/513/513 452/452/452
f 452/452/452 513/513/513 514/514/514
f 452/452/452 514/514/514 453/453/453
f 453/453/453 514/514/514 515/515/515
f 453/453/453 515/515/515 454/454/454
f 454/454/454 515/515/515 516/516/516
f 454/454/454 516/516/516 455/455/455
f 455/455/455 516/516/516 517/517/517
f 455/455/455 517/517/517 456/456/456
f 456/456/456 517/517/517 518/518/518
f 456/456/456 518/518/518 457/457/457
f 457/457/457 518/518/518 519/519/519
f 457/457/457 519/519/519 458/458/458
f 458/458/458 519/519/519 520/520/520
f 458/458/458 520/520/520 459/459/459
f 459/459/459 520/520/520 521/521/521
f 459/459/459 521/521/521 460/460/460
f 460/460/460 521/521/521 522/522/522
f 460/460/460 522/522/522 461/461/461
f 461/461/461 522/522/522 523/523/523
f 461/461/461 523/523/523 462/462/462
f 462/462/462 523/523/523 524/524/524
f 462/462/462 524/524/524 463/463/463
f 463/463/463 524/524/524 525/525/525
f 463/463/463 525/525/525 464/464/464
f 464/464/464 525/525/525 526/526/526
f 464/464/464 526/526/526 465/465/465
f 465/465/465 526/526/526 527/527/527
f 465/465/465 527/527/527 466/466/466
f 466/466/466 527/527/527 528/528/528
f 466/466/466 528/528/528 467/467/467
f 467/467/467 528/528/528 529/529/529
f 467/467/467 529/529/529 468/468/468
f 468/468/468 529/529/529 530/530/530
f 468/468/468 530/530/530 469/469/469
f 469/469/469 530/530/530 531/531/531
f 469/469/469 531/531/531 470/470/470
f 470/470/470 531/531/531 532/532/532
f 470/470/470 532/532/532 471/471/471
f 471/471/471 532/532/532 533/533/533
f 471/471/471 533/533/533 472/472/472
f 472/472/472 533/533/533 534/534/534
f 472/472/472 534/534/534 473/473/473
f 473/473/473 534/534/534 535/535/535
f 473/473/473 535/535/535 474/474/474
f 474/474/474 535/535/535 536/536/536
f 474/474/474 536/536/536 475/475/475
f 475/475/475 536/536/536 537/537/537
f 475/475/475 537/537/537 476/476/476
f 476/476/476 537/537/537 538/538/538
f 476/476/476 538/538/538 477/477/477
f 477/477/477 538/538/538 539/539/539
f 477/477/477 539/539/539 478/478/478
f 478/478/478 539/539/539 540/540/540
f 478/478/478 540/540/540 479/479/479
f 479/479/479 540/540/540 541/541/541
f 479/479/479 541/541/541 480/480/480
f 480/480/480 541/541/541 542/542/542
f 480/480/480 542/542/542 481/481/481
f 481/481/481 542/542/542 543/543/543
f 481/481/481 543/543/543 482/482/482
f 482/482/482 543/543/543 544/544/544
f 482/482/482 544/544/544 483/483/483
f 483/483/483 544/544/544 545/545/545
f 483/483/483 545/545/545 484/484/484
f 484/484/484 545/545/545 546/546/546
f 484/484/484 546/546/546 485/485/485
f 485/485/485 546/546/546 547/547/547
f 485/485/485 547/547/547 486/486/486
f 486/486/486 547/547/547 548/548/548
f 486/486/486 548/548/548 487/487/487
f 487/487/487 548/548/548 549/549/549
f 487/487/487 549/549/549 488/488/488
f 489/489/489 550/550/550 551/551/551
f 489/489/489 551/551/551 490/490/490
f 490/490/490 551/551/551 552/552/552
f 490/490/490 552/552/552 491/491/491
f 491/491/491 552/552/552 553/553/553
f 491/491/491 553/553/553 492/492/492
f 492/492/492 553/553/553 554/554/554
f 492/492/492 554/554/554 493/493/493
f 493/493/493 554/554/554 555/555/555
f 493/493/493 555/555/555 494/494/494
f 494/494/494 555/555/555 556/556/556
f 494/494/494 556/556/556 495/495/495
f 495/495/495 556/556/556 557/557/557
f 495/495/495 557/557/557 496/496/496
f 496/496/496 557/557/557 558/558/558
f 496/496/496 558/558/558 497/497/497
f 497/497/497 558/558/558 559/559/559
f 497/497/497 559/559/559 498/498/498
f 498/498/498 559/559/559 560/560/560
f 498/498/498 560/560/560 499/499/499
f 499/499/499 560/560/560 561/561/561
f 499/499/499 561/561/561 500/500/500
f 500/500/500 561/561/561 562/562/562
f 500/500/500 562/562/562 501/501/501
f 501/501/501 562/562/562 563/563/563
f 501/501/501 563/563/563 502/502/502
f 502/502/502 563/563/563 564/564/564
f 502/502/502 564/564/564 503/503/503
f 503/503/503 564/564/564 565/565/565
f 503/503/503 565/565/565 504/504/504
f 504/504/504 565/565/565 566/566/566
f 504/504/504 566/566/566 505/505/505
f 505/505/505 566/566/566 567/567/567
f 505/505/505 567/567/567 506/506/506
f 506/506/506 567/567/567 568/568/568
f 506/506/506 568/568/568 507/507/507
f 507/507/507 568/568/568 569/569/569
f 507/507/507 569/569/569 508/508/508
f 508/508/508 569/569/569 570/570/570
f 508/508/508 570/570/570 509/509/509
f 509/509/509 570/570/570 571/571/571
f 509/509/509 571/571/571 510/510/510
f 510/510/510 571/571/571 572/572/572
f 510/510/510 572/572/572 511/511/511
f 511/511/511 572/572/572 573/573/573
f 511/511/511 573/573/573 512/512/512
f 512/512/512 573/573/573 574/574/574
f 512/512/512 574/574/574 513/513/513
f 513/513/513 574/574/574 575/575/575
f 513/513/513 575/575/575 514/514/514
f 514/514/514 575/575/575 576/576/576
f 514/514/514 576/576/576 515/515/515
f 515/515/515 576/576/576 577/577/577
f 515/515/515 577/577/577 516/516/516
f 516/516/516 577/577/577 578/578/578
f 516/516/516 578/578/578 517/517/517
f 517/517/517 578/578/578 579/579/579
f 517/517/517 579/579/579 518/518/518
f 518/518/518 579/579/579 580/580/580
f 518/518/518 580/580/580 519/519/519
f 519/519/519 580/580/580 581/581/581
f 519/519/519 581/581/581 520/520/520
f 520/520/520 581/581/581 582/582/582
f 520/520/520 582/582/582 521/521/521
f 521/521/521 582/582/582 583/583/583
f 521/521/521 583/583/583 522/522/522
f 522/522/522 583/583/583 584/584/584
f 522/522/522 584/584/584 523/523/523
f 523/523/523 584/584/584 585/585/585
f 523/523/523 585/585/585 524/524/524
f 524/524/524 585/585/585 586/586/586
f 524/524/524 586/586/586 525/525/525
f 525/525/525 586/586/586 587/587/587
f 525/525/525 587/587/587 526/526/526
f 526/526/526 587/587/587 588/588/588
f 526/526/526 588/588/588 527/527/527
f 527/527/527 588/588/588 589/589/589
f 527/527/527 589/589/589 528/528/528
f 528/528/528 589/589/589 590/590/590
f 528/528/528 590/590/590 529/529/529
f 529/529/529 590/590/590 591/591/591
f 529/529/529 591/591/591 530/530/530
f 530/530/530 591/591/591 592/592/592
f 530/530/530 592/592/592 531/531/531
f 531/531/531 592/592/592 593/593/593
f 531/531/531 593/593/593 532/532/532
f 532/532/532 593/593/593 594/594/594
f 532/532/532 594/594/594 533/533/533
f 533/533/533 594/594/594 595/595/595
f 533/533/533 595/595/595 534/534/534
f 534/534/534 595/595/595 596/596/596
f 534/534/534 596/596/596 535/535/535
f 535/535/535 596/596/596 597/597/597
f 535/535/535 597/597/597 536/536/536
f 536/536/536 597/597/597 598/598/598
f 536/536/536 598/598/598 537/537/537
f 537/537/537 598/598/598 599/599/599
f 537/537/537 599/599/599 538/538/538
f 538/538/538 599/599/599 600/600/600
f 538/538/538 600/600/600 539/539/539
f 539/539/539 600/600/600 601/601/601
f 539/539/539 601/601/601 540/540/540
f 540/540/540 601/601/601 602/602/602
f 540/540/540 602/602/602 541/541/541
f 541/541/541 602/602/602 603/603/603
f 541/541/541 603/603/603 542/542/542
f 542/542/542 603/603/603 604/604/604
f 542/542/542 604/604/604 543/543/543
f 543/543/543 604/604/604 605/605/605
f 543/543/543 605/605/605 544/544/544
f 544/544/544 605/605/605 606/606/606
f 544/544/544 606/606/606 545/545/545
f 545/545/545 606/606/606 607/607/607
f 545/545/545 607/607/607 546/546/546
f 546/546/546 607/607/607 608/608/608
f 546/546/546 608/608/608 547/547/547
f 547/547/547 608/608/608 609/609/609
f 547/547/547 609/609/609 548/548/548
f 548/548/548 609/609/609 610/610/610
f 548/548/548 610/610/610 549/549/549
f 550/550/550 611/611/611 612/612/612
f 550/550/550 612/612/612 551/551/551
f 551/551/551 612/612/612 613/613/613
f 551/551/551 613/613/613 552/552/552
f 552/552/552 613/613/613 614/614/614
f 552/552/552 614/614/614 553/553/553
f 553/553/553 614/614/614 615/615/615
f 553/553/553 615/615/615 554/554/554
f 554/554/554 615/615/615 616/616/616
f 554/554/554 616/616/616 555/555/555
f 555/555/555 616/616/616 617/617/617
f 555/555/555 617/617/617 556/556/556
f 556/556/556 617/617/617 618/618/618
f 556/556/556 618/618/618 557/557/557
f 557/557/557 618/618/618 619/619/619
f 557/557/557 619/619/619 558/558/558
f 558/558/558 619/619/619 620/620/620
f 558/558/558 620/620/620 559/559/559
f 559/559/559 620/620/620 621/621/621
f 559/559/559 621/621/621 560/560/560
f 560/560/560 621/621/621 622/622/622
f 560/560/560 622/622/622 561/561/561
f 561/561/561 622/622/622 623/623/623
f 561/561/561 623/623/623 562/562/562
f 562/562/562 623/623/623 624/624/624
f 562/562/562 624/624/624 563/563/563
f 563/563/563 624/624/624 625/625/625
f 563/563/563 625/625/625 564/564/564
f 564/564/564 625/625/625 626/626/626
f 564/564/564 626/626/626 565/565/565
f 565/565/565 626/626/626 627/627/627
f 565/565/565 627/627/627 566/566/566
f 566/566/566 627/627/627 628/628/628
f 566/566/566 628/628/628 567/567/567
f 567/567/567 628/628/628 629/629/629
f 567/567/567 629/629/629 568/568/568
f 568/568/568 629/629/629 630/630/630
f 568/568/568 630/630/630 569/569/569
f 569/569/569 630/630/630 631/631/631
f 569/569/569 631/631/631 570/570/570
f 570/570/570 631/631/631 632/632/632
f 570/570/570 632/632/632 571/571/571
f 571/571/571 632/632/632 633/633/633
f 571/571/571 633/633/633 572/572/572
f 572/572/572 633/633/633 634/634/634
f 572/572/572 634/634/634 573/573/573
f 573/573/573 634/634/634 635/635/635
f 573/573/573 635/635/635 574/574/574
f 574/574/574 635/635/635 636/636/636
f 574/574/574 636/636/636 575/575/575
f 575/575/575 636/636/636 637/637/637
f 575/575/575 637/637/637 576/576/576
f 576/576/576 637/637/637 638/638/638
f 576/576/576 638/638/638 577/577/577
f 577/577/577 638/638/638 639/639/639
f 577/577/577 639/639/639 578/578/578
f 578/578/578 639/639/639 640/640/640
f 578/578/578 640/640/640 579/579/579
f 579/579/579 640/640/640 641/641/641
f 579/579/579 641/641/641 580/580/580
f 580/580/580 641/641/641 642/642/642
f 580/580/580 642/642/642 581/581/581
f 581/581/581 642/642/642 643/643/643
f 581/581/581 643/643/643 582/582/582
f 582/582/582 643/643/643 644/644/644
f 582/582/582 644/644/644 583/583/583
f 583/583/583 644/644/644 645/645/645
f 583/583/583 645/645/645 584/584/584
f 584/584/584 645/645/645 646/646/646
f 584/584/584 646/646/646 585/585/585
f 585/585/585 646/646/646 647/647/647
f 585/585/585 647/647/647 586/586/586
f 586/586/586 647/647/647 648/648/648
f 586/586/586 648/648/648 587/587/587
f 587/587/587 648/648/648 649/649/649
f 587/587/587 649/649/649 588/588/588
f 588/588/588 649/649/649 650/650/650
f 588/588/588 650/650/650 589/589/589
f 589/589/589 650/650/650 651/651/651
f 589/589/589 651/651/651 590/590/590
f 590/590/590 651/651/651 652/652/652
f 590/590/590 652/652/652 591/591/591
f 591/591/591 652/652/652 653/653/653
f 591/591/591 653/653/653 592/592/592
f 592/592/592 653/653/653 654/654/654
f 592/592/592 654/654/654 593/593/593
f 593/593/593 654/654/654 655/655/655
f 593/593/593 655/655/655 594/594/594
f 594/594/594 655/655/655 656/656/656
f 594/594/594 656/656/656 595/595/595
f 595/595/595 656/656/656 657/657/657
f 595/595/595 657/657/657 596/596/596
f 596/596/596 657/657/657 658/658/658
f 596/596/596 658/658/658 597/597/597
f 597/597/597 658/658/658 659/659/659
f 597/597/597 659/659/659 598/598/598
f 598/598/598 659/659/659 660/660/660
f 598/598/598 660/660/660 599/599/599
f 599/599/599 660/660/660 661/661/661
f 599/599/599 661/661/661 600/600/600
f 600/600/600 661/661/661 662/662/662
f 600/600/600 662/662/662 601/601/601
f 601/601/601 662/662/662 663/663/663
f 601/601/601 663/663/663 602/602/602
f 602/602/602 663/663/663 664/664/664
f 602/602/602 664/664/664 603/603/603
f 603/603/603 664/664/664 665/665/665
f 603/603/603 665/665/665 604/604/604
f 604/604/604 665/665/665 666/666/666
f 604/604/604 666/666/666 605/605/605
f 605/605/605 666/666/666 667/667/667
f 605/605/605 667/667/667 606/606/606
f 606/606/606 667/667/667 668/668/668
f 606/606/606 668/668/668 607/607/607
f 607/607/607 668/668/668 669/669/669
f 607/607/607 669/669/669 608/608/608
f 608/608/608 669/669/669 670/670/670
f 608/608/608 670/670/670 609/609/609
f 609/609/609 670/670/670 671/671/671
f 609/609/609 671/671/671 610/610/610
f 611/611/611 672/672/672 673/673/673
f 611/611/611 673/673/673 612/612/612
f 612/612/612 673/673/673 674/674/674
f 612/612/612 674/674/674 613/613/613
f 613/613/613 674/674/674 675/675/675
f 613/613/613 675/675/675 614/614/614
f 614/614/614 675/675/675 676/676/676
f 614/614/614 676/676/676 615/615/615
f 615/615/615 676/676/676 677/677/677
f 615/615/615 677/677/677 616/616/616
f 616/616/616 677/677/677 678/678/678
f 616/616/616 678/678/678 617/617/617
f 617/617/617 678/678/678 679/679/679
f 617/617/617 679/679/679 618/618/618
f 618/618/618 679/679/679 680/680/680
f 618/618/618 680/680/680 619/619/619
f 619/619/619 680/680/680 681/681/681
f 619/619/619 681/681/681 620/620/620
f 620/620/620 681/681/681 682/682/682
f 620/620/620 682/682/682 621/621/621
f 621/621/621 682/682/682 683/683/683
f 621/621/621 683/683/683 622/622/622
f 622/622/622 683/683/683 684/684/684
f 622/622/622 684/684/684 623/623/623
f 623/623/623 684/684/684 685/685/685
f 623/623/623 685/685/685 624/624/624
f 624/624/624 685/685/685 686/686/686
f 624/624/624 686/686/686 625/625/625
f 625/625/625 686/686/686 687/687/687
f 625/625/625 687/687/687 626/626/626
f 626/626/626 687/687/687 688/688/688
f 626/626/626 688/688/688 627/627/627
f 627/627/627 688/688/688 689/689/689
f 627/627/627 689/689/689 628/628/628
f 628/628/628 689/689/689 690/690/690
f 628/628/628 690/690/690 629/629/629
f 629/629/629 690/690/690 691/691/691
f 629/629/629 691/691/691 630/630/630
f 630/630/630 691/691/691 692/692/692
f 630/630/630 692/692/692 631/631/631
f 631/631/631 692/692/692 693/693/693
f 631/631/631 693/693/693 632/632/632
f 632/632/632 693/693/693 694/694/694
f 632/632/632 694/694/694 633/633/633
f 633/633/633 694/694/694 695/695/695
f 633/633/633 695/695/695 634/634/634
f 634/634/634 695/695/695 696/696/696
f 634/634/634 696/696/696 635/635/635
f 635/635/635 696/696/696 697/697/697
f 635/635/635 697/697/697 636/636/636
f 636/636/636 697/697/697 698/698/698
f 636/636/636 698/698/698 637/637/637
f 637/637/637 698/698/698 699/699/699
f 637/637/637 699/699/699 638/638/638
f 638/638/638 699/699/699 700/700/700
f 638/638/638 700/700/700 639/639/639
f 639/639/639 700/700/700 701/701/701
f 639/639/639 701/701/701 640/640/640
f 640/640/640 701/701/701 702/702/702
f 640/640/640 702/702/702 641/641/641
f 641/641/641 702/702/702 703/703/703
f 641/641/641 703/703/703 642/642/642
f 642/642/642 703/703/703 704/704/704
f 642/642/642 704/704/704 643/643/643
f 643/643/643 704/704/704 705/705/705
f 643/643/643 705/705/705 644/644/644
f 644/644/644 705/705/705 706/706/706
f 644/644/644 706/706/706 645/645/645
f 645/645/645 706/706/706 707/707/707
f 645/645/645 707/707/707 646/646/646
f 646/646/646 707/707/707 708/708/708
f 646/646/646 708/708/708 647/647/647
f 647/647/647 708/708/708 709/709/709
f 647/647/647 709/709/709 648/648/648
f 648/648/648 709/709/709 710/710/710
f 648/648/648 710/710/710 649/649/649
f 649/649/649 710/710/710 711/711/711
f 649/649/649 711/711/711 650/650/650
f 650/650/650 711/711/711 712/712/712
f 650/650/650 712/712/712 651/651/651
f 651/651/651 712/712/712 713/713/713
f 651/651/651 713/713/713 652/652/652
f 652/652/652 713/713/713 714/714/714
f 652/652/652 714/714/714 653/653/653
f 653/653/653 714/714/714 715/715/715
f 653/653/653 715/715/715 654/654/654
f 654/654/654 715/715/715 716/716/716
f 654/654/654 716/716/716 655/655/655
f 655/655/655 716/716/716 717/717/717
f 655/655/655 717/717/717 656/656/656
f 656/656/656 717/717/717 718/718/718
f 656/656/656 718/718/718 657/657/657
f 657/657/657 718/718/718 719/719/719
f 657/657/657 719/719/719 658/658/658
f 658/658/658 719/719/719 720/720/720
f 658/658/658 720/720/720 659/659/659
f 659/659/659 720/720/720 721/721/721
f 659/659/659 721/721/721 660/660/660
f 660/660/660 721/721/721 722/722/722
f 660/660/660 722/722/722 661/661/661
f 661/661/661 722/722/722 723/723/723
f 661/661/661 723/723/723 662/662/662
f 662/662/662 723/723/723 724/724/724
f 662/662/662 724/724/724 663/663/663
f 663/663/663 724/724/724 725/725/725
f 663/663/663 725/725/725 664/664/664
f 664/664/664 725/725/725 726/726/726
f 664/664/664 726/726/726 665/665/665
f 665/665/665 726/726/726 727/727/727
f 665/665/665 727/727/727 666/666/666
f 666/666/666 727/727/727 728/728/728
f 666/666/666 728/728/728 667/667/667
f 667/667/667 728/728/728 729/729/729
f 667/667/667 729/729/729 668/668/668
f 668/668/668 729/729/729 730/730/730
f 668/668/668 730/730/730 669/669/669
f 669/669/669 730/730/730 731/731/731
f 669/669/669 731/731/731 670/670/670
f 670/670/670 731/731/731 732/732/732
f 670/670/670 732/732/732 671/671/671
f 672/672/672 733/733/733 734/734/734
f 672/672/672 734/734/734 673/673/673
f 673/673/673 734/734/734 735/735/735
f 673/673/673 735/735/735 674/674/674
f 674/674/674 735/735/735 736/736/736
f 674/674/674 736/736/736 675/675/675
f 675/675/675 736/736/736 737/737/737
f 675/675/675 737/737/737 676/676/676
f 676/676/676 737/737/737 738/738/738
f 676/676/676 738/738/738 677/677/677
f 677/677/677 738/738/738 739/739/739
f 677/677/677 739/739/739 678/678/678
f 678/678/678 739/739/739 740/740/740
f 678/678/678 740/740/740 679/679/679
f 679/679/679 740/740/740 741/741/741
f 679/679/679 741/741/741 680/680/680
f 680/680/680 741/741/741 742/742/742
f 680/680/680 742/742/742 681/681/681
f 681/681/681 742/742/742 743/743/743
f 681/681/681 743/743/743 682/682/682
f 682/682/682 743/743/743 744/744/744
f 682/682/682 744/744/744 683/683/683
f 683/683/683 744/744/744 745/745/745
f 683/683/683 745/745/745 684/684/684
f 684/684/684 745/745/745 746/746/746
f 684/684/684 746/746/746 685/685/685
f 685/685/685 746/746/746 747/747/747
f 685/685/685 747/747/747 686/686/686
f 686/686/686 747/747/747 748/748/748
f 686/686/686 748/748/748 687/687/687
f 687/687/687 748/748/748 749/749/749
f 687/687/687 749/749/749 688/688/688
f 688/688/688 749/749/749 750/750/750
f 688/688/688 750/750/750 689/689/689
f 689/689/689 750/750/750 751/751/751
f 689/689/689 751/751/751 690/690/690
f 690/690/690 751/751/751 752/752/752
f 690/690/690 752/752/752 691/691/691
f 691/691/691 752/752/752 753/753/753
f 691/691/691 753/753/753 692/692/692
f 692/692/692 753/753/753 754/754/754
f 692/692/692 754/754/754 693/693/693
f 693/693/693 754/754/754 755/755/755
f 693/693/693 755/755/755 694/694/694
f 694/694/694 755/755/755 756/756/756
f 694/694/694 756/756/756 695/695/695
f 695/695/695 756/756/756 757/757/757
f 695/695/695 757/757/757 696/696/696
f 696/696/696 757/757/757 758/758/758
f 696/696/696 758/758/758 697/697/697
f 697/697/697 758/758/758 759/759/759
f 697/697/697 759/759/759 698/698/698
f 698/698/698 759/759/759 760/760/760
f 698/698/698 760/760/760 699/699/699
f 699/699/699 760/760/760 761/761/761
f 699/699/699 761/761/761 700/700/700
f 700/700/700 761/761/761 762/762/762
f 700/700/700 762/762/762 701/701/701
f 701/701/701 762/762/762 763/763/763
f 701/701/701 763/763/763 702/702/702
f 702/702/702 763/763/763 764/764/764
f 702/702/702 764/764/764 703/703/703
f 703/703/703 764/764/764 765/765/765
f 703/703/703 765/765/765 704/704/704
f 704/704/704 765/765/765 766/766/766
f 704/704/704 766/766/766 705/705/705
f 705/705/705 766/766/766 767/767/767
f 705/705/705 767/767/767 706/706/706
f 706/706/706 767/767/767 768/768/768
f 706/706/706 768/768/768 707/707/707
f 707/707/707 768/768/768 769/769/769
f 707/707/707 769/769/769 708/708/708
f 708/708/708 769/769/769 770/770/770
f 708/708/708 770/770/770 709/709/709
f 709/709/709 770/770/770 771/771/771
f 709/709/709 771/771/771 710/710/710
f 710/710/710 771/771/771 772/772/772
f 710/710/710 772/772/772 711/711/711
f 711/711/711 772/772/772 773/773/773
f 711/711/711 773/773/773 712/712/712
f 712/712/712 773/773/773 774/774/774
f 712/712/712 774/774/774 713/713/713
f 713/713/713 774/774/774 775/775/775
f 713/713/713 775/775/775 714/714/714
f 714/714/714 775/775/775 776/776/776
f 714/714/714 776/776/776 715/715/715
f 715/715/715 776/776/776 777/777/777
f 715/715/715 777/777/777 716/716/716
f 716/716/716 777/777/777 778/778/778
f 716/716/716 778/778/778 717/717/717
f 717/717/717 778/778/778 779/779/779
f 717/717/717 779/779/779 718/718/718
f 718/718/718 779/779/779 780/780/780
f 718/718/718 780/780/780 719/719/719
f 719/719/719 780/780/780 781/781/781
f 719/719/719 781/781/781 720/720/720
f 720/720/720 781/781/781 782/782/782
f 720/720/720 782/782/782 721/721/721
f 721/721/721 782/782/782 783/783/783
f 721/721/721 783/783/783 722/722/722
f 722/722/722 783/783/783 784/784/784
f 722/722/722 784/784/784 723/723/723
f 723/723/723 784/784/784 785/785/785
f 723/723/723 785/785/785 724/724/724
f 724/724/724 785/785/785 786/786/786
f 724/724/724 786/786/786 725/725/725
f 725/725/725 786/786/786 787/787/787
f 725/725/725 787/787/787 726/726/726
f 726/726/726 787/787/787 788/788/788
f 726/726/726 788/788/788 727/727/727
f 727/727/727 788/788/788 789/789/789
f 727/727/727 789/789/789 728/728/728
f 728/728/728 789/789/789 790/790/790
f 728/728/728 790/790/790 729/729/729
f 729/729/729 790/790/790 791/791/791
f 729/729/729 791/791/791 730/730/730
f 730/730/730 791/791/791 792/792/792
f 730/730/730 792/792/792 731/731/731
f 731/731/731 792/792/792 793/793/793
f 731/731/731 793/793/793 732/732/732
f 733/733/733 794/794/794 795/795/795
f 733/733/733 795/795/795 734/734/734
f 734/734/734 795/795/795 796/796/796
f 734/734/734 796/796/796 735/735/735
f 735/735/735 796/796/796 797/797/797
f 735/735/735 797/797/797 736/736/736
f 736/736/736 797/797/797 798/798/798
f 736/736/736 798/798/798 737/737/737
f 737/737/737 798/798/798 799/799/799
f 737/737/737 799/799/799 738/738/738
f 738/738/738 799/799/799 800/800/800
f 738/738/738 800/800/800 739/739/739
f 739/739/739 800/800/800 801/801/801
f 739/739/739 801/801/801 740/740/740
f 740/740/740 801/801/801 802/802/802
f 740/740/740 802/802/802 741/741/741
f 741/741/741 802/802/802 803/803/803
f 741/741/741 803/803/803 742/742/742
f 742/742/742 803/803/803 804/804/804
f 742/742/742 804/804/804 743/743/743
f 743/743/743 804/804/804 805/805/805
f 743/743/743 805/805/805 744/744/744
f 744/744/744 805/805/805 806/806/806
f 744/744/744 806/806/806 745/745/745
f 745/745/745 806/806/806 807/807/807
f 745/745/745 807/807/807 746/746/746
f 746/746/746 807/807/807 808/808/808
f 746/746/746 808/808/808 747/747/747
f 747/747/747 808/808/808 809/809/809
f 747/747/747 809/809/809 748/748/748
f 748/748/748 809/809/809 810/810/810
f 748/748/748 810/810/810 749/749/749
f 749/749/749 810/810/810 811/811/811
f 749/749/749 811/811/811 750/750/750
f 750/750/750 811/811/811 812/812/812
f 750/750/750 812/812/812 751/751/751
f 751/751/751 812/812/812 813/813/813
f 751/751/751 813/813/813 752/752/752
f 752/752/752 813/813/813 814/814/814
f 752/752/752 814/814/814 753/753/753
f 753/753/753 814/814/814 815/815/815
f 753/753/753 815/815/815 754/754/754
f 754/754/754 815/815/815 816/816/816
f 754/754/754 816/816/816 755/755/755
f 755/755/755 816/816/816 817/817/817
f 755/755/755 817/817/817 756/756/756
f 756/756/756 817/817/817 818/818/818
f 756/756/756 818/818/818 757/757/757
f 757/757/757 818/818/818 819/819/819
f 757/757/757 819/819/819 758/758/758
f 758/758/758 819/819/819 820/820/820
f 758/758/758 820/820/820 759/759/759
f 759/759/759 820/820/820 821/821/821
f 759/759/759 821/821/821 760/760/760
f 760/760/760 821/821/821 822/822/822
f 760/760/760 822/822/822 761/761/761
f 761/761/761 822/822/822 823/823/823
f 761/761/761 823/823/823 762/762/762
f 762/762/762 823/823/823 824/824/824
f 762/762/762 824/824/824 763/763/763
f 763/763/763 824/824/824 825/825/825
f 763/763/763 825/825/825 764/764/764
f 764/764/764 825/825/825 826/826/826
f 764/764/764 826/826/826 765/765/765
f 765/765/765 826/826/826 827/827/827
f 765/765/765 827/827/827 766/766/766
f 766/766/766 827/827/827 828/828/828
f 766/766/766 828/828/828 767/767/767
f 767/767/767 828/828/828 829/829/829
f 767/767/767 829/829/829 768/768/768
f 768/768/768 829/829/829 830/830/830
f 768/768/768 830/830/830 769/769/769
f 769/769/769 830/830/830 831/831/831
f 769/769/769 831/831/831 770/770/770
f 770/770/770 831/831/831 832/832/832
f 770/770/770 832/832/832 771/771/771
f 771/771/771 832/832/832 833/833/833
f 771/771/771 833/833/833 772/772/772
f 772/772/772 833/833/833 834/834/834
f 772/772/772 834/834/834 773/773/773
f 773/773/773 834/834/834 835/835/835
f 773/773/773 835/835/835 774/774/774
f 774/774/774 835/835/835 836/836/836
f 774/774/774 836/836/836 775/775/775
f 775/775/775 836/836/836 837/837/837
f 775/775/775 837/837/837 776/776/776
f 776/776/776 837/837/837 838/838/838
f 776/776/776 838/838/838 777/777/777
f 777/777/777 838/838/838 839/839/839
f 777/777/777 839/839/839 778/778/778
f 778/778/778 839/839/839 840/840/840
f 778/778/778 840/840/840 779/779/779
f 779/779/779 840/840/840 841/841/841
f 779/779/779 841/841/841 780/780/780
f 780/780/780 841/841/841 842/842/842
f 780/780/780 842/842/842 781/781/781
f 781/781/781 842/842/842 843/843/843
f 781/781/781 843/843/843 782/782/782
f 782/782/782 843/843/843 844/844/844
f 782/782/782 844/844/844 783/783/783
f 783/783/783 844/844/844 845/845/845
f 783/783/783 845/845/845 784/784/784
f 784/784/784 845/845/845 846/846/846
f 784/784/784 846/846/846 785/785/785
f 785/785/785 846/846/846 847/847/847
f 785/785/785 847/847/847 786/786/786
f 786/786/786 847/847/847 848/848/848
f 786/786/786 848/848/848 787/787/787
f 787/787/787 848/848/848 849/849/849
f 787/787/787 849/849/849 788/788/788
f 788/788/788 849/849/849 850/850/850
f 788/788/788 850/850/850 789/789/789
f 789/789/789 850/850/850 851/851/851
f 789/789/789 851/851/851 790/790/790
f 790/790/790 851/851/851 852/852/852
f 790/790/790 852/852/852 791/791/791
f 791/791/791 852/852/852 853/853/853
f 791/791/791 853/853/853 792/792/792
f 792/792/792 853/853/853 854/854/854
f 792/792/792 854/854/854 793/793/793
f 794/794/794 855/855/855 856/856/856
f 794/794/794 856/856/856 795/795/795
f 795/795/795 856/856/856 857/857/857
f 795/795/795 857/857/857 796/796/796
f 796/796/796 857/857/857 858/858/858
f 796/796/796 858/858/858 797/797/797
f 797/797/797 858/858/858 859/859/859
f 797/797/797 859/859/859 798/798/798
f 798/798/798 859/859/859 860/860/860
f 798/798/798 860/860/860 799/799/799
f 799/799/799 860/860/860 861/861/861
f 799/799/799 861/861/861 800/800/800
f 800/800/800 861/861/861 862/862/862
f 800/800/800 862/862/862 801/801/801
f 801/801/801 862/862/862 863/863/863
f 801/801/801 863/863/863 802/802/802
f 802/802/802 863/863/863 864/864/864
f 802/802/802 864/864/864 803/803/803
f 803/803/803 864/864/864 865/865/865
f 803/803/803 865/865/865 804/804/804
f 804/804/804 865/865/865 866/866/866
f 804/804/804 866/866/866 805/805/805
f 805/805/805 866/866/866 867/867/867
f 805/805/805 867/867/867 806/806/806
f 806/806/806 867/867/867 868/868/868
f 806/806/806 868/868/868 807/807/807
f 807/807/807 868/868/868 869/869/869
f 807/807/807 869/869/869 808/808/808
f 808/808/808 869/869/869 870/870/870
f 808/808/808 870/870/870 809/809/809
f 809/809/809 870/870/870 871/871/871
f 809/809/809 871/871/871 810/810/810
f 810/810/810 871/871/871 872/872/872
f 810/810/810 872/872/872 811/811/811
f 811/811/811 872/872/872 873/873/873
f 811/811/811 873/873/873 812/812/812
f 812/812/812 873/873/873 874/874/874
f 812/812/812 874/874/874 813/813/813
f 813/813/813 874/874/874 875/875/875
f 813/813/813 875/875/875 814/814/814
f 814/814/814 875/875/875 876/876/876
f 814/814/814 876/876/876 815/815/815
f 815/815/815 876/876/876 877/877/877
f 815/815/815 877/877/877 816/816/816
f 816/816/816 877/877/877 878/878/878
f 816/816/816 878/878/878 817/817/817
f 817/817/817 878/878/878 879/879/879
f 817/817/817 879/879/879 818/818/818
f 818/818/818 879/879/879 880/880/880
f 818/818/818 880/880/880 819/819/819
f 819/819/819 880/880/880 881/881/881
f 819/819/819 881/881/881 820/820/820
f 820/820/820 881/881/881 882/882/882
f 820/820/820 882/882/882 821/821/821
f 821/821/821 882/882/882 883/883/883
f 821/821/821 883/883/883 822/822/822
f 822/822/822 883/883/883 884/884/884
f 822/822/822 884/884/884 823/823/823
f 823/823/823 884/884/884 885/885/885
f 823/823/823 885/885/885 824/824/824
f 824/824/824 885/885/885 886/886/886
f 824/824/824 886/886/886 825/825/825
f 825/825/825 886/886/886 887/887/887
f 825/825/825 887/887/887 826/826/826
f 826/826/826 887/887/887 888/888/888
f 826/826/826 888/888/888 827/827/827
f 827/827/827 888/888/888 889/889/889
f 827/827/827 889/889/889 828/828/828
f 828/828/828 889/889/889 890/890/890
f 828/828/828 890/890/890 829/829/829
f 829/829/829 890/890/890 891/891/891
f 829/829/829 891/891/891 830/830/830
f 830/830/830 891/891/891 892/892/892
f 830/830/830 892/892/892 831/831/831
f 831/831/831 892/892/892 893/893/893
f 831/831/831 893/893/893 832/832/832
f 832/832/832 893/893/893 894/894/894
f 832/832/832 894/894/894 833/833/833
f 833/833/833 894/894/894 895/895/895
f 833/833/833 895/895/895 834/834/834
f 834/834/834 895/895/895 896/896/896
f 834/834/834 896/896/896 835/835/835
f 835/835/835 896/896/896 897/897/897
f 835/835/835 897/897/897 836/836/836
f 836/836/836 897/897/897 898/898/898
f 836/836/836 898/898/898 837/837/837
f 837/837/837 898/898/898 899/899/899
f 837/837/837 899/899/899 838/838/838
f 838/838/838 899/899/899 900/900/900
f 838/838/838 900/900/900 839/839/839
f 839/839/839 900/900/900 901/901/901
f 839/839/839 901/901/901 840/840/840
f 840/840/840 901/901/901 902/902/902
f 840/840/840 902/902/902 841/841/841
f 841/841/841 902/902/902 903/903/903
f 841/841/841 903/903/903 842/842/842
f 842/842/842 903/903/903 904/904/904
f 842/842/842 904/904/904 843/843/843
f 843/843/843 904/904/904 905/905/905
f 843/843/843 905/905/905 844/844/844
f 844/844/844 905/905/905 906/906/906
f 844/844/844 906/906/906 845/845/845
f 845/845/845 906/906/906 907/907/907
f 845/845/845 907/907/907 846/846/846
f 846/846/846 907/907/907 908/908/908
f 846/846/846 908/908/908 847/847/847
f 847/847/847 908/908/908 909/909/909
f 847/847/847 909/909/909 848/848/848
f 848/848/848 909/909/909 910/910/910
f 848/848/848 910/910/910 849/849/849
f 849/849/849 910/910/910 911/911/911
f 849/849/849 911/911/911 850/850/850
f 850/850/850 911/911/911 912/912/912
f 850/850/850 912/912/912 851/851/851
f 851/851/851 912/912/912 913/913/913
f 851/851/851 913/913/913 852/852/852
f 852/852/852 913/913/913 914/914/914
f 852/852/852 914/914/914 853/853/853
f 853/853/853 914/914/914 915/915/915
f 853/853/853 915/915/915 854/854/854
f 855/855/855 916/916/916 917/917/917
f 855/855/855 917/917/917 856/856/856
f 856/856/856 917/917/917 918/918/918
f 856/856/856 918/918/918 857/857/857
f 857/857/857 918/918/918 919/919/919
f 857/857/857 919/919/919 858/858/858
f 858/858/858 919/919/919 920/920/920
f 858/858/858 920/920/920 859/859/859
f 859/859/859 920/920/920 921/921/921
f 859/859/859 921/921/921 860/860/860
f 860/860/860 921/921/921 922/922/922
f 860/860/860 922/922/922 861/861/861
f 861/861/861 922/922/922 923/923/923
f 861/861/861 923/923/923 862/862/862
f 862/862/862 923/923/923 924/924/924
f 862/862/862 924/924/924 863/863/863
f 863/863/863 924/924/924 925/925/925
f 863/863/863 925/925/925 864/864/864
f 864/864/864 925/925/925 926/926/926
f 864/864/864 926/926/926 865/865/865
f 865/865/865 926/926/926 927/927/927
f 865/865/865 927/927/927 866/866/866
f 866/866/866 927/927/927 928/928/928
f 866/866/866 928/928/928 867/867/867
f 867/867/867 928/928/928 929/929/929
f 867/867/867 929/929/929 868/868/868
f 868/868/868 929/929/929 930/930/930
f 868/868/868 930/930/930 869/869/869
f 869/869/869 930/930/930 931/931/931
f 869/869/869 931/931/931 870/870/870
f 870/870/870 931/931/931 932/932/932
f 870/870/870 932/932/932 871/871/871
f 871/871/871 932/932/932 933/933/933
f 871/871/871 933/933/933 872/872/872
f 872/872/872 933/933/933 934/934/934
f 872/872/872 934/934/934 873/873/873
f 873/873/873 934/934/934 935/935/935
f 873/873/873 935/935/935 874/874/874
f 874/874/874 935/935/935 936/936/936
f 874/874/874 936/936/936 875/875/875
f 875/875/875 936/936/936 937/937/937
f 875/875/875 937/937/937 876/876/876
f 876/876/876 937/937/937 938/938/938
f 876/876/876 938/938/938 877/877/877
f 877/877/877 938/938/938 939/939/939
f 877/877/877 939/939/939 878/878/878
f 878/878/878 939/939/939 940/940/940
f 878/878/878 940/940/940 879/879/879
f 879/879/879 940/940/940 941/941/941
f 879/879/879 941/941/941 880/880/880
f 880/880/880 941/941/941 942/942/942
f 880/880/880 942/942/942 881/881/881
f 881/881/881 942/942/942 943/943/943
f 881/881/881 943/943/943 882/882/882
f 882/882/882 943/943/943 944/944/944
f 882/882/882 944/944/944 883/883/883
f 883/883/883 944/944/944 945/945/945
f 883/883/883 945/945/945 884/884/884
f 884/884/884 945/945/945 946/946/946
f 884/884/884 946/946/946 885/885/885
f 885/885/885 946/946/946 947/947/947
f 885/885/885 947/947/947 886/886/886
f 886/886/886 947/947/947 948/948/948
f 886/886/886 948/948/948 887/887/887
f 887/887/887 948/948/948 949/949/949
f 887/887/887 949/949/949 888/888/888
f 888/888/888 949/949/949 950/950/950
f 888/888/888 950/950/950 889/889/889
f 889/889/889 950/950/950 951/951/951
f 889/889/889 951/951/951 890/890/890
f 890/890/890 951/951/951 952/952/952
f 890/890/890 952/952/952 891/891/891
f 891/891/891 952/952/952 953/953/953
f 891/891/891 953/953/953 892/892/892
f 892/892/892 953/953/953 954/954/954
f 892/892/892 954/954/954 893/893/893
f 893/893/893 954/954/954 955/955/955
f 893/893/893 955/955/955 894/894/894
f 894/894/894 955/955/955 956/956/956
f 894/894/894 956/956/956 895/895/895
f 895/895/895 956/956/956 957/957/957
f 895/895/895 957/957/957 896/896/896
f 896/896/896 957/957/957 958/958/958
f 896/896/896 958/958/958 897/897/897
f 897/897/897 958/958/958 959/959/959
f 897/897/897 959/959/959 898/898/898
f 898/898/898 959/959/959 960/960/960
f 898/898/898 960/960/960 899/899/899
f 899/899/899 960/960/960 961/961/961
f 899/899/899 961/961/961 900/900/900
f 900/900/900 961/961/961 962/962/962
f 900/900/900 962/962/962 901/901/901
f 901/901/901 962/962/962 963/963/963
f 901/901/901 963/963/963 902/902/902
f 902/902/902 963/963/963 964/964/964
f 902/902/902 964/964/964 903/903/903
f 903/903/903 964/964/964 965/965/965
f 903/903/903 965/965/965 904/904/904
f 904/904/904 965/965/965 966/966/966
f 904/904/904 966/966/966 905/905/905
f 905/905/905 966/966/966 967/967/967
f 905/905/905 967/967/967 906/906/906
f 906/906/906 967/967/967 968/968/968
f 906/906/906 968/968/968 907/907/907
f 907/907/907 968/968/968 969/969/969
f 907/907/907 969/969/969 908/908/908
f 908/908/908 969/969/969 970/970/970
f 908/908/908 970/970/970 909/909/909
f 909/909/909 970/970/970 971/971/971
f 909/909/909 971/971/971 910/910/910
f 910/910/910 971/971/971 972/972/972
f 910/910/910 972/972/972 911/911/911
f 911/911/911 972/972/972 973/973/973
f 911/911/911 973/973/973 912/912/912
f 912/912/912 973/973/973 974/974/974
f 912/912/912 974/974/974 913/913/913
f 913/913/913 974/974/974 975/975/975
f 913/913/913 975/975/975 914/914/914
f 914/914/914 975/975/975 976/976/976
f 914/914/914 976/976/976 915/915/915
f 916/916/916 977/977/977 978/978/978
f 916/916/916 978/978/978 917/917/917
f 917/917/917 978/978/978 979/979/979
f 917/917/917 979/979/979 918/918/918
f 918/918/918 979/979/979 980/980/980
f 918/918/918 980/980/980 919/919/919
f 919/919/919 980/980/980 981/981/981
f 919/919/919 981/981/981 920/920/920
f 920/920/920 981/981/981 982/982/982
f 920/920/920 982/982/982 921/921/921
f 921/921/921 982/982/982 983/983/983
f 921/921/921 983/983/983 922/922/922
f 922/922/922 983/983/983 984/984/984
f 922/922/922 984/984/984 923/923/923
f 923/923/923 984/984/984 985/985/985
f 923/923/923 985/985/985 924/924/924
f 924/924/924 985/985/985 986/986/986
f 924/924/924 986/986/986 925/925/925
f 925/925/925 986/986/986 987/987/987
f 925/925/925 987/987/987 926/926/926
f 926/926/926 987/987/987 988/988/988
f 926/926/926 988/988/988 927/927/927
f 927/927/927 988/988/988 989/989/989
f 927/927/927 989/989/989 928/928/928
f 928/928/928 989/989/989 990/990/990
f 928/928/928 990/990/990 929/929/929
f 929/929/929 990/990/990 991/991/991
f 929/929/929 991/991/991 930/930/930
f 930/930/930 991/991/991 992/992/992
f 930/930/930 992/992/992 931/931/931
f 931/931/931 992/992/992 993/993/993
f 931/931/931 993/993/993 932/932/932
f 932/932/932 993/993/993 994/994/994
f 932/932/932 994/994/994 933/933/933
f 933/933/933 994/994/994 995/995/995
f 933/933/933 995/995/995 934/934/934
f 934/934/934 995/995/995 996/996/996
f 934/934/934 996/996/996 935/935/935
f 935/935/935 996/996/996 997/997/997
f 935/935/935 997/997/997 936/936/936
f 936/936/936 997/997/997 998/998/998
f 936/936/936 998/998/998 937/937/937
f 937/937/937 998/998/998 999/999/999
f 937/937/937 999/999/999 938/938/938
f 938/938/938 999/999/999 1000/1000/1000
f 938/938/938 1000/1000/1000 939/939/939
f 939/939/939 1000/1000/1000 1001/1001/1001
f 939/939/939 1001/1001/1001 940/940/940
f 940/940/940 1001/1001/1001 1002/1002/1002
f 940/940/940 1002/1002/1002 941/941/941
f 941/941/941 1002/1002/1002 1003/1003/1003
f 941/941/941 1003/1003/1003 942/942/942
f 942/942/942 1003/1003/1003 1004/1004/1004
f 942/942/942 1004/1004/1004 943/943/943
f 943/943/943 1004/1004/1004 1005/1005/1005
f 943/943/943 1005/1005/1005 944/944/944
f 944/944/944 1005/1005/1005 1006/1006/1006
f 944/944/944 1006/1006/1006 945/945/945
f 945/945/945 1006/1006/1006 1007/1007/1007
f 945/945/945 1007/1007/1007 946/946/946
f 946/946/946 1007/1007/1007 1008/1008/1008
f 946/946/946 1008/1008/1008 947/947/947
f 947/947/947 1008/1008/1008 1009/1009/1009
f 947/947/947 1009/1009/1009 948/948/948
f 948/948/948 1009/1009/1009 1010/1010/1010
f 948/948/948 1010/1010/1010 949/949/949
f 949/949/949 1010/1010/1010 1011/1011/1011
f 949/949/949 1011/1011/1011 950/950/950
f 950/950/950 1011/1011/1011 1012/1012/1012
f 950/950/950 1012/1012/1012 951/951/951
f 951/951/951 1012/1012/1012 1013/1013/1013
f 951/951/951 1013/1013/1013 952/952/952
f 952/952/952 1013/1013/1013 1014/1014/1014
f 952/952/952 1014/1014/1014 953/953/953
f 953/953/953 1014/1014/1014 1015/1015/1015
f 953/953/953 1015/1015/1015 954/954/954
f 954/954/954 1015/1015/1015 1016/1016/1016
f 954/954/954 1016/1016/1016 955/955/955
f 955/955/955 1016/1016/1016 1017/1017/1017
f 955/955/955 1017/1017/1017 956/956/956
f 956/956/956 1017/1017/1017 1018/1018/1018
f 956/956/956 1018/1018/1018 957/957/957
f 957/957/957 1018/1018/1018 1019/1019/1019
f 957/957/957 1019/1019/1019 958/958/958
f 958/958/958 1019/1019/1019 1020/1020/1020
f 958/958/958 1020/1020/1020 959/959/959
f 959/959/959 1020/1020/1020 1021/1021/1021
f 959/959/959 1021/1021/1021 960/960/960
f 960/960/960 1021/1021/1021 1022/1022/1022
f 960/960/960 1022/1022/1022 961/961/961
f 961/961/961 1022/1022/1022 1023/1023/1023
f 961/961/961 1023/1023/1023 962/962/962
f 962/962/962 1023/1023/1023 1024/1024/1024
f 962/962/962 1024/1024/1024 963/963/963
f 963/963/963 1024/1024/1024 1025/1025/1025
f 963/963/963 1025/1025/1025 964/964/964
f 964/964/964 1025/1025/1025 1026/1026/1026
f 964/964/964 1026/1026/1026 965/965/965
f 965/965/965 1026/1026/1026 1027/1027/1027
f 965/965/965 1027/1027/1027 966/966/966
f 966/966/966 1027/1027/1027 1028/1028/1028
f 966/966/966 1028/1028/1028 967/967/967
f 967/967/967 1028/1028/1028 1029/1029/1029
f 967/967/967 1029/1029/1029 968/968/968
f 968/968/968 1029/1029/1029 1030/1030/1030
f 968/968/968 1030/1030/1030 969/969/969
f 969/969/969 1030/1030/1030 1031/1031/1031
f 969/969/969 1031/1031/1031 970/970/970
f 970/970/970 1031/1031/1031 1032/1032/1032
f 970/970/970 1032/1032/1032 971/971/971
f 971/971/971 1032/1032/1032 1033/1033/1033
f 971/971/971 1033/1033/1033 972/972/972
f 972/972/972 1033/1033/1033 1034/1034/1034
f 972/972/972 1034/1034/1034 973/973/973
f 973/973/973 1034/1034/1034 1035/1035/1035
f 973/973/973 1035/1035/1035 974/974/974
f 974/974/974 1035/1035/1035 1036/1036/1036
f 974/974/974 1036/1036/1036 975/975/975
f 975/975/975 1036/1036/1036 1037/1037/1037
f 975/975/975 1037/1037/1037 976/976/976
f 977/977/977 1038/1038/1038 1039/1039/1039
f 977/977/977 1039/1039/1039 978/978/978
f 978/978/978 1039/1039/1039 1040/1040/1040
f 978/978/978 1040/1040/1040 979/979/979
f 979/979/979 1040/1040/1040 1041/1041/1041
f 979/979/979 1041/1041/1041 980/980/980
f 980/980/980 1041/1041/1041 1042/1042/1042
f 980/980/980 1042/1042/1042 981/981/981
f 981/981/981 1042/1042/1042 1043/1043/1043
f 981/981/981 1043/1043/1043 982/982/982
f 982/982/982 1043/1043/1043 1044/1044/1044
f 982/982/982 1044/1044/1044 983/983/983
f 983/983/983 1044/1044/1044 1045/1045/1045
f 983/983/983 1045/1045/1045 984/984/984
f 984/984/984 1045/1045/1045 1046/1046/1046
f 984/984/984 1046/1046/1046 985/985/985
f 985/985/985 1046/1046/1046 1047/1047/1047
f 985/985/985 1047/1047/1047 986/986/986
f 986/986/986 1047/1047/1047 1048/1048/1048
f 986/986/986 1048/1048/1048 987/987/987
f 987/987/987 1048/1048/1048 1049/1049/1049
f 987/987/987 1049/1049/1049 988/988/988
f 988/988/988 1049/1049/1049 1050/1050/1050
f 988/988/988 1050/1050/1050 989/989/989
f 989/989/989 1050/1050/1050 1051/1051/1051
f 989/989/989 1051/1051/1051 990/990/990
f 990/990/990 1051/1051/1051 1052/1052/1052
f 990/990/990 1052/1052/1052 991/991/991
f 991/991/991 1052/1052/1052 1053/1053/1053
f 991/991/991 1053/1053/1053 992/992/992
f 992/992/992 1053/1053/1053 1054/1054/1054
f 992/992/992 1054/1054/1054 993/993/993
f 993/993/993 1054/1054/1054 1055/1055/1055
f 993/993/993 1055/1055/1055 994/994/994
f 994/994/994 1055/1055/1055 1056/1056/1056
f 994/994/994 1056/1056/1056 995/995/995
f 995/995/995 1056/1056/1056 1057/1057/1057
f 995/995/995 1057/1057/1057 996/996/996
f 996/996/996 1057/1057/1057 1058/1058/1058
f 996/996/996 1058/1058/1058 997/997/997
f 997/997/997 1058/1058/1058 1059/1059/1059
f 997/997/997 1059/1059/1059 998/998/998
f 998/998/998 1059/1059/1059 1060/1060/1060
f 998/998/998 1060/1060/1060 999/999/999
f 999/999/999 1060/1060/1060 1061/1061/1061
f 999/999/999 1061/1061/1061 1000/1000/1000
f 1000/1000/1000 1061/1061/1061 1062/1062/1062
f 1000/1000/1000 1062/1062/1062 1001/1001/1001
f 1001/1001/1001 1062/1062/1062 1063/1063/1063
f 1001/1001/1001 1063/1063/1063 1002/1002/1002
f 1002/1002/1002 1063/1063/1063 1064/1064/1064
f 1002/1002/1002 1064/1064/1064 1003/1003/1003
f 1003/1003/1003 1064/1064/1064 1065/1065/1065
f 1003/1003/1003 1065/1065/1065 1004/1004/1004
f 1004/1004/1004 1065/1065/1065 1066/1066/1066
f 1004/1004/1004 1066/1066/1066 1005/1005/1005
f 1005/1005/1005 1066/1066/1066 1067/1067/1067
f 1005/1005/1005 1067/1067/1067 1006/1006/1006
f 1006/1006/1006 1067/1067/1067 1068/1068/1068
f 1006/1006/1006 1068/1068/1068 1007/1007/1007
f 1007/1007/1007 1068/1068/1068 1069/1069/1069
f 1007/1007/1007 1069/1069/1069 1008/1008/1008
f 1008/1008/1008 1069/1069/1069 1070/1070/1070
f 1008/1008/1008 1070/1070/1070 1009/1009/1009
f 1009/1009/1009 1070/1070/1070 1071/1071/1071
f 1009/1009/1009 1071/1071/1071 1010/1010/1010
f 1010/1010/1010 1071/1071/1071 1072/1072/1072
f 1010/1010/1010 1072/1072/1072 1011/1011/1011
f 1011/1011/1011 1072/1072/1072 1073/1073/1073
f 1011/1011/1011 1073/1073/1073 1012/1012/1012
f 1012/1012/1012 1073/1073/1073 1074/1074/1074
f 1012/1012/1012 1074/1074/1074 1013/1013/1013
f 1013/1013/1013 1074/1074/1074 1075/1075/1075
f 1013/1013/1013 1075/1075/1075 1014/1014/1014
f 1014/1014/1014 1075/1075/1075 1076/1076/1076
f 1014/1014/1014 1076/1076/1076 1015/1015/1015
f 1015/1015/1015 1076/1076/1076 1077/1077/1077
f 1015/1015/1015 1077/1077/1077 1016/1016/1016
f 1016/1016/1016 1077/1077/1077 1078/1078/1078
f 1016/1016/1016 1078/1078/1078 1017/1017/1017
f 1017/1017/1017 1078/1078/1078 1079/1079/1079
f 1017/1017/1017 1079/1079/1079 1018/1018/1018
f 1018/1018/1018 1079/1079/1079 1080/1080/1080
f 1018/1018/1018 1080/1080/1080 1019/1019/1019
f 1019/1019/1019 1080/1080/1080 1081/1081/1081
f 1019/1019/1019 1081/1081/1081 1020/1020/1020
f 1020/1020/1020 1081/1081/1081 1082/1082/1082
f 1020/1020/1020 1082/1082/1082 1021/1021/1021
f 1021/1021/1021 1082/1082/1082 1083/1083/1083
f 1021/1021/1021 1083/1083/1083 1022/1022/1022
f 1022/1022/1022 1083/1083/1083 1084/1084/1084
f 1022/1022/1022 1084/1084/1084 1023/1023/1023
f 1023/1023/1023 1084/1084/1084 1085/1085/1085
f 1023/1023/1023 1085/1085/1085 1024/1024/1024
f 1024/1024/1024 1085/1085/1085 1086/1086/1086
f 1024/1024/1024 1086/1086/1086 1025/1025/1025
f 1025/1025/1025 1086/1086/1086 1087/1087/1087
f 1025/1025/1025 1087/1087/1087 1026/1026/1026
f 1026/1026/1026 1087/1087/1087 1088/1088/1088
f 1026/1026/1026 1088/1088/1088 1027/1027/1027
f 1027/1027/1027 1088/1088/1088 1089/1089/1089
f 1027/1027/1027 1089/1089/1089 1028/1028/1028
f 1028/1028/1028 1089/1089/1089 1090/1090/1090
f 1028/1028/1028 1090/1090/1090 1029/1029/1029
f 1029/1029/1029 1090/1090/1090 1091/1091/1091
f 1029/1029/1029 1091/1091/1091 1030/1030/1030
f 1030/1030/1030 1091/1091/1091 1092/1092/1092
f 1030/1030/1030 1092/1092/1092 1031/1031/1031
f 1031/1031/1031 1092/1092/1092 1093/1093/1093
f 1031/1031/1031 1093/1093/1093 1032/1032/1032
f 1032/1032/1032 1093/1093/1093 1094/1094/1094
f 1032/1032/1032 1094/1094/1094 1033/1033/1033
f 1033/1033/1033 1094/1094/1094 1095/1095/1095
f 1033/1033/1033 1095/1095/1095 1034/1034/1034
f 1034/1034/1034 1095/1095/1095 1096/1096/1096
f 1034/1034/1034 1096/1096/1096 1035/1035/1035
f 1035/1035/1035 1096/1096/1096 1097/1097/1097
f 1035/1035/1035 1097/1097/1097 1036/1036/1036
f 1036/1036/1036 1097/1097/1097 1098/1098/1098
f 1036/1036/1036 1098/1098/1098 1037/1037/1037
f 1038/1038/1038 1099/1099/1099 1100/1100/1100
f 1038/1038/1038 1100/1100/1100 1039/1039/1039
f 1039/1039/1039 1100/1100/1100 1101/1101/1101
f 1039/1039/1039 1101/1101/1101 1040/1040/1040
f 1040/1040/1040 1101/1101/1101 1102/1102/1102
f 1040/1040/1040 1102/1102/1102 1041/1041/1041
f 1041/1041/1041 1102/1102/1102 1103/1103/1103
f 1041/1041/1041 1103/1103/1103 1042/1042/1042
f 1042/1042/1042 1103/1103/1103 1104/1104/1104
f 1042/1042/1042 1104/1104/1104 1043/1043/1043
f 1043/1043/1043 1104/1104/1104 1105/1105/1105
f 1043/1043/1043 1105/1105/1105 1044/1044/1044
f 1044/1044/1044 1105/1105/1105 1106/1106/1106
f 1044/1044/1044 1106/1106/1106 1045/1045/1045
f 1045/1045/1045 1106/1106/1106 1107/1107/1107
f 1045/1045/1045 1107/1107/1107 1046/1046/1046
f 1046/1046/1046 1107/1107/1107 1108/1108/1108
f 1046/1046/1046 1108/1108/1108 1047/1047/1047
f 1047/1047/1047 1108/1108/1108 1109/1109/1109
f 1047/1047/1047 1109/1109/1109 1048/1048/1048
f 1048/1048/1048 1109/1109/1109 1110/1110/1110
f 1048/1048/1048 1110/1110/1110 1049/1049/1049
f 1049/1049/1049 1110/1110/1110 1111/1111/1111
f 1049/1049/1049 1111/1111/1111 1050/1050/1050
f 1050/1050/1050 1111/1111/1111 1112/1112/1112
f 1050/1050/1050 1112/1112/1112 1051/1051/1051
f 1051/1051/1051 1112/1112/1112 1113/1113/1113
f 1051/1051/1051 1113/1113/1113 1052/1052/1052
f 1052/1052/1052 1113/1113/1113 1114/1114/1114
f 1052/1052/1052 1114/1114/1114 1053/1053/1053
f 1053/1053/1053 1114/1114/1114 1115/1115/1115
f 1053/1053/1053 1115/1115/1115 1054/1054/1054
f 1054/1054/1054 1115/1115/1115 1116/1116/1116
f 1054/1054/1054 1116/1116/1116 1055/1055/1055
f 1055/1055/1055 1116/1116/1116 1117/1117/1117
f 1055/1055/1055 1117/1117/1117 1056/1056/1056
f 1056/1056/1056 1117/1117/1117 1118/1118/1118
f 1056/1056/1056 1118/1118/1118 1057/1057/1057
f 1057/1057/1057 1118/1118/1118 1119/1119/1119
f 1057/1057/1057 1119/1119/1119 1058/1058/1058
f 1058/1058/1058 1119/1119/1119 1120/1120/1120
f 1058/1058/1058 1120/1120/1120 1059/1059/1059
f 1059/1059/1059 1120/1120/1120 1121/1121/1121
f 1059/1059/1059 1121/1121/1121 1060/1060/1060
f 1060/1060/1060 1121/1121/1121 1122/1122/1122
f 1060/1060/1060 1122/1122/1122 1061/1061/1061
f 1061/1061/1061 1122/1122/1122 1123/1123/1123
f 1061/1061/1061 1123/1123/1123 1062/1062/1062
f 1062/1062/1062 1123/1123/1123 1124/1124/1124
f 1062/1062/1062 1124/1124/1124 1063/1063/1063
f 1063/1063/1063 1124/1124/1124 1125/1125/1125
f 1063/1063/1063 1125/1125/1125 1064/1064/1064
f 1064/1064/1064 1125/1125/1125 1126/1126/1126
f 1064/1064/1064 1126/1126/1126 1065/1065/1065
f 1065/1065/1065 1126/1126/1126 1127/1127/1127
f 1065/1065/1065 1127/1127/1127 1066/1066/1066
f 1066/1066/1066 1127/1127/1127 1128/1128/1128
f 1066/1066/1066 1128/1128/1128 1067/1067/1067
f 1067/1067/1067 1128/1128/1128 1129/1129/1129
f 1067/1067/1067 1129/1129/1129 1068/1068/1068
f 1068/1068/1068 1129/1129/1129 1130/1130/1130
f 1068/1068/1068 1130/1130/1130 1069/1069/1069
f 1069/1069/1069 1130/1130/1130 1131/1131/1131
f 1069/1069/1069 1131/1131/1131 1070/1070/1070
f 1070/1070/1070 1131/1131/1131 1132/1132/1132
f 1070/1070/1070 1132/1132/1132 1071/1071/1071
f 1071/1071/1071 1132/1132/1132 1133/1133/1133
f 1071/1071/1071 1133/1133/1133 1072/1072/1072
f 1072/1072/1072 1133/1133/1133 1134/1134/1134
f 1072/1072/1072 1134/1134/1134 1073/1073/1073
f 1073/1073/1073 1134/1134/1134 1135/1135/1135
f 1073/1073/1073 1135/1135/1135 1074/1074/1074
f 1074/1074/1074 1135/1135/1135 1136/1136/1136
f 1074/1074/1074 1136/1136/1136 1075/1075/1075
f 1075/1075/1075 1136/1136/1136 1137/1137/1137
f 1075/1075/1075 1137/1137/1137 1076/1076/1076
f 1076/1076/1076 1137/1137/1137 1138/1138/1138
f 1076/1076/1076 1138/1138/1138 1077/1077/1077
f 1077/1077/1077 1138/1138/1138 1139/1139/1139
f 1077/1077/1077 1139/1139/1139 1078/1078/1078
f 1078/1078/1078 1139/1139/1139 1140/1140/1140
f 1078/1078/1078 1140/1140/1140 1079/1079/1079
f 1079/1079/1079 1140/1140/1140 1141/1141/1141
f 1079/1079/1079 1141/1141/1141 1080/1080/1080
f 1080/1080/1080 1141/1141/1141 1142/1142/1142
f 1080/1080/1080 1142/1142/1142 1081/1081/1081
f 1081/1081/1081 1142/1142/1142 1143/1143/1143
f 1081/1081/1081 1143/1143/1143 1082/1082/1082
f 1082/1082/1082 1143/1143/1143 1144/1144/1144
f 1082/1082/1082 1144/1144/1144 1083/1083/1083
f 1083/1083/1083 1144/1144/1144 1145/1145/1145
f 1083/1083/1083 1145/1145/1145 1084/1084/1084
f 1084/1084/1084 1145/1145/1145 1146/1146/1146
f 1084/1084/1084 1146/1146/1146 1085/1085/1085
f 1085/1085/1085 1146/1146/1146 1147/1147/1147
f 1085/1085/1085 1147/1147/1147 1086/1086/1086
f 1086/1086/1086 1147/1147/1147 1148/1148/1148
f 1086/1086/1086 1148/1148/1148 1087/1087/1087
f 1087/1087/1087 1148/1148/1148 1149/1149/1149
f 1087/1087/1087 1149/1149/1149 1088/1088/1088
f 1088/1088/1088 1149/1149/1149 1150/1150/1150
f 1088/1088/1088 1150/1150/1150 1089/1089/1089
f 1089/1089/1089 1150/1150/1150 1151/1151/1151
f 1089/1089/1089 1151/1151/1151 1090/1090/1090
f 1090/1090/1090 1151/1151/1151 1152/1152/1152
f 1090/1090/1090 1152/1152/1152 1091/1091/1091
f 1091/1091/1091 1152/1152/1152 1153/1153/1153
f 1091/1091/1091 1153/1153/1153 1092/1092/1092
f 1092/1092/1092 1153/1153/1153 1154/1154/1154
f 1092/1092/1092 1154/1154/1154 1093/1093/1093
f 1093/1093/1093 1154/1154/1154 1155/1155/1155
f 1093/1093/1093 1155/1155/1155 1094/1094/1094
f 1094/1094/1094 1155/1155/1155 1156/1156/1156
f 1094/1094/1094 1156/1156/1156 1095/1095/1095
f 1095/1095/1095 1156/1156/1156 1157/1157/1157
f 1095/1095/1095 1157/1157/1157 1096/1096/1096
f 1096/1096/1096 1157/1157/1157 1158/1158/1158
f 1096/1096/1096 1158/1158/1158 1097/1097/1097
f 1097/1097/1097 1158/1158/1158 1159/1159/1159
f 1097/1097/1097 1159/1159/1159 1098/1098/1098
f 1099/1099/1099 1160/1160/1160 1161/1161/1161
f 1099/1099/1099 1161/1161/1161 1100/1100/1100
f 1100/1100/1100 1161/1161/1161 1162/1162/1162
f 1100/1100/1100 1162/1162/1162 1101/1101/1101
f 1101/1101/1101 1162/1162/1162 1163/1163/1163
f 1101/1101/1101 1163/1163/1163 1102/1102/1102
f 1102/1102/1102 1163/1163/1163 1164/1164/1164
f 1102/1102/1102 1164/1164/1164 1103/1103/1103
f 1103/1103/1103 1164/1164/1164 1165/1165/1165
f 1103/1103/1103 1165/1165/1165 1104/1104/1104
f 1104/1104/1104 1165/1165/1165 1166/1166/1166
f 1104/1104/1104 1166/1166/1166 1105/1105/1105
f 1105/1105/1105 1166/1166/1166 1167/1167/1167
f 1105/1105/1105 1167/1167/1167 1106/1106/1106
f 1106/1106/1106 1167/1167/1167 1168/1168/1168
f 1106/1106/1106 1168/1168/1168 1107/1107/1107
f 1107/1107/1107 1168/1168/1168 1169/1169/1169
f 1107/1107/1107 1169/1169/1169 1108/1108/1108
f 1108/1108/1108 1169/1169/1169 1170/1170/1170
f 1108/1108/1108 1170/1170/1170 1109/1109/1109
f 1109/1109/1109 1170/1170/1170 1171/1171/1171
f 1109/1109/1109 1171/1171/1171 1110/1110/1110
f 1110/1110/1110 1171/1171/1171 1172/1172/1172
f 1110/1110/1110 1172/1172/1172 1111/1111/1111
f 1111/1111/1111 1172/1172/1172 1173/1173/1173
f 1111/1111/1111 1173/1173/1173 1112/1112/1112
f 1112/1112/1112 1173/1173/1173 1174/1174/1174
f 1112/1112/1112 1174/1174/1174 1113/1113/1113
f 1113/1113/1113 1174/1174/1174 1175/1175/1175
f 1113/1113/1113 1175/1175/1175 1114/1114/1114
f 1114/1114/1114 1175/1175/1175 1176/1176/1176
f 1114/1114/1114 1176/1176/1176 1115/1115/1115
f 1115/1115/1115 1176/1176/1176 1177/1177/1177
f 1115/1115/1115 1177/1177/1177 1116/1116/1116
f 1116/1116/1116 1177/1177/1177 1178/1178/1178
f 1116/1116/1116 1178/1178/1178 1117/1117/1117
f 1117/1117/1117 1178/1178/1178 1179/1179/1179
f 1117/1117/1117 1179/1179/1179 1118/1118/1118
f 1118/1118/1118 1179/1179/1179 1180/1180/1180
f 1118/1118/1118 1180/1180/1180 1119/1119/1119
f 1119/1119/1119 1180/1180/1180 1181/1181/1181
f 1119/1119/1119 1181/1181/1181 1120/1120/1120
f 1120/1120/1120 1181/1181/1181 1182/1182/1182
f 1120/1120/1120 1182/1182/1182 1121/1121/1121
f 1121/1121/1121 1182/1182/1182 1183/1183/1183
f 1121/1121/1121 1183/1183/1183 1122/1122/1122
f 1122/1122/1122 1183/1183/1183 1184/1184/1184
f 1122/1122/1122 1184/1184/1184 1123/1123/1123
f 1123/1123/1123 1184/1184/1184 1185/1185/1185
f 1123/1123/1123 1185/1185/1185 1124/1124/1124
f 1124/1124/1124 1185/1185/1185 1186/1186/1186
f 1124/1124/1124 1186/1186/1186 1125/1125/1125
f 1125/1125/1125 1186/1186/1186 1187/1187/1187
f 1125/1125/1125 1187/1187/1187 1126/1126/1126
f 1126/1126/1126 1187/1187/1187 1188/1188/1188
f 1126/1126/1126 1188/1188/1188 1127/1127/1127
f 1127/1127/1127 1188/1188/1188 1189/1189/1189
f 1127/1127/1127 1189/1189/1189 1128/1128/1128
f 1128/1128/1128 1189/1189/1189 1190/1190/1190
f 1128/1128/1128 1190/1190/1190 1129/1129/1129
f 1129/1129/1129 1190/1190/1190 1191/1191/1191
f 1129/1129/1129 1191/1191/1191 1130/1130/1130
f 1130/1130/1130 1191/1191/1191 1192/1192/1192
f 1130/1130/1130 1192/1192/1192 1131/1131/1131
f 1131/1131/1131 1192/1192/1192 1193/1193/1193
f 1131/1131/1131 1193/1193/1193 1132/1132/1132
f 1132/1132/1132 1193/1193/1193 1194/1194/1194
f 1132/1132/1132 1194/1194/1194 1133/1133/1133
f 1133/1133/1133 1194/1194/1194 1195/1195/1195
f 1133/1133/1133 1195/1195/1195 1134/1134/1134
f 1134/1134/1134 1195/1195/1195 1196/1196/1196
f 1134/1134/1134 1196/1196/1196 1135/1135/1135
f 1135/1135/1135 1196/1196/1196 1197/1197/1197
f 1135/1135/1135 1197/1197/1197 1136/1136/1136
f 1136/1136/1136 1197/1197/1197 1198/1198/1198
f 1136/1136/1136 1198/1198/1198 1137/1137/1137
f 1137/1137/1137 1198/1198/1198 1199/1199/1199
f 1137/1137/1137 1199/1199/1199 1138/1138/1138
f 1138/1138/1138 1199/1199/1199 1200/1200/1200
f 1138/1138/1138 1200/1200/1200 1139/1139/1139
f 1139/1139/1139 1200/1200/1200 1201/1201/1201
f 1139/1139/1139 1201/1201/1201 1140/1140/1140
f 1140/1140/1140 1201/1201/1201 1202/1202/1202
f 1140/1140/1140 1202/1202/1202 1141/1141/1141
f 1141/1141/1141 1202/1202/1202 1203/1203/1203
f 1141/1141/1141 1203/1203/1203 1142/1142/1142
f 1142/1142/1142 1203/1203/1203 1204/1204/1204
f 1142/1142/1142 1204/1204/1204 1143/1143/1143
f 1143/1143/1143 1204/1204/1204 1205/1205/1205
f 1143/1143/1143 1205/1205/1205 1144/1144/1144
f 1144/1144/1144 1205/1205/1205 1206/1206/1206
f 1144/1144/1144 1206/1206/1206 1145/1145/1145
f 1145/1145/1145 1206/1206/1206 1207/1207/1207
f 1145/1145/1145 1207/1207/1207 1146/1146/1146
f 1146/1146/1146 1207/1207/1207 1208/1208/1208
f 1146/1146/1146 1208/1208/1208 1147/1147/1147
f 1147/1147/1147 1208/1208/1208 1209/1209/1209
f 1147/1147/1147 1209/1209/1209 1148/1148/1148
f 1148/1148/1148 1209/1209/1209 1210/1210/1210
f 1148/1148/1148 1210/1210/1210 1149/1149/1149
f 1149/1149/1149 1210/1210/1210 1211/1211/1211
f 1149/1149/1149 1211/1211/1211 1150/1150/1150
f 1150/1150/1150 1211/1211/1211 1212/1212/1212
f 1150/1150/1150 1212/1212/1212 1151/1151/1151
f 1151/1151/1151 1212/1212/1212 1213/1213/1213
f 1151/1151/1151 1213/1213/1213 1152/1152/1152
f 1152/1152/1152 1213/1213/1213 1214/1214/1214
f 1152/1152/1152 1214/1214/1214 1153/1153/1153
f 1153/1153/1153 1214/1214/1214 1215/1215/1215
f 1153/1153/1153 1215/1215/1215 1154/1154/1154
f 1154/1154/1154 1215/1215/1215 1216/1216/1216
f 1154/1154/1154 1216/1216/1216 1155/1155/1155
f 1155/1155/1155 1216/1216/1216 1217/1217/1217
f 1155/1155/1155 1217/1217/1217 1156/1156/1156
f 1156/1156/1156 1217/1217/1217 1218/1218/1218
f 1156/1156/1156 1218/1218/1218 1157/1157/1157
f 1157/1157/1157 1218/1218/1218 1219/1219/1219
f 1157/1157/1157 1219/1219/1219 1158/1158/1158
f 1158/1158/1158 1219/1219/1219 1220/1220/1220
f 1158/1158/1158 1220/1220/1220 1159/1159/1159
f 1160/1160/1160 1221/1221/1221 1222/1222/1222
f 1160/1160/1160 1222/1222/1222 1161/1161/1161
f 1161/1161/1161 1222/1222/1222 1223/1223/1223
f 1161/1161/1161 1223/1223/1223 1162/1162/1162
f 1162/1162/1162 1223/1223/1223 1224/1224/1224
f 1162/1162/1162 1224/1224/1224 1163/1163/1163
f 1163/1163/1163 1224/1224/1224 1225/1225/1225
f 1163/1163/1163 1225/1225/1225 1164/1164/1164
f 1164/1164/1164 1225/1225/1225 1226/1226/1226
f 1164/1164/1164 1226/1226/1226 1165/1165/1165
f 1165/1165/1165 1226/1226/1226 1227/1227/1227
f 1165/1165/1165 1227/1227/1227 1166/1166/1166
f 1166/1166/1166 1227/1227/1227 1228/1228/1228
f 1166/1166/1166 1228/1228/1228 1167/1167/1167
f 1167/1167/1167 1228/1228/1228 1229/1229/1229
f 1167/1167/1167 1229/1229/1229 1168/1168/1168
f 1168/1168/1168 1229/1229/1229 1230/1230/1230
f 1168/1168/1168 1230/1230/1230 1169/1169/1169
f 1169/1169/1169 1230/1230/1230 1231/1231/1231
f 1169/1169/1169 1231/1231/1231 1170/1170/1170
f 1170/1170/1170 1231/1231/1231 1232/1232/1232
f 1170/1170/1170 1232/1232/1232 1171/1171/1171
f 1171/1171/1171 1232/1232/1232 1233/1233/1233
f 1171/1171/1171 1233/1233/1233 1172/1172/1172
f 1172/1172/1172 1233/1233/1233 1234/1234/1234
f 1172/1172/1172 1234/1234/1234 1173/1173/1173
f 1173/1173/1173 1234/1234/1234 1235/1235/1235
f 1173/1173/1173 1235/1235/1235 1174/1174/1174
f 1174/1174/1174 1235/1235/1235 1236/1236/1236
f 1174/1174/1174 1236/1236/1236 1175/1175/1175
f 1175/1175/1175 1236/1236/1236 1237/1237/1237
f 1175/1175/1175 1237/1237/1237 1176/1176/1176
f 1176/1176/1176 1237/1237/1237 1238/1238/1238
f 1176/1176/1176 1238/1238/1238 1177/1177/1177
f 1177/1177/1177 1238/1238/1238 1239/1239/1239
f 1177/1177/1177 1239/1239/1239 1178/1178/1178
f 1178/1178/1178 1239/1239/1239 1240/1240/1240
f 1178/1178/1178 1240/1240/1240 1179/1179/1179
f 1179/1179/1179 1240/1240/1240 1241/1241/1241
f 1179/1179/1179 1241/1241/1241 1180/1180/1180
f 1180/1180/1180 1241/1241/1241 1242/1242/1242
f 1180/1180/1180 1242/1242/1242 1181/1181/1181
f 1181/1181/1181 1242/1242/1242 1243/1243/1243
f 1181/1181/1181 1243/1243/1243 1182/1182/1182
f 1182/1182/1182 1243/1243/1243 1244/1244/1244
f 1182/1182/1182 1244/1244/1244 1183/1183/1183
f 1183/1183/1183 1244/1244/1244 1245/1245/1245
f 1183/1183/1183 1245/1245/1245 1184/1184/1184
f 1184/1184/1184 1245/1245/1245 1246/1246/1246
f 1184/1184/1184 1246/1246/1246 1185/1185/1185
f 1185/1185/1185 1246/1246/1246 1247/1247/1247
f 1185/1185/1185 1247/1247/1247 1186/1186/1186
f 1186/1186/1186 1247/1247/1247 1248/1248/1248
f 1186/1186/1186 1248/1248/1248 1187/1187/1187
f 1187/1187/1187 1248/1248/1248 1249/1249/1249
f 1187/1187/1187 1249/1249/1249 1188/1188/1188
f 1188/1188/1188 1249/1249/1249 1250/1250/1250
f 1188/1188/1188 1250/1250/1250 1189/1189/1189
f 1189/1189/1189 1250/1250/1250 1251/1251/1251
f 1189/1189/1189 1251/1251/1251 1190/1190/1190
f 1190/1190/1190 1251/1251/1251 1252/1252/1252
f 1190/1190/1190 1252/1252/1252 1191/1191/1191
f 1191/1191/1191 1252/1252/1252 1253/1253/1253
f 1191/1191/1191 1253/1253/1253 1192/1192/1192
f 1192/1192/1192 1253/1253/1253 1254/1254/1254
f 1192/1192/1192 1254/1254/1254 1193/1193/1193
f 1193/1193/1193 1254/1254/1254 1255/1255/1255
f 1193/1193/1193 1255/1255/1255 1194/1194/1194
f 1194/1194/1194 1255/1255/1255 1256/1256/1256
f 1194/1194/1194 1256/1256/1256 1195/1195/1195
f 1195/1195/1195 1256/1256/1256 1257/1257/1257
f 1195/1195/1195 1257/1257/1257 1196/1196/1196
f 1196/1196/1196 1257/1257/1257 1258/1258/1258
f 1196/1196/1196 1258/1258/1258 1197/1197/1197
f 1197/1197/1197 1258/1258/1258 1259/1259/1259
f 1197/1197/1197 1259/1259/1259 1198/1198/1198
f 1198/1198/1198 1259/1259/1259 1260/1260/1260
f 1198/1198/1198 1260/1260/1260 1199/1199/1199
f 1199/1199/1199 1260/1260/1260 1261/1261/1261
f 1199/1199/1199 1261/1261/1261 1200/1200/1200
f 1200/1200/1200 1261/1261/1261 1262/1262/1262
f 1200/1200/1200 1262/1262/1262 1201/1201/1201
f 1201/1201/1201 1262/1262/1262 1263/1263/1263
f 1201/1201/1201 1263/1263/1263 1202/1202/1202
f 1202/1202/1202 1263/1263/1263 1264/1264/1264
f 1202/1202/1202 1264/1264/1264 1203/1203/1203
f 1203/1203/1203 1264/1264/1264 1265/1265/1265
f 1203/1203/1203 1265/1265/1265 1204/1204/1204
f 1204/1204/1204 1265/1265/1265 1266/1266/1266
f 1204/1204/1204 1266/1266/1266 1205/1205/1205
f 1205/1205/1205 1266/1266/1266 1267/1267/1267
f 1205/1205/1205 1267/1267/1267 1206/1206/1206
f 1206/1206/1206 1267/1267/1267 1268/1268/1268
f 1206/1206/1206 1268/1268/1268 1207/1207/1207
f 1207/1207/1207 1268/1268/1268 1269/1269/1269
f 1207/1207/1207 1269/1269/1269 1208/1208/1208
f 1208/1208/1208 1269/1269/1269 1270/1270/1270
f 1208/1208/1208 1270/1270/1270 1209/1209/1209
f 1209/1209/1209 1270/1270/1270 1271/1271/1271
f 1209/1209/1209 1271/1271/1271 1210/1210/1210
f 1210/1210/1210 1271/1271/1271 1272/1272/1272
f 1210/1210/1210 1272/1272/1272 1211/1211/1211
f 1211/1211/1211 1272/1272/1272 1273/1273/1273
f 1211/1211/1211 1273/1273/1273 1212/1212/1212
f 1212/1212/1212 1273/1273/1273 1274/1274/1274
f 1212/1212/1212 1274/1274/1274 1213/1213/1213
f 1213/1213/1213 1274/1274/1274 1275/1275/1275
f 1213/1213/1213 1275/1275/1275 1214/1214/1214
f 1214/1214/1214 1275/1275/1275 1276/1276/1276
f 1214/1214/1214 1276/1276/1276 1215/1215/1215
f 1215/1215/1215 1276/1276/1276 1277/1277/1277
f 1215/1215/1215 1277/1277/1277 1216/1216/1216
f 1216/1216/1216 1277/1277/1277 1278/1278/1278
f 1216/1216/1216 1278/1278/1278 1217/1217/1217
f 1217/1217/1217 1278/1278/1278 1279/1279/1279
f 1217/1217/1217 1279/1279/1279 1218/1218/1218
f 1218/1218/1218 1279/1279/1279 1280/1280/1280
f 1218/1218/1218 1280/1280/1280 1219/1219/1219
f 1219/1219/1219 1280/1280/1280 1281/1281/1281
f 1219/1219/1219 1281/1281/1281 1220/1220/1220
f 1221/1221/1221 1282/1282/1282 1283/1283/1283
f 1221/1221/1221 1283/1283/1283 1222/1222/1222
f 1222/1222/1222 1283/1283/1283 1284/1284/1284
f 1222/1222/1222 1284/1284/1284 1223/1223/1223
f 1223/1223/1223 1284/1284/1284 1285/1285/1285
f 1223/1223/1223 1285/1285/1285 1224/1224/1224
f 1224/1224/1224 1285/1285/1285 1286/1286/1286
f 1224/1224/1224 1286/1286/1286 1225/1225/1225
f 1225/1225/1225 1286/1286/1286 1287/1287/1287
f 1225/1225/1225 1287/1287/1287 1226/1226/1226
f 1226/1226/1226 1287/1287/1287 1288/1288/1288
f 1226/1226/1226 1288/1288/1288 1227/1227/1227
f 1227/1227/1227 1288/1288/1288 1289/1289/1289
f 1227/1227/1227 1289/1289/1289 1228/1228/1228
f 1228/1228/1228 1289/1289/1289 1290/1290/1290
f 1228/1228/1228 1290/1290/1290 1229/1229/1229
f 1229/1229/1229 1290/1290/1290 1291/1291/1291
f 1229/1229/1229 1291/1291/1291 1230/1230/1230
f 1230/1230/1230 1291/1291/1291 1292/1292/1292
f 1230/1230/1230 1292/1292/1292 1231/1231/1231
f 1231/1231/1231 1292/1292/1292 1293/1293/1293
f 1231/1231/1231 1293/1293/1293 1232/1232/1232
f 1232/1232/1232 1293/1293/1293 1294/1294/1294
f 1232/1232/1232 1294/1294/1294 1233/1233/1233
f 1233/1233/1233 1294/1294/1294 1295/1295/1295
f 1233/1233/1233 1295/1295/1295 1234/1234/1234
f 1234/1234/1234 1295/1295/1295 1296/1296/1296
f 1234/1234/1234 1296/1296/1296 1235/1235/1235
f 1235/1235/1235 1296/1296/1296 1297/1297/1297
f 1235/1235/1235 1297/1297/1297 1236/1236/1236
f 1236/1236/1236 1297/1297/1297 1298/1298/1298
f 1236/1236/1236 1298/1298/1298 1237/1237/1237
f 1237/1237/1237 1298/1298/1298 1299/1299/1299
f 1237/1237/1237 1299/1299/1299 1238/1238/1238
f 1238/1238/1238 1299/1299/1299 1300/1300/1300
f 1238/1238/1238 1300/1300/1300 1239/1239/1239
f 1239/1239/1239 1300/1300/1300 1301/1301/1301
f 1239/1239/1239 1301/1301/1301 1240/1240/1240
f 1240/1240/1240 1301/1301/1301 1302/1302/1302
f 1240/1240/1240 1302/1302/1302 1241/1241/1241
f 1241/1241/1241 1302/1302/1302 1303/1303/1303
f 1241/1241/1241 1303/1303/1303 1242/1242/1242
f 1242/1242/1242 1303/1303/1303 1304/1304/1304
f 1242/1242/1242 1304/1304/1304 1243/1243/1243
f 1243/1243/1243 1304/1304/1304 1305/1305/1305
f 1243/1243/1243 1305/1305/1305 1244/1244/1244
f 1244/1244/1244 1305/1305/1305 1306/1306/1306
f 1244/1244/1244 1306/1306/1306 1245/1245/1245
f 1245/1245/1245 1306/1306/1306 1307/1307/1307
f 1245/1245/1245 1307/1307/1307 1246/1246/1246
f 1246/1246/1246 1307/1307/1307 1308/1308/1308
f 1246/1246/1246 1308/1308/1308 1247/1247/1247
f 1247/1247/1247 1308/1308/1308 1309/1309/1309
f 1247/1247/1247 1309/1309/1309 1248/1248/1248
f 1248/1248/1248 1309/1309/1309 1310/1310/1310
f 1248/1248/1248 1310/1310/1310 1249/1249/1249
f 1249/1249/1249 1310/1310/1310 1311/1311/1311
f 1249/1249/1249 1311/1311/1311 1250/1250/1250
f 1250/1250/1250 1311/1311/1311 1312/1312/1312
f 1250/1250/1250 1312/1312/1312 1251/1251/1251
f 1251/1251/1251 1312/1312/1312 1313/1313/1313
f 1251/1251/1251 1313/1313/1313 1252/1252/1252
f 1252/1252/1252 1313/1313/1313 1314/1314/1314
f 1252/1252/1252 1314/1314/1314 1253/1253/1253
f 1253/1253/1253 1314/1314/1314 1315/1315/1315
f 1253/1253/1253 1315/1315/1315 1254/1254/1254
f 1254/1254/1254 1315/1315/1315 1316/1316/1316
f 1254/1254/1254 1316/1316/1316 1255/1255/1255
f 1255/1255/1255 1316/1316/1316 1317/1317/1317
f 1255/1255/1255 1317/1317/1317 1256/1256/1256
f 1256/1256/1256 1317/1317/1317 1318/1318/1318
f 1256/1256/1256 1318/1318/1318 1257/1257/1257
f 1257/1257/1257 1318/1318/1318 1319/1319/1319
f 1257/1257/1257 1319/1319/1319 1258/1258/1258
f 1258/1258/1258 1319/1319/1319 1320/1320/1320
f 1258/1258/1258 1320/1320/1320 1259/1259/1259
f 1259/1259/1259 1320/1320/1320 1321/1321/1321
f 1259/1259/1259 1321/1321/1321 1260/1260/1260
f 1260/1260/1260 1321/1321/1321 1322/1322/1322
f 1260/1260/1260 1322/1322/1322 1261/1261/1261
f 1261/1261/1261 1322/1322/1322 1323/1323/1323
f 1261/1261/1261 1323/1323/1323 1262/1262/1262
f 1262/1262/1262 1323/1323/1323 1324/1324/1324
f 1262/1262/1262 1324/1324/1324 1263/1263/1263
f 1263/1263/1263 1324/1324/1324 1325/1325/1325
f 1263/1263/1263 1325/1325/1325 1264/1264/1264
f 1264/1264/1264 1325/1325/1325 1326/1326/1326
f 1264/1264/1264 1326/1326/1326 1265/1265/1265
f 1265/1265/1265 1326/1326/1326 1327/1327/1327
f 1265/1265/1265 1327/1327/1327 1266/1266/1266
f 1266/1266/1266 1327/1327/1327 1328/1328/1328
f 1266/1266/1266 1328/1328/1328 1267/1267/1267
f 1267/1267/1267 1328/1328/1328 1329/1329/1329
f 1267/1267/1267 1329/1329/1329 1268/1268/1268
f 1268/1268/1268 1329/1329/1329 1330/1330/1330
f 1268/1268/1268 1330/1330/1330 1269/1269/1269
f 1269/1269/1269 1330/1330/1330 1331/1331/1331
f 1269/1269/1269 1331/1331/1331 1270/1270/1270
f 1270/1270/1270 1331/1331/1331 1332/1332/1332
f 1270/1270/1270 1332/1332/1332 1271/1271/1271
f 1271/1271/1271 1332/1332/1332 1333/1333/1333
f 1271/1271/1271 1333/1333/1333 1272/1272/1272
f 1272/1272/1272 1333/1333/1333 1334/1334/1334
f 1272/1272/1272 1334/1334/1334 1273/1273/1273
f 1273/1273/1273 1334/1334/1334 1335/1335/1335
f 1273/1273/1273 1335/1335/1335 1274/1274/1274
f 1274/1274/1274 1335/1335/1335 1336/1336/1336
f 1274/1274/1274 1336/1336/1336 1275/1275/1275
f 1275/1275/1275 1336/1336/1336 1337/1337/1337
f 1275/1275/1275 1337/1337/1337 1276/1276/1276
f 1276/1276/1276 1337/1337/1337 1338/1338/1338
f 1276/1276/1276 1338/1338/1338 1277/1277/1277
f 1277/1277/1277 1338/1338/1338 1339/1339/1339
f 1277/1277/1277 1339/1339/1339 1278/1278/1278
f 1278/1278/1278 1339/1339/1339 1340/1340/1340
f 1278/1278/1278 1340/1340/1340 1279/1279/1279
f 1279/1279/1279 1340/1340/1340 1341/1341/1341
f 1279/1279/1279 1341/1341/1341 1280/1280/1280
f 1280/1280/1280 1341/1341/1341 1342/1342/1342
f 1280/1280/1280 1342/1342/1342 1281/1281/1281
f 1282/1282/1282 1343/1343/1343 1344/1344/1344
f 1282/1282/1282 1344/1344/1344 1283/1283/1283
f 1283/1283/1283 1344/1344/1344 1345/1345/1345
f 1283/1283/1283 1345/1345/1345 1284/1284/1284
f 1284/1284/1284 1345/1345/1345 1346/1346/1346
f 1284/1284/1284 1346/1346/1346 1285/1285/1285
f 1285/1285/1285 1346/1346/1346 1347/1347/1347
f 1285/1285/1285 1347/1347/1347 1286/1286/1286
f 1286/1286/1286 1347/1347/1347 1348/1348/1348
f 1286/1286/1286 1348/1348/1348 1287/1287/1287
f 1287/1287/1287 1348/1348/1348 1349/1349/1349
f 1287/1287/1287 1349/1349/1349 1288/1288/1288
f 1288/1288/1288 1349/1349/1349 1350/1350/1350
f 1288/1288/1288 1350/1350/1350 1289/1289/1289
f 1289/1289/1289 1350/1350/1350 1351/1351/1351
f 1289/1289/1289 1351/1351/1351 1290/1290/1290
f 1290/1290/1290 1351/1351/1351 1352/1352/1352
f 1290/1290/1290 1352/1352/1352 1291/1291/1291
f 1291/1291/1291 1352/1352/1352 1353/1353/1353
f 1291/1291/1291 1353/1353/1353 1292/1292/1292
f 1292/1292/1292 1353/1353/1353 1354/1354/1354
f 1292/1292/1292 1354/1354/1354 1293/1293/1293
f 1293/1293/1293 1354/1354/1354 1355/1355/1355
f 1293/1293/1293 1355/1355/1355 1294/1294/1294
f 1294/1294/1294 1355/1355/1355 1356/1356/1356
f 1294/1294/1294 1356/1356/1356 1295/1295/1295
f 1295/1295/1295 1356/1356/1356 1357/1357/1357
f 1295/1295/1295 1357/1357/1357 1296/1296/1296
f 1296/1296/1296 1357/1357/1357 1358/1358/1358
f 1296/1296/1296 1358/1358/1358 1297/1297/1297
f 1297/1297/1297 1358/1358/1358 1359/1359/1359
f 1297/1297/1297 1359/1359/1359 1298/1298/1298
f 1298/1298/1298 1359/1359/1359 1360/1360/1360
f 1298/1298/1298 1360/1360/1360 1299/1299/1299
f 1299/1299/1299 1360/1360/1360 1361/1361/1361
f 1299/1299/1299 1361/1361/1361 1300/1300/1300
f 1300/1300/1300 1361/1361/1361 1362/1362/1362
f 1300/1300/1300 1362/1362/1362 1301/1301/1301
f 1301/1301/1301 1362/1362/1362 1363/1363/1363
f 1301/1301/1301 1363/1363/1363 1302/1302/1302
f 1302/1302/1302 1363/1363/1363 1364/1364/1364
f 1302/1302/1302 1364/1364/1364 1303/1303/1303
f 1303/1303/1303 1364/1364/1364 1365/1365/1365
f 1303/1303/1303 1365/1365/1365 1304/1304/1304
f 1304/1304/1304 1365/1365/1365 1366/1366/1366
f 1304/1304/1304 1366/1366/1366 1305/1305/1305
f 1305/1305/1305 1366/1366/1366 1367/1367/1367
f 1305/1305/1305 1367/1367/1367 1306/1306/1306
f 1306/1306/1306 1367/1367/1367 1368/1368/1368
f 1306/1306/1306 1368/1368/1368 1307/1307/1307
f 1307/1307/1307 1368/1368/1368 1369/1369/1369
f 1307/1307/1307 1369/1369/1369 1308/1308/1308
f 1308/1308/1308 1369/1369/1369 1370/1370/1370
f 1308/1308/1308 1370/1370/1370 1309/1309/1309
f 1309/1309/1309 1370/1370/1370 1371/1371/1371
f 1309/1309/1309 1371/1371/1371 1310/1310/1310
f 1310/1310/1310 1371/1371/1371 1372/1372/1372
f 1310/1310/1310 1372/1372/1372 1311/1311/1311
f 1311/1311/1311 1372/1372/1372 1373/1373/1373
f 1311/1311/1311 1373/1373/1373 1312/1312/1312
f 1312/1312/1312 1373/1373/1373 1374/1374/1374
f 1312/1312/1312 1374/1374/1374 1313/1313/1313
f 1313/1313/1313 1374/1374/1374 1375/1375/1375
f 1313/1313/1313 1375/1375/1375 1314/1314/1314
f 1314/1314/1314 1375/1375/1375 1376/1376/1376
f 1314/1314/1314 1376/1376/1376 1315/1315/1315
f 1315/1315/1315 1376/1376/1376 1377/1377/1377
f 1315/1315/1315 1377/1377/1377 1316/1316/1316
f 1316/1316/1316 1377/1377/1377 1378/1378/1378
f 1316/1316/1316 1378/1378/1378 1317/1317/1317
f 1317/1317/1317 1378/1378/1378 1379/1379/1379
f 1317/1317/1317 1379/1379/1379 1318/1318/1318
f 1318/1318/1318 1379/1379/1379 1380/1380/1380
f 1318/1318/1318 1380/1380/1380 1319/1319/1319
f 1319/1319/1319 1380/1380/1380 1381/1381/1381
f 1319/1319/1319 1381/1381/1381 1320/1320/1320
f 1320/1320/1320 1381/1381/1381 1382/1382/1382
f 1320/1320/1320 1382/1382/1382 1321/1321/1321
f 1321/1321/1321 1382/1382/1382 1383/1383/1383
f 1321/1321/1321 1383/1383/1383 1322/1322/1322
f 1322/1322/1322 1383/1383/1383 1384/1384/1384
f 1322/1322/1322 1384/1384/1384 1323/1323/1323
f 1323/1323/1323 1384/1384/1384 1385/1385/1385
f 1323/1323/1323 1385/1385/1385 1324/1324/1324
f 1324/1324/1324 1385/1385/1385 1386/1386/1386
f 1324/1324/1324 1386/1386/1386 1325/1325/1325
f 1325/1325/1325 1386/1386/1386 1387/1387/1387
f 1325/1325/1325 1387/1387/1387 1326/1326/1326
f 1326/1326/1326 1387/1387/1387 1388/1388/1388
f 1326/1326/1326 1388/1388/1388 1327/1327/1327
f 1327/1327/1327 1388/1388/1388 1389/1389/1389
f 1327/1327/1327 1389/1389/1389 1328/1328/1328
f 1328/1328/1328 1389/1389/1389 1390/1390/1390
f 1328/1328/1328 1390/1390/1390 1329/1329/1329
f 1329/1329/1329 1390/1390/1390 1391/1391/1391
f 1329/1329/1329 1391/1391/1391 1330/1330/1330
f 1330/1330/1330 1391/1391/1391 1392/1392/1392
f 1330/1330/1330 1392/1392/1392 1331/1331/1331
f 1331/1331/1331 1392/1392/1392 1393/1393/1393
f 1331/1331/1331 1393/1393/1393 1332/1332/1332
f 1332/1332/1332 1393/1393/1393 1394/1394/1394
f 1332/1332/1332 1394/1394/1394 1333/1333/1333
f 1333/1333/1333 1394/1394/1394 1395/1395/1395
f 1333/1333/1333 1395/1395/1395 1334/1334/1334
f 1334/1334/1334 1395/1395/1395 1396/1396/1396
f 1334/1334/1334 1396/1396/1396 1335/1335/1335
f 1335/1335/1335 1396/1396/1396 1397/1397/1397
f 1335/1335/1335 1397/1397/1397 1336/1336/1336
f 1336/1336/1336 1397/1397/1397 1398/1398/1398
f 1336/1336/1336 1398/1398/1398 1337/1337/1337
f 1337/1337/1337 1398/1398/1398 1399/1399/1399
f 1337/1337/1337 1399/1399/1399 1338/1338/1338
f 1338/1338/1338 1399/1399/1399 1400/1400/1400
f 1338/1338/1338 1400/1400/1400 1339/1339/1339
f 1339/1339/1339 1400/1400/1400 1401/1401/1401
f 1339/1339/1339 1401/1401/1401 1340/1340/1340
f 1340/1340/1340 1401/1401/1401 1402/1402/1402
f 1340/1340/1340 1402/1402/1402 1341/1341/1341
f 1341/1341/1341 1402/1402/1402 1403/1403/1403
f 1341/1341/1341 1403/1403/1403 1342/1342/1342
f 1343/1343/1343 1404/1404/1404 1405/1405/1405
f 1343/1343/1343 1405/1405/1405 1344/1344/1344
f 1344/1344/1344 1405/1405/1405 1406/1406/1406
f 1344/1344/1344 1406/1406/1406 1345/1345/1345
f 1345/1345/1345 1406/1406/1406 1407/1407/1407
f 1345/1345/1345 1407/1407/1407 1346/1346/1346
f 1346/1346/1346 1407/1407/1407 1408/1408/1408
f 1346/1346/1346 1408/1408/1408 1347/1347/1347
f 1347/1347/1347 1408/1408/1408 1409/1409/1409
f 1347/1347/1347 1409/1409/1409 1348/1348/1348
f 1348/1348/1348 1409/1409/1409 1410/1410/1410
f 1348/1348/1348 1410/1410/1410 1349/1349/1349
f 1349/1349/1349 1410/1410/1410 1411/1411/1411
f 1349/1349/1349 1411/1411/1411 1350/1350/1350
f 1350/1350/1350 1411/1411/1411 1412/1412/1412
f 1350/1350/1350 1412/1412/1412 1351/1351/1351
f 1351/1351/1351 1412/1412/1412 1413/1413/1413
f 1351/1351/1351 1413/1413/1413 1352/1352/1352
f 1352/1352/1352 1413/1413/1413 1414/1414/1414
f 1352/1352/1352 1414/1414/1414 1353/1353/1353
f 1353/1353/1353 1414/1414/1414 1415/1415/1415
f 1353/1353/1353 1415/1415/1415 1354/1354/1354
f 1354/1354/1354 1415/1415/1415 1416/1416/1416
f 1354/1354/1354 1416/1416/1416 1355/1355/1355
f 1355/1355/1355 1416/1416/1416 1417/1417/1417
f 1355/1355/1355 1417/1417/1417 1356/1356/1356
f 1356/1356/1356 1417/1417/1417 1418/1418/1418
f 1356/1356/1356 1418/1418/1418 1357/1357/1357
f 1357/1357/1357 1418/1418/1418 1419/1419/1419
f 1357/1357/1357 1419/1419/1419 1358/1358/1358
f 1358/1358/1358 1419/1419/1419 1420/1420/1420
f 1358/1358/1358 1420/1420/1420 1359/1359/1359
f 1359/1359/1359 1420/1420/1420 1421/1421/1421
f 1359/1359/1359 1421/1421/1421 1360/1360/1360
f 1360/1360/1360 1421/1421/1421 1422/1422/1422
f 1360/1360/1360 1422/1422/1422 1361/1361/1361
f 1361/1361/1361 1422/1422/1422 1423/1423/1423
f 1361/1361/1361 1423/1423/1423 1362/1362/1362
f 1362/1362/1362 1423/1423/1423 1424/1424/1424
f 1362/1362/1362 1424/1424/1424 1363/1363/1363
f 1363/1363/1363 1424/1424/1424 1425/1425/1425
f 1363/1363/1363 1425/1425/1425 1364/1364/1364
f 1364/1364/1364 1425/1425/1425 1426/1426/1426
f 1364/1364/1364 1426/1426/1426 1365/1365/1365
f 1365/1365/1365 1426/1426/1426 1427/1427/1427
f 1365/1365/1365 1427/1427/1427 1366/1366/1366
f 1366/1366/1366 1427/1427/1427 1428/1428/1428
f 1366/1366/1366 1428/1428/1428 1367/1367/1367
f 1367/1367/1367 1428/1428/1428 1429/1429/1429
f 1367/1367/1367 1429/1429/1429 1368/1368/1368
f 1368/1368/1368 1429/1429/1429 1430/1430/1430
f 1368/1368/1368 1430/1430/1430 1369/1369/1369
f 1369/1369/1369 1430/1430/1430 1431/1431/1431
f 1369/1369/1369 1431/1431/1431 1370/1370/1370
f 1370/1370/1370 1431/1431/1431 1432/1432/1432
f 1370/1370/1370 1432/1432/1432 1371/1371/1371
f 1371/1371/1371 1432/1432/1432 1433/1433/1433
f 1371/1371/1371 1433/1433/1433 1372/1372/1372
f 1372/1372/1372 1433/1433/1433 1434/1434/1434
f 1372/1372/1372 1434/1434/1434 1373/1373/1373
f 1373/1373/1373 1434/1434/1434 1435/1435/1435
f 1373/1373/1373 1435/1435/1435 1374/1374/1374
f 1374/1374/1374 1435/1435/1435 1436/1436/1436
f 1374/1374/1374 1436/1436/1436 1375/1375/1375
f 1375/1375/1375 1436/1436/1436 1437/1437/1437
f 1375/1375/1375 1437/1437/1437 1376/1376/1376
f 1376/1376/1376 1437/1437/1437 1438/1438/1438
f 1376/1376/1376 1438/1438/1438 1377/1377/1377
f 1377/1377/1377 1438/1438/1438 1439/1439/1439
f 1377/1377/1377 1439/1439/1439 1378/1378/1378
f 1378/1378/1378 1439/1439/1439 1440/1440/1440
f 1378/1378/1378 1440/1440/1440 1379/1379/1379
f 1379/1379/1379 1440/1440/1440 1441/1441/1441
f 1379/1379/1379 1441/1441/1441 1380/1380/1380
f 1380/1380/1380 1441/1441/1441 1442/1442/1442
f 1380/1380/1380 1442/1442/1442 1381/1381/1381
f 1381/1381/1381 1442/1442/1442 1443/1443/1443
f 1381/1381/1381 1443/1443/1443 1382/1382/1382
f 1382/1382/1382 1443/1443/1443 1444/1444/1444
f 1382/1382/1382 1444/1444/1444 1383/1383/1383
f 1383/1383/1383 1444/1444/1444 1445/1445/1445
f 1383/1383/1383 1445/1445/1445 1384/1384/1384
f 1384/1384/1384 1445/1445/1445 1446/1446/1446
f 1384/1384/1384 1446/1446/1446 1385/1385/1385
f 1385/1385/1385 1446/1446/1446 1447/1447/1447
f 1385/1385/1385 1447/1447/1447 1386/1386/1386
f 1386/1386/1386 1447/1447/1447 1448/1448/1448
f 1386/1386/1386 1448/1448/1448 1387/1387/1387
f 1387/1387/1387 1448/1448/1448 1449/1449/1449
f 1387/1387/1387 1449/1449/1449 1388/1388/1388
f 1388/1388/1388 1449/1449/1449 1450/1450/1450
f 1388/1388/1388 1450/1450/1450 1389/1389/1389
f 1389/1389/1389 1450/1450/1450 1451/1451/1451
f 1389/1389/1389 1451/1451/1451 1390/1390/1390
f 1390/1390/1390 1451/1451/1451 1452/1452/1452
f 1390/1390/1390 1452/1452/1452 1391/1391/1391
f 1391/1391/1391 1452/1452/1452 1453/1453/1453
f 1391/1391/1391 1453/1453/1453 1392/1392/1392
f 1392/1392/1392 1453/1453/1453 1454/1454/1454
f 1392/1392/1392 1454/1454/1454 1393/1393/1393
f 1393/1393/1393 1454/1454/1454 1455/1455/1455
f 1393/1393/1393 1455/1455/1455 1394/1394/1394
f 1394/1394/1394 1455/1455/1455 1456/1456/1456
f 1394/1394/1394 1456/1456/1456 1395/1395/1395
f 1395/1395/1395 1456/1456/1456 1457/1457/1457
f 1395/1395/1395 1457/1457/1457 1396/1396/1396
f 1396/1396/1396 1457/1457/1457 1458/1458/1458
f 1396/1396/1396 1458/1458/1458 1397/1397/1397
f 1397/1397/1397 1458/1458/1458 1459/1459/1459
f 1397/1397/1397 1459/1459/1459 1398/1398/1398
f 1398/1398/1398 1459/1459/1459 1460/1460/1460
f 1398/1398/1398 1460/1460/1460 1399/1399/1399
f 1399/1399/1399 1460/1460/1460 1461/1461/1461
f 1399/1399/1399 1461/1461/1461 1400/1400/1400
f 1400/1400/1400 1461/1461/1461 1462/1462/1462
f 1400/1400/1400 1462/1462/1462 1401/1401/1401
f 1401/1401/1401 1462/1462/1462 1463/1463/1463
f 1401/1401/1401 1463/1463/1463 1402/1402/1402
f 1402/1402/1402 1463/1463/1463 1464/1464/1464
f 1402/1402/1402 1464/1464/1464 1403/1403/1403
f 1404/1404/1404 1465/1465/1465 1466/1466/1466
f 1404/1404/1404 1466/1466/1466 1405/1405/1405
f 1405/1405/1405 1466/1466/1466 1467/1467/1467
f 1405/1405/1405 1467/1467/1467 1406/1406/1406
f 1406/1406/1406 1467/1467/1467 1468/1468/1468
f 1406/1406/1406 1468/1468/1468 1407/1407/1407
f 1407/1407/1407 1468/1468/1468 1469/1469/1469
f 1407/1407/1407 1469/1469/1469 1408/1408/1408
f 1408/1408/1408 1469/1469/1469 1470/1470/1470
f 1408/1408/1408 1470/1470/1470 1409/1409/1409
f 1409/1409/1409 1470/1470/1470 1471/1471/1471
f 1409/1409/1409 1471/1471/1471 1410/1410/1410
f 1410/1410/1410 1471/1471/1471 1472/1472/1472
f 1410/1410/1410 1472/1472/1472 1411/1411/1411
f 1411/1411/1411 1472/1472/1472 1473/1473/1473
f 1411/1411/1411 1473/1473/1473 1412/1412/1412
f 1412/1412/1412 1473/1473/1473 1474/1474/1474
f 1412/1412/1412 1474/1474/1474 1413/1413/1413
f 1413/1413/1413 1474/1474/1474 1475/1475/1475
f 1413/1413/1413 1475/1475/1475 1414/1414/1414
f 1414/1414/1414 1475/1475/1475 1476/1476/1476
f 1414/1414/1414 1476/1476/1476 1415/1415/1415
f 1415/1415/1415 1476/1476/1476 1477/1477/1477
f 1415/1415/1415 1477/1477/1477 1416/1416/1416
f 1416/1416/1416 1477/1477/1477 1478/1478/1478
f 1416/1416/1416 1478/1478/1478 1417/1417/1417
f 1417/1417/1417 1478/1478/1478 1479/1479/1479
f 1417/1417/1417 1479/1479/1479 1418/1418/1418
f 1418/1418/1418 1479/1479/1479 1480/1480/1480
f 1418/1418/1418 1480/1480/1480 1419/1419/1419
f 1419/1419/1419 1480/1480/1480 1481/1481/1481
f 1419/1419/1419 1481/1481/1481 1420/1420/1420
f 1420/1420/1420 1481/1481/1481 1482/1482/1482
f 1420/1420/1420 1482/1482/1482 1421/1421/1421
f 1421/1421/1421 1482/1482/1482 1483/1483/1483
f 1421/1421/1421 1483/1483/1483 1422/1422/1422
f 1422/1422/1422 1483/1483/1483 1484/1484/1484
f 1422/1422/1422 1484/1484/1484 1423/1423/1423
f 1423/1423/1423 1484/1484/1484 1485/1485/1485
f 1423/1423/1423 1485/1485/1485 1424/1424/1424
f 1424/1424/1424 1485/1485/1485 1486/1486/1486
f 1424/1424/1424 1486/1486/1486 1425/1425/1425
f 1425/1425/1425 1486/1486/1486 1487/1487/1487
f 1425/1425/1425 1487/1487/1487 1426/1426/1426
f 1426/1426/1426 1487/1487/1487 1488/1488/1488
f 1426/1426/1426 1488/1488/1488 1427/1427/1427
f 1427/1427/1427 1488/1488/1488 1489/1489/1489
f 1427/1427/1427 1489/1489/1489 1428/1428/1428
f 1428/1428/1428 1489/1489/1489 1490/1490/1490
f 1428/1428/1428 1490/1490/1490 1429/1429/1429
f 1429/1429/1429 1490/1490/1490 1491/1491/1491
f 1429/1429/1429 1491/1491/1491 1430/1430/1430
f 1430/1430/1430 1491/1491/1491 1492/1492/1492
f 1430/1430/1430 1492/1492/1492 1431/1431/1431
f 1431/1431/1431 1492/1492/1492 1493/1493/1493
f 1431/1431/1431 1493/1493/1493 1432/1432/1432
f 1432/1432/1432 1493/1493/1493 1494/1494/1494
f 1432/1432/1432 1494/1494/1494 1433/1433/1433
f 1433/1433/1433 1494/1494/1494 1495/1495/1495
f 1433/1433/1433 1495/1495/1495 1434/1434/1434
f 1434/1434/1434 1495/1495/1495 1496/1496/1496
f 1434/1434/1434 1496/1496/1496 1435/1435/1435
f 1435/1435/1435 1496/1496/1496 1497/1497/1497
f 1435/1435/1435 1497/1497/1497 1436/1436/1436
f 1436/1436/1436 1497/1497/1497 1498/1498/1498
f 1436/1436/1436 1498/1498/1498 1437/1437/1437
f 1437/1437/1437 1498/1498/1498 1499/1499/1499
f 1437/1437/1437 1499/1499/1499 1438/1438/1438
f 1438/1438/1438 1499/1499/1499 1500/1500/1500
f 1438/1438/1438 1500/1500/1500 1439/1439/1439
f 1439/1439/1439 1500/1500/1500 1501/1501/1501
f 1439/1439/1439 1501/1501/1501 1440/1440/1440
f 1440/1440/1440 1501/1501/1501 1502/1502/1502
f 1440/1440/1440 1502/1502/1502 1441/1441/1441
f 1441/1441/1441 1502/1502/1502 1503/1503/1503
f 1441/1441/1441 1503/1503/1503 1442/1442/1442
f 1442/1442/1442 1503/1503/1503 1504/1504/1504
f 1442/1442/1442 1504/1504/1504 1443/1443/1443
f 1443/1443/1443 1504/1504/1504 1505/1505/1505
f 1443/1443/1443 1505/1505/1505 1444/1444/1444
f 1444/1444/1444 1505/1505/1505 1506/1506/1506
f 1444/1444/1444 1506/1506/1506 1445/1445/1445
f 1445/1445/1445 1506/1506/1506 1507/1507/1507
f 1445/1445/1445 1507/1507/1507 1446/1446/1446
f 1446/1446/1446 1507/1507/1507 1508/1508/1508
f 1446/1446/1446 1508/1508/1508 1447/1447/1447
f 1447/1447/1447 1508/1508/1508 1509/1509/1509
f 1447/1447/1447 1509/1509/1509 1448/1448/1448
f 1448/1448/1448 1509/1509/1509 1510/1510/1510
f 1448/1448/1448 1510/1510/1510 1449/1449/1449
f 1449/1449/1449 1510/1510/1510 1511/1511/1511
f 1449/1449/1449 1511/1511/1511 1450/1450/1450
f 1450/1450/1450 1511/1511/1511 1512/1512/1512
f 1450/1450/1450 1512/1512/1512 1451/1451/1451
f 1451/1451/1451 1512/1512/1512 1513/1513/1513
f 1451/1451/1451 1513/1513/1513 1452/1452/1452
f 1452/1452/1452 1513/1513/1513 1514/1514/1514
f 1452/1452/1452 1514/1514/1514 1453/1453/1453
f 1453/1453/1453 1514/1514/1514 1515/1515/1515
f 1453/1453/1453 1515/1515/1515 1454/1454/1454
f 1454/1454/1454 1515/1515/1515 1516/1516/1516
f 1454/1454/1454 1516/1516/1516 1455/1455/1455
f 1455/1455/1455 1516/1516/1516 1517/1517/1517
f 1455/1455/1455 1517/1517/1517 1456/1456/1456
f 1456/1456/1456 1517/1517/1517 1518/1518/1518
f 1456/1456/1456 1518/1518/1518 1457/1457/1457
f 1457/1457/1457 1518/1518/1518 1519/1519/1519
f 1457/1457/1457 1519/1519/1519 1458/1458/1458
f 1458/1458/1458 1519/1519/1519 1520/1520/1520
f 1458/1458/1458 1520/1520/1520 1459/1459/1459
f 1459/1459/1459 1520/1520/1520 1521/1521/1521
f 1459/1459/1459 1521/1521/1521 1460/1460/1460
f 1460/1460/1460 1521/1521/1521 1522/1522/1522
f 1460/1460/1460 1522/1522/1522 1461/1461/1461
f 1461/1461/1461 1522/1522/1522 1523/1523/1523
f 1461/1461/1461 1523/1523/1523 1462/1462/1462
f 1462/1462/1462 1523/1523/1523 1524/1524/1524
f 1462/1462/1462 1524/1524/1524 1463/1463/1463
f 1463/1463/1463 1524/1524/1524 1525/1525/1525
f 1463/1463/1463 1525/1525/1525 1464/1464/1464
f 1465/1465/1465 1526/1526/1526 1527/1527/1527
f 1465/1465/1465 1527/1527/1527 1466/1466/1466
f 1466/1466/1466 1527/1527/1527 1528/1528/1528
f 1466/1466/1466 1528/1528/1528 1467/1467/1467
f 1467/1467/1467 1528/1528/1528 1529/1529/1529
f 1467/1467/1467 1529/1529/1529 1468/1468/1468
f 1468/1468/1468 1529/1529/1529 1530/1530/1530
f 1468/1468/1468 1530/1530/1530 1469/1469/1469
f 1469/1469/1469 1530/1530/1530 1531/1531/1531
f 1469/1469/1469 1531/1531/1531 1470/1470/1470
f 1470/1470/1470 1531/1531/1531 1532/1532/1532
f 1470/1470/1470 1532/1532/1532 1471/1471/1471
f 1471/1471/1471 1532/1532/1532 1533/1533/1533
f 1471/1471/1471 1533/1533/1533 1472/1472/1472
f 1472/1472/1472 1533/1533/1533 1534/1534/1534
f 1472/1472/1472 1534/1534/1534 1473/1473/1473
f 1473/1473/1473 1534/1534/1534 1535/1535/1535
f 1473/1473/1473 1535/1535/1535 1474/1474/1474
f 1474/1474/1474 1535/1535/1535 1536/1536/1536
f 1474/1474/1474 1536/1536/1536 1475/1475/1475
f 1475/1475/1475 1536/1536/1536 1537/1537/1537
f 1475/1475/1475 1537/1537/1537 1476/1476/1476
f 1476/1476/1476 1537/1537/1537 1538/1538/1538
f 1476/1476/1476 1538/1538/1538 1477/1477/1477
f 1477/1477/1477 1538/1538/1538 1539/1539/1539
f 1477/1477/1477 1539/1539/1539 1478/1478/1478
f 1478/1478/1478 1539/1539/1539 1540/1540/1540
f 1478/1478/1478 1540/1540/1540 1479/1479/1479
f 1479/1479/1479 1540/1540/1540 1541/1541/1541
f 1479/1479/1479 1541/1541/1541 1480/1480/1480
f 1480/1480/1480 1541/1541/1541 1542/1542/1542
f 1480/1480/1480 1542/1542/1542 1481/1481/1481
f 1481/1481/1481 1542/1542/1542 1543/1543/1543
f 1481/1481/1481 1543/1543/1543 1482/1482/1482
f 1482/1482/1482 1543/1543/1543 1544/1544/1544
f 1482/1482/1482 1544/1544/1544 1483/1483/1483
f 1483/1483/1483 1544/1544/1544 1545/1545/1545
f 1483/1483/1483 1545/1545/1545 1484/1484/1484
f 1484/1484/1484 1545/1545/1545 1546/1546/1546
f 1484/1484/1484 1546/1546/1546 1485/1485/1485
f 1485/1485/1485 1546/1546/1546 1547/1547/1547
f 1485/1485/1485 1547/1547/1547 1486/1486/1486
f 1486/1486/1486 1547/1547/1547 1548/1548/1548
f 1486/1486/1486 1548/1548/1548 1487/1487/1487
f 1487/1487/1487 1548/1548/1548 1549/1549/1549
f 1487/1487/1487 1549/1549/1549 1488/1488/1488
f 1488/1488/1488 1549/1549/1549 1550/1550/1550
f 1488/1488/1488 1550/1550/1550 1489/1489/1489
f 1489/1489/1489 1550/1550/1550 1551/1551/1551
f 1489/1489/1489 1551/1551/1551 1490/1490/1490
f 1490/1490/1490 1551/1551/1551 1552/1552/1552
f 1490/1490/1490 1552/1552/1552 1491/1491/1491
f 1491/1491/1491 1552/1552/1552 1553/1553/1553
f 1491/1491/1491 1553/1553/1553 1492/1492/1492
f 1492/1492/1492 1553/1553/1553 1554/1554/1554
f 1492/1492/1492 1554/1554/1554 1493/1493/1493
f 1493/1493/1493 1554/1554/1554 1555/1555/1555
f 1493/1493/1493 1555/1555/1555 1494/1494/1494
f 1494/1494/1494 1555/1555/1555 1556/1556/1556
f 1494/1494/1494 1556/1556/1556 1495/1495/1495
f 1495/1495/1495 1556/1556/1556 1557/1557/1557
f 1495/1495/1495 1557/1557/1557 1496/1496/1496
f 1496/1496/1496 1557/1557/1557 1558/1558/1558
f 1496/1496/1496 1558/1558/1558 1497/1497/1497
f 1497/1497/1497 1558/1558/1558 1559/1559/1559
f 1497/1497/1497 1559/1559/1559 1498/1498/1498
f 1498/1498/1498 1559/1559/1559 1560/1560/1560
f 1498/1498/1498 1560/1560/1560 1499/1499/1499
f 1499/1499/1499 1560/1560/1560 1561/1561/1561
f 1499/1499/1499 1561/1561/1561 1500/1500/1500
f 1500/1500/1500 1561/1561/1561 1562/1562/1562
f 1500/1500/1500 1562/1562/1562 1501/1501/1501
f 1501/1501/1501 1562/1562/1562 1563/1563/1563
f 1501/1501/1501 1563/1563/1563 1502/1502/1502
f 1502/1502/1502 1563/1563/1563 1564/1564/1564
f 1502/1502/1502 1564/1564/1564 1503/1503/1503
f 1503/1503/1503 1564/1564/1564 1565/1565/1565
f 1503/1503/1503 1565/1565/1565 1504/1504/1504
f 1504/1504/1504 1565/1565/1565 1566/1566/1566
f 1504/1504/1504 1566/1566/1566 1505/1505/1505
f 1505/1505/1505 1566/1566/1566 1567/1567/1567
f 1505/1505/1505 1567/1567/1567 1506/1506/1506
f 1506/1506/1506 1567/1567/1567 1568/1568/1568
f 1506/1506/1506 1568/1568/1568 1507/1507/1507
f 1507/1507/1507 1568/1568/1568 1569/1569/1569
f 1507/1507/1507 1569/1569/1569 1508/1508/1508
f 1508/1508/1508 1569/1569/1569 1570/1570/1570
f 1508/1508/1508 1570/1570/1570 1509/1509/1509
f 1509/1509/1509 1570/1570/1570 1571/1571/1571
f 1509/1509/1509 1571/1571/1571 1510/1510/1510
f 1510/1510/1510 1571/1571/1571 1572/1572/1572
f 1510/1510/1510 1572/1572/1572 1511/1511/1511
f 1511/1511/1511 1572/1572/1572 1573/1573/1573
f 1511/1511/1511 1573/1573/1573 1512/1512/1512
f 1512/1512/1512 1573/1573/1573 1574/1574/1574
f 1512/1512/1512 1574/1574/1574 1513/1513/1513
f 1513/1513/1513 1574/1574/1574 1575/1575/1575
f 1513/1513/1513 1575/1575/1575 1514/1514/1514
f 1514/1514/1514 1575/1575/1575 1576/1576/1576
f 1514/1514/1514 1576/1576/1576 1515/1515/1515
f 1515/1515/1515 1576/1576/1576 1577/1577/1577
f 1515/1515/1515 1577/1577/1577 1516/1516/1516
f 1516/1516/1516 1577/1577/1577 1578/1578/1578
f 1516/1516/1516 1578/1578/1578 1517/1517/1517
f 1517/1517/1517 1578/1578/1578 1579/1579/1579
f 1517/1517/1517 1579/1579/1579 1518/1518/1518
f 1518/1518/1518 1579/1579/1579 1580/1580/1580
f 1518/1518/1518 1580/1580/1580 1519/1519/1519
f 1519/1519/1519 1580/1580/1580 1581/1581/1581
f 1519/1519/1519 1581/1581/1581 1520/1520/1520
f 1520/1520/1520 1581/1581/1581 1582/1582/1582
f 1520/1520/1520 1582/1582/1582 1521/1521/1521
f 1521/1521/1521 1582/1582/1582 1583/1583/1583
f 1521/1521/1521 1583/1583/1583 1522/1522/1522
f 1522/1522/1522 1583/1583/1583 1584/1584/1584
f 1522/1522/1522 1584/1584/1584 1523/1523/1523
f 1523/1523/1523 1584/1584/1584 1585/1585/1585
f 1523/1523/1523 1585/1585/1585 1524/1524/1524
f 1524/1524/1524 1585/1585/1585 1586/1586/1586
f 1524/1524/1524 1586/1586/1586 1525/1525/1525
f 1526/1526/1526 1587/1587/1587 1588/1588/1588
f 1526/1526/1526 1588/1588/1588 1527/1527/1527
f 1527/1527/1527 1588/1588/1588 1589/1589/1589
f 1527/1527/1527 1589/1589/1589 1528/1528/1528
f 1528/1528/1528 1589/1589/1589 1590/1590/1590
f 1528/1528/1528 1590/1590/1590 1529/1529/1529
f 1529/1529/1529 1590/1590/1590 1591/1591/1591
f 1529/1529/1529 1591/1591/1591 1530/1530/1530
f 1530/1530/1530 1591/1591/1591 1592/1592/1592
f 1530/1530/1530 1592/1592/1592 1531/1531/1531
f 1531/1531/1531 1592/1592/1592 1593/1593/1593
f 1531/1531/1531 1593/1593/1593 1532/1532/1532
f 1532/1532/1532 1593/1593/1593 1594/1594/1594
f 1532/1532/1532 1594/1594/1594 1533/1533/1533
f 1533/1533/1533 1594/1594/1594 1595/1595/1595
f 1533/1533/1533 1595/1595/1595 1534/1534/1534
f 1534/1534/1534 1595/1595/1595 1596/1596/1596
f 1534/1534/1534 1596/1596/1596 1535/1535/1535
f 1535/1535/1535 1596/1596/1596 1597/1597/1597
f 1535/1535/1535 1597/1597/1597 1536/1536/1536
f 1536/1536/1536 1597/1597/1597 1598/1598/1598
f 1536/1536/1536 1598/1598/1598 1537/1537/1537
f 1537/1537/1537 1598/1598/1598 1599/1599/1599
f 1537/1537/1537 1599/1599/1599 1538/1538/1538
f 1538/1538/1538 1599/1599/1599 1600/1600/1600
f 1538/1538/1538 1600/1600/1600 1539/1539/1539
f 1539/1539/1539 1600/1600/1600 1601/1601/1601
f 1539/1539/1539 1601/1601/1601 1540/1540/1540
f 1540/1540/1540 1601/1601/1601 1602/1602/1602
f 1540/1540/1540 1602/1602/1602 1541/1541/1541
f 1541/1541/1541 1602/1602/1602 1603/1603/1603
f 1541/1541/1541 1603/1603/1603 1542/1542/1542
f 1542/1542/1542 1603/1603/1603 1604/1604/1604
f 1542/1542/1542 1604/1604/1604 1543/1543/1543
f 1543/1543/1543 1604/1604/1604 1605/1605/1605
f 1543/1543/1543 1605/1605/1605 1544/1544/1544
f 1544/1544/1544 1605/1605/1605 1606/1606/1606
f 1544/1544/1544 1606/1606/1606 1545/1545/1545
f 1545/1545/1545 1606/1606/1606 1607/1607/1607
f 1545/1545/1545 1607/1607/1607 1546/1546/1546
f 1546/1546/1546 1607/1607/1607 1608/1608/1608
f 1546/1546/1546 1608/1608/1608 1547/1547/1547
f 1547/1547/1547 1608/1608/1608 1609/1609/1609
f 1547/1547/1547 1609/1609/1609 1548/1548/1548
f 1548/1548/1548 1609/1609/1609 1610/1610/1610
f 1548/1548/1548 1610/1610/1610 1549/1549/1549
f 1549/1549/1549 1610/1610/1610 1611/1611/1611
f 1549/1549/1549 1611/1611/1611 1550/1550/1550
f 1550/1550/1550 1611/1611/1611 1612/1612/1612
f 1550/1550/1550 1612/1612/1612 1551/1551/1551
f 1551/1551/1551 1612/1612/1612 1613/1613/1613
f 1551/1551/1551 1613/1613/1613 1552/1552/1552
f 1552/1552/1552 1613/1613/1613 1614/1614/1614
f 1552/1552/1552 1614/1614/1614 1553/1553/1553
f 1553/1553/1553 1614/1614/1614 1615/1615/1615
f 1553/1553/1553 1615/1615/1615 1554/1554/1554
f 1554/1554/1554 1615/1615/1615 1616/1616/1616
f 1554/1554/1554 1616/1616/1616 1555/1555/1555
f 1555/1555/1555 1616/1616/1616 1617/1617/1617
f 1555/1555/1555 1617/1617/1617 1556/1556/1556
f 1556/1556/1556 1617/1617/1617 1618/1618/1618
f 1556/1556/1556 1618/1618/1618 1557/1557/1557
f 1557/1557/1557 1618/1618/1618 1619/1619/1619
f 1557/1557/1557 1619/1619/1619 1558/1558/1558
f 1558/1558/1558 1619/1619/1619 1620/1620/1620
f 1558/1558/1558 1620/1620/1620 1559/1559/1559
f 1559/1559/1559 1620/1620/1620 1621/1621/1621
f 1559/1559/1559 1621/1621/1621 1560/1560/1560
f 1560/1560/1560 1621/1621/1621 1622/1622/1622
f 1560/1560/1560 1622/1622/1622 1561/1561/1561
f 1561/1561/1561 1622/1622/1622 1623/1623/1623
f 1561/1561/1561 1623/1623/1623 1562/1562/1562
f 1562/1562/1562 1623/1623/1623 1624/1624/1624
f 1562/1562/1562 1624/1624/1624 1563/1563/1563
f 1563/1563/1563 1624/1624/1624 1625/1625/1625
f 1563/1563/1563 1625/1625/1625 1564/1564/1564
f 1564/1564/1564 1625/1625/1625 1626/1626/1626
f 1564/1564/1564 1626/1626/1626 1565/1565/1565
f 1565/1565/1565 1626/1626/1626 1627/1627/1627
f 1565/1565/1565 1627/1627/1627 1566/1566/1566
f 1566/1566/1566 1627/1627/1627 1628/1628/1628
f 1566/1566/1566 1628/1628/1628 1567/1567/1567
f 1567/1567/1567 1628/1628/1628 1629/1629/1629
f 1567/1567/1567 1629/1629/1629 1568/1568/1568
f 1568/1568/1568 1629/1629/1629 1630/1630/1630
f 1568/1568/1568 1630/1630/1630 1569/1569/1569
f 1569/1569/1569 1630/1630/1630 1631/1631/1631
f 1569/1569/1569 1631/1631/1631 1570/1570/1570
f 1570/1570/1570 1631/1631/1631 1632/1632/1632
f 1570/1570/1570 1632/1632/1632 1571/1571/1571
f 1571/1571/1571 1632/1632/1632 1633/1633/1633
f 1571/1571/1571 1633/1633/1633 1572/1572/1572
f 1572/1572/1572 1633/1633/1633 1634/1634/1634
f 1572/1572/1572 1634/1634/1634 1573/1573/1573
f 1573/1573/1573 1634/1634/1634 1635/1635/1635
f 1573/1573/1573 1635/1635/1635 1574/1574/1574
f 1574/1574/1574 1635/1635/1635 1636/1636/1636
f 1574/1574/1574 1636/1636/1636 1575/1575/1575
f 1575/1575/1575 1636/1636/1636 1637/1637/1637
f 1575/1575/1575 1637/1637/1637 1576/1576/1576
f 1576/1576/1576 1637/1637/1637 1638/1638/1638
f 1576/1576/1576 1638/1638/1638 1577/1577/1577
f 1577/1577/1577 1638/1638/1638 1639/1639/1639
f 1577/1577/1577 1639/1639/1639 1578/1578/1578
f 1578/1578/1578 1639/1639/1639 1640/1640/1640
f 1578/1578/1578 1640/1640/1640 1579/1579/1579
f 1579/1579/1579 1640/1640/1640 1641/1641/1641
f 1579/1579/1579 1641/1641/1641 1580/1580/1580
f 1580/1580/1580 1641/1641/1641 1642/1642/1642
f 1580/1580/1580 1642/1642/1642 1581/1581/1581
f 1581/1581/1581 1642/1642/1642 1643/1643/1643
f 1581/1581/1581 1643/1643/1643 1582/1582/1582
f 1582/1582/1582 1643/1643/1643 1644/1644/1644
f 1582/1582/1582 1644/1644/1644 1583/1583/1583
f 1583/1583/1583 1644/1644/1644 1645/1645/1645
f 1583/1583/1583 1645/1645/1645 1584/1584/1584
f 1584/1584/1584 1645/1645/1645 1646/1646/1646
f 1584/1584/1584 1646/1646/1646 1585/1585/1585
f 1585/1585/1585 1646/1646/1646 1647/1647/1647
f 1585/1585/1585 1647/1647/1647 1586/1586/1586
f 1587/1587/1587 1648/1648/1648 1649/1649/1649
f 1587/1587/1587 1649/1649/1649 1588/1588/1588
f 1588/1588/1588 1649/1649/1649 1650/1650/1650
f 1588/1588/1588 1650/1650/1650 1589/1589/1589
f 1589/1589/1589 1650/1650/1650 1651/1651/1651
f 1589/1589/1589 1651/1651/1651 1590/1590/1590
f 1590/1590/1590 1651/1651/1651 1652/1652/1652
f 1590/1590/1590 1652/1652/1652 1591/1591/1591
f 1591/1591/1591 1652/1652/1652 1653/1653/1653
f 1591/1591/1591 1653/1653/1653 1592/1592/1592
f 1592/1592/1592 1653/1653/1653 1654/1654/1654
f 1592/1592/1592 1654/1654/1654 1593/1593/1593
f 1593/1593/1593 1654/1654/1654 1655/1655/1655
f 1593/1593/1593 1655/1655/1655 1594/1594/1594
f 1594/1594/1594 1655/1655/1655 1656/1656/1656
f 1594/1594/1594 1656/1656/1656 1595/1595/1595
f 1595/1595/1595 1656/1656/1656 1657/1657/1657
f 1595/1595/1595 1657/1657/1657 1596/1596/1596
f 1596/1596/1596 1657/1657/1657 1658/1658/1658
f 1596/1596/1596 1658/1658/1658 1597/1597/1597
f 1597/1597/1597 1658/1658/1658 1659/1659/1659
f 1597/1597/1597 1659/1659/1659 1598/1598/1598
f 1598/1598/1598 1659/1659/1659 1660/1660/1660
f 1598/1598/1598 1660/1660/1660 1599/1599/1599
f 1599/1599/1599 1660/1660/1660 1661/1661/1661
f 1599/1599/1599 1661/1661/1661 1600/1600/1600
f 1600/1600/1600 1661/1661/1661 1662/1662/1662
f 1600/1600/1600 1662/1662/1662 1601/1601/1601
f 1601/1601/1601 1662/1662/1662 1663/1663/1663
f 1601/1601/1601 1663/1663/1663 1602/1602/1602
f 1602/1602/1602 1663/1663/1663 1664/1664/1664
f 1602/1602/1602 1664/1664/1664 1603/1603/1603
f 1603/1603/1603 1664/1664/1664 1665/1665/1665
f 1603/1603/1603 1665/1665/1665 1604/1604/1604
f 1604/1604/1604 1665/1665/1665 1666/1666/1666
f 1604/1604/1604 1666/1666/1666 1605/1605/1605
f 1605/1605/1605 1666/1666/1666 1667/1667/1667
f 1605/1605/1605 1667/1667/1667 1606/1606/1606
f 1606/1606/1606 1667/1667/1667 1668/1668/1668
f 1606/1606/1606 1668/1668/1668 1607/1607/1607
f 1607/1607/1607 1668/1668/1668 1669/1669/1669
f 1607/1607/1607 1669/1669/1669 1608/1608/1608
f 1608/1608/1608 1669/1669/1669 1670/1670/1670
f 1608/1608/1608 1670/1670/1670 1609/1609/1609
f 1609/1609/1609 1670/1670/1670 1671/1671/1671
f 1609/1609/1609 1671/1671/1671 1610/1610/1610
f 1610/1610/1610 1671/1671/1671 1672/1672/1672
f 1610/1610/1610 1672/1672/1672 1611/1611/1611
f 1611/1611/1611 1672/1672/1672 1673/1673/1673
f 1611/1611/1611 1673/1673/1673 1612/1612/1612
f 1612/1612/1612 1673/1673/1673 1674/1674/1674
f 1612/1612/1612 1674/1674/1674 1613/1613/1613
f 1613/1613/1613 1674/1674/1674 1675/1675/1675
f 1613/1613/1613 1675/1675/1675 1614/1614/1614
f 1614/1614/1614 1675/1675/1675 1676/1676/1676
f 1614/1614/1614 1676/1676/1676 1615/1615/1615
f 1615/1615/1615 1676/1676/1676 1677/1677/1677
f 1615/1615/1615 1677/1677/1677 1616/1616/1616
f 1616/1616/1616 1677/1677/1677 1678/1678/1678
f 1616/1616/1616 1678/1678/1678 1617/1617/1617
f 1617/1617/1617 1678/1678/1678 1679/1679/1679
f 1617/1617/1617 1679/1679/1679 1618/1618/1618
f 1618/1618/1618 1679/1679/1679 1680/1680/1680
f 1618/1618/1618 1680/1680/1680 1619/1619/1619
f 1619/1619/1619 1680/1680/1680 1681/1681/1681
f 1619/1619/1619 1681/1681/1681 1620/1620/1620
f 1620/1620/1620 1681/1681/1681 1682/1682/1682
f 1620/1620/1620 1682/1682/1682 1621/1621/1621
f 1621/1621/1621 1682/1682/1682 1683/1683/1683
f 1621/1621/1621 1683/1683/1683 1622/1622/1622
f 1622/1622/1622 1683/1683/1683 1684/1684/1684
f 1622/1622/1622 1684/1684/1684 1623/1623/1623
f 1623/1623/1623 1684/1684/1684 1685/1685/1685
f 1623/1623/1623 1685/1685/1685 1624/1624/1624
f 1624/1624/1624 1685/1685/1685 1686/1686/1686
f 1624/1624/1624 1686/1686/1686 1625/1625/1625
f 1625/1625/1625 1686/1686/1686 1687/1687/1687
f 1625/1625/1625 1687/1687/1687 1626/1626/1626
f 1626/1626/1626 1687/1687/1687 1688/1688/1688
f 1626/1626/1626 1688/1688/1688 1627/1627/1627
f 1627/1627/1627 1688/1688/1688 1689/1689/1689
f 1627/1627/1627 1689/1689/1689 1628/1628/1628
f 1628/1628/1628 1689/1689/1689 1690/1690/1690
f 1628/1628/1628 1690/1690/1690 1629/1629/1629
f 1629/1629/1629 1690/1690/1690 1691/1691/1691
f 1629/1629/1629 1691/1691/1691 1630/1630/1630
f 1630/1630/1630 1691/1691/1691 1692/1692/1692
f 1630/1630/1630 1692/1692/1692 1631/1631/1631
f 1631/1631/1631 1692/1692/1692 1693/1693/1693
f 1631/1631/1631 1693/1693/1693 1632/1632/1632
f 1632/1632/1632 1693/1693/1693 1694/1694/1694
f 1632/1632/1632 1694/1694/1694 1633/1633/1633
f 1633/1633/1633 1694/1694/1694 1695/1695/1695
f 1633/1633/1633 1695/1695/1695 1634/1634/1634
f 1634/1634/1634 1695/1695/1695 1696/1696/1696
f 1634/1634/1634 1696/1696/1696 1635/1635/1635
f 1635/1635/1635 1696/1696/1696 1697/1697/1697
f 1635/1635/1635 1697/1697/1697 1636/1636/1636
f 1636/1636/1636 1697/1697/1697 1698/1698/1698
f 1636/1636/1636 1698/1698/1698 1637/1637/1637
f 1637/1637/1637 1698/1698/1698 1699/1699/1699
f 1637/1637/1637 1699/1699/1699 1638/1638/1638
f 1638/1638/1638 1699/1699/1699 1700/1700/1700
f 1638/1638/1638 1700/1700/1700 1639/1639/1639
f 1639/1639/1639 1700/1700/1700 1701/1701/1701
f 1639/1639/1639 1701/1701/1701 1640/1640/1640
f 1640/1640/1640 1701/1701/1701 1702/1702/1702
f 1640/1640/1640 1702/1702/1702 1641/1641/1641
f 1641/1641/1641 1702/1702/1702 1703/1703/1703
f 1641/1641/1641 1703/1703/1703 1642/1642/1642
f 1642/1642/1642 1703/1703/1703 1704/1704/1704
f 1642/1642/1642 1704/1704/1704 1643/1643/1643
f 1643/1643/1643 1704/1704/1704 1705/1705/1705
f 1643/1643/1643 1705/1705/1705 1644/1644/1644
f 1644/1644/1644 1705/1705/1705 1706/1706/1706
f 1644/1644/1644 1706/1706/1706 1645/1645/1645
f 1645/1645/1645 1706/1706/1706 1707/1707/1707
f 1645/1645/1645 1707/1707/1707 1646/1646/1646
f 1646/1646/1646 1707/1707/1707 1708/1708/1708
f 1646/1646/1646 1708/1708/1708 1647/1647/1647
f 1648/1648/1648 1709/1709/1709 1710/1710/1710
f 1648/1648/1648 1710/1710/1710 1649/1649/1649
f 1649/1649/1649 1710/1710/1710 1711/1711/1711
f 1649/1649/1649 1711/1711/1711 1650/1650/1650
f 1650/1650/1650 1711/1711/1711 1712/1712/1712
f 1650/1650/1650 1712/1712/1712 1651/1651/1651
f 1651/1651/1651 1712/1712/1712 1713/1713/1713
f 1651/1651/1651 1713/1713/1713 1652/1652/1652
f 1652/1652/1652 1713/1713/1713 1714/1714/1714
f 1652/1652/1652 1714/1714/1714 1653/1653/1653
f 1653/1653/1653 1714/1714/1714 1715/1715/1715
f 1653/1653/1653 1715/1715/1715 1654/1654/1654
f 1654/1654/1654 1715/1715/1715 1716/1716/1716
f 1654/1654/1654 1716/1716/1716 1655/1655/1655
f 1655/1655/1655 1716/1716/1716 1717/1717/1717
f 1655/1655/1655 1717/1717/1717 1656/1656/1656
f 1656/1656/1656 1717/1717/1717 1718/1718/1718
f 1656/1656/1656 1718/1718/1718 1657/1657/1657
f 1657/1657/1657 1718/1718/1718 1719/1719/1719
f 1657/1657/1657 1719/1719/1719 1658/1658/1658
f 1658/1658/1658 1719/1719/1719 1720/1720/1720
f 1658/1658/1658 1720/1720/1720 1659/1659/1659
f 1659/1659/1659 1720/1720/1720 1721/1721/1721
f 1659/1659/1659 1721/1721/1721 1660/1660/1660
f 1660/1660/1660 1721/1721/1721 1722/1722/1722
f 1660/1660/1660 1722/1722/1722 1661/1661/1661
f 1661/1661/1661 1722/1722/1722 1723/1723/1723
f 1661/1661/1661 1723/1723/1723 1662/1662/1662
f 1662/1662/1662 1723/1723/1723 1724/1724/1724
f 1662/1662/1662 1724/1724/1724 1663/1663/1663
f 1663/1663/1663 1724/1724/1724 1725/1725/1725
f 1663/1663/1663 1725/1725/1725 1664/1664/1664
f 1664/1664/1664 1725/1725/1725 1726/1726/1726
f 1664/1664/1664 1726/1726/1726 1665/1665/1665
f 1665/1665/1665 1726/1726/1726 1727/1727/1727
f 1665/1665/1665 1727/1727/1727 1666/1666/1666
f 1666/1666/1666 1727/1727/1727 1728/1728/1728
f 1666/1666/1666 1728/1728/1728 1667/1667/1667
f 1667/1667/1667 1728/1728/1728 1729/1729/1729
f 1667/1667/1667 1729/1729/1729 1668/1668/1668
f 1668/1668/1668 1729/1729/1729 1730/1730/1730
f 1668/1668/1668 1730/1730/1730 1669/1669/1669
f 1669/1669/1669 1730/1730/1730 1731/1731/1731
f 1669/1669/1669 1731/1731/1731 1670/1670/1670
f 1670/1670/1670 1731/1731/1731 1732/1732/1732
f 1670/1670/1670 1732/1732/1732 1671/1671/1671
f 1671/1671/1671 1732/1732/1732 1733/1733/1733
f 1671/1671/1671 1733/1733/1733 1672/1672/1672
f 1672/1672/1672 1733/1733/1733 1734/1734/1734
f 1672/1672/1672 1734/1734/1734 1673/1673/1673
f 1673/1673/1673 1734/1734/1734 1735/1735/1735
f 1673/1673/1673 1735/1735/1735 1674/1674/1674
f 1674/1674/1674 1735/1735/1735 1736/1736/1736
f 1674/1674/1674 1736/1736/1736 1675/1675/1675
f 1675/1675/1675 1736/1736/1736 1737/1737/1737
f 1675/1675/1675 1737/1737/1737 1676/1676/1676
f 1676/1676/1676 1737/1737/1737 1738/1738/1738
f 1676/1676/1676 1738/1738/1738 1677/1677/1677
f 1677/1677/1677 1738/1738/1738 1739/1739/1739
f 1677/1677/1677 1739/1739/1739 1678/1678/1678
f 1678/1678/1678 1739/1739/1739 1740/1740/1740
f 1678/1678/1678 1740/1740/1740 1679/1679/1679
f 1679/1679/1679 1740/1740/1740 1741/1741/1741
f 1679/1679/1679 1741/1741/1741 1680/1680/1680
f 1680/1680/1680 1741/1741/1741 1742/1742/1742
f 1680/1680/1680 1742/1742/1742 1681/1681/1681
f 1681/1681/1681 1742/1742/1742 1743/1743/1743
f 1681/1681/1681 1743/1743/1743 1682/1682/1682
f 1682/1682/1682 1743/1743/1743 1744/1744/1744
f 1682/1682/1682 1744/1744/1744 1683/1683/1683
f 1683/1683/1683 1744/1744/1744 1745/1745/1745
f 1683/1683/1683 1745/1745/1745 1684/1684/1684
f 1684/1684/1684 1745/1745/1745 1746/1746/1746
f 1684/1684/1684 1746/1746/1746 1685/1685/1685
f 1685/1685/1685 1746/1746/1746 1747/1747/1747
f 1685/1685/1685 1747/1747/1747 1686/1686/1686
f 1686/1686/1686 1747/1747/1747 1748/1748/1748
f 1686/1686/1686 1748/1748/1748 1687/1687/1687
f 1687/1687/1687 1748/1748/1748 1749/1749/1749
f 1687/1687/1687 1749/1749/1749 1688/1688/1688
f 1688/1688/1688 1749/1749/1749 1750/1750/1750
f 1688/1688/1688 1750/1750/1750 1689/1689/1689
f 1689/1689/1689 1750/1750/1750 1751/1751/1751
f 1689/1689/1689 1751/1751/1751 1690/1690/1690
f 1690/1690/1690 1751/1751/1751 1752/1752/1752
f 1690/1690/1690 1752/1752/1752 1691/1691/1691
f 1691/1691/1691 1752/1752/1752 1753/1753/1753
f 1691/1691/1691 1753/1753/1753 1692/1692/1692
f 1692/1692/1692 1753/1753/1753 1754/1754/1754
f 1692/1692/1692 1754/1754/1754 1693/1693/1693
f 1693/1693/1693 1754/1754/1754 1755/1755/1755
f 1693/1693/1693 1755/1755/1755 1694/1694/1694
f 1694/1694/1694 1755/1755/1755 1756/1756/1756
f 1694/1694/1694 1756/1756/1756 1695/1695/1695
f 1695/1695/1695 1756/1756/1756 1757/1757/1757
f 1695/1695/1695 1757/1757/1757 1696/1696/1696
f 1696/1696/1696 1757/1757/1757 1758/1758/1758
f 1696/1696/1696 1758/1758/1758 1697/1697/1697
f 1697/1697/1697 1758/1758/1758 1759/1759/1759
f 1697/1697/1697 1759/1759/1759 1698/1698/1698
f 1698/1698/1698 1759/1759/1759 1760/1760/1760
f 1698/1698/1698 1760/1760/1760 1699/1699/1699
f 1699/1699/1699 1760/1760/1760 1761/1761/1761
f 1699/1699/1699 1761/1761/1761 1700/1700/1700
f 1700/1700/1700 1761/1761/1761 1762/1762/1762
f 1700/1700/1700 1762/1762/1762 1701/1701/1701
f 1701/1701/1701 1762/1762/1762 1763/1763/1763
f 1701/1701/1701 1763/1763/1763 1702/1702/1702
f 1702/1702/1702 1763/1763/1763 1764/1764/1764
f 1702/1702/1702 1764/1764/1764 1703/1703/1703
f 1703/1703/1703 1764/1764/1764 1765/1765/1765
f 1703/1703/1703 1765/1765/1765 1704/1704/1704
f 1704/1704/1704 1765/1765/1765 1766/1766/1766
f 1704/1704/1704 1766/1766/1766 1705/1705/1705
f 1705/1705/1705 1766/1766/1766 1767/1767/1767
f 1705/1705/1705 1767/1767/1767 1706/1706/1706
f 1706/1706/1706 1767/1767/1767 1768/1768/1768
f 1706/1706/1706 1768/1768/1768 1707/1707/1707
f 1707/1707/1707 1768/1768/1768 1769/1769/1769
f 1707/1707/1707 1769/1769/1769 1708/1708/1708
f 1709/1709/1709 1770/1770/1770 1771/1771/1771
f 1709/1709/1709 1771/1771/1771 1710/1710/1710
f 1710/1710/1710 1771/1771/1771 1772/1772/1772
f 1710/1710/1710 1772/1772/1772 1711/1711/1711
f 1711/1711/1711 1772/1772/1772 1773/1773/1773
f 1711/1711/1711 1773/1773/1773 1712/1712/1712
f 1712/1712/1712 1773/1773/1773 1774/1774/1774
f 1712/1712/1712 1774/1774/1774 1713/1713/1713
f 1713/1713/1713 1774/1774/1774 1775/1775/1775
f 1713/1713/1713 1775/1775/1775 1714/1714/1714
f 1714/1714/1714 1775/1775/1775 1776/1776/1776
f 1714/1714/1714 1776/1776/1776 1715/1715/1715
f 1715/1715/1715 1776/1776/1776 1777/1777/1777
f 1715/1715/1715 1777/1777/1777 1716/1716/1716
f 1716/1716/1716 1777/1777/1777 1778/1778/1778
f 1716/1716/1716 1778/1778/1778 1717/1717/1717
f 1717/1717/1717 1778/1778/1778 1779/1779/1779
f 1717/1717/1717 1779/1779/1779 1718/1718/1718
f 1718/1718/1718 1779/1779/1779 1780/1780/1780
f 1718/1718/1718 1780/1780/1780 1719/1719/1719
f 1719/1719/1719 1780/1780/1780 1781/1781/1781
f 1719/1719/1719 1781/1781/1781 1720/1720/1720
f 1720/1720/1720 1781/1781/1781 1782/1782/1782
f 1720/1720/1720 1782/1782/1782 1721/1721/1721
f 1721/1721/1721 1782/1782/1782 1783/1783/1783
f 1721/1721/1721 1783/1783/1783 1722/1722/1722
f 1722/1722/1722 1783/1783/1783 1784/1784/1784
f 1722/1722/1722 1784/1784/1784 1723/1723/1723
f 1723/1723/1723 1784/1784/1784 1785/1785/1785
f 1723/1723/1723 1785/1785/1785 1724/1724/1724
f 1724/1724/1724 1785/1785/1785 1786/1786/1786
f 1724/1724/1724 1786/1786/1786 1725/1725/1725
f 1725/1725/1725 1786/1786/1786 1787/1787/1787
f 1725/1725/1725 1787/1787/1787 1726/1726/1726
f 1726/1726/1726 1787/1787/1787 1788/1788/1788
f 1726/1726/1726 1788/1788/1788 1727/1727/1727
f 1727/1727/1727 1788/1788/1788 1789/1789/1789
f 1727/1727/1727 1789/1789/1789 1728/1728/1728
f 1728/1728/1728 1789/1789/1789 1790/1790/1790
f 1728/1728/1728 1790/1790/1790 1729/1729/1729
f 1729/1729/1729 1790/1790/1790 1791/1791/1791
f 1729/1729/1729 1791/1791/1791 1730/1730/1730
f 1730/1730/1730 1791/1791/1791 1792/1792/1792
f 1730/1730/1730 1792/1792/1792 1731/1731/1731
f 1731/1731/1731 1792/1792/1792 1793/1793/1793
f 1731/1731/1731 1793/1793/1793 1732/1732/1732
f 1732/1732/1732 1793/1793/1793 1794/1794/1794
f 1732/1732/1732 1794/1794/1794 1733/1733/1733
f 1733/1733/1733 1794/1794/1794 1795/1795/1795
f 1733/1733/1733 1795/1795/1795 1734/1734/1734
f 1734/1734/1734 1795/1795/1795 1796/1796/1796
f 1734/1734/1734 1796/1796/1796 1735/1735/1735
f 1735/1735/1735 1796/1796/1796 1797/1797/1797
f 1735/1735/1735 1797/1797/1797 1736/1736/1736
f 1736/1736/1736 1797/1797/1797 1798/1798/1798
f 1736/1736/1736 1798/1798/1798 1737/1737/1737
f 1737/1737/1737 1798/1798/1798 1799/1799/1799
f 1737/1737/1737 1799/1799/1799 1738/1738/1738
f 1738/1738/1738 1799/1799/1799 1800/1800/1800
f 1738/1738/1738 1800/1800/1800 1739/1739/1739
f 1739/1739/1739 1800/1800/1800 1801/1801/1801
f 1739/1739/1739 1801/1801/1801 1740/1740/1740
f 1740/1740/1740 1801/1801/1801 1802/1802/1802
f 1740/1740/1740 1802/1802/1802 1741/1741/1741
f 1741/1741/1741 1802/1802/1802 1803/1803/1803
f 1741/1741/1741 1803/1803/1803 1742/1742/1742
f 1742/1742/1742 1803/1803/1803 1804/1804/1804
f 1742/1742/1742 1804/1804/1804 1743/1743/1743
f 1743/1743/1743 1804/1804/1804 1805/1805/1805
f 1743/1743/1743 1805/1805/1805 1744/1744/1744
f 1744/1744/1744 1805/1805/1805 1806/1806/1806
f 1744/1744/1744 1806/1806/1806 1745/1745/1745
f 1745/1745/1745 1806/1806/1806 1807/1807/1807
f 1745/1745/1745 1807/1807/1807 1746/1746/1746
f 1746/1746/1746 1807/1807/1807 1808/1808/1808
f 1746/1746/1746 1808/1808/1808 1747/1747/1747
f 1747/1747/1747 1808/1808/1808 1809/1809/1809
f 1747/1747/1747 1809/1809/1809 1748/1748/1748
f 1748/1748/1748 1809/1809/1809 1810/1810/1810
f 1748/1748/1748 1810/1810/1810 1749/1749/1749
f 1749/1749/1749 1810/1810/1810 1811/1811/1811
f 1749/1749/1749 1811/1811/1811 1750/1750/1750
f 1750/1750/1750 1811/1811/1811 1812/1812/1812
f 1750/1750/1750 1812/1812/1812 1751/1751/1751
f 1751/1751/1751 1812/1812/1812 1813/1813/1813
f 1751/1751/1751 1813/1813/1813 1752/1752/1752
f 1752/1752/1752 1813/1813/1813 1814/1814/1814
f 1752/1752/1752 1814/1814/1814 1753/1753/1753
f 1753/1753/1753 1814/1814/1814 1815/1815/1815
f 1753/1753/1753 1815/1815/1815 1754/1754/1754
f 1754/1754/1754 1815/1815/1815 1816/1816/1816
f 1754/1754/1754 1816/1816/1816 1755/1755/1755
f 1755/1755/1755 1816/1816/1816 1817/1817/1817
f 1755/1755/1755 1817/1817/1817 1756/1756/1756
f 1756/1756/1756 1817/1817/1817 1818/1818/1818
f 1756/1756/1756 1818/1818/1818 1757/1757/1757
f 1757/1757/1757 1818/1818/1818 1819/1819/1819
f 1757/1757/1757 1819/1819/1819 1758/1758/1758
f 1758/1758/1758 1819/1819/1819 1820/1820/1820
f 1758/1758/1758 1820/1820/1820 1759/1759/1759
f 1759/1759/1759 1820/1820/1820 1821/1821/1821
f 1759/1759/1759 1821/1821/1821 1760/1760/1760
f 1760/1760/1760 1821/1821/1821 1822/1822/1822
f 1760/1760/1760 1822/1822/1822 1761/1761/1761
f 1761/1761/1761 1822/1822/1822 1823/1823/1823
f 1761/1761/1761 1823/1823/1823 1762/1762/1762
f 1762/1762/1762 1823/1823/1823 1824/1824/1824
f 1762/1762/1762 1824/1824/1824 1763/1763/1763
f 1763/1763/1763 1824/1824/1824 1825/1825/1825
f 1763/1763/1763 1825/1825/1825 1764/1764/1764
f 1764/1764/1764 1825/1825/1825 1826/1826/1826
f 1764/1764/1764 1826/1826/1826 1765/1765/1765
f 1765/1765/1765 1826/1826/1826 1827/1827/1827
f 1765/1765/1765 1827/1827/1827 1766/1766/1766
f 1766/1766/1766 1827/1827/1827 1828/1828/1828
f 1766/1766/1766 1828/1828/1828 1767/1767/1767
f 1767/1767/1767 1828/1828/1828 1829/1829/1829
f 1767/1767/1767 1829/1829/1829 1768/1768/1768
f 1768/1768/1768 1829/1829/1829 1830/1830/1830
f 1768/1768/1768 1830/1830/1830 1769/1769/1769
f 1770/1770/1770 1831/1831/1831 1832/1832/1832
f 1770/1770/1770 1832/1832/1832 1771/1771/1771
f 1771/1771/1771 1832/1832/1832 1833/1833/1833
f 1771/1771/1771 1833/1833/1833 1772/1772/1772
f 1772/1772/1772 1833/1833/1833 1834/1834/1834
f 1772/1772/1772 1834/1834/1834 1773/1773/1773
f 1773/1773/1773 1834/1834/1834 1835/1835/1835
f 1773/1773/1773 1835/1835/1835 1774/1774/1774
f 1774/1774/1774 1835/1835/1835 1836/1836/1836
f 1774/1774/1774 1836/1836/1836 1775/1775/1775
f 1775/1775/1775 1836/1836/1836 1837/1837/1837
f 1775/1775/1775 1837/1837/1837 1776/1776/1776
f 1776/1776/1776 1837/1837/1837 1838/1838/1838
f 1776/1776/1776 1838/1838/1838 1777/1777/1777
f 1777/1777/1777 1838/1838/1838 1839/1839/1839
f 1777/1777/1777 1839/1839/1839 1778/1778/1778
f 1778/1778/1778 1839/1839/1839 1840/1840/1840
f 1778/1778/1778 1840/1840/1840 1779/1779/1779
f 1779/1779/1779 1840/1840/1840 1841/1841/1841
f 1779/1779/1779 1841/1841/1841 1780/1780/1780
f 1780/1780/1780 1841/1841/1841 1842/1842/1842
f 1780/1780/1780 1842/1842/1842 1781/1781/1781
f 1781/1781/1781 1842/1842/1842 1843/1843/1843
f 1781/1781/1781 1843/1843/1843 1782/1782/1782
f 1782/1782/1782 1843/1843/1843 1844/1844/1844
f 1782/1782/1782 1844/1844/1844 1783/1783/1783
f 1783/1783/1783 1844/1844/1844 1845/1845/1845
f 1783/1783/1783 1845/1845/1845 1784/1784/1784
f 1784/1784/1784 1845/1845/1845 1846/1846/1846
f 1784/1784/1784 1846/1846/1846 1785/1785/1785
f 1785/1785/1785 1846/1846/1846 1847/1847/1847
f 1785/1785/1785 1847/1847/1847 1786/1786/1786
f 1786/1786/1786 1847/1847/1847 1848/1848/1848
f 1786/1786/1786 1848/1848/1848 1787/1787/1787
f 1787/1787/1787 1848/1848/1848 1849/1849/1849
f 1787/1787/1787 1849/1849/1849 1788/1788/1788
f 1788/1788/1788 1849/1849/1849 1850/1850/1850
f 1788/1788/1788 1850/1850/1850 1789/1789/1789
f 1789/1789/1789 1850/1850/1850 1851/1851/1851
f 1789/1789/1789 1851/1851/1851 1790/1790/1790
f 1790/1790/1790 1851/1851/1851 1852/1852/1852
f 1790/1790/1790 1852/1852/1852 1791/1791/1791
f 1791/1791/1791 1852/1852/1852 1853/1853/1853
f 1791/1791/1791 1853/1853/1853 1792/1792/1792
f 1792/1792/1792 1853/1853/1853 1854/1854/1854
f 1792/1792/1792 1854/1854/1854 1793/1793/1793
f 1793/1793/1793 1854/1854/1854 1855/1855/1855
f 1793/1793/1793 1855/1855/1855 1794/1794/1794
f 1794/1794/1794 1855/1855/1855 1856/1856/1856
f 1794/1794/1794 1856/1856/1856 1795/1795/1795
f 1795/1795/1795 1856/1856/1856 1857/1857/1857
f 1795/1795/1795 1857/1857/1857 1796/1796/1796
f 1796/1796/1796 1857/1857/1857 1858/1858/1858
f 1796/1796/1796 1858/1858/1858 1797/1797/1797
f 1797/1797/1797 1858/1858/1858 1859/1859/1859
f 1797/1797/1797 1859/1859/1859 1798/1798/1798
f 1798/1798/1798 1859/1859/1859 1860/1860/1860
f 1798/1798/1798 1860/1860/1860 1799/1799/1799
f 1799/1799/1799 1860/1860/1860 1861/1861/1861
f 1799/1799/1799 1861/1861/1861 1800/1800/1800
f 1800/1800/1800 1861/1861/1861 1862/1862/1862
f 1800/1800/1800 1862/1862/1862 1801/1801/1801
f 1801/1801/1801 1862/1862/1862 1863/1863/1863
f 1801/1801/1801 1863/1863/1863 1802/1802/1802
f 1802/1802/1802 1863/1863/1863 1864/1864/1864
f 1802/1802/1802 1864/1864/1864 1803/1803/1803
f 1803/1803/1803 1864/1864/1864 1865/1865/1865
f 1803/1803/1803 1865/1865/1865 1804/1804/1804
f 1804/1804/1804 1865/1865/1865 1866/1866/1866
f 1804/1804/1804 1866/1866/1866 1805/1805/1805
f 1805/1805/1805 1866/1866/1866 1867/1867/1867
f 1805/1805/1805 1867/1867/1867 1806/1806/1806
f 1806/1806/1806 1867/1867/1867 1868/1868/1868
f 1806/1806/1806 1868/1868/1868 1807/1807/1807
f 1807/1807/1807 1868/1868/1868 1869/1869/1869
f 1807/1807/1807 1869/1869/1869 1808/1808/1808
f 1808/1808/1808 1869/1869/1869 1870/1870/1870
f 1808/1808/1808 1870/1870/1870 1809/1809/1809
f 1809/1809/1809 1870/1870/1870 1871/1871/1871
f 1809/1809/1809 1871/1871/1871 1810/1810/1810
f 1810/1810/1810 1871/1871/1871 1872/1872/1872
f 1810/1810/1810 1872/1872/1872 1811/1811/1811
f 1811/1811/1811 1872/1872/1872 1873/1873/1873
f 1811/1811/1811 1873/1873/1873 1812/1812/1812
f 1812/1812/1812 1873/1873/1873 1874/1874/1874
f 1812/1812/1812 1874/1874/1874 1813/1813/1813
f 1813/1813/1813 1874/1874/1874 1875/1875/1875
f 1813/1813/1813 1875/1875/1875 1814/1814/1814
f 1814/1814/1814 1875/1875/1875 1876/1876/1876
f 1814/1814/1814 1876/1876/1876 1815/1815/1815
f 1815/1815/1815 1876/1876/1876 1877/1877/1877
f 1815/1815/1815 1877/1877/1877 1816/1816/1816
f 1816/1816/1816 1877/1877/1877 1878/1878/1878
f 1816/1816/1816 1878/1878/1878 1817/1817/1817
f 1817/1817/1817 1878/1878/1878 1879/1879/1879
f 1817/1817/1817 1879/1879/1879 1818/1818/1818
f 1818/1818/1818 1879/1879/1879 1880/1880/1880
f 1818/1818/1818 1880/1880/1880 1819/1819/1819
f 1819/1819/1819 1880/1880/1880 1881/1881/1881
f 1819/1819/1819 1881/1881/1881 1820/1820/1820
f 1820/1820/1820 1881/1881/1881 1882/1882/1882
f 1820/1820/1820 1882/1882/1882 1821/1821/1821
f 1821/1821/1821 1882/1882/1882 1883/1883/1883
f 1821/1821/1821 1883/1883/1883 1822/1822/1822
f 1822/1822/1822 1883/1883/1883 1884/1884/1884
f 1822/1822/1822 1884/1884/1884 1823/1823/1823
f 1823/1823/1823 1884/1884/1884 1885/1885/1885
f 1823/1823/1823 1885/1885/1885 1824/1824/1824
f 1824/1824/1824 1885/1885/1885 1886/1886/1886
f 1824/1824/1824 1886/1886/1886 1825/1825/1825
f 1825/1825/1825 1886/1886/1886 1887/1887/1887
f 1825/1825/1825 1887/1887/1887 1826/1826/1826
f 1826/1826/1826 1887/1887/1887 1888/1888/1888
f 1826/1826/1826 1888/1888/1888 1827/1827/1827
f 1827/1827/1827 1888/1888/1888 1889/1889/1889
f 1827/1827/1827 1889/1889/1889 1828/1828/1828
f 1828/1828/1828 1889/1889/1889 1890/1890/1890
f 1828/1828/1828 1890/1890/1890 1829/1829/1829
f 1829/1829/1829 1890/1890/1890 1891/1891/1891
f 1829/1829/1829 1891/1891/1891 1830/1830/1830
