# procedural asset
v 0.00000 0.13000 0.00000
v 0.02503 0.12840 0.00000
v 0.04944 0.12364 0.00000
v 0.07264 0.11583 0.00000
v 0.09405 0.10517 0.00000
v 0.11314 0.09192 0.00000
v 0.12944 0.07641 0.00000
v 0.14256 0.05902 0.00000
v 0.15217 0.04017 0.00000
v 0.15803 0.02034 0.00000
v 0.16000 0.00000 0.00000
v 0.15803 -0.02034 0.00000
v 0.15217 -0.04017 0.00000
v 0.14256 -0.05902 0.00000
v 0.12944 -0.07641 0.00000
v 0.11314 -0.09192 0.00000
v 0.09405 -0.10517 0.00000
v 0.07264 -0.11583 0.00000
v 0.04944 -0.12364 0.00000
v 0.02503 -0.12840 0.00000
v 0.00000 -0.13000 0.00000
v 0.00000 0.13000 0.00000
v 0.02448 0.12840 0.00781
v 0.04836 0.12364 0.01542
v 0.07105 0.11583 0.02265
v 0.09199 0.10517 0.02933
v 0.11066 0.09192 0.03528
v 0.12661 0.07641 0.04037
v 0.13945 0.05902 0.04446
v 0.14884 0.04017 0.04746
v 0.15458 0.02034 0.04928
v 0.15650 0.00000 0.04990
v 0.15458 -0.02034 0.04928
v 0.14884 -0.04017 0.04746
v 0.13945 -0.05902 0.04446
v 0.12661 -0.07641 0.04037
v 0.11066 -0.09192 0.03528
v 0.09199 -0.10517 0.02933
v 0.07105 -0.11583 0.02265
v 0.04836 -0.12364 0.01542
v 0.02448 -0.12840 0.00781
v 0.00000 -0.13000 0.00000
v 0.00000 0.13000 0.00000
v 0.02287 0.12840 0.01527
v 0.04517 0.12364 0.03017
v 0.06636 0.11583 0.04432
v 0.08591 0.10517 0.05738
v 0.10336 0.09192 0.06903
v 0.11825 0.07641 0.07897
v 0.13024 0.05902 0.08698
v 0.13901 0.04017 0.09284
v 0.14437 0.02034 0.09641
v 0.14617 0.00000 0.09762
v 0.14437 -0.02034 0.09641
v 0.13901 -0.04017 0.09284
v 0.13024 -0.05902 0.08698
v 0.11825 -0.07641 0.07897
v 0.10336 -0.09192 0.06903
v 0.08591 -0.10517 0.05738
v 0.06636 -0.11583 0.04432
v 0.04517 -0.12364 0.03017
v 0.02287 -0.12840 0.01527
v 0.00000 -0.13000 0.00000
v 0.00000 0.13000 0.00000
v 0.02025 0.12840 0.02207
v 0.04000 0.12364 0.04359
v 0.05877 0.11583 0.06404
v 0.07608 0.10517 0.08292
v 0.09153 0.09192 0.09975
v 0.10472 0.07641 0.11413
v 0.11533 0.05902 0.12569
v 0.12311 0.04017 0.13416
v 0.12785 0.02034 0.13933
v 0.12944 0.00000 0.14107
v 0.12785 -0.02034 0.13933
v 0.12311 -0.04017 0.13416
v 0.11533 -0.05902 0.12569
v 0.10472 -0.07641 0.11413
v 0.09153 -0.09192 0.09975
v 0.07608 -0.10517 0.08292
v 0.05877 -0.11583 0.06404
v 0.04000 -0.12364 0.04359
v 0.02025 -0.12840 0.02207
v 0.00000 -0.13000 0.00000
v 0.00000 0.13000 0.00000
v 0.01675 0.12840 0.02790
v 0.03308 0.12364 0.05511
v 0.04860 0.11583 0.08097
v 0.06293 0.10517 0.10483
v 0.07570 0.09192 0.12612
v 0.08661 0.07641 0.14429
v 0.09539 0.05902 0.15892
v 0.10182 0.04017 0.16963
v 0.10574 0.02034 0.17616
v 0.10706 0.00000 0.17835
v 0.10574 -0.02034 0.17616
v 0.10182 -0.04017 0.16963
v 0.09539 -0.05902 0.15892
v 0.08661 -0.07641 0.14429
v 0.07570 -0.09192 0.12612
v 0.06293 -0.10517 0.10483
v 0.04860 -0.11583 0.08097
v 0.03308 -0.12364 0.05511
v 0.01675 -0.12840 0.02790
v 0.00000 -0.13000 0.00000
v 0.00000 0.13000 0.00000
v 0.01251 0.12840 0.03251
v 0.02472 0.12364 0.06423
v 0.03632 0.11583 0.09436
v 0.04702 0.10517 0.12217
v 0.05657 0.09192 0.14697
v 0.06472 0.07641 0.16815
v 0.07128 0.05902 0.18519
v 0.07608 0.04017 0.19767
v 0.07902 0.02034 0.20529
v 0.08000 0.00000 0.20785
v 0.07902 -0.02034 0.20529
v 0.07608 -0.04017 0.19767
v 0.07128 -0.05902 0.18519
v 0.06472 -0.07641 0.16815
v 0.05657 -0.09192 0.14697
v 0.04702 -0.10517 0.12217
v 0.03632 -0.11583 0.09436
v 0.02472 -0.12364 0.06423
v 0.01251 -0.12840 0.03251
v 0.00000 -0.13000 0.00000
v 0.00000 0.13000 0.00000
v 0.00773 0.12840 0.03571
v 0.01528 0.12364 0.07053
v 0.02245 0.11583 0.10362
v 0.02906 0.10517 0.13416
v 0.03496 0.09192 0.16140
v 0.04000 0.07641 0.18466
v 0.04405 0.05902 0.20338
v 0.04702 0.04017 0.21708
v 0.04883 0.02034 0.22544
v 0.04944 0.00000 0.22825
v 0.04883 -0.02034 0.22544
v 0.04702 -0.04017 0.21708
v 0.04405 -0.05902 0.20338
v 0.04000 -0.07641 0.18466
v 0.03496 -0.09192 0.16140
v 0.02906 -0.10517 0.13416
v 0.02245 -0.11583 0.10362
v 0.01528 -0.12364 0.07053
v 0.00773 -0.12840 0.03571
v 0.00000 -0.13000 0.00000
v 0.00000 0.13000 0.00000
v 0.00262 0.12840 0.03734
v 0.00517 0.12364 0.07376
v 0.00759 0.11583 0.10836
v 0.00983 0.10517 0.14030
v 0.01183 0.09192 0.16878
v 0.01353 0.07641 0.19310
v 0.01490 0.05902 0.21267
v 0.01591 0.04017 0.22700
v 0.01652 0.02034 0.23575
v 0.01672 0.00000 0.23869
v 0.01652 -0.02034 0.23575
v 0.01591 -0.04017 0.22700
v 0.01490 -0.05902 0.21267
v 0.01353 -0.07641 0.19310
v 0.01183 -0.09192 0.16878
v 0.00983 -0.10517 0.14030
v 0.00759 -0.11583 0.10836
v 0.00517 -0.12364 0.07376
v 0.00262 -0.12840 0.03734
v 0.00000 -0.13000 0.00000
v 0.00000 0.13000 0.00000
v -0.00262 0.12840 0.03734
v -0.00517 0.12364 0.07376
v -0.00759 0.11583 0.10836
v -0.00983 0.10517 0.14030
v -0.01183 0.09192 0.16878
v -0.01353 0.07641 0.19310
v -0.01490 0.05902 0.21267
v -0.01591 0.04017 0.22700
v -0.01652 0.02034 0.23575
v -0.01672 0.00000 0.23869
v -0.01652 -0.02034 0.23575
v -0.01591 -0.04017 0.22700
v -0.01490 -0.05902 0.21267
v -0.01353 -0.07641 0.19310
v -0.01183 -0.09192 0.16878
v -0.00983 -0.10517 0.14030
v -0.00759 -0.11583 0.10836
v -0.00517 -0.12364 0.07376
v -0.00262 -0.12840 0.03734
v -0.00000 -0.13000 0.00000
v 0.00000 0.13000 0.00000
v -0.00773 0.12840 0.03571
v -0.01528 0.12364 0.07053
v -0.02245 0.11583 0.10362
v -0.02906 0.10517 0.13416
v -0.03496 0.09192 0.16140
v -0.04000 0.07641 0.18466
v -0.04405 0.05902 0.20338
v -0.04702 0.04017 0.21708
v -0.04883 0.02034 0.22544
v -0.04944 0.00000 0.22825
v -0.04883 -0.02034 0.22544
v -0.04702 -0.04017 0.21708
v -0.04405 -0.05902 0.20338
v -0.04000 -0.07641 0.18466
v -0.03496 -0.09192 0.16140
v -0.02906 -0.10517 0.13416
v -0.02245 -0.11583 0.10362
v -0.01528 -0.12364 0.07053
v -0.00773 -0.12840 0.03571
v -0.00000 -0.13000 0.00000
v 0.00000 0.13000 0.00000
v -0.01251 0.12840 0.03251
v -0.02472 0.12364 0.06423
v -0.03632 0.11583 0.09436
v -0.04702 0.10517 0.12217
v -0.05657 0.09192 0.14697
v -0.06472 0.07641 0.16815
v -0.07128 0.05902 0.18519
v -0.07608 0.04017 0.19767
v -0.07902 0.02034 0.20529
v -0.08000 0.00000 0.20785
v -0.07902 -0.02034 0.20529
v -0.07608 -0.04017 0.19767
v -0.07128 -0.05902 0.18519
v -0.06472 -0.07641 0.16815
v -0.05657 -0.09192 0.14697
v -0.04702 -0.10517 0.12217
v -0.03632 -0.11583 0.09436
v -0.02472 -0.12364 0.06423
v -0.01251 -0.12840 0.03251
v -0.00000 -0.13000 0.00000
v 0.00000 0.13000 0.00000
v -0.01675 0.12840 0.02790
v -0.03308 0.12364 0.05511
v -0.04860 0.11583 0.08097
v -0.06293 0.10517 0.10483
v -0.07570 0.09192 0.12612
v -0.08661 0.07641 0.14429
v -0.09539 0.05902 0.15892
v -0.10182 0.04017 0.16963
v -0.10574 0.02034 0.17616
v -0.10706 0.00000 0.17835
v -0.10574 -0.02034 0.17616
v -0.10182 -0.04017 0.16963
v -0.09539 -0.05902 0.15892
v -0.08661 -0.07641 0.14429
v -0.07570 -0.09192 0.12612
v -0.06293 -0.10517 0.10483
v -0.04860 -0.11583 0.08097
v -0.03308 -0.12364 0.05511
v -0.01675 -0.12840 0.02790
v -0.00000 -0.13000 0.00000
v 0.00000 0.13000 0.00000
v -0.02025 0.12840 0.02207
v -0.04000 0.12364 0.04359
v -0.05877 0.11583 0.06404
v -0.07608 0.10517 0.08292
v -0.09153 0.09192 0.09975
v -0.10472 0.07641 0.11413
v -0.11533 0.05902 0.12569
v -0.12311 0.04017 0.13416
v -0.12785 0.02034 0.13933
v -0.12944 0.00000 0.14107
v -0.12785 -0.02034 0.13933
v -0.12311 -0.04017 0.13416
v -0.11533 -0.05902 0.12569
v -0.10472 -0.07641 0.11413
v -0.09153 -0.09192 0.09975
v -0.07608 -0.10517 0.08292
v -0.05877 -0.11583 0.06404
v -0.04000 -0.12364 0.04359
v -0.02025 -0.12840 0.02207
v -0.00000 -0.13000 0.00000
v 0.00000 0.13000 0.00000
v -0.02287 0.12840 0.01527
v -0.04517 0.12364 0.03017
v -0.06636 0.11583 0.04432
v -0.08591 0.10517 0.05738
v -0.10336 0.09192 0.06903
v -0.11825 0.07641 0.07897
v -0.13024 0.05902 0.08698
v -0.13901 0.04017 0.09284
v -0.14437 0.02034 0.09641
v -0.14617 0.00000 0.09762
v -0.14437 -0.02034 0.09641
v -0.13901 -0.04017 0.09284
v -0.13024 -0.05902 0.08698
v -0.11825 -0.07641 0.07897
v -0.10336 -0.09192 0.06903
v -0.08591 -0.10517 0.05738
v -0.06636 -0.11583 0.04432
v -0.04517 -0.12364 0.03017
v -0.02287 -0.12840 0.01527
v -0.00000 -0.13000 0.00000
v 0.00000 0.13000 0.00000
v -0.02448 0.12840 0.00781
v -0.04836 0.12364 0.01542
v -0.07105 0.11583 0.02265
v -0.09199 0.10517 0.02933
v -0.11066 0.09192 0.03528
v -0.12661 0.07641 0.04037
v -0.13945 0.05902 0.04446
v -0.14884 0.04017 0.04746
v -0.15458 0.02034 0.04928
v -0.15650 0.00000 0.04990
v -0.15458 -0.02034 0.04928
v -0.14884 -0.04017 0.04746
v -0.13945 -0.05902 0.04446
v -0.12661 -0.07641 0.04037
v -0.11066 -0.09192 0.03528
v -0.09199 -0.10517 0.02933
v -0.07105 -0.11583 0.02265
v -0.04836 -0.12364 0.01542
v -0.02448 -0.12840 0.00781
v -0.00000 -0.13000 0.00000
v 0.00000 0.13000 0.00000
v -0.02503 0.12840 0.00000
v -0.04944 0.12364 0.00000
v -0.07264 0.11583 0.00000
v -0.09405 0.10517 0.00000
v -0.11314 0.09192 0.00000
v -0.12944 0.07641 0.00000
v -0.14256 0.05902 0.00000
v -0.15217 0.04017 0.00000
v -0.15803 0.02034 0.00000
v -0.16000 0.00000 0.00000
v -0.15803 -0.02034 0.00000
v -0.15217 -0.04017 0.00000
v -0.14256 -0.05902 0.00000
v -0.12944 -0.07641 0.00000
v -0.11314 -0.09192 0.00000
v -0.09405 -0.10517 0.00000
v -0.07264 -0.11583 0.00000
v -0.04944 -0.12364 0.00000
v -0.02503 -0.12840 0.00000
v -0.00000 -0.13000 0.00000
v 0.00000 0.13000 0.00000
v -0.02448 0.12840 -0.00781
v -0.04836 0.12364 -0.01542
v -0.07105 0.11583 -0.02265
v -0.09199 0.10517 -0.02933
v -0.11066 0.09192 -0.03528
v -0.12661 0.07641 -0.04037
v -0.13945 0.05902 -0.04446
v -0.14884 0.04017 -0.04746
v -0.15458 0.02034 -0.04928
v -0.15650 0.00000 -0.04990
v -0.15458 -0.02034 -0.04928
v -0.14884 -0.04017 -0.04746
v -0.13945 -0.05902 -0.04446
v -0.12661 -0.07641 -0.04037
v -0.11066 -0.09192 -0.03528
v -0.09199 -0.10517 -0.02933
v -0.07105 -0.11583 -0.02265
v -0.04836 -0.12364 -0.01542
v -0.02448 -0.12840 -0.00781
v -0.00000 -0.13000 -0.00000
v 0.00000 0.13000 0.00000
v -0.02287 0.12840 -0.01527
v -0.04517 0.12364 -0.03017
v -0.06636 0.11583 -0.04432
v -0.08591 0.10517 -0.05738
v -0.10336 0.09192 -0.06903
v -0.11825 0.07641 -0.07897
v -0.13024 0.05902 -0.08698
v -0.13901 0.04017 -0.09284
v -0.14437 0.02034 -0.09641
v -0.14617 0.00000 -0.09762
v -0.14437 -0.02034 -0.09641
v -0.13901 -0.04017 -0.09284
v -0.13024 -0.05902 -0.08698
v -0.11825 -0.07641 -0.07897
v -0.10336 -0.09192 -0.06903
v -0.08591 -0.10517 -0.05738
v -0.06636 -0.11583 -0.04432
v -0.04517 -0.12364 -0.03017
v -0.02287 -0.12840 -0.01527
v -0.00000 -0.13000 -0.00000
v 0.00000 0.13000 0.00000
v -0.02025 0.12840 -0.02207
v -0.04000 0.12364 -0.04359
v -0.05877 0.11583 -0.06404
v -0.07608 0.10517 -0.08292
v -0.09153 0.09192 -0.09975
v -0.10472 0.07641 -0.11413
v -0.11533 0.05902 -0.12569
v -0.12311 0.04017 -0.13416
v -0.12785 0.02034 -0.13933
v -0.12944 0.00000 -0.14107
v -0.12785 -0.02034 -0.13933
v -0.12311 -0.04017 -0.13416
v -0.11533 -0.05902 -0.12569
v -0.10472 -0.07641 -0.11413
v -0.09153 -0.09192 -0.09975
v -0.07608 -0.10517 -0.08292
v -0.05877 -0.11583 -0.06404
v -0.04000 -0.12364 -0.04359
v -0.02025 -0.12840 -0.02207
v -0.00000 -0.13000 -0.00000
v 0.00000 0.13000 0.00000
v -0.01675 0.12840 -0.02790
v -0.03308 0.12364 -0.05511
v -0.04860 0.11583 -0.08097
v -0.06293 0.10517 -0.10483
v -0.07570 0.09192 -0.12612
v -0.08661 0.07641 -0.14429
v -0.09539 0.05902 -0.15892
v -0.10182 0.04017 -0.16963
v -0.10574 0.02034 -0.17616
v -0.10706 0.00000 -0.17835
v -0.10574 -0.02034 -0.17616
v -0.10182 -0.04017 -0.16963
v -0.09539 -0.05902 -0.15892
v -0.08661 -0.07641 -0.14429
v -0.07570 -0.09192 -0.12612
v -0.06293 -0.10517 -0.10483
v -0.04860 -0.11583 -0.08097
v -0.03308 -0.12364 -0.05511
v -0.01675 -0.12840 -0.02790
v -0.00000 -0.13000 -0.00000
v 0.00000 0.13000 0.00000
v -0.01251 0.12840 -0.03251
v -0.02472 0.12364 -0.06423
v -0.03632 0.11583 -0.09436
v -0.04702 0.10517 -0.12217
v -0.05657 0.09192 -0.14697
v -0.06472 0.07641 -0.16815
v -0.07128 0.05902 -0.18519
v -0.07608 0.04017 -0.19767
v -0.07902 0.02034 -0.20529
v -0.08000 0.00000 -0.20785
v -0.07902 -0.02034 -0.20529
v -0.07608 -0.04017 -0.19767
v -0.07128 -0.05902 -0.18519
v -0.06472 -0.07641 -0.16815
v -0.05657 -0.09192 -0.14697
v -0.04702 -0.10517 -0.12217
v -0.03632 -0.11583 -0.09436
v -0.02472 -0.12364 -0.06423
v -0.01251 -0.12840 -0.03251
v -0.00000 -0.13000 -0.00000
v 0.00000 0.13000 0.00000
v -0.00773 0.12840 -0.03571
v -0.01528 0.12364 -0.07053
v -0.02245 0.11583 -0.10362
v -0.02906 0.10517 -0.13416
v -0.03496 0.09192 -0.16140
v -0.04000 0.07641 -0.18466
v -0.04405 0.05902 -0.20338
v -0.04702 0.04017 -0.21708
v -0.04883 0.02034 -0.22544
v -0.04944 0.00000 -0.22825
v -0.04883 -0.02034 -0.22544
v -0.04702 -0.04017 -0.21708
v -0.04405 -0.05902 -0.20338
v -0.04000 -0.07641 -0.18466
v -0.03496 -0.09192 -0.16140
v -0.02906 -0.10517 -0.13416
v -0.02245 -0.11583 -0.10362
v -0.01528 -0.12364 -0.07053
v -0.00773 -0.12840 -0.03571
v -0.00000 -0.13000 -0.00000
v 0.00000 0.13000 0.00000
v -0.00262 0.12840 -0.03734
v -0.00517 0.12364 -0.07376
v -0.00759 0.11583 -0.10836
v -0.00983 0.10517 -0.14030
v -0.01183 0.09192 -0.16878
v -0.01353 0.07641 -0.19310
v -0.01490 0.05902 -0.21267
v -0.01591 0.04017 -0.22700
v -0.01652 0.02034 -0.23575
v -0.01672 0.00000 -0.23869
v -0.01652 -0.02034 -0.23575
v -0.01591 -0.04017 -0.22700
v -0.01490 -0.05902 -0.21267
v -0.01353 -0.07641 -0.19310
v -0.01183 -0.09192 -0.16878
v -0.00983 -0.10517 -0.14030
v -0.00759 -0.11583 -0.10836
v -0.00517 -0.12364 -0.07376
v -0.00262 -0.12840 -0.03734
v -0.00000 -0.13000 -0.00000
v 0.00000 0.13000 0.00000
v 0.00262 0.12840 -0.03734
v 0.00517 0.12364 -0.07376
v 0.00759 0.11583 -0.10836
v 0.00983 0.10517 -0.14030
v 0.01183 0.09192 -0.16878
v 0.01353 0.07641 -0.19310
v 0.01490 0.05902 -0.21267
v 0.01591 0.04017 -0.22700
v 0.01652 0.02034 -0.23575
v 0.01672 0.00000 -0.23869
v 0.01652 -0.02034 -0.23575
v 0.01591 -0.04017 -0.22700
v 0.01490 -0.05902 -0.21267
v 0.01353 -0.07641 -0.19310
v 0.01183 -0.09192 -0.16878
v 0.00983 -0.10517 -0.14030
v 0.00759 -0.11583 -0.10836
v 0.00517 -0.12364 -0.07376
v 0.00262 -0.12840 -0.03734
v 0.00000 -0.13000 -0.00000
v 0.00000 0.13000 0.00000
v 0.00773 0.12840 -0.03571
v 0.01528 0.12364 -0.07053
v 0.02245 0.11583 -0.10362
v 0.02906 0.10517 -0.13416
v 0.03496 0.09192 -0.16140
v 0.04000 0.07641 -0.18466
v 0.04405 0.05902 -0.20338
v 0.04702 0.04017 -0.21708
v 0.04883 0.02034 -0.22544
v 0.04944 0.00000 -0.22825
v 0.04883 -0.02034 -0.22544
v 0.04702 -0.04017 -0.21708
v 0.04405 -0.05902 -0.20338
v 0.04000 -0.07641 -0.18466
v 0.03496 -0.09192 -0.16140
v 0.02906 -0.10517 -0.13416
v 0.02245 -0.11583 -0.10362
v 0.01528 -0.12364 -0.07053
v 0.00773 -0.12840 -0.03571
v 0.00000 -0.13000 -0.00000
v 0.00000 0.13000 0.00000
v 0.01251 0.12840 -0.03251
v 0.02472 0.12364 -0.06423
v 0.03632 0.11583 -0.09436
v 0.04702 0.10517 -0.12217
v 0.05657 0.09192 -0.14697
v 0.06472 0.07641 -0.16815
v 0.07128 0.05902 -0.18519
v 0.07608 0.04017 -0.19767
v 0.07902 0.02034 -0.20529
v 0.08000 0.00000 -0.20785
v 0.07902 -0.02034 -0.20529
v 0.07608 -0.04017 -0.19767
v 0.07128 -0.05902 -0.18519
v 0.06472 -0.07641 -0.16815
v 0.05657 -0.09192 -0.14697
v 0.04702 -0.10517 -0.12217
v 0.03632 -0.11583 -0.09436
v 0.02472 -0.12364 -0.06423
v 0.01251 -0.12840 -0.03251
v 0.00000 -0.13000 -0.00000
v 0.00000 0.13000 0.00000
v 0.01675 0.12840 -0.02790
v 0.03308 0.12364 -0.05511
v 0.04860 0.11583 -0.08097
v 0.06293 0.10517 -0.10483
v 0.07570 0.09192 -0.12612
v 0.08661 0.07641 -0.14429
v 0.09539 0.05902 -0.15892
v 0.10182 0.04017 -0.16963
v 0.10574 0.02034 -0.17616
v 0.10706 0.00000 -0.17835
v 0.10574 -0.02034 -0.17616
v 0.10182 -0.04017 -0.16963
v 0.09539 -0.05902 -0.15892
v 0.08661 -0.07641 -0.14429
v 0.07570 -0.09192 -0.12612
v 0.06293 -0.10517 -0.10483
v 0.04860 -0.11583 -0.08097
v 0.03308 -0.12364 -0.05511
v 0.01675 -0.12840 -0.02790
v 0.00000 -0.13000 -0.00000
v 0.00000 0.13000 0.00000
v 0.02025 0.12840 -0.02207
v 0.04000 0.12364 -0.04359
v 0.05877 0.11583 -0.06404
v 0.07608 0.10517 -0.08292
v 0.09153 0.09192 -0.09975
v 0.10472 0.07641 -0.11413
v 0.11533 0.05902 -0.12569
v 0.12311 0.04017 -0.13416
v 0.12785 0.02034 -0.13933
v 0.12944 0.00000 -0.14107
v 0.12785 -0.02034 -0.13933
v 0.12311 -0.04017 -0.13416
v 0.11533 -0.05902 -0.12569
v 0.10472 -0.07641 -0.11413
v 0.09153 -0.09192 -0.09975
v 0.07608 -0.10517 -0.08292
v 0.05877 -0.11583 -0.06404
v 0.04000 -0.12364 -0.04359
v 0.02025 -0.12840 -0.02207
v 0.00000 -0.13000 -0.00000
v 0.00000 0.13000 0.00000
v 0.02287 0.12840 -0.01527
v 0.04517 0.12364 -0.03017
v 0.06636 0.11583 -0.04432
v 0.08591 0.10517 -0.05738
v 0.10336 0.09192 -0.06903
v 0.11825 0.07641 -0.07897
v 0.13024 0.05902 -0.08698
v 0.13901 0.04017 -0.09284
v 0.14437 0.02034 -0.09641
v 0.14617 0.00000 -0.09762
v 0.14437 -0.02034 -0.09641
v 0.13901 -0.04017 -0.09284
v 0.13024 -0.05902 -0.08698
v 0.11825 -0.07641 -0.07897
v 0.10336 -0.09192 -0.06903
v 0.08591 -0.10517 -0.05738
v 0.06636 -0.11583 -0.04432
v 0.04517 -0.12364 -0.03017
v 0.02287 -0.12840 -0.01527
v 0.00000 -0.13000 -0.00000
v 0.00000 0.13000 0.00000
v 0.02448 0.12840 -0.00781
v 0.04836 0.12364 -0.01542
v 0.07105 0.11583 -0.02265
v 0.09199 0.10517 -0.02933
v 0.11066 0.09192 -0.03528
v 0.12661 0.07641 -0.04037
v 0.13945 0.05902 -0.04446
v 0.14884 0.04017 -0.04746
v 0.15458 0.02034 -0.04928
v 0.15650 0.00000 -0.04990
v 0.15458 -0.02034 -0.04928
v 0.14884 -0.04017 -0.04746
v 0.13945 -0.05902 -0.04446
v 0.12661 -0.07641 -0.04037
v 0.11066 -0.09192 -0.03528
v 0.09199 -0.10517 -0.02933
v 0.07105 -0.11583 -0.02265
v 0.04836 -0.12364 -0.01542
v 0.02448 -0.12840 -0.00781
v 0.00000 -0.13000 -0.00000
v 0.00000 0.13000 0.00000
v 0.02503 0.12840 -0.00000
v 0.04944 0.12364 -0.00000
v 0.07264 0.11583 -0.00000
v 0.09405 0.10517 -0.00000
v 0.11314 0.09192 -0.00000
v 0.12944 0.07641 -0.00000
v 0.14256 0.05902 -0.00000
v 0.15217 0.04017 -0.00000
v 0.15803 0.02034 -0.00000
v 0.16000 0.00000 -0.00000
v 0.15803 -0.02034 -0.00000
v 0.15217 -0.04017 -0.00000
v 0.14256 -0.05902 -0.00000
v 0.12944 -0.07641 -0.00000
v 0.11314 -0.09192 -0.00000
v 0.09405 -0.10517 -0.00000
v 0.07264 -0.11583 -0.00000
v 0.04944 -0.12364 -0.00000
v 0.02503 -0.12840 -0.00000
v 0.00000 -0.13000 -0.00000
v 0.00000 0.14000 0.30000
v 0.00313 0.13828 0.30000
v 0.00618 0.13315 0.30000
v 0.00908 0.12474 0.30000
v 0.01176 0.11326 0.30000
v 0.01414 0.09899 0.30000
v 0.01618 0.08229 0.30000
v 0.01782 0.06356 0.30000
v 0.01902 0.04326 0.30000
v 0.01975 0.02190 0.30000
v 0.02000 0.00000 0.30000
v 0.01975 -0.02190 0.30000
v 0.01902 -0.04326 0.30000
v 0.01782 -0.06356 0.30000
v 0.01618 -0.08229 0.30000
v 0.01414 -0.09899 0.30000
v 0.01176 -0.11326 0.30000
v 0.00908 -0.12474 0.30000
v 0.00618 -0.13315 0.30000
v 0.00313 -0.13828 0.30000
v 0.00000 -0.14000 0.30000
v 0.00000 0.14000 0.30000
v 0.00306 0.13828 0.30423
v 0.00605 0.13315 0.30835
v 0.00888 0.12474 0.31227
v 0.01150 0.11326 0.31589
v 0.01383 0.09899 0.31911
v 0.01583 0.08229 0.32187
v 0.01743 0.06356 0.32408
v 0.01861 0.04326 0.32571
v 0.01932 0.02190 0.32670
v 0.01956 0.00000 0.32703
v 0.01932 -0.02190 0.32670
v 0.01861 -0.04326 0.32571
v 0.01743 -0.06356 0.32408
v 0.01583 -0.08229 0.32187
v 0.01383 -0.09899 0.31911
v 0.01150 -0.11326 0.31589
v 0.00888 -0.12474 0.31227
v 0.00605 -0.13315 0.30835
v 0.00306 -0.13828 0.30423
v 0.00000 -0.14000 0.30000
v 0.00000 0.14000 0.30000
v 0.00286 0.13828 0.30827
v 0.00565 0.13315 0.31634
v 0.00829 0.12474 0.32401
v 0.01074 0.11326 0.33108
v 0.01292 0.09899 0.33739
v 0.01478 0.08229 0.34278
v 0.01628 0.06356 0.34711
v 0.01738 0.04326 0.35029
v 0.01805 0.02190 0.35222
v 0.01827 0.00000 0.35288
v 0.01805 -0.02190 0.35222
v 0.01738 -0.04326 0.35029
v 0.01628 -0.06356 0.34711
v 0.01478 -0.08229 0.34278
v 0.01292 -0.09899 0.33739
v 0.01074 -0.11326 0.33108
v 0.00829 -0.12474 0.32401
v 0.00565 -0.13315 0.31634
v 0.00286 -0.13828 0.30827
v 0.00000 -0.14000 0.30000
v 0.00000 0.14000 0.30000
v 0.00253 0.13828 0.31195
v 0.00500 0.13315 0.32361
v 0.00735 0.12474 0.33469
v 0.00951 0.11326 0.34491
v 0.01144 0.09899 0.35403
v 0.01309 0.08229 0.36182
v 0.01442 0.06356 0.36808
v 0.01539 0.04326 0.37267
v 0.01598 0.02190 0.37547
v 0.01618 0.00000 0.37641
v 0.01598 -0.02190 0.37547
v 0.01539 -0.04326 0.37267
v 0.01442 -0.06356 0.36808
v 0.01309 -0.08229 0.36182
v 0.01144 -0.09899 0.35403
v 0.00951 -0.11326 0.34491
v 0.00735 -0.12474 0.33469
v 0.00500 -0.13315 0.32361
v 0.00253 -0.13828 0.31195
v 0.00000 -0.14000 0.30000
v 0.00000 0.14000 0.30000
v 0.00209 0.13828 0.31511
v 0.00414 0.13315 0.32985
v 0.00608 0.12474 0.34386
v 0.00787 0.11326 0.35679
v 0.00946 0.09899 0.36831
v 0.01083 0.08229 0.37816
v 0.01192 0.06356 0.38608
v 0.01273 0.04326 0.39188
v 0.01322 0.02190 0.39542
v 0.01338 0.00000 0.39661
v 0.01322 -0.02190 0.39542
v 0.01273 -0.04326 0.39188
v 0.01192 -0.06356 0.38608
v 0.01083 -0.08229 0.37816
v 0.00946 -0.09899 0.36831
v 0.00787 -0.11326 0.35679
v 0.00608 -0.12474 0.34386
v 0.00414 -0.13315 0.32985
v 0.00209 -0.13828 0.31511
v 0.00000 -0.14000 0.30000
v 0.00000 0.14000 0.30000
v 0.00156 0.13828 0.31761
v 0.00309 0.13315 0.33479
v 0.00454 0.12474 0.35111
v 0.00588 0.11326 0.36617
v 0.00707 0.09899 0.37961
v 0.00809 0.08229 0.39108
v 0.00891 0.06356 0.40031
v 0.00951 0.04326 0.40707
v 0.00988 0.02190 0.41120
v 0.01000 0.00000 0.41258
v 0.00988 -0.02190 0.41120
v 0.00951 -0.04326 0.40707
v 0.00891 -0.06356 0.40031
v 0.00809 -0.08229 0.39108
v 0.00707 -0.09899 0.37961
v 0.00588 -0.11326 0.36617
v 0.00454 -0.12474 0.35111
v 0.00309 -0.13315 0.33479
v 0.00156 -0.13828 0.31761
v 0.00000 -0.14000 0.30000
v 0.00000 0.14000 0.30000
v 0.00097 0.13828 0.31934
v 0.00191 0.13315 0.33821
v 0.00281 0.12474 0.35613
v 0.00363 0.11326 0.37267
v 0.00437 0.09899 0.38742
v 0.00500 0.08229 0.40002
v 0.00551 0.06356 0.41016
v 0.00588 0.04326 0.41759
v 0.00610 0.02190 0.42212
v 0.00618 0.00000 0.42364
v 0.00610 -0.02190 0.42212
v 0.00588 -0.04326 0.41759
v 0.00551 -0.06356 0.41016
v 0.00500 -0.08229 0.40002
v 0.00437 -0.09899 0.38742
v 0.00363 -0.11326 0.37267
v 0.00281 -0.12474 0.35613
v 0.00191 -0.13315 0.33821
v 0.00097 -0.13828 0.31934
v 0.00000 -0.14000 0.30000
v 0.00000 0.14000 0.30000
v 0.00033 0.13828 0.32023
v 0.00065 0.13315 0.33995
v 0.00095 0.12474 0.35870
v 0.00123 0.11326 0.37599
v 0.00148 0.09899 0.39142
v 0.00169 0.08229 0.40460
v 0.00186 0.06356 0.41520
v 0.00199 0.04326 0.42296
v 0.00206 0.02190 0.42770
v 0.00209 0.00000 0.42929
v 0.00206 -0.02190 0.42770
v 0.00199 -0.04326 0.42296
v 0.00186 -0.06356 0.41520
v 0.00169 -0.08229 0.40460
v 0.00148 -0.09899 0.39142
v 0.00123 -0.11326 0.37599
v 0.00095 -0.12474 0.35870
v 0.00065 -0.13315 0.33995
v 0.00033 -0.13828 0.32023
v 0.00000 -0.14000 0.30000
v 0.00000 0.14000 0.30000
v -0.00033 0.13828 0.32023
v -0.00065 0.13315 0.33995
v -0.00095 0.12474 0.35870
v -0.00123 0.11326 0.37599
v -0.00148 0.09899 0.39142
v -0.00169 0.08229 0.40460
v -0.00186 0.06356 0.41520
v -0.00199 0.04326 0.42296
v -0.00206 0.02190 0.42770
v -0.00209 0.00000 0.42929
v -0.00206 -0.02190 0.42770
v -0.00199 -0.04326 0.42296
v -0.00186 -0.06356 0.41520
v -0.00169 -0.08229 0.40460
v -0.00148 -0.09899 0.39142
v -0.00123 -0.11326 0.37599
v -0.00095 -0.12474 0.35870
v -0.00065 -0.13315 0.33995
v -0.00033 -0.13828 0.32023
v -0.00000 -0.14000 0.30000
v 0.00000 0.14000 0.30000
v -0.00097 0.13828 0.31934
v -0.00191 0.13315 0.33821
v -0.00281 0.12474 0.35613
v -0.00363 0.11326 0.37267
v -0.00437 0.09899 0.38742
v -0.00500 0.08229 0.40002
v -0.00551 0.06356 0.41016
v -0.00588 0.04326 0.41759
v -0.00610 0.02190 0.42212
v -0.00618 0.00000 0.42364
v -0.00610 -0.02190 0.42212
v -0.00588 -0.04326 0.41759
v -0.00551 -0.06356 0.41016
v -0.00500 -0.08229 0.40002
v -0.00437 -0.09899 0.38742
v -0.00363 -0.11326 0.37267
v -0.00281 -0.12474 0.35613
v -0.00191 -0.13315 0.33821
v -0.00097 -0.13828 0.31934
v -0.00000 -0.14000 0.30000
v 0.00000 0.14000 0.30000
v -0.00156 0.13828 0.31761
v -0.00309 0.13315 0.33479
v -0.00454 0.12474 0.35111
v -0.00588 0.11326 0.36617
v -0.00707 0.09899 0.37961
v -0.00809 0.08229 0.39108
v -0.00891 0.06356 0.40031
v -0.00951 0.04326 0.40707
v -0.00988 0.02190 0.41120
v -0.01000 0.00000 0.41258
v -0.00988 -0.02190 0.41120
v -0.00951 -0.04326 0.40707
v -0.00891 -0.06356 0.40031
v -0.00809 -0.08229 0.39108
v -0.00707 -0.09899 0.37961
v -0.00588 -0.11326 0.36617
v -0.00454 -0.12474 0.35111
v -0.00309 -0.13315 0.33479
v -0.00156 -0.13828 0.31761
v -0.00000 -0.14000 0.30000
v 0.00000 0.14000 0.30000
v -0.00209 0.13828 0.31511
v -0.00414 0.13315 0.32985
v -0.00608 0.12474 0.34386
v -0.00787 0.11326 0.35679
v -0.00946 0.09899 0.36831
v -0.01083 0.08229 0.37816
v -0.01192 0.06356 0.38608
v -0.01273 0.04326 0.39188
v -0.01322 0.02190 0.39542
v -0.01338 0.00000 0.39661
v -0.01322 -0.02190 0.39542
v -0.01273 -0.04326 0.39188
v -0.01192 -0.06356 0.38608
v -0.01083 -0.08229 0.37816
v -0.00946 -0.09899 0.36831
v -0.00787 -0.11326 0.35679
v -0.00608 -0.12474 0.34386
v -0.00414 -0.13315 0.32985
v -0.00209 -0.13828 0.31511
v -0.00000 -0.14000 0.30000
v 0.00000 0.14000 0.30000
v -0.00253 0.13828 0.31195
v -0.00500 0.13315 0.32361
v -0.00735 0.12474 0.33469
v -0.00951 0.11326 0.34491
v -0.01144 0.09899 0.35403
v -0.01309 0.08229 0.36182
v -0.01442 0.06356 0.36808
v -0.01539 0.04326 0.37267
v -0.01598 0.02190 0.37547
v -0.01618 0.00000 0.37641
v -0.01598 -0.02190 0.37547
v -0.01539 -0.04326 0.37267
v -0.01442 -0.06356 0.36808
v -0.01309 -0.08229 0.36182
v -0.01144 -0.09899 0.35403
v -0.00951 -0.11326 0.34491
v -0.00735 -0.12474 0.33469
v -0.00500 -0.13315 0.32361
v -0.00253 -0.13828 0.31195
v -0.00000 -0.14000 0.30000
v 0.00000 0.14000 0.30000
v -0.00286 0.13828 0.30827
v -0.00565 0.13315 0.31634
v -0.00829 0.12474 0.32401
v -0.01074 0.11326 0.33108
v -0.01292 0.09899 0.33739
v -0.01478 0.08229 0.34278
v -0.01628 0.06356 0.34711
v -0.01738 0.04326 0.35029
v -0.01805 0.02190 0.35222
v -0.01827 0.00000 0.35288
v -0.01805 -0.02190 0.35222
v -0.01738 -0.04326 0.35029
v -0.01628 -0.06356 0.34711
v -0.01478 -0.08229 0.34278
v -0.01292 -0.09899 0.33739
v -0.01074 -0.11326 0.33108
v -0.00829 -0.12474 0.32401
v -0.00565 -0.13315 0.31634
v -0.00286 -0.13828 0.30827
v -0.00000 -0.14000 0.30000
v 0.00000 0.14000 0.30000
v -0.00306 0.13828 0.30423
v -0.00605 0.13315 0.30835
v -0.00888 0.12474 0.31227
v -0.01150 0.11326 0.31589
v -0.01383 0.09899 0.31911
v -0.01583 0.08229 0.32187
v -0.01743 0.06356 0.32408
v -0.01861 0.04326 0.32571
v -0.01932 0.02190 0.32670
v -0.01956 0.00000 0.32703
v -0.01932 -0.02190 0.32670
v -0.01861 -0.04326 0.32571
v -0.01743 -0.06356 0.32408
v -0.01583 -0.08229 0.32187
v -0.01383 -0.09899 0.31911
v -0.01150 -0.11326 0.31589
v -0.00888 -0.12474 0.31227
v -0.00605 -0.13315 0.30835
v -0.00306 -0.13828 0.30423
v -0.00000 -0.14000 0.30000
v 0.00000 0.14000 0.30000
v -0.00313 0.13828 0.30000
v -0.00618 0.13315 0.30000
v -0.00908 0.12474 0.30000
v -0.01176 0.11326 0.30000
v -0.01414 0.09899 0.30000
v -0.01618 0.08229 0.30000
v -0.01782 0.06356 0.30000
v -0.01902 0.04326 0.30000
v -0.01975 0.02190 0.30000
v -0.02000 0.00000 0.30000
v -0.01975 -0.02190 0.30000
v -0.01902 -0.04326 0.30000
v -0.01782 -0.06356 0.30000
v -0.01618 -0.08229 0.30000
v -0.01414 -0.09899 0.30000
v -0.01176 -0.11326 0.30000
v -0.00908 -0.12474 0.30000
v -0.00618 -0.13315 0.30000
v -0.00313 -0.13828 0.30000
v -0.00000 -0.14000 0.30000
v 0.00000 0.14000 0.30000
v -0.00306 0.13828 0.29577
v -0.00605 0.13315 0.29165
v -0.00888 0.12474 0.28773
v -0.01150 0.11326 0.28411
v -0.01383 0.09899 0.28089
v -0.01583 0.08229 0.27813
v -0.01743 0.06356 0.27592
v -0.01861 0.04326 0.27429
v -0.01932 0.02190 0.27330
v -0.01956 0.00000 0.27297
v -0.01932 -0.02190 0.27330
v -0.01861 -0.04326 0.27429
v -0.01743 -0.06356 0.27592
v -0.01583 -0.08229 0.27813
v -0.01383 -0.09899 0.28089
v -0.01150 -0.11326 0.28411
v -0.00888 -0.12474 0.28773
v -0.00605 -0.13315 0.29165
v -0.00306 -0.13828 0.29577
v -0.00000 -0.14000 0.30000
v 0.00000 0.14000 0.30000
v -0.00286 0.13828 0.29173
v -0.00565 0.13315 0.28366
v -0.00829 0.12474 0.27599
v -0.01074 0.11326 0.26892
v -0.01292 0.09899 0.26261
v -0.01478 0.08229 0.25722
v -0.01628 0.06356 0.25289
v -0.01738 0.04326 0.24971
v -0.01805 0.02190 0.24778
v -0.01827 0.00000 0.24712
v -0.01805 -0.02190 0.24778
v -0.01738 -0.04326 0.24971
v -0.01628 -0.06356 0.25289
v -0.01478 -0.08229 0.25722
v -0.01292 -0.09899 0.26261
v -0.01074 -0.11326 0.26892
v -0.00829 -0.12474 0.27599
v -0.00565 -0.13315 0.28366
v -0.00286 -0.13828 0.29173
v -0.00000 -0.14000 0.30000
v 0.00000 0.14000 0.30000
v -0.00253 0.13828 0.28805
v -0.00500 0.13315 0.27639
v -0.00735 0.12474 0.26531
v -0.00951 0.11326 0.25509
v -0.01144 0.09899 0.24597
v -0.01309 0.08229 0.23818
v -0.01442 0.06356 0.23192
v -0.01539 0.04326 0.22733
v -0.01598 0.02190 0.22453
v -0.01618 0.00000 0.22359
v -0.01598 -0.02190 0.22453
v -0.01539 -0.04326 0.22733
v -0.01442 -0.06356 0.23192
v -0.01309 -0.08229 0.23818
v -0.01144 -0.09899 0.24597
v -0.00951 -0.11326 0.25509
v -0.00735 -0.12474 0.26531
v -0.00500 -0.13315 0.27639
v -0.00253 -0.13828 0.28805
v -0.00000 -0.14000 0.30000
v 0.00000 0.14000 0.30000
v -0.00209 0.13828 0.28489
v -0.00414 0.13315 0.27015
v -0.00608 0.12474 0.25614
v -0.00787 0.11326 0.24321
v -0.00946 0.09899 0.23169
v -0.01083 0.08229 0.22184
v -0.01192 0.06356 0.21392
v -0.01273 0.04326 0.20812
v -0.01322 0.02190 0.20458
v -0.01338 0.00000 0.20339
v -0.01322 -0.02190 0.20458
v -0.01273 -0.04326 0.20812
v -0.01192 -0.06356 0.21392
v -0.01083 -0.08229 0.22184
v -0.00946 -0.09899 0.23169
v -0.00787 -0.11326 0.24321
v -0.00608 -0.12474 0.25614
v -0.00414 -0.13315 0.27015
v -0.00209 -0.13828 0.28489
v -0.00000 -0.14000 0.30000
v 0.00000 0.14000 0.30000
v -0.00156 0.13828 0.28239
v -0.00309 0.13315 0.26521
v -0.00454 0.12474 0.24889
v -0.00588 0.11326 0.23383
v -0.00707 0.09899 0.22039
v -0.00809 0.08229 0.20892
v -0.00891 0.06356 0.19969
v -0.00951 0.04326 0.19293
v -0.00988 0.02190 0.18880
v -0.01000 0.00000 0.18742
v -0.00988 -0.02190 0.18880
v -0.00951 -0.04326 0.19293
v -0.00891 -0.06356 0.19969
v -0.00809 -0.08229 0.20892
v -0.00707 -0.09899 0.22039
v -0.00588 -0.11326 0.23383
v -0.00454 -0.12474 0.24889
v -0.00309 -0.13315 0.26521
v -0.00156 -0.13828 0.28239
v -0.00000 -0.14000 0.30000
v 0.00000 0.14000 0.30000
v -0.00097 0.13828 0.28066
v -0.00191 0.13315 0.26179
v -0.00281 0.12474 0.24387
v -0.00363 0.11326 0.22733
v -0.00437 0.09899 0.21258
v -0.00500 0.08229 0.19998
v -0.00551 0.06356 0.18984
v -0.00588 0.04326 0.18241
v -0.00610 0.02190 0.17788
v -0.00618 0.00000 0.17636
v -0.00610 -0.02190 0.17788
v -0.00588 -0.04326 0.18241
v -0.00551 -0.06356 0.18984
v -0.00500 -0.08229 0.19998
v -0.00437 -0.09899 0.21258
v -0.00363 -0.11326 0.22733
v -0.00281 -0.12474 0.24387
v -0.00191 -0.13315 0.26179
v -0.00097 -0.13828 0.28066
v -0.00000 -0.14000 0.30000
v 0.00000 0.14000 0.30000
v -0.00033 0.13828 0.27977
v -0.00065 0.13315 0.26005
v -0.00095 0.12474 0.24130
v -0.00123 0.11326 0.22401
v -0.00148 0.09899 0.20858
v -0.00169 0.08229 0.19540
v -0.00186 0.06356 0.18480
v -0.00199 0.04326 0.17704
v -0.00206 0.02190 0.17230
v -0.00209 0.00000 0.17071
v -0.00206 -0.02190 0.17230
v -0.00199 -0.04326 0.17704
v -0.00186 -0.06356 0.18480
v -0.00169 -0.08229 0.19540
v -0.00148 -0.09899 0.20858
v -0.00123 -0.11326 0.22401
v -0.00095 -0.12474 0.24130
v -0.00065 -0.13315 0.26005
v -0.00033 -0.13828 0.27977
v -0.00000 -0.14000 0.30000
v 0.00000 0.14000 0.30000
v 0.00033 0.13828 0.27977
v 0.00065 0.13315 0.26005
v 0.00095 0.12474 0.24130
v 0.00123 0.11326 0.22401
v 0.00148 0.09899 0.20858
v 0.00169 0.08229 0.19540
v 0.00186 0.06356 0.18480
v 0.00199 0.04326 0.17704
v 0.00206 0.02190 0.17230
v 0.00209 0.00000 0.17071
v 0.00206 -0.02190 0.17230
v 0.00199 -0.04326 0.17704
v 0.00186 -0.06356 0.18480
v 0.00169 -0.08229 0.19540
v 0.00148 -0.09899 0.20858
v 0.00123 -0.11326 0.22401
v 0.00095 -0.12474 0.24130
v 0.00065 -0.13315 0.26005
v 0.00033 -0.13828 0.27977
v 0.00000 -0.14000 0.30000
v 0.00000 0.14000 0.30000
v 0.00097 0.13828 0.28066
v 0.00191 0.13315 0.26179
v 0.00281 0.12474 0.24387
v 0.00363 0.11326 0.22733
v 0.00437 0.09899 0.21258
v 0.00500 0.08229 0.19998
v 0.00551 0.06356 0.18984
v 0.00588 0.04326 0.18241
v 0.00610 0.02190 0.17788
v 0.00618 0.00000 0.17636
v 0.00610 -0.02190 0.17788
v 0.00588 -0.04326 0.18241
v 0.00551 -0.06356 0.18984
v 0.00500 -0.08229 0.19998
v 0.00437 -0.09899 0.21258
v 0.00363 -0.11326 0.22733
v 0.00281 -0.12474 0.24387
v 0.00191 -0.13315 0.26179
v 0.00097 -0.13828 0.28066
v 0.00000 -0.14000 0.30000
v 0.00000 0.14000 0.30000
v 0.00156 0.13828 0.28239
v 0.00309 0.13315 0.26521
v 0.00454 0.12474 0.24889
v 0.00588 0.11326 0.23383
v 0.00707 0.09899 0.22039
v 0.00809 0.08229 0.20892
v 0.00891 0.06356 0.19969
v 0.00951 0.04326 0.19293
v 0.00988 0.02190 0.18880
v 0.01000 0.00000 0.18742
v 0.00988 -0.02190 0.18880
v 0.00951 -0.04326 0.19293
v 0.00891 -0.06356 0.19969
v 0.00809 -0.08229 0.20892
v 0.00707 -0.09899 0.22039
v 0.00588 -0.11326 0.23383
v 0.00454 -0.12474 0.24889
v 0.00309 -0.13315 0.26521
v 0.00156 -0.13828 0.28239
v 0.00000 -0.14000 0.30000
v 0.00000 0.14000 0.30000
v 0.00209 0.13828 0.28489
v 0.00414 0.13315 0.27015
v 0.00608 0.12474 0.25614
v 0.00787 0.11326 0.24321
v 0.00946 0.09899 0.23169
v 0.01083 0.08229 0.22184
v 0.01192 0.06356 0.21392
v 0.01273 0.04326 0.20812
v 0.01322 0.02190 0.20458
v 0.01338 0.00000 0.20339
v 0.01322 -0.02190 0.20458
v 0.01273 -0.04326 0.20812
v 0.01192 -0.06356 0.21392
v 0.01083 -0.08229 0.22184
v 0.00946 -0.09899 0.23169
v 0.00787 -0.11326 0.24321
v 0.00608 -0.12474 0.25614
v 0.00414 -0.13315 0.27015
v 0.00209 -0.13828 0.28489
v 0.00000 -0.14000 0.30000
v 0.00000 0.14000 0.30000
v 0.00253 0.13828 0.28805
v 0.00500 0.13315 0.27639
v 0.00735 0.12474 0.26531
v 0.00951 0.11326 0.25509
v 0.01144 0.09899 0.24597
v 0.01309 0.08229 0.23818
v 0.01442 0.06356 0.23192
v 0.01539 0.04326 0.22733
v 0.01598 0.02190 0.22453
v 0.01618 0.00000 0.22359
v 0.01598 -0.02190 0.22453
v 0.01539 -0.04326 0.22733
v 0.01442 -0.06356 0.23192
v 0.01309 -0.08229 0.23818
v 0.01144 -0.09899 0.24597
v 0.00951 -0.11326 0.25509
v 0.00735 -0.12474 0.26531
v 0.00500 -0.13315 0.27639
v 0.00253 -0.13828 0.28805
v 0.00000 -0.14000 0.30000
v 0.00000 0.14000 0.30000
v 0.00286 0.13828 0.29173
v 0.00565 0.13315 0.28366
v 0.00829 0.12474 0.27599
v 0.01074 0.11326 0.26892
v 0.01292 0.09899 0.26261
v 0.01478 0.08229 0.25722
v 0.01628 0.06356 0.25289
v 0.01738 0.04326 0.24971
v 0.01805 0.02190 0.24778
v 0.01827 0.00000 0.24712
v 0.01805 -0.02190 0.24778
v 0.01738 -0.04326 0.24971
v 0.01628 -0.06356 0.25289
v 0.01478 -0.08229 0.25722
v 0.01292 -0.09899 0.26261
v 0.01074 -0.11326 0.26892
v 0.00829 -0.12474 0.27599
v 0.00565 -0.13315 0.28366
v 0.00286 -0.13828 0.29173
v 0.00000 -0.14000 0.30000
v 0.00000 0.14000 0.30000
v 0.00306 0.13828 0.29577
v 0.00605 0.13315 0.29165
v 0.00888 0.12474 0.28773
v 0.01150 0.11326 0.28411
v 0.01383 0.09899 0.28089
v 0.01583 0.08229 0.27813
v 0.01743 0.06356 0.27592
v 0.01861 0.04326 0.27429
v 0.01932 0.02190 0.27330
v 0.01956 0.00000 0.27297
v 0.01932 -0.02190 0.27330
v 0.01861 -0.04326 0.27429
v 0.01743 -0.06356 0.27592
v 0.01583 -0.08229 0.27813
v 0.01383 -0.09899 0.28089
v 0.01150 -0.11326 0.28411
v 0.00888 -0.12474 0.28773
v 0.00605 -0.13315 0.29165
v 0.00306 -0.13828 0.29577
v 0.00000 -0.14000 0.30000
v 0.00000 0.14000 0.30000
v 0.00313 0.13828 0.30000
v 0.00618 0.13315 0.30000
v 0.00908 0.12474 0.30000
v 0.01176 0.11326 0.30000
v 0.01414 0.09899 0.30000
v 0.01618 0.08229 0.30000
v 0.01782 0.06356 0.30000
v 0.01902 0.04326 0.30000
v 0.01975 0.02190 0.30000
v 0.02000 0.00000 0.30000
v 0.01975 -0.02190 0.30000
v 0.01902 -0.04326 0.30000
v 0.01782 -0.06356 0.30000
v 0.01618 -0.08229 0.30000
v 0.01414 -0.09899 0.30000
v 0.01176 -0.11326 0.30000
v 0.00908 -0.12474 0.30000
v 0.00618 -0.13315 0.30000
v 0.00313 -0.13828 0.30000
v 0.00000 -0.14000 0.30000
v 0.00000 0.20000 0.02000
v 0.00235 0.19914 0.02000
v 0.00464 0.19657 0.02000
v 0.00681 0.19237 0.02000
v 0.00882 0.18663 0.02000
v 0.01061 0.17950 0.02000
v 0.01214 0.17114 0.02000
v 0.01337 0.16178 0.02000
v 0.01427 0.15163 0.02000
v 0.01482 0.14095 0.02000
v 0.01500 0.13000 0.02000
v 0.01482 0.11905 0.02000
v 0.01427 0.10837 0.02000
v 0.01337 0.09822 0.02000
v 0.01214 0.08886 0.02000
v 0.01061 0.08050 0.02000
v 0.00882 0.07337 0.02000
v 0.00681 0.06763 0.02000
v 0.00464 0.06343 0.02000
v 0.00235 0.06086 0.02000
v 0.00000 0.06000 0.02000
v 0.00000 0.20000 0.02000
v 0.00230 0.19914 0.02325
v 0.00453 0.19657 0.02642
v 0.00666 0.19237 0.02944
v 0.00862 0.18663 0.03222
v 0.01037 0.17950 0.03470
v 0.01187 0.17114 0.03682
v 0.01307 0.16178 0.03853
v 0.01395 0.15163 0.03977
v 0.01449 0.14095 0.04054
v 0.01467 0.13000 0.04079
v 0.01449 0.11905 0.04054
v 0.01395 0.10837 0.03977
v 0.01307 0.09822 0.03853
v 0.01187 0.08886 0.03682
v 0.01037 0.08050 0.03470
v 0.00862 0.07337 0.03222
v 0.00666 0.06763 0.02944
v 0.00453 0.06343 0.02642
v 0.00230 0.06086 0.02325
v 0.00000 0.06000 0.02000
v 0.00000 0.20000 0.02000
v 0.00214 0.19914 0.02636
v 0.00423 0.19657 0.03257
v 0.00622 0.19237 0.03847
v 0.00805 0.18663 0.04391
v 0.00969 0.17950 0.04876
v 0.01109 0.17114 0.05291
v 0.01221 0.16178 0.05624
v 0.01303 0.15163 0.05868
v 0.01353 0.14095 0.06017
v 0.01370 0.13000 0.06067
v 0.01353 0.11905 0.06017
v 0.01303 0.10837 0.05868
v 0.01221 0.09822 0.05624
v 0.01109 0.08886 0.05291
v 0.00969 0.08050 0.04876
v 0.00805 0.07337 0.04391
v 0.00622 0.06763 0.03847
v 0.00423 0.06343 0.03257
v 0.00214 0.06086 0.02636
v 0.00000 0.06000 0.02000
v 0.00000 0.20000 0.02000
v 0.00190 0.19914 0.02919
v 0.00375 0.19657 0.03816
v 0.00551 0.19237 0.04668
v 0.00713 0.18663 0.05455
v 0.00858 0.17950 0.06156
v 0.00982 0.17114 0.06755
v 0.01081 0.16178 0.07237
v 0.01154 0.15163 0.07590
v 0.01199 0.14095 0.07805
v 0.01214 0.13000 0.07878
v 0.01199 0.11905 0.07805
v 0.01154 0.10837 0.07590
v 0.01081 0.09822 0.07237
v 0.00982 0.08886 0.06755
v 0.00858 0.08050 0.06156
v 0.00713 0.07337 0.05455
v 0.00551 0.06763 0.04668
v 0.00375 0.06343 0.03816
v 0.00190 0.06086 0.02919
v 0.00000 0.06000 0.02000
v 0.00000 0.20000 0.02000
v 0.00157 0.19914 0.03163
v 0.00310 0.19657 0.04296
v 0.00456 0.19237 0.05374
v 0.00590 0.18663 0.06368
v 0.00710 0.17950 0.07255
v 0.00812 0.17114 0.08012
v 0.00894 0.16178 0.08621
v 0.00955 0.15163 0.09068
v 0.00991 0.14095 0.09340
v 0.01004 0.13000 0.09431
v 0.00991 0.11905 0.09340
v 0.00955 0.10837 0.09068
v 0.00894 0.09822 0.08621
v 0.00812 0.08886 0.08012
v 0.00710 0.08050 0.07255
v 0.00590 0.07337 0.06368
v 0.00456 0.06763 0.05374
v 0.00310 0.06343 0.04296
v 0.00157 0.06086 0.03163
v 0.00000 0.06000 0.02000
v 0.00000 0.20000 0.02000
v 0.00117 0.19914 0.03355
v 0.00232 0.19657 0.04676
v 0.00340 0.19237 0.05932
v 0.00441 0.18663 0.07090
v 0.00530 0.17950 0.08124
v 0.00607 0.17114 0.09006
v 0.00668 0.16178 0.09716
v 0.00713 0.15163 0.10236
v 0.00741 0.14095 0.10554
v 0.00750 0.13000 0.10660
v 0.00741 0.11905 0.10554
v 0.00713 0.10837 0.10236
v 0.00668 0.09822 0.09716
v 0.00607 0.08886 0.09006
v 0.00530 0.08050 0.08124
v 0.00441 0.07337 0.07090
v 0.00340 0.06763 0.05932
v 0.00232 0.06343 0.04676
v 0.00117 0.06086 0.03355
v 0.00000 0.06000 0.02000
v 0.00000 0.20000 0.02000
v 0.00073 0.19914 0.03488
v 0.00143 0.19657 0.04939
v 0.00210 0.19237 0.06318
v 0.00272 0.18663 0.07590
v 0.00328 0.17950 0.08725
v 0.00375 0.17114 0.09694
v 0.00413 0.16178 0.10474
v 0.00441 0.15163 0.11045
v 0.00458 0.14095 0.11393
v 0.00464 0.13000 0.11511
v 0.00458 0.11905 0.11393
v 0.00441 0.10837 0.11045
v 0.00413 0.09822 0.10474
v 0.00375 0.08886 0.09694
v 0.00328 0.08050 0.08725
v 0.00272 0.07337 0.07590
v 0.00210 0.06763 0.06318
v 0.00143 0.06343 0.04939
v 0.00073 0.06086 0.03488
v 0.00000 0.06000 0.02000
v 0.00000 0.20000 0.02000
v 0.00025 0.19914 0.03556
v 0.00048 0.19657 0.05073
v 0.00071 0.19237 0.06515
v 0.00092 0.18663 0.07846
v 0.00111 0.17950 0.09032
v 0.00127 0.17114 0.10046
v 0.00140 0.16178 0.10861
v 0.00149 0.15163 0.11458
v 0.00155 0.14095 0.11823
v 0.00157 0.13000 0.11945
v 0.00155 0.11905 0.11823
v 0.00149 0.10837 0.11458
v 0.00140 0.09822 0.10861
v 0.00127 0.08886 0.10046
v 0.00111 0.08050 0.09032
v 0.00092 0.07337 0.07846
v 0.00071 0.06763 0.06515
v 0.00048 0.06343 0.05073
v 0.00025 0.06086 0.03556
v 0.00000 0.06000 0.02000
v 0.00000 0.20000 0.02000
v -0.00025 0.19914 0.03556
v -0.00048 0.19657 0.05073
v -0.00071 0.19237 0.06515
v -0.00092 0.18663 0.07846
v -0.00111 0.17950 0.09032
v -0.00127 0.17114 0.10046
v -0.00140 0.16178 0.10861
v -0.00149 0.15163 0.11458
v -0.00155 0.14095 0.11823
v -0.00157 0.13000 0.11945
v -0.00155 0.11905 0.11823
v -0.00149 0.10837 0.11458
v -0.00140 0.09822 0.10861
v -0.00127 0.08886 0.10046
v -0.00111 0.08050 0.09032
v -0.00092 0.07337 0.07846
v -0.00071 0.06763 0.06515
v -0.00048 0.06343 0.05073
v -0.00025 0.06086 0.03556
v -0.00000 0.06000 0.02000
v 0.00000 0.20000 0.02000
v -0.00073 0.19914 0.03488
v -0.00143 0.19657 0.04939
v -0.00210 0.19237 0.06318
v -0.00272 0.18663 0.07590
v -0.00328 0.17950 0.08725
v -0.00375 0.17114 0.09694
v -0.00413 0.16178 0.10474
v -0.00441 0.15163 0.11045
v -0.00458 0.14095 0.11393
v -0.00464 0.13000 0.11511
v -0.00458 0.11905 0.11393
v -0.00441 0.10837 0.11045
v -0.00413 0.09822 0.10474
v -0.00375 0.08886 0.09694
v -0.00328 0.08050 0.08725
v -0.00272 0.07337 0.07590
v -0.00210 0.06763 0.06318
v -0.00143 0.06343 0.04939
v -0.00073 0.06086 0.03488
v -0.00000 0.06000 0.02000
v 0.00000 0.20000 0.02000
v -0.00117 0.19914 0.03355
v -0.00232 0.19657 0.04676
v -0.00340 0.19237 0.05932
v -0.00441 0.18663 0.07090
v -0.00530 0.17950 0.08124
v -0.00607 0.17114 0.09006
v -0.00668 0.16178 0.09716
v -0.00713 0.15163 0.10236
v -0.00741 0.14095 0.10554
v -0.00750 0.13000 0.10660
v -0.00741 0.11905 0.10554
v -0.00713 0.10837 0.10236
v -0.00668 0.09822 0.09716
v -0.00607 0.08886 0.09006
v -0.00530 0.08050 0.08124
v -0.00441 0.07337 0.07090
v -0.00340 0.06763 0.05932
v -0.00232 0.06343 0.04676
v -0.00117 0.06086 0.03355
v -0.00000 0.06000 0.02000
v 0.00000 0.20000 0.02000
v -0.00157 0.19914 0.03163
v -0.00310 0.19657 0.04296
v -0.00456 0.19237 0.05374
v -0.00590 0.18663 0.06368
v -0.00710 0.17950 0.07255
v -0.00812 0.17114 0.08012
v -0.00894 0.16178 0.08621
v -0.00955 0.15163 0.09068
v -0.00991 0.14095 0.09340
v -0.01004 0.13000 0.09431
v -0.00991 0.11905 0.09340
v -0.00955 0.10837 0.09068
v -0.00894 0.09822 0.08621
v -0.00812 0.08886 0.08012
v -0.00710 0.08050 0.07255
v -0.00590 0.07337 0.06368
v -0.00456 0.06763 0.05374
v -0.00310 0.06343 0.04296
v -0.00157 0.06086 0.03163
v -0.00000 0.06000 0.02000
v 0.00000 0.20000 0.02000
v -0.00190 0.19914 0.02919
v -0.00375 0.19657 0.03816
v -0.00551 0.19237 0.04668
v -0.00713 0.18663 0.05455
v -0.00858 0.17950 0.06156
v -0.00982 0.17114 0.06755
v -0.01081 0.16178 0.07237
v -0.01154 0.15163 0.07590
v -0.01199 0.14095 0.07805
v -0.01214 0.13000 0.07878
v -0.01199 0.11905 0.07805
v -0.01154 0.10837 0.07590
v -0.01081 0.09822 0.07237
v -0.00982 0.08886 0.06755
v -0.00858 0.08050 0.06156
v -0.00713 0.07337 0.05455
v -0.00551 0.06763 0.04668
v -0.00375 0.06343 0.03816
v -0.00190 0.06086 0.02919
v -0.00000 0.06000 0.02000
v 0.00000 0.20000 0.02000
v -0.00214 0.19914 0.02636
v -0.00423 0.19657 0.03257
v -0.00622 0.19237 0.03847
v -0.00805 0.18663 0.04391
v -0.00969 0.17950 0.04876
v -0.01109 0.17114 0.05291
v -0.01221 0.16178 0.05624
v -0.01303 0.15163 0.05868
v -0.01353 0.14095 0.06017
v -0.01370 0.13000 0.06067
v -0.01353 0.11905 0.06017
v -0.01303 0.10837 0.05868
v -0.01221 0.09822 0.05624
v -0.01109 0.08886 0.05291
v -0.00969 0.08050 0.04876
v -0.00805 0.07337 0.04391
v -0.00622 0.06763 0.03847
v -0.00423 0.06343 0.03257
v -0.00214 0.06086 0.02636
v -0.00000 0.06000 0.02000
v 0.00000 0.20000 0.02000
v -0.00230 0.19914 0.02325
v -0.00453 0.19657 0.02642
v -0.00666 0.19237 0.02944
v -0.00862 0.18663 0.03222
v -0.01037 0.17950 0.03470
v -0.01187 0.17114 0.03682
v -0.01307 0.16178 0.03853
v -0.01395 0.15163 0.03977
v -0.01449 0.14095 0.04054
v -0.01467 0.13000 0.04079
v -0.01449 0.11905 0.04054
v -0.01395 0.10837 0.03977
v -0.01307 0.09822 0.03853
v -0.01187 0.08886 0.03682
v -0.01037 0.08050 0.03470
v -0.00862 0.07337 0.03222
v -0.00666 0.06763 0.02944
v -0.00453 0.06343 0.02642
v -0.00230 0.06086 0.02325
v -0.00000 0.06000 0.02000
v 0.00000 0.20000 0.02000
v -0.00235 0.19914 0.02000
v -0.00464 0.19657 0.02000
v -0.00681 0.19237 0.02000
v -0.00882 0.18663 0.02000
v -0.01061 0.17950 0.02000
v -0.01214 0.17114 0.02000
v -0.01337 0.16178 0.02000
v -0.01427 0.15163 0.02000
v -0.01482 0.14095 0.02000
v -0.01500 0.13000 0.02000
v -0.01482 0.11905 0.02000
v -0.01427 0.10837 0.02000
v -0.01337 0.09822 0.02000
v -0.01214 0.08886 0.02000
v -0.01061 0.08050 0.02000
v -0.00882 0.07337 0.02000
v -0.00681 0.06763 0.02000
v -0.00464 0.06343 0.02000
v -0.00235 0.06086 0.02000
v -0.00000 0.06000 0.02000
v 0.00000 0.20000 0.02000
v -0.00230 0.19914 0.01675
v -0.00453 0.19657 0.01358
v -0.00666 0.19237 0.01056
v -0.00862 0.18663 0.00778
v -0.01037 0.17950 0.00530
v -0.01187 0.17114 0.00318
v -0.01307 0.16178 0.00147
v -0.01395 0.15163 0.00023
v -0.01449 0.14095 -0.00054
v -0.01467 0.13000 -0.00079
v -0.01449 0.11905 -0.00054
v -0.01395 0.10837 0.00023
v -0.01307 0.09822 0.00147
v -0.01187 0.08886 0.00318
v -0.01037 0.08050 0.00530
v -0.00862 0.07337 0.00778
v -0.00666 0.06763 0.01056
v -0.00453 0.06343 0.01358
v -0.00230 0.06086 0.01675
v -0.00000 0.06000 0.02000
v 0.00000 0.20000 0.02000
v -0.00214 0.19914 0.01364
v -0.00423 0.19657 0.00743
v -0.00622 0.19237 0.00153
v -0.00805 0.18663 -0.00391
v -0.00969 0.17950 -0.00876
v -0.01109 0.17114 -0.01291
v -0.01221 0.16178 -0.01624
v -0.01303 0.15163 -0.01868
v -0.01353 0.14095 -0.02017
v -0.01370 0.13000 -0.02067
v -0.01353 0.11905 -0.02017
v -0.01303 0.10837 -0.01868
v -0.01221 0.09822 -0.01624
v -0.01109 0.08886 -0.01291
v -0.00969 0.08050 -0.00876
v -0.00805 0.07337 -0.00391
v -0.00622 0.06763 0.00153
v -0.00423 0.06343 0.00743
v -0.00214 0.06086 0.01364
v -0.00000 0.06000 0.02000
v 0.00000 0.20000 0.02000
v -0.00190 0.19914 0.01081
v -0.00375 0.19657 0.00184
v -0.00551 0.19237 -0.00668
v -0.00713 0.18663 -0.01455
v -0.00858 0.17950 -0.02156
v -0.00982 0.17114 -0.02755
v -0.01081 0.16178 -0.03237
v -0.01154 0.15163 -0.03590
v -0.01199 0.14095 -0.03805
v -0.01214 0.13000 -0.03878
v -0.01199 0.11905 -0.03805
v -0.01154 0.10837 -0.03590
v -0.01081 0.09822 -0.03237
v -0.00982 0.08886 -0.02755
v -0.00858 0.08050 -0.02156
v -0.00713 0.07337 -0.01455
v -0.00551 0.06763 -0.00668
v -0.00375 0.06343 0.00184
v -0.00190 0.06086 0.01081
v -0.00000 0.06000 0.02000
v 0.00000 0.20000 0.02000
v -0.00157 0.19914 0.00837
v -0.00310 0.19657 -0.00296
v -0.00456 0.19237 -0.01374
v -0.00590 0.18663 -0.02368
v -0.00710 0.17950 -0.03255
v -0.00812 0.17114 -0.04012
v -0.00894 0.16178 -0.04621
v -0.00955 0.15163 -0.05068
v -0.00991 0.14095 -0.05340
v -0.01004 0.13000 -0.05431
v -0.00991 0.11905 -0.05340
v -0.00955 0.10837 -0.05068
v -0.00894 0.09822 -0.04621
v -0.00812 0.08886 -0.04012
v -0.00710 0.08050 -0.03255
v -0.00590 0.07337 -0.02368
v -0.00456 0.06763 -0.01374
v -0.00310 0.06343 -0.00296
v -0.00157 0.06086 0.00837
v -0.00000 0.06000 0.02000
v 0.00000 0.20000 0.02000
v -0.00117 0.19914 0.00645
v -0.00232 0.19657 -0.00676
v -0.00340 0.19237 -0.01932
v -0.00441 0.18663 -0.03090
v -0.00530 0.17950 -0.04124
v -0.00607 0.17114 -0.05006
v -0.00668 0.16178 -0.05716
v -0.00713 0.15163 -0.06236
v -0.00741 0.14095 -0.06554
v -0.00750 0.13000 -0.06660
v -0.00741 0.11905 -0.06554
v -0.00713 0.10837 -0.06236
v -0.00668 0.09822 -0.05716
v -0.00607 0.08886 -0.05006
v -0.00530 0.08050 -0.04124
v -0.00441 0.07337 -0.03090
v -0.00340 0.06763 -0.01932
v -0.00232 0.06343 -0.00676
v -0.00117 0.06086 0.00645
v -0.00000 0.06000 0.02000
v 0.00000 0.20000 0.02000
v -0.00073 0.19914 0.00512
v -0.00143 0.19657 -0.00939
v -0.00210 0.19237 -0.02318
v -0.00272 0.18663 -0.03590
v -0.00328 0.17950 -0.04725
v -0.00375 0.17114 -0.05694
v -0.00413 0.16178 -0.06474
v -0.00441 0.15163 -0.07045
v -0.00458 0.14095 -0.07393
v -0.00464 0.13000 -0.07511
v -0.00458 0.11905 -0.07393
v -0.00441 0.10837 -0.07045
v -0.00413 0.09822 -0.06474
v -0.00375 0.08886 -0.05694
v -0.00328 0.08050 -0.04725
v -0.00272 0.07337 -0.03590
v -0.00210 0.06763 -0.02318
v -0.00143 0.06343 -0.00939
v -0.00073 0.06086 0.00512
v -0.00000 0.06000 0.02000
v 0.00000 0.20000 0.02000
v -0.00025 0.19914 0.00444
v -0.00048 0.19657 -0.01073
v -0.00071 0.19237 -0.02515
v -0.00092 0.18663 -0.03846
v -0.00111 0.17950 -0.05032
v -0.00127 0.17114 -0.06046
v -0.00140 0.16178 -0.06861
v -0.00149 0.15163 -0.07458
v -0.00155 0.14095 -0.07823
v -0.00157 0.13000 -0.07945
v -0.00155 0.11905 -0.07823
v -0.00149 0.10837 -0.07458
v -0.00140 0.09822 -0.06861
v -0.00127 0.08886 -0.06046
v -0.00111 0.08050 -0.05032
v -0.00092 0.07337 -0.03846
v -0.00071 0.06763 -0.02515
v -0.00048 0.06343 -0.01073
v -0.00025 0.06086 0.00444
v -0.00000 0.06000 0.02000
v 0.00000 0.20000 0.02000
v 0.00025 0.19914 0.00444
v 0.00048 0.19657 -0.01073
v 0.00071 0.19237 -0.02515
v 0.00092 0.18663 -0.03846
v 0.00111 0.17950 -0.05032
v 0.00127 0.17114 -0.06046
v 0.00140 0.16178 -0.06861
v 0.00149 0.15163 -0.07458
v 0.00155 0.14095 -0.07823
v 0.00157 0.13000 -0.07945
v 0.00155 0.11905 -0.07823
v 0.00149 0.10837 -0.07458
v 0.00140 0.09822 -0.06861
v 0.00127 0.08886 -0.06046
v 0.00111 0.08050 -0.05032
v 0.00092 0.07337 -0.03846
v 0.00071 0.06763 -0.02515
v 0.00048 0.06343 -0.01073
v 0.00025 0.06086 0.00444
v 0.00000 0.06000 0.02000
v 0.00000 0.20000 0.02000
v 0.00073 0.19914 0.00512
v 0.00143 0.19657 -0.00939
v 0.00210 0.19237 -0.02318
v 0.00272 0.18663 -0.03590
v 0.00328 0.17950 -0.04725
v 0.00375 0.17114 -0.05694
v 0.00413 0.16178 -0.06474
v 0.00441 0.15163 -0.07045
v 0.00458 0.14095 -0.07393
v 0.00464 0.13000 -0.07511
v 0.00458 0.11905 -0.07393
v 0.00441 0.10837 -0.07045
v 0.00413 0.09822 -0.06474
v 0.00375 0.08886 -0.05694
v 0.00328 0.08050 -0.04725
v 0.00272 0.07337 -0.03590
v 0.00210 0.06763 -0.02318
v 0.00143 0.06343 -0.00939
v 0.00073 0.06086 0.00512
v 0.00000 0.06000 0.02000
v 0.00000 0.20000 0.02000
v 0.00117 0.19914 0.00645
v 0.00232 0.19657 -0.00676
v 0.00340 0.19237 -0.01932
v 0.00441 0.18663 -0.03090
v 0.00530 0.17950 -0.04124
v 0.00607 0.17114 -0.05006
v 0.00668 0.16178 -0.05716
v 0.00713 0.15163 -0.06236
v 0.00741 0.14095 -0.06554
v 0.00750 0.13000 -0.06660
v 0.00741 0.11905 -0.06554
v 0.00713 0.10837 -0.06236
v 0.00668 0.09822 -0.05716
v 0.00607 0.08886 -0.05006
v 0.00530 0.08050 -0.04124
v 0.00441 0.07337 -0.03090
v 0.00340 0.06763 -0.01932
v 0.00232 0.06343 -0.00676
v 0.00117 0.06086 0.00645
v 0.00000 0.06000 0.02000
v 0.00000 0.20000 0.02000
v 0.00157 0.19914 0.00837
v 0.00310 0.19657 -0.00296
v 0.00456 0.19237 -0.01374
v 0.00590 0.18663 -0.02368
v 0.00710 0.17950 -0.03255
v 0.00812 0.17114 -0.04012
v 0.00894 0.16178 -0.04621
v 0.00955 0.15163 -0.05068
v 0.00991 0.14095 -0.05340
v 0.01004 0.13000 -0.05431
v 0.00991 0.11905 -0.05340
v 0.00955 0.10837 -0.05068
v 0.00894 0.09822 -0.04621
v 0.00812 0.08886 -0.04012
v 0.00710 0.08050 -0.03255
v 0.00590 0.07337 -0.02368
v 0.00456 0.06763 -0.01374
v 0.00310 0.06343 -0.00296
v 0.00157 0.06086 0.00837
v 0.00000 0.06000 0.02000
v 0.00000 0.20000 0.02000
v 0.00190 0.19914 0.01081
v 0.00375 0.19657 0.00184
v 0.00551 0.19237 -0.00668
v 0.00713 0.18663 -0.01455
v 0.00858 0.17950 -0.02156
v 0.00982 0.17114 -0.02755
v 0.01081 0.16178 -0.03237
v 0.01154 0.15163 -0.03590
v 0.01199 0.14095 -0.03805
v 0.01214 0.13000 -0.03878
v 0.01199 0.11905 -0.03805
v 0.01154 0.10837 -0.03590
v 0.01081 0.09822 -0.03237
v 0.00982 0.08886 -0.02755
v 0.00858 0.08050 -0.02156
v 0.00713 0.07337 -0.01455
v 0.00551 0.06763 -0.00668
v 0.00375 0.06343 0.00184
v 0.00190 0.06086 0.01081
v 0.00000 0.06000 0.02000
v 0.00000 0.20000 0.02000
v 0.00214 0.19914 0.01364
v 0.00423 0.19657 0.00743
v 0.00622 0.19237 0.00153
v 0.00805 0.18663 -0.00391
v 0.00969 0.17950 -0.00876
v 0.01109 0.17114 -0.01291
v 0.01221 0.16178 -0.01624
v 0.01303 0.15163 -0.01868
v 0.01353 0.14095 -0.02017
v 0.01370 0.13000 -0.02067
v 0.01353 0.11905 -0.02017
v 0.01303 0.10837 -0.01868
v 0.01221 0.09822 -0.01624
v 0.01109 0.08886 -0.01291
v 0.00969 0.08050 -0.00876
v 0.00805 0.07337 -0.00391
v 0.00622 0.06763 0.00153
v 0.00423 0.06343 0.00743
v 0.00214 0.06086 0.01364
v 0.00000 0.06000 0.02000
v 0.00000 0.20000 0.02000
v 0.00230 0.19914 0.01675
v 0.00453 0.19657 0.01358
v 0.00666 0.19237 0.01056
v 0.00862 0.18663 0.00778
v 0.01037 0.17950 0.00530
v 0.01187 0.17114 0.00318
v 0.01307 0.16178 0.00147
v 0.01395 0.15163 0.00023
v 0.01449 0.14095 -0.00054
v 0.01467 0.13000 -0.00079
v 0.01449 0.11905 -0.00054
v 0.01395 0.10837 0.00023
v 0.01307 0.09822 0.00147
v 0.01187 0.08886 0.00318
v 0.01037 0.08050 0.00530
v 0.00862 0.07337 0.00778
v 0.00666 0.06763 0.01056
v 0.00453 0.06343 0.01358
v 0.00230 0.06086 0.01675
v 0.00000 0.06000 0.02000
v 0.00000 0.20000 0.02000
v 0.00235 0.19914 0.02000
v 0.00464 0.19657 0.02000
v 0.00681 0.19237 0.02000
v 0.00882 0.18663 0.02000
v 0.01061 0.17950 0.02000
v 0.01214 0.17114 0.02000
v 0.01337 0.16178 0.02000
v 0.01427 0.15163 0.02000
v 0.01482 0.14095 0.02000
v 0.01500 0.13000 0.02000
v 0.01482 0.11905 0.02000
v 0.01427 0.10837 0.02000
v 0.01337 0.09822 0.02000
v 0.01214 0.08886 0.02000
v 0.01061 0.08050 0.02000
v 0.00882 0.07337 0.02000
v 0.00681 0.06763 0.02000
v 0.00464 0.06343 0.02000
v 0.00235 0.06086 0.02000
v 0.00000 0.06000 0.02000
vt 0.00000 0.00000
vt 0.00000 0.05000
vt 0.00000 0.10000
vt 0.00000 0.15000
vt 0.00000 0.20000
vt 0.00000 0.25000
vt 0.00000 0.30000
vt 0.00000 0.35000
vt 0.00000 0.40000
vt 0.00000 0.45000
vt 0.00000 0.50000
vt 0.00000 0.55000
vt 0.00000 0.60000
vt 0.00000 0.65000
vt 0.00000 0.70000
vt 0.00000 0.75000
vt 0.00000 0.80000
vt 0.00000 0.85000
vt 0.00000 0.90000
vt 0.00000 0.95000
vt 0.00000 1.00000
vt 0.03333 0.00000
vt 0.03333 0.05000
vt 0.03333 0.10000
vt 0.03333 0.15000
vt 0.03333 0.20000
vt 0.03333 0.25000
vt 0.03333 0.30000
vt 0.03333 0.35000
vt 0.03333 0.40000
vt 0.03333 0.45000
vt 0.03333 0.50000
vt 0.03333 0.55000
vt 0.03333 0.60000
vt 0.03333 0.65000
vt 0.03333 0.70000
vt 0.03333 0.75000
vt 0.03333 0.80000
vt 0.03333 0.85000
vt 0.03333 0.90000
vt 0.03333 0.95000
vt 0.03333 1.00000
vt 0.06667 0.00000
vt 0.06667 0.05000
vt 0.06667 0.10000
vt 0.06667 0.15000
vt 0.06667 0.20000
vt 0.06667 0.25000
vt 0.06667 0.30000
vt 0.06667 0.35000
vt 0.06667 0.40000
vt 0.06667 0.45000
vt 0.06667 0.50000
vt 0.06667 0.55000
vt 0.06667 0.60000
vt 0.06667 0.65000
vt 0.06667 0.70000
vt 0.06667 0.75000
vt 0.06667 0.80000
vt 0.06667 0.85000
vt 0.06667 0.90000
vt 0.06667 0.95000
vt 0.06667 1.00000
vt 0.10000 0.00000
vt 0.10000 0.05000
vt 0.10000 0.10000
vt 0.10000 0.15000
vt 0.10000 0.20000
vt 0.10000 0.25000
vt 0.10000 0.30000
vt 0.10000 0.35000
vt 0.10000 0.40000
vt 0.10000 0.45000
vt 0.10000 0.50000
vt 0.10000 0.55000
vt 0.10000 0.60000
vt 0.10000 0.65000
vt 0.10000 0.70000
vt 0.10000 0.75000
vt 0.10000 0.80000
vt 0.10000 0.85000
vt 0.10000 0.90000
vt 0.10000 0.95000
vt 0.10000 1.00000
vt 0.13333 0.00000
vt 0.13333 0.05000
vt 0.13333 0.10000
vt 0.13333 0.15000
vt 0.13333 0.20000
vt 0.13333 0.25000
vt 0.13333 0.30000
vt 0.13333 0.35000
vt 0.13333 0.40000
vt 0.13333 0.45000
vt 0.13333 0.50000
vt 0.13333 0.55000
vt 0.13333 0.60000
vt 0.13333 0.65000
vt 0.13333 0.70000
vt 0.13333 0.75000
vt 0.13333 0.80000
vt 0.13333 0.85000
vt 0.13333 0.90000
vt 0.13333 0.95000
vt 0.13333 1.00000
vt 0.16667 0.00000
vt 0.16667 0.05000
vt 0.16667 0.10000
vt 0.16667 0.15000
vt 0.16667 0.20000
vt 0.16667 0.25000
vt 0.16667 0.30000
vt 0.16667 0.35000
vt 0.16667 0.40000
vt 0.16667 0.45000
vt 0.16667 0.50000
vt 0.16667 0.55000
vt 0.16667 0.60000
vt 0.16667 0.65000
vt 0.16667 0.70000
vt 0.16667 0.75000
vt 0.16667 0.80000
vt 0.16667 0.85000
vt 0.16667 0.90000
vt 0.16667 0.95000
vt 0.16667 1.00000
vt 0.20000 0.00000
vt 0.20000 0.05000
vt 0.20000 0.10000
vt 0.20000 0.15000
vt 0.20000 0.20000
vt 0.20000 0.25000
vt 0.20000 0.30000
vt 0.20000 0.35000
vt 0.20000 0.40000
vt 0.20000 0.45000
vt 0.20000 0.50000
vt 0.20000 0.55000
vt 0.20000 0.60000
vt 0.20000 0.65000
vt 0.20000 0.70000
vt 0.20000 0.75000
vt 0.20000 0.80000
vt 0.20000 0.85000
vt 0.20000 0.90000
vt 0.20000 0.95000
vt 0.20000 1.00000
vt 0.23333 0.00000
vt 0.23333 0.05000
vt 0.23333 0.10000
vt 0.23333 0.15000
vt 0.23333 0.20000
vt 0.23333 0.25000
vt 0.23333 0.30000
vt 0.23333 0.35000
vt 0.23333 0.40000
vt 0.23333 0.45000
vt 0.23333 0.50000
vt 0.23333 0.55000
vt 0.23333 0.60000
vt 0.23333 0.65000
vt 0.23333 0.70000
vt 0.23333 0.75000
vt 0.23333 0.80000
vt 0.23333 0.85000
vt 0.23333 0.90000
vt 0.23333 0.95000
vt 0.23333 1.00000
vt 0.26667 0.00000
vt 0.26667 0.05000
vt 0.26667 0.10000
vt 0.26667 0.15000
vt 0.26667 0.20000
vt 0.26667 0.25000
vt 0.26667 0.30000
vt 0.26667 0.35000
vt 0.26667 0.40000
vt 0.26667 0.45000
vt 0.26667 0.50000
vt 0.26667 0.55000
vt 0.26667 0.60000
vt 0.26667 0.65000
vt 0.26667 0.70000
vt 0.26667 0.75000
vt 0.26667 0.80000
vt 0.26667 0.85000
vt 0.26667 0.90000
vt 0.26667 0.95000
vt 0.26667 1.00000
vt 0.30000 0.00000
vt 0.30000 0.05000
vt 0.30000 0.10000
vt 0.30000 0.15000
vt 0.30000 0.20000
vt 0.30000 0.25000
vt 0.30000 0.30000
vt 0.30000 0.35000
vt 0.30000 0.40000
vt 0.30000 0.45000
vt 0.30000 0.50000
vt 0.30000 0.55000
vt 0.30000 0.60000
vt 0.30000 0.65000
vt 0.30000 0.70000
vt 0.30000 0.75000
vt 0.30000 0.80000
vt 0.30000 0.85000
vt 0.30000 0.90000
vt 0.30000 0.95000
vt 0.30000 1.00000
vt 0.33333 0.00000
vt 0.33333 0.05000
vt 0.33333 0.10000
vt 0.33333 0.15000
vt 0.33333 0.20000
vt 0.33333 0.25000
vt 0.33333 0.30000
vt 0.33333 0.35000
vt 0.33333 0.40000
vt 0.33333 0.45000
vt 0.33333 0.50000
vt 0.33333 0.55000
vt 0.33333 0.60000
vt 0.33333 0.65000
vt 0.33333 0.70000
vt 0.33333 0.75000
vt 0.33333 0.80000
vt 0.33333 0.85000
vt 0.33333 0.90000
vt 0.33333 0.95000
vt 0.33333 1.00000
vt 0.36667 0.00000
vt 0.36667 0.05000
vt 0.36667 0.10000
vt 0.36667 0.15000
vt 0.36667 0.20000
vt 0.36667 0.25000
vt 0.36667 0.30000
vt 0.36667 0.35000
vt 0.36667 0.40000
vt 0.36667 0.45000
vt 0.36667 0.50000
vt 0.36667 0.55000
vt 0.36667 0.60000
vt 0.36667 0.65000
vt 0.36667 0.70000
vt 0.36667 0.75000
vt 0.36667 0.80000
vt 0.36667 0.85000
vt 0.36667 0.90000
vt 0.36667 0.95000
vt 0.36667 1.00000
vt 0.40000 0.00000
vt 0.40000 0.05000
vt 0.40000 0.10000
vt 0.40000 0.15000
vt 0.40000 0.20000
vt 0.40000 0.25000
vt 0.40000 0.30000
vt 0.40000 0.35000
vt 0.40000 0.40000
vt 0.40000 0.45000
vt 0.40000 0.50000
vt 0.40000 0.55000
vt 0.40000 0.60000
vt 0.40000 0.65000
vt 0.40000 0.70000
vt 0.40000 0.75000
vt 0.40000 0.80000
vt 0.40000 0.85000
vt 0.40000 0.90000
vt 0.40000 0.95000
vt 0.40000 1.00000
vt 0.43333 0.00000
vt 0.43333 0.05000
vt 0.43333 0.10000
vt 0.43333 0.15000
vt 0.43333 0.20000
vt 0.43333 0.25000
vt 0.43333 0.30000
vt 0.43333 0.35000
vt 0.43333 0.40000
vt 0.43333 0.45000
vt 0.43333 0.50000
vt 0.43333 0.55000
vt 0.43333 0.60000
vt 0.43333 0.65000
vt 0.43333 0.70000
vt 0.43333 0.75000
vt 0.43333 0.80000
vt 0.43333 0.85000
vt 0.43333 0.90000
vt 0.43333 0.95000
vt 0.43333 1.00000
vt 0.46667 0.00000
vt 0.46667 0.05000
vt 0.46667 0.10000
vt 0.46667 0.15000
vt 0.46667 0.20000
vt 0.46667 0.25000
vt 0.46667 0.30000
vt 0.46667 0.35000
vt 0.46667 0.40000
vt 0.46667 0.45000
vt 0.46667 0.50000
vt 0.46667 0.55000
vt 0.46667 0.60000
vt 0.46667 0.65000
vt 0.46667 0.70000
vt 0.46667 0.75000
vt 0.46667 0.80000
vt 0.46667 0.85000
vt 0.46667 0.90000
vt 0.46667 0.95000
vt 0.46667 1.00000
vt 0.50000 0.00000
vt 0.50000 0.05000
vt 0.50000 0.10000
vt 0.50000 0.15000
vt 0.50000 0.20000
vt 0.50000 0.25000
vt 0.50000 0.30000
vt 0.50000 0.35000
vt 0.50000 0.40000
vt 0.50000 0.45000
vt 0.50000 0.50000
vt 0.50000 0.55000
vt 0.50000 0.60000
vt 0.50000 0.65000
vt 0.50000 0.70000
vt 0.50000 0.75000
vt 0.50000 0.80000
vt 0.50000 0.85000
vt 0.50000 0.90000
vt 0.50000 0.95000
vt 0.50000 1.00000
vt 0.53333 0.00000
vt 0.53333 0.05000
vt 0.53333 0.10000
vt 0.53333 0.15000
vt 0.53333 0.20000
vt 0.53333 0.25000
vt 0.53333 0.30000
vt 0.53333 0.35000
vt 0.53333 0.40000
vt 0.53333 0.45000
vt 0.53333 0.50000
vt 0.53333 0.55000
vt 0.53333 0.60000
vt 0.53333 0.65000
vt 0.53333 0.70000
vt 0.53333 0.75000
vt 0.53333 0.80000
vt 0.53333 0.85000
vt 0.53333 0.90000
vt 0.53333 0.95000
vt 0.53333 1.00000
vt 0.56667 0.00000
vt 0.56667 0.05000
vt 0.56667 0.10000
vt 0.56667 0.15000
vt 0.56667 0.20000
vt 0.56667 0.25000
vt 0.56667 0.30000
vt 0.56667 0.35000
vt 0.56667 0.40000
vt 0.56667 0.45000
vt 0.56667 0.50000
vt 0.56667 0.55000
vt 0.56667 0.60000
vt 0.56667 0.65000
vt 0.56667 0.70000
vt 0.56667 0.75000
vt 0.56667 0.80000
vt 0.56667 0.85000
vt 0.56667 0.90000
vt 0.56667 0.95000
vt 0.56667 1.00000
vt 0.60000 0.00000
vt 0.60000 0.05000
vt 0.60000 0.10000
vt 0.60000 0.15000
vt 0.60000 0.20000
vt 0.60000 0.25000
vt 0.60000 0.30000
vt 0.60000 0.35000
vt 0.60000 0.40000
vt 0.60000 0.45000
vt 0.60000 0.50000
vt 0.60000 0.55000
vt 0.60000 0.60000
vt 0.60000 0.65000
vt 0.60000 0.70000
vt 0.60000 0.75000
vt 0.60000 0.80000
vt 0.60000 0.85000
vt 0.60000 0.90000
vt 0.60000 0.95000
vt 0.60000 1.00000
vt 0.63333 0.00000
vt 0.63333 0.05000
vt 0.63333 0.10000
vt 0.63333 0.15000
vt 0.63333 0.20000
vt 0.63333 0.25000
vt 0.63333 0.30000
vt 0.63333 0.35000
vt 0.63333 0.40000
vt 0.63333 0.45000
vt 0.63333 0.50000
vt 0.63333 0.55000
vt 0.63333 0.60000
vt 0.63333 0.65000
vt 0.63333 0.70000
vt 0.63333 0.75000
vt 0.63333 0.80000
vt 0.63333 0.85000
vt 0.63333 0.90000
vt 0.63333 0.95000
vt 0.63333 1.00000
vt 0.66667 0.00000
vt 0.66667 0.05000
vt 0.66667 0.10000
vt 0.66667 0.15000
vt 0.66667 0.20000
vt 0.66667 0.25000
vt 0.66667 0.30000
vt 0.66667 0.35000
vt 0.66667 0.40000
vt 0.66667 0.45000
vt 0.66667 0.50000
vt 0.66667 0.55000
vt 0.66667 0.60000
vt 0.66667 0.65000
vt 0.66667 0.70000
vt 0.66667 0.75000
vt 0.66667 0.80000
vt 0.66667 0.85000
vt 0.66667 0.90000
vt 0.66667 0.95000
vt 0.66667 1.00000
vt 0.70000 0.00000
vt 0.70000 0.05000
vt 0.70000 0.10000
vt 0.70000 0.15000
vt 0.70000 0.20000
vt 0.70000 0.25000
vt 0.70000 0.30000
vt 0.70000 0.35000
vt 0.70000 0.40000
vt 0.70000 0.45000
vt 0.70000 0.50000
vt 0.70000 0.55000
vt 0.70000 0.60000
vt 0.70000 0.65000
vt 0.70000 0.70000
vt 0.70000 0.75000
vt 0.70000 0.80000
vt 0.70000 0.85000
vt 0.70000 0.90000
vt 0.70000 0.95000
vt 0.70000 1.00000
vt 0.73333 0.00000
vt 0.73333 0.05000
vt 0.73333 0.10000
vt 0.73333 0.15000
vt 0.73333 0.20000
vt 0.73333 0.25000
vt 0.73333 0.30000
vt 0.73333 0.35000
vt 0.73333 0.40000
vt 0.73333 0.45000
vt 0.73333 0.50000
vt 0.73333 0.55000
vt 0.73333 0.60000
vt 0.73333 0.65000
vt 0.73333 0.70000
vt 0.73333 0.75000
vt 0.73333 0.80000
vt 0.73333 0.85000
vt 0.73333 0.90000
vt 0.73333 0.95000
vt 0.73333 1.00000
vt 0.76667 0.00000
vt 0.76667 0.05000
vt 0.76667 0.10000
vt 0.76667 0.15000
vt 0.76667 0.20000
vt 0.76667 0.25000
vt 0.76667 0.30000
vt 0.76667 0.35000
vt 0.76667 0.40000
vt 0.76667 0.45000
vt 0.76667 0.50000
vt 0.76667 0.55000
vt 0.76667 0.60000
vt 0.76667 0.65000
vt 0.76667 0.70000
vt 0.76667 0.75000
vt 0.76667 0.80000
vt 0.76667 0.85000
vt 0.76667 0.90000
vt 0.76667 0.95000
vt 0.76667 1.00000
vt 0.80000 0.00000
vt 0.80000 0.05000
vt 0.80000 0.10000
vt 0.80000 0.15000
vt 0.80000 0.20000
vt 0.80000 0.25000
vt 0.80000 0.30000
vt 0.80000 0.35000
vt 0.80000 0.40000
vt 0.80000 0.45000
vt 0.80000 0.50000
vt 0.80000 0.55000
vt 0.80000 0.60000
vt 0.80000 0.65000
vt 0.80000 0.70000
vt 0.80000 0.75000
vt 0.80000 0.80000
vt 0.80000 0.85000
vt 0.80000 0.90000
vt 0.80000 0.95000
vt 0.80000 1.00000
vt 0.83333 0.00000
vt 0.83333 0.05000
vt 0.83333 0.10000
vt 0.83333 0.15000
vt 0.83333 0.20000
vt 0.83333 0.25000
vt 0.83333 0.30000
vt 0.83333 0.35000
vt 0.83333 0.40000
vt 0.83333 0.45000
vt 0.83333 0.50000
vt 0.83333 0.55000
vt 0.83333 0.60000
vt 0.83333 0.65000
vt 0.83333 0.70000
vt 0.83333 0.75000
vt 0.83333 0.80000
vt 0.83333 0.85000
vt 0.83333 0.90000
vt 0.83333 0.95000
vt 0.83333 1.00000
vt 0.86667 0.00000
vt 0.86667 0.05000
vt 0.86667 0.10000
vt 0.86667 0.15000
vt 0.86667 0.20000
vt 0.86667 0.25000
vt 0.86667 0.30000
vt 0.86667 0.35000
vt 0.86667 0.40000
vt 0.86667 0.45000
vt 0.86667 0.50000
vt 0.86667 0.55000
vt 0.86667 0.60000
vt 0.86667 0.65000
vt 0.86667 0.70000
vt 0.86667 0.75000
vt 0.86667 0.80000
vt 0.86667 0.85000
vt 0.86667 0.90000
vt 0.86667 0.95000
vt 0.86667 1.00000
vt 0.90000 0.00000
vt 0.90000 0.05000
vt 0.90000 0.10000
vt 0.90000 0.15000
vt 0.90000 0.20000
vt 0.90000 0.25000
vt 0.90000 0.30000
vt 0.90000 0.35000
vt 0.90000 0.40000
vt 0.90000 0.45000
vt 0.90000 0.50000
vt 0.90000 0.55000
vt 0.90000 0.60000
vt 0.90000 0.65000
vt 0.90000 0.70000
vt 0.90000 0.75000
vt 0.90000 0.80000
vt 0.90000 0.85000
vt 0.90000 0.90000
vt 0.90000 0.95000
vt 0.90000 1.00000
vt 0.93333 0.00000
vt 0.93333 0.05000
vt 0.93333 0.10000
vt 0.93333 0.15000
vt 0.93333 0.20000
vt 0.93333 0.25000
vt 0.93333 0.30000
vt 0.93333 0.35000
vt 0.93333 0.40000
vt 0.93333 0.45000
vt 0.93333 0.50000
vt 0.93333 0.55000
vt 0.93333 0.60000
vt 0.93333 0.65000
vt 0.93333 0.70000
vt 0.93333 0.75000
vt 0.93333 0.80000
vt 0.93333 0.85000
vt 0.93333 0.90000
vt 0.93333 0.95000
vt 0.93333 1.00000
vt 0.96667 0.00000
vt 0.96667 0.05000
vt 0.96667 0.10000
vt 0.96667 0.15000
vt 0.96667 0.20000
vt 0.96667 0.25000
vt 0.96667 0.30000
vt 0.96667 0.35000
vt 0.96667 0.40000
vt 0.96667 0.45000
vt 0.96667 0.50000
vt 0.96667 0.55000
vt 0.96667 0.60000
vt 0.96667 0.65000
vt 0.96667 0.70000
vt 0.96667 0.75000
vt 0.96667 0.80000
vt 0.96667 0.85000
vt 0.96667 0.90000
vt 0.96667 0.95000
vt 0.96667 1.00000
vt 1.00000 0.00000
vt 1.00000 0.05000
vt 1.00000 0.10000
vt 1.00000 0.15000
vt 1.00000 0.20000
vt 1.00000 0.25000
vt 1.00000 0.30000
vt 1.00000 0.35000
vt 1.00000 0.40000
vt 1.00000 0.45000
vt 1.00000 0.50000
vt 1.00000 0.55000
vt 1.00000 0.60000
vt 1.00000 0.65000
vt 1.00000 0.70000
vt 1.00000 0.75000
vt 1.00000 0.80000
vt 1.00000 0.85000
vt 1.00000 0.90000
vt 1.00000 0.95000
vt 1.00000 1.00000
vt 0.00000 0.00000
vt 0.00000 0.05000
vt 0.00000 0.10000
vt 0.00000 0.15000
vt 0.00000 0.20000
vt 0.00000 0.25000
vt 0.00000 0.30000
vt 0.00000 0.35000
vt 0.00000 0.40000
vt 0.00000 0.45000
vt 0.00000 0.50000
vt 0.00000 0.55000
vt 0.00000 0.60000
vt 0.00000 0.65000
vt 0.00000 0.70000
vt 0.00000 0.75000
vt 0.00000 0.80000
vt 0.00000 0.85000
vt 0.00000 0.90000
vt 0.00000 0.95000
vt 0.00000 1.00000
vt 0.03333 0.00000
vt 0.03333 0.05000
vt 0.03333 0.10000
vt 0.03333 0.15000
vt 0.03333 0.20000
vt 0.03333 0.25000
vt 0.03333 0.30000
vt 0.03333 0.35000
vt 0.03333 0.40000
vt 0.03333 0.45000
vt 0.03333 0.50000
vt 0.03333 0.55000
vt 0.03333 0.60000
vt 0.03333 0.65000
vt 0.03333 0.70000
vt 0.03333 0.75000
vt 0.03333 0.80000
vt 0.03333 0.85000
vt 0.03333 0.90000
vt 0.03333 0.95000
vt 0.03333 1.00000
vt 0.06667 0.00000
vt 0.06667 0.05000
vt 0.06667 0.10000
vt 0.06667 0.15000
vt 0.06667 0.20000
vt 0.06667 0.25000
vt 0.06667 0.30000
vt 0.06667 0.35000
vt 0.06667 0.40000
vt 0.06667 0.45000
vt 0.06667 0.50000
vt 0.06667 0.55000
vt 0.06667 0.60000
vt 0.06667 0.65000
vt 0.06667 0.70000
vt 0.06667 0.75000
vt 0.06667 0.80000
vt 0.06667 0.85000
vt 0.06667 0.90000
vt 0.06667 0.95000
vt 0.06667 1.00000
vt 0.10000 0.00000
vt 0.10000 0.05000
vt 0.10000 0.10000
vt 0.10000 0.15000
vt 0.10000 0.20000
vt 0.10000 0.25000
vt 0.10000 0.30000
vt 0.10000 0.35000
vt 0.10000 0.40000
vt 0.10000 0.45000
vt 0.10000 0.50000
vt 0.10000 0.55000
vt 0.10000 0.60000
vt 0.10000 0.65000
vt 0.10000 0.70000
vt 0.10000 0.75000
vt 0.10000 0.80000
vt 0.10000 0.85000
vt 0.10000 0.90000
vt 0.10000 0.95000
vt 0.10000 1.00000
vt 0.13333 0.00000
vt 0.13333 0.05000
vt 0.13333 0.10000
vt 0.13333 0.15000
vt 0.13333 0.20000
vt 0.13333 0.25000
vt 0.13333 0.30000
vt 0.13333 0.35000
vt 0.13333 0.40000
vt 0.13333 0.45000
vt 0.13333 0.50000
vt 0.13333 0.55000
vt 0.13333 0.60000
vt 0.13333 0.65000
vt 0.13333 0.70000
vt 0.13333 0.75000
vt 0.13333 0.80000
vt 0.13333 0.85000
vt 0.13333 0.90000
vt 0.13333 0.95000
vt 0.13333 1.00000
vt 0.16667 0.00000
vt 0.16667 0.05000
vt 0.16667 0.10000
vt 0.16667 0.15000
vt 0.16667 0.20000
vt 0.16667 0.25000
vt 0.16667 0.30000
vt 0.16667 0.35000
vt 0.16667 0.40000
vt 0.16667 0.45000
vt 0.16667 0.50000
vt 0.16667 0.55000
vt 0.16667 0.60000
vt 0.16667 0.65000
vt 0.16667 0.70000
vt 0.16667 0.75000
vt 0.16667 0.80000
vt 0.16667 0.85000
vt 0.16667 0.90000
vt 0.16667 0.95000
vt 0.16667 1.00000
vt 0.20000 0.00000
vt 0.20000 0.05000
vt 0.20000 0.10000
vt 0.20000 0.15000
vt 0.20000 0.20000
vt 0.20000 0.25000
vt 0.20000 0.30000
vt 0.20000 0.35000
vt 0.20000 0.40000
vt 0.20000 0.45000
vt 0.20000 0.50000
vt 0.20000 0.55000
vt 0.20000 0.60000
vt 0.20000 0.65000
vt 0.20000 0.70000
vt 0.20000 0.75000
vt 0.20000 0.80000
vt 0.20000 0.85000
vt 0.20000 0.90000
vt 0.20000 0.95000
vt 0.20000 1.00000
vt 0.23333 0.00000
vt 0.23333 0.05000
vt 0.23333 0.10000
vt 0.23333 0.15000
vt 0.23333 0.20000
vt 0.23333 0.25000
vt 0.23333 0.30000
vt 0.23333 0.35000
vt 0.23333 0.40000
vt 0.23333 0.45000
vt 0.23333 0.50000
vt 0.23333 0.55000
vt 0.23333 0.60000
vt 0.23333 0.65000
vt 0.23333 0.70000
vt 0.23333 0.75000
vt 0.23333 0.80000
vt 0.23333 0.85000
vt 0.23333 0.90000
vt 0.23333 0.95000
vt 0.23333 1.00000
vt 0.26667 0.00000
vt 0.26667 0.05000
vt 0.26667 0.10000
vt 0.26667 0.15000
vt 0.26667 0.20000
vt 0.26667 0.25000
vt 0.26667 0.30000
vt 0.26667 0.35000
vt 0.26667 0.40000
vt 0.26667 0.45000
vt 0.26667 0.50000
vt 0.26667 0.55000
vt 0.26667 0.60000
vt 0.26667 0.65000
vt 0.26667 0.70000
vt 0.26667 0.75000
vt 0.26667 0.80000
vt 0.26667 0.85000
vt 0.26667 0.90000
vt 0.26667 0.95000
vt 0.26667 1.00000
vt 0.30000 0.00000
vt 0.30000 0.05000
vt 0.30000 0.10000
vt 0.30000 0.15000
vt 0.30000 0.20000
vt 0.30000 0.25000
vt 0.30000 0.30000
vt 0.30000 0.35000
vt 0.30000 0.40000
vt 0.30000 0.45000
vt 0.30000 0.50000
vt 0.30000 0.55000
vt 0.30000 0.60000
vt 0.30000 0.65000
vt 0.30000 0.70000
vt 0.30000 0.75000
vt 0.30000 0.80000
vt 0.30000 0.85000
vt 0.30000 0.90000
vt 0.30000 0.95000
vt 0.30000 1.00000
vt 0.33333 0.00000
vt 0.33333 0.05000
vt 0.33333 0.10000
vt 0.33333 0.15000
vt 0.33333 0.20000
vt 0.33333 0.25000
vt 0.33333 0.30000
vt 0.33333 0.35000
vt 0.33333 0.40000
vt 0.33333 0.45000
vt 0.33333 0.50000
vt 0.33333 0.55000
vt 0.33333 0.60000
vt 0.33333 0.65000
vt 0.33333 0.70000
vt 0.33333 0.75000
vt 0.33333 0.80000
vt 0.33333 0.85000
vt 0.33333 0.90000
vt 0.33333 0.95000
vt 0.33333 1.00000
vt 0.36667 0.00000
vt 0.36667 0.05000
vt 0.36667 0.10000
vt 0.36667 0.15000
vt 0.36667 0.20000
vt 0.36667 0.25000
vt 0.36667 0.30000
vt 0.36667 0.35000
vt 0.36667 0.40000
vt 0.36667 0.45000
vt 0.36667 0.50000
vt 0.36667 0.55000
vt 0.36667 0.60000
vt 0.36667 0.65000
vt 0.36667 0.70000
vt 0.36667 0.75000
vt 0.36667 0.80000
vt 0.36667 0.85000
vt 0.36667 0.90000
vt 0.36667 0.95000
vt 0.36667 1.00000
vt 0.40000 0.00000
vt 0.40000 0.05000
vt 0.40000 0.10000
vt 0.40000 0.15000
vt 0.40000 0.20000
vt 0.40000 0.25000
vt 0.40000 0.30000
vt 0.40000 0.35000
vt 0.40000 0.40000
vt 0.40000 0.45000
vt 0.40000 0.50000
vt 0.40000 0.55000
vt 0.40000 0.60000
vt 0.40000 0.65000
vt 0.40000 0.70000
vt 0.40000 0.75000
vt 0.40000 0.80000
vt 0.40000 0.85000
vt 0.40000 0.90000
vt 0.40000 0.95000
vt 0.40000 1.00000
vt 0.43333 0.00000
vt 0.43333 0.05000
vt 0.43333 0.10000
vt 0.43333 0.15000
vt 0.43333 0.20000
vt 0.43333 0.25000
vt 0.43333 0.30000
vt 0.43333 0.35000
vt 0.43333 0.40000
vt 0.43333 0.45000
vt 0.43333 0.50000
vt 0.43333 0.55000
vt 0.43333 0.60000
vt 0.43333 0.65000
vt 0.43333 0.70000
vt 0.43333 0.75000
vt 0.43333 0.80000
vt 0.43333 0.85000
vt 0.43333 0.90000
vt 0.43333 0.95000
vt 0.43333 1.00000
vt 0.46667 0.00000
vt 0.46667 0.05000
vt 0.46667 0.10000
vt 0.46667 0.15000
vt 0.46667 0.20000
vt 0.46667 0.25000
vt 0.46667 0.30000
vt 0.46667 0.35000
vt 0.46667 0.40000
vt 0.46667 0.45000
vt 0.46667 0.50000
vt 0.46667 0.55000
vt 0.46667 0.60000
vt 0.46667 0.65000
vt 0.46667 0.70000
vt 0.46667 0.75000
vt 0.46667 0.80000
vt 0.46667 0.85000
vt 0.46667 0.90000
vt 0.46667 0.95000
vt 0.46667 1.00000
vt 0.50000 0.00000
vt 0.50000 0.05000
vt 0.50000 0.10000
vt 0.50000 0.15000
vt 0.50000 0.20000
vt 0.50000 0.25000
vt 0.50000 0.30000
vt 0.50000 0.35000
vt 0.50000 0.40000
vt 0.50000 0.45000
vt 0.50000 0.50000
vt 0.50000 0.55000
vt 0.50000 0.60000
vt 0.50000 0.65000
vt 0.50000 0.70000
vt 0.50000 0.75000
vt 0.50000 0.80000
vt 0.50000 0.85000
vt 0.50000 0.90000
vt 0.50000 0.95000
vt 0.50000 1.00000
vt 0.53333 0.00000
vt 0.53333 0.05000
vt 0.53333 0.10000
vt 0.53333 0.15000
vt 0.53333 0.20000
vt 0.53333 0.25000
vt 0.53333 0.30000
vt 0.53333 0.35000
vt 0.53333 0.40000
vt 0.53333 0.45000
vt 0.53333 0.50000
vt 0.53333 0.55000
vt 0.53333 0.60000
vt 0.53333 0.65000
vt 0.53333 0.70000
vt 0.53333 0.75000
vt 0.53333 0.80000
vt 0.53333 0.85000
vt 0.53333 0.90000
vt 0.53333 0.95000
vt 0.53333 1.00000
vt 0.56667 0.00000
vt 0.56667 0.05000
vt 0.56667 0.10000
vt 0.56667 0.15000
vt 0.56667 0.20000
vt 0.56667 0.25000
vt 0.56667 0.30000
vt 0.56667 0.35000
vt 0.56667 0.40000
vt 0.56667 0.45000
vt 0.56667 0.50000
vt 0.56667 0.55000
vt 0.56667 0.60000
vt 0.56667 0.65000
vt 0.56667 0.70000
vt 0.56667 0.75000
vt 0.56667 0.80000
vt 0.56667 0.85000
vt 0.56667 0.90000
vt 0.56667 0.95000
vt 0.56667 1.00000
vt 0.60000 0.00000
vt 0.60000 0.05000
vt 0.60000 0.10000
vt 0.60000 0.15000
vt 0.60000 0.20000
vt 0.60000 0.25000
vt 0.60000 0.30000
vt 0.60000 0.35000
vt 0.60000 0.40000
vt 0.60000 0.45000
vt 0.60000 0.50000
vt 0.60000 0.55000
vt 0.60000 0.60000
vt 0.60000 0.65000
vt 0.60000 0.70000
vt 0.60000 0.75000
vt 0.60000 0.80000
vt 0.60000 0.85000
vt 0.60000 0.90000
vt 0.60000 0.95000
vt 0.60000 1.00000
vt 0.63333 0.00000
vt 0.63333 0.05000
vt 0.63333 0.10000
vt 0.63333 0.15000
vt 0.63333 0.20000
vt 0.63333 0.25000
vt 0.63333 0.30000
vt 0.63333 0.35000
vt 0.63333 0.40000
vt 0.63333 0.45000
vt 0.63333 0.50000
vt 0.63333 0.55000
vt 0.63333 0.60000
vt 0.63333 0.65000
vt 0.63333 0.70000
vt 0.63333 0.75000
vt 0.63333 0.80000
vt 0.63333 0.85000
vt 0.63333 0.90000
vt 0.63333 0.95000
vt 0.63333 1.00000
vt 0.66667 0.00000
vt 0.66667 0.05000
vt 0.66667 0.10000
vt 0.66667 0.15000
vt 0.66667 0.20000
vt 0.66667 0.25000
vt 0.66667 0.30000
vt 0.66667 0.35000
vt 0.66667 0.40000
vt 0.66667 0.45000
vt 0.66667 0.50000
vt 0.66667 0.55000
vt 0.66667 0.60000
vt 0.66667 0.65000
vt 0.66667 0.70000
vt 0.66667 0.75000
vt 0.66667 0.80000
vt 0.66667 0.85000
vt 0.66667 0.90000
vt 0.66667 0.95000
vt 0.66667 1.00000
vt 0.70000 0.00000
vt 0.70000 0.05000
vt 0.70000 0.10000
vt 0.70000 0.15000
vt 0.70000 0.20000
vt 0.70000 0.25000
vt 0.70000 0.30000
vt 0.70000 0.35000
vt 0.70000 0.40000
vt 0.70000 0.45000
vt 0.70000 0.50000
vt 0.70000 0.55000
vt 0.70000 0.60000
vt 0.70000 0.65000
vt 0.70000 0.70000
vt 0.70000 0.75000
vt 0.70000 0.80000
vt 0.70000 0.85000
vt 0.70000 0.90000
vt 0.70000 0.95000
vt 0.70000 1.00000
vt 0.73333 0.00000
vt 0.73333 0.05000
vt 0.73333 0.10000
vt 0.73333 0.15000
vt 0.73333 0.20000
vt 0.73333 0.25000
vt 0.73333 0.30000
vt 0.73333 0.35000
vt 0.73333 0.40000
vt 0.73333 0.45000
vt 0.73333 0.50000
vt 0.73333 0.55000
vt 0.73333 0.60000
vt 0.73333 0.65000
vt 0.73333 0.70000
vt 0.73333 0.75000
vt 0.73333 0.80000
vt 0.73333 0.85000
vt 0.73333 0.90000
vt 0.73333 0.95000
vt 0.73333 1.00000
vt 0.76667 0.00000
vt 0.76667 0.05000
vt 0.76667 0.10000
vt 0.76667 0.15000
vt 0.76667 0.20000
vt 0.76667 0.25000
vt 0.76667 0.30000
vt 0.76667 0.35000
vt 0.76667 0.40000
vt 0.76667 0.45000
vt 0.76667 0.50000
vt 0.76667 0.55000
vt 0.76667 0.60000
vt 0.76667 0.65000
vt 0.76667 0.70000
vt 0.76667 0.75000
vt 0.76667 0.80000
vt 0.76667 0.85000
vt 0.76667 0.90000
vt 0.76667 0.95000
vt 0.76667 1.00000
vt 0.80000 0.00000
vt 0.80000 0.05000
vt 0.80000 0.10000
vt 0.80000 0.15000
vt 0.80000 0.20000
vt 0.80000 0.25000
vt 0.80000 0.30000
vt 0.80000 0.35000
vt 0.80000 0.40000
vt 0.80000 0.45000
vt 0.80000 0.50000
vt 0.80000 0.55000
vt 0.80000 0.60000
vt 0.80000 0.65000
vt 0.80000 0.70000
vt 0.80000 0.75000
vt 0.80000 0.80000
vt 0.80000 0.85000
vt 0.80000 0.90000
vt 0.80000 0.95000
vt 0.80000 1.00000
vt 0.83333 0.00000
vt 0.83333 0.05000
vt 0.83333 0.10000
vt 0.83333 0.15000
vt 0.83333 0.20000
vt 0.83333 0.25000
vt 0.83333 0.30000
vt 0.83333 0.35000
vt 0.83333 0.40000
vt 0.83333 0.45000
vt 0.83333 0.50000
vt 0.83333 0.55000
vt 0.83333 0.60000
vt 0.83333 0.65000
vt 0.83333 0.70000
vt 0.83333 0.75000
vt 0.83333 0.80000
vt 0.83333 0.85000
vt 0.83333 0.90000
vt 0.83333 0.95000
vt 0.83333 1.00000
vt 0.86667 0.00000
vt 0.86667 0.05000
vt 0.86667 0.10000
vt 0.86667 0.15000
vt 0.86667 0.20000
vt 0.86667 0.25000
vt 0.86667 0.30000
vt 0.86667 0.35000
vt 0.86667 0.40000
vt 0.86667 0.45000
vt 0.86667 0.50000
vt 0.86667 0.55000
vt 0.86667 0.60000
vt 0.86667 0.65000
vt 0.86667 0.70000
vt 0.86667 0.75000
vt 0.86667 0.80000
vt 0.86667 0.85000
vt 0.86667 0.90000
vt 0.86667 0.95000
vt 0.86667 1.00000
vt 0.90000 0.00000
vt 0.90000 0.05000
vt 0.90000 0.10000
vt 0.90000 0.15000
vt 0.90000 0.20000
vt 0.90000 0.25000
vt 0.90000 0.30000
vt 0.90000 0.35000
vt 0.90000 0.40000
vt 0.90000 0.45000
vt 0.90000 0.50000
vt 0.90000 0.55000
vt 0.90000 0.60000
vt 0.90000 0.65000
vt 0.90000 0.70000
vt 0.90000 0.75000
vt 0.90000 0.80000
vt 0.90000 0.85000
vt 0.90000 0.90000
vt 0.90000 0.95000
vt 0.90000 1.00000
vt 0.93333 0.00000
vt 0.93333 0.05000
vt 0.93333 0.10000
vt 0.93333 0.15000
vt 0.93333 0.20000
vt 0.93333 0.25000
vt 0.93333 0.30000
vt 0.93333 0.35000
vt 0.93333 0.40000
vt 0.93333 0.45000
vt 0.93333 0.50000
vt 0.93333 0.55000
vt 0.93333 0.60000
vt 0.93333 0.65000
vt 0.93333 0.70000
vt 0.93333 0.75000
vt 0.93333 0.80000
vt 0.93333 0.85000
vt 0.93333 0.90000
vt 0.93333 0.95000
vt 0.93333 1.00000
vt 0.96667 0.00000
vt 0.96667 0.05000
vt 0.96667 0.10000
vt 0.96667 0.15000
vt 0.96667 0.20000
vt 0.96667 0.25000
vt 0.96667 0.30000
vt 0.96667 0.35000
vt 0.96667 0.40000
vt 0.96667 0.45000
vt 0.96667 0.50000
vt 0.96667 0.55000
vt 0.96667 0.60000
vt 0.96667 0.65000
vt 0.96667 0.70000
vt 0.96667 0.75000
vt 0.96667 0.80000
vt 0.96667 0.85000
vt 0.96667 0.90000
vt 0.96667 0.95000
vt 0.96667 1.00000
vt 1.00000 0.00000
vt 1.00000 0.05000
vt 1.00000 0.10000
vt 1.00000 0.15000
vt 1.00000 0.20000
vt 1.00000 0.25000
vt 1.00000 0.30000
vt 1.00000 0.35000
vt 1.00000 0.40000
vt 1.00000 0.45000
vt 1.00000 0.50000
vt 1.00000 0.55000
vt 1.00000 0.60000
vt 1.00000 0.65000
vt 1.00000 0.70000
vt 1.00000 0.75000
vt 1.00000 0.80000
vt 1.00000 0.85000
vt 1.00000 0.90000
vt 1.00000 0.95000
vt 1.00000 1.00000
vt 0.00000 0.00000
vt 0.00000 0.05000
vt 0.00000 0.10000
vt 0.00000 0.15000
vt 0.00000 0.20000
vt 0.00000 0.25000
vt 0.00000 0.30000
vt 0.00000 0.35000
vt 0.00000 0.40000
vt 0.00000 0.45000
vt 0.00000 0.50000
vt 0.00000 0.55000
vt 0.00000 0.60000
vt 0.00000 0.65000
vt 0.00000 0.70000
vt 0.00000 0.75000
vt 0.00000 0.80000
vt 0.00000 0.85000
vt 0.00000 0.90000
vt 0.00000 0.95000
vt 0.00000 1.00000
vt 0.03333 0.00000
vt 0.03333 0.05000
vt 0.03333 0.10000
vt 0.03333 0.15000
vt 0.03333 0.20000
vt 0.03333 0.25000
vt 0.03333 0.30000
vt 0.03333 0.35000
vt 0.03333 0.40000
vt 0.03333 0.45000
vt 0.03333 0.50000
vt 0.03333 0.55000
vt 0.03333 0.60000
vt 0.03333 0.65000
vt 0.03333 0.70000
vt 0.03333 0.75000
vt 0.03333 0.80000
vt 0.03333 0.85000
vt 0.03333 0.90000
vt 0.03333 0.95000
vt 0.03333 1.00000
vt 0.06667 0.00000
vt 0.06667 0.05000
vt 0.06667 0.10000
vt 0.06667 0.15000
vt 0.06667 0.20000
vt 0.06667 0.25000
vt 0.06667 0.30000
vt 0.06667 0.35000
vt 0.06667 0.40000
vt 0.06667 0.45000
vt 0.06667 0.50000
vt 0.06667 0.55000
vt 0.06667 0.60000
vt 0.06667 0.65000
vt 0.06667 0.70000
vt 0.06667 0.75000
vt 0.06667 0.80000
vt 0.06667 0.85000
vt 0.06667 0.90000
vt 0.06667 0.95000
vt 0.06667 1.00000
vt 0.10000 0.00000
vt 0.10000 0.05000
vt 0.10000 0.10000
vt 0.10000 0.15000
vt 0.10000 0.20000
vt 0.10000 0.25000
vt 0.10000 0.30000
vt 0.10000 0.35000
vt 0.10000 0.40000
vt 0.10000 0.45000
vt 0.10000 0.50000
vt 0.10000 0.55000
vt 0.10000 0.60000
vt 0.10000 0.65000
vt 0.10000 0.70000
vt 0.10000 0.75000
vt 0.10000 0.80000
vt 0.10000 0.85000
vt 0.10000 0.90000
vt 0.10000 0.95000
vt 0.10000 1.00000
vt 0.13333 0.00000
vt 0.13333 0.05000
vt 0.13333 0.10000
vt 0.13333 0.15000
vt 0.13333 0.20000
vt 0.13333 0.25000
vt 0.13333 0.30000
vt 0.13333 0.35000
vt 0.13333 0.40000
vt 0.13333 0.45000
vt 0.13333 0.50000
vt 0.13333 0.55000
vt 0.13333 0.60000
vt 0.13333 0.65000
vt 0.13333 0.70000
vt 0.13333 0.75000
vt 0.13333 0.80000
vt 0.13333 0.85000
vt 0.13333 0.90000
vt 0.13333 0.95000
vt 0.13333 1.00000
vt 0.16667 0.00000
vt 0.16667 0.05000
vt 0.16667 0.10000
vt 0.16667 0.15000
vt 0.16667 0.20000
vt 0.16667 0.25000
vt 0.16667 0.30000
vt 0.16667 0.35000
vt 0.16667 0.40000
vt 0.16667 0.45000
vt 0.16667 0.50000
vt 0.16667 0.55000
vt 0.16667 0.60000
vt 0.16667 0.65000
vt 0.16667 0.70000
vt 0.16667 0.75000
vt 0.16667 0.80000
vt 0.16667 0.85000
vt 0.16667 0.90000
vt 0.16667 0.95000
vt 0.16667 1.00000
vt 0.20000 0.00000
vt 0.20000 0.05000
vt 0.20000 0.10000
vt 0.20000 0.15000
vt 0.20000 0.20000
vt 0.20000 0.25000
vt 0.20000 0.30000
vt 0.20000 0.35000
vt 0.20000 0.40000
vt 0.20000 0.45000
vt 0.20000 0.50000
vt 0.20000 0.55000
vt 0.20000 0.60000
vt 0.20000 0.65000
vt 0.20000 0.70000
vt 0.20000 0.75000
vt 0.20000 0.80000
vt 0.20000 0.85000
vt 0.20000 0.90000
vt 0.20000 0.95000
vt 0.20000 1.00000
vt 0.23333 0.00000
vt 0.23333 0.05000
vt 0.23333 0.10000
vt 0.23333 0.15000
vt 0.23333 0.20000
vt 0.23333 0.25000
vt 0.23333 0.30000
vt 0.23333 0.35000
vt 0.23333 0.40000
vt 0.23333 0.45000
vt 0.23333 0.50000
vt 0.23333 0.55000
vt 0.23333 0.60000
vt 0.23333 0.65000
vt 0.23333 0.70000
vt 0.23333 0.75000
vt 0.23333 0.80000
vt 0.23333 0.85000
vt 0.23333 0.90000
vt 0.23333 0.95000
vt 0.23333 1.00000
vt 0.26667 0.00000
vt 0.26667 0.05000
vt 0.26667 0.10000
vt 0.26667 0.15000
vt 0.26667 0.20000
vt 0.26667 0.25000
vt 0.26667 0.30000
vt 0.26667 0.35000
vt 0.26667 0.40000
vt 0.26667 0.45000
vt 0.26667 0.50000
vt 0.26667 0.55000
vt 0.26667 0.60000
vt 0.26667 0.65000
vt 0.26667 0.70000
vt 0.26667 0.75000
vt 0.26667 0.80000
vt 0.26667 0.85000
vt 0.26667 0.90000
vt 0.26667 0.95000
vt 0.26667 1.00000
vt 0.30000 0.00000
vt 0.30000 0.05000
vt 0.30000 0.10000
vt 0.30000 0.15000
vt 0.30000 0.20000
vt 0.30000 0.25000
vt 0.30000 0.30000
vt 0.30000 0.35000
vt 0.30000 0.40000
vt 0.30000 0.45000
vt 0.30000 0.50000
vt 0.30000 0.55000
vt 0.30000 0.60000
vt 0.30000 0.65000
vt 0.30000 0.70000
vt 0.30000 0.75000
vt 0.30000 0.80000
vt 0.30000 0.85000
vt 0.30000 0.90000
vt 0.30000 0.95000
vt 0.30000 1.00000
vt 0.33333 0.00000
vt 0.33333 0.05000
vt 0.33333 0.10000
vt 0.33333 0.15000
vt 0.33333 0.20000
vt 0.33333 0.25000
vt 0.33333 0.30000
vt 0.33333 0.35000
vt 0.33333 0.40000
vt 0.33333 0.45000
vt 0.33333 0.50000
vt 0.33333 0.55000
vt 0.33333 0.60000
vt 0.33333 0.65000
vt 0.33333 0.70000
vt 0.33333 0.75000
vt 0.33333 0.80000
vt 0.33333 0.85000
vt 0.33333 0.90000
vt 0.33333 0.95000
vt 0.33333 1.00000
vt 0.36667 0.00000
vt 0.36667 0.05000
vt 0.36667 0.10000
vt 0.36667 0.15000
vt 0.36667 0.20000
vt 0.36667 0.25000
vt 0.36667 0.30000
vt 0.36667 0.35000
vt 0.36667 0.40000
vt 0.36667 0.45000
vt 0.36667 0.50000
vt 0.36667 0.55000
vt 0.36667 0.60000
vt 0.36667 0.65000
vt 0.36667 0.70000
vt 0.36667 0.75000
vt 0.36667 0.80000
vt 0.36667 0.85000
vt 0.36667 0.90000
vt 0.36667 0.95000
vt 0.36667 1.00000
vt 0.40000 0.00000
vt 0.40000 0.05000
vt 0.40000 0.10000
vt 0.40000 0.15000
vt 0.40000 0.20000
vt 0.40000 0.25000
vt 0.40000 0.30000
vt 0.40000 0.35000
vt 0.40000 0.40000
vt 0.40000 0.45000
vt 0.40000 0.50000
vt 0.40000 0.55000
vt 0.40000 0.60000
vt 0.40000 0.65000
vt 0.40000 0.70000
vt 0.40000 0.75000
vt 0.40000 0.80000
vt 0.40000 0.85000
vt 0.40000 0.90000
vt 0.40000 0.95000
vt 0.40000 1.00000
vt 0.43333 0.00000
vt 0.43333 0.05000
vt 0.43333 0.10000
vt 0.43333 0.15000
vt 0.43333 0.20000
vt 0.43333 0.25000
vt 0.43333 0.30000
vt 0.43333 0.35000
vt 0.43333 0.40000
vt 0.43333 0.45000
vt 0.43333 0.50000
vt 0.43333 0.55000
vt 0.43333 0.60000
vt 0.43333 0.65000
vt 0.43333 0.70000
vt 0.43333 0.75000
vt 0.43333 0.80000
vt 0.43333 0.85000
vt 0.43333 0.90000
vt 0.43333 0.95000
vt 0.43333 1.00000
vt 0.46667 0.00000
vt 0.46667 0.05000
vt 0.46667 0.10000
vt 0.46667 0.15000
vt 0.46667 0.20000
vt 0.46667 0.25000
vt 0.46667 0.30000
vt 0.46667 0.35000
vt 0.46667 0.40000
vt 0.46667 0.45000
vt 0.46667 0.50000
vt 0.46667 0.55000
vt 0.46667 0.60000
vt 0.46667 0.65000
vt 0.46667 0.70000
vt 0.46667 0.75000
vt 0.46667 0.80000
vt 0.46667 0.85000
vt 0.46667 0.90000
vt 0.46667 0.95000
vt 0.46667 1.00000
vt 0.50000 0.00000
vt 0.50000 0.05000
vt 0.50000 0.10000
vt 0.50000 0.15000
vt 0.50000 0.20000
vt 0.50000 0.25000
vt 0.50000 0.30000
vt 0.50000 0.35000
vt 0.50000 0.40000
vt 0.50000 0.45000
vt 0.50000 0.50000
vt 0.50000 0.55000
vt 0.50000 0.60000
vt 0.50000 0.65000
vt 0.50000 0.70000
vt 0.50000 0.75000
vt 0.50000 0.80000
vt 0.50000 0.85000
vt 0.50000 0.90000
vt 0.50000 0.95000
vt 0.50000 1.00000
vt 0.53333 0.00000
vt 0.53333 0.05000
vt 0.53333 0.10000
vt 0.53333 0.15000
vt 0.53333 0.20000
vt 0.53333 0.25000
vt 0.53333 0.30000
vt 0.53333 0.35000
vt 0.53333 0.40000
vt 0.53333 0.45000
vt 0.53333 0.50000
vt 0.53333 0.55000
vt 0.53333 0.60000
vt 0.53333 0.65000
vt 0.53333 0.70000
vt 0.53333 0.75000
vt 0.53333 0.80000
vt 0.53333 0.85000
vt 0.53333 0.90000
vt 0.53333 0.95000
vt 0.53333 1.00000
vt 0.56667 0.00000
vt 0.56667 0.05000
vt 0.56667 0.10000
vt 0.56667 0.15000
vt 0.56667 0.20000
vt 0.56667 0.25000
vt 0.56667 0.30000
vt 0.56667 0.35000
vt 0.56667 0.40000
vt 0.56667 0.45000
vt 0.56667 0.50000
vt 0.56667 0.55000
vt 0.56667 0.60000
vt 0.56667 0.65000
vt 0.56667 0.70000
vt 0.56667 0.75000
vt 0.56667 0.80000
vt 0.56667 0.85000
vt 0.56667 0.90000
vt 0.56667 0.95000
vt 0.56667 1.00000
vt 0.60000 0.00000
vt 0.60000 0.05000
vt 0.60000 0.10000
vt 0.60000 0.15000
vt 0.60000 0.20000
vt 0.60000 0.25000
vt 0.60000 0.30000
vt 0.60000 0.35000
vt 0.60000 0.40000
vt 0.60000 0.45000
vt 0.60000 0.50000
vt 0.60000 0.55000
vt 0.60000 0.60000
vt 0.60000 0.65000
vt 0.60000 0.70000
vt 0.60000 0.75000
vt 0.60000 0.80000
vt 0.60000 0.85000
vt 0.60000 0.90000
vt 0.60000 0.95000
vt 0.60000 1.00000
vt 0.63333 0.00000
vt 0.63333 0.05000
vt 0.63333 0.10000
vt 0.63333 0.15000
vt 0.63333 0.20000
vt 0.63333 0.25000
vt 0.63333 0.30000
vt 0.63333 0.35000
vt 0.63333 0.40000
vt 0.63333 0.45000
vt 0.63333 0.50000
vt 0.63333 0.55000
vt 0.63333 0.60000
vt 0.63333 0.65000
vt 0.63333 0.70000
vt 0.63333 0.75000
vt 0.63333 0.80000
vt 0.63333 0.85000
vt 0.63333 0.90000
vt 0.63333 0.95000
vt 0.63333 1.00000
vt 0.66667 0.00000
vt 0.66667 0.05000
vt 0.66667 0.10000
vt 0.66667 0.15000
vt 0.66667 0.20000
vt 0.66667 0.25000
vt 0.66667 0.30000
vt 0.66667 0.35000
vt 0.66667 0.40000
vt 0.66667 0.45000
vt 0.66667 0.50000
vt 0.66667 0.55000
vt 0.66667 0.60000
vt 0.66667 0.65000
vt 0.66667 0.70000
vt 0.66667 0.75000
vt 0.66667 0.80000
vt 0.66667 0.85000
vt 0.66667 0.90000
vt 0.66667 0.95000
vt 0.66667 1.00000
vt 0.70000 0.00000
vt 0.70000 0.05000
vt 0.70000 0.10000
vt 0.70000 0.15000
vt 0.70000 0.20000
vt 0.70000 0.25000
vt 0.70000 0.30000
vt 0.70000 0.35000
vt 0.70000 0.40000
vt 0.70000 0.45000
vt 0.70000 0.50000
vt 0.70000 0.55000
vt 0.70000 0.60000
vt 0.70000 0.65000
vt 0.70000 0.70000
vt 0.70000 0.75000
vt 0.70000 0.80000
vt 0.70000 0.85000
vt 0.70000 0.90000
vt 0.70000 0.95000
vt 0.70000 1.00000
vt 0.73333 0.00000
vt 0.73333 0.05000
vt 0.73333 0.10000
vt 0.73333 0.15000
vt 0.73333 0.20000
vt 0.73333 0.25000
vt 0.73333 0.30000
vt 0.73333 0.35000
vt 0.73333 0.40000
vt 0.73333 0.45000
vt 0.73333 0.50000
vt 0.73333 0.55000
vt 0.73333 0.60000
vt 0.73333 0.65000
vt 0.73333 0.70000
vt 0.73333 0.75000
vt 0.73333 0.80000
vt 0.73333 0.85000
vt 0.73333 0.90000
vt 0.73333 0.95000
vt 0.73333 1.00000
vt 0.76667 0.00000
vt 0.76667 0.05000
vt 0.76667 0.10000
vt 0.76667 0.15000
vt 0.76667 0.20000
vt 0.76667 0.25000
vt 0.76667 0.30000
vt 0.76667 0.35000
vt 0.76667 0.40000
vt 0.76667 0.45000
vt 0.76667 0.50000
vt 0.76667 0.55000
vt 0.76667 0.60000
vt 0.76667 0.65000
vt 0.76667 0.70000
vt 0.76667 0.75000
vt 0.76667 0.80000
vt 0.76667 0.85000
vt 0.76667 0.90000
vt 0.76667 0.95000
vt 0.76667 1.00000
vt 0.80000 0.00000
vt 0.80000 0.05000
vt 0.80000 0.10000
vt 0.80000 0.15000
vt 0.80000 0.20000
vt 0.80000 0.25000
vt 0.80000 0.30000
vt 0.80000 0.35000
vt 0.80000 0.40000
vt 0.80000 0.45000
vt 0.80000 0.50000
vt 0.80000 0.55000
vt 0.80000 0.60000
vt 0.80000 0.65000
vt 0.80000 0.70000
vt 0.80000 0.75000
vt 0.80000 0.80000
vt 0.80000 0.85000
vt 0.80000 0.90000
vt 0.80000 0.95000
vt 0.80000 1.00000
vt 0.83333 0.00000
vt 0.83333 0.05000
vt 0.83333 0.10000
vt 0.83333 0.15000
vt 0.83333 0.20000
vt 0.83333 0.25000
vt 0.83333 0.30000
vt 0.83333 0.35000
vt 0.83333 0.40000
vt 0.83333 0.45000
vt 0.83333 0.50000
vt 0.83333 0.55000
vt 0.83333 0.60000
vt 0.83333 0.65000
vt 0.83333 0.70000
vt 0.83333 0.75000
vt 0.83333 0.80000
vt 0.83333 0.85000
vt 0.83333 0.90000
vt 0.83333 0.95000
vt 0.83333 1.00000
vt 0.86667 0.00000
vt 0.86667 0.05000
vt 0.86667 0.10000
vt 0.86667 0.15000
vt 0.86667 0.20000
vt 0.86667 0.25000
vt 0.86667 0.30000
vt 0.86667 0.35000
vt 0.86667 0.40000
vt 0.86667 0.45000
vt 0.86667 0.50000
vt 0.86667 0.55000
vt 0.86667 0.60000
vt 0.86667 0.65000
vt 0.86667 0.70000
vt 0.86667 0.75000
vt 0.86667 0.80000
vt 0.86667 0.85000
vt 0.86667 0.90000
vt 0.86667 0.95000
vt 0.86667 1.00000
vt 0.90000 0.00000
vt 0.90000 0.05000
vt 0.90000 0.10000
vt 0.90000 0.15000
vt 0.90000 0.20000
vt 0.90000 0.25000
vt 0.90000 0.30000
vt 0.90000 0.35000
vt 0.90000 0.40000
vt 0.90000 0.45000
vt 0.90000 0.50000
vt 0.90000 0.55000
vt 0.90000 0.60000
vt 0.90000 0.65000
vt 0.90000 0.70000
vt 0.90000 0.75000
vt 0.90000 0.80000
vt 0.90000 0.85000
vt 0.90000 0.90000
vt 0.90000 0.95000
vt 0.90000 1.00000
vt 0.93333 0.00000
vt 0.93333 0.05000
vt 0.93333 0.10000
vt 0.93333 0.15000
vt 0.93333 0.20000
vt 0.93333 0.25000
vt 0.93333 0.30000
vt 0.93333 0.35000
vt 0.93333 0.40000
vt 0.93333 0.45000
vt 0.93333 0.50000
vt 0.93333 0.55000
vt 0.93333 0.60000
vt 0.93333 0.65000
vt 0.93333 0.70000
vt 0.93333 0.75000
vt 0.93333 0.80000
vt 0.93333 0.85000
vt 0.93333 0.90000
vt 0.93333 0.95000
vt 0.93333 1.00000
vt 0.96667 0.00000
vt 0.96667 0.05000
vt 0.96667 0.10000
vt 0.96667 0.15000
vt 0.96667 0.20000
vt 0.96667 0.25000
vt 0.96667 0.30000
vt 0.96667 0.35000
vt 0.96667 0.40000
vt 0.96667 0.45000
vt 0.96667 0.50000
vt 0.96667 0.55000
vt 0.96667 0.60000
vt 0.96667 0.65000
vt 0.96667 0.70000
vt 0.96667 0.75000
vt 0.96667 0.80000
vt 0.96667 0.85000
vt 0.96667 0.90000
vt 0.96667 0.95000
vt 0.96667 1.00000
vt 1.00000 0.00000
vt 1.00000 0.05000
vt 1.00000 0.10000
vt 1.00000 0.15000
vt 1.00000 0.20000
vt 1.00000 0.25000
vt 1.00000 0.30000
vt 1.00000 0.35000
vt 1.00000 0.40000
vt 1.00000 0.45000
vt 1.00000 0.50000
vt 1.00000 0.55000
vt 1.00000 0.60000
vt 1.00000 0.65000
vt 1.00000 0.70000
vt 1.00000 0.75000
vt 1.00000 0.80000
vt 1.00000 0.85000
vt 1.00000 0.90000
vt 1.00000 0.95000
vt 1.00000 1.00000
vn 0.00000 1.00000 0.00000
vn 0.19133 0.98153 0.00000
vn 0.37131 0.92851 0.00000
vn 0.53128 0.84719 0.00000
vn 0.66658 0.74544 0.00000
vn 0.77611 0.63059 0.00000
vn 0.74544 0.66657 0.00156
vn 0.84719 0.53128 0.00177
vn 0.92851 0.37131 0.00194
vn 0.98152 0.19133 0.00206
vn 1.00000 0.00000 0.00209
vn 0.98152 -0.19133 0.00206
vn 0.92851 -0.37131 0.00194
vn 0.84719 -0.53128 0.00177
vn 0.74544 -0.66657 0.00156
vn 0.77611 -0.63059 0.00000
vn 0.66658 -0.74544 0.00000
vn 0.53128 -0.84719 0.00000
vn 0.37131 -0.92851 0.00000
vn 0.19133 -0.98153 0.00000
vn 0.00000 -1.00000 0.00000
vn 0.00000 1.00000 0.00000
vn 0.18697 0.98056 0.05961
vn 0.36185 0.92507 0.11537
vn 0.37481 0.92558 0.05311
vn 0.49879 0.86383 0.07068
vn 0.61978 0.77985 0.08783
vn 0.73406 0.67107 0.10402
vn 0.83592 0.53592 0.11845
vn 0.91777 0.37522 0.13005
vn 0.97138 0.19359 0.13765
vn 0.99011 0.00000 0.14030
vn 0.97138 -0.19359 0.13765
vn 0.91777 -0.37522 0.13005
vn 0.83592 -0.53592 0.11845
vn 0.73406 -0.67107 0.10402
vn 0.61978 -0.77985 0.08783
vn 0.49879 -0.86383 0.07068
vn 0.37481 -0.92558 0.05311
vn 0.36185 -0.92507 0.11537
vn 0.18697 -0.98056 0.05961
vn 0.00000 -1.00000 0.00000
vn 0.00000 1.00000 0.00000
vn 0.17413 0.97783 0.11629
vn 0.33448 0.91555 0.22338
vn 0.35181 0.93023 0.10442
vn 0.47002 0.87156 0.13951
vn 0.58690 0.79070 0.17420
vn 0.69908 0.68428 0.20750
vn 0.80081 0.54972 0.23770
vn 0.88398 0.38696 0.26238
vn 0.93921 0.20041 0.27878
vn 0.95866 0.00000 0.28455
vn 0.93921 -0.20041 0.27878
vn 0.88398 -0.38696 0.26238
vn 0.80081 -0.54972 0.23770
vn 0.69908 -0.68428 0.20750
vn 0.58690 -0.79070 0.17420
vn 0.47002 -0.87156 0.13951
vn 0.35181 -0.93023 0.10442
vn 0.33448 -0.91555 0.22338
vn 0.17413 -0.97783 0.11629
vn 0.00000 -1.00000 0.00000
vn 0.00000 1.00000 0.00000
vn 0.15358 0.97386 0.16738
vn 0.29183 0.90204 0.31805
vn 0.31389 0.93721 0.15204
vn 0.42186 0.88334 0.20433
vn 0.53082 0.80754 0.25711
vn 0.63806 0.70524 0.30905
vn 0.73812 0.57215 0.35752
vn 0.82229 0.40646 0.39829
vn 0.87954 0.21193 0.42602
vn 0.89999 0.00000 0.43592
vn 0.87954 -0.21193 0.42602
vn 0.82229 -0.40646 0.39829
vn 0.73812 -0.57215 0.35752
vn 0.63806 -0.70524 0.30905
vn 0.53082 -0.80754 0.25711
vn 0.42186 -0.88334 0.20433
vn 0.31389 -0.93721 0.15204
vn 0.29183 -0.90204 0.31805
vn 0.15358 -0.97386 0.16738
vn 0.00000 -1.00000 0.00000
vn 0.00000 1.00000 0.00000
vn 0.12644 0.96935 0.21064
vn 0.23741 0.88725 0.39551
vn 0.26189 0.94542 0.19391
vn 0.35450 0.89746 0.26247
vn 0.45031 0.82828 0.33341
vn 0.54766 0.73188 0.40549
vn 0.64196 0.60164 0.47531
vn 0.72445 0.43296 0.53639
vn 0.78252 0.22797 0.57939
vn 0.80368 0.00000 0.59506
vn 0.78252 -0.22797 0.57939
vn 0.72445 -0.43296 0.53639
vn 0.64196 -0.60164 0.47531
vn 0.54766 -0.73188 0.40549
vn 0.45031 -0.82828 0.33341
vn 0.35450 -0.89746 0.26247
vn 0.26189 -0.94542 0.19391
vn 0.23741 -0.88725 0.39551
vn 0.12644 -0.96935 0.21064
vn 0.00000 -1.00000 0.00000
vn 0.00000 1.00000 0.00000
vn 0.09407 0.96510 0.24439
vn 0.17471 0.87376 0.45390
vn 0.19736 0.95347 0.22790
vn 0.26907 0.91163 0.31070
vn 0.34519 0.84969 0.39859
vn 0.42518 0.76039 0.49095
vn 0.50596 0.63458 0.58423
vn 0.57996 0.46386 0.66969
vn 0.63432 0.24730 0.73245
vn 0.65465 0.00000 0.75593
vn 0.63432 -0.24730 0.73245
vn 0.57996 -0.46386 0.66969
vn 0.50596 -0.63458 0.58423
vn 0.42518 -0.76039 0.49095
vn 0.34519 -0.84969 0.39859
vn 0.26907 -0.91163 0.31070
vn 0.19736 -0.95347 0.22790
vn 0.17471 -0.87376 0.45390
vn 0.09407 -0.96510 0.24439
vn 0.00000 -1.00000 0.00000
vn 0.00000 1.00000 0.00000
vn 0.05794 0.96182 0.26747
vn 0.10672 0.86363 0.49270
vn 0.12280 0.95991 0.25196
vn 0.16840 0.92317 0.34553
vn 0.21784 0.86762 0.44696
vn 0.27133 0.78515 0.55671
vn 0.32742 0.66445 0.67179
vn 0.38112 0.49321 0.78198
vn 0.42228 0.26639 0.86644
vn 0.43811 0.00000 0.89892
vn 0.42228 -0.26639 0.86644
vn 0.38112 -0.49321 0.78198
vn 0.32742 -0.66445 0.67179
vn 0.27133 -0.78515 0.55671
vn 0.21784 -0.86762 0.44696
vn 0.16840 -0.92317 0.34553
vn 0.12280 -0.95991 0.25196
vn 0.10672 -0.86363 0.49270
vn 0.05794 -0.96182 0.26747
vn 0.00000 -1.00000 0.00000
vn 0.00000 1.00000 0.00000
vn 0.01956 0.96004 0.27918
vn 0.03588 0.85824 0.51200
vn 0.04169 0.96349 0.26446
vn 0.05737 0.92968 0.36387
vn 0.07456 0.87793 0.47294
vn 0.09349 0.79976 0.59299
vn 0.11379 0.68270 0.72179
vn 0.13379 0.51184 0.84860
vn 0.14955 0.27890 0.94860
vn 0.15573 0.00000 0.98780
vn 0.14955 -0.27890 0.94860
vn 0.13379 -0.51184 0.84860
vn 0.11379 -0.68270 0.72179
vn 0.09349 -0.79976 0.59299
vn 0.07456 -0.87793 0.47294
vn 0.05737 -0.92968 0.36387
vn 0.04169 -0.96349 0.26446
vn 0.03588 -0.85824 0.51200
vn 0.01956 -0.96004 0.27918
vn 0.00000 -1.00000 0.00000
vn 0.00000 1.00000 0.00000
vn -0.01956 0.96004 0.27918
vn -0.03588 0.85824 0.51200
vn -0.04169 0.96349 0.26446
vn -0.05737 0.92968 0.36387
vn -0.07456 0.87793 0.47294
vn -0.09349 0.79976 0.59299
vn -0.11379 0.68270 0.72179
vn -0.13379 0.51184 0.84860
vn -0.14955 0.27890 0.94860
vn -0.15573 0.00000 0.98780
vn -0.14955 -0.27890 0.94860
vn -0.13379 -0.51184 0.84860
vn -0.11379 -0.68270 0.72179
vn -0.09349 -0.79976 0.59299
vn -0.07456 -0.87793 0.47294
vn -0.05737 -0.92968 0.36387
vn -0.04169 -0.96349 0.26446
vn -0.03588 -0.85824 0.51200
vn -0.01956 -0.96004 0.27918
vn -0.00000 -1.00000 0.00000
vn 0.00000 1.00000 0.00000
vn -0.05794 0.96182 0.26747
vn -0.10672 0.86363 0.49270
vn -0.12280 0.95991 0.25196
vn -0.16840 0.92317 0.34553
vn -0.21784 0.86762 0.44696
vn -0.27133 0.78515 0.55671
vn -0.32742 0.66445 0.67179
vn -0.38112 0.49321 0.78198
vn -0.42228 0.26639 0.86644
vn -0.43811 0.00000 0.89892
vn -0.42228 -0.26639 0.86644
vn -0.38112 -0.49321 0.78198
vn -0.32742 -0.66445 0.67179
vn -0.27133 -0.78515 0.55671
vn -0.21784 -0.86762 0.44696
vn -0.16840 -0.92317 0.34553
vn -0.12280 -0.95991 0.25196
vn -0.10672 -0.86363 0.49270
vn -0.05794 -0.96182 0.26747
vn -0.00000 -1.00000 0.00000
vn 0.00000 1.00000 0.00000
vn -0.09407 0.96510 0.24439
vn -0.17471 0.87376 0.45390
vn -0.19736 0.95347 0.22790
vn -0.26907 0.91163 0.31070
vn -0.34519 0.84969 0.39859
vn -0.42518 0.76039 0.49095
vn -0.50596 0.63458 0.58423
vn -0.57996 0.46386 0.66969
vn -0.63432 0.24730 0.73245
vn -0.65465 0.00000 0.75593
vn -0.63432 -0.24730 0.73245
vn -0.57996 -0.46386 0.66969
vn -0.50596 -0.63458 0.58423
vn -0.42518 -0.76039 0.49095
vn -0.34519 -0.84969 0.39859
vn -0.26907 -0.91163 0.31070
vn -0.19736 -0.95347 0.22790
vn -0.17471 -0.87376 0.45390
vn -0.09407 -0.96510 0.24439
vn -0.00000 -1.00000 0.00000
vn 0.00000 1.00000 0.00000
vn -0.12644 0.96935 0.21064
vn -0.23741 0.88725 0.39551
vn -0.26189 0.94542 0.19391
vn -0.35450 0.89746 0.26247
vn -0.45031 0.82828 0.33341
vn -0.54766 0.73188 0.40549
vn -0.64196 0.60164 0.47531
vn -0.72445 0.43296 0.53639
vn -0.78252 0.22797 0.57939
vn -0.80368 0.00000 0.59506
vn -0.78252 -0.22797 0.57939
vn -0.72445 -0.43296 0.53639
vn -0.64196 -0.60164 0.47531
vn -0.54766 -0.73188 0.40549
vn -0.45031 -0.82828 0.33341
vn -0.35450 -0.89746 0.26247
vn -0.26189 -0.94542 0.19391
vn -0.23741 -0.88725 0.39551
vn -0.12644 -0.96935 0.21064
vn -0.00000 -1.00000 0.00000
vn 0.00000 1.00000 0.00000
vn -0.15358 0.97386 0.16738
vn -0.29183 0.90204 0.31805
vn -0.31389 0.93721 0.15204
vn -0.42186 0.88334 0.20433
vn -0.53082 0.80754 0.25711
vn -0.63806 0.70524 0.30905
vn -0.73812 0.57215 0.35752
vn -0.82229 0.40646 0.39829
vn -0.87954 0.21193 0.42602
vn -0.89999 0.00000 0.43592
vn -0.87954 -0.21193 0.42602
vn -0.82229 -0.40646 0.39829
vn -0.73812 -0.57215 0.35752
vn -0.63806 -0.70524 0.30905
vn -0.53082 -0.80754 0.25711
vn -0.42186 -0.88334 0.20433
vn -0.31389 -0.93721 0.15204
vn -0.29183 -0.90204 0.31805
vn -0.15358 -0.97386 0.16738
vn -0.00000 -1.00000 0.00000
vn 0.00000 1.00000 0.00000
vn -0.17413 0.97783 0.11629
vn -0.33448 0.91555 0.22338
vn -0.35181 0.93023 0.10442
vn -0.47002 0.87156 0.13951
vn -0.58690 0.79070 0.17420
vn -0.69908 0.68428 0.20750
vn -0.80081 0.54972 0.23770
vn -0.88398 0.38696 0.26238
vn -0.93921 0.20041 0.27878
vn -0.95866 0.00000 0.28455
vn -0.93921 -0.20041 0.27878
vn -0.88398 -0.38696 0.26238
vn -0.80081 -0.54972 0.23770
vn -0.69908 -0.68428 0.20750
vn -0.58690 -0.79070 0.17420
vn -0.47002 -0.87156 0.13951
vn -0.35181 -0.93023 0.10442
vn -0.33448 -0.91555 0.22338
vn -0.17413 -0.97783 0.11629
vn -0.00000 -1.00000 0.00000
vn 0.00000 1.00000 0.00000
vn -0.18697 0.98056 0.05961
vn -0.36185 0.92507 0.11537
vn -0.37481 0.92558 0.05311
vn -0.49879 0.86383 0.07068
vn -0.61978 0.77985 0.08783
vn -0.73406 0.67107 0.10402
vn -0.83592 0.53592 0.11845
vn -0.91777 0.37522 0.13005
vn -0.97138 0.19359 0.13765
vn -0.99011 0.00000 0.14030
vn -0.97138 -0.19359 0.13765
vn -0.91777 -0.37522 0.13005
vn -0.83592 -0.53592 0.11845
vn -0.73406 -0.67107 0.10402
vn -0.61978 -0.77985 0.08783
vn -0.49879 -0.86383 0.07068
vn -0.37481 -0.92558 0.05311
vn -0.36185 -0.92507 0.11537
vn -0.18697 -0.98056 0.05961
vn -0.00000 -1.00000 0.00000
vn 0.00000 1.00000 0.00000
vn -0.19133 0.98153 0.00000
vn -0.37131 0.92851 0.00000
vn -0.38251 0.92395 0.00000
vn -0.50835 0.86115 0.00000
vn -0.63059 0.77611 0.00000
vn -0.74544 0.66658 0.00000
vn -0.84719 0.53128 0.00000
vn -0.92851 0.37131 0.00000
vn -0.98153 0.19133 0.00000
vn -1.00000 -0.00000 -0.00000
vn -0.98153 -0.19133 -0.00000
vn -0.92851 -0.37131 -0.00000
vn -0.84719 -0.53128 -0.00000
vn -0.74544 -0.66658 -0.00000
vn -0.63059 -0.77611 -0.00000
vn -0.50835 -0.86115 -0.00000
vn -0.38251 -0.92395 -0.00000
vn -0.37131 -0.92851 0.00000
vn -0.19133 -0.98153 0.00000
vn -0.00000 -1.00000 0.00000
vn 0.00000 1.00000 0.00000
vn -0.18697 0.98056 -0.05961
vn -0.36185 0.92507 -0.11537
vn -0.37481 0.92558 -0.05311
vn -0.49879 0.86383 -0.07068
vn -0.61978 0.77985 -0.08783
vn -0.73406 0.67107 -0.10402
vn -0.83592 0.53592 -0.11845
vn -0.91777 0.37522 -0.13005
vn -0.97138 0.19359 -0.13765
vn -0.99011 -0.00000 -0.14030
vn -0.97138 -0.19359 -0.13765
vn -0.91777 -0.37522 -0.13005
vn -0.83592 -0.53592 -0.11845
vn -0.73406 -0.67107 -0.10402
vn -0.61978 -0.77985 -0.08783
vn -0.49879 -0.86383 -0.07068
vn -0.37481 -0.92558 -0.05311
vn -0.36185 -0.92507 -0.11537
vn -0.18697 -0.98056 -0.05961
vn -0.00000 -1.00000 -0.00000
vn 0.00000 1.00000 0.00000
vn -0.17413 0.97783 -0.11629
vn -0.33448 0.91555 -0.22338
vn -0.35181 0.93023 -0.10442
vn -0.47002 0.87156 -0.13951
vn -0.58690 0.79070 -0.17420
vn -0.69908 0.68428 -0.20750
vn -0.80081 0.54972 -0.23770
vn -0.88398 0.38696 -0.26238
vn -0.93921 0.20041 -0.27878
vn -0.95866 -0.00000 -0.28455
vn -0.93921 -0.20041 -0.27878
vn -0.88398 -0.38696 -0.26238
vn -0.80081 -0.54972 -0.23770
vn -0.69908 -0.68428 -0.20750
vn -0.58690 -0.79070 -0.17420
vn -0.47002 -0.87156 -0.13951
vn -0.35181 -0.93023 -0.10442
vn -0.33448 -0.91555 -0.22338
vn -0.17413 -0.97783 -0.11629
vn -0.00000 -1.00000 -0.00000
vn 0.00000 1.00000 0.00000
vn -0.15358 0.97386 -0.16738
vn -0.29183 0.90204 -0.31805
vn -0.31389 0.93721 -0.15204
vn -0.42186 0.88334 -0.20433
vn -0.53082 0.80754 -0.25711
vn -0.63806 0.70524 -0.30905
vn -0.73812 0.57215 -0.35752
vn -0.82229 0.40646 -0.39829
vn -0.87954 0.21193 -0.42602
vn -0.89999 -0.00000 -0.43592
vn -0.87954 -0.21193 -0.42602
vn -0.82229 -0.40646 -0.39829
vn -0.73812 -0.57215 -0.35752
vn -0.63806 -0.70524 -0.30905
vn -0.53082 -0.80754 -0.25711
vn -0.42186 -0.88334 -0.20433
vn -0.31389 -0.93721 -0.15204
vn -0.29183 -0.90204 -0.31805
vn -0.15358 -0.97386 -0.16738
vn -0.00000 -1.00000 -0.00000
vn 0.00000 1.00000 0.00000
vn -0.12644 0.96935 -0.21064
vn -0.23741 0.88725 -0.39551
vn -0.26189 0.94542 -0.19391
vn -0.35450 0.89746 -0.26247
vn -0.45031 0.82828 -0.33341
vn -0.54766 0.73188 -0.40549
vn -0.64196 0.60164 -0.47531
vn -0.72445 0.43296 -0.53639
vn -0.78252 0.22797 -0.57939
vn -0.80368 -0.00000 -0.59506
vn -0.78252 -0.22797 -0.57939
vn -0.72445 -0.43296 -0.53639
vn -0.64196 -0.60164 -0.47531
vn -0.54766 -0.73188 -0.40549
vn -0.45031 -0.82828 -0.33341
vn -0.35450 -0.89746 -0.26247
vn -0.26189 -0.94542 -0.19391
vn -0.23741 -0.88725 -0.39551
vn -0.12644 -0.96935 -0.21064
vn -0.00000 -1.00000 -0.00000
vn 0.00000 1.00000 0.00000
vn -0.09407 0.96510 -0.24439
vn -0.17471 0.87376 -0.45390
vn -0.19736 0.95347 -0.22790
vn -0.26907 0.91163 -0.31070
vn -0.34519 0.84969 -0.39859
vn -0.42518 0.76039 -0.49095
vn -0.50596 0.63458 -0.58423
vn -0.57996 0.46386 -0.66969
vn -0.63432 0.24730 -0.73245
vn -0.65465 -0.00000 -0.75593
vn -0.63432 -0.24730 -0.73245
vn -0.57996 -0.46386 -0.66969
vn -0.50596 -0.63458 -0.58423
vn -0.42518 -0.76039 -0.49095
vn -0.34519 -0.84969 -0.39859
vn -0.26907 -0.91163 -0.31070
vn -0.19736 -0.95347 -0.22790
vn -0.17471 -0.87376 -0.45390
vn -0.09407 -0.96510 -0.24439
vn -0.00000 -1.00000 -0.00000
vn 0.00000 1.00000 0.00000
vn -0.05794 0.96182 -0.26747
vn -0.10672 0.86363 -0.49270
vn -0.12280 0.95991 -0.25196
vn -0.16840 0.92317 -0.34553
vn -0.21784 0.86762 -0.44696
vn -0.27133 0.78515 -0.55671
vn -0.32742 0.66445 -0.67179
vn -0.38112 0.49321 -0.78198
vn -0.42228 0.26639 -0.86644
vn -0.43811 -0.00000 -0.89892
vn -0.42228 -0.26639 -0.86644
vn -0.38112 -0.49321 -0.78198
vn -0.32742 -0.66445 -0.67179
vn -0.27133 -0.78515 -0.55671
vn -0.21784 -0.86762 -0.44696
vn -0.16840 -0.92317 -0.34553
vn -0.12280 -0.95991 -0.25196
vn -0.10672 -0.86363 -0.49270
vn -0.05794 -0.96182 -0.26747
vn -0.00000 -1.00000 -0.00000
vn 0.00000 1.00000 0.00000
vn -0.01956 0.96004 -0.27918
vn -0.03588 0.85824 -0.51200
vn -0.04169 0.96349 -0.26446
vn -0.05737 0.92968 -0.36387
vn -0.07456 0.87793 -0.47294
vn -0.09349 0.79976 -0.59299
vn -0.11379 0.68270 -0.72179
vn -0.13379 0.51184 -0.84860
vn -0.14955 0.27890 -0.94860
vn -0.15573 -0.00000 -0.98780
vn -0.14955 -0.27890 -0.94860
vn -0.13379 -0.51184 -0.84860
vn -0.11379 -0.68270 -0.72179
vn -0.09349 -0.79976 -0.59299
vn -0.07456 -0.87793 -0.47294
vn -0.05737 -0.92968 -0.36387
vn -0.04169 -0.96349 -0.26446
vn -0.03588 -0.85824 -0.51200
vn -0.01956 -0.96004 -0.27918
vn -0.00000 -1.00000 -0.00000
vn 0.00000 1.00000 0.00000
vn 0.01956 0.96004 -0.27918
vn 0.03588 0.85824 -0.51200
vn 0.04169 0.96349 -0.26446
vn 0.05737 0.92968 -0.36387
vn 0.07456 0.87793 -0.47294
vn 0.09349 0.79976 -0.59299
vn 0.11379 0.68270 -0.72179
vn 0.13379 0.51184 -0.84860
vn 0.14955 0.27890 -0.94860
vn 0.15573 0.00000 -0.98780
vn 0.14955 -0.27890 -0.94860
vn 0.13379 -0.51184 -0.84860
vn 0.11379 -0.68270 -0.72179
vn 0.09349 -0.79976 -0.59299
vn 0.07456 -0.87793 -0.47294
vn 0.05737 -0.92968 -0.36387
vn 0.04169 -0.96349 -0.26446
vn 0.03588 -0.85824 -0.51200
vn 0.01956 -0.96004 -0.27918
vn 0.00000 -1.00000 -0.00000
vn 0.00000 1.00000 0.00000
vn 0.05794 0.96182 -0.26747
vn 0.10672 0.86363 -0.49270
vn 0.12280 0.95991 -0.25196
vn 0.16840 0.92317 -0.34553
vn 0.21784 0.86762 -0.44696
vn 0.27133 0.78515 -0.55671
vn 0.32742 0.66445 -0.67179
vn 0.38112 0.49321 -0.78198
vn 0.42228 0.26639 -0.86644
vn 0.43811 0.00000 -0.89892
vn 0.42228 -0.26639 -0.86644
vn 0.38112 -0.49321 -0.78198
vn 0.32742 -0.66445 -0.67179
vn 0.27133 -0.78515 -0.55671
vn 0.21784 -0.86762 -0.44696
vn 0.16840 -0.92317 -0.34553
vn 0.12280 -0.95991 -0.25196
vn 0.10672 -0.86363 -0.49270
vn 0.05794 -0.96182 -0.26747
vn 0.00000 -1.00000 -0.00000
vn 0.00000 1.00000 0.00000
vn 0.09407 0.96510 -0.24439
vn 0.17471 0.87376 -0.45390
vn 0.19736 0.95347 -0.22790
vn 0.26907 0.91163 -0.31070
vn 0.34519 0.84969 -0.39859
vn 0.42518 0.76039 -0.49095
vn 0.50596 0.63458 -0.58423
vn 0.57996 0.46386 -0.66969
vn 0.63432 0.24730 -0.73245
vn 0.65465 0.00000 -0.75593
vn 0.63432 -0.24730 -0.73245
vn 0.57996 -0.46386 -0.66969
vn 0.50596 -0.63458 -0.58423
vn 0.42518 -0.76039 -0.49095
vn 0.34519 -0.84969 -0.39859
vn 0.26907 -0.91163 -0.31070
vn 0.19736 -0.95347 -0.22790
vn 0.17471 -0.87376 -0.45390
vn 0.09407 -0.96510 -0.24439
vn 0.00000 -1.00000 -0.00000
vn 0.00000 1.00000 0.00000
vn 0.12644 0.96935 -0.21064
vn 0.23741 0.88725 -0.39551
vn 0.26189 0.94542 -0.19391
vn 0.35450 0.89746 -0.26247
vn 0.45031 0.82828 -0.33341
vn 0.54766 0.73188 -0.40549
vn 0.64196 0.60164 -0.47531
vn 0.72445 0.43296 -0.53639
vn 0.78252 0.22797 -0.57939
vn 0.80368 0.00000 -0.59506
vn 0.78252 -0.22797 -0.57939
vn 0.72445 -0.43296 -0.53639
vn 0.64196 -0.60164 -0.47531
vn 0.54766 -0.73188 -0.40549
vn 0.45031 -0.82828 -0.33341
vn 0.35450 -0.89746 -0.26247
vn 0.26189 -0.94542 -0.19391
vn 0.23741 -0.88725 -0.39551
vn 0.12644 -0.96935 -0.21064
vn 0.00000 -1.00000 -0.00000
vn 0.00000 1.00000 0.00000
vn 0.15358 0.97386 -0.16738
vn 0.29183 0.90204 -0.31805
vn 0.31389 0.93721 -0.15204
vn 0.42186 0.88334 -0.20433
vn 0.53082 0.80754 -0.25711
vn 0.63806 0.70524 -0.30905
vn 0.73812 0.57215 -0.35752
vn 0.82229 0.40646 -0.39829
vn 0.87954 0.21193 -0.42602
vn 0.89999 0.00000 -0.43592
vn 0.87954 -0.21193 -0.42602
vn 0.82229 -0.40646 -0.39829
vn 0.73812 -0.57215 -0.35752
vn 0.63806 -0.70524 -0.30905
vn 0.53082 -0.80754 -0.25711
vn 0.42186 -0.88334 -0.20433
vn 0.31389 -0.93721 -0.15204
vn 0.29183 -0.90204 -0.31805
vn 0.15358 -0.97386 -0.16738
vn 0.00000 -1.00000 -0.00000
vn 0.00000 1.00000 0.00000
vn 0.17413 0.97783 -0.11629
vn 0.33448 0.91555 -0.22338
vn 0.35181 0.93023 -0.10442
vn 0.47002 0.87156 -0.13951
vn 0.58690 0.79070 -0.17420
vn 0.69908 0.68428 -0.20750
vn 0.80081 0.54972 -0.23770
vn 0.88398 0.38696 -0.26238
vn 0.93921 0.20041 -0.27878
vn 0.95866 0.00000 -0.28455
vn 0.93921 -0.20041 -0.27878
vn 0.88398 -0.38696 -0.26238
vn 0.80081 -0.54972 -0.23770
vn 0.69908 -0.68428 -0.20750
vn 0.58690 -0.79070 -0.17420
vn 0.47002 -0.87156 -0.13951
vn 0.35181 -0.93023 -0.10442
vn 0.33448 -0.91555 -0.22338
vn 0.17413 -0.97783 -0.11629
vn 0.00000 -1.00000 -0.00000
vn 0.00000 1.00000 0.00000
vn 0.18697 0.98056 -0.05961
vn 0.36185 0.92507 -0.11537
vn 0.37481 0.92558 -0.05311
vn 0.49879 0.86383 -0.07068
vn 0.61978 0.77985 -0.08783
vn 0.73406 0.67107 -0.10402
vn 0.83592 0.53592 -0.11845
vn 0.91777 0.37522 -0.13005
vn 0.97138 0.19359 -0.13765
vn 0.99011 0.00000 -0.14030
vn 0.97138 -0.19359 -0.13765
vn 0.91777 -0.37522 -0.13005
vn 0.83592 -0.53592 -0.11845
vn 0.73406 -0.67107 -0.10402
vn 0.61978 -0.77985 -0.08783
vn 0.49879 -0.86383 -0.07068
vn 0.37481 -0.92558 -0.05311
vn 0.36185 -0.92507 -0.11537
vn 0.18697 -0.98056 -0.05961
vn 0.00000 -1.00000 -0.00000
vn 0.00000 1.00000 0.00000
vn 0.19133 0.98153 -0.00000
vn 0.37131 0.92851 -0.00000
vn 0.53128 0.84719 -0.00000
vn 0.66658 0.74544 -0.00000
vn 0.77611 0.63059 -0.00000
vn 0.74544 0.66657 -0.00156
vn 0.84719 0.53128 -0.00177
vn 0.92851 0.37131 -0.00194
vn 0.98152 0.19133 -0.00206
vn 1.00000 0.00000 -0.00209
vn 0.98152 -0.19133 -0.00206
vn 0.92851 -0.37131 -0.00194
vn 0.84719 -0.53128 -0.00177
vn 0.74544 -0.66657 -0.00156
vn 0.77611 -0.63059 -0.00000
vn 0.66658 -0.74544 -0.00000
vn 0.53128 -0.84719 -0.00000
vn 0.37131 -0.92851 -0.00000
vn 0.19133 -0.98153 -0.00000
vn 0.00000 -1.00000 -0.00000
vn 0.00000 0.42289 0.90618
vn 0.00947 0.41858 0.90813
vn 0.01883 0.40559 0.91386
vn 0.02794 0.38379 0.92300
vn 0.03664 0.35297 0.93492
vn 0.04472 0.31305 0.94868
vn 0.05194 0.26417 0.96308
vn 0.05801 0.20691 0.97664
vn 0.06263 0.14245 0.98782
vn 0.06553 0.07265 0.99520
vn 0.06652 0.00000 0.99779
vn 0.06553 -0.07265 0.99520
vn 0.06263 -0.14245 0.98782
vn 0.05801 -0.20691 0.97664
vn 0.05194 -0.26417 0.96308
vn 0.04472 -0.31305 0.94868
vn 0.03664 -0.35297 0.93492
vn 0.02794 -0.38379 0.92300
vn 0.01883 -0.40559 0.91386
vn 0.00947 -0.41858 0.90813
vn 0.00000 -0.42289 0.90618
vn 0.00000 0.42289 0.90618
vn 0.00916 0.41376 0.91034
vn 0.01800 0.39636 0.91792
vn 0.02640 0.37083 0.92832
vn 0.03425 0.33732 0.94077
vn 0.04137 0.29604 0.95428
vn 0.04759 0.24742 0.96774
vn 0.99671 0.07417 0.03259
vn 0.99834 0.04738 0.03265
vn 0.99920 0.02311 0.03267
vn 0.99947 0.00000 0.03268
vn 0.99920 -0.02311 0.03267
vn 0.99834 -0.04738 0.03265
vn 0.99671 -0.07417 0.03259
vn 0.04759 -0.24742 0.96774
vn 0.04137 -0.29604 0.95428
vn 0.03425 -0.33732 0.94077
vn 0.02640 -0.37083 0.92832
vn 0.01800 -0.39636 0.91792
vn 0.00916 -0.41376 0.91034
vn 0.00000 -0.42289 0.90618
vn 0.00000 0.42289 0.90618
vn 0.00846 0.40925 0.91238
vn 0.01645 0.38789 0.92156
vn 0.02388 0.35919 0.93296
vn 0.03068 0.32353 0.94572
vn 0.03672 0.28136 0.95890
vn 0.04189 0.23323 0.97152
vn 0.99453 0.07924 0.06812
vn 0.99638 0.05063 0.06825
vn 0.99736 0.02470 0.06832
vn 0.99766 0.00000 0.06834
vn 0.99736 -0.02470 0.06832
vn 0.99638 -0.05063 0.06825
vn 0.99453 -0.07924 0.06812
vn 0.04189 -0.23323 0.97152
vn 0.03672 -0.28136 0.95890
vn 0.03068 -0.32353 0.94572
vn 0.02388 -0.35919 0.93296
vn 0.01645 -0.38789 0.92156
vn 0.00846 -0.40925 0.91238
vn 0.00000 -0.42289 0.90618
vn 0.00000 0.42289 0.90618
vn 0.00742 0.40522 0.91419
vn 0.01429 0.38046 0.92469
vn 0.02056 0.34916 0.93684
vn 0.02619 0.31188 0.94976
vn 0.03111 0.26916 0.96259
vn 0.03526 0.22163 0.97449
vn 0.03857 0.17003 0.98468
vn 0.99220 0.05693 0.11090
vn 0.99343 0.02778 0.11104
vn 0.99381 0.00000 0.11108
vn 0.99343 -0.02778 0.11104
vn 0.99220 -0.05693 0.11090
vn 0.03857 -0.17003 0.98468
vn 0.03526 -0.22163 0.97449
vn 0.03111 -0.26916 0.96259
vn 0.02619 -0.31188 0.94976
vn 0.02056 -0.34916 0.93684
vn 0.01429 -0.38046 0.92469
vn 0.00742 -0.40522 0.91419
vn 0.00000 -0.42289 0.90618
vn 0.00000 0.42289 0.90618
vn 0.00608 0.40182 0.91570
vn 0.01163 0.37429 0.92724
vn 0.01661 0.34097 0.93993
vn 0.02101 0.30251 0.95292
vn 0.02480 0.25949 0.96543
vn 0.02796 0.21255 0.97675
vn 0.03046 0.16236 0.98626
vn 0.03227 0.10967 0.99344
vn 0.03336 0.05527 0.99791
vn 0.03372 0.00000 0.99943
vn 0.03336 -0.05527 0.99791
vn 0.03227 -0.10967 0.99344
vn 0.03046 -0.16236 0.98626
vn 0.02796 -0.21255 0.97675
vn 0.02480 -0.25949 0.96543
vn 0.02101 -0.30251 0.95292
vn 0.01661 -0.34097 0.93993
vn 0.01163 -0.37429 0.92724
vn 0.00608 -0.40182 0.91570
vn 0.00000 -0.42289 0.90618
vn 0.00000 0.42289 0.90618
vn 0.00452 0.39917 0.91687
vn 0.00858 0.36954 0.92918
vn 0.01218 0.33475 0.94223
vn 0.01533 0.29546 0.95523
vn 0.01802 0.25230 0.96748
vn 0.02024 0.20587 0.97837
vn 0.02198 0.15677 0.98739
vn 0.02323 0.10565 0.99413
vn 0.02398 0.05317 0.99830
vn 0.02423 0.00000 0.99971
vn 0.02398 -0.05317 0.99830
vn 0.02323 -0.10565 0.99413
vn 0.02198 -0.15677 0.98739
vn 0.02024 -0.20587 0.97837
vn 0.01802 -0.25230 0.96748
vn 0.01533 -0.29546 0.95523
vn 0.01218 -0.33475 0.94223
vn 0.00858 -0.36954 0.92918
vn 0.00452 -0.39917 0.91687
vn 0.00000 -0.42289 0.90618
vn 0.00000 0.42289 0.90618
vn 0.00278 0.39735 0.91766
vn 0.00525 0.36632 0.93048
vn 0.00744 0.33057 0.94375
vn 0.00933 0.29077 0.95675
vn 0.01093 0.24755 0.96881
vn 0.01224 0.20148 0.97942
vn 0.01327 0.15312 0.98812
vn 0.01400 0.10304 0.99458
vn 0.01444 0.05181 0.99855
vn 0.01459 0.00000 0.99989
vn 0.01444 -0.05181 0.99855
vn 0.01400 -0.10304 0.99458
vn 0.01327 -0.15312 0.98812
vn 0.01224 -0.20148 0.97942
vn 0.01093 -0.24755 0.96881
vn 0.00933 -0.29077 0.95675
vn 0.00744 -0.33057 0.94375
vn 0.00525 -0.36632 0.93048
vn 0.00278 -0.39735 0.91766
vn 0.00000 -0.42289 0.90618
vn 0.00000 0.42289 0.90618
vn 0.00094 0.39643 0.91806
vn 0.00177 0.36469 0.93113
vn 0.00250 0.32847 0.94451
vn 0.00313 0.28843 0.95750
vn 0.00366 0.24519 0.96947
vn 0.00410 0.19931 0.97993
vn 0.00443 0.15132 0.98848
vn 0.00468 0.10175 0.99480
vn 0.00482 0.05114 0.99868
vn 0.00487 0.00000 0.99999
vn 0.00482 -0.05114 0.99868
vn 0.00468 -0.10175 0.99480
vn 0.00443 -0.15132 0.98848
vn 0.00410 -0.19931 0.97993
vn 0.00366 -0.24519 0.96947
vn 0.00313 -0.28843 0.95750
vn 0.00250 -0.32847 0.94451
vn 0.00177 -0.36469 0.93113
vn 0.00094 -0.39643 0.91806
vn 0.00000 -0.42289 0.90618
vn 0.00000 0.42289 0.90618
vn -0.00094 0.39643 0.91806
vn -0.00177 0.36469 0.93113
vn -0.00250 0.32847 0.94451
vn -0.00313 0.28843 0.95750
vn -0.00366 0.24519 0.96947
vn -0.00410 0.19931 0.97993
vn -0.00443 0.15132 0.98848
vn -0.00468 0.10175 0.99480
vn -0.00482 0.05114 0.99868
vn -0.00487 0.00000 0.99999
vn -0.00482 -0.05114 0.99868
vn -0.00468 -0.10175 0.99480
vn -0.00443 -0.15132 0.98848
vn -0.00410 -0.19931 0.97993
vn -0.00366 -0.24519 0.96947
vn -0.00313 -0.28843 0.95750
vn -0.00250 -0.32847 0.94451
vn -0.00177 -0.36469 0.93113
vn -0.00094 -0.39643 0.91806
vn -0.00000 -0.42289 0.90618
vn 0.00000 0.42289 0.90618
vn -0.00278 0.39735 0.91766
vn -0.00525 0.36632 0.93048
vn -0.00744 0.33057 0.94375
vn -0.00933 0.29077 0.95675
vn -0.01093 0.24755 0.96881
vn -0.01224 0.20148 0.97942
vn -0.01327 0.15312 0.98812
vn -0.01400 0.10304 0.99458
vn -0.01444 0.05181 0.99855
vn -0.01459 0.00000 0.99989
vn -0.01444 -0.05181 0.99855
vn -0.01400 -0.10304 0.99458
vn -0.01327 -0.15312 0.98812
vn -0.01224 -0.20148 0.97942
vn -0.01093 -0.24755 0.96881
vn -0.00933 -0.29077 0.95675
vn -0.00744 -0.33057 0.94375
vn -0.00525 -0.36632 0.93048
vn -0.00278 -0.39735 0.91766
vn -0.00000 -0.42289 0.90618
vn 0.00000 0.42289 0.90618
vn -0.00452 0.39917 0.91687
vn -0.00858 0.36954 0.92918
vn -0.01218 0.33475 0.94223
vn -0.01533 0.29546 0.95523
vn -0.01802 0.25230 0.96748
vn -0.02024 0.20587 0.97837
vn -0.02198 0.15677 0.98739
vn -0.02323 0.10565 0.99413
vn -0.02398 0.05317 0.99830
vn -0.02423 0.00000 0.99971
vn -0.02398 -0.05317 0.99830
vn -0.02323 -0.10565 0.99413
vn -0.02198 -0.15677 0.98739
vn -0.02024 -0.20587 0.97837
vn -0.01802 -0.25230 0.96748
vn -0.01533 -0.29546 0.95523
vn -0.01218 -0.33475 0.94223
vn -0.00858 -0.36954 0.92918
vn -0.00452 -0.39917 0.91687
vn -0.00000 -0.42289 0.90618
vn 0.00000 0.42289 0.90618
vn -0.00608 0.40182 0.91570
vn -0.01163 0.37429 0.92724
vn -0.01661 0.34097 0.93993
vn -0.02101 0.30251 0.95292
vn -0.02480 0.25949 0.96543
vn -0.02796 0.21255 0.97675
vn -0.03046 0.16236 0.98626
vn -0.03227 0.10967 0.99344
vn -0.03336 0.05527 0.99791
vn -0.03372 0.00000 0.99943
vn -0.03336 -0.05527 0.99791
vn -0.03227 -0.10967 0.99344
vn -0.03046 -0.16236 0.98626
vn -0.02796 -0.21255 0.97675
vn -0.02480 -0.25949 0.96543
vn -0.02101 -0.30251 0.95292
vn -0.01661 -0.34097 0.93993
vn -0.01163 -0.37429 0.92724
vn -0.00608 -0.40182 0.91570
vn -0.00000 -0.42289 0.90618
vn 0.00000 0.42289 0.90618
vn -0.00742 0.40522 0.91419
vn -0.01429 0.38046 0.92469
vn -0.02056 0.34916 0.93684
vn -0.02619 0.31188 0.94976
vn -0.03111 0.26916 0.96259
vn -0.03526 0.22163 0.97449
vn -0.03857 0.17003 0.98468
vn -0.99220 0.05693 0.11090
vn -0.99343 0.02778 0.11104
vn -0.99381 0.00000 0.11108
vn -0.99343 -0.02778 0.11104
vn -0.99220 -0.05693 0.11090
vn -0.03857 -0.17003 0.98468
vn -0.03526 -0.22163 0.97449
vn -0.03111 -0.26916 0.96259
vn -0.02619 -0.31188 0.94976
vn -0.02056 -0.34916 0.93684
vn -0.01429 -0.38046 0.92469
vn -0.00742 -0.40522 0.91419
vn -0.00000 -0.42289 0.90618
vn 0.00000 0.42289 0.90618
vn -0.00846 0.40925 0.91238
vn -0.01645 0.38789 0.92156
vn -0.02388 0.35919 0.93296
vn -0.03068 0.32353 0.94572
vn -0.03672 0.28136 0.95890
vn -0.04189 0.23323 0.97152
vn -0.99453 0.07924 0.06812
vn -0.99638 0.05063 0.06825
vn -0.99736 0.02470 0.06832
vn -0.99766 0.00000 0.06834
vn -0.99736 -0.02470 0.06832
vn -0.99638 -0.05063 0.06825
vn -0.99453 -0.07924 0.06812
vn -0.04189 -0.23323 0.97152
vn -0.03672 -0.28136 0.95890
vn -0.03068 -0.32353 0.94572
vn -0.02388 -0.35919 0.93296
vn -0.01645 -0.38789 0.92156
vn -0.00846 -0.40925 0.91238
vn -0.00000 -0.42289 0.90618
vn 0.00000 0.42289 0.90618
vn -0.00916 0.41376 0.91034
vn -0.01800 0.39636 0.91792
vn -0.02640 0.37083 0.92832
vn -0.03425 0.33732 0.94077
vn -0.04137 0.29604 0.95428
vn -0.04759 0.24742 0.96774
vn -0.99671 0.07417 0.03259
vn -0.99834 0.04738 0.03265
vn -0.99920 0.02311 0.03267
vn -0.99947 0.00000 0.03268
vn -0.99920 -0.02311 0.03267
vn -0.99834 -0.04738 0.03265
vn -0.99671 -0.07417 0.03259
vn -0.04759 -0.24742 0.96774
vn -0.04137 -0.29604 0.95428
vn -0.03425 -0.33732 0.94077
vn -0.02640 -0.37083 0.92832
vn -0.01800 -0.39636 0.91792
vn -0.00916 -0.41376 0.91034
vn -0.00000 -0.42289 0.90618
vn 0.00000 0.42289 0.90618
vn -0.00947 0.41858 0.90813
vn -0.01883 0.40559 0.91386
vn -0.02794 0.38379 0.92300
vn -0.03664 0.35297 0.93492
vn -0.04472 0.31305 0.94868
vn -0.05194 0.26417 0.96308
vn -0.99736 0.07260 0.00000
vn -0.99892 0.04637 0.00000
vn -0.99974 0.02262 0.00000
vn -1.00000 -0.00000 -0.00000
vn -0.99974 -0.02262 -0.00000
vn -0.99892 -0.04637 -0.00000
vn -0.99736 -0.07260 -0.00000
vn -0.05194 -0.26417 0.96308
vn -0.04472 -0.31305 0.94868
vn -0.03664 -0.35297 0.93492
vn -0.02794 -0.38379 0.92300
vn -0.01883 -0.40559 0.91386
vn -0.00947 -0.41858 0.90813
vn -0.00000 -0.42289 0.90618
vn 0.00000 0.42289 0.90618
vn -0.00937 0.42349 0.90585
vn -0.01885 0.41523 0.90952
vn -0.02831 0.39760 0.91712
vn -0.03757 0.37005 0.92825
vn -0.04640 0.33204 0.94212
vn -0.05448 0.28329 0.95749
vn -0.99671 0.07417 -0.03259
vn -0.99834 0.04738 -0.03265
vn -0.99920 0.02311 -0.03267
vn -0.99947 -0.00000 -0.03268
vn -0.99920 -0.02311 -0.03267
vn -0.99834 -0.04738 -0.03265
vn -0.99671 -0.07417 -0.03259
vn -0.05448 -0.28329 0.95749
vn -0.04640 -0.33204 0.94212
vn -0.03757 -0.37005 0.92825
vn -0.02831 -0.39760 0.91712
vn -0.01885 -0.41523 0.90952
vn -0.00937 -0.42349 0.90585
vn -0.00000 -0.42289 0.90618
vn 0.00000 0.42289 0.90618
vn -0.00885 0.42830 0.90360
vn -0.01802 0.42484 0.90509
vn -0.02738 0.41170 0.91091
vn -0.03678 0.38789 0.92097
vn -0.04599 0.35236 0.93473
vn -0.05465 0.30425 0.95102
vn -0.99453 0.07924 -0.06812
vn -0.99638 0.05063 -0.06825
vn -0.99736 0.02470 -0.06832
vn -0.99766 -0.00000 -0.06834
vn -0.99736 -0.02470 -0.06832
vn -0.99638 -0.05063 -0.06825
vn -0.99453 -0.07924 -0.06812
vn -0.05465 -0.30425 0.95102
vn -0.04599 -0.35236 0.93473
vn -0.03678 -0.38789 0.92097
vn -0.02738 -0.41170 0.91091
vn -0.01802 -0.42484 0.90509
vn -0.00885 -0.42830 0.90360
vn -0.00000 -0.42289 0.90618
vn 0.00000 0.42289 0.90618
vn -0.00792 0.43275 0.90148
vn -0.01630 0.43395 0.90079
vn -0.02505 0.42535 0.90468
vn -0.03406 0.40558 0.91343
vn -0.04311 0.37302 0.92682
vn -0.05188 0.32611 0.94391
vn -0.05985 0.26384 0.96271
vn -0.99220 0.05693 -0.11090
vn -0.99343 0.02778 -0.11104
vn -0.99381 -0.00000 -0.11108
vn -0.99343 -0.02778 -0.11104
vn -0.99220 -0.05693 -0.11090
vn -0.05985 -0.26384 0.96271
vn -0.05188 -0.32611 0.94391
vn -0.04311 -0.37302 0.92682
vn -0.03406 -0.40558 0.91343
vn -0.02505 -0.42535 0.90468
vn -0.01630 -0.43395 0.90079
vn -0.00792 -0.43275 0.90148
vn -0.00000 -0.42289 0.90618
vn 0.00000 0.42289 0.90618
vn -0.00661 0.43665 0.89961
vn -0.01373 0.44205 0.89688
vn -0.02132 0.43774 0.89885
vn -0.02931 0.42198 0.90613
vn -0.03753 0.39264 0.91893
vn -0.04571 0.34742 0.93659
vn -0.05336 0.28440 0.95722
vn -0.05977 0.20316 0.97732
vn -0.06411 0.10623 0.99227
vn -0.06566 0.00000 0.99784
vn -0.06411 -0.10623 0.99227
vn -0.05977 -0.20316 0.97732
vn -0.05336 -0.28440 0.95722
vn -0.04571 -0.34742 0.93659
vn -0.03753 -0.39264 0.91893
vn -0.02931 -0.42198 0.90613
vn -0.02132 -0.43774 0.89885
vn -0.01373 -0.44205 0.89688
vn -0.00661 -0.43665 0.89961
vn -0.00000 -0.42289 0.90618
vn 0.00000 0.42289 0.90618
vn -0.00498 0.43977 0.89810
vn -0.01041 0.44865 0.89365
vn -0.01631 0.44801 0.89388
vn -0.02262 0.43583 0.89975
vn -0.02925 0.40957 0.91181
vn -0.03601 0.36624 0.92982
vn -0.04248 0.30302 0.95204
vn -0.04805 0.21856 0.97464
vn -0.05189 0.11507 0.99200
vn -0.05328 0.00000 0.99858
vn -0.05189 -0.11507 0.99200
vn -0.04805 -0.21856 0.97464
vn -0.04248 -0.30302 0.95204
vn -0.03601 -0.36624 0.92982
vn -0.02925 -0.40957 0.91181
vn -0.02262 -0.43583 0.89975
vn -0.01631 -0.44801 0.89388
vn -0.01041 -0.44865 0.89365
vn -0.00498 -0.43977 0.89810
vn -0.00000 -0.42289 0.90618
vn 0.00000 0.42289 0.90618
vn -0.00309 0.44195 0.89703
vn -0.00650 0.45332 0.89132
vn -0.01024 0.45537 0.89025
vn -0.01430 0.44590 0.89497
vn -0.01863 0.42209 0.90636
vn -0.02312 0.38044 0.92452
vn -0.02750 0.31736 0.94791
vn -0.03134 0.23065 0.97253
vn -0.03404 0.12212 0.99193
vn -0.03502 0.00000 0.99939
vn -0.03404 -0.12212 0.99193
vn -0.03134 -0.23065 0.97253
vn -0.02750 -0.31736 0.94791
vn -0.02312 -0.38044 0.92452
vn -0.01863 -0.42209 0.90636
vn -0.01430 -0.44590 0.89497
vn -0.01024 -0.45537 0.89025
vn -0.00650 -0.45332 0.89132
vn -0.00309 -0.44195 0.89703
vn -0.00000 -0.42289 0.90618
vn 0.00000 0.42289 0.90618
vn -0.00105 0.44308 0.89648
vn -0.00221 0.45575 0.89011
vn -0.00349 0.45921 0.88832
vn -0.00490 0.45122 0.89240
vn -0.00640 0.42876 0.90339
vn -0.00798 0.38810 0.92158
vn -0.00953 0.32521 0.94559
vn -0.01091 0.23737 0.97136
vn -0.01189 0.12608 0.99195
vn -0.01225 0.00000 0.99993
vn -0.01189 -0.12608 0.99195
vn -0.01091 -0.23737 0.97136
vn -0.00953 -0.32521 0.94559
vn -0.00798 -0.38810 0.92158
vn -0.00640 -0.42876 0.90339
vn -0.00490 -0.45122 0.89240
vn -0.00349 -0.45921 0.88832
vn -0.00221 -0.45575 0.89011
vn -0.00105 -0.44308 0.89648
vn -0.00000 -0.42289 0.90618
vn 0.00000 0.42289 0.90618
vn 0.00105 0.44308 0.89648
vn 0.00221 0.45575 0.89011
vn 0.00349 0.45921 0.88832
vn 0.00490 0.45122 0.89240
vn 0.00640 0.42876 0.90339
vn 0.00798 0.38810 0.92158
vn 0.00953 0.32521 0.94559
vn 0.01091 0.23737 0.97136
vn 0.01189 0.12608 0.99195
vn 0.01225 0.00000 0.99993
vn 0.01189 -0.12608 0.99195
vn 0.01091 -0.23737 0.97136
vn 0.00953 -0.32521 0.94559
vn 0.00798 -0.38810 0.92158
vn 0.00640 -0.42876 0.90339
vn 0.00490 -0.45122 0.89240
vn 0.00349 -0.45921 0.88832
vn 0.00221 -0.45575 0.89011
vn 0.00105 -0.44308 0.89648
vn 0.00000 -0.42289 0.90618
vn 0.00000 0.42289 0.90618
vn 0.00309 0.44195 0.89703
vn 0.00650 0.45332 0.89132
vn 0.01024 0.45537 0.89025
vn 0.01430 0.44590 0.89497
vn 0.01863 0.42209 0.90636
vn 0.02312 0.38044 0.92452
vn 0.02750 0.31736 0.94791
vn 0.03134 0.23065 0.97253
vn 0.03404 0.12212 0.99193
vn 0.03502 0.00000 0.99939
vn 0.03404 -0.12212 0.99193
vn 0.03134 -0.23065 0.97253
vn 0.02750 -0.31736 0.94791
vn 0.02312 -0.38044 0.92452
vn 0.01863 -0.42209 0.90636
vn 0.01430 -0.44590 0.89497
vn 0.01024 -0.45537 0.89025
vn 0.00650 -0.45332 0.89132
vn 0.00309 -0.44195 0.89703
vn 0.00000 -0.42289 0.90618
vn 0.00000 0.42289 0.90618
vn 0.00498 0.43977 0.89810
vn 0.01041 0.44865 0.89365
vn 0.01631 0.44801 0.89388
vn 0.02262 0.43583 0.89975
vn 0.02925 0.40957 0.91181
vn 0.03601 0.36624 0.92982
vn 0.04248 0.30302 0.95204
vn 0.04805 0.21856 0.97464
vn 0.05189 0.11507 0.99200
vn 0.05328 0.00000 0.99858
vn 0.05189 -0.11507 0.99200
vn 0.04805 -0.21856 0.97464
vn 0.04248 -0.30302 0.95204
vn 0.03601 -0.36624 0.92982
vn 0.02925 -0.40957 0.91181
vn 0.02262 -0.43583 0.89975
vn 0.01631 -0.44801 0.89388
vn 0.01041 -0.44865 0.89365
vn 0.00498 -0.43977 0.89810
vn 0.00000 -0.42289 0.90618
vn 0.00000 0.42289 0.90618
vn 0.00661 0.43665 0.89961
vn 0.01373 0.44205 0.89688
vn 0.02132 0.43774 0.89885
vn 0.02931 0.42198 0.90613
vn 0.03753 0.39264 0.91893
vn 0.04571 0.34742 0.93659
vn 0.05336 0.28440 0.95722
vn 0.05977 0.20316 0.97732
vn 0.06411 0.10623 0.99227
vn 0.06566 0.00000 0.99784
vn 0.06411 -0.10623 0.99227
vn 0.05977 -0.20316 0.97732
vn 0.05336 -0.28440 0.95722
vn 0.04571 -0.34742 0.93659
vn 0.03753 -0.39264 0.91893
vn 0.02931 -0.42198 0.90613
vn 0.02132 -0.43774 0.89885
vn 0.01373 -0.44205 0.89688
vn 0.00661 -0.43665 0.89961
vn 0.00000 -0.42289 0.90618
vn 0.00000 0.42289 0.90618
vn 0.00792 0.43275 0.90148
vn 0.01630 0.43395 0.90079
vn 0.02505 0.42535 0.90468
vn 0.03406 0.40558 0.91343
vn 0.04311 0.37302 0.92682
vn 0.05188 0.32611 0.94391
vn 0.05985 0.26384 0.96271
vn 0.99220 0.05693 -0.11090
vn 0.99343 0.02778 -0.11104
vn 0.99381 0.00000 -0.11108
vn 0.99343 -0.02778 -0.11104
vn 0.99220 -0.05693 -0.11090
vn 0.05985 -0.26384 0.96271
vn 0.05188 -0.32611 0.94391
vn 0.04311 -0.37302 0.92682
vn 0.03406 -0.40558 0.91343
vn 0.02505 -0.42535 0.90468
vn 0.01630 -0.43395 0.90079
vn 0.00792 -0.43275 0.90148
vn 0.00000 -0.42289 0.90618
vn 0.00000 0.42289 0.90618
vn 0.00885 0.42830 0.90360
vn 0.01802 0.42484 0.90509
vn 0.02738 0.41170 0.91091
vn 0.03678 0.38789 0.92097
vn 0.04599 0.35236 0.93473
vn 0.05465 0.30425 0.95102
vn 0.99453 0.07924 -0.06812
vn 0.99638 0.05063 -0.06825
vn 0.99736 0.02470 -0.06832
vn 0.99766 0.00000 -0.06834
vn 0.99736 -0.02470 -0.06832
vn 0.99638 -0.05063 -0.06825
vn 0.99453 -0.07924 -0.06812
vn 0.05465 -0.30425 0.95102
vn 0.04599 -0.35236 0.93473
vn 0.03678 -0.38789 0.92097
vn 0.02738 -0.41170 0.91091
vn 0.01802 -0.42484 0.90509
vn 0.00885 -0.42830 0.90360
vn 0.00000 -0.42289 0.90618
vn 0.00000 0.42289 0.90618
vn 0.00937 0.42349 0.90585
vn 0.01885 0.41523 0.90952
vn 0.02831 0.39760 0.91712
vn 0.03757 0.37005 0.92825
vn 0.04640 0.33204 0.94212
vn 0.05448 0.28329 0.95749
vn 0.99671 0.07417 -0.03259
vn 0.99834 0.04738 -0.03265
vn 0.99920 0.02311 -0.03267
vn 0.99947 0.00000 -0.03268
vn 0.99920 -0.02311 -0.03267
vn 0.99834 -0.04738 -0.03265
vn 0.99671 -0.07417 -0.03259
vn 0.05448 -0.28329 0.95749
vn 0.04640 -0.33204 0.94212
vn 0.03757 -0.37005 0.92825
vn 0.02831 -0.39760 0.91712
vn 0.01885 -0.41523 0.90952
vn 0.00937 -0.42349 0.90585
vn 0.00000 -0.42289 0.90618
vn 0.00000 0.42289 0.90618
vn 0.00947 0.41858 0.90813
vn 0.01883 0.40559 0.91386
vn 0.02794 0.38379 0.92300
vn 0.03664 0.35297 0.93492
vn 0.04472 0.31305 0.94868
vn 0.05194 0.26417 0.96308
vn 0.05801 0.20691 0.97664
vn 0.06263 0.14245 0.98782
vn 0.06553 0.07265 0.99520
vn 0.06652 0.00000 0.99779
vn 0.06553 -0.07265 0.99520
vn 0.06263 -0.14245 0.98782
vn 0.05801 -0.20691 0.97664
vn 0.05194 -0.26417 0.96308
vn 0.04472 -0.31305 0.94868
vn 0.03664 -0.35297 0.93492
vn 0.02794 -0.38379 0.92300
vn 0.01883 -0.40559 0.91386
vn 0.00947 -0.41858 0.90813
vn 0.00000 -0.42289 0.90618
vn 0.00000 0.99504 0.09950
vn 0.01172 0.99493 0.09992
vn 0.02345 0.99459 0.10119
vn 0.03519 0.99402 0.10334
vn 0.04692 0.99321 0.10644
vn 0.05863 0.99214 0.11055
vn 0.07025 0.99079 0.11578
vn 0.08171 0.98913 0.12228
vn 0.09287 0.98713 0.13020
vn 0.10351 0.98476 0.13973
vn 0.11331 0.98201 0.15108
vn 0.12181 0.97884 0.16444
vn 0.12838 0.97525 0.17999
vn 0.13217 0.97130 0.19778
vn 0.13207 0.96705 0.21767
vn 0.12684 0.96266 0.23916
vn 0.11517 0.95838 0.26125
vn 0.09611 0.95451 0.28228
vn 0.06953 0.95140 0.30000
vn 0.03660 0.94938 0.31198
vn 0.00000 0.94868 0.31623
vn 0.00000 0.99504 0.09950
vn 0.01145 0.99319 0.11597
vn 0.02285 0.99083 0.13319
vn 0.03421 0.98791 0.15118
vn 0.04549 0.98440 0.16995
vn 0.05666 0.98024 0.18951
vn 0.06765 0.97539 0.20985
vn 0.07837 0.96981 0.23094
vn 0.08866 0.96347 0.25272
vn 0.09833 0.95639 0.27504
vn 0.10707 0.94865 0.29766
vn 0.11447 0.94041 0.32020
vn 0.12001 0.93198 0.34206
vn 0.12297 0.92388 0.36238
vn 0.12248 0.91687 0.37994
vn 0.11753 0.91195 0.39311
vn 0.10701 0.91034 0.39979
vn 0.08994 0.91318 0.39751
vn 0.06584 0.92109 0.38375
vn 0.03521 0.93357 0.35667
vn 0.00000 0.94868 0.31623
vn 0.00000 0.99504 0.09950
vn 0.01067 0.99129 0.13123
vn 0.02125 0.98633 0.16342
vn 0.03170 0.98010 0.19598
vn 0.04197 0.97257 0.22881
vn 0.05202 0.96372 0.26180
vn 0.06177 0.95357 0.29477
vn 0.07111 0.94216 0.32753
vn 0.07990 0.92961 0.35977
vn 0.08797 0.91613 0.39110
vn 0.09509 0.90206 0.42101
vn 0.10095 0.88792 0.44879
vn 0.10516 0.87447 0.47354
vn 0.10725 0.86280 0.49403
vn 0.10659 0.85433 0.50868
vn 0.10241 0.85084 0.51535
vn 0.09379 0.85430 0.51125
vn 0.07971 0.86647 0.49282
vn 0.05929 0.88801 0.45599
vn 0.03230 0.91714 0.39726
vn 0.00000 0.94868 0.31623
vn 0.00000 0.99504 0.09950
vn 0.00943 0.98938 0.14505
vn 0.01872 0.98150 0.19055
vn 0.02782 0.97142 0.23575
vn 0.03666 0.95920 0.28036
vn 0.04517 0.94495 0.32409
vn 0.05328 0.92884 0.36662
vn 0.06090 0.91113 0.40759
vn 0.06791 0.89216 0.44659
vn 0.07419 0.87241 0.48312
vn 0.07958 0.85251 0.51661
vn 0.08390 0.83333 0.54637
vn 0.08690 0.81598 0.57151
vn 0.08828 0.80192 0.59088
vn 0.08762 0.79300 0.60289
vn 0.08437 0.79152 0.60530
vn 0.07778 0.80007 0.59484
vn 0.06689 0.82112 0.56682
vn 0.05060 0.85575 0.51491
vn 0.02811 0.90127 0.43234
vn 0.00000 0.94868 0.31623
vn 0.00000 0.99504 0.09950
vn 0.00779 0.98759 0.15684
vn 0.01541 0.97682 0.21350
vn 0.02281 0.96288 0.26898
vn 0.02990 0.94600 0.32279
vn 0.03663 0.92651 0.37447
vn 0.04293 0.90483 0.42360
vn 0.04873 0.88146 0.46974
vn 0.05395 0.85699 0.51249
vn 0.05853 0.83217 0.55143
vn 0.06237 0.80784 0.58609
vn 0.06537 0.78508 0.61593
vn 0.06740 0.76519 0.64027
vn 0.06827 0.74979 0.65814
vn 0.06771 0.74096 0.66813
vn 0.06535 0.74127 0.66802
vn 0.06061 0.75382 0.65428
vn 0.05268 0.78184 0.62125
vn 0.04045 0.82725 0.56037
vn 0.02289 0.88712 0.46097
vn 0.00000 0.94868 0.31623
vn 0.00000 0.99504 0.09950
vn 0.00581 0.98609 0.16612
vn 0.01147 0.97279 0.23141
vn 0.01691 0.95547 0.29461
vn 0.02208 0.93458 0.35506
vn 0.02691 0.91071 0.41217
vn 0.03136 0.88451 0.46546
vn 0.03539 0.85673 0.51455
vn 0.03896 0.82819 0.55910
vn 0.04203 0.79977 0.59883
vn 0.04457 0.77249 0.63346
vn 0.04651 0.74749 0.66264
vn 0.04779 0.72613 0.68589
vn 0.04831 0.71009 0.70245
vn 0.04790 0.70151 0.71105
vn 0.04632 0.70313 0.70955
vn 0.04317 0.71841 0.69428
vn 0.03782 0.75126 0.65892
vn 0.02940 0.80455 0.59316
vn 0.01688 0.87564 0.48266
vn 0.00000 0.94868 0.31623
vn 0.00000 0.99504 0.09950
vn 0.00359 0.98500 0.17252
vn 0.00707 0.96983 0.24367
vn 0.01039 0.95002 0.31200
vn 0.01352 0.92624 0.37670
vn 0.01642 0.89926 0.43711
vn 0.01906 0.86995 0.49277
vn 0.02142 0.83924 0.54334
vn 0.02349 0.80807 0.58861
vn 0.02525 0.77745 0.62844
vn 0.02669 0.74843 0.66268
vn 0.02777 0.72218 0.69115
vn 0.02848 0.70006 0.71351
vn 0.02875 0.68376 0.72914
vn 0.02850 0.67541 0.73689
vn 0.02760 0.67786 0.73467
vn 0.02580 0.69478 0.71876
vn 0.02273 0.73056 0.68247
vn 0.01782 0.78888 0.61429
vn 0.01034 0.86758 0.49718
vn 0.00000 0.94868 0.31623
vn 0.00000 0.99504 0.09950
vn 0.00121 0.98443 0.17578
vn 0.00239 0.96827 0.24989
vn 0.00350 0.94715 0.32077
vn 0.00455 0.92185 0.38753
vn 0.00552 0.89327 0.44949
vn 0.00639 0.86239 0.50620
vn 0.00717 0.83023 0.55738
vn 0.00785 0.79780 0.60288
vn 0.00842 0.76613 0.64263
vn 0.00888 0.73632 0.67658
vn 0.00923 0.70952 0.70462
vn 0.00945 0.68710 0.72651
vn 0.00954 0.67070 0.74166
vn 0.00946 0.66249 0.74901
vn 0.00916 0.66533 0.74649
vn 0.00858 0.68300 0.73037
vn 0.00758 0.72016 0.69376
vn 0.00597 0.78091 0.62462
vn 0.00348 0.86343 0.50445
vn 0.00000 0.94868 0.31623
vn 0.00000 0.99504 0.09950
vn -0.00121 0.98443 0.17578
vn -0.00239 0.96827 0.24989
vn -0.00350 0.94715 0.32077
vn -0.00455 0.92185 0.38753
vn -0.00552 0.89327 0.44949
vn -0.00639 0.86239 0.50620
vn -0.00717 0.83023 0.55738
vn -0.00785 0.79780 0.60288
vn -0.00842 0.76613 0.64263
vn -0.00888 0.73632 0.67658
vn -0.00923 0.70952 0.70462
vn -0.00945 0.68710 0.72651
vn -0.00954 0.67070 0.74166
vn -0.00946 0.66249 0.74901
vn -0.00916 0.66533 0.74649
vn -0.00858 0.68300 0.73037
vn -0.00758 0.72016 0.69376
vn -0.00597 0.78091 0.62462
vn -0.00348 0.86343 0.50445
vn -0.00000 0.94868 0.31623
vn 0.00000 0.99504 0.09950
vn -0.00359 0.98500 0.17252
vn -0.00707 0.96983 0.24367
vn -0.01039 0.95002 0.31200
vn -0.01352 0.92624 0.37670
vn -0.01642 0.89926 0.43711
vn -0.01906 0.86995 0.49277
vn -0.02142 0.83924 0.54334
vn -0.02349 0.80807 0.58861
vn -0.02525 0.77745 0.62844
vn -0.02669 0.74843 0.66268
vn -0.02777 0.72218 0.69115
vn -0.02848 0.70006 0.71351
vn -0.02875 0.68376 0.72914
vn -0.02850 0.67541 0.73689
vn -0.02760 0.67786 0.73467
vn -0.02580 0.69478 0.71876
vn -0.02273 0.73056 0.68247
vn -0.01782 0.78888 0.61429
vn -0.01034 0.86758 0.49718
vn -0.00000 0.94868 0.31623
vn 0.00000 0.99504 0.09950
vn -0.00581 0.98609 0.16612
vn -0.01147 0.97279 0.23141
vn -0.01691 0.95547 0.29461
vn -0.02208 0.93458 0.35506
vn -0.02691 0.91071 0.41217
vn -0.03136 0.88451 0.46546
vn -0.03539 0.85673 0.51455
vn -0.03896 0.82819 0.55910
vn -0.04203 0.79977 0.59883
vn -0.04457 0.77249 0.63346
vn -0.04651 0.74749 0.66264
vn -0.04779 0.72613 0.68589
vn -0.04831 0.71009 0.70245
vn -0.04790 0.70151 0.71105
vn -0.04632 0.70313 0.70955
vn -0.04317 0.71841 0.69428
vn -0.03782 0.75126 0.65892
vn -0.02940 0.80455 0.59316
vn -0.01688 0.87564 0.48266
vn -0.00000 0.94868 0.31623
vn 0.00000 0.99504 0.09950
vn -0.00779 0.98759 0.15684
vn -0.01541 0.97682 0.21350
vn -0.02281 0.96288 0.26898
vn -0.02990 0.94600 0.32279
vn -0.03663 0.92651 0.37447
vn -0.04293 0.90483 0.42360
vn -0.04873 0.88146 0.46974
vn -0.05395 0.85699 0.51249
vn -0.05853 0.83217 0.55143
vn -0.06237 0.80784 0.58609
vn -0.06537 0.78508 0.61593
vn -0.06740 0.76519 0.64027
vn -0.06827 0.74979 0.65814
vn -0.06771 0.74096 0.66813
vn -0.06535 0.74127 0.66802
vn -0.06061 0.75382 0.65428
vn -0.05268 0.78184 0.62125
vn -0.04045 0.82725 0.56037
vn -0.02289 0.88712 0.46097
vn -0.00000 0.94868 0.31623
vn 0.00000 0.99504 0.09950
vn -0.00943 0.98938 0.14505
vn -0.01872 0.98150 0.19055
vn -0.02782 0.97142 0.23575
vn -0.03666 0.95920 0.28036
vn -0.04517 0.94495 0.32409
vn -0.05328 0.92884 0.36662
vn -0.06090 0.91113 0.40759
vn -0.06791 0.89216 0.44659
vn -0.07419 0.87241 0.48312
vn -0.07958 0.85251 0.51661
vn -0.08390 0.83333 0.54637
vn -0.08690 0.81598 0.57151
vn -0.08828 0.80192 0.59088
vn -0.08762 0.79300 0.60289
vn -0.08437 0.79152 0.60530
vn -0.07778 0.80007 0.59484
vn -0.06689 0.82112 0.56682
vn -0.05060 0.85575 0.51491
vn -0.02811 0.90127 0.43234
vn -0.00000 0.94868 0.31623
vn 0.00000 0.99504 0.09950
vn -0.01067 0.99129 0.13123
vn -0.02125 0.98633 0.16342
vn -0.03170 0.98010 0.19598
vn -0.04197 0.97257 0.22881
vn -0.05202 0.96372 0.26180
vn -0.06177 0.95357 0.29477
vn -0.07111 0.94216 0.32753
vn -0.07990 0.92961 0.35977
vn -0.08797 0.91613 0.39110
vn -0.09509 0.90206 0.42101
vn -0.10095 0.88792 0.44879
vn -0.10516 0.87447 0.47354
vn -0.10725 0.86280 0.49403
vn -0.10659 0.85433 0.50868
vn -0.10241 0.85084 0.51535
vn -0.09379 0.85430 0.51125
vn -0.07971 0.86647 0.49282
vn -0.05929 0.88801 0.45599
vn -0.03230 0.91714 0.39726
vn -0.00000 0.94868 0.31623
vn 0.00000 0.99504 0.09950
vn -0.01145 0.99319 0.11597
vn -0.02285 0.99083 0.13319
vn -0.03421 0.98791 0.15118
vn -0.04549 0.98440 0.16995
vn -0.05666 0.98024 0.18951
vn -0.06765 0.97539 0.20985
vn -0.07837 0.96981 0.23094
vn -0.08866 0.96347 0.25272
vn -0.09833 0.95639 0.27504
vn -0.10707 0.94865 0.29766
vn -0.11447 0.94041 0.32020
vn -0.12001 0.93198 0.34206
vn -0.12297 0.92388 0.36238
vn -0.12248 0.91687 0.37994
vn -0.11753 0.91195 0.39311
vn -0.10701 0.91034 0.39979
vn -0.08994 0.91318 0.39751
vn -0.06584 0.92109 0.38375
vn -0.03521 0.93357 0.35667
vn -0.00000 0.94868 0.31623
vn 0.00000 0.99504 0.09950
vn -0.01172 0.99493 0.09992
vn -0.02345 0.99459 0.10119
vn -0.03519 0.99402 0.10334
vn -0.04692 0.99321 0.10644
vn -0.05863 0.99214 0.11055
vn -0.07025 0.99079 0.11578
vn -0.08171 0.98913 0.12228
vn -0.09287 0.98713 0.13020
vn -0.10351 0.98476 0.13973
vn -0.11331 0.98201 0.15108
vn -0.12181 0.97884 0.16444
vn -0.12838 0.97525 0.17999
vn -0.13217 0.97130 0.19778
vn -0.13207 0.96705 0.21767
vn -0.12684 0.96266 0.23916
vn -0.11517 0.95838 0.26125
vn -0.09611 0.95451 0.28228
vn -0.06953 0.95140 0.30000
vn -0.03660 0.94938 0.31198
vn -0.00000 0.94868 0.31623
vn 0.00000 0.99504 0.09950
vn -0.01148 0.99642 0.08380
vn -0.02300 0.99736 0.06888
vn -0.03455 0.99790 0.05478
vn -0.04612 0.99807 0.04160
vn -0.05768 0.99790 0.02946
vn -0.06918 0.99743 0.01853
vn -0.08054 0.99671 0.00909
vn -0.09164 0.99579 0.00149
vn -0.10227 0.99475 -0.00378
vn -0.11215 0.99367 -0.00605
vn -0.12083 0.99266 -0.00446
vn -0.12771 0.99181 0.00207
vn -0.13192 0.99115 0.01488
vn -0.13233 0.99057 0.03545
vn -0.12755 0.98969 0.06514
vn -0.11610 0.98770 0.10473
vn -0.09686 0.98338 0.15356
vn -0.06973 0.97547 0.20878
vn -0.03634 0.96353 0.26514
vn -0.00000 0.94868 0.31623
vn 0.00000 0.99504 0.09950
vn -0.01074 0.99761 0.06832
vn -0.02152 0.99905 0.03777
vn -0.03232 0.99945 0.00797
vn -0.04311 0.99885 -0.02091
vn -0.05384 0.99736 -0.04868
vn -0.06446 0.99510 -0.07504
vn -0.07488 0.99221 -0.09960
vn -0.08499 0.98890 -0.12185
vn -0.09463 0.98547 -0.14104
vn -0.10354 0.98228 -0.15621
vn -0.11139 0.97981 -0.16603
vn -0.11769 0.97861 -0.16871
vn -0.12173 0.97927 -0.16192
vn -0.12254 0.98216 -0.14265
vn -0.11881 0.98709 -0.10742
vn -0.10897 0.99264 -0.05286
vn -0.09158 0.99554 0.02259
vn -0.06616 0.99103 0.11611
vn -0.03435 0.97523 0.21852
vn -0.00000 0.94868 0.31623
vn 0.00000 0.99504 0.09950
vn -0.00952 0.99849 0.05418
vn -0.01907 0.99977 0.00934
vn -0.02861 0.99899 -0.03471
vn -0.03808 0.99625 -0.07766
vn -0.04741 0.99175 -0.11914
vn -0.05654 0.98571 -0.15869
vn -0.06540 0.97846 -0.19579
vn -0.07386 0.97044 -0.22977
vn -0.08182 0.96220 -0.25978
vn -0.08910 0.95446 -0.28471
vn -0.09546 0.94817 -0.30309
vn -0.10058 0.94445 -0.31289
vn -0.10399 0.94460 -0.31132
vn -0.10495 0.94986 -0.29454
vn -0.10242 0.96087 -0.25737
vn -0.09493 0.97647 -0.19364
vn -0.08080 0.99190 -0.09804
vn -0.05900 0.99784 0.02889
vn -0.03070 0.98414 0.17472
vn -0.00000 0.94868 0.31623
vn 0.00000 0.99504 0.09950
vn -0.00788 0.99909 0.04202
vn -0.01577 0.99976 -0.01508
vn -0.02362 0.99718 -0.07121
vn -0.03134 0.99156 -0.12582
vn -0.03888 0.98321 -0.17829
vn -0.04614 0.97257 -0.22800
vn -0.05308 0.96018 -0.27429
vn -0.05960 0.94675 -0.31642
vn -0.06563 0.93312 -0.35352
vn -0.07106 0.92037 -0.38453
vn -0.07576 0.90979 -0.40809
vn -0.07954 0.90298 -0.42227
vn -0.08211 0.90179 -0.42431
vn -0.08300 0.90825 -0.41011
vn -0.08146 0.92401 -0.37359
vn -0.07630 0.94888 -0.30627
vn -0.06589 0.97786 -0.19864
vn -0.04879 0.99772 -0.04663
vn -0.02555 0.99034 0.13627
vn -0.00000 0.94868 0.31623
vn 0.00000 0.99504 0.09950
vn -0.00589 0.99946 0.03238
vn -0.01178 0.99934 -0.03437
vn -0.01761 0.99484 -0.09990
vn -0.02330 0.98630 -0.16332
vn -0.02878 0.97421 -0.22381
vn -0.03401 0.95922 -0.28059
vn -0.03892 0.94216 -0.33290
vn -0.04346 0.92396 -0.38001
vn -0.04760 0.90575 -0.42114
vn -0.05128 0.88882 -0.45537
vn -0.05443 0.87473 -0.48154
vn -0.05696 0.86532 -0.49797
vn -0.05870 0.86279 -0.50214
vn -0.05939 0.86969 -0.49001
vn -0.05853 0.88850 -0.45513
vn -0.05529 0.92017 -0.38759
vn -0.04835 0.96042 -0.27432
vn -0.03631 0.99371 -0.10594
vn -0.01917 0.99424 0.10541
vn -0.00000 0.94868 0.31623
vn 0.00000 0.99504 0.09950
vn -0.00364 0.99966 0.02571
vn -0.00728 0.99883 -0.04771
vn -0.01086 0.99276 -0.11961
vn -0.01433 0.98189 -0.18888
vn -0.01766 0.96691 -0.25452
vn -0.02079 0.94865 -0.31563
vn -0.02369 0.92816 -0.37142
vn -0.02636 0.90658 -0.42121
vn -0.02875 0.88520 -0.46433
vn -0.03086 0.86547 -0.50001
vn -0.03265 0.84905 -0.52730
vn -0.03409 0.83792 -0.54473
vn -0.03509 0.83443 -0.54999
vn -0.03551 0.84142 -0.53922
vn -0.03509 0.86189 -0.50588
vn -0.03334 0.89773 -0.43929
vn -0.02942 0.94558 -0.32406
vn -0.02233 0.98897 -0.14640
vn -0.01187 0.99641 0.08386
vn -0.00000 0.94868 0.31623
vn 0.00000 0.99504 0.09950
vn -0.00123 0.99975 0.02230
vn -0.00246 0.99851 -0.05452
vn -0.00367 0.99155 -0.12964
vn -0.00484 0.97941 -0.20181
vn -0.00595 0.96286 -0.26994
vn -0.00699 0.94287 -0.33308
vn -0.00795 0.92060 -0.39044
vn -0.00882 0.89729 -0.44136
vn -0.00961 0.87432 -0.48525
vn -0.01029 0.85321 -0.52146
vn -0.01087 0.83567 -0.54912
vn -0.01133 0.82370 -0.56691
vn -0.01166 0.81973 -0.57263
vn -0.01180 0.82671 -0.56251
vn -0.01168 0.84790 -0.53003
vn -0.01112 0.88565 -0.46422
vn -0.00986 0.93724 -0.34854
vn -0.00753 0.98596 -0.16684
vn -0.00402 0.99734 0.07279
vn -0.00000 0.94868 0.31623
vn 0.00000 0.99504 0.09950
vn 0.00123 0.99975 0.02230
vn 0.00246 0.99851 -0.05452
vn 0.00367 0.99155 -0.12964
vn 0.00484 0.97941 -0.20181
vn 0.00595 0.96286 -0.26994
vn 0.00699 0.94287 -0.33308
vn 0.00795 0.92060 -0.39044
vn 0.00882 0.89729 -0.44136
vn 0.00961 0.87432 -0.48525
vn 0.01029 0.85321 -0.52146
vn 0.01087 0.83567 -0.54912
vn 0.01133 0.82370 -0.56691
vn 0.01166 0.81973 -0.57263
vn 0.01180 0.82671 -0.56251
vn 0.01168 0.84790 -0.53003
vn 0.01112 0.88565 -0.46422
vn 0.00986 0.93724 -0.34854
vn 0.00753 0.98596 -0.16684
vn 0.00402 0.99734 0.07279
vn 0.00000 0.94868 0.31623
vn 0.00000 0.99504 0.09950
vn 0.00364 0.99966 0.02571
vn 0.00728 0.99883 -0.04771
vn 0.01086 0.99276 -0.11961
vn 0.01433 0.98189 -0.18888
vn 0.01766 0.96691 -0.25452
vn 0.02079 0.94865 -0.31563
vn 0.02369 0.92816 -0.37142
vn 0.02636 0.90658 -0.42121
vn 0.02875 0.88520 -0.46433
vn 0.03086 0.86547 -0.50001
vn 0.03265 0.84905 -0.52730
vn 0.03409 0.83792 -0.54473
vn 0.03509 0.83443 -0.54999
vn 0.03551 0.84142 -0.53922
vn 0.03509 0.86189 -0.50588
vn 0.03334 0.89773 -0.43929
vn 0.02942 0.94558 -0.32406
vn 0.02233 0.98897 -0.14640
vn 0.01187 0.99641 0.08386
vn 0.00000 0.94868 0.31623
vn 0.00000 0.99504 0.09950
vn 0.00589 0.99946 0.03238
vn 0.01178 0.99934 -0.03437
vn 0.01761 0.99484 -0.09990
vn 0.02330 0.98630 -0.16332
vn 0.02878 0.97421 -0.22381
vn 0.03401 0.95922 -0.28059
vn 0.03892 0.94216 -0.33290
vn 0.04346 0.92396 -0.38001
vn 0.04760 0.90575 -0.42114
vn 0.05128 0.88882 -0.45537
vn 0.05443 0.87473 -0.48154
vn 0.05696 0.86532 -0.49797
vn 0.05870 0.86279 -0.50214
vn 0.05939 0.86969 -0.49001
vn 0.05853 0.88850 -0.45513
vn 0.05529 0.92017 -0.38759
vn 0.04835 0.96042 -0.27432
vn 0.03631 0.99371 -0.10594
vn 0.01917 0.99424 0.10541
vn 0.00000 0.94868 0.31623
vn 0.00000 0.99504 0.09950
vn 0.00788 0.99909 0.04202
vn 0.01577 0.99976 -0.01508
vn 0.02362 0.99718 -0.07121
vn 0.03134 0.99156 -0.12582
vn 0.03888 0.98321 -0.17829
vn 0.04614 0.97257 -0.22800
vn 0.05308 0.96018 -0.27429
vn 0.05960 0.94675 -0.31642
vn 0.06563 0.93312 -0.35352
vn 0.07106 0.92037 -0.38453
vn 0.07576 0.90979 -0.40809
vn 0.07954 0.90298 -0.42227
vn 0.08211 0.90179 -0.42431
vn 0.08300 0.90825 -0.41011
vn 0.08146 0.92401 -0.37359
vn 0.07630 0.94888 -0.30627
vn 0.06589 0.97786 -0.19864
vn 0.04879 0.99772 -0.04663
vn 0.02555 0.99034 0.13627
vn 0.00000 0.94868 0.31623
vn 0.00000 0.99504 0.09950
vn 0.00952 0.99849 0.05418
vn 0.01907 0.99977 0.00934
vn 0.02861 0.99899 -0.03471
vn 0.03808 0.99625 -0.07766
vn 0.04741 0.99175 -0.11914
vn 0.05654 0.98571 -0.15869
vn 0.06540 0.97846 -0.19579
vn 0.07386 0.97044 -0.22977
vn 0.08182 0.96220 -0.25978
vn 0.08910 0.95446 -0.28471
vn 0.09546 0.94817 -0.30309
vn 0.10058 0.94445 -0.31289
vn 0.10399 0.94460 -0.31132
vn 0.10495 0.94986 -0.29454
vn 0.10242 0.96087 -0.25737
vn 0.09493 0.97647 -0.19364
vn 0.08080 0.99190 -0.09804
vn 0.05900 0.99784 0.02889
vn 0.03070 0.98414 0.17472
vn 0.00000 0.94868 0.31623
vn 0.00000 0.99504 0.09950
vn 0.01074 0.99761 0.06832
vn 0.02152 0.99905 0.03777
vn 0.03232 0.99945 0.00797
vn 0.04311 0.99885 -0.02091
vn 0.05384 0.99736 -0.04868
vn 0.06446 0.99510 -0.07504
vn 0.07488 0.99221 -0.09960
vn 0.08499 0.98890 -0.12185
vn 0.09463 0.98547 -0.14104
vn 0.10354 0.98228 -0.15621
vn 0.11139 0.97981 -0.16603
vn 0.11769 0.97861 -0.16871
vn 0.12173 0.97927 -0.16192
vn 0.12254 0.98216 -0.14265
vn 0.11881 0.98709 -0.10742
vn 0.10897 0.99264 -0.05286
vn 0.09158 0.99554 0.02259
vn 0.06616 0.99103 0.11611
vn 0.03435 0.97523 0.21852
vn 0.00000 0.94868 0.31623
vn 0.00000 0.99504 0.09950
vn 0.01148 0.99642 0.08380
vn 0.02300 0.99736 0.06888
vn 0.03455 0.99790 0.05478
vn 0.04612 0.99807 0.04160
vn 0.05768 0.99790 0.02946
vn 0.06918 0.99743 0.01853
vn 0.08054 0.99671 0.00909
vn 0.09164 0.99579 0.00149
vn 0.10227 0.99475 -0.00378
vn 0.11215 0.99367 -0.00605
vn 0.12083 0.99266 -0.00446
vn 0.12771 0.99181 0.00207
vn 0.13192 0.99115 0.01488
vn 0.13233 0.99057 0.03545
vn 0.12755 0.98969 0.06514
vn 0.11610 0.98770 0.10473
vn 0.09686 0.98338 0.15356
vn 0.06973 0.97547 0.20878
vn 0.03634 0.96353 0.26514
vn 0.00000 0.94868 0.31623
vn 0.00000 0.99504 0.09950
vn 0.01172 0.99493 0.09992
vn 0.02345 0.99459 0.10119
vn 0.03519 0.99402 0.10334
vn 0.04692 0.99321 0.10644
vn 0.05863 0.99214 0.11055
vn 0.07025 0.99079 0.11578
vn 0.08171 0.98913 0.12228
vn 0.09287 0.98713 0.13020
vn 0.10351 0.98476 0.13973
vn 0.11331 0.98201 0.15108
vn 0.12181 0.97884 0.16444
vn 0.12838 0.97525 0.17999
vn 0.13217 0.97130 0.19778
vn 0.13207 0.96705 0.21767
vn 0.12684 0.96266 0.23916
vn 0.11517 0.95838 0.26125
vn 0.09611 0.95451 0.28228
vn 0.06953 0.95140 0.30000
vn 0.03660 0.94938 0.31198
vn 0.00000 0.94868 0.31623
f 1/1/1 22/22/22 23/23/23
f 1/1/1 23/23/23 2/2/2
f 2/2/2 23/23/23 24/24/24
f 2/2/2 24/24/24 3/3/3
f 3/3/3 24/24/24 25/25/25
f 3/3/3 25/25/25 4/4/4
f 4/4/4 25/25/25 26/26/26
f 4/4/4 26/26/26 5/5/5
f 5/5/5 26/26/26 27/27/27
f 5/5/5 27/27/27 6/6/6
f 6/6/6 27/27/27 28/28/28
f 6/6/6 28/28/28 7/7/7
f 7/7/7 28/28/28 29/29/29
f 7/7/7 29/29/29 8/8/8
f 8/8/8 29/29/29 30/30/30
f 8/8/8 30/30/30 9/9/9
f 9/9/9 30/30/30 31/31/31
f 9/9/9 31/31/31 10/10/10
f 10/10/10 31/31/31 32/32/32
f 10/10/10 32/32/32 11/11/11
f 11/11/11 32/32/32 33/33/33
f 11/11/11 33/33/33 12/12/12
f 12/12/12 33/33/33 34/34/34
f 12/12/12 34/34/34 13/13/13
f 13/13/13 34/34/34 35/35/35
f 13/13/13 35/35/35 14/14/14
f 14/14/14 35/35/35 36/36/36
f 14/14/14 36/36/36 15/15/15
f 15/15/15 36/36/36 37/37/37
f 15/15/15 37/37/37 16/16/16
f 16/16/16 37/37/37 38/38/38
f 16/16/16 38/38/38 17/17/17
f 17/17/17 38/38/38 39/39/39
f 17/17/17 39/39/39 18/18/18
f 18/18/18 39/39/39 40/40/40
f 18/18/18 40/40/40 19/19/19
f 19/19/19 40/40/40 41/41/41
f 19/19/19 41/41/41 20/20/20
f 20/20/20 41/41/41 42/42/42
f 20/20/20 42/42/42 21/21/21
f 22/22/22 43/43/43 44/44/44
f 22/22/22 44/44/44 23/23/23
f 23/23/23 44/44/44 45/45/45
f 23/23/23 45/45/45 24/24/24
f 24/24/24 45/45/45 46/46/46
f 24/24/24 46/46/46 25/25/25
f 25/25/25 46/46/46 47/47/47
f 25/25/25 47/47/47 26/26/26
f 26/26/26 47/47/47 48/48/48
f 26/26/26 48/48/48 27/27/27
f 27/27/27 48/48/48 49/49/49
f 27/27/27 49/49/49 28/28/28
f 28/28/28 49/49/49 50/50/50
f 28/28/28 50/50/50 29/29/29
f 29/29/29 50/50/50 51/51/51
f 29/29/29 51/51/51 30/30/30
f 30/30/30 51/51/51 52/52/52
f 30/30/30 52/52/52 31/31/31
f 31/31/31 52/52/52 53/53/53
f 31/31/31 53/53/53 32/32/32
f 32/32/32 53/53/53 54/54/54
f 32/32/32 54/54/54 33/33/33
f 33/33/33 54/54/54 55/55/55
f 33/33/33 55/55/55 34/34/34
f 34/34/34 55/55/55 56/56/56
f 34/34/34 56/56/56 35/35/35
f 35/35/35 56/56/56 57/57/57
f 35/35/35 57/57/57 36/36/36
f 36/36/36 57/57/57 58/58/58
f 36/36/36 58/58/58 37/37/37
f 37/37/37 58/58/58 59/59/59
f 37/37/37 59/59/59 38/38/38
f 38/38/38 59/59/59 60/60/60
f 38/38/38 60/60/60 39/39/39
f 39/39/39 60/60/60 61/61/61
f 39/39/39 61/61/61 40/40/40
f 40/40/40 61/61/61 62/62/62
f 40/40/40 62/62/62 41/41/41
f 41/41/41 62/62/62 63/63/63
f 41/41/41 63/63/63 42/42/42
f 43/43/43 64/64/64 65/65/65
f 43/43/43 65/65/65 44/44/44
f 44/44/44 65/65/65 66/66/66
f 44/44/44 66/66/66 45/45/45
f 45/45/45 66/66/66 67/67/67
f 45/45/45 67/67/67 46/46/46
f 46/46/46 67/67/67 68/68/68
f 46/46/46 68/68/68 47/47/47
f 47/47/47 68/68/68 69/69/69
f 47/47/47 69/69/69 48/48/48
f 48/48/48 69/69/69 70/70/70
f 48/48/48 70/70/70 49/49/49
f 49/49/49 70/70/70 71/71/71
f 49/49/49 71/71/71 50/50/50
f 50/50/50 71/71/71 72/72/72
f 50/50/50 72/72/72 51/51/51
f 51/51/51 72/72/72 73/73/73
f 51/51/51 73/73/73 52/52/52
f 52/52/52 73/73/73 74/74/74
f 52/52/52 74/74/74 53/53/53
f 53/53/53 74/74/74 75/75/75
f 53/53/53 75/75/75 54/54/54
f 54/54/54 75/75/75 76/76/76
f 54/54/54 76/76/76 55/55/55
f 55/55/55 76/76/76 77/77/77
f 55/55/55 77/77/77 56/56/56
f 56/56/56 77/77/77 78/78/78
f 56/56/56 78/78/78 57/57/57
f 57/57/57 78/78/78 79/79/79
f 57/57/57 79/79/79 58/58/58
f 58/58/58 79/79/79 80/80/80
f 58/58/58 80/80/80 59/59/59
f 59/59/59 80/80/80 81/81/81
f 59/59/59 81/81/81 60/60/60
f 60/60/60 81/81/81 82/82/82
f 60/60/60 82/82/82 61/61/61
f 61/61/61 82/82/82 83/83/83
f 61/61/61 83/83/83 62/62/62
f 62/62/62 83/83/83 84/84/84
f 62/62/62 84/84/84 63/63/63
f 64/64/64 85/85/85 86/86/86
f 64/64/64 86/86/86 65/65/65
f 65/65/65 86/86/86 87/87/87
f 65/65/65 87/87/87 66/66/66
f 66/66/66 87/87/87 88/88/88
f 66/66/66 88/88/88 67/67/67
f 67/67/67 88/88/88 89/89/89
f 67/67/67 89/89/89 68/68/68
f 68/68/68 89/89/89 90/90/90
f 68/68/68 90/90/90 69/69/69
f 69/69/69 90/90/90 91/91/91
f 69/69/69 91/91/91 70/70/70
f 70/70/70 91/91/91 92/92/92
f 70/70/70 92/92/92 71/71/71
f 71/71/71 92/92/92 93/93/93
f 71/71/71 93/93/93 72/72/72
f 72/72/72 93/93/93 94/94/94
f 72/72/72 94/94/94 73/73/73
f 73/73/73 94/94/94 95/95/95
f 73/73/73 95/95/95 74/74/74
f 74/74/74 95/95/95 96/96/96
f 74/74/74 96/96/96 75/75/75
f 75/75/75 96/96/96 97/97/97
f 75/75/75 97/97/97 76/76/76
f 76/76/76 97/97/97 98/98/98
f 76/76/76 98/98/98 77/77/77
f 77/77/77 98/98/98 99/99/99
f 77/77/77 99/99/99 78/78/78
f 78/78/78 99/99/99 100/100/100
f 78/78/78 100/100/100 79/79/79
f 79/79/79 100/100/100 101/101/101
f 79/79/79 101/101/101 80/80/80
f 80/80/80 101/101/101 102/102/102
f 80/80/80 102/102/102 81/81/81
f 81/81/81 102/102/102 103/103/103
f 81/81/81 103/103/103 82/82/82
f 82/82/82 103/103/103 104/104/104
f 82/82/82 104/104/104 83/83/83
f 83/83/83 104/104/104 105/105/105
f 83/83/83 105/105/105 84/84/84
f 85/85/85 106/106/106 107/107/107
f 85/85/85 107/107/107 86/86/86
f 86/86/86 107/107/107 108/108/108
f 86/86/86 108/108/108 87/87/87
f 87/87/87 108/108/108 109/109/109
f 87/87/87 109/109/109 88/88/88
f 88/88/88 109/109/109 110/110/110
f 88/88/88 110/110/110 89/89/89
f 89/89/89 110/110/110 111/111/111
f 89/89/89 111/111/111 90/90/90
f 90/90/90 111/111/111 112/112/112
f 90/90/90 112/112/112 91/91/91
f 91/91/91 112/112/112 113/113/113
f 91/91/91 113/113/113 92/92/92
f 92/92/92 113/113/113 114/114/114
f 92/92/92 114/114/114 93/93/93
f 93/93/93 114/114/114 115/115/115
f 93/93/93 115/115/115 94/94/94
f 94/94/94 115/115/115 116/116/116
f 94/94/94 116/116/116 95/95/95
f 95/95/95 116/116/116 117/117/117
f 95/95/95 117/117/117 96/96/96
f 96/96/96 117/117/117 118/118/118
f 96/96/96 118/118/118 97/97/97
f 97/97/97 118/118/118 119/119/119
f 97/97/97 119/119/119 98/98/98
f 98/98/98 119/119/119 120/120/120
f 98/98/98 120/120/120 99/99/99
f 99/99/99 120/120/120 121/121/121
f 99/99/99 121/121/121 100/100/100
f 100/100/100 121/121/121 122/122/122
f 100/100/100 122/122/122 101/101/101
f 101/101/101 122/122/122 123/123/123
f 101/101/101 123/123/123 102/102/102
f 102/102/102 123/123/123 124/124/124
f 102/102/102 124/124/124 103/103/103
f 103/103/103 124/124/124 125/125/125
f 103/103/103 125/125/125 104/104/104
f 104/104/104 125/125/125 126/126/126
f 104/104/104 126/126/126 105/105/105
f 106/106/106 127/127/127 128/128/128
f 106/106/106 128/128/128 107/107/107
f 107/107/107 128/128/128 129/129/129
f 107/107/107 129/129/129 108/108/108
f 108/108/108 129/129/129 130/130/130
f 108/108/108 130/130/130 109/109/109
f 109/109/109 130/130/130 131/131/131
f 109/109/109 131/131/131 110/110/110
f 110/110/110 131/131/131 132/132/132
f 110/110/110 132/132/132 111/111/111
f 111/111/111 132/132/132 133/133/133
f 111/111/111 133/133/133 112/112/112
f 112/112/112 133/133/133 134/134/134
f 112/112/112 134/134/134 113/113/113
f 113/113/113 134/134/134 135/135/135
f 113/113/113 135/135/135 114/114/114
f 114/114/114 135/135/135 136/136/136
f 114/114/114 136/136/136 115/115/115
f 115/115/115 136/136/136 137/137/137
f 115/115/115 137/137/137 116/116/116
f 116/116/116 137/137/137 138/138/138
f 116/116/116 138/138/138 117/117/117
f 117/117/117 138/138/138 139/139/139
f 117/117/117 139/139/139 118/118/118
f 118/118/118 139/139/139 140/140/140
f 118/118/118 140/140/140 119/119/119
f 119/119/119 140/140/140 141/141/141
f 119/119/119 141/141/141 120/120/120
f 120/120/120 141/141/141 142/142/142
f 120/120/120 142/142/142 121/121/121
f 121/121/121 142/142/142 143/143/143
f 121/121/121 143/143/143 122/122/122
f 122/122/122 143/143/143 144/144/144
f 122/122/122 144/144/144 123/123/123
f 123/123/123 144/144/144 145/145/145
f 123/123/123 145/145/145 124/124/124
f 124/124/124 145/145/145 146/146/146
f 124/124/124 146/146/146 125/125/125
f 125/125/125 146/146/146 147/147/147
f 125/125/125 147/147/147 126/126/126
f 127/127/127 148/148/148 149/149/149
f 127/127/127 149/149/149 128/128/128
f 128/128/128 149/149/149 150/150/150
f 128/128/128 150/150/150 129/129/129
f 129/129/129 150/150/150 151/151/151
f 129/129/129 151/151/151 130/130/130
f 130/130/130 151/151/151 152/152/152
f 130/130/130 152/152/152 131/131/131
f 131/131/131 152/152/152 153/153/153
f 131/131/131 153/153/153 132/132/132
f 132/132/132 153/153/153 154/154/154
f 132/132/132 154/154/154 133/133/133
f 133/133/133 154/154/154 155/155/155
f 133/133/133 155/155/155 134/134/134
f 134/134/134 155/155/155 156/156/156
f 134/134/134 156/156/156 135/135/135
f 135/135/135 156/156/156 157/157/157
f 135/135/135 157/157/157 136/136/136
f 136/136/136 157/157/157 158/158/158
f 136/136/136 158/158/158 137/137/137
f 137/137/137 158/158/158 159/159/159
f 137/137/137 159/159/159 138/138/138
f 138/138/138 159/159/159 160/160/160
f 138/138/138 160/160/160 139/139/139
f 139/139/139 160/160/160 161/161/161
f 139/139/139 161/161/161 140/140/140
f 140/140/140 161/161/161 162/162/162
f 140/140/140 162/162/162 141/141/141
f 141/141/141 162/162/162 163/163/163
f 141/141/141 163/163/163 142/142/142
f 142/142/142 163/163/163 164/164/164
f 142/142/142 164/164/164 143/143/143
f 143/143/143 164/164/164 165/165/165
f 143/143/143 165/165/165 144/144/144
f 144/144/144 165/165/165 166/166/166
f 144/144/144 166/166/166 145/145/145
f 145/145/145 166/166/166 167/167/167
f 145/145/145 167/167/167 146/146/146
f 146/146/146 167/167/167 168/168/168
f 146/146/146 168/168/168 147/147/147
f 148/148/148 169/169/169 170/170/170
f 148/148/148 170/170/170 149/149/149
f 149/149/149 170/170/170 171/171/171
f 149/149/149 171/171/171 150/150/150
f 150/150/150 171/171/171 172/172/172
f 150/150/150 172/172/172 151/151/151
f 151/151/151 172/172/172 173/173/173
f 151/151/151 173/173/173 152/152/152
f 152/152/152 173/173/173 174/174/174
f 152/152/152 174/174/174 153/153/153
f 153/153/153 174/174/174 175/175/175
f 153/153/153 175/175/175 154/154/154
f 154/154/154 175/175/175 176/176/176
f 154/154/154 176/176/176 155/155/155
f 155/155/155 176/176/176 177/177/177
f 155/155/155 177/177/177 156/156/156
f 156/156/156 177/177/177 178/178/178
f 156/156/156 178/178/178 157/157/157
f 157/157/157 178/178/178 179/179/179
f 157/157/157 179/179/179 158/158/158
f 158/158/158 179/179/179 180/180/180
f 158/158/158 180/180/180 159/159/159
f 159/159/159 180/180/180 181/181/181
f 159/159/159 181/181/181 160/160/160
f 160/160/160 181/181/181 182/182/182
f 160/160/160 182/182/182 161/161/161
f 161/161/161 182/182/182 183/183/183
f 161/161/161 183/183/183 162/162/162
f 162/162/162 183/183/183 184/184/184
f 162/162/162 184/184/184 163/163/163
f 163/163/163 184/184/184 185/185/185
f 163/163/163 185/185/185 164/164/164
f 164/164/164 185/185/185 186/186/186
f 164/164/164 186/186/186 165/165/165
f 165/165/165 186/186/186 187/187/187
f 165/165/165 187/187/187 166/166/166
f 166/166/166 187/187/187 188/188/188
f 166/166/166 188/188/188 167/167/167
f 167/167/167 188/188/188 189/189/189
f 167/167/167 189/189/189 168/168/168
f 169/169/169 190/190/190 191/191/191
f 169/169/169 191/191/191 170/170/170
f 170/170/170 191/191/191 192/192/192
f 170/170/170 192/192/192 171/171/171
f 171/171/171 192/192/192 193/193/193
f 171/171/171 193/193/193 172/172/172
f 172/172/172 193/193/193 194/194/194
f 172/172/172 194/194/194 173/173/173
f 173/173/173 194/194/194 195/195/195
f 173/173/173 195/195/195 174/174/174
f 174/174/174 195/195/195 196/196/196
f 174/174/174 196/196/196 175/175/175
f 175/175/175 196/196/196 197/197/197
f 175/175/175 197/197/197 176/176/176
f 176/176/176 197/197/197 198/198/198
f 176/176/176 198/198/198 177/177/177
f 177/177/177 198/198/198 199/199/199
f 177/177/177 199/199/199 178/178/178
f 178/178/178 199/199/199 200/200/200
f 178/178/178 200/200/200 179/179/179
f 179/179/179 200/200/200 201/201/201
f 179/179/179 201/201/201 180/180/180
f 180/180/180 201/201/201 202/202/202
f 180/180/180 202/202/202 181/181/181
f 181/181/181 202/202/202 203/203/203
f 181/181/181 203/203/203 182/182/182
f 182/182/182 203/203/203 204/204/204
f 182/182/182 204/204/204 183/183/183
f 183/183/183 204/204/204 205/205/205
f 183/183/183 205/205/205 184/184/184
f 184/184/184 205/205/205 206/206/206
f 184/184/184 206/206/206 185/185/185
f 185/185/185 206/206/206 207/207/207
f 185/185/185 207/207/207 186/186/186
f 186/186/186 207/207/207 208/208/208
f 186/186/186 208/208/208 187/187/187
f 187/187/187 208/208/208 209/209/209
f 187/187/187 209/209/209 188/188/188
f 188/188/188 209/209/209 210/210/210
f 188/188/188 210/210/210 189/189/189
f 190/190/190 211/211/211 212/212/212
f 190/190/190 212/212/212 191/191/191
f 191/191/191 212/212/212 213/213/213
f 191/191/191 213/213/213 192/192/192
f 192/192/192 213/213/213 214/214/214
f 192/192/192 214/214/214 193/193/193
f 193/193/193 214/214/214 215/215/215
f 193/193/193 215/215/215 194/194/194
f 194/194/194 215/215/215 216/216/216
f 194/194/194 216/216/216 195/195/195
f 195/195/195 216/216/216 217/217/217
f 195/195/195 217/217/217 196/196/196
f 196/196/196 217/217/217 218/218/218
f 196/196/196 218/218/218 197/197/197
f 197/197/197 218/218/218 219/219/219
f 197/197/197 219/219/219 198/198/198
f 198/198/198 219/219/219 220/220/220
f 198/198/198 220/220/220 199/199/199
f 199/199/199 220/220/220 221/221/221
f 199/199/199 221/221/221 200/200/200
f 200/200/200 221/221/221 222/222/222
f 200/200/200 222/222/222 201/201/201
f 201/201/201 222/222/222 223/223/223
f 201/201/201 223/223/223 202/202/202
f 202/202/202 223/223/223 224/224/224
f 202/202/202 224/224/224 203/203/203
f 203/203/203 224/224/224 225/225/225
f 203/203/203 225/225/225 204/204/204
f 204/204/204 225/225/225 226/226/226
f 204/204/204 226/226/226 205/205/205
f 205/205/205 226/226/226 227/227/227
f 205/205/205 227/227/227 206/206/206
f 206/206/206 227/227/227 228/228/228
f 206/206/206 228/228/228 207/207/207
f 207/207/207 228/228/228 229/229/229
f 207/207/207 229/229/229 208/208/208
f 208/208/208 229/229/229 230/230/230
f 208/208/208 230/230/230 209/209/209
f 209/209/209 230/230/230 231/231/231
f 209/209/209 231/231/231 210/210/210
f 211/211/211 232/232/232 233/233/233
f 211/211/211 233/233/233 212/212/212
f 212/212/212 233/233/233 234/234/234
f 212/212/212 234/234/234 213/213/213
f 213/213/213 234/234/234 235/235/235
f 213/213/213 235/235/235 214/214/214
f 214/214/214 235/235/235 236/236/236
f 214/214/214 236/236/236 215/215/215
f 215/215/215 236/236/236 237/237/237
f 215/215/215 237/237/237 216/216/216
f 216/216/216 237/237/237 238/238/238
f 216/216/216 238/238/238 217/217/217
f 217/217/217 238/238/238 239/239/239
f 217/217/217 239/239/239 218/218/218
f 218/218/218 239/239/239 240/240/240
f 218/218/218 240/240/240 219/219/219
f 219/219/219 240/240/240 241/241/241
f 219/219/219 241/241/241 220/220/220
f 220/220/220 241/241/241 242/242/242
f 220/220/220 242/242/242 221/221/221
f 221/221/221 242/242/242 243/243/243
f 221/221/221 243/243/243 222/222/222
f 222/222/222 243/243/243 244/244/244
f 222/222/222 244/244/244 223/223/223
f 223/223/223 244/244/244 245/245/245
f 223/223/223 245/245/245 224/224/224
f 224/224/224 245/245/245 246/246/246
f 224/224/224 246/246/246 225/225/225
f 225/225/225 246/246/246 247/247/247
f 225/225/225 247/247/247 226/226/226
f 226/226/226 247/247/247 248/248/248
f 226/226/226 248/248/248 227/227/227
f 227/227/227 248/248/248 249/249/249
f 227/227/227 249/249/249 228/228/228
f 228/228/228 249/249/249 250/250/250
f 228/228/228 250/250/250 229/229/229
f 229/229/229 250/250/250 251/251/251
f 229/229/229 251/251/251 230/230/230
f 230/230/230 251/251/251 252/252/252
f 230/230/230 252/252/252 231/231/231
f 232/232/232 253/253/253 254/254/254
f 232/232/232 254/254/254 233/233/233
f 233/233/233 254/254/254 255/255/255
f 233/233/233 255/255/255 234/234/234
f 234/234/234 255/255/255 256/256/256
f 234/234/234 256/256/256 235/235/235
f 235/235/235 256/256/256 257/257/257
f 235/235/235 257/257/257 236/236/236
f 236/236/236 257/257/257 258/258/258
f 236/236/236 258/258/258 237/237/237
f 237/237/237 258/258/258 259/259/259
f 237/237/237 259/259/259 238/238/238
f 238/238/238 259/259/259 260/260/260
f 238/238/238 260/260/260 239/239/239
f 239/239/239 260/260/260 261/261/261
f 239/239/239 261/261/261 240/240/240
f 240/240/240 261/261/261 262/262/262
f 240/240/240 262/262/262 241/241/241
f 241/241/241 262/262/262 263/263/263
f 241/241/241 263/263/263 242/242/242
f 242/242/242 263/263/263 264/264/264
f 242/242/242 264/264/264 243/243/243
f 243/243/243 264/264/264 265/265/265
f 243/243/243 265/265/265 244/244/244
f 244/244/244 265/265/265 266/266/266
f 244/244/244 266/266/266 245/245/245
f 245/245/245 266/266/266 267/267/267
f 245/245/245 267/267/267 246/246/246
f 246/246/246 267/267/267 268/268/268
f 246/246/246 268/268/268 247/247/247
f 247/247/247 268/268/268 269/269/269
f 247/247/247 269/269/269 248/248/248
f 248/248/248 269/269/269 270/270/270
f 248/248/248 270/270/270 249/249/249
f 249/249/249 270/270/270 271/271/271
f 249/249/249 271/271/271 250/250/250
f 250/250/250 271/271/271 272/272/272
f 250/250/250 272/272/272 251/251/251
f 251/251/251 272/272/272 273/273/273
f 251/251/251 273/273/273 252/252/252
f 253/253/253 274/274/274 275/275/275
f 253/253/253 275/275/275 254/254/254
f 254/254/254 275/275/275 276/276/276
f 254/254/254 276/276/276 255/255/255
f 255/255/255 276/276/276 277/277/277
f 255/255/255 277/277/277 256/256/256
f 256/256/256 277/277/277 278/278/278
f 256/256/256 278/278/278 257/257/257
f 257/257/257 278/278/278 279/279/279
f 257/257/257 279/279/279 258/258/258
f 258/258/258 279/279/279 280/280/280
f 258/258/258 280/280/280 259/259/259
f 259/259/259 280/280/280 281/281/281
f 259/259/259 281/281/281 260/260/260
f 260/260/260 281/281/281 282/282/282
f 260/260/260 282/282/282 261/261/261
f 261/261/261 282/282/282 283/283/283
f 261/261/261 283/283/283 262/262/262
f 262/262/262 283/283/283 284/284/284
f 262/262/262 284/284/284 263/263/263
f 263/263/263 284/284/284 285/285/285
f 263/263/263 285/285/285 264/264/264
f 264/264/264 285/285/285 286/286/286
f 264/264/264 286/286/286 265/265/265
f 265/265/265 286/286/286 287/287/287
f 265/265/265 287/287/287 266/266/266
f 266/266/266 287/287/287 288/288/288
f 266/266/266 288/288/288 267/267/267
f 267/267/267 288/288/288 289/289/289
f 267/267/267 289/289/289 268/268/268
f 268/268/268 289/289/289 290/290/290
f 268/268/268 290/290/290 269/269/269
f 269/269/269 290/290/290 291/291/291
f 269/269/269 291/291/291 270/270/270
f 270/270/270 291/291/291 292/292/292
f 270/270/270 292/292/292 271/271/271
f 271/271/271 292/292/292 293/293/293
f 271/271/271 293/293/293 272/272/272
f 272/272/272 293/293/293 294/294/294
f 272/272/272 294/294/294 273/273/273
f 274/274/274 295/295/295 296/296/296
f 274/274/274 296/296/296 275/275/275
f 275/275/275 296/296/296 297/297/297
f 275/275/275 297/297/297 276/276/276
f 276/276/276 297/297/297 298/298/298
f 276/276/276 298/298/298 277/277/277
f 277/277/277 298/298/298 299/299/299
f 277/277/277 299/299/299 278/278/278
f 278/278/278 299/299/299 300/300/300
f 278/278/278 300/300/300 279/279/279
f 279/279/279 300/300/300 301/301/301
f 279/279/279 301/301/301 280/280/280
f 280/280/280 301/301/301 302/302/302
f 280/280/280 302/302/302 281/281/281
f 281/281/281 302/302/302 303/303/303
f 281/281/281 303/303/303 282/282/282
f 282/282/282 303/303/303 304/304/304
f 282/282/282 304/304/304 283/283/283
f 283/283/283 304/304/304 305/305/305
f 283/283/283 305/305/305 284/284/284
f 284/284/284 305/305/305 306/306/306
f 284/284/284 306/306/306 285/285/285
f 285/285/285 306/306/306 307/307/307
f 285/285/285 307/307/307 286/286/286
f 286/286/286 307/307/307 308/308/308
f 286/286/286 308/308/308 287/287/287
f 287/287/287 308/308/308 309/309/309
f 287/287/287 309/309/309 288/288/288
f 288/288/288 309/309/309 310/310/310
f 288/288/288 310/310/310 289/289/289
f 289/289/289 310/310/310 311/311/311
f 289/289/289 311/311/311 290/290/290
f 290/290/290 311/311/311 312/312/312
f 290/290/290 312/312/312 291/291/291
f 291/291/291 312/312/312 313/313/313
f 291/291/291 313/313/313 292/292/292
f 292/292/292 313/313/313 314/314/314
f 292/292/292 314/314/314 293/293/293
f 293/293/293 314/314/314 315/315/315
f 293/293/293 315/315/315 294/294/294
f 295/295/295 316/316/316 317/317/317
f 295/295/295 317/317/317 296/296/296
f 296/296/296 317/317/317 318/318/318
f 296/296/296 318/318/318 297/297/297
f 297/297/297 318/318/318 319/319/319
f 297/297/297 319/319/319 298/298/298
f 298/298/298 319/319/319 320/320/320
f 298/298/298 320/320/320 299/299/299
f 299/299/299 320/320/320 321/321/321
f 299/299/299 321/321/321 300/300/300
f 300/300/300 321/321/321 322/322/322
f 300/300/300 322/322/322 301/301/301
f 301/301/301 322/322/322 323/323/323
f 301/301/301 323/323/323 302/302/302
f 302/302/302 323/323/323 324/324/324
f 302/302/302 324/324/324 303/303/303
f 303/303/303 324/324/324 325/325/325
f 303/303/303 325/325/325 304/304/304
f 304/304/304 325/325/325 326/326/326
f 304/304/304 326/326/326 305/305/305
f 305/305/305 326/326/326 327/327/327
f 305/305/305 327/327/327 306/306/306
f 306/306/306 327/327/327 328/328/328
f 306/306/306 328/328/328 307/307/307
f 307/307/307 328/328/328 329/329/329
f 307/307/307 329/329/329 308/308/308
f 308/308/308 329/329/329 330/330/330
f 308/308/308 330/330/330 309/309/309
f 309/309/309 330/330/330 331/331/331
f 309/309/309 331/331/331 310/310/310
f 310/310/310 331/331/331 332/332/332
f 310/310/310 332/332/332 311/311/311
f 311/311/311 332/332/332 333/333/333
f 311/311/311 333/333/333 312/312/312
f 312/312/312 333/333/333 334/334/334
f 312/312/312 334/334/334 313/313/313
f 313/313/313 334/334/334 335/335/335
f 313/313/313 335/335/335 314/314/314
f 314/314/314 335/335/335 336/336/336
f 314/314/314 336/336/336 315/315/315
f 316/316/316 337/337/337 338/338/338
f 316/316/316 338/338/338 317/317/317
f 317/317/317 338/338/338 339/339/339
f 317/317/317 339/339/339 318/318/318
f 318/318/318 339/339/339 340/340/340
f 318/318/318 340/340/340 319/319/319
f 319/319/319 340/340/340 341/341/341
f 319/319/319 341/341/341 320/320/320
f 320/320/320 341/341/341 342/342/342
f 320/320/320 342/342/342 321/321/321
f 321/321/321 342/342/342 343/343/343
f 321/321/321 343/343/343 322/322/322
f 322/322/322 343/343/343 344/344/344
f 322/322/322 344/344/344 323/323/323
f 323/323/323 344/344/344 345/345/345
f 323/323/323 345/345/345 324/324/324
f 324/324/324 345/345/345 346/346/346
f 324/324/324 346/346/346 325/325/325
f 325/325/325 346/346/346 347/347/347
f 325/325/325 347/347/347 326/326/326
f 326/326/326 347/347/347 348/348/348
f 326/326/326 348/348/348 327/327/327
f 327/327/327 348/348/348 349/349/349
f 327/327/327 349/349/349 328/328/328
f 328/328/328 349/349/349 350/350/350
f 328/328/328 350/350/350 329/329/329
f 329/329/329 350/350/350 351/351/351
f 329/329/329 351/351/351 330/330/330
f 330/330/330 351/351/351 352/352/352
f 330/330/330 352/352/352 331/331/331
f 331/331/331 352/352/352 353/353/353
f 331/331/331 353/353/353 332/332/332
f 332/332/332 353/353/353 354/354/354
f 332/332/332 354/354/354 333/333/333
f 333/333/333 354/354/354 355/355/355
f 333/333/333 355/355/355 334/334/334
f 334/334/334 355/355/355 356/356/356
f 334/334/334 356/356/356 335/335/335
f 335/335/335 356/356/356 357/357/357
f 335/335/335 357/357/357 336/336/336
f 337/337/337 358/358/358 359/359/359
f 337/337/337 359/359/359 338/338/338
f 338/338/338 359/359/359 360/360/360
f 338/338/338 360/360/360 339/339/339
f 339/339/339 360/360/360 361/361/361
f 339/339/339 361/361/361 340/340/340
f 340/340/340 361/361/361 362/362/362
f 340/340/340 362/362/362 341/341/341
f 341/341/341 362/362/362 363/363/363
f 341/341/341 363/363/363 342/342/342
f 342/342/342 363/363/363 364/364/364
f 342/342/342 364/364/364 343/343/343
f 343/343/343 364/364/364 365/365/365
f 343/343/343 365/365/365 344/344/344
f 344/344/344 365/365/365 366/366/366
f 344/344/344 366/366/366 345/345/345
f 345/345/345 366/366/366 367/367/367
f 345/345/345 367/367/367 346/346/346
f 346/346/346 367/367/367 368/368/368
f 346/346/346 368/368/368 347/347/347
f 347/347/347 368/368/368 369/369/369
f 347/347/347 369/369/369 348/348/348
f 348/348/348 369/369/369 370/370/370
f 348/348/348 370/370/370 349/349/349
f 349/349/349 370/370/370 371/371/371
f 349/349/349 371/371/371 350/350/350
f 350/350/350 371/371/371 372/372/372
f 350/350/350 372/372/372 351/351/351
f 351/351/351 372/372/372 373/373/373
f 351/351/351 373/373/373 352/352/352
f 352/352/352 373/373/373 374/374/374
f 352/352/352 374/374/374 353/353/353
f 353/353/353 374/374/374 375/375/375
f 353/353/353 375/375/375 354/354/354
f 354/354/354 375/375/375 376/376/376
f 354/354/354 376/376/376 355/355/355
f 355/355/355 376/376/376 377/377/377
f 355/355/355 377/377/377 356/356/356
f 356/356/356 377/377/377 378/378/378
f 356/356/356 378/378/378 357/357/357
f 358/358/358 379/379/379 380/380/380
f 358/358/358 380/380/380 359/359/359
f 359/359/359 380/380/380 381/381/381
f 359/359/359 381/381/381 360/360/360
f 360/360/360 381/381/381 382/382/382
f 360/360/360 382/382/382 361/361/361
f 361/361/361 382/382/382 383/383/383
f 361/361/361 383/383/383 362/362/362
f 362/362/362 383/383/383 384/384/384
f 362/362/362 384/384/384 363/363/363
f 363/363/363 384/384/384 385/385/385
f 363/363/363 385/385/385 364/364/364
f 364/364/364 385/385/385 386/386/386
f 364/364/364 386/386/386 365/365/365
f 365/365/365 386/386/386 387/387/387
f 365/365/365 387/387/387 366/366/366
f 366/366/366 387/387/387 388/388/388
f 366/366/366 388/388/388 367/367/367
f 367/367/367 388/388/388 389/389/389
f 367/367/367 389/389/389 368/368/368
f 368/368/368 389/389/389 390/390/390
f 368/368/368 390/390/390 369/369/369
f 369/369/369 390/390/390 391/391/391
f 369/369/369 391/391/391 370/370/370
f 370/370/370 391/391/391 392/392/392
f 370/370/370 392/392/392 371/371/371
f 371/371/371 392/392/392 393/393/393
f 371/371/371 393/393/393 372/372/372
f 372/372/372 393/393/393 394/394/394
f 372/372/372 394/394/394 373/373/373
f 373/373/373 394/394/394 395/395/395
f 373/373/373 395/395/395 374/374/374
f 374/374/374 395/395/395 396/396/396
f 374/374/374 396/396/396 375/375/375
f 375/375/375 396/396/396 397/397/397
f 375/375/375 397/397/397 376/376/376
f 376/376/376 397/397/397 398/398/398
f 376/376/376 398/398/398 377/377/377
f 377/377/377 398/398/398 399/399/399
f 377/377/377 399/399/399 378/378/378
f 379/379/379 400/400/400 401/401/401
f 379/379/379 401/401/401 380/380/380
f 380/380/380 401/401/401 402/402/402
f 380/380/380 402/402/402 381/381/381
f 381/381/381 402/402/402 403/403/403
f 381/381/381 403/403/403 382/382/382
f 382/382/382 403/403/403 404/404/404
f 382/382/382 404/404/404 383/383/383
f 383/383/383 404/404/404 405/405/405
f 383/383/383 405/405/405 384/384/384
f 384/384/384 405/405/405 406/406/406
f 384/384/384 406/406/406 385/385/385
f 385/385/385 406/406/406 407/407/407
f 385/385/385 407/407/407 386/386/386
f 386/386/386 407/407/407 408/408/408
f 386/386/386 408/408/408 387/387/387
f 387/387/387 408/408/408 409/409/409
f 387/387/387 409/409/409 388/388/388
f 388/388/388 409/409/409 410/410/410
f 388/388/388 410/410/410 389/389/389
f 389/389/389 410/410/410 411/411/411
f 389/389/389 411/411/411 390/390/390
f 390/390/390 411/411/411 412/412/412
f 390/390/390 412/412/412 391/391/391
f 391/391/391 412/412/412 413/413/413
f 391/391/391 413/413/413 392/392/392
f 392/392/392 413/413/413 414/414/414
f 392/392/392 414/414/414 393/393/393
f 393/393/393 414/414/414 415/415/415
f 393/393/393 415/415/415 394/394/394
f 394/394/394 415/415/415 416/416/416
f 394/394/394 416/416/416 395/395/395
f 395/395/395 416/416/416 417/417/417
f 395/395/395 417/417/417 396/396/396
f 396/396/396 417/417/417 418/418/418
f 396/396/396 418/418/418 397/397/397
f 397/397/397 418/418/418 419/419/419
f 397/397/397 419/419/419 398/398/398
f 398/398/398 419/419/419 420/420/420
f 398/398/398 420/420/420 399/399/399
f 400/400/400 421/421/421 422/422/422
f 400/400/400 422/422/422 401/401/401
f 401/401/401 422/422/422 423/423/423
f 401/401/401 423/423/423 402/402/402
f 402/402/402 423/423/423 424/424/424
f 402/402/402 424/424/424 403/403/403
f 403/403/403 424/424/424 425/425/425
f 403/403/403 425/425/425 404/404/404
f 404/404/404 425/425/425 426/426/426
f 404/404/404 426/426/426 405/405/405
f 405/405/405 426/426/426 427/427/427
f 405/405/405 427/427/427 406/406/406
f 406/406/406 427/427/427 428/428/428
f 406/406/406 428/428/428 407/407/407
f 407/407/407 428/428/428 429/429/429
f 407/407/407 429/429/429 408/408/408
f 408/408/408 429/429/429 430/430/430
f 408/408/408 430/430/430 409/409/409
f 409/409/409 430/430/430 431/431/431
f 409/409/409 431/431/431 410/410/410
f 410/410/410 431/431/431 432/432/432
f 410/410/410 432/432/432 411/411/411
f 411/411/411 432/432/432 433/433/433
f 411/411/411 433/433/433 412/412/412
f 412/412/412 433/433/433 434/434/434
f 412/412/412 434/434/434 413/413/413
f 413/413/413 434/434/434 435/435/435
f 413/413/413 435/435/435 414/414/414
f 414/414/414 435/435/435 436/436/436
f 414/414/414 436/436/436 415/415/415
f 415/415/415 436/436/436 437/437/437
f 415/415/415 437/437/437 416/416/416
f 416/416/416 437/437/437 438/438/438
f 416/416/416 438/438/438 417/417/417
f 417/417/417 438/438/438 439/439/439
f 417/417/417 439/439/439 418/418/418
f 418/418/418 439/439/439 440/440/440
f 418/418/418 440/440/440 419/419/419
f 419/419/419 440/440/440 441/441/441
f 419/419/419 441/441/441 420/420/420
f 421/421/421 442/442/442 443/443/443
f 421/421/421 443/443/443 422/422/422
f 422/422/422 443/443/443 444/444/444
f 422/422/422 444/444/444 423/423/423
f 423/423/423 444/444/444 445/445/445
f 423/423/423 445/445/445 424/424/424
f 424/424/424 445/445/445 446/446/446
f 424/424/424 446/446/446 425/425/425
f 425/425/425 446/446/446 447/447/447
f 425/425/425 447/447/447 426/426/426
f 426/426/426 447/447/447 448/448/448
f 426/426/426 448/448/448 427/427/427
f 427/427/427 448/448/448 449/449/449
f 427/427/427 449/449/449 428/428/428
f 428/428/428 449/449/449 450/450/450
f 428/428/428 450/450/450 429/429/429
f 429/429/429 450/450/450 451/451/451
f 429/429/429 451/451/451 430/430/430
f 430/430/430 451/451/451 452/452/452
f 430/430/430 452/452/452 431/431/431
f 431/431/431 452/452/452 453/453/453
f 431/431/431 453/453/453 432/432/432
f 432/432/432 453/453/453 454/454/454
f 432/432/432 454/454/454 433/433/433
f 433/433/433 454/454/454 455/455/455
f 433/433/433 455/455/455 434/434/434
f 434/434/434 455/455/455 456/456/456
f 434/434/434 456/456/456 435/435/435
f 435/435/435 456/456/456 457/457/457
f 435/435/435 457/457/457 436/436/436
f 436/436/436 457/457/457 458/458/458
f 436/436/436 458/458/458 437/437/437
f 437/437/437 458/458/458 459/459/459
f 437/437/437 459/459/459 438/438/438
f 438/438/438 459/459/459 460/460/460
f 438/438/438 460/460/460 439/439/439
f 439/439/439 460/460/460 461/461/461
f 439/439/439 461/461/461 440/440/440
f 440/440/440 461/461/461 462/462/462
f 440/440/440 462/462/462 441/441/441
f 442/442/442 463/463/463 464/464/464
f 442/442/442 464/464/464 443/443/443
f 443/443/443 464/464/464 465/465/465
f 443/443/443 465/465/465 444/444/444
f 444/444/444 465/465/465 466/466/466
f 444/444/444 466/466/466 445/445/445
f 445/445/445 466/466/466 467/467/467
f 445/445/445 467/467/467 446/446/446
f 446/446/446 467/467/467 468/468/468
f 446/446/446 468/468/468 447/447/447
f 447/447/447 468/468/468 469/469/469
f 447/447/447 469/469/469 448/448/448
f 448/448/448 469/469/469 470/470/470
f 448/448/448 470/470/470 449/449/449
f 449/449/449 470/470/470 471/471/471
f 449/449/449 471/471/471 450/450/450
f 450/450/450 471/471/471 472/472/472
f 450/450/450 472/472/472 451/451/451
f 451/451/451 472/472/472 473/473/473
f 451/451/451 473/473/473 452/452/452
f 452/452/452 473/473/473 474/474/474
f 452/452/452 474/474/474 453/453/453
f 453/453/453 474/474/474 475/475/475
f 453/453/453 475/475/475 454/454/454
f 454/454/454 475/475/475 476/476/476
f 454/454/454 476/476/476 455/455/455
f 455/455/455 476/476/476 477/477/477
f 455/455/455 477/477/477 456/456/456
f 456/456/456 477/477/477 478/478/478
f 456/456/456 478/478/478 457/457/457
f 457/457/457 478/478/478 479/479/479
f 457/457/457 479/479/479 458/458/458
f 458/458/458 479/479/479 480/480/480
f 458/458/458 480/480/480 459/459/459
f 459/459/459 480/480/480 481/481/481
f 459/459/459 481/481/481 460/460/460
f 460/460/460 481/481/481 482/482/482
f 460/460/460 482/482/482 461/461/461
f 461/461/461 482/482/482 483/483/483
f 461/461/461 483/483/483 462/462/462
f 463/463/463 484/484/484 485/485/485
f 463/463/463 485/485/485 464/464/464
f 464/464/464 485/485/485 486/486/486
f 464/464/464 486/486/486 465/465/465
f 465/465/465 486/486/486 487/487/487
f 465/465/465 487/487/487 466/466/466
f 466/466/466 487/487/487 488/488/488
f 466/466/466 488/488/488 467/467/467
f 467/467/467 488/488/488 489/489/489
f 467/467/467 489/489/489 468/468/468
f 468/468/468 489/489/489 490/490/490
f 468/468/468 490/490/490 469/469/469
f 469/469/469 490/490/490 491/491/491
f 469/469/469 491/491/491 470/470/470
f 470/470/470 491/491/491 492/492/492
f 470/470/470 492/492/492 471/471/471
f 471/471/471 492/492/492 493/493/493
f 471/471/471 493/493/493 472/472/472
f 472/472/472 493/493/493 494/494/494
f 472/472/472 494/494/494 473/473/473
f 473/473/473 494/494/494 495/495/495
f 473/473/473 495/495/495 474/474/474
f 474/474/474 495/495/495 496/496/496
f 474/474/474 496/496/496 475/475/475
f 475/475/475 496/496/496 497/497/497
f 475/475/475 497/497/497 476/476/476
f 476/476/476 497/497/497 498/498/498
f 476/476/476 498/498/498 477/477/477
f 477/477/477 498/498/498 499/499/499
f 477/477/477 499/499/499 478/478/478
f 478/478/478 499/499/499 500/500/500
f 478/478/478 500/500/500 479/479/479
f 479/479/479 500/500/500 501/501/501
f 479/479/479 501/501/501 480/480/480
f 480/480/480 501/501/501 502/502/502
f 480/480/480 502/502/502 481/481/481
f 481/481/481 502/502/502 503/503/503
f 481/481/481 503/503/503 482/482/482
f 482/482/482 503/503/503 504/504/504
f 482/482/482 504/504/504 483/483/483
f 484/484/484 505/505/505 506/506/506
f 484/484/484 506/506/506 485/485/485
f 485/485/485 506/506/506 507/507/507
f 485/485/485 507/507/507 486/486/486
f 486/486/486 507/507/507 508/508/508
f 486/486/486 508/508/508 487/487/487
f 487/487/487 508/508/508 509/509/509
f 487/487/487 509/509/509 488/488/488
f 488/488/488 509/509/509 510/510/510
f 488/488/488 510/510/510 489/489/489
f 489/489/489 510/510/510 511/511/511
f 489/489/489 511/511/511 490/490/490
f 490/490/490 511/511/511 512/512/512
f 490/490/490 512/512/512 491/491/491
f 491/491/491 512/512/512 513/513/513
f 491/491/491 513/513/513 492/492/492
f 492/492/492 513/513/513 514/514/514
f 492/492/492 514/514/514 493/493/493
f 493/493/493 514/514/514 515/515/515
f 493/493/493 515/515/515 494/494/494
f 494/494/494 515/515/515 516/516/516
f 494/494/494 516/516/516 495/495/495
f 495/495/495 516/516/516 517/517/517
f 495/495/495 517/517/517 496/496/496
f 496/496/496 517/517/517 518/518/518
f 496/496/496 518/518/518 497/497/497
f 497/497/497 518/518/518 519/519/519
f 497/497/497 519/519/519 498/498/498
f 498/498/498 519/519/519 520/520/520
f 498/498/498 520/520/520 499/499/499
f 499/499/499 520/520/520 521/521/521
f 499/499/499 521/521/521 500/500/500
f 500/500/500 521/521/521 522/522/522
f 500/500/500 522/522/522 501/501/501
f 501/501/501 522/522/522 523/523/523
f 501/501/501 523/523/523 502/502/502
f 502/502/502 523/523/523 524/524/524
f 502/502/502 524/524/524 503/503/503
f 503/503/503 524/524/524 525/525/525
f 503/503/503 525/525/525 504/504/504
f 505/505/505 526/526/526 527/527/527
f 505/505/505 527/527/527 506/506/506
f 506/506/506 527/527/527 528/528/528
f 506/506/506 528/528/528 507/507/507
f 507/507/507 528/528/528 529/529/529
f 507/507/507 529/529/529 508/508/508
f 508/508/508 529/529/529 530/530/530
f 508/508/508 530/530/530 509/509/509
f 509/509/509 530/530/530 531/531/531
f 509/509/509 531/531/531 510/510/510
f 510/510/510 531/531/531 532/532/532
f 510/510/510 532/532/532 511/511/511
f 511/511/511 532/532/532 533/533/533
f 511/511/511 533/533/533 512/512/512
f 512/512/512 533/533/533 534/534/534
f 512/512/512 534/534/534 513/513/513
f 513/513/513 534/534/534 535/535/535
f 513/513/513 535/535/535 514/514/514
f 514/514/514 535/535/535 536/536/536
f 514/514/514 536/536/536 515/515/515
f 515/515/515 536/536/536 537/537/537
f 515/515/515 537/537/537 516/516/516
f 516/516/516 537/537/537 538/538/538
f 516/516/516 538/538/538 517/517/517
f 517/517/517 538/538/538 539/539/539
f 517/517/517 539/539/539 518/518/518
f 518/518/518 539/539/539 540/540/540
f 518/518/518 540/540/540 519/519/519
f 519/519/519 540/540/540 541/541/541
f 519/519/519 541/541/541 520/520/520
f 520/520/520 541/541/541 542/542/542
f 520/520/520 542/542/542 521/521/521
f 521/521/521 542/542/542 543/543/543
f 521/521/521 543/543/543 522/522/522
f 522/522/522 543/543/543 544/544/544
f 522/522/522 544/544/544 523/523/523
f 523/523/523 544/544/544 545/545/545
f 523/523/523 545/545/545 524/524/524
f 524/524/524 545/545/545 546/546/546
f 524/524/524 546/546/546 525/525/525
f 526/526/526 547/547/547 548/548/548
f 526/526/526 548/548/548 527/527/527
f 527/527/527 548/548/548 549/549/549
f 527/527/527 549/549/549 528/528/528
f 528/528/528 549/549/549 550/550/550
f 528/528/528 550/550/550 529/529/529
f 529/529/529 550/550/550 551/551/551
f 529/529/529 551/551/551 530/530/530
f 530/530/530 551/551/551 552/552/552
f 530/530/530 552/552/552 531/531/531
f 531/531/531 552/552/552 553/553/553
f 531/531/531 553/553/553 532/532/532
f 532/532/532 553/553/553 554/554/554
f 532/532/532 554/554/554 533/533/533
f 533/533/533 554/554/554 555/555/555
f 533/533/533 555/555/555 534/534/534
f 534/534/534 555/555/555 556/556/556
f 534/534/534 556/556/556 535/535/535
f 535/535/535 556/556/556 557/557/557
f 535/535/535 557/557/557 536/536/536
f 536/536/536 557/557/557 558/558/558
f 536/536/536 558/558/558 537/537/537
f 537/537/537 558/558/558 559/559/559
f 537/537/537 559/559/559 538/538/538
f 538/538/538 559/559/559 560/560/560
f 538/538/538 560/560/560 539/539/539
f 539/539/539 560/560/560 561/561/561
f 539/539/539 561/561/561 540/540/540
f 540/540/540 561/561/561 562/562/562
f 540/540/540 562/562/562 541/541/541
f 541/541/541 562/562/562 563/563/563
f 541/541/541 563/563/563 542/542/542
f 542/542/542 563/563/563 564/564/564
f 542/542/542 564/564/564 543/543/543
f 543/543/543 564/564/564 565/565/565
f 543/543/543 565/565/565 544/544/544
f 544/544/544 565/565/565 566/566/566
f 544/544/544 566/566/566 545/545/545
f 545/545/545 566/566/566 567/567/567
f 545/545/545 567/567/567 546/546/546
f 547/547/547 568/568/568 569/569/569
f 547/547/547 569/569/569 548/548/548
f 548/548/548 569/569/569 570/570/570
f 548/548/548 570/570/570 549/549/549
f 549/549/549 570/570/570 571/571/571
f 549/549/549 571/571/571 550/550/550
f 550/550/550 571/571/571 572/572/572
f 550/550/550 572/572/572 551/551/551
f 551/551/551 572/572/572 573/573/573
f 551/551/551 573/573/573 552/552/552
f 552/552/552 573/573/573 574/574/574
f 552/552/552 574/574/574 553/553/553
f 553/553/553 574/574/574 575/575/575
f 553/553/553 575/575/575 554/554/554
f 554/554/554 575/575/575 576/576/576
f 554/554/554 576/576/576 555/555/555
f 555/555/555 576/576/576 577/577/577
f 555/555/555 577/577/577 556/556/556
f 556/556/556 577/577/577 578/578/578
f 556/556/556 578/578/578 557/557/557
f 557/557/557 578/578/578 579/579/579
f 557/557/557 579/579/579 558/558/558
f 558/558/558 579/579/579 580/580/580
f 558/558/558 580/580/580 559/559/559
f 559/559/559 580/580/580 581/581/581
f 559/559/559 581/581/581 560/560/560
f 560/560/560 581/581/581 582/582/582
f 560/560/560 582/582/582 561/561/561
f 561/561/561 582/582/582 583/583/583
f 561/561/561 583/583/583 562/562/562
f 562/562/562 583/583/583 584/584/584
f 562/562/562 584/584/584 563/563/563
f 563/563/563 584/584/584 585/585/585
f 563/563/563 585/585/585 564/564/564
f 564/564/564 585/585/585 586/586/586
f 564/564/564 586/586/586 565/565/565
f 565/565/565 586/586/586 587/587/587
f 565/565/565 587/587/587 566/566/566
f 566/566/566 587/587/587 588/588/588
f 566/566/566 588/588/588 567/567/567
f 568/568/568 589/589/589 590/590/590
f 568/568/568 590/590/590 569/569/569
f 569/569/569 590/590/590 591/591/591
f 569/569/569 591/591/591 570/570/570
f 570/570/570 591/591/591 592/592/592
f 570/570/570 592/592/592 571/571/571
f 571/571/571 592/592/592 593/593/593
f 571/571/571 593/593/593 572/572/572
f 572/572/572 593/593/593 594/594/594
f 572/572/572 594/594/594 573/573/573
f 573/573/573 594/594/594 595/595/595
f 573/573/573 595/595/595 574/574/574
f 574/574/574 595/595/595 596/596/596
f 574/574/574 596/596/596 575/575/575
f 575/575/575 596/596/596 597/597/597
f 575/575/575 597/597/597 576/576/576
f 576/576/576 597/597/597 598/598/598
f 576/576/576 598/598/598 577/577/577
f 577/577/577 598/598/598 599/599/599
f 577/577/577 599/599/599 578/578/578
f 578/578/578 599/599/599 600/600/600
f 578/578/578 600/600/600 579/579/579
f 579/579/579 600/600/600 601/601/601
f 579/579/579 601/601/601 580/580/580
f 580/580/580 601/601/601 602/602/602
f 580/580/580 602/602/602 581/581/581
f 581/581/581 602/602/602 603/603/603
f 581/581/581 603/603/603 582/582/582
f 582/582/582 603/603/603 604/604/604
f 582/582/582 604/604/604 583/583/583
f 583/583/583 604/604/604 605/605/605
f 583/583/583 605/605/605 584/584/584
f 584/584/584 605/605/605 606/606/606
f 584/584/584 606/606/606 585/585/585
f 585/585/585 606/606/606 607/607/607
f 585/585/585 607/607/607 586/586/586
f 586/586/586 607/607/607 608/608/608
f 586/586/586 608/608/608 587/587/587
f 587/587/587 608/608/608 609/609/609
f 587/587/587 609/609/609 588/588/588
f 589/589/589 610/610/610 611/611/611
f 589/589/589 611/611/611 590/590/590
f 590/590/590 611/611/611 612/612/612
f 590/590/590 612/612/612 591/591/591
f 591/591/591 612/612/612 613/613/613
f 591/591/591 613/613/613 592/592/592
f 592/592/592 613/613/613 614/614/614
f 592/592/592 614/614/614 593/593/593
f 593/593/593 614/614/614 615/615/615
f 593/593/593 615/615/615 594/594/594
f 594/594/594 615/615/615 616/616/616
f 594/594/594 616/616/616 595/595/595
f 595/595/595 616/616/616 617/617/617
f 595/595/595 617/617/617 596/596/596
f 596/596/596 617/617/617 618/618/618
f 596/596/596 618/618/618 597/597/597
f 597/597/597 618/618/618 619/619/619
f 597/597/597 619/619/619 598/598/598
f 598/598/598 619/619/619 620/620/620
f 598/598/598 620/620/620 599/599/599
f 599/599/599 620/620/620 621/621/621
f 599/599/599 621/621/621 600/600/600
f 600/600/600 621/621/621 622/622/622
f 600/600/600 622/622/622 601/601/601
f 601/601/601 622/622/622 623/623/623
f 601/601/601 623/623/623 602/602/602
f 602/602/602 623/623/623 624/624/624
f 602/602/602 624/624/624 603/603/603
f 603/603/603 624/624/624 625/625/625
f 603/603/603 625/625/625 604/604/604
f 604/604/604 625/625/625 626/626/626
f 604/604/604 626/626/626 605/605/605
f 605/605/605 626/626/626 627/627/627
f 605/605/605 627/627/627 606/606/606
f 606/606/606 627/627/627 628/628/628
f 606/606/606 628/628/628 607/607/607
f 607/607/607 628/628/628 629/629/629
f 607/607/607 629/629/629 608/608/608
f 608/608/608 629/629/629 630/630/630
f 608/608/608 630/630/630 609/609/609
f 610/610/610 631/631/631 632/632/632
f 610/610/610 632/632/632 611/611/611
f 611/611/611 632/632/632 633/633/633
f 611/611/611 633/633/633 612/612/612
f 612/612/612 633/633/633 634/634/634
f 612/612/612 634/634/634 613/613/613
f 613/613/613 634/634/634 635/635/635
f 613/613/613 635/635/635 614/614/614
f 614/614/614 635/635/635 636/636/636
f 614/614/614 636/636/636 615/615/615
f 615/615/615 636/636/636 637/637/637
f 615/615/615 637/637/637 616/616/616
f 616/616/616 637/637/637 638/638/638
f 616/616/616 638/638/638 617/617/617
f 617/617/617 638/638/638 639/639/639
f 617/617/617 639/639/639 618/618/618
f 618/618/618 639/639/639 640/640/640
f 618/618/618 640/640/640 619/619/619
f 619/619/619 640/640/640 641/641/641
f 619/619/619 641/641/641 620/620/620
f 620/620/620 641/641/641 642/642/642
f 620/620/620 642/642/642 621/621/621
f 621/621/621 642/642/642 643/643/643
f 621/621/621 643/643/643 622/622/622
f 622/622/622 643/643/643 644/644/644
f 622/622/622 644/644/644 623/623/623
f 623/623/623 644/644/644 645/645/645
f 623/623/623 645/645/645 624/624/624
f 624/624/624 645/645/645 646/646/646
f 624/624/624 646/646/646 625/625/625
f 625/625/625 646/646/646 647/647/647
f 625/625/625 647/647/647 626/626/626
f 626/626/626 647/647/647 648/648/648
f 626/626/626 648/648/648 627/627/627
f 627/627/627 648/648/648 649/649/649
f 627/627/627 649/649/649 628/628/628
f 628/628/628 649/649/649 650/650/650
f 628/628/628 650/650/650 629/629/629
f 629/629/629 650/650/650 651/651/651
f 629/629/629 651/651/651 630/630/630
f 652/652/652 673/673/673 674/674/674
f 652/652/652 674/674/674 653/653/653
f 653/653/653 674/674/674 675/675/675
f 653/653/653 675/675/675 654/654/654
f 654/654/654 675/675/675 676/676/676
f 654/654/654 676/676/676 655/655/655
f 655/655/655 676/676/676 677/677/677
f 655/655/655 677/677/677 656/656/656
f 656/656/656 677/677/677 678/678/678
f 656/656/656 678/678/678 657/657/657
f 657/657/657 678/678/678 679/679/679
f 657/657/657 679/679/679 658/658/658
f 658/658/658 679/679/679 680/680/680
f 658/658/658 680/680/680 659/659/659
f 659/659/659 680/680/680 681/681/681
f 659/659/659 681/681/681 660/660/660
f 660/660/660 681/681/681 682/682/682
f 660/660/660 682/682/682 661/661/661
f 661/661/661 682/682/682 683/683/683
f 661/661/661 683/683/683 662/662/662
f 662/662/662 683/683/683 684/684/684
f 662/662/662 684/684/684 663/663/663
f 663/663/663 684/684/684 685/685/685
f 663/663/663 685/685/685 664/664/664
f 664/664/664 685/685/685 686/686/686
f 664/664/664 686/686/686 665/665/665
f 665/665/665 686/686/686 687/687/687
f 665/665/665 687/687/687 666/666/666
f 666/666/666 687/687/687 688/688/688
f 666/666/666 688/688/688 667/667/667
f 667/667/667 688/688/688 689/689/689
f 667/667/667 689/689/689 668/668/668
f 668/668/668 689/689/689 690/690/690
f 668/668/668 690/690/690 669/669/669
f 669/669/669 690/690/690 691/691/691
f 669/669/669 691/691/691 670/670/670
f 670/670/670 691/691/691 692/692/692
f 670/670/670 692/692/692 671/671/671
f 671/671/671 692/692/692 693/693/693
f 671/671/671 693/693/693 672/672/672
f 673/673/673 694/694/694 695/695/695
f 673/673/673 695/695/695 674/674/674
f 674/674/674 695/695/695 696/696/696
f 674/674/674 696/696/696 675/675/675
f 675/675/675 696/696/696 697/697/697
f 675/675/675 697/697/697 676/676/676
f 676/676/676 697/697/697 698/698/698
f 676/676/676 698/698/698 677/677/677
f 677/677/677 698/698/698 699/699/699
f 677/677/677 699/699/699 678/678/678
f 678/678/678 699/699/699 700/700/700
f 678/678/678 700/700/700 679/679/679
f 679/679/679 700/700/700 701/701/701
f 679/679/679 701/701/701 680/680/680
f 680/680/680 701/701/701 702/702/702
f 680/680/680 702/702/702 681/681/681
f 681/681/681 702/702/702 703/703/703
f 681/681/681 703/703/703 682/682/682
f 682/682/682 703/703/703 704/704/704
f 682/682/682 704/704/704 683/683/683
f 683/683/683 704/704/704 705/705/705
f 683/683/683 705/705/705 684/684/684
f 684/684/684 705/705/705 706/706/706
f 684/684/684 706/706/706 685/685/685
f 685/685/685 706/706/706 707/707/707
f 685/685/685 707/707/707 686/686/686
f 686/686/686 707/707/707 708/708/708
f 686/686/686 708/708/708 687/687/687
f 687/687/687 708/708/708 709/709/709
f 687/687/687 709/709/709 688/688/688
f 688/688/688 709/709/709 710/710/710
f 688/688/688 710/710/710 689/689/689
f 689/689/689 710/710/710 711/711/711
f 689/689/689 711/711/711 690/690/690
f 690/690/690 711/711/711 712/712/712
f 690/690/690 712/712/712 691/691/691
f 691/691/691 712/712/712 713/713/713
f 691/691/691 713/713/713 692/692/692
f 692/692/692 713/713/713 714/714/714
f 692/692/692 714/714/714 693/693/693
f 694/694/694 715/715/715 716/716/716
f 694/694/694 716/716/716 695/695/695
f 695/695/695 716/716/716 717/717/717
f 695/695/695 717/717/717 696/696/696
f 696/696/696 717/717/717 718/718/718
f 696/696/696 718/718/718 697/697/697
f 697/697/697 718/718/718 719/719/719
f 697/697/697 719/719/719 698/698/698
f 698/698/698 719/719/719 720/720/720
f 698/698/698 720/720/720 699/699/699
f 699/699/699 720/720/720 721/721/721
f 699/699/699 721/721/721 700/700/700
f 700/700/700 721/721/721 722/722/722
f 700/700/700 722/722/722 701/701/701
f 701/701/701 722/722/722 723/723/723
f 701/701/701 723/723/723 702/702/702
f 702/702/702 723/723/723 724/724/724
f 702/702/702 724/724/724 703/703/703
f 703/703/703 724/724/724 725/725/725
f 703/703/703 725/725/725 704/704/704
f 704/704/704 725/725/725 726/726/726
f 704/704/704 726/726/726 705/705/705
f 705/705/705 726/726/726 727/727/727
f 705/705/705 727/727/727 706/706/706
f 706/706/706 727/727/727 728/728/728
f 706/706/706 728/728/728 707/707/707
f 707/707/707 728/728/728 729/729/729
f 707/707/707 729/729/729 708/708/708
f 708/708/708 729/729/729 730/730/730
f 708/708/708 730/730/730 709/709/709
f 709/709/709 730/730/730 731/731/731
f 709/709/709 731/731/731 710/710/710
f 710/710/710 731/731/731 732/732/732
f 710/710/710 732/732/732 711/711/711
f 711/711/711 732/732/732 733/733/733
f 711/711/711 733/733/733 712/712/712
f 712/712/712 733/733/733 734/734/734
f 712/712/712 734/734/734 713/713/713
f 713/713/713 734/734/734 735/735/735
f 713/713/713 735/735/735 714/714/714
f 715/715/715 736/736/736 737/737/737
f 715/715/715 737/737/737 716/716/716
f 716/716/716 737/737/737 738/738/738
f 716/716/716 738/738/738 717/717/717
f 717/717/717 738/738/738 739/739/739
f 717/717/717 739/739/739 718/718/718
f 718/718/718 739/739/739 740/740/740
f 718/718/718 740/740/740 719/719/719
f 719/719/719 740/740/740 741/741/741
f 719/719/719 741/741/741 720/720/720
f 720/720/720 741/741/741 742/742/742
f 720/720/720 742/742/742 721/721/721
f 721/721/721 742/742/742 743/743/743
f 721/721/721 743/743/743 722/722/722
f 722/722/722 743/743/743 744/744/744
f 722/722/722 744/744/744 723/723/723
f 723/723/723 744/744/744 745/745/745
f 723/723/723 745/745/745 724/724/724
f 724/724/724 745/745/745 746/746/746
f 724/724/724 746/746/746 725/725/725
f 725/725/725 746/746/746 747/747/747
f 725/725/725 747/747/747 726/726/726
f 726/726/726 747/747/747 748/748/748
f 726/726/726 748/748/748 727/727/727
f 727/727/727 748/748/748 749/749/749
f 727/727/727 749/749/749 728/728/728
f 728/728/728 749/749/749 750/750/750
f 728/728/728 750/750/750 729/729/729
f 729/729/729 750/750/750 751/751/751
f 729/729/729 751/751/751 730/730/730
f 730/730/730 751/751/751 752/752/752
f 730/730/730 752/752/752 731/731/731
f 731/731/731 752/752/752 753/753/753
f 731/731/731 753/753/753 732/732/732
f 732/732/732 753/753/753 754/754/754
f 732/732/732 754/754/754 733/733/733
f 733/733/733 754/754/754 755/755/755
f 733/733/733 755/755/755 734/734/734
f 734/734/734 755/755/755 756/756/756
f 734/734/734 756/756/756 735/735/735
f 736/736/736 757/757/757 758/758/758
f 736/736/736 758/758/758 737/737/737
f 737/737/737 758/758/758 759/759/759
f 737/737/737 759/759/759 738/738/738
f 738/738/738 759/759/759 760/760/760
f 738/738/738 760/760/760 739/739/739
f 739/739/739 760/760/760 761/761/761
f 739/739/739 761/761/761 740/740/740
f 740/740/740 761/761/761 762/762/762
f 740/740/740 762/762/762 741/741/741
f 741/741/741 762/762/762 763/763/763
f 741/741/741 763/763/763 742/742/742
f 742/742/742 763/763/763 764/764/764
f 742/742/742 764/764/764 743/743/743
f 743/743/743 764/764/764 765/765/765
f 743/743/743 765/765/765 744/744/744
f 744/744/744 765/765/765 766/766/766
f 744/744/744 766/766/766 745/745/745
f 745/745/745 766/766/766 767/767/767
f 745/745/745 767/767/767 746/746/746
f 746/746/746 767/767/767 768/768/768
f 746/746/746 768/768/768 747/747/747
f 747/747/747 768/768/768 769/769/769
f 747/747/747 769/769/769 748/748/748
f 748/748/748 769/769/769 770/770/770
f 748/748/748 770/770/770 749/749/749
f 749/749/749 770/770/770 771/771/771
f 749/749/749 771/771/771 750/750/750
f 750/750/750 771/771/771 772/772/772
f 750/750/750 772/772/772 751/751/751
f 751/751/751 772/772/772 773/773/773
f 751/751/751 773/773/773 752/752/752
f 752/752/752 773/773/773 774/774/774
f 752/752/752 774/774/774 753/753/753
f 753/753/753 774/774/774 775/775/775
f 753/753/753 775/775/775 754/754/754
f 754/754/754 775/775/775 776/776/776
f 754/754/754 776/776/776 755/755/755
f 755/755/755 776/776/776 777/777/777
f 755/755/755 777/777/777 756/756/756
f 757/757/757 778/778/778 779/779/779
f 757/757/757 779/779/779 758/758/758
f 758/758/758 779/779/779 780/780/780
f 758/758/758 780/780/780 759/759/759
f 759/759/759 780/780/780 781/781/781
f 759/759/759 781/781/781 760/760/760
f 760/760/760 781/781/781 782/782/782
f 760/760/760 782/782/782 761/761/761
f 761/761/761 782/782/782 783/783/783
f 761/761/761 783/783/783 762/762/762
f 762/762/762 783/783/783 784/784/784
f 762/762/762 784/784/784 763/763/763
f 763/763/763 784/784/784 785/785/785
f 763/763/763 785/785/785 764/764/764
f 764/764/764 785/785/785 786/786/786
f 764/764/764 786/786/786 765/765/765
f 765/765/765 786/786/786 787/787/787
f 765/765/765 787/787/787 766/766/766
f 766/766/766 787/787/787 788/788/788
f 766/766/766 788/788/788 767/767/767
f 767/767/767 788/788/788 789/789/789
f 767/767/767 789/789/789 768/768/768
f 768/768/768 789/789/789 790/790/790
f 768/768/768 790/790/790 769/769/769
f 769/769/769 790/790/790 791/791/791
f 769/769/769 791/791/791 770/770/770
f 770/770/770 791/791/791 792/792/792
f 770/770/770 792/792/792 771/771/771
f 771/771/771 792/792/792 793/793/793
f 771/771/771 793/793/793 772/772/772
f 772/772/772 793/793/793 794/794/794
f 772/772/772 794/794/794 773/773/773
f 773/773/773 794/794/794 795/795/795
f 773/773/773 795/795/795 774/774/774
f 774/774/774 795/795/795 796/796/796
f 774/774/774 796/796/796 775/775/775
f 775/775/775 796/796/796 797/797/797
f 775/775/775 797/797/797 776/776/776
f 776/776/776 797/797/797 798/798/798
f 776/776/776 798/798/798 777/777/777
f 778/778/778 799/799/799 800/800/800
f 778/778/778 800/800/800 779/779/779
f 779/779/779 800/800/800 801/801/801
f 779/779/779 801/801/801 780/780/780
f 780/780/780 801/801/801 802/802/802
f 780/780/780 802/802/802 781/781/781
f 781/781/781 802/802/802 803/803/803
f 781/781/781 803/803/803 782/782/782
f 782/782/782 803/803/803 804/804/804
f 782/782/782 804/804/804 783/783/783
f 783/783/783 804/804/804 805/805/805
f 783/783/783 805/805/805 784/784/784
f 784/784/784 805/805/805 806/806/806
f 784/784/784 806/806/806 785/785/785
f 785/785/785 806/806/806 807/807/807
f 785/785/785 807/807/807 786/786/786
f 786/786/786 807/807/807 808/808/808
f 786/786/786 808/808/808 787/787/787
f 787/787/787 808/808/808 809/809/809
f 787/787/787 809/809/809 788/788/788
f 788/788/788 809/809/809 810/810/810
f 788/788/788 810/810/810 789/789/789
f 789/789/789 810/810/810 811/811/811
f 789/789/789 811/811/811 790/790/790
f 790/790/790 811/811/811 812/812/812
f 790/790/790 812/812/812 791/791/791
f 791/791/791 812/812/812 813/813/813
f 791/791/791 813/813/813 792/792/792
f 792/792/792 813/813/813 814/814/814
f 792/792/792 814/814/814 793/793/793
f 793/793/793 814/814/814 815/815/815
f 793/793/793 815/815/815 794/794/794
f 794/794/794 815/815/815 816/816/816
f 794/794/794 816/816/816 795/795/795
f 795/795/795 816/816/816 817/817/817
f 795/795/795 817/817/817 796/796/796
f 796/796/796 817/817/817 818/818/818
f 796/796/796 818/818/818 797/797/797
f 797/797/797 818/818/818 819/819/819
f 797/797/797 819/819/819 798/798/798
f 799/799/799 820/820/820 821/821/821
f 799/799/799 821/821/821 800/800/800
f 800/800/800 821/821/821 822/822/822
f 800/800/800 822/822/822 801/801/801
f 801/801/801 822/822/822 823/823/823
f 801/801/801 823/823/823 802/802/802
f 802/802/802 823/823/823 824/824/824
f 802/802/802 824/824/824 803/803/803
f 803/803/803 824/824/824 825/825/825
f 803/803/803 825/825/825 804/804/804
f 804/804/804 825/825/825 826/826/826
f 804/804/804 826/826/826 805/805/805
f 805/805/805 826/826/826 827/827/827
f 805/805/805 827/827/827 806/806/806
f 806/806/806 827/827/827 828/828/828
f 806/806/806 828/828/828 807/807/807
f 807/807/807 828/828/828 829/829/829
f 807/807/807 829/829/829 808/808/808
f 808/808/808 829/829/829 830/830/830
f 808/808/808 830/830/830 809/809/809
f 809/809/809 830/830/830 831/831/831
f 809/809/809 831/831/831 810/810/810
f 810/810/810 831/831/831 832/832/832
f 810/810/810 832/832/832 811/811/811
f 811/811/811 832/832/832 833/833/833
f 811/811/811 833/833/833 812/812/812
f 812/812/812 833/833/833 834/834/834
f 812/812/812 834/834/834 813/813/813
f 813/813/813 834/834/834 835/835/835
f 813/813/813 835/835/835 814/814/814
f 814/814/814 835/835/835 836/836/836
f 814/814/814 836/836/836 815/815/815
f 815/815/815 836/836/836 837/837/837
f 815/815/815 837/837/837 816/816/816
f 816/816/816 837/837/837 838/838/838
f 816/816/816 838/838/838 817/817/817
f 817/817/817 838/838/838 839/839/839
f 817/817/817 839/839/839 818/818/818
f 818/818/818 839/839/839 840/840/840
f 818/818/818 840/840/840 819/819/819
f 820/820/820 841/841/841 842/842/842
f 820/820/820 842/842/842 821/821/821
f 821/821/821 842/842/842 843/843/843
f 821/821/821 843/843/843 822/822/822
f 822/822/822 843/843/843 844/844/844
f 822/822/822 844/844/844 823/823/823
f 823/823/823 844/844/844 845/845/845
f 823/823/823 845/845/845 824/824/824
f 824/824/824 845/845/845 846/846/846
f 824/824/824 846/846/846 825/825/825
f 825/825/825 846/846/846 847/847/847
f 825/825/825 847/847/847 826/826/826
f 826/826/826 847/847/847 848/848/848
f 826/826/826 848/848/848 827/827/827
f 827/827/827 848/848/848 849/849/849
f 827/827/827 849/849/849 828/828/828
f 828/828/828 849/849/849 850/850/850
f 828/828/828 850/850/850 829/829/829
f 829/829/829 850/850/850 851/851/851
f 829/829/829 851/851/851 830/830/830
f 830/830/830 851/851/851 852/852/852
f 830/830/830 852/852/852 831/831/831
f 831/831/831 852/852/852 853/853/853
f 831/831/831 853/853/853 832/832/832
f 832/832/832 853/853/853 854/854/854
f 832/832/832 854/854/854 833/833/833
f 833/833/833 854/854/854 855/855/855
f 833/833/833 855/855/855 834/834/834
f 834/834/834 855/855/855 856/856/856
f 834/834/834 856/856/856 835/835/835
f 835/835/835 856/856/856 857/857/857
f 835/835/835 857/857/857 836/836/836
f 836/836/836 857/857/857 858/858/858
f 836/836/836 858/858/858 837/837/837
f 837/837/837 858/858/858 859/859/859
f 837/837/837 859/859/859 838/838/838
f 838/838/838 859/859/859 860/860/860
f 838/838/838 860/860/860 839/839/839
f 839/839/839 860/860/860 861/861/861
f 839/839/839 861/861/861 840/840/840
f 841/841/841 862/862/862 863/863/863
f 841/841/841 863/863/863 842/842/842
f 842/842/842 863/863/863 864/864/864
f 842/842/842 864/864/864 843/843/843
f 843/843/843 864/864/864 865/865/865
f 843/843/843 865/865/865 844/844/844
f 844/844/844 865/865/865 866/866/866
f 844/844/844 866/866/866 845/845/845
f 845/845/845 866/866/866 867/867/867
f 845/845/845 867/867/867 846/846/846
f 846/846/846 867/867/867 868/868/868
f 846/846/846 868/868/868 847/847/847
f 847/847/847 868/868/868 869/869/869
f 847/847/847 869/869/869 848/848/848
f 848/848/848 869/869/869 870/870/870
f 848/848/848 870/870/870 849/849/849
f 849/849/849 870/870/870 871/871/871
f 849/849/849 871/871/871 850/850/850
f 850/850/850 871/871/871 872/872/872
f 850/850/850 872/872/872 851/851/851
f 851/851/851 872/872/872 873/873/873
f 851/851/851 873/873/873 852/852/852
f 852/852/852 873/873/873 874/874/874
f 852/852/852 874/874/874 853/853/853
f 853/853/853 874/874/874 875/875/875
f 853/853/853 875/875/875 854/854/854
f 854/854/854 875/875/875 876/876/876
f 854/854/854 876/876/876 855/855/855
f 855/855/855 876/876/876 877/877/877
f 855/855/855 877/877/877 856/856/856
f 856/856/856 877/877/877 878/878/878
f 856/856/856 878/878/878 857/857/857
f 857/857/857 878/878/878 879/879/879
f 857/857/857 879/879/879 858/858/858
f 858/858/858 879/879/879 880/880/880
f 858/858/858 880/880/880 859/859/859
f 859/859/859 880/880/880 881/881/881
f 859/859/859 881/881/881 860/860/860
f 860/860/860 881/881/881 882/882/882
f 860/860/860 882/882/882 861/861/861
f 862/862/862 883/883/883 884/884/884
f 862/862/862 884/884/884 863/863/863
f 863/863/863 884/884/884 885/885/885
f 863/863/863 885/885/885 864/864/864
f 864/864/864 885/885/885 886/886/886
f 864/864/864 886/886/886 865/865/865
f 865/865/865 886/886/886 887/887/887
f 865/865/865 887/887/887 866/866/866
f 866/866/866 887/887/887 888/888/888
f 866/866/866 888/888/888 867/867/867
f 867/867/867 888/888/888 889/889/889
f 867/867/867 889/889/889 868/868/868
f 868/868/868 889/889/889 890/890/890
f 868/868/868 890/890/890 869/869/869
f 869/869/869 890/890/890 891/891/891
f 869/869/869 891/891/891 870/870/870
f 870/870/870 891/891/891 892/892/892
f 870/870/870 892/892/892 871/871/871
f 871/871/871 892/892/892 893/893/893
f 871/871/871 893/893/893 872/872/872
f 872/872/872 893/893/893 894/894/894
f 872/872/872 894/894/894 873/873/873
f 873/873/873 894/894/894 895/895/895
f 873/873/873 895/895/895 874/874/874
f 874/874/874 895/895/895 896/896/896
f 874/874/874 896/896/896 875/875/875
f 875/875/875 896/896/896 897/897/897
f 875/875/875 897/897/897 876/876/876
f 876/876/876 897/897/897 898/898/898
f 876/876/876 898/898/898 877/877/877
f 877/877/877 898/898/898 899/899/899
f 877/877/877 899/899/899 878/878/878
f 878/878/878 899/899/899 900/900/900
f 878/878/878 900/900/900 879/879/879
f 879/879/879 900/900/900 901/901/901
f 879/879/879 901/901/901 880/880/880
f 880/880/880 901/901/901 902/902/902
f 880/880/880 902/902/902 881/881/881
f 881/881/881 902/902/902 903/903/903
f 881/881/881 903/903/903 882/882/882
f 883/883/883 904/904/904 905/905/905
f 883/883/883 905/905/905 884/884/884
f 884/884/884 905/905/905 906/906/906
f 884/884/884 906/906/906 885/885/885
f 885/885/885 906/906/906 907/907/907
f 885/885/885 907/907/907 886/886/886
f 886/886/886 907/907/907 908/908/908
f 886/886/886 908/908/908 887/887/887
f 887/887/887 908/908/908 909/909/909
f 887/887/887 909/909/909 888/888/888
f 888/888/888 909/909/909 910/910/910
f 888/888/888 910/910/910 889/889/889
f 889/889/889 910/910/910 911/911/911
f 889/889/889 911/911/911 890/890/890
f 890/890/890 911/911/911 912/912/912
f 890/890/890 912/912/912 891/891/891
f 891/891/891 912/912/912 913/913/913
f 891/891/891 913/913/913 892/892/892
f 892/892/892 913/913/913 914/914/914
f 892/892/892 914/914/914 893/893/893
f 893/893/893 914/914/914 915/915/915
f 893/893/893 915/915/915 894/894/894
f 894/894/894 915/915/915 916/916/916
f 894/894/894 916/916/916 895/895/895
f 895/895/895 916/916/916 917/917/917
f 895/895/895 917/917/917 896/896/896
f 896/896/896 917/917/917 918/918/918
f 896/896/896 918/918/918 897/897/897
f 897/897/897 918/918/918 919/919/919
f 897/897/897 919/919/919 898/898/898
f 898/898/898 919/919/919 920/920/920
f 898/898/898 920/920/920 899/899/899
f 899/899/899 920/920/920 921/921/921
f 899/899/899 921/921/921 900/900/900
f 900/900/900 921/921/921 922/922/922
f 900/900/900 922/922/922 901/901/901
f 901/901/901 922/922/922 923/923/923
f 901/901/901 923/923/923 902/902/902
f 902/902/902 923/923/923 924/924/924
f 902/902/902 924/924/924 903/903/903
f 904/904/904 925/925/925 926/926/926
f 904/904/904 926/926/926 905/905/905
f 905/905/905 926/926/926 927/927/927
f 905/905/905 927/927/927 906/906/906
f 906/906/906 927/927/927 928/928/928
f 906/906/906 928/928/928 907/907/907
f 907/907/907 928/928/928 929/929/929
f 907/907/907 929/929/929 908/908/908
f 908/908/908 929/929/929 930/930/930
f 908/908/908 930/930/930 909/909/909
f 909/909/909 930/930/930 931/931/931
f 909/909/909 931/931/931 910/910/910
f 910/910/910 931/931/931 932/932/932
f 910/910/910 932/932/932 911/911/911
f 911/911/911 932/932/932 933/933/933
f 911/911/911 933/933/933 912/912/912
f 912/912/912 933/933/933 934/934/934
f 912/912/912 934/934/934 913/913/913
f 913/913/913 934/934/934 935/935/935
f 913/913/913 935/935/935 914/914/914
f 914/914/914 935/935/935 936/936/936
f 914/914/914 936/936/936 915/915/915
f 915/915/915 936/936/936 937/937/937
f 915/915/915 937/937/937 916/916/916
f 916/916/916 937/937/937 938/938/938
f 916/916/916 938/938/938 917/917/917
f 917/917/917 938/938/938 939/939/939
f 917/917/917 939/939/939 918/918/918
f 918/918/918 939/939/939 940/940/940
f 918/918/918 940/940/940 919/919/919
f 919/919/919 940/940/940 941/941/941
f 919/919/919 941/941/941 920/920/920
f 920/920/920 941/941/941 942/942/942
f 920/920/920 942/942/942 921/921/921
f 921/921/921 942/942/942 943/943/943
f 921/921/921 943/943/943 922/922/922
f 922/922/922 943/943/943 944/944/944
f 922/922/922 944/944/944 923/923/923
f 923/923/923 944/944/944 945/945/945
f 923/923/923 945/945/945 924/924/924
f 925/925/925 946/946/946 947/947/947
f 925/925/925 947/947/947 926/926/926
f 926/926/926 947/947/947 948/948/948
f 926/926/926 948/948/948 927/927/927
f 927/927/927 948/948/948 949/949/949
f 927/927/927 949/949/949 928/928/928
f 928/928/928 949/949/949 950/950/950
f 928/928/928 950/950/950 929/929/929
f 929/929/929 950/950/950 951/951/951
f 929/929/929 951/951/951 930/930/930
f 930/930/930 951/951/951 952/952/952
f 930/930/930 952/952/952 931/931/931
f 931/931/931 952/952/952 953/953/953
f 931/931/931 953/953/953 932/932/932
f 932/932/932 953/953/953 954/954/954
f 932/932/932 954/954/954 933/933/933
f 933/933/933 954/954/954 955/955/955
f 933/933/933 955/955/955 934/934/934
f 934/934/934 955/955/955 956/956/956
f 934/934/934 956/956/956 935/935/935
f 935/935/935 956/956/956 957/957/957
f 935/935/935 957/957/957 936/936/936
f 936/936/936 957/957/957 958/958/958
f 936/936/936 958/958/958 937/937/937
f 937/937/937 958/958/958 959/959/959
f 937/937/937 959/959/959 938/938/938
f 938/938/938 959/959/959 960/960/960
f 938/938/938 960/960/960 939/939/939
f 939/939/939 960/960/960 961/961/961
f 939/939/939 961/961/961 940/940/940
f 940/940/940 961/961/961 962/962/962
f 940/940/940 962/962/962 941/941/941
f 941/941/941 962/962/962 963/963/963
f 941/941/941 963/963/963 942/942/942
f 942/942/942 963/963/963 964/964/964
f 942/942/942 964/964/964 943/943/943
f 943/943/943 964/964/964 965/965/965
f 943/943/943 965/965/965 944/944/944
f 944/944/944 965/965/965 966/966/966
f 944/944/944 966/966/966 945/945/945
f 946/946/946 967/967/967 968/968/968
f 946/946/946 968/968/968 947/947/947
f 947/947/947 968/968/968 969/969/969
f 947/947/947 969/969/969 948/948/948
f 948/948/948 969/969/969 970/970/970
f 948/948/948 970/970/970 949/949/949
f 949/949/949 970/970/970 971/971/971
f 949/949/949 971/971/971 950/950/950
f 950/950/950 971/971/971 972/972/972
f 950/950/950 972/972/972 951/951/951
f 951/951/951 972/972/972 973/973/973
f 951/951/951 973/973/973 952/952/952
f 952/952/952 973/973/973 974/974/974
f 952/952/952 974/974/974 953/953/953
f 953/953/953 974/974/974 975/975/975
f 953/953/953 975/975/975 954/954/954
f 954/954/954 975/975/975 976/976/976
f 954/954/954 976/976/976 955/955/955
f 955/955/955 976/976/976 977/977/977
f 955/955/955 977/977/977 956/956/956
f 956/956/956 977/977/977 978/978/978
f 956/956/956 978/978/978 957/957/957
f 957/957/957 978/978/978 979/979/979
f 957/957/957 979/979/979 958/958/958
f 958/958/958 979/979/979 980/980/980
f 958/958/958 980/980/980 959/959/959
f 959/959/959 980/980/980 981/981/981
f 959/959/959 981/981/981 960/960/960
f 960/960/960 981/981/981 982/982/982
f 960/960/960 982/982/982 961/961/961
f 961/961/961 982/982/982 983/983/983
f 961/961/961 983/983/983 962/962/962
f 962/962/962 983/983/983 984/984/984
f 962/962/962 984/984/984 963/963/963
f 963/963/963 984/984/984 985/985/985
f 963/963/963 985/985/985 964/964/964
f 964/964/964 985/985/985 986/986/986
f 964/964/964 986/986/986 965/965/965
f 965/965/965 986/986/986 987/987/987
f 965/965/965 987/987/987 966/966/966
f 967/967/967 988/988/988 989/989/989
f 967/967/967 989/989/989 968/968/968
f 968/968/968 989/989/989 990/990/990
f 968/968/968 990/990/990 969/969/969
f 969/969/969 990/990/990 991/991/991
f 969/969/969 991/991/991 970/970/970
f 970/970/970 991/991/991 992/992/992
f 970/970/970 992/992/992 971/971/971
f 971/971/971 992/992/992 993/993/993
f 971/971/971 993/993/993 972/972/972
f 972/972/972 993/993/993 994/994/994
f 972/972/972 994/994/994 973/973/973
f 973/973/973 994/994/994 995/995/995
f 973/973/973 995/995/995 974/974/974
f 974/974/974 995/995/995 996/996/996
f 974/974/974 996/996/996 975/975/975
f 975/975/975 996/996/996 997/997/997
f 975/975/975 997/997/997 976/976/976
f 976/976/976 997/997/997 998/998/998
f 976/976/976 998/998/998 977/977/977
f 977/977/977 998/998/998 999/999/999
f 977/977/977 999/999/999 978/978/978
f 978/978/978 999/999/999 1000/1000/1000
f 978/978/978 1000/1000/1000 979/979/979
f 979/979/979 1000/1000/1000 1001/1001/1001
f 979/979/979 1001/1001/1001 980/980/980
f 980/980/980 1001/1001/1001 1002/1002/1002
f 980/980/980 1002/1002/1002 981/981/981
f 981/981/981 1002/1002/1002 1003/1003/1003
f 981/981/981 1003/1003/1003 982/982/982
f 982/982/982 1003/1003/1003 1004/1004/1004
f 982/982/982 1004/1004/1004 983/983/983
f 983/983/983 1004/1004/1004 1005/1005/1005
f 983/983/983 1005/1005/1005 984/984/984
f 984/984/984 1005/1005/1005 1006/1006/1006
f 984/984/984 1006/1006/1006 985/985/985
f 985/985/985 1006/1006/1006 1007/1007/1007
f 985/985/985 1007/1007/1007 986/986/986
f 986/986/986 1007/1007/1007 1008/1008/1008
f 986/986/986 1008/1008/1008 987/987/987
f 988/988/988 1009/1009/1009 1010/1010/1010
f 988/988/988 1010/1010/1010 989/989/989
f 989/989/989 1010/1010/1010 1011/1011/1011
f 989/989/989 1011/1011/1011 990/990/990
f 990/990/990 1011/1011/1011 1012/1012/1012
f 990/990/990 1012/1012/1012 991/991/991
f 991/991/991 1012/1012/1012 1013/1013/1013
f 991/991/991 1013/1013/1013 992/992/992
f 992/992/992 1013/1013/1013 1014/1014/1014
f 992/992/992 1014/1014/1014 993/993/993
f 993/993/993 1014/1014/1014 1015/1015/1015
f 993/993/993 1015/1015/1015 994/994/994
f 994/994/994 1015/1015/1015 1016/1016/1016
f 994/994/994 1016/1016/1016 995/995/995
f 995/995/995 1016/1016/1016 1017/1017/1017
f 995/995/995 1017/1017/1017 996/996/996
f 996/996/996 1017/1017/1017 1018/1018/1018
f 996/996/996 1018/1018/1018 997/997/997
f 997/997/997 1018/1018/1018 1019/1019/1019
f 997/997/997 1019/1019/1019 998/998/998
f 998/998/998 1019/1019/1019 1020/1020/1020
f 998/998/998 1020/1020/1020 999/999/999
f 999/999/999 1020/1020/1020 1021/1021/1021
f 999/999/999 1021/1021/1021 1000/1000/1000
f 1000/1000/1000 1021/1021/1021 1022/1022/1022
f 1000/1000/1000 1022/1022/1022 1001/1001/1001
f 1001/1001/1001 1022/1022/1022 1023/1023/1023
f 1001/1001/1001 1023/1023/1023 1002/1002/1002
f 1002/1002/1002 1023/1023/1023 1024/1024/1024
f 1002/1002/1002 1024/1024/1024 1003/1003/1003
f 1003/1003/1003 1024/1024/1024 1025/1025/1025
f 1003/1003/1003 1025/1025/1025 1004/1004/1004
f 1004/1004/1004 1025/1025/1025 1026/1026/1026
f 1004/1004/1004 1026/1026/1026 1005/1005/1005
f 1005/1005/1005 1026/1026/1026 1027/1027/1027
f 1005/1005/1005 1027/1027/1027 1006/1006/1006
f 1006/1006/1006 1027/1027/1027 1028/1028/1028
f 1006/1006/1006 1028/1028/1028 1007/1007/1007
f 1007/1007/1007 1028/1028/1028 1029/1029/1029
f 1007/1007/1007 1029/1029/1029 1008/1008/1008
f 1009/1009/1009 1030/1030/1030 1031/1031/1031
f 1009/1009/1009 1031/1031/1031 1010/1010/1010
f 1010/1010/1010 1031/1031/1031 1032/1032/1032
f 1010/1010/1010 1032/1032/1032 1011/1011/1011
f 1011/1011/1011 1032/1032/1032 1033/1033/1033
f 1011/1011/1011 1033/1033/1033 1012/1012/1012
f 1012/1012/1012 1033/1033/1033 1034/1034/1034
f 1012/1012/1012 1034/1034/1034 1013/1013/1013
f 1013/1013/1013 1034/1034/1034 1035/1035/1035
f 1013/1013/1013 1035/1035/1035 1014/1014/1014
f 1014/1014/1014 1035/1035/1035 1036/1036/1036
f 1014/1014/1014 1036/1036/1036 1015/1015/1015
f 1015/1015/1015 1036/1036/1036 1037/1037/1037
f 1015/1015/1015 1037/1037/1037 1016/1016/1016
f 1016/1016/1016 1037/1037/1037 1038/1038/1038
f 1016/1016/1016 1038/1038/1038 1017/1017/1017
f 1017/1017/1017 1038/1038/1038 1039/1039/1039
f 1017/1017/1017 1039/1039/1039 1018/1018/1018
f 1018/1018/1018 1039/1039/1039 1040/1040/1040
f 1018/1018/1018 1040/1040/1040 1019/1019/1019
f 1019/1019/1019 1040/1040/1040 1041/1041/1041
f 1019/1019/1019 1041/1041/1041 1020/1020/1020
f 1020/1020/1020 1041/1041/1041 1042/1042/1042
f 1020/1020/1020 1042/1042/1042 1021/1021/1021
f 1021/1021/1021 1042/1042/1042 1043/1043/1043
f 1021/1021/1021 1043/1043/1043 1022/1022/1022
f 1022/1022/1022 1043/1043/1043 1044/1044/1044
f 1022/1022/1022 1044/1044/1044 1023/1023/1023
f 1023/1023/1023 1044/1044/1044 1045/1045/1045
f 1023/1023/1023 1045/1045/1045 1024/1024/1024
f 1024/1024/1024 1045/1045/1045 1046/1046/1046
f 1024/1024/1024 1046/1046/1046 1025/1025/1025
f 1025/1025/1025 1046/1046/1046 1047/1047/1047
f 1025/1025/1025 1047/1047/1047 1026/1026/1026
f 1026/1026/1026 1047/1047/1047 1048/1048/1048
f 1026/1026/1026 1048/1048/1048 1027/1027/1027
f 1027/1027/1027 1048/1048/1048 1049/1049/1049
f 1027/1027/1027 1049/1049/1049 1028/1028/1028
f 1028/1028/1028 1049/1049/1049 1050/1050/1050
f 1028/1028/1028 1050/1050/1050 1029/1029/1029
f 1030/1030/1030 1051/1051/1051 1052/1052/1052
f 1030/1030/1030 1052/1052/1052 1031/1031/1031
f 1031/1031/1031 1052/1052/1052 1053/1053/1053
f 1031/1031/1031 1053/1053/1053 1032/1032/1032
f 1032/1032/1032 1053/1053/1053 1054/1054/1054
f 1032/1032/1032 1054/1054/1054 1033/1033/1033
f 1033/1033/1033 1054/1054/1054 1055/1055/1055
f 1033/1033/1033 1055/1055/1055 1034/1034/1034
f 1034/1034/1034 1055/1055/1055 1056/1056/1056
f 1034/1034/1034 1056/1056/1056 1035/1035/1035
f 1035/1035/1035 1056/1056/1056 1057/1057/1057
f 1035/1035/1035 1057/1057/1057 1036/1036/1036
f 1036/1036/1036 1057/1057/1057 1058/1058/1058
f 1036/1036/1036 1058/1058/1058 1037/1037/1037
f 1037/1037/1037 1058/1058/1058 1059/1059/1059
f 1037/1037/1037 1059/1059/1059 1038/1038/1038
f 1038/1038/1038 1059/1059/1059 1060/1060/1060
f 1038/1038/1038 1060/1060/1060 1039/1039/1039
f 1039/1039/1039 1060/1060/1060 1061/1061/1061
f 1039/1039/1039 1061/1061/1061 1040/1040/1040
f 1040/1040/1040 1061/1061/1061 1062/1062/1062
f 1040/1040/1040 1062/1062/1062 1041/1041/1041
f 1041/1041/1041 1062/1062/1062 1063/1063/1063
f 1041/1041/1041 1063/1063/1063 1042/1042/1042
f 1042/1042/1042 1063/1063/1063 1064/1064/1064
f 1042/1042/1042 1064/1064/1064 1043/1043/1043
f 1043/1043/1043 1064/1064/1064 1065/1065/1065
f 1043/1043/1043 1065/1065/1065 1044/1044/1044
f 1044/1044/1044 1065/1065/1065 1066/1066/1066
f 1044/1044/1044 1066/1066/1066 1045/1045/1045
f 1045/1045/1045 1066/1066/1066 1067/1067/1067
f 1045/1045/1045 1067/1067/1067 1046/1046/1046
f 1046/1046/1046 1067/1067/1067 1068/1068/1068
f 1046/1046/1046 1068/1068/1068 1047/1047/1047
f 1047/1047/1047 1068/1068/1068 1069/1069/1069
f 1047/1047/1047 1069/1069/1069 1048/1048/1048
f 1048/1048/1048 1069/1069/1069 1070/1070/1070
f 1048/1048/1048 1070/1070/1070 1049/1049/1049
f 1049/1049/1049 1070/1070/1070 1071/1071/1071
f 1049/1049/1049 1071/1071/1071 1050/1050/1050
f 1051/1051/1051 1072/1072/1072 1073/1073/1073
f 1051/1051/1051 1073/1073/1073 1052/1052/1052
f 1052/1052/1052 1073/1073/1073 1074/1074/1074
f 1052/1052/1052 1074/1074/1074 1053/1053/1053
f 1053/1053/1053 1074/1074/1074 1075/1075/1075
f 1053/1053/1053 1075/1075/1075 1054/1054/1054
f 1054/1054/1054 1075/1075/1075 1076/1076/1076
f 1054/1054/1054 1076/1076/1076 1055/1055/1055
f 1055/1055/1055 1076/1076/1076 1077/1077/1077
f 1055/1055/1055 1077/1077/1077 1056/1056/1056
f 1056/1056/1056 1077/1077/1077 1078/1078/1078
f 1056/1056/1056 1078/1078/1078 1057/1057/1057
f 1057/1057/1057 1078/1078/1078 1079/1079/1079
f 1057/1057/1057 1079/1079/1079 1058/1058/1058
f 1058/1058/1058 1079/1079/1079 1080/1080/1080
f 1058/1058/1058 1080/1080/1080 1059/1059/1059
f 1059/1059/1059 1080/1080/1080 1081/1081/1081
f 1059/1059/1059 1081/1081/1081 1060/1060/1060
f 1060/1060/1060 1081/1081/1081 1082/1082/1082
f 1060/1060/1060 1082/1082/1082 1061/1061/1061
f 1061/1061/1061 1082/1082/1082 1083/1083/1083
f 1061/1061/1061 1083/1083/1083 1062/1062/1062
f 1062/1062/1062 1083/1083/1083 1084/1084/1084
f 1062/1062/1062 1084/1084/1084 1063/1063/1063
f 1063/1063/1063 1084/1084/1084 1085/1085/1085
f 1063/1063/1063 1085/1085/1085 1064/1064/1064
f 1064/1064/1064 1085/1085/1085 1086/1086/1086
f 1064/1064/1064 1086/1086/1086 1065/1065/1065
f 1065/1065/1065 1086/1086/1086 1087/1087/1087
f 1065/1065/1065 1087/1087/1087 1066/1066/1066
f 1066/1066/1066 1087/1087/1087 1088/1088/1088
f 1066/1066/1066 1088/1088/1088 1067/1067/1067
f 1067/1067/1067 1088/1088/1088 1089/1089/1089
f 1067/1067/1067 1089/1089/1089 1068/1068/1068
f 1068/1068/1068 1089/1089/1089 1090/1090/1090
f 1068/1068/1068 1090/1090/1090 1069/1069/1069
f 1069/1069/1069 1090/1090/1090 1091/1091/1091
f 1069/1069/1069 1091/1091/1091 1070/1070/1070
f 1070/1070/1070 1091/1091/1091 1092/1092/1092
f 1070/1070/1070 1092/1092/1092 1071/1071/1071
f 1072/1072/1072 1093/1093/1093 1094/1094/1094
f 1072/1072/1072 1094/1094/1094 1073/1073/1073
f 1073/1073/1073 1094/1094/1094 1095/1095/1095
f 1073/1073/1073 1095/1095/1095 1074/1074/1074
f 1074/1074/1074 1095/1095/1095 1096/1096/1096
f 1074/1074/1074 1096/1096/1096 1075/1075/1075
f 1075/1075/1075 1096/1096/1096 1097/1097/1097
f 1075/1075/1075 1097/1097/1097 1076/1076/1076
f 1076/1076/1076 1097/1097/1097 1098/1098/1098
f 1076/1076/1076 1098/1098/1098 1077/1077/1077
f 1077/1077/1077 1098/1098/1098 1099/1099/1099
f 1077/1077/1077 1099/1099/1099 1078/1078/1078
f 1078/1078/1078 1099/1099/1099 1100/1100/1100
f 1078/1078/1078 1100/1100/1100 1079/1079/1079
f 1079/1079/1079 1100/1100/1100 1101/1101/1101
f 1079/1079/1079 1101/1101/1101 1080/1080/1080
f 1080/1080/1080 1101/1101/1101 1102/1102/1102
f 1080/1080/1080 1102/1102/1102 1081/1081/1081
f 1081/1081/1081 1102/1102/1102 1103/1103/1103
f 1081/1081/1081 1103/1103/1103 1082/1082/1082
f 1082/1082/1082 1103/1103/1103 1104/1104/1104
f 1082/1082/1082 1104/1104/1104 1083/1083/1083
f 1083/1083/1083 1104/1104/1104 1105/1105/1105
f 1083/1083/1083 1105/1105/1105 1084/1084/1084
f 1084/1084/1084 1105/1105/1105 1106/1106/1106
f 1084/1084/1084 1106/1106/1106 1085/1085/1085
f 1085/1085/1085 1106/1106/1106 1107/1107/1107
f 1085/1085/1085 1107/1107/1107 1086/1086/1086
f 1086/1086/1086 1107/1107/1107 1108/1108/1108
f 1086/1086/1086 1108/1108/1108 1087/1087/1087
f 1087/1087/1087 1108/1108/1108 1109/1109/1109
f 1087/1087/1087 1109/1109/1109 1088/1088/1088
f 1088/1088/1088 1109/1109/1109 1110/1110/1110
f 1088/1088/1088 1110/1110/1110 1089/1089/1089
f 1089/1089/1089 1110/1110/1110 1111/1111/1111
f 1089/1089/1089 1111/1111/1111 1090/1090/1090
f 1090/1090/1090 1111/1111/1111 1112/1112/1112
f 1090/1090/1090 1112/1112/1112 1091/1091/1091
f 1091/1091/1091 1112/1112/1112 1113/1113/1113
f 1091/1091/1091 1113/1113/1113 1092/1092/1092
f 1093/1093/1093 1114/1114/1114 1115/1115/1115
f 1093/1093/1093 1115/1115/1115 1094/1094/1094
f 1094/1094/1094 1115/1115/1115 1116/1116/1116
f 1094/1094/1094 1116/1116/1116 1095/1095/1095
f 1095/1095/1095 1116/1116/1116 1117/1117/1117
f 1095/1095/1095 1117/1117/1117 1096/1096/1096
f 1096/1096/1096 1117/1117/1117 1118/1118/1118
f 1096/1096/1096 1118/1118/1118 1097/1097/1097
f 1097/1097/1097 1118/1118/1118 1119/1119/1119
f 1097/1097/1097 1119/1119/1119 1098/1098/1098
f 1098/1098/1098 1119/1119/1119 1120/1120/1120
f 1098/1098/1098 1120/1120/1120 1099/1099/1099
f 1099/1099/1099 1120/1120/1120 1121/1121/1121
f 1099/1099/1099 1121/1121/1121 1100/1100/1100
f 1100/1100/1100 1121/1121/1121 1122/1122/1122
f 1100/1100/1100 1122/1122/1122 1101/1101/1101
f 1101/1101/1101 1122/1122/1122 1123/1123/1123
f 1101/1101/1101 1123/1123/1123 1102/1102/1102
f 1102/1102/1102 1123/1123/1123 1124/1124/1124
f 1102/1102/1102 1124/1124/1124 1103/1103/1103
f 1103/1103/1103 1124/1124/1124 1125/1125/1125
f 1103/1103/1103 1125/1125/1125 1104/1104/1104
f 1104/1104/1104 1125/1125/1125 1126/1126/1126
f 1104/1104/1104 1126/1126/1126 1105/1105/1105
f 1105/1105/1105 1126/1126/1126 1127/1127/1127
f 1105/1105/1105 1127/1127/1127 1106/1106/1106
f 1106/1106/1106 1127/1127/1127 1128/1128/1128
f 1106/1106/1106 1128/1128/1128 1107/1107/1107
f 1107/1107/1107 1128/1128/1128 1129/1129/1129
f 1107/1107/1107 1129/1129/1129 1108/1108/1108
f 1108/1108/1108 1129/1129/1129 1130/1130/1130
f 1108/1108/1108 1130/1130/1130 1109/1109/1109
f 1109/1109/1109 1130/1130/1130 1131/1131/1131
f 1109/1109/1109 1131/1131/1131 1110/1110/1110
f 1110/1110/1110 1131/1131/1131 1132/1132/1132
f 1110/1110/1110 1132/1132/1132 1111/1111/1111
f 1111/1111/1111 1132/1132/1132 1133/1133/1133
f 1111/1111/1111 1133/1133/1133 1112/1112/1112
f 1112/1112/1112 1133/1133/1133 1134/1134/1134
f 1112/1112/1112 1134/1134/1134 1113/1113/1113
f 1114/1114/1114 1135/1135/1135 1136/1136/1136
f 1114/1114/1114 1136/1136/1136 1115/1115/1115
f 1115/1115/1115 1136/1136/1136 1137/1137/1137
f 1115/1115/1115 1137/1137/1137 1116/1116/1116
f 1116/1116/1116 1137/1137/1137 1138/1138/1138
f 1116/1116/1116 1138/1138/1138 1117/1117/1117
f 1117/1117/1117 1138/1138/1138 1139/1139/1139
f 1117/1117/1117 1139/1139/1139 1118/1118/1118
f 1118/1118/1118 1139/1139/1139 1140/1140/1140
f 1118/1118/1118 1140/1140/1140 1119/1119/1119
f 1119/1119/1119 1140/1140/1140 1141/1141/1141
f 1119/1119/1119 1141/1141/1141 1120/1120/1120
f 1120/1120/1120 1141/1141/1141 1142/1142/1142
f 1120/1120/1120 1142/1142/1142 1121/1121/1121
f 1121/1121/1121 1142/1142/1142 1143/1143/1143
f 1121/1121/1121 1143/1143/1143 1122/1122/1122
f 1122/1122/1122 1143/1143/1143 1144/1144/1144
f 1122/1122/1122 1144/1144/1144 1123/1123/1123
f 1123/1123/1123 1144/1144/1144 1145/1145/1145
f 1123/1123/1123 1145/1145/1145 1124/1124/1124
f 1124/1124/1124 1145/1145/1145 1146/1146/1146
f 1124/1124/1124 1146/1146/1146 1125/1125/1125
f 1125/1125/1125 1146/1146/1146 1147/1147/1147
f 1125/1125/1125 1147/1147/1147 1126/1126/1126
f 1126/1126/1126 1147/1147/1147 1148/1148/1148
f 1126/1126/1126 1148/1148/1148 1127/1127/1127
f 1127/1127/1127 1148/1148/1148 1149/1149/1149
f 1127/1127/1127 1149/1149/1149 1128/1128/1128
f 1128/1128/1128 1149/1149/1149 1150/1150/1150
f 1128/1128/1128 1150/1150/1150 1129/1129/1129
f 1129/1129/1129 1150/1150/1150 1151/1151/1151
f 1129/1129/1129 1151/1151/1151 1130/1130/1130
f 1130/1130/1130 1151/1151/1151 1152/1152/1152
f 1130/1130/1130 1152/1152/1152 1131/1131/1131
f 1131/1131/1131 1152/1152/1152 1153/1153/1153
f 1131/1131/1131 1153/1153/1153 1132/1132/1132
f 1132/1132/1132 1153/1153/1153 1154/1154/1154
f 1132/1132/1132 1154/1154/1154 1133/1133/1133
f 1133/1133/1133 1154/1154/1154 1155/1155/1155
f 1133/1133/1133 1155/1155/1155 1134/1134/1134
f 1135/1135/1135 1156/1156/1156 1157/1157/1157
f 1135/1135/1135 1157/1157/1157 1136/1136/1136
f 1136/1136/1136 1157/1157/1157 1158/1158/1158
f 1136/1136/1136 1158/1158/1158 1137/1137/1137
f 1137/1137/1137 1158/1158/1158 1159/1159/1159
f 1137/1137/1137 1159/1159/1159 1138/1138/1138
f 1138/1138/1138 1159/1159/1159 1160/1160/1160
f 1138/1138/1138 1160/1160/1160 1139/1139/1139
f 1139/1139/1139 1160/1160/1160 1161/1161/1161
f 1139/1139/1139 1161/1161/1161 1140/1140/1140
f 1140/1140/1140 1161/1161/1161 1162/1162/1162
f 1140/1140/1140 1162/1162/1162 1141/1141/1141
f 1141/1141/1141 1162/1162/1162 1163/1163/1163
f 1141/1141/1141 1163/1163/1163 1142/1142/1142
f 1142/1142/1142 1163/1163/1163 1164/1164/1164
f 1142/1142/1142 1164/1164/1164 1143/1143/1143
f 1143/1143/1143 1164/1164/1164 1165/1165/1165
f 1143/1143/1143 1165/1165/1165 1144/1144/1144
f 1144/1144/1144 1165/1165/1165 1166/1166/1166
f 1144/1144/1144 1166/1166/1166 1145/1145/1145
f 1145/1145/1145 1166/1166/1166 1167/1167/1167
f 1145/1145/1145 1167/1167/1167 1146/1146/1146
f 1146/1146/1146 1167/1167/1167 1168/1168/1168
f 1146/1146/1146 1168/1168/1168 1147/1147/1147
f 1147/1147/1147 1168/1168/1168 1169/1169/1169
f 1147/1147/1147 1169/1169/1169 1148/1148/1148
f 1148/1148/1148 1169/1169/1169 1170/1170/1170
f 1148/1148/1148 1170/1170/1170 1149/1149/1149
f 1149/1149/1149 1170/1170/1170 1171/1171/1171
f 1149/1149/1149 1171/1171/1171 1150/1150/1150
f 1150/1150/1150 1171/1171/1171 1172/1172/1172
f 1150/1150/1150 1172/1172/1172 1151/1151/1151
f 1151/1151/1151 1172/1172/1172 1173/1173/1173
f 1151/1151/1151 1173/1173/1173 1152/1152/1152
f 1152/1152/1152 1173/1173/1173 1174/1174/1174
f 1152/1152/1152 1174/1174/1174 1153/1153/1153
f 1153/1153/1153 1174/1174/1174 1175/1175/1175
f 1153/1153/1153 1175/1175/1175 1154/1154/1154
f 1154/1154/1154 1175/1175/1175 1176/1176/1176
f 1154/1154/1154 1176/1176/1176 1155/1155/1155
f 1156/1156/1156 1177/1177/1177 1178/1178/1178
f 1156/1156/1156 1178/1178/1178 1157/1157/1157
f 1157/1157/1157 1178/1178/1178 1179/1179/1179
f 1157/1157/1157 1179/1179/1179 1158/1158/1158
f 1158/1158/1158 1179/1179/1179 1180/1180/1180
f 1158/1158/1158 1180/1180/1180 1159/1159/1159
f 1159/1159/1159 1180/1180/1180 1181/1181/1181
f 1159/1159/1159 1181/1181/1181 1160/1160/1160
f 1160/1160/1160 1181/1181/1181 1182/1182/1182
f 1160/1160/1160 1182/1182/1182 1161/1161/1161
f 1161/1161/1161 1182/1182/1182 1183/1183/1183
f 1161/1161/1161 1183/1183/1183 1162/1162/1162
f 1162/1162/1162 1183/1183/1183 1184/1184/1184
f 1162/1162/1162 1184/1184/1184 1163/1163/1163
f 1163/1163/1163 1184/1184/1184 1185/1185/1185
f 1163/1163/1163 1185/1185/1185 1164/1164/1164
f 1164/1164/1164 1185/1185/1185 1186/1186/1186
f 1164/1164/1164 1186/1186/1186 1165/1165/1165
f 1165/1165/1165 1186/1186/1186 1187/1187/1187
f 1165/1165/1165 1187/1187/1187 1166/1166/1166
f 1166/1166/1166 1187/1187/1187 1188/1188/1188
f 1166/1166/1166 1188/1188/1188 1167/1167/1167
f 1167/1167/1167 1188/1188/1188 1189/1189/1189
f 1167/1167/1167 1189/1189/1189 1168/1168/1168
f 1168/1168/1168 1189/1189/1189 1190/1190/1190
f 1168/1168/1168 1190/1190/1190 1169/1169/1169
f 1169/1169/1169 1190/1190/1190 1191/1191/1191
f 1169/1169/1169 1191/1191/1191 1170/1170/1170
f 1170/1170/1170 1191/1191/1191 1192/1192/1192
f 1170/1170/1170 1192/1192/1192 1171/1171/1171
f 1171/1171/1171 1192/1192/1192 1193/1193/1193
f 1171/1171/1171 1193/1193/1193 1172/1172/1172
f 1172/1172/1172 1193/1193/1193 1194/1194/1194
f 1172/1172/1172 1194/1194/1194 1173/1173/1173
f 1173/1173/1173 1194/1194/1194 1195/1195/1195
f 1173/1173/1173 1195/1195/1195 1174/1174/1174
f 1174/1174/1174 1195/1195/1195 1196/1196/1196
f 1174/1174/1174 1196/1196/1196 1175/1175/1175
f 1175/1175/1175 1196/1196/1196 1197/1197/1197
f 1175/1175/1175 1197/1197/1197 1176/1176/1176
f 1177/1177/1177 1198/1198/1198 1199/1199/1199
f 1177/1177/1177 1199/1199/1199 1178/1178/1178
f 1178/1178/1178 1199/1199/1199 1200/1200/1200
f 1178/1178/1178 1200/1200/1200 1179/1179/1179
f 1179/1179/1179 1200/1200/1200 1201/1201/1201
f 1179/1179/1179 1201/1201/1201 1180/1180/1180
f 1180/1180/1180 1201/1201/1201 1202/1202/1202
f 1180/1180/1180 1202/1202/1202 1181/1181/1181
f 1181/1181/1181 1202/1202/1202 1203/1203/1203
f 1181/1181/1181 1203/1203/1203 1182/1182/1182
f 1182/1182/1182 1203/1203/1203 1204/1204/1204
f 1182/1182/1182 1204/1204/1204 1183/1183/1183
f 1183/1183/1183 1204/1204/1204 1205/1205/1205
f 1183/1183/1183 1205/1205/1205 1184/1184/1184
f 1184/1184/1184 1205/1205/1205 1206/1206/1206
f 1184/1184/1184 1206/1206/1206 1185/1185/1185
f 1185/1185/1185 1206/1206/1206 1207/1207/1207
f 1185/1185/1185 1207/1207/1207 1186/1186/1186
f 1186/1186/1186 1207/1207/1207 1208/1208/1208
f 1186/1186/1186 1208/1208/1208 1187/1187/1187
f 1187/1187/1187 1208/1208/1208 1209/1209/1209
f 1187/1187/1187 1209/1209/1209 1188/1188/1188
f 1188/1188/1188 1209/1209/1209 1210/1210/1210
f 1188/1188/1188 1210/1210/1210 1189/1189/1189
f 1189/1189/1189 1210/1210/1210 1211/1211/1211
f 1189/1189/1189 1211/1211/1211 1190/1190/1190
f 1190/1190/1190 1211/1211/1211 1212/1212/1212
f 1190/1190/1190 1212/1212/1212 1191/1191/1191
f 1191/1191/1191 1212/1212/1212 1213/1213/1213
f 1191/1191/1191 1213/1213/1213 1192/1192/1192
f 1192/1192/1192 1213/1213/1213 1214/1214/1214
f 1192/1192/1192 1214/1214/1214 1193/1193/1193
f 1193/1193/1193 1214/1214/1214 1215/1215/1215
f 1193/1193/1193 1215/1215/1215 1194/1194/1194
f 1194/1194/1194 1215/1215/1215 1216/1216/1216
f 1194/1194/1194 1216/1216/1216 1195/1195/1195
f 1195/1195/1195 1216/1216/1216 1217/1217/1217
f 1195/1195/1195 1217/1217/1217 1196/1196/1196
f 1196/1196/1196 1217/1217/1217 1218/1218/1218
f 1196/1196/1196 1218/1218/1218 1197/1197/1197
f 1198/1198/1198 1219/1219/1219 1220/1220/1220
f 1198/1198/1198 1220/1220/1220 1199/1199/1199
f 1199/1199/1199 1220/1220/1220 1221/1221/1221
f 1199/1199/1199 1221/1221/1221 1200/1200/1200
f 1200/1200/1200 1221/1221/1221 1222/1222/1222
f 1200/1200/1200 1222/1222/1222 1201/1201/1201
f 1201/1201/1201 1222/1222/1222 1223/1223/1223
f 1201/1201/1201 1223/1223/1223 1202/1202/1202
f 1202/1202/1202 1223/1223/1223 1224/1224/1224
f 1202/1202/1202 1224/1224/1224 1203/1203/1203
f 1203/1203/1203 1224/1224/1224 1225/1225/1225
f 1203/1203/1203 1225/1225/1225 1204/1204/1204
f 1204/1204/1204 1225/1225/1225 1226/1226/1226
f 1204/1204/1204 1226/1226/1226 1205/1205/1205
f 1205/1205/1205 1226/1226/1226 1227/1227/1227
f 1205/1205/1205 1227/1227/1227 1206/1206/1206
f 1206/1206/1206 1227/1227/1227 1228/1228/1228
f 1206/1206/1206 1228/1228/1228 1207/1207/1207
f 1207/1207/1207 1228/1228/1228 1229/1229/1229
f 1207/1207/1207 1229/1229/1229 1208/1208/1208
f 1208/1208/1208 1229/1229/1229 1230/1230/1230
f 1208/1208/1208 1230/1230/1230 1209/1209/1209
f 1209/1209/1209 1230/1230/1230 1231/1231/1231
f 1209/1209/1209 1231/1231/1231 1210/1210/1210
f 1210/1210/1210 1231/1231/1231 1232/1232/1232
f 1210/1210/1210 1232/1232/1232 1211/1211/1211
f 1211/1211/1211 1232/1232/1232 1233/1233/1233
f 1211/1211/1211 1233/1233/1233 1212/1212/1212
f 1212/1212/1212 1233/1233/1233 1234/1234/1234
f 1212/1212/1212 1234/1234/1234 1213/1213/1213
f 1213/1213/1213 1234/1234/1234 1235/1235/1235
f 1213/1213/1213 1235/1235/1235 1214/1214/1214
f 1214/1214/1214 1235/1235/1235 1236/1236/1236
f 1214/1214/1214 1236/1236/1236 1215/1215/1215
f 1215/1215/1215 1236/1236/1236 1237/1237/1237
f 1215/1215/1215 1237/1237/1237 1216/1216/1216
f 1216/1216/1216 1237/1237/1237 1238/1238/1238
f 1216/1216/1216 1238/1238/1238 1217/1217/1217
f 1217/1217/1217 1238/1238/1238 1239/1239/1239
f 1217/1217/1217 1239/1239/1239 1218/1218/1218
f 1219/1219/1219 1240/1240/1240 1241/1241/1241
f 1219/1219/1219 1241/1241/1241 1220/1220/1220
f 1220/1220/1220 1241/1241/1241 1242/1242/1242
f 1220/1220/1220 1242/1242/1242 1221/1221/1221
f 1221/1221/1221 1242/1242/1242 1243/1243/1243
f 1221/1221/1221 1243/1243/1243 1222/1222/1222
f 1222/1222/1222 1243/1243/1243 1244/1244/1244
f 1222/1222/1222 1244/1244/1244 1223/1223/1223
f 1223/1223/1223 1244/1244/1244 1245/1245/1245
f 1223/1223/1223 1245/1245/1245 1224/1224/1224
f 1224/1224/1224 1245/1245/1245 1246/1246/1246
f 1224/1224/1224 1246/1246/1246 1225/1225/1225
f 1225/1225/1225 1246/1246/1246 1247/1247/1247
f 1225/1225/1225 1247/1247/1247 1226/1226/1226
f 1226/1226/1226 1247/1247/1247 1248/1248/1248
f 1226/1226/1226 1248/1248/1248 1227/1227/1227
f 1227/1227/1227 1248/1248/1248 1249/1249/1249
f 1227/1227/1227 1249/1249/1249 1228/1228/1228
f 1228/1228/1228 1249/1249/1249 1250/1250/1250
f 1228/1228/1228 1250/1250/1250 1229/1229/1229
f 1229/1229/1229 1250/1250/1250 1251/1251/1251
f 1229/1229/1229 1251/1251/1251 1230/1230/1230
f 1230/1230/1230 1251/1251/1251 1252/1252/1252
f 1230/1230/1230 1252/1252/1252 1231/1231/1231
f 1231/1231/1231 1252/1252/1252 1253/1253/1253
f 1231/1231/1231 1253/1253/1253 1232/1232/1232
f 1232/1232/1232 1253/1253/1253 1254/1254/1254
f 1232/1232/1232 1254/1254/1254 1233/1233/1233
f 1233/1233/1233 1254/1254/1254 1255/1255/1255
f 1233/1233/1233 1255/1255/1255 1234/1234/1234
f 1234/1234/1234 1255/1255/1255 1256/1256/1256
f 1234/1234/1234 1256/1256/1256 1235/1235/1235
f 1235/1235/1235 1256/1256/1256 1257/1257/1257
f 1235/1235/1235 1257/1257/1257 1236/1236/1236
f 1236/1236/1236 1257/1257/1257 1258/1258/1258
f 1236/1236/1236 1258/1258/1258 1237/1237/1237
f 1237/1237/1237 1258/1258/1258 1259/1259/1259
f 1237/1237/1237 1259/1259/1259 1238/1238/1238
f 1238/1238/1238 1259/1259/1259 1260/1260/1260
f 1238/1238/1238 1260/1260/1260 1239/1239/1239
f 1240/1240/1240 1261/1261/1261 1262/1262/1262
f 1240/1240/1240 1262/1262/1262 1241/1241/1241
f 1241/1241/1241 1262/1262/1262 1263/1263/1263
f 1241/1241/1241 1263/1263/1263 1242/1242/1242
f 1242/1242/1242 1263/1263/1263 1264/1264/1264
f 1242/1242/1242 1264/1264/1264 1243/1243/1243
f 1243/1243/1243 1264/1264/1264 1265/1265/1265
f 1243/1243/1243 1265/1265/1265 1244/1244/1244
f 1244/1244/1244 1265/1265/1265 1266/1266/1266
f 1244/1244/1244 1266/1266/1266 1245/1245/1245
f 1245/1245/1245 1266/1266/1266 1267/1267/1267
f 1245/1245/1245 1267/1267/1267 1246/1246/1246
f 1246/1246/1246 1267/1267/1267 1268/1268/1268
f 1246/1246/1246 1268/1268/1268 1247/1247/1247
f 1247/1247/1247 1268/1268/1268 1269/1269/1269
f 1247/1247/1247 1269/1269/1269 1248/1248/1248
f 1248/1248/1248 1269/1269/1269 1270/1270/1270
f 1248/1248/1248 1270/1270/1270 1249/1249/1249
f 1249/1249/1249 1270/1270/1270 1271/1271/1271
f 1249/1249/1249 1271/1271/1271 1250/1250/1250
f 1250/1250/1250 1271/1271/1271 1272/1272/1272
f 1250/1250/1250 1272/1272/1272 1251/1251/1251
f 1251/1251/1251 1272/1272/1272 1273/1273/1273
f 1251/1251/1251 1273/1273/1273 1252/1252/1252
f 1252/1252/1252 1273/1273/1273 1274/1274/1274
f 1252/1252/1252 1274/1274/1274 1253/1253/1253
f 1253/1253/1253 1274/1274/1274 1275/1275/1275
f 1253/1253/1253 1275/1275/1275 1254/1254/1254
f 1254/1254/1254 1275/1275/1275 1276/1276/1276
f 1254/1254/1254 1276/1276/1276 1255/1255/1255
f 1255/1255/1255 1276/1276/1276 1277/1277/1277
f 1255/1255/1255 1277/1277/1277 1256/1256/1256
f 1256/1256/1256 1277/1277/1277 1278/1278/1278
f 1256/1256/1256 1278/1278/1278 1257/1257/1257
f 1257/1257/1257 1278/1278/1278 1279/1279/1279
f 1257/1257/1257 1279/1279/1279 1258/1258/1258
f 1258/1258/1258 1279/1279/1279 1280/1280/1280
f 1258/1258/1258 1280/1280/1280 1259/1259/1259
f 1259/1259/1259 1280/1280/1280 1281/1281/1281
f 1259/1259/1259 1281/1281/1281 1260/1260/1260
f 1261/1261/1261 1282/1282/1282 1283/1283/1283
f 1261/1261/1261 1283/1283/1283 1262/1262/1262
f 1262/1262/1262 1283/1283/1283 1284/1284/1284
f 1262/1262/1262 1284/1284/1284 1263/1263/1263
f 1263/1263/1263 1284/1284/1284 1285/1285/1285
f 1263/1263/1263 1285/1285/1285 1264/1264/1264
f 1264/1264/1264 1285/1285/1285 1286/1286/1286
f 1264/1264/1264 1286/1286/1286 1265/1265/1265
f 1265/1265/1265 1286/1286/1286 1287/1287/1287
f 1265/1265/1265 1287/1287/1287 1266/1266/1266
f 1266/1266/1266 1287/1287/1287 1288/1288/1288
f 1266/1266/1266 1288/1288/1288 1267/1267/1267
f 1267/1267/1267 1288/1288/1288 1289/1289/1289
f 1267/1267/1267 1289/1289/1289 1268/1268/1268
f 1268/1268/1268 1289/1289/1289 1290/1290/1290
f 1268/1268/1268 1290/1290/1290 1269/1269/1269
f 1269/1269/1269 1290/1290/1290 1291/1291/1291
f 1269/1269/1269 1291/1291/1291 1270/1270/1270
f 1270/1270/1270 1291/1291/1291 1292/1292/1292
f 1270/1270/1270 1292/1292/1292 1271/1271/1271
f 1271/1271/1271 1292/1292/1292 1293/1293/1293
f 1271/1271/1271 1293/1293/1293 1272/1272/1272
f 1272/1272/1272 1293/1293/1293 1294/1294/1294
f 1272/1272/1272 1294/1294/1294 1273/1273/1273
f 1273/1273/1273 1294/1294/1294 1295/1295/1295
f 1273/1273/1273 1295/1295/1295 1274/1274/1274
f 1274/1274/1274 1295/1295/1295 1296/1296/1296
f 1274/1274/1274 1296/1296/1296 1275/1275/1275
f 1275/1275/1275 1296/1296/1296 1297/1297/1297
f 1275/1275/1275 1297/1297/1297 1276/1276/1276
f 1276/1276/1276 1297/1297/1297 1298/1298/1298
f 1276/1276/1276 1298/1298/1298 1277/1277/1277
f 1277/1277/1277 1298/1298/1298 1299/1299/1299
f 1277/1277/1277 1299/1299/1299 1278/1278/1278
f 1278/1278/1278 1299/1299/1299 1300/1300/1300
f 1278/1278/1278 1300/1300/1300 1279/1279/1279
f 1279/1279/1279 1300/1300/1300 1301/1301/1301
f 1279/1279/1279 1301/1301/1301 1280/1280/1280
f 1280/1280/1280 1301/1301/1301 1302/1302/1302
f 1280/1280/1280 1302/1302/1302 1281/1281/1281
f 1303/1303/1303 1324/1324/1324 1325/1325/1325
f 1303/1303/1303 1325/1325/1325 1304/1304/1304
f 1304/1304/1304 1325/1325/1325 1326/1326/1326
f 1304/1304/1304 1326/1326/1326 1305/1305/1305
f 1305/1305/1305 1326/1326/1326 1327/1327/1327
f 1305/1305/1305 1327/1327/1327 1306/1306/1306
f 1306/1306/1306 1327/1327/1327 1328/1328/1328
f 1306/1306/1306 1328/1328/1328 1307/1307/1307
f 1307/1307/1307 1328/1328/1328 1329/1329/1329
f 1307/1307/1307 1329/1329/1329 1308/1308/1308
f 1308/1308/1308 1329/1329/1329 1330/1330/1330
f 1308/1308/1308 1330/1330/1330 1309/1309/1309
f 1309/1309/1309 1330/1330/1330 1331/1331/1331
f 1309/1309/1309 1331/1331/1331 1310/1310/1310
f 1310/1310/1310 1331/1331/1331 1332/1332/1332
f 1310/1310/1310 1332/1332/1332 1311/1311/1311
f 1311/1311/1311 1332/1332/1332 1333/1333/1333
f 1311/1311/1311 1333/1333/1333 1312/1312/1312
f 1312/1312/1312 1333/1333/1333 1334/1334/1334
f 1312/1312/1312 1334/1334/1334 1313/1313/1313
f 1313/1313/1313 1334/1334/1334 1335/1335/1335
f 1313/1313/1313 1335/1335/1335 1314/1314/1314
f 1314/1314/1314 1335/1335/1335 1336/1336/1336
f 1314/1314/1314 1336/1336/1336 1315/1315/1315
f 1315/1315/1315 1336/1336/1336 1337/1337/1337
f 1315/1315/1315 1337/1337/1337 1316/1316/1316
f 1316/1316/1316 1337/1337/1337 1338/1338/1338
f 1316/1316/1316 1338/1338/1338 1317/1317/1317
f 1317/1317/1317 1338/1338/1338 1339/1339/1339
f 1317/1317/1317 1339/1339/1339 1318/1318/1318
f 1318/1318/1318 1339/1339/1339 1340/1340/1340
f 1318/1318/1318 1340/1340/1340 1319/1319/1319
f 1319/1319/1319 1340/1340/1340 1341/1341/1341
f 1319/1319/1319 1341/1341/1341 1320/1320/1320
f 1320/1320/1320 1341/1341/1341 1342/1342/1342
f 1320/1320/1320 1342/1342/1342 1321/1321/1321
f 1321/1321/1321 1342/1342/1342 1343/1343/1343
f 1321/1321/1321 1343/1343/1343 1322/1322/1322
f 1322/1322/1322 1343/1343/1343 1344/1344/1344
f 1322/1322/1322 1344/1344/1344 1323/1323/1323
f 1324/1324/1324 1345/1345/1345 1346/1346/1346
f 1324/1324/1324 1346/1346/1346 1325/1325/1325
f 1325/1325/1325 1346/1346/1346 1347/1347/1347
f 1325/1325/1325 1347/1347/1347 1326/1326/1326
f 1326/1326/1326 1347/1347/1347 1348/1348/1348
f 1326/1326/1326 1348/1348/1348 1327/1327/1327
f 1327/1327/1327 1348/1348/1348 1349/1349/1349
f 1327/1327/1327 1349/1349/1349 1328/1328/1328
f 1328/1328/1328 1349/1349/1349 1350/1350/1350
f 1328/1328/1328 1350/1350/1350 1329/1329/1329
f 1329/1329/1329 1350/1350/1350 1351/1351/1351
f 1329/1329/1329 1351/1351/1351 1330/1330/1330
f 1330/1330/1330 1351/1351/1351 1352/1352/1352
f 1330/1330/1330 1352/1352/1352 1331/1331/1331
f 1331/1331/1331 1352/1352/1352 1353/1353/1353
f 1331/1331/1331 1353/1353/1353 1332/1332/1332
f 1332/1332/1332 1353/1353/1353 1354/1354/1354
f 1332/1332/1332 1354/1354/1354 1333/1333/1333
f 1333/1333/1333 1354/1354/1354 1355/1355/1355
f 1333/1333/1333 1355/1355/1355 1334/1334/1334
f 1334/1334/1334 1355/1355/1355 1356/1356/1356
f 1334/1334/1334 1356/1356/1356 1335/1335/1335
f 1335/1335/1335 1356/1356/1356 1357/1357/1357
f 1335/1335/1335 1357/1357/1357 1336/1336/1336
f 1336/1336/1336 1357/1357/1357 1358/1358/1358
f 1336/1336/1336 1358/1358/1358 1337/1337/1337
f 1337/1337/1337 1358/1358/1358 1359/1359/1359
f 1337/1337/1337 1359/1359/1359 1338/1338/1338
f 1338/1338/1338 1359/1359/1359 1360/1360/1360
f 1338/1338/1338 1360/1360/1360 1339/1339/1339
f 1339/1339/1339 1360/1360/1360 1361/1361/1361
f 1339/1339/1339 1361/1361/1361 1340/1340/1340
f 1340/1340/1340 1361/1361/1361 1362/1362/1362
f 1340/1340/1340 1362/1362/1362 1341/1341/1341
f 1341/1341/1341 1362/1362/1362 1363/1363/1363
f 1341/1341/1341 1363/1363/1363 1342/1342/1342
f 1342/1342/1342 1363/1363/1363 1364/1364/1364
f 1342/1342/1342 1364/1364/1364 1343/1343/1343
f 1343/1343/1343 1364/1364/1364 1365/1365/1365
f 1343/1343/1343 1365/1365/1365 1344/1344/1344
f 1345/1345/1345 1366/1366/1366 1367/1367/1367
f 1345/1345/1345 1367/1367/1367 1346/1346/1346
f 1346/1346/1346 1367/1367/1367 1368/1368/1368
f 1346/1346/1346 1368/1368/1368 1347/1347/1347
f 1347/1347/1347 1368/1368/1368 1369/1369/1369
f 1347/1347/1347 1369/1369/1369 1348/1348/1348
f 1348/1348/1348 1369/1369/1369 1370/1370/1370
f 1348/1348/1348 1370/1370/1370 1349/1349/1349
f 1349/1349/1349 1370/1370/1370 1371/1371/1371
f 1349/1349/1349 1371/1371/1371 1350/1350/1350
f 1350/1350/1350 1371/1371/1371 1372/1372/1372
f 1350/1350/1350 1372/1372/1372 1351/1351/1351
f 1351/1351/1351 1372/1372/1372 1373/1373/1373
f 1351/1351/1351 1373/1373/1373 1352/1352/1352
f 1352/1352/1352 1373/1373/1373 1374/1374/1374
f 1352/1352/1352 1374/1374/1374 1353/1353/1353
f 1353/1353/1353 1374/1374/1374 1375/1375/1375
f 1353/1353/1353 1375/1375/1375 1354/1354/1354
f 1354/1354/1354 1375/1375/1375 1376/1376/1376
f 1354/1354/1354 1376/1376/1376 1355/1355/1355
f 1355/1355/1355 1376/1376/1376 1377/1377/1377
f 1355/1355/1355 1377/1377/1377 1356/1356/1356
f 1356/1356/1356 1377/1377/1377 1378/1378/1378
f 1356/1356/1356 1378/1378/1378 1357/1357/1357
f 1357/1357/1357 1378/1378/1378 1379/1379/1379
f 1357/1357/1357 1379/1379/1379 1358/1358/1358
f 1358/1358/1358 1379/1379/1379 1380/1380/1380
f 1358/1358/1358 1380/1380/1380 1359/1359/1359
f 1359/1359/1359 1380/1380/1380 1381/1381/1381
f 1359/1359/1359 1381/1381/1381 1360/1360/1360
f 1360/1360/1360 1381/1381/1381 1382/1382/1382
f 1360/1360/1360 1382/1382/1382 1361/1361/1361
f 1361/1361/1361 1382/1382/1382 1383/1383/1383
f 1361/1361/1361 1383/1383/1383 1362/1362/1362
f 1362/1362/1362 1383/1383/1383 1384/1384/1384
f 1362/1362/1362 1384/1384/1384 1363/1363/1363
f 1363/1363/1363 1384/1384/1384 1385/1385/1385
f 1363/1363/1363 1385/1385/1385 1364/1364/1364
f 1364/1364/1364 1385/1385/1385 1386/1386/1386
f 1364/1364/1364 1386/1386/1386 1365/1365/1365
f 1366/1366/1366 1387/1387/1387 1388/1388/1388
f 1366/1366/1366 1388/1388/1388 1367/1367/1367
f 1367/1367/1367 1388/1388/1388 1389/1389/1389
f 1367/1367/1367 1389/1389/1389 1368/1368/1368
f 1368/1368/1368 1389/1389/1389 1390/1390/1390
f 1368/1368/1368 1390/1390/1390 1369/1369/1369
f 1369/1369/1369 1390/1390/1390 1391/1391/1391
f 1369/1369/1369 1391/1391/1391 1370/1370/1370
f 1370/1370/1370 1391/1391/1391 1392/1392/1392
f 1370/1370/1370 1392/1392/1392 1371/1371/1371
f 1371/1371/1371 1392/1392/1392 1393/1393/1393
f 1371/1371/1371 1393/1393/1393 1372/1372/1372
f 1372/1372/1372 1393/1393/1393 1394/1394/1394
f 1372/1372/1372 1394/1394/1394 1373/1373/1373
f 1373/1373/1373 1394/1394/1394 1395/1395/1395
f 1373/1373/1373 1395/1395/1395 1374/1374/1374
f 1374/1374/1374 1395/1395/1395 1396/1396/1396
f 1374/1374/1374 1396/1396/1396 1375/1375/1375
f 1375/1375/1375 1396/1396/1396 1397/1397/1397
f 1375/1375/1375 1397/1397/1397 1376/1376/1376
f 1376/1376/1376 1397/1397/1397 1398/1398/1398
f 1376/1376/1376 1398/1398/1398 1377/1377/1377
f 1377/1377/1377 1398/1398/1398 1399/1399/1399
f 1377/1377/1377 1399/1399/1399 1378/1378/1378
f 1378/1378/1378 1399/1399/1399 1400/1400/1400
f 1378/1378/1378 1400/1400/1400 1379/1379/1379
f 1379/1379/1379 1400/1400/1400 1401/1401/1401
f 1379/1379/1379 1401/1401/1401 1380/1380/1380
f 1380/1380/1380 1401/1401/1401 1402/1402/1402
f 1380/1380/1380 1402/1402/1402 1381/1381/1381
f 1381/1381/1381 1402/1402/1402 1403/1403/1403
f 1381/1381/1381 1403/1403/1403 1382/1382/1382
f 1382/1382/1382 1403/1403/1403 1404/1404/1404
f 1382/1382/1382 1404/1404/1404 1383/1383/1383
f 1383/1383/1383 1404/1404/1404 1405/1405/1405
f 1383/1383/1383 1405/1405/1405 1384/1384/1384
f 1384/1384/1384 1405/1405/1405 1406/1406/1406
f 1384/1384/1384 1406/1406/1406 1385/1385/1385
f 1385/1385/1385 1406/1406/1406 1407/1407/1407
f 1385/1385/1385 1407/1407/1407 1386/1386/1386
f 1387/1387/1387 1408/1408/1408 1409/1409/1409
f 1387/1387/1387 1409/1409/1409 1388/1388/1388
f 1388/1388/1388 1409/1409/1409 1410/1410/1410
f 1388/1388/1388 1410/1410/1410 1389/1389/1389
f 1389/1389/1389 1410/1410/1410 1411/1411/1411
f 1389/1389/1389 1411/1411/1411 1390/1390/1390
f 1390/1390/1390 1411/1411/1411 1412/1412/1412
f 1390/1390/1390 1412/1412/1412 1391/1391/1391
f 1391/1391/1391 1412/1412/1412 1413/1413/1413
f 1391/1391/1391 1413/1413/1413 1392/1392/1392
f 1392/1392/1392 1413/1413/1413 1414/1414/1414
f 1392/1392/1392 1414/1414/1414 1393/1393/1393
f 1393/1393/1393 1414/1414/1414 1415/1415/1415
f 1393/1393/1393 1415/1415/1415 1394/1394/1394
f 1394/1394/1394 1415/1415/1415 1416/1416/1416
f 1394/1394/1394 1416/1416/1416 1395/1395/1395
f 1395/1395/1395 1416/1416/1416 1417/1417/1417
f 1395/1395/1395 1417/1417/1417 1396/1396/1396
f 1396/1396/1396 1417/1417/1417 1418/1418/1418
f 1396/1396/1396 1418/1418/1418 1397/1397/1397
f 1397/1397/1397 1418/1418/1418 1419/1419/1419
f 1397/1397/1397 1419/1419/1419 1398/1398/1398
f 1398/1398/1398 1419/1419/1419 1420/1420/1420
f 1398/1398/1398 1420/1420/1420 1399/1399/1399
f 1399/1399/1399 1420/1420/1420 1421/1421/1421
f 1399/1399/1399 1421/1421/1421 1400/1400/1400
f 1400/1400/1400 1421/1421/1421 1422/1422/1422
f 1400/1400/1400 1422/1422/1422 1401/1401/1401
f 1401/1401/1401 1422/1422/1422 1423/1423/1423
f 1401/1401/1401 1423/1423/1423 1402/1402/1402
f 1402/1402/1402 1423/1423/1423 1424/1424/1424
f 1402/1402/1402 1424/1424/1424 1403/1403/1403
f 1403/1403/1403 1424/1424/1424 1425/1425/1425
f 1403/1403/1403 1425/1425/1425 1404/1404/1404
f 1404/1404/1404 1425/1425/1425 1426/1426/1426
f 1404/1404/1404 1426/1426/1426 1405/1405/1405
f 1405/1405/1405 1426/1426/1426 1427/1427/1427
f 1405/1405/1405 1427/1427/1427 1406/1406/1406
f 1406/1406/1406 1427/1427/1427 1428/1428/1428
f 1406/1406/1406 1428/1428/1428 1407/1407/1407
f 1408/1408/1408 1429/1429/1429 1430/1430/1430
f 1408/1408/1408 1430/1430/1430 1409/1409/1409
f 1409/1409/1409 1430/1430/1430 1431/1431/1431
f 1409/1409/1409 1431/1431/1431 1410/1410/1410
f 1410/1410/1410 1431/1431/1431 1432/1432/1432
f 1410/1410/1410 1432/1432/1432 1411/1411/1411
f 1411/1411/1411 1432/1432/1432 1433/1433/1433
f 1411/1411/1411 1433/1433/1433 1412/1412/1412
f 1412/1412/1412 1433/1433/1433 1434/1434/1434
f 1412/1412/1412 1434/1434/1434 1413/1413/1413
f 1413/1413/1413 1434/1434/1434 1435/1435/1435
f 1413/1413/1413 1435/1435/1435 1414/1414/1414
f 1414/1414/1414 1435/1435/1435 1436/1436/1436
f 1414/1414/1414 1436/1436/1436 1415/1415/1415
f 1415/1415/1415 1436/1436/1436 1437/1437/1437
f 1415/1415/1415 1437/1437/1437 1416/1416/1416
f 1416/1416/1416 1437/1437/1437 1438/1438/1438
f 1416/1416/1416 1438/1438/1438 1417/1417/1417
f 1417/1417/1417 1438/1438/1438 1439/1439/1439
f 1417/1417/1417 1439/1439/1439 1418/1418/1418
f 1418/1418/1418 1439/1439/1439 1440/1440/1440
f 1418/1418/1418 1440/1440/1440 1419/1419/1419
f 1419/1419/1419 1440/1440/1440 1441/1441/1441
f 1419/1419/1419 1441/1441/1441 1420/1420/1420
f 1420/1420/1420 1441/1441/1441 1442/1442/1442
f 1420/1420/1420 1442/1442/1442 1421/1421/1421
f 1421/1421/1421 1442/1442/1442 1443/1443/1443
f 1421/1421/1421 1443/1443/1443 1422/1422/1422
f 1422/1422/1422 1443/1443/1443 1444/1444/1444
f 1422/1422/1422 1444/1444/1444 1423/1423/1423
f 1423/1423/1423 1444/1444/1444 1445/1445/1445
f 1423/1423/1423 1445/1445/1445 1424/1424/1424
f 1424/1424/1424 1445/1445/1445 1446/1446/1446
f 1424/1424/1424 1446/1446/1446 1425/1425/1425
f 1425/1425/1425 1446/1446/1446 1447/1447/1447
f 1425/1425/1425 1447/1447/1447 1426/1426/1426
f 1426/1426/1426 1447/1447/1447 1448/1448/1448
f 1426/1426/1426 1448/1448/1448 1427/1427/1427
f 1427/1427/1427 1448/1448/1448 1449/1449/1449
f 1427/1427/1427 1449/1449/1449 1428/1428/1428
f 1429/1429/1429 1450/1450/1450 1451/1451/1451
f 1429/1429/1429 1451/1451/1451 1430/1430/1430
f 1430/1430/1430 1451/1451/1451 1452/1452/1452
f 1430/1430/1430 1452/1452/1452 1431/1431/1431
f 1431/1431/1431 1452/1452/1452 1453/1453/1453
f 1431/1431/1431 1453/1453/1453 1432/1432/1432
f 1432/1432/1432 1453/1453/1453 1454/1454/1454
f 1432/1432/1432 1454/1454/1454 1433/1433/1433
f 1433/1433/1433 1454/1454/1454 1455/1455/1455
f 1433/1433/1433 1455/1455/1455 1434/1434/1434
f 1434/1434/1434 1455/1455/1455 1456/1456/1456
f 1434/1434/1434 1456/1456/1456 1435/1435/1435
f 1435/1435/1435 1456/1456/1456 1457/1457/1457
f 1435/1435/1435 1457/1457/1457 1436/1436/1436
f 1436/1436/1436 1457/1457/1457 1458/1458/1458
f 1436/1436/1436 1458/1458/1458 1437/1437/1437
f 1437/1437/1437 1458/1458/1458 1459/1459/1459
f 1437/1437/1437 1459/1459/1459 1438/1438/1438
f 1438/1438/1438 1459/1459/1459 1460/1460/1460
f 1438/1438/1438 1460/1460/1460 1439/1439/1439
f 1439/1439/1439 1460/1460/1460 1461/1461/1461
f 1439/1439/1439 1461/1461/1461 1440/1440/1440
f 1440/1440/1440 1461/1461/1461 1462/1462/1462
f 1440/1440/1440 1462/1462/1462 1441/1441/1441
f 1441/1441/1441 1462/1462/1462 1463/1463/1463
f 1441/1441/1441 1463/1463/1463 1442/1442/1442
f 1442/1442/1442 1463/1463/1463 1464/1464/1464
f 1442/1442/1442 1464/1464/1464 1443/1443/1443
f 1443/1443/1443 1464/1464/1464 1465/1465/1465
f 1443/1443/1443 1465/1465/1465 1444/1444/1444
f 1444/1444/1444 1465/1465/1465 1466/1466/1466
f 1444/1444/1444 1466/1466/1466 1445/1445/1445
f 1445/1445/1445 1466/1466/1466 1467/1467/1467
f 1445/1445/1445 1467/1467/1467 1446/1446/1446
f 1446/1446/1446 1467/1467/1467 1468/1468/1468
f 1446/1446/1446 1468/1468/1468 1447/1447/1447
f 1447/1447/1447 1468/1468/1468 1469/1469/1469
f 1447/1447/1447 1469/1469/1469 1448/1448/1448
f 1448/1448/1448 1469/1469/1469 1470/1470/1470
f 1448/1448/1448 1470/1470/1470 1449/1449/1449
f 1450/1450/1450 1471/1471/1471 1472/1472/1472
f 1450/1450/1450 1472/1472/1472 1451/1451/1451
f 1451/1451/1451 1472/1472/1472 1473/1473/1473
f 1451/1451/1451 1473/1473/1473 1452/1452/1452
f 1452/1452/1452 1473/1473/1473 1474/1474/1474
f 1452/1452/1452 1474/1474/1474 1453/1453/1453
f 1453/1453/1453 1474/1474/1474 1475/1475/1475
f 1453/1453/1453 1475/1475/1475 1454/1454/1454
f 1454/1454/1454 1475/1475/1475 1476/1476/1476
f 1454/1454/1454 1476/1476/1476 1455/1455/1455
f 1455/1455/1455 1476/1476/1476 1477/1477/1477
f 1455/1455/1455 1477/1477/1477 1456/1456/1456
f 1456/1456/1456 1477/1477/1477 1478/1478/1478
f 1456/1456/1456 1478/1478/1478 1457/1457/1457
f 1457/1457/1457 1478/1478/1478 1479/1479/1479
f 1457/1457/1457 1479/1479/1479 1458/1458/1458
f 1458/1458/1458 1479/1479/1479 1480/1480/1480
f 1458/1458/1458 1480/1480/1480 1459/1459/1459
f 1459/1459/1459 1480/1480/1480 1481/1481/1481
f 1459/1459/1459 1481/1481/1481 1460/1460/1460
f 1460/1460/1460 1481/1481/1481 1482/1482/1482
f 1460/1460/1460 1482/1482/1482 1461/1461/1461
f 1461/1461/1461 1482/1482/1482 1483/1483/1483
f 1461/1461/1461 1483/1483/1483 1462/1462/1462
f 1462/1462/1462 1483/1483/1483 1484/1484/1484
f 1462/1462/1462 1484/1484/1484 1463/1463/1463
f 1463/1463/1463 1484/1484/1484 1485/1485/1485
f 1463/1463/1463 1485/1485/1485 1464/1464/1464
f 1464/1464/1464 1485/1485/1485 1486/1486/1486
f 1464/1464/1464 1486/1486/1486 1465/1465/1465
f 1465/1465/1465 1486/1486/1486 1487/1487/1487
f 1465/1465/1465 1487/1487/1487 1466/1466/1466
f 1466/1466/1466 1487/1487/1487 1488/1488/1488
f 1466/1466/1466 1488/1488/1488 1467/1467/1467
f 1467/1467/1467 1488/1488/1488 1489/1489/1489
f 1467/1467/1467 1489/1489/1489 1468/1468/1468
f 1468/1468/1468 1489/1489/1489 1490/1490/1490
f 1468/1468/1468 1490/1490/1490 1469/1469/1469
f 1469/1469/1469 1490/1490/1490 1491/1491/1491
f 1469/1469/1469 1491/1491/1491 1470/1470/1470
f 1471/1471/1471 1492/1492/1492 1493/1493/1493
f 1471/1471/1471 1493/1493/1493 1472/1472/1472
f 1472/1472/1472 1493/1493/1493 1494/1494/1494
f 1472/1472/1472 1494/1494/1494 1473/1473/1473
f 1473/1473/1473 1494/1494/1494 1495/1495/1495
f 1473/1473/1473 1495/1495/1495 1474/1474/1474
f 1474/1474/1474 1495/1495/1495 1496/1496/1496
f 1474/1474/1474 1496/1496/1496 1475/1475/1475
f 1475/1475/1475 1496/1496/1496 1497/1497/1497
f 1475/1475/1475 1497/1497/1497 1476/1476/1476
f 1476/1476/1476 1497/1497/1497 1498/1498/1498
f 1476/1476/1476 1498/1498/1498 1477/1477/1477
f 1477/1477/1477 1498/1498/1498 1499/1499/1499
f 1477/1477/1477 1499/1499/1499 1478/1478/1478
f 1478/1478/1478 1499/1499/1499 1500/1500/1500
f 1478/1478/1478 1500/1500/1500 1479/1479/1479
f 1479/1479/1479 1500/1500/1500 1501/1501/1501
f 1479/1479/1479 1501/1501/1501 1480/1480/1480
f 1480/1480/1480 1501/1501/1501 1502/1502/1502
f 1480/1480/1480 1502/1502/1502 1481/1481/1481
f 1481/1481/1481 1502/1502/1502 1503/1503/1503
f 1481/1481/1481 1503/1503/1503 1482/1482/1482
f 1482/1482/1482 1503/1503/1503 1504/1504/1504
f 1482/1482/1482 1504/1504/1504 1483/1483/1483
f 1483/1483/1483 1504/1504/1504 1505/1505/1505
f 1483/1483/1483 1505/1505/1505 1484/1484/1484
f 1484/1484/1484 1505/1505/1505 1506/1506/1506
f 1484/1484/1484 1506/1506/1506 1485/1485/1485
f 1485/1485/1485 1506/1506/1506 1507/1507/1507
f 1485/1485/1485 1507/1507/1507 1486/1486/1486
f 1486/1486/1486 1507/1507/1507 1508/1508/1508
f 1486/1486/1486 1508/1508/1508 1487/1487/1487
f 1487/1487/1487 1508/1508/1508 1509/1509/1509
f 1487/1487/1487 1509/1509/1509 1488/1488/1488
f 1488/1488/1488 1509/1509/1509 1510/1510/1510
f 1488/1488/1488 1510/1510/1510 1489/1489/1489
f 1489/1489/1489 1510/1510/1510 1511/1511/1511
f 1489/1489/1489 1511/1511/1511 1490/1490/1490
f 1490/1490/1490 1511/1511/1511 1512/1512/1512
f 1490/1490/1490 1512/1512/1512 1491/1491/1491
f 1492/1492/1492 1513/1513/1513 1514/1514/1514
f 1492/1492/1492 1514/1514/1514 1493/1493/1493
f 1493/1493/1493 1514/1514/1514 1515/1515/1515
f 1493/1493/1493 1515/1515/1515 1494/1494/1494
f 1494/1494/1494 1515/1515/1515 1516/1516/1516
f 1494/1494/1494 1516/1516/1516 1495/1495/1495
f 1495/1495/1495 1516/1516/1516 1517/1517/1517
f 1495/1495/1495 1517/1517/1517 1496/1496/1496
f 1496/1496/1496 1517/1517/1517 1518/1518/1518
f 1496/1496/1496 1518/1518/1518 1497/1497/1497
f 1497/1497/1497 1518/1518/1518 1519/1519/1519
f 1497/1497/1497 1519/1519/1519 1498/1498/1498
f 1498/1498/1498 1519/1519/1519 1520/1520/1520
f 1498/1498/1498 1520/1520/1520 1499/1499/1499
f 1499/1499/1499 1520/1520/1520 1521/1521/1521
f 1499/1499/1499 1521/1521/1521 1500/1500/1500
f 1500/1500/1500 1521/1521/1521 1522/1522/1522
f 1500/1500/1500 1522/1522/1522 1501/1501/1501
f 1501/1501/1501 1522/1522/1522 1523/1523/1523
f 1501/1501/1501 1523/1523/1523 1502/1502/1502
f 1502/1502/1502 1523/1523/1523 1524/1524/1524
f 1502/1502/1502 1524/1524/1524 1503/1503/1503
f 1503/1503/1503 1524/1524/1524 1525/1525/1525
f 1503/1503/1503 1525/1525/1525 1504/1504/1504
f 1504/1504/1504 1525/1525/1525 1526/1526/1526
f 1504/1504/1504 1526/1526/1526 1505/1505/1505
f 1505/1505/1505 1526/1526/1526 1527/1527/1527
f 1505/1505/1505 1527/1527/1527 1506/1506/1506
f 1506/1506/1506 1527/1527/1527 1528/1528/1528
f 1506/1506/1506 1528/1528/1528 1507/1507/1507
f 1507/1507/1507 1528/1528/1528 1529/1529/1529
f 1507/1507/1507 1529/1529/1529 1508/1508/1508
f 1508/1508/1508 1529/1529/1529 1530/1530/1530
f 1508/1508/1508 1530/1530/1530 1509/1509/1509
f 1509/1509/1509 1530/1530/1530 1531/1531/1531
f 1509/1509/1509 1531/1531/1531 1510/1510/1510
f 1510/1510/1510 1531/1531/1531 1532/1532/1532
f 1510/1510/1510 1532/1532/1532 1511/1511/1511
f 1511/1511/1511 1532/1532/1532 1533/1533/1533
f 1511/1511/1511 1533/1533/1533 1512/1512/1512
f 1513/1513/1513 1534/1534/1534 1535/1535/1535
f 1513/1513/1513 1535/1535/1535 1514/1514/1514
f 1514/1514/1514 1535/1535/1535 1536/1536/1536
f 1514/1514/1514 1536/1536/1536 1515/1515/1515
f 1515/1515/1515 1536/1536/1536 1537/1537/1537
f 1515/1515/1515 1537/1537/1537 1516/1516/1516
f 1516/1516/1516 1537/1537/1537 1538/1538/1538
f 1516/1516/1516 1538/1538/1538 1517/1517/1517
f 1517/1517/1517 1538/1538/1538 1539/1539/1539
f 1517/1517/1517 1539/1539/1539 1518/1518/1518
f 1518/1518/1518 1539/1539/1539 1540/1540/1540
f 1518/1518/1518 1540/1540/1540 1519/1519/1519
f 1519/1519/1519 1540/1540/1540 1541/1541/1541
f 1519/1519/1519 1541/1541/1541 1520/1520/1520
f 1520/1520/1520 1541/1541/1541 1542/1542/1542
f 1520/1520/1520 1542/1542/1542 1521/1521/1521
f 1521/1521/1521 1542/1542/1542 1543/1543/1543
f 1521/1521/1521 1543/1543/1543 1522/1522/1522
f 1522/1522/1522 1543/1543/1543 1544/1544/1544
f 1522/1522/1522 1544/1544/1544 1523/1523/1523
f 1523/1523/1523 1544/1544/1544 1545/1545/1545
f 1523/1523/1523 1545/1545/1545 1524/1524/1524
f 1524/1524/1524 1545/1545/1545 1546/1546/1546
f 1524/1524/1524 1546/1546/1546 1525/1525/1525
f 1525/1525/1525 1546/1546/1546 1547/1547/1547
f 1525/1525/1525 1547/1547/1547 1526/1526/1526
f 1526/1526/1526 1547/1547/1547 1548/1548/1548
f 1526/1526/1526 1548/1548/1548 1527/1527/1527
f 1527/1527/1527 1548/1548/1548 1549/1549/1549
f 1527/1527/1527 1549/1549/1549 1528/1528/1528
f 1528/1528/1528 1549/1549/1549 1550/1550/1550
f 1528/1528/1528 1550/1550/1550 1529/1529/1529
f 1529/1529/1529 1550/1550/1550 1551/1551/1551
f 1529/1529/1529 1551/1551/1551 1530/1530/1530
f 1530/1530/1530 1551/1551/1551 1552/1552/1552
f 1530/1530/1530 1552/1552/1552 1531/1531/1531
f 1531/1531/1531 1552/1552/1552 1553/1553/1553
f 1531/1531/1531 1553/1553/1553 1532/1532/1532
f 1532/1532/1532 1553/1553/1553 1554/1554/1554
f 1532/1532/1532 1554/1554/1554 1533/1533/1533
f 1534/1534/1534 1555/1555/1555 1556/1556/1556
f 1534/1534/1534 1556/1556/1556 1535/1535/1535
f 1535/1535/1535 1556/1556/1556 1557/1557/1557
f 1535/1535/1535 1557/1557/1557 1536/1536/1536
f 1536/1536/1536 1557/1557/1557 1558/1558/1558
f 1536/1536/1536 1558/1558/1558 1537/1537/1537
f 1537/1537/1537 1558/1558/1558 1559/1559/1559
f 1537/1537/1537 1559/1559/1559 1538/1538/1538
f 1538/1538/1538 1559/1559/1559 1560/1560/1560
f 1538/1538/1538 1560/1560/1560 1539/1539/1539
f 1539/1539/1539 1560/1560/1560 1561/1561/1561
f 1539/1539/1539 1561/1561/1561 1540/1540/1540
f 1540/1540/1540 1561/1561/1561 1562/1562/1562
f 1540/1540/1540 1562/1562/1562 1541/1541/1541
f 1541/1541/1541 1562/1562/1562 1563/1563/1563
f 1541/1541/1541 1563/1563/1563 1542/1542/1542
f 1542/1542/1542 1563/1563/1563 1564/1564/1564
f 1542/1542/1542 1564/1564/1564 1543/1543/1543
f 1543/1543/1543 1564/1564/1564 1565/1565/1565
f 1543/1543/1543 1565/1565/1565 1544/1544/1544
f 1544/1544/1544 1565/1565/1565 1566/1566/1566
f 1544/1544/1544 1566/1566/1566 1545/1545/1545
f 1545/1545/1545 1566/1566/1566 1567/1567/1567
f 1545/1545/1545 1567/1567/1567 1546/1546/1546
f 1546/1546/1546 1567/1567/1567 1568/1568/1568
f 1546/1546/1546 1568/1568/1568 1547/1547/1547
f 1547/1547/1547 1568/1568/1568 1569/1569/1569
f 1547/1547/1547 1569/1569/1569 1548/1548/1548
f 1548/1548/1548 1569/1569/1569 1570/1570/1570
f 1548/1548/1548 1570/1570/1570 1549/1549/1549
f 1549/1549/1549 1570/1570/1570 1571/1571/1571
f 1549/1549/1549 1571/1571/1571 1550/1550/1550
f 1550/1550/1550 1571/1571/1571 1572/1572/1572
f 1550/1550/1550 1572/1572/1572 1551/1551/1551
f 1551/1551/1551 1572/1572/1572 1573/1573/1573
f 1551/1551/1551 1573/1573/1573 1552/1552/1552
f 1552/1552/1552 1573/1573/1573 1574/1574/1574
f 1552/1552/1552 1574/1574/1574 1553/1553/1553
f 1553/1553/1553 1574/1574/1574 1575/1575/1575
f 1553/1553/1553 1575/1575/1575 1554/1554/1554
f 1555/1555/1555 1576/1576/1576 1577/1577/1577
f 1555/1555/1555 1577/1577/1577 1556/1556/1556
f 1556/1556/1556 1577/1577/1577 1578/1578/1578
f 1556/1556/1556 1578/1578/1578 1557/1557/1557
f 1557/1557/1557 1578/1578/1578 1579/1579/1579
f 1557/1557/1557 1579/1579/1579 1558/1558/1558
f 1558/1558/1558 1579/1579/1579 1580/1580/1580
f 1558/1558/1558 1580/1580/1580 1559/1559/1559
f 1559/1559/1559 1580/1580/1580 1581/1581/1581
f 1559/1559/1559 1581/1581/1581 1560/1560/1560
f 1560/1560/1560 1581/1581/1581 1582/1582/1582
f 1560/1560/1560 1582/1582/1582 1561/1561/1561
f 1561/1561/1561 1582/1582/1582 1583/1583/1583
f 1561/1561/1561 1583/1583/1583 1562/1562/1562
f 1562/1562/1562 1583/1583/1583 1584/1584/1584
f 1562/1562/1562 1584/1584/1584 1563/1563/1563
f 1563/1563/1563 1584/1584/1584 1585/1585/1585
f 1563/1563/1563 1585/1585/1585 1564/1564/1564
f 1564/1564/1564 1585/1585/1585 1586/1586/1586
f 1564/1564/1564 1586/1586/1586 1565/1565/1565
f 1565/1565/1565 1586/1586/1586 1587/1587/1587
f 1565/1565/1565 1587/1587/1587 1566/1566/1566
f 1566/1566/1566 1587/1587/1587 1588/1588/1588
f 1566/1566/1566 1588/1588/1588 1567/1567/1567
f 1567/1567/1567 1588/1588/1588 1589/1589/1589
f 1567/1567/1567 1589/1589/1589 1568/1568/1568
f 1568/1568/1568 1589/1589/1589 1590/1590/1590
f 1568/1568/1568 1590/1590/1590 1569/1569/1569
f 1569/1569/1569 1590/1590/1590 1591/1591/1591
f 1569/1569/1569 1591/1591/1591 1570/1570/1570
f 1570/1570/1570 1591/1591/1591 1592/1592/1592
f 1570/1570/1570 1592/1592/1592 1571/1571/1571
f 1571/1571/1571 1592/1592/1592 1593/1593/1593
f 1571/1571/1571 1593/1593/1593 1572/1572/1572
f 1572/1572/1572 1593/1593/1593 1594/1594/1594
f 1572/1572/1572 1594/1594/1594 1573/1573/1573
f 1573/1573/1573 1594/1594/1594 1595/1595/1595
f 1573/1573/1573 1595/1595/1595 1574/1574/1574
f 1574/1574/1574 1595/1595/1595 1596/1596/1596
f 1574/1574/1574 1596/1596/1596 1575/1575/1575
f 1576/1576/1576 1597/1597/1597 1598/1598/1598
f 1576/1576/1576 1598/1598/1598 1577/1577/1577
f 1577/1577/1577 1598/1598/1598 1599/1599/1599
f 1577/1577/1577 1599/1599/1599 1578/1578/1578
f 1578/1578/1578 1599/1599/1599 1600/1600/1600
f 1578/1578/1578 1600/1600/1600 1579/1579/1579
f 1579/1579/1579 1600/1600/1600 1601/1601/1601
f 1579/1579/1579 1601/1601/1601 1580/1580/1580
f 1580/1580/1580 1601/1601/1601 1602/1602/1602
f 1580/1580/1580 1602/1602/1602 1581/1581/1581
f 1581/1581/1581 1602/1602/1602 1603/1603/1603
f 1581/1581/1581 1603/1603/1603 1582/1582/1582
f 1582/1582/1582 1603/1603/1603 1604/1604/1604
f 1582/1582/1582 1604/1604/1604 1583/1583/1583
f 1583/1583/1583 1604/1604/1604 1605/1605/1605
f 1583/1583/1583 1605/1605/1605 1584/1584/1584
f 1584/1584/1584 1605/1605/1605 1606/1606/1606
f 1584/1584/1584 1606/1606/1606 1585/1585/1585
f 1585/1585/1585 1606/1606/1606 1607/1607/1607
f 1585/1585/1585 1607/1607/1607 1586/1586/1586
f 1586/1586/1586 1607/1607/1607 1608/1608/1608
f 1586/1586/1586 1608/1608/1608 1587/1587/1587
f 1587/1587/1587 1608/1608/1608 1609/1609/1609
f 1587/1587/1587 1609/1609/1609 1588/1588/1588
f 1588/1588/1588 1609/1609/1609 1610/1610/1610
f 1588/1588/1588 1610/1610/1610 1589/1589/1589
f 1589/1589/1589 1610/1610/1610 1611/1611/1611
f 1589/1589/1589 1611/1611/1611 1590/1590/1590
f 1590/1590/1590 1611/1611/1611 1612/1612/1612
f 1590/1590/1590 1612/1612/1612 1591/1591/1591
f 1591/1591/1591 1612/1612/1612 1613/1613/1613
f 1591/1591/1591 1613/1613/1613 1592/1592/1592
f 1592/1592/1592 1613/1613/1613 1614/1614/1614
f 1592/1592/1592 1614/1614/1614 1593/1593/1593
f 1593/1593/1593 1614/1614/1614 1615/1615/1615
f 1593/1593/1593 1615/1615/1615 1594/1594/1594
f 1594/1594/1594 1615/1615/1615 1616/1616/1616
f 1594/1594/1594 1616/1616/1616 1595/1595/1595
f 1595/1595/1595 1616/1616/1616 1617/1617/1617
f 1595/1595/1595 1617/1617/1617 1596/1596/1596
f 1597/1597/1597 1618/1618/1618 1619/1619/1619
f 1597/1597/1597 1619/1619/1619 1598/1598/1598
f 1598/1598/1598 1619/1619/1619 1620/1620/1620
f 1598/1598/1598 1620/1620/1620 1599/1599/1599
f 1599/1599/1599 1620/1620/1620 1621/1621/1621
f 1599/1599/1599 1621/1621/1621 1600/1600/1600
f 1600/1600/1600 1621/1621/1621 1622/1622/1622
f 1600/1600/1600 1622/1622/1622 1601/1601/1601
f 1601/1601/1601 1622/1622/1622 1623/1623/1623
f 1601/1601/1601 1623/1623/1623 1602/1602/1602
f 1602/1602/1602 1623/1623/1623 1624/1624/1624
f 1602/1602/1602 1624/1624/1624 1603/1603/1603
f 1603/1603/1603 1624/1624/1624 1625/1625/1625
f 1603/1603/1603 1625/1625/1625 1604/1604/1604
f 1604/1604/1604 1625/1625/1625 1626/1626/1626
f 1604/1604/1604 1626/1626/1626 1605/1605/1605
f 1605/1605/1605 1626/1626/1626 1627/1627/1627
f 1605/1605/1605 1627/1627/1627 1606/1606/1606
f 1606/1606/1606 1627/1627/1627 1628/1628/1628
f 1606/1606/1606 1628/1628/1628 1607/1607/1607
f 1607/1607/1607 1628/1628/1628 1629/1629/1629
f 1607/1607/1607 1629/1629/1629 1608/1608/1608
f 1608/1608/1608 1629/1629/1629 1630/1630/1630
f 1608/1608/1608 1630/1630/1630 1609/1609/1609
f 1609/1609/1609 1630/1630/1630 1631/1631/1631
f 1609/1609/1609 1631/1631/1631 1610/1610/1610
f 1610/1610/1610 1631/1631/1631 1632/1632/1632
f 1610/1610/1610 1632/1632/1632 1611/1611/1611
f 1611/1611/1611 1632/1632/1632 1633/1633/1633
f 1611/1611/1611 1633/1633/1633 1612/1612/1612
f 1612/1612/1612 1633/1633/1633 1634/1634/1634
f 1612/1612/1612 1634/1634/1634 1613/1613/1613
f 1613/1613/1613 1634/1634/1634 1635/1635/1635
f 1613/1613/1613 1635/1635/1635 1614/1614/1614
f 1614/1614/1614 1635/1635/1635 1636/1636/1636
f 1614/1614/1614 1636/1636/1636 1615/1615/1615
f 1615/1615/1615 1636/1636/1636 1637/1637/1637
f 1615/1615/1615 1637/1637/1637 1616/1616/1616
f 1616/1616/1616 1637/1637/1637 1638/1638/1638
f 1616/1616/1616 1638/1638/1638 1617/1617/1617
f 1618/1618/1618 1639/1639/1639 1640/1640/1640
f 1618/1618/1618 1640/1640/1640 1619/1619/1619
f 1619/1619/1619 1640/1640/1640 1641/1641/1641
f 1619/1619/1619 1641/1641/1641 1620/1620/1620
f 1620/1620/1620 1641/1641/1641 1642/1642/1642
f 1620/1620/1620 1642/1642/1642 1621/1621/1621
f 1621/1621/1621 1642/1642/1642 1643/1643/1643
f 1621/1621/1621 1643/1643/1643 1622/1622/1622
f 1622/1622/1622 1643/1643/1643 1644/1644/1644
f 1622/1622/1622 1644/1644/1644 1623/1623/1623
f 1623/1623/1623 1644/1644/1644 1645/1645/1645
f 1623/1623/1623 1645/1645/1645 1624/1624/1624
f 1624/1624/1624 1645/1645/1645 1646/1646/1646
f 1624/1624/1624 1646/1646/1646 1625/1625/1625
f 1625/1625/1625 1646/1646/1646 1647/1647/1647
f 1625/1625/1625 1647/1647/1647 1626/1626/1626
f 1626/1626/1626 1647/1647/1647 1648/1648/1648
f 1626/1626/1626 1648/1648/1648 1627/1627/1627
f 1627/1627/1627 1648/1648/1648 1649/1649/1649
f 1627/1627/1627 1649/1649/1649 1628/1628/1628
f 1628/1628/1628 1649/1649/1649 1650/1650/1650
f 1628/1628/1628 1650/1650/1650 1629/1629/1629
f 1629/1629/1629 1650/1650/1650 1651/1651/1651
f 1629/1629/1629 1651/1651/1651 1630/1630/1630
f 1630/1630/1630 1651/1651/1651 1652/1652/1652
f 1630/1630/1630 1652/1652/1652 1631/1631/1631
f 1631/1631/1631 1652/1652/1652 1653/1653/1653
f 1631/1631/1631 1653/1653/1653 1632/1632/1632
f 1632/1632/1632 1653/1653/1653 1654/1654/1654
f 1632/1632/1632 1654/1654/1654 1633/1633/1633
f 1633/1633/1633 1654/1654/1654 1655/1655/1655
f 1633/1633/1633 1655/1655/1655 1634/1634/1634
f 1634/1634/1634 1655/1655/1655 1656/1656/1656
f 1634/1634/1634 1656/1656/1656 1635/1635/1635
f 1635/1635/1635 1656/1656/1656 1657/1657/1657
f 1635/1635/1635 1657/1657/1657 1636/1636/1636
f 1636/1636/1636 1657/1657/1657 1658/1658/1658
f 1636/1636/1636 1658/1658/1658 1637/1637/1637
f 1637/1637/1637 1658/1658/1658 1659/1659/1659
f 1637/1637/1637 1659/1659/1659 1638/1638/1638
f 1639/1639/1639 1660/1660/1660 1661/1661/1661
f 1639/1639/1639 1661/1661/1661 1640/1640/1640
f 1640/1640/1640 1661/1661/1661 1662/1662/1662
f 1640/1640/1640 1662/1662/1662 1641/1641/1641
f 1641/1641/1641 1662/1662/1662 1663/1663/1663
f 1641/1641/1641 1663/1663/1663 1642/1642/1642
f 1642/1642/1642 1663/1663/1663 1664/1664/1664
f 1642/1642/1642 1664/1664/1664 1643/1643/1643
f 1643/1643/1643 1664/1664/1664 1665/1665/1665
f 1643/1643/1643 1665/1665/1665 1644/1644/1644
f 1644/1644/1644 1665/1665/1665 1666/1666/1666
f 1644/1644/1644 1666/1666/1666 1645/1645/1645
f 1645/1645/1645 1666/1666/1666 1667/1667/1667
f 1645/1645/1645 1667/1667/1667 1646/1646/1646
f 1646/1646/1646 1667/1667/1667 1668/1668/1668
f 1646/1646/1646 1668/1668/1668 1647/1647/1647
f 1647/1647/1647 1668/1668/1668 1669/1669/1669
f 1647/1647/1647 1669/1669/1669 1648/1648/1648
f 1648/1648/1648 1669/1669/1669 1670/1670/1670
f 1648/1648/1648 1670/1670/1670 1649/1649/1649
f 1649/1649/1649 1670/1670/1670 1671/1671/1671
f 1649/1649/1649 1671/1671/1671 1650/1650/1650
f 1650/1650/1650 1671/1671/1671 1672/1672/1672
f 1650/1650/1650 1672/1672/1672 1651/1651/1651
f 1651/1651/1651 1672/1672/1672 1673/1673/1673
f 1651/1651/1651 1673/1673/1673 1652/1652/1652
f 1652/1652/1652 1673/1673/1673 1674/1674/1674
f 1652/1652/1652 1674/1674/1674 1653/1653/1653
f 1653/1653/1653 1674/1674/1674 1675/1675/1675
f 1653/1653/1653 1675/1675/1675 1654/1654/1654
f 1654/1654/1654 1675/1675/1675 1676/1676/1676
f 1654/1654/1654 1676/1676/1676 1655/1655/1655
f 1655/1655/1655 1676/1676/1676 1677/1677/1677
f 1655/1655/1655 1677/1677/1677 1656/1656/1656
f 1656/1656/1656 1677/1677/1677 1678/1678/1678
f 1656/1656/1656 1678/1678/1678 1657/1657/1657
f 1657/1657/1657 1678/1678/1678 1679/1679/1679
f 1657/1657/1657 1679/1679/1679 1658/1658/1658
f 1658/1658/1658 1679/1679/1679 1680/1680/1680
f 1658/1658/1658 1680/1680/1680 1659/1659/1659
f 1660/1660/1660 1681/1681/1681 1682/1682/1682
f 1660/1660/1660 1682/1682/1682 1661/1661/1661
f 1661/1661/1661 1682/1682/1682 1683/1683/1683
f 1661/1661/1661 1683/1683/1683 1662/1662/1662
f 1662/1662/1662 1683/1683/1683 1684/1684/1684
f 1662/1662/1662 1684/1684/1684 1663/1663/1663
f 1663/1663/1663 1684/1684/1684 1685/1685/1685
f 1663/1663/1663 1685/1685/1685 1664/1664/1664
f 1664/1664/1664 1685/1685/1685 1686/1686/1686
f 1664/1664/1664 1686/1686/1686 1665/1665/1665
f 1665/1665/1665 1686/1686/1686 1687/1687/1687
f 1665/1665/1665 1687/1687/1687 1666/1666/1666
f 1666/1666/1666 1687/1687/1687 1688/1688/1688
f 1666/1666/1666 1688/1688/1688 1667/1667/1667
f 1667/1667/1667 1688/1688/1688 1689/1689/1689
f 1667/1667/1667 1689/1689/1689 1668/1668/1668
f 1668/1668/1668 1689/1689/1689 1690/1690/1690
f 1668/1668/1668 1690/1690/1690 1669/1669/1669
f 1669/1669/1669 1690/1690/1690 1691/1691/1691
f 1669/1669/1669 1691/1691/1691 1670/1670/1670
f 1670/1670/1670 1691/1691/1691 1692/1692/1692
f 1670/1670/1670 1692/1692/1692 1671/1671/1671
f 1671/1671/1671 1692/1692/1692 1693/1693/1693
f 1671/1671/1671 1693/1693/1693 1672/1672/1672
f 1672/1672/1672 1693/1693/1693 1694/1694/1694
f 1672/1672/1672 1694/1694/1694 1673/1673/1673
f 1673/1673/1673 1694/1694/1694 1695/1695/1695
f 1673/1673/1673 1695/1695/1695 1674/1674/1674
f 1674/1674/1674 1695/1695/1695 1696/1696/1696
f 1674/1674/1674 1696/1696/1696 1675/1675/1675
f 1675/1675/1675 1696/1696/1696 1697/1697/1697
f 1675/1675/1675 1697/1697/1697 1676/1676/1676
f 1676/1676/1676 1697/1697/1697 1698/1698/1698
f 1676/1676/1676 1698/1698/1698 1677/1677/1677
f 1677/1677/1677 1698/1698/1698 1699/1699/1699
f 1677/1677/1677 1699/1699/1699 1678/1678/1678
f 1678/1678/1678 1699/1699/1699 1700/1700/1700
f 1678/1678/1678 1700/1700/1700 1679/1679/1679
f 1679/1679/1679 1700/1700/1700 1701/1701/1701
f 1679/1679/1679 1701/1701/1701 1680/1680/1680
f 1681/1681/1681 1702/1702/1702 1703/1703/1703
f 1681/1681/1681 1703/1703/1703 1682/1682/1682
f 1682/1682/1682 1703/1703/1703 1704/1704/1704
f 1682/1682/1682 1704/1704/1704 1683/1683/1683
f 1683/1683/1683 1704/1704/1704 1705/1705/1705
f 1683/1683/1683 1705/1705/1705 1684/1684/1684
f 1684/1684/1684 1705/1705/1705 1706/1706/1706
f 1684/1684/1684 1706/1706/1706 1685/1685/1685
f 1685/1685/1685 1706/1706/1706 1707/1707/1707
f 1685/1685/1685 1707/1707/1707 1686/1686/1686
f 1686/1686/1686 1707/1707/1707 1708/1708/1708
f 1686/1686/1686 1708/1708/1708 1687/1687/1687
f 1687/1687/1687 1708/1708/1708 1709/1709/1709
f 1687/1687/1687 1709/1709/1709 1688/1688/1688
f 1688/1688/1688 1709/1709/1709 1710/1710/1710
f 1688/1688/1688 1710/1710/1710 1689/1689/1689
f 1689/1689/1689 1710/1710/1710 1711/1711/1711
f 1689/1689/1689 1711/1711/1711 1690/1690/1690
f 1690/1690/1690 1711/1711/1711 1712/1712/1712
f 1690/1690/1690 1712/1712/1712 1691/1691/1691
f 1691/1691/1691 1712/1712/1712 1713/1713/1713
f 1691/1691/1691 1713/1713/1713 1692/1692/1692
f 1692/1692/1692 1713/1713/1713 1714/1714/1714
f 1692/1692/1692 1714/1714/1714 1693/1693/1693
f 1693/1693/1693 1714/1714/1714 1715/1715/1715
f 1693/1693/1693 1715/1715/1715 1694/1694/1694
f 1694/1694/1694 1715/1715/1715 1716/1716/1716
f 1694/1694/1694 1716/1716/1716 1695/1695/1695
f 1695/1695/1695 1716/1716/1716 1717/1717/1717
f 1695/1695/1695 1717/1717/1717 1696/1696/1696
f 1696/1696/1696 1717/1717/1717 1718/1718/1718
f 1696/1696/1696 1718/1718/1718 1697/1697/1697
f 1697/1697/1697 1718/1718/1718 1719/1719/1719
f 1697/1697/1697 1719/1719/1719 1698/1698/1698
f 1698/1698/1698 1719/1719/1719 1720/1720/1720
f 1698/1698/1698 1720/1720/1720 1699/1699/1699
f 1699/1699/1699 1720/1720/1720 1721/1721/1721
f 1699/1699/1699 1721/1721/1721 1700/1700/1700
f 1700/1700/1700 1721/1721/1721 1722/1722/1722
f 1700/1700/1700 1722/1722/1722 1701/1701/1701
f 1702/1702/1702 1723/1723/1723 1724/1724/1724
f 1702/1702/1702 1724/1724/1724 1703/1703/1703
f 1703/1703/1703 1724/1724/1724 1725/1725/1725
f 1703/1703/1703 1725/1725/1725 1704/1704/1704
f 1704/1704/1704 1725/1725/1725 1726/1726/1726
f 1704/1704/1704 1726/1726/1726 1705/1705/1705
f 1705/1705/1705 1726/1726/1726 1727/1727/1727
f 1705/1705/1705 1727/1727/1727 1706/1706/1706
f 1706/1706/1706 1727/1727/1727 1728/1728/1728
f 1706/1706/1706 1728/1728/1728 1707/1707/1707
f 1707/1707/1707 1728/1728/1728 1729/1729/1729
f 1707/1707/1707 1729/1729/1729 1708/1708/1708
f 1708/1708/1708 1729/1729/1729 1730/1730/1730
f 1708/1708/1708 1730/1730/1730 1709/1709/1709
f 1709/1709/1709 1730/1730/1730 1731/1731/1731
f 1709/1709/1709 1731/1731/1731 1710/1710/1710
f 1710/1710/1710 1731/1731/1731 1732/1732/1732
f 1710/1710/1710 1732/1732/1732 1711/1711/1711
f 1711/1711/1711 1732/1732/1732 1733/1733/1733
f 1711/1711/1711 1733/1733/1733 1712/1712/1712
f 1712/1712/1712 1733/1733/1733 1734/1734/1734
f 1712/1712/1712 1734/1734/1734 1713/1713/1713
f 1713/1713/1713 1734/1734/1734 1735/1735/1735
f 1713/1713/1713 1735/1735/1735 1714/1714/1714
f 1714/1714/1714 1735/1735/1735 1736/1736/1736
f 1714/1714/1714 1736/1736/1736 1715/1715/1715
f 1715/1715/1715 1736/1736/1736 1737/1737/1737
f 1715/1715/1715 1737/1737/1737 1716/1716/1716
f 1716/1716/1716 1737/1737/1737 1738/1738/1738
f 1716/1716/1716 1738/1738/1738 1717/1717/1717
f 1717/1717/1717 1738/1738/1738 1739/1739/1739
f 1717/1717/1717 1739/1739/1739 1718/1718/1718
f 1718/1718/1718 1739/1739/1739 1740/1740/1740
f 1718/1718/1718 1740/1740/1740 1719/1719/1719
f 1719/1719/1719 1740/1740/1740 1741/1741/1741
f 1719/1719/1719 1741/1741/1741 1720/1720/1720
f 1720/1720/1720 1741/1741/1741 1742/1742/1742
f 1720/1720/1720 1742/1742/1742 1721/1721/1721
f 1721/1721/1721 1742/1742/1742 1743/1743/1743
f 1721/1721/1721 1743/1743/1743 1722/1722/1722
f 1723/1723/1723 1744/1744/1744 1745/1745/1745
f 1723/1723/1723 1745/1745/1745 1724/1724/1724
f 1724/1724/1724 1745/1745/1745 1746/1746/1746
f 1724/1724/1724 1746/1746/1746 1725/1725/1725
f 1725/1725/1725 1746/1746/1746 1747/1747/1747
f 1725/1725/1725 1747/1747/1747 1726/1726/1726
f 1726/1726/1726 1747/1747/1747 1748/1748/1748
f 1726/1726/1726 1748/1748/1748 1727/1727/1727
f 1727/1727/1727 1748/1748/1748 1749/1749/1749
f 1727/1727/1727 1749/1749/1749 1728/1728/1728
f 1728/1728/1728 1749/1749/1749 1750/1750/1750
f 1728/1728/1728 1750/1750/1750 1729/1729/1729
f 1729/1729/1729 1750/1750/1750 1751/1751/1751
f 1729/1729/1729 1751/1751/1751 1730/1730/1730
f 1730/1730/1730 1751/1751/1751 1752/1752/1752
f 1730/1730/1730 1752/1752/1752 1731/1731/1731
f 1731/1731/1731 1752/1752/1752 1753/1753/1753
f 1731/1731/1731 1753/1753/1753 1732/1732/1732
f 1732/1732/1732 1753/1753/1753 1754/1754/1754
f 1732/1732/1732 1754/1754/1754 1733/1733/1733
f 1733/1733/1733 1754/1754/1754 1755/1755/1755
f 1733/1733/1733 1755/1755/1755 1734/1734/1734
f 1734/1734/1734 1755/1755/1755 1756/1756/1756
f 1734/1734/1734 1756/1756/1756 1735/1735/1735
f 1735/1735/1735 1756/1756/1756 1757/1757/1757
f 1735/1735/1735 1757/1757/1757 1736/1736/1736
f 1736/1736/1736 1757/1757/1757 1758/1758/1758
f 1736/1736/1736 1758/1758/1758 1737/1737/1737
f 1737/1737/1737 1758/1758/1758 1759/1759/1759
f 1737/1737/1737 1759/1759/1759 1738/1738/1738
f 1738/1738/1738 1759/1759/1759 1760/1760/1760
f 1738/1738/1738 1760/1760/1760 1739/1739/1739
f 1739/1739/1739 1760/1760/1760 1761/1761/1761
f 1739/1739/1739 1761/1761/1761 1740/1740/1740
f 1740/1740/1740 1761/1761/1761 1762/1762/1762
f 1740/1740/1740 1762/1762/1762 1741/1741/1741
f 1741/1741/1741 1762/1762/1762 1763/1763/1763
f 1741/1741/1741 1763/1763/1763 1742/1742/1742
f 1742/1742/1742 1763/1763/1763 1764/1764/1764
f 1742/1742/1742 1764/1764/1764 1743/1743/1743
f 1744/1744/1744 1765/1765/1765 1766/1766/1766
f 1744/1744/1744 1766/1766/1766 1745/1745/1745
f 1745/1745/1745 1766/1766/1766 1767/1767/1767
f 1745/1745/1745 1767/1767/1767 1746/1746/1746
f 1746/1746/1746 1767/1767/1767 1768/1768/1768
f 1746/1746/1746 1768/1768/1768 1747/1747/1747
f 1747/1747/1747 1768/1768/1768 1769/1769/1769
f 1747/1747/1747 1769/1769/1769 1748/1748/1748
f 1748/1748/1748 1769/1769/1769 1770/1770/1770
f 1748/1748/1748 1770/1770/1770 1749/1749/1749
f 1749/1749/1749 1770/1770/1770 1771/1771/1771
f 1749/1749/1749 1771/1771/1771 1750/1750/1750
f 1750/1750/1750 1771/1771/1771 1772/1772/1772
f 1750/1750/1750 1772/1772/1772 1751/1751/1751
f 1751/1751/1751 1772/1772/1772 1773/1773/1773
f 1751/1751/1751 1773/1773/1773 1752/1752/1752
f 1752/1752/1752 1773/1773/1773 1774/1774/1774
f 1752/1752/1752 1774/1774/1774 1753/1753/1753
f 1753/1753/1753 1774/1774/1774 1775/1775/1775
f 1753/1753/1753 1775/1775/1775 1754/1754/1754
f 1754/1754/1754 1775/1775/1775 1776/1776/1776
f 1754/1754/1754 1776/1776/1776 1755/1755/1755
f 1755/1755/1755 1776/1776/1776 1777/1777/1777
f 1755/1755/1755 1777/1777/1777 1756/1756/1756
f 1756/1756/1756 1777/1777/1777 1778/1778/1778
f 1756/1756/1756 1778/1778/1778 1757/1757/1757
f 1757/1757/1757 1778/1778/1778 1779/1779/1779
f 1757/1757/1757 1779/1779/1779 1758/1758/1758
f 1758/1758/1758 1779/1779/1779 1780/1780/1780
f 1758/1758/1758 1780/1780/1780 1759/1759/1759
f 1759/1759/1759 1780/1780/1780 1781/1781/1781
f 1759/1759/1759 1781/1781/1781 1760/1760/1760
f 1760/1760/1760 1781/1781/1781 1782/1782/1782
f 1760/1760/1760 1782/1782/1782 1761/1761/1761
f 1761/1761/1761 1782/1782/1782 1783/1783/1783
f 1761/1761/1761 1783/1783/1783 1762/1762/1762
f 1762/1762/1762 1783/1783/1783 1784/1784/1784
f 1762/1762/1762 1784/1784/1784 1763/1763/1763
f 1763/1763/1763 1784/1784/1784 1785/1785/1785
f 1763/1763/1763 1785/1785/1785 1764/1764/1764
f 1765/1765/1765 1786/1786/1786 1787/1787/1787
f 1765/1765/1765 1787/1787/1787 1766/1766/1766
f 1766/1766/1766 1787/1787/1787 1788/1788/1788
f 1766/1766/1766 1788/1788/1788 1767/1767/1767
f 1767/1767/1767 1788/1788/1788 1789/1789/1789
f 1767/1767/1767 1789/1789/1789 1768/1768/1768
f 1768/1768/1768 1789/1789/1789 1790/1790/1790
f 1768/1768/1768 1790/1790/1790 1769/1769/1769
f 1769/1769/1769 1790/1790/1790 1791/1791/1791
f 1769/1769/1769 1791/1791/1791 1770/1770/1770
f 1770/1770/1770 1791/1791/1791 1792/1792/1792
f 1770/1770/1770 1792/1792/1792 1771/1771/1771
f 1771/1771/1771 1792/1792/1792 1793/1793/1793
f 1771/1771/1771 1793/1793/1793 1772/1772/1772
f 1772/1772/1772 1793/1793/1793 1794/1794/1794
f 1772/1772/1772 1794/1794/1794 1773/1773/1773
f 1773/1773/1773 1794/1794/1794 1795/1795/1795
f 1773/1773/1773 1795/1795/1795 1774/1774/1774
f 1774/1774/1774 1795/1795/1795 1796/1796/1796
f 1774/1774/1774 1796/1796/1796 1775/1775/1775
f 1775/1775/1775 1796/1796/1796 1797/1797/1797
f 1775/1775/1775 1797/1797/1797 1776/1776/1776
f 1776/1776/1776 1797/1797/1797 1798/1798/1798
f 1776/1776/1776 1798/1798/1798 1777/1777/1777
f 1777/1777/1777 1798/1798/1798 1799/1799/1799
f 1777/1777/1777 1799/1799/1799 1778/1778/1778
f 1778/1778/1778 1799/1799/1799 1800/1800/1800
f 1778/1778/1778 1800/1800/1800 1779/1779/1779
f 1779/1779/1779 1800/1800/1800 1801/1801/1801
f 1779/1779/1779 1801/1801/1801 1780/1780/1780
f 1780/1780/1780 1801/1801/1801 1802/1802/1802
f 1780/1780/1780 1802/1802/1802 1781/1781/1781
f 1781/1781/1781 1802/1802/1802 1803/1803/1803
f 1781/1781/1781 1803/1803/1803 1782/1782/1782
f 1782/1782/1782 1803/1803/1803 1804/1804/1804
f 1782/1782/1782 1804/1804/1804 1783/1783/1783
f 1783/1783/1783 1804/1804/1804 1805/1805/1805
f 1783/1783/1783 1805/1805/1805 1784/1784/1784
f 1784/1784/1784 1805/1805/1805 1806/1806/1806
f 1784/1784/1784 1806/1806/1806 1785/1785/1785
f 1786/1786/1786 1807/1807/1807 1808/1808/1808
f 1786/1786/1786 1808/1808/1808 1787/1787/1787
f 1787/1787/1787 1808/1808/1808 1809/1809/1809
f 1787/1787/1787 1809/1809/1809 1788/1788/1788
f 1788/1788/1788 1809/1809/1809 1810/1810/1810
f 1788/1788/1788 1810/1810/1810 1789/1789/1789
f 1789/1789/1789 1810/1810/1810 1811/1811/1811
f 1789/1789/1789 1811/1811/1811 1790/1790/1790
f 1790/1790/1790 1811/1811/1811 1812/1812/1812
f 1790/1790/1790 1812/1812/1812 1791/1791/1791
f 1791/1791/1791 1812/1812/1812 1813/1813/1813
f 1791/1791/1791 1813/1813/1813 1792/1792/1792
f 1792/1792/1792 1813/1813/1813 1814/1814/1814
f 1792/1792/1792 1814/1814/1814 1793/1793/1793
f 1793/1793/1793 1814/1814/1814 1815/1815/1815
f 1793/1793/1793 1815/1815/1815 1794/1794/1794
f 1794/1794/1794 1815/1815/1815 1816/1816/1816
f 1794/1794/1794 1816/1816/1816 1795/1795/1795
f 1795/1795/1795 1816/1816/1816 1817/1817/1817
f 1795/1795/1795 1817/1817/1817 1796/1796/1796
f 1796/1796/1796 1817/1817/1817 1818/1818/1818
f 1796/1796/1796 1818/1818/1818 1797/1797/1797
f 1797/1797/1797 1818/1818/1818 1819/1819/1819
f 1797/1797/1797 1819/1819/1819 1798/1798/1798
f 1798/1798/1798 1819/1819/1819 1820/1820/1820
f 1798/1798/1798 1820/1820/1820 1799/1799/1799
f 1799/1799/1799 1820/1820/1820 1821/1821/1821
f 1799/1799/1799 1821/1821/1821 1800/1800/1800
f 1800/1800/1800 1821/1821/1821 1822/1822/1822
f 1800/1800/1800 1822/1822/1822 1801/1801/1801
f 1801/1801/1801 1822/1822/1822 1823/1823/1823
f 1801/1801/1801 1823/1823/1823 1802/1802/1802
f 1802/1802/1802 1823/1823/1823 1824/1824/1824
f 1802/1802/1802 1824/1824/1824 1803/1803/1803
f 1803/1803/1803 1824/1824/1824 1825/1825/1825
f 1803/1803/1803 1825/1825/1825 1804/1804/1804
f 1804/1804/1804 1825/1825/1825 1826/1826/1826
f 1804/1804/1804 1826/1826/1826 1805/1805/1805
f 1805/1805/1805 1826/1826/1826 1827/1827/1827
f 1805/1805/1805 1827/1827/1827 1806/1806/1806
f 1807/1807/1807 1828/1828/1828 1829/1829/1829
f 1807/1807/1807 1829/1829/1829 1808/1808/1808
f 1808/1808/1808 1829/1829/1829 1830/1830/1830
f 1808/1808/1808 1830/1830/1830 1809/1809/1809
f 1809/1809/1809 1830/1830/1830 1831/1831/1831
f 1809/1809/1809 1831/1831/1831 1810/1810/1810
f 1810/1810/1810 1831/1831/1831 1832/1832/1832
f 1810/1810/1810 1832/1832/1832 1811/1811/1811
f 1811/1811/1811 1832/1832/1832 1833/1833/1833
f 1811/1811/1811 1833/1833/1833 1812/1812/1812
f 1812/1812/1812 1833/1833/1833 1834/1834/1834
f 1812/1812/1812 1834/1834/1834 1813/1813/1813
f 1813/1813/1813 1834/1834/1834 1835/1835/1835
f 1813/1813/1813 1835/1835/1835 1814/1814/1814
f 1814/1814/1814 1835/1835/1835 1836/1836/1836
f 1814/1814/1814 1836/1836/1836 1815/1815/1815
f 1815/1815/1815 1836/1836/1836 1837/1837/1837
f 1815/1815/1815 1837/1837/1837 1816/1816/1816
f 1816/1816/1816 1837/1837/1837 1838/1838/1838
f 1816/1816/1816 1838/1838/1838 1817/1817/1817
f 1817/1817/1817 1838/1838/1838 1839/1839/1839
f 1817/1817/1817 1839/1839/1839 1818/1818/1818
f 1818/1818/1818 1839/1839/1839 1840/1840/1840
f 1818/1818/1818 1840/1840/1840 1819/1819/1819
f 1819/1819/1819 1840/1840/1840 1841/1841/1841
f 1819/1819/1819 1841/1841/1841 1820/1820/1820
f 1820/1820/1820 1841/1841/1841 1842/1842/1842
f 1820/1820/1820 1842/1842/1842 1821/1821/1821
f 1821/1821/1821 1842/1842/1842 1843/1843/1843
f 1821/1821/1821 1843/1843/1843 1822/1822/1822
f 1822/1822/1822 1843/1843/1843 1844/1844/1844
f 1822/1822/1822 1844/1844/1844 1823/1823/1823
f 1823/1823/1823 1844/1844/1844 1845/1845/1845
f 1823/1823/1823 1845/1845/1845 1824/1824/1824
f 1824/1824/1824 1845/1845/1845 1846/1846/1846
f 1824/1824/1824 1846/1846/1846 1825/1825/1825
f 1825/1825/1825 1846/1846/1846 1847/1847/1847
f 1825/1825/1825 1847/1847/1847 1826/1826/1826
f 1826/1826/1826 1847/1847/1847 1848/1848/1848
f 1826/1826/1826 1848/1848/1848 1827/1827/1827
f 1828/1828/1828 1849/1849/1849 1850/1850/1850
f 1828/1828/1828 1850/1850/1850 1829/1829/1829
f 1829/1829/1829 1850/1850/1850 1851/1851/1851
f 1829/1829/1829 1851/1851/1851 1830/1830/1830
f 1830/1830/1830 1851/1851/1851 1852/1852/1852
f 1830/1830/1830 1852/1852/1852 1831/1831/1831
f 1831/1831/1831 1852/1852/1852 1853/1853/1853
f 1831/1831/1831 1853/1853/1853 1832/1832/1832
f 1832/1832/1832 1853/1853/1853 1854/1854/1854
f 1832/1832/1832 1854/1854/1854 1833/1833/1833
f 1833/1833/1833 1854/1854/1854 1855/1855/1855
f 1833/1833/1833 1855/1855/1855 1834/1834/1834
f 1834/1834/1834 1855/1855/1855 1856/1856/1856
f 1834/1834/1834 1856/1856/1856 1835/1835/1835
f 1835/1835/1835 1856/1856/1856 1857/1857/1857
f 1835/1835/1835 1857/1857/1857 1836/1836/1836
f 1836/1836/1836 1857/1857/1857 1858/1858/1858
f 1836/1836/1836 1858/1858/1858 1837/1837/1837
f 1837/1837/1837 1858/1858/1858 1859/1859/1859
f 1837/1837/1837 1859/1859/1859 1838/1838/1838
f 1838/1838/1838 1859/1859/1859 1860/1860/1860
f 1838/1838/1838 1860/1860/1860 1839/1839/1839
f 1839/1839/1839 1860/1860/1860 1861/1861/1861
f 1839/1839/1839 1861/1861/1861 1840/1840/1840
f 1840/1840/1840 1861/1861/1861 1862/1862/1862
f 1840/1840/1840 1862/1862/1862 1841/1841/1841
f 1841/1841/1841 1862/1862/1862 1863/1863/1863
f 1841/1841/1841 1863/1863/1863 1842/1842/1842
f 1842/1842/1842 1863/1863/1863 1864/1864/1864
f 1842/1842/1842 1864/1864/1864 1843/1843/1843
f 1843/1843/1843 1864/1864/1864 1865/1865/1865
f 1843/1843/1843 1865/1865/1865 1844/1844/1844
f 1844/1844/1844 1865/1865/1865 1866/1866/1866
f 1844/1844/1844 1866/1866/1866 1845/1845/1845
f 1845/1845/1845 1866/1866/1866 1867/1867/1867
f 1845/1845/1845 1867/1867/1867 1846/1846/1846
f 1846/1846/1846 1867/1867/1867 1868/1868/1868
f 1846/1846/1846 1868/1868/1868 1847/1847/1847
f 1847/1847/1847 1868/1868/1868 1869/1869/1869
f 1847/1847/1847 1869/1869/1869 1848/1848/1848
f 1849/1849/1849 1870/1870/1870 1871/1871/1871
f 1849/1849/1849 1871/1871/1871 1850/1850/1850
f 1850/1850/1850 1871/1871/1871 1872/1872/1872
f 1850/1850/1850 1872/1872/1872 1851/1851/1851
f 1851/1851/1851 1872/1872/1872 1873/1873/1873
f 1851/1851/1851 1873/1873/1873 1852/1852/1852
f 1852/1852/1852 1873/1873/1873 1874/1874/1874
f 1852/1852/1852 1874/1874/1874 1853/1853/1853
f 1853/1853/1853 1874/1874/1874 1875/1875/1875
f 1853/1853/1853 1875/1875/1875 1854/1854/1854
f 1854/1854/1854 1875/1875/1875 1876/1876/1876
f 1854/1854/1854 1876/1876/1876 1855/1855/1855
f 1855/1855/1855 1876/1876/1876 1877/1877/1877
f 1855/1855/1855 1877/1877/1877 1856/1856/1856
f 1856/1856/1856 1877/1877/1877 1878/1878/1878
f 1856/1856/1856 1878/1878/1878 1857/1857/1857
f 1857/1857/1857 1878/1878/1878 1879/1879/1879
f 1857/1857/1857 1879/1879/1879 1858/1858/1858
f 1858/1858/1858 1879/1879/1879 1880/1880/1880
f 1858/1858/1858 1880/1880/1880 1859/1859/1859
f 1859/1859/1859 1880/1880/1880 1881/1881/1881
f 1859/1859/1859 1881/1881/1881 1860/1860/1860
f 1860/1860/1860 1881/1881/1881 1882/1882/1882
f 1860/1860/1860 1882/1882/1882 1861/1861/1861
f 1861/1861/1861 1882/1882/1882 1883/1883/1883
f 1861/1861/1861 1883/1883/1883 1862/1862/1862
f 1862/1862/1862 1883/1883/1883 1884/1884/1884
f 1862/1862/1862 1884/1884/1884 1863/1863/1863
f 1863/1863/1863 1884/1884/1884 1885/1885/1885
f 1863/1863/1863 1885/1885/1885 1864/1864/1864
f 1864/1864/1864 1885/1885/1885 1886/1886/1886
f 1864/1864/1864 1886/1886/1886 1865/1865/1865
f 1865/1865/1865 1886/1886/1886 1887/1887/1887
f 1865/1865/1865 1887/1887/1887 1866/1866/1866
f 1866/1866/1866 1887/1887/1887 1888/1888/1888
f 1866/1866/1866 1888/1888/1888 1867/1867/1867
f 1867/1867/1867 1888/1888/1888 1889/1889/1889
f 1867/1867/1867 1889/1889/1889 1868/1868/1868
f 1868/1868/1868 1889/1889/1889 1890/1890/1890
f 1868/1868/1868 1890/1890/1890 1869/1869/1869
f 1870/1870/1870 1891/1891/1891 1892/1892/1892
f 1870/1870/1870 1892/1892/1892 1871/1871/1871
f 1871/1871/1871 1892/1892/1892 1893/1893/1893
f 1871/1871/1871 1893/1893/1893 1872/1872/1872
f 1872/1872/1872 1893/1893/1893 1894/1894/1894
f 1872/1872/1872 1894/1894/1894 1873/1873/1873
f 1873/1873/1873 1894/1894/1894 1895/1895/1895
f 1873/1873/1873 1895/1895/1895 1874/1874/1874
f 1874/1874/1874 1895/1895/1895 1896/1896/1896
f 1874/1874/1874 1896/1896/1896 1875/1875/1875
f 1875/1875/1875 1896/1896/1896 1897/1897/1897
f 1875/1875/1875 1897/1897/1897 1876/1876/1876
f 1876/1876/1876 1897/1897/1897 1898/1898/1898
f 1876/1876/1876 1898/1898/1898 1877/1877/1877
f 1877/1877/1877 1898/1898/1898 1899/1899/1899
f 1877/1877/1877 1899/1899/1899 1878/1878/1878
f 1878/1878/1878 1899/1899/1899 1900/1900/1900
f 1878/1878/1878 1900/1900/1900 1879/1879/1879
f 1879/1879/1879 1900/1900/1900 1901/1901/1901
f 1879/1879/1879 1901/1901/1901 1880/1880/1880
f 1880/1880/1880 1901/1901/1901 1902/1902/1902
f 1880/1880/1880 1902/1902/1902 1881/1881/1881
f 1881/1881/1881 1902/1902/1902 1903/1903/1903
f 1881/1881/1881 1903/1903/1903 1882/1882/1882
f 1882/1882/1882 1903/1903/1903 1904/1904/1904
f 1882/1882/1882 1904/1904/1904 1883/1883/1883
f 1883/1883/1883 1904/1904/1904 1905/1905/1905
f 1883/1883/1883 1905/1905/1905 1884/1884/1884
f 1884/1884/1884 1905/1905/1905 1906/1906/1906
f 1884/1884/1884 1906/1906/1906 1885/1885/1885
f 1885/1885/1885 1906/1906/1906 1907/1907/1907
f 1885/1885/1885 1907/1907/1907 1886/1886/1886
f 1886/1886/1886 1907/1907/1907 1908/1908/1908
f 1886/1886/1886 1908/1908/1908 1887/1887/1887
f 1887/1887/1887 1908/1908/1908 1909/1909/1909
f 1887/1887/1887 1909/1909/1909 1888/1888/1888
f 1888/1888/1888 1909/1909/1909 1910/1910/1910
f 1888/1888/1888 1910/1910/1910 1889/1889/1889
f 1889/1889/1889 1910/1910/1910 1911/1911/1911
f 1889/1889/1889 1911/1911/1911 1890/1890/1890
f 1891/1891/1891 1912/1912/1912 1913/1913/1913
f 1891/1891/1891 1913/1913/1913 1892/1892/1892
f 1892/1892/1892 1913/1913/1913 1914/1914/1914
f 1892/1892/1892 1914/1914/1914 1893/1893/1893
f 1893/1893/1893 1914/1914/1914 1915/1915/1915
f 1893/1893/1893 1915/1915/1915 1894/1894/1894
f 1894/1894/1894 1915/1915/1915 1916/1916/1916
f 1894/1894/1894 1916/1916/1916 1895/1895/1895
f 1895/1895/1895 1916/1916/1916 1917/1917/1917
f 1895/1895/1895 1917/1917/1917 1896/1896/1896
f 1896/1896/1896 1917/1917/1917 1918/1918/1918
f 1896/1896/1896 1918/1918/1918 1897/1897/1897
f 1897/1897/1897 1918/1918/1918 1919/1919/1919
f 1897/1897/1897 1919/1919/1919 1898/1898/1898
f 1898/1898/1898 1919/1919/1919 1920/1920/1920
f 1898/1898/1898 1920/1920/1920 1899/1899/1899
f 1899/1899/1899 1920/1920/1920 1921/1921/1921
f 1899/1899/1899 1921/1921/1921 1900/1900/1900
f 1900/1900/1900 1921/1921/1921 1922/1922/1922
f 1900/1900/1900 1922/1922/1922 1901/1901/1901
f 1901/1901/1901 1922/1922/1922 1923/1923/1923
f 1901/1901/1901 1923/1923/1923 1902/1902/1902
f 1902/1902/1902 1923/1923/1923 1924/1924/1924
f 1902/1902/1902 1924/1924/1924 1903/1903/1903
f 1903/1903/1903 1924/1924/1924 1925/1925/1925
f 1903/1903/1903 1925/1925/1925 1904/1904/1904
f 1904/1904/1904 1925/1925/1925 1926/1926/1926
f 1904/1904/1904 1926/1926/1926 1905/1905/1905
f 1905/1905/1905 1926/1926/1926 1927/1927/1927
f 1905/1905/1905 1927/1927/1927 1906/1906/1906
f 1906/1906/1906 1927/1927/1927 1928/1928/1928
f 1906/1906/1906 1928/1928/1928 1907/1907/1907
f 1907/1907/1907 1928/1928/1928 1929/1929/1929
f 1907/1907/1907 1929/1929/1929 1908/1908/1908
f 1908/1908/1908 1929/1929/1929 1930/1930/1930
f 1908/1908/1908 1930/1930/1930 1909/1909/1909
f 1909/1909/1909 1930/1930/1930 1931/1931/1931
f 1909/1909/1909 1931/1931/1931 1910/1910/1910
f 1910/1910/1910 1931/1931/1931 1932/1932/1932
f 1910/1910/1910 1932/1932/1932 1911/1911/1911
f 1912/1912/1912 1933/1933/1933 1934/1934/1934
f 1912/1912/1912 1934/1934/1934 1913/1913/1913
f 1913/1913/1913 1934/1934/1934 1935/1935/1935
f 1913/1913/1913 1935/1935/1935 1914/1914/1914
f 1914/1914/1914 1935/1935/1935 1936/1936/1936
f 1914/1914/1914 1936/1936/1936 1915/1915/1915
f 1915/1915/1915 1936/1936/1936 1937/1937/1937
f 1915/1915/1915 1937/1937/1937 1916/1916/1916
f 1916/1916/1916 1937/1937/1937 1938/1938/1938
f 1916/1916/1916 1938/1938/1938 1917/1917/1917
f 1917/1917/1917 1938/1938/1938 1939/1939/1939
f 1917/1917/1917 1939/1939/1939 1918/1918/1918
f 1918/1918/1918 1939/1939/1939 1940/1940/1940
f 1918/1918/1918 1940/1940/1940 1919/1919/1919
f 1919/1919/1919 1940/1940/1940 1941/1941/1941
f 1919/1919/1919 1941/1941/1941 1920/1920/1920
f 1920/1920/1920 1941/1941/1941 1942/1942/1942
f 1920/1920/1920 1942/1942/1942 1921/1921/1921
f 1921/1921/1921 1942/1942/1942 1943/1943/1943
f 1921/1921/1921 1943/1943/1943 1922/1922/1922
f 1922/1922/1922 1943/1943/1943 1944/1944/1944
f 1922/1922/1922 1944/1944/1944 1923/1923/1923
f 1923/1923/1923 1944/1944/1944 1945/1945/1945
f 1923/1923/1923 1945/1945/1945 1924/1924/1924
f 1924/1924/1924 1945/1945/1945 1946/1946/1946
f 1924/1924/1924 1946/1946/1946 1925/1925/1925
f 1925/1925/1925 1946/1946/1946 1947/1947/1947
f 1925/1925/1925 1947/1947/1947 1926/1926/1926
f 1926/1926/1926 1947/1947/1947 1948/1948/1948
f 1926/1926/1926 1948/1948/1948 1927/1927/1927
f 1927/1927/1927 1948/1948/1948 1949/1949/1949
f 1927/1927/1927 1949/1949/1949 1928/1928/1928
f 1928/1928/1928 1949/1949/1949 1950/1950/1950
f 1928/1928/1928 1950/1950/1950 1929/1929/1929
f 1929/1929/1929 1950/1950/1950 1951/1951/1951
f 1929/1929/1929 1951/1951/1951 1930/1930/1930
f 1930/1930/1930 1951/1951/1951 1952/1952/1952
f 1930/1930/1930 1952/1952/1952 1931/1931/1931
f 1931/1931/1931 1952/1952/1952 1953/1953/1953
f 1931/1931/1931 1953/1953/1953 1932/1932/1932
