# procedural asset
v 0.00000 0.19000 0.00000
v 0.01721 0.18889 0.00000
v 0.03399 0.18560 0.00000
v 0.04994 0.18019 0.00000
v 0.06466 0.17281 0.00000
v 0.07778 0.16364 0.00000
v 0.08899 0.15290 0.00000
v 0.09801 0.14086 0.00000
v 0.10462 0.12781 0.00000
v 0.10865 0.11408 0.00000
v 0.11000 0.10000 0.00000
v 0.10865 0.08592 0.00000
v 0.10462 0.07219 0.00000
v 0.09801 0.05914 0.00000
v 0.08899 0.04710 0.00000
v 0.07778 0.03636 0.00000
v 0.06466 0.02719 0.00000
v 0.04994 0.01981 0.00000
v 0.03399 0.01440 0.00000
v 0.01721 0.01111 0.00000
v 0.00000 0.01000 0.00000
v 0.00000 0.19000 0.00000
v 0.01683 0.18889 0.00553
v 0.03325 0.18560 0.01092
v 0.04885 0.18019 0.01605
v 0.06324 0.17281 0.02078
v 0.07608 0.16364 0.02499
v 0.08705 0.15290 0.02859
v 0.09587 0.14086 0.03149
v 0.10233 0.12781 0.03362
v 0.10627 0.11408 0.03491
v 0.10760 0.10000 0.03534
v 0.10627 0.08592 0.03491
v 0.10233 0.07219 0.03362
v 0.09587 0.05914 0.03149
v 0.08705 0.04710 0.02859
v 0.07608 0.03636 0.02499
v 0.06324 0.02719 0.02078
v 0.04885 0.01981 0.01605
v 0.03325 0.01440 0.01092
v 0.01683 0.01111 0.00553
v 0.00000 0.01000 0.00000
v 0.00000 0.19000 0.00000
v 0.01572 0.18889 0.01082
v 0.03105 0.18560 0.02137
v 0.04562 0.18019 0.03139
v 0.05907 0.17281 0.04064
v 0.07106 0.16364 0.04889
v 0.08130 0.15290 0.05594
v 0.08954 0.14086 0.06161
v 0.09557 0.12781 0.06576
v 0.09925 0.11408 0.06829
v 0.10049 0.10000 0.06915
v 0.09925 0.08592 0.06829
v 0.09557 0.07219 0.06576
v 0.08954 0.05914 0.06161
v 0.08130 0.04710 0.05594
v 0.07106 0.03636 0.04889
v 0.05907 0.02719 0.04064
v 0.04562 0.01981 0.03139
v 0.03105 0.01440 0.02137
v 0.01572 0.01111 0.01082
v 0.00000 0.01000 0.00000
v 0.00000 0.19000 0.00000
v 0.01392 0.18889 0.01563
v 0.02750 0.18560 0.03088
v 0.04040 0.18019 0.04536
v 0.05231 0.17281 0.05873
v 0.06293 0.16364 0.07066
v 0.07200 0.15290 0.08084
v 0.07929 0.14086 0.08903
v 0.08464 0.12781 0.09503
v 0.08790 0.11408 0.09869
v 0.08899 0.10000 0.09992
v 0.08790 0.08592 0.09869
v 0.08464 0.07219 0.09503
v 0.07929 0.05914 0.08903
v 0.07200 0.04710 0.08084
v 0.06293 0.03636 0.07066
v 0.05231 0.02719 0.05873
v 0.04040 0.01981 0.04536
v 0.02750 0.01440 0.03088
v 0.01392 0.01111 0.01563
v 0.00000 0.01000 0.00000
v 0.00000 0.19000 0.00000
v 0.01151 0.18889 0.01976
v 0.02275 0.18560 0.03904
v 0.03342 0.18019 0.05735
v 0.04326 0.17281 0.07426
v 0.05205 0.16364 0.08933
v 0.05955 0.15290 0.10221
v 0.06558 0.14086 0.11256
v 0.07000 0.12781 0.12015
v 0.07270 0.11408 0.12478
v 0.07360 0.10000 0.12633
v 0.07270 0.08592 0.12478
v 0.07000 0.07219 0.12015
v 0.06558 0.05914 0.11256
v 0.05955 0.04710 0.10221
v 0.05205 0.03636 0.08933
v 0.04326 0.02719 0.07426
v 0.03342 0.01981 0.05735
v 0.02275 0.01440 0.03904
v 0.01151 0.01111 0.01976
v 0.00000 0.01000 0.00000
v 0.00000 0.19000 0.00000
v 0.00860 0.18889 0.02303
v 0.01700 0.18560 0.04549
v 0.02497 0.18019 0.06684
v 0.03233 0.17281 0.08654
v 0.03889 0.16364 0.10410
v 0.04450 0.15290 0.11911
v 0.04901 0.14086 0.13118
v 0.05231 0.12781 0.14002
v 0.05432 0.11408 0.14541
v 0.05500 0.10000 0.14722
v 0.05432 0.08592 0.14541
v 0.05231 0.07219 0.14002
v 0.04901 0.05914 0.13118
v 0.04450 0.04710 0.11911
v 0.03889 0.03636 0.10410
v 0.03233 0.02719 0.08654
v 0.02497 0.01981 0.06684
v 0.01700 0.01440 0.04549
v 0.00860 0.01111 0.02303
v 0.00000 0.01000 0.00000
v 0.00000 0.19000 0.00000
v 0.00532 0.18889 0.02529
v 0.01050 0.18560 0.04996
v 0.01543 0.18019 0.07340
v 0.01998 0.17281 0.09503
v 0.02404 0.16364 0.11432
v 0.02750 0.15290 0.13080
v 0.03029 0.14086 0.14406
v 0.03233 0.12781 0.15377
v 0.03357 0.11408 0.15969
v 0.03399 0.10000 0.16168
v 0.03357 0.08592 0.15969
v 0.03233 0.07219 0.15377
v 0.03029 0.05914 0.14406
v 0.02750 0.04710 0.13080
v 0.02404 0.03636 0.11432
v 0.01998 0.02719 0.09503
v 0.01543 0.01981 0.07340
v 0.01050 0.01440 0.04996
v 0.00532 0.01111 0.02529
v 0.00000 0.01000 0.00000
v 0.00000 0.19000 0.00000
v 0.00180 0.18889 0.02645
v 0.00355 0.18560 0.05225
v 0.00522 0.18019 0.07676
v 0.00676 0.17281 0.09938
v 0.00813 0.16364 0.11955
v 0.00930 0.15290 0.13678
v 0.01024 0.14086 0.15064
v 0.01094 0.12781 0.16079
v 0.01136 0.11408 0.16699
v 0.01150 0.10000 0.16907
v 0.01136 0.08592 0.16699
v 0.01094 0.07219 0.16079
v 0.01024 0.05914 0.15064
v 0.00930 0.04710 0.13678
v 0.00813 0.03636 0.11955
v 0.00676 0.02719 0.09938
v 0.00522 0.01981 0.07676
v 0.00355 0.01440 0.05225
v 0.00180 0.01111 0.02645
v 0.00000 0.01000 0.00000
v 0.00000 0.19000 0.00000
v -0.00180 0.18889 0.02645
v -0.00355 0.18560 0.05225
v -0.00522 0.18019 0.07676
v -0.00676 0.17281 0.09938
v -0.00813 0.16364 0.11955
v -0.00930 0.15290 0.13678
v -0.01024 0.14086 0.15064
v -0.01094 0.12781 0.16079
v -0.01136 0.11408 0.16699
v -0.01150 0.10000 0.16907
v -0.01136 0.08592 0.16699
v -0.01094 0.07219 0.16079
v -0.01024 0.05914 0.15064
v -0.00930 0.04710 0.13678
v -0.00813 0.03636 0.11955
v -0.00676 0.02719 0.09938
v -0.00522 0.01981 0.07676
v -0.00355 0.01440 0.05225
v -0.00180 0.01111 0.02645
v -0.00000 0.01000 0.00000
v 0.00000 0.19000 0.00000
v -0.00532 0.18889 0.02529
v -0.01050 0.18560 0.04996
v -0.01543 0.18019 0.07340
v -0.01998 0.17281 0.09503
v -0.02404 0.16364 0.11432
v -0.02750 0.15290 0.13080
v -0.03029 0.14086 0.14406
v -0.03233 0.12781 0.15377
v -0.03357 0.11408 0.15969
v -0.03399 0.10000 0.16168
v -0.03357 0.08592 0.15969
v -0.03233 0.07219 0.15377
v -0.03029 0.05914 0.14406
v -0.02750 0.04710 0.13080
v -0.02404 0.03636 0.11432
v -0.01998 0.02719 0.09503
v -0.01543 0.01981 0.07340
v -0.01050 0.01440 0.04996
v -0.00532 0.01111 0.02529
v -0.00000 0.01000 0.00000
v 0.00000 0.19000 0.00000
v -0.00860 0.18889 0.02303
v -0.01700 0.18560 0.04549
v -0.02497 0.18019 0.06684
v -0.03233 0.17281 0.08654
v -0.03889 0.16364 0.10410
v -0.04450 0.15290 0.11911
v -0.04901 0.14086 0.13118
v -0.05231 0.12781 0.14002
v -0.05432 0.11408 0.14541
v -0.05500 0.10000 0.14722
v -0.05432 0.08592 0.14541
v -0.05231 0.07219 0.14002
v -0.04901 0.05914 0.13118
v -0.04450 0.04710 0.11911
v -0.03889 0.03636 0.10410
v -0.03233 0.02719 0.08654
v -0.02497 0.01981 0.06684
v -0.01700 0.01440 0.04549
v -0.00860 0.01111 0.02303
v -0.00000 0.01000 0.00000
v 0.00000 0.19000 0.00000
v -0.01151 0.18889 0.01976
v -0.02275 0.18560 0.03904
v -0.03342 0.18019 0.05735
v -0.04326 0.17281 0.07426
v -0.05205 0.16364 0.08933
v -0.05955 0.15290 0.10221
v -0.06558 0.14086 0.11256
v -0.07000 0.12781 0.12015
v -0.07270 0.11408 0.12478
v -0.07360 0.10000 0.12633
v -0.07270 0.08592 0.12478
v -0.07000 0.07219 0.12015
v -0.06558 0.05914 0.11256
v -0.05955 0.04710 0.10221
v -0.05205 0.03636 0.08933
v -0.04326 0.02719 0.07426
v -0.03342 0.01981 0.05735
v -0.02275 0.01440 0.03904
v -0.01151 0.01111 0.01976
v -0.00000 0.01000 0.00000
v 0.00000 0.19000 0.00000
v -0.01392 0.18889 0.01563
v -0.02750 0.18560 0.03088
v -0.04040 0.18019 0.04536
v -0.05231 0.17281 0.05873
v -0.06293 0.16364 0.07066
v -0.07200 0.15290 0.08084
v -0.07929 0.14086 0.08903
v -0.08464 0.12781 0.09503
v -0.08790 0.11408 0.09869
v -0.08899 0.10000 0.09992
v -0.08790 0.08592 0.09869
v -0.08464 0.07219 0.09503
v -0.07929 0.05914 0.08903
v -0.07200 0.04710 0.08084
v -0.06293 0.03636 0.07066
v -0.05231 0.02719 0.05873
v -0.04040 0.01981 0.04536
v -0.02750 0.01440 0.03088
v -0.01392 0.01111 0.01563
v -0.00000 0.01000 0.00000
v 0.00000 0.19000 0.00000
v -0.01572 0.18889 0.01082
v -0.03105 0.18560 0.02137
v -0.04562 0.18019 0.03139
v -0.05907 0.17281 0.04064
v -0.07106 0.16364 0.04889
v -0.08130 0.15290 0.05594
v -0.08954 0.14086 0.06161
v -0.09557 0.12781 0.06576
v -0.09925 0.11408 0.06829
v -0.10049 0.10000 0.06915
v -0.09925 0.08592 0.06829
v -0.09557 0.07219 0.06576
v -0.08954 0.05914 0.06161
v -0.08130 0.04710 0.05594
v -0.07106 0.03636 0.04889
v -0.05907 0.02719 0.04064
v -0.04562 0.01981 0.03139
v -0.03105 0.01440 0.02137
v -0.01572 0.01111 0.01082
v -0.00000 0.01000 0.00000
v 0.00000 0.19000 0.00000
v -0.01683 0.18889 0.00553
v -0.03325 0.18560 0.01092
v -0.04885 0.18019 0.01605
v -0.06324 0.17281 0.02078
v -0.07608 0.16364 0.02499
v -0.08705 0.15290 0.02859
v -0.09587 0.14086 0.03149
v -0.10233 0.12781 0.03362
v -0.10627 0.11408 0.03491
v -0.10760 0.10000 0.03534
v -0.10627 0.08592 0.03491
v -0.10233 0.07219 0.03362
v -0.09587 0.05914 0.03149
v -0.08705 0.04710 0.02859
v -0.07608 0.03636 0.02499
v -0.06324 0.02719 0.02078
v -0.04885 0.01981 0.01605
v -0.03325 0.01440 0.01092
v -0.01683 0.01111 0.00553
v -0.00000 0.01000 0.00000
v 0.00000 0.19000 0.00000
v -0.01721 0.18889 0.00000
v -0.03399 0.18560 0.00000
v -0.04994 0.18019 0.00000
v -0.06466 0.17281 0.00000
v -0.07778 0.16364 0.00000
v -0.08899 0.15290 0.00000
v -0.09801 0.14086 0.00000
v -0.10462 0.12781 0.00000
v -0.10865 0.11408 0.00000
v -0.11000 0.10000 0.00000
v -0.10865 0.08592 0.00000
v -0.10462 0.07219 0.00000
v -0.09801 0.05914 0.00000
v -0.08899 0.04710 0.00000
v -0.07778 0.03636 0.00000
v -0.06466 0.02719 0.00000
v -0.04994 0.01981 0.00000
v -0.03399 0.01440 0.00000
v -0.01721 0.01111 0.00000
v -0.00000 0.01000 0.00000
v 0.00000 0.19000 0.00000
v -0.01683 0.18889 -0.00553
v -0.03325 0.18560 -0.01092
v -0.04885 0.18019 -0.01605
v -0.06324 0.17281 -0.02078
v -0.07608 0.16364 -0.02499
v -0.08705 0.15290 -0.02859
v -0.09587 0.14086 -0.03149
v -0.10233 0.12781 -0.03362
v -0.10627 0.11408 -0.03491
v -0.10760 0.10000 -0.03534
v -0.10627 0.08592 -0.03491
v -0.10233 0.07219 -0.03362
v -0.09587 0.05914 -0.03149
v -0.08705 0.04710 -0.02859
v -0.07608 0.03636 -0.02499
v -0.06324 0.02719 -0.02078
v -0.04885 0.01981 -0.01605
v -0.03325 0.01440 -0.01092
v -0.01683 0.01111 -0.00553
v -0.00000 0.01000 -0.00000
v 0.00000 0.19000 0.00000
v -0.01572 0.18889 -0.01082
v -0.03105 0.18560 -0.02137
v -0.04562 0.18019 -0.03139
v -0.05907 0.17281 -0.04064
v -0.07106 0.16364 -0.04889
v -0.08130 0.15290 -0.05594
v -0.08954 0.14086 -0.06161
v -0.09557 0.12781 -0.06576
v -0.09925 0.11408 -0.06829
v -0.10049 0.10000 -0.06915
v -0.09925 0.08592 -0.06829
v -0.09557 0.07219 -0.06576
v -0.08954 0.05914 -0.06161
v -0.08130 0.04710 -0.05594
v -0.07106 0.03636 -0.04889
v -0.05907 0.02719 -0.04064
v -0.04562 0.01981 -0.03139
v -0.03105 0.01440 -0.02137
v -0.01572 0.01111 -0.01082
v -0.00000 0.01000 -0.00000
v 0.00000 0.19000 0.00000
v -0.01392 0.18889 -0.01563
v -0.02750 0.18560 -0.03088
v -0.04040 0.18019 -0.04536
v -0.05231 0.17281 -0.05873
v -0.06293 0.16364 -0.07066
v -0.07200 0.15290 -0.08084
v -0.07929 0.14086 -0.08903
v -0.08464 0.12781 -0.09503
v -0.08790 0.11408 -0.09869
v -0.08899 0.10000 -0.09992
v -0.08790 0.08592 -0.09869
v -0.08464 0.07219 -0.09503
v -0.07929 0.05914 -0.08903
v -0.07200 0.04710 -0.08084
v -0.06293 0.03636 -0.07066
v -0.05231 0.02719 -0.05873
v -0.04040 0.01981 -0.04536
v -0.02750 0.01440 -0.03088
v -0.01392 0.01111 -0.01563
v -0.00000 0.01000 -0.00000
v 0.00000 0.19000 0.00000
v -0.01151 0.18889 -0.01976
v -0.02275 0.18560 -0.03904
v -0.03342 0.18019 -0.05735
v -0.04326 0.17281 -0.07426
v -0.05205 0.16364 -0.08933
v -0.05955 0.15290 -0.10221
v -0.06558 0.14086 -0.11256
v -0.07000 0.12781 -0.12015
v -0.07270 0.11408 -0.12478
v -0.07360 0.10000 -0.12633
v -0.07270 0.08592 -0.12478
v -0.07000 0.07219 -0.12015
v -0.06558 0.05914 -0.11256
v -0.05955 0.04710 -0.10221
v -0.05205 0.03636 -0.08933
v -0.04326 0.02719 -0.07426
v -0.03342 0.01981 -0.05735
v -0.02275 0.01440 -0.03904
v -0.01151 0.01111 -0.01976
v -0.00000 0.01000 -0.00000
v 0.00000 0.19000 0.00000
v -0.00860 0.18889 -0.02303
v -0.01700 0.18560 -0.04549
v -0.02497 0.18019 -0.06684
v -0.03233 0.17281 -0.08654
v -0.03889 0.16364 -0.10410
v -0.04450 0.15290 -0.11911
v -0.04901 0.14086 -0.13118
v -0.05231 0.12781 -0.14002
v -0.05432 0.11408 -0.14541
v -0.05500 0.10000 -0.14722
v -0.05432 0.08592 -0.14541
v -0.05231 0.07219 -0.14002
v -0.04901 0.05914 -0.13118
v -0.04450 0.04710 -0.11911
v -0.03889 0.03636 -0.10410
v -0.03233 0.02719 -0.08654
v -0.02497 0.01981 -0.06684
v -0.01700 0.01440 -0.04549
v -0.00860 0.01111 -0.02303
v -0.00000 0.01000 -0.00000
v 0.00000 0.19000 0.00000
v -0.00532 0.18889 -0.02529
v -0.01050 0.18560 -0.04996
v -0.01543 0.18019 -0.07340
v -0.01998 0.17281 -0.09503
v -0.02404 0.16364 -0.11432
v -0.02750 0.15290 -0.13080
v -0.03029 0.14086 -0.14406
v -0.03233 0.12781 -0.15377
v -0.03357 0.11408 -0.15969
v -0.03399 0.10000 -0.16168
v -0.03357 0.08592 -0.15969
v -0.03233 0.07219 -0.15377
v -0.03029 0.05914 -0.14406
v -0.02750 0.04710 -0.13080
v -0.02404 0.03636 -0.11432
v -0.01998 0.02719 -0.09503
v -0.01543 0.01981 -0.07340
v -0.01050 0.01440 -0.04996
v -0.00532 0.01111 -0.02529
v -0.00000 0.01000 -0.00000
v 0.00000 0.19000 0.00000
v -0.00180 0.18889 -0.02645
v -0.00355 0.18560 -0.05225
v -0.00522 0.18019 -0.07676
v -0.00676 0.17281 -0.09938
v -0.00813 0.16364 -0.11955
v -0.00930 0.15290 -0.13678
v -0.01024 0.14086 -0.15064
v -0.01094 0.12781 -0.16079
v -0.01136 0.11408 -0.16699
v -0.01150 0.10000 -0.16907
v -0.01136 0.08592 -0.16699
v -0.01094 0.07219 -0.16079
v -0.01024 0.05914 -0.15064
v -0.00930 0.04710 -0.13678
v -0.00813 0.03636 -0.11955
v -0.00676 0.02719 -0.09938
v -0.00522 0.01981 -0.07676
v -0.00355 0.01440 -0.05225
v -0.00180 0.01111 -0.02645
v -0.00000 0.01000 -0.00000
v 0.00000 0.19000 0.00000
v 0.00180 0.18889 -0.02645
v 0.00355 0.18560 -0.05225
v 0.00522 0.18019 -0.07676
v 0.00676 0.17281 -0.09938
v 0.00813 0.16364 -0.11955
v 0.00930 0.15290 -0.13678
v 0.01024 0.14086 -0.15064
v 0.01094 0.12781 -0.16079
v 0.01136 0.11408 -0.16699
v 0.01150 0.10000 -0.16907
v 0.01136 0.08592 -0.16699
v 0.01094 0.07219 -0.16079
v 0.01024 0.05914 -0.15064
v 0.00930 0.04710 -0.13678
v 0.00813 0.03636 -0.11955
v 0.00676 0.02719 -0.09938
v 0.00522 0.01981 -0.07676
v 0.00355 0.01440 -0.05225
v 0.00180 0.01111 -0.02645
v 0.00000 0.01000 -0.00000
v 0.00000 0.19000 0.00000
v 0.00532 0.18889 -0.02529
v 0.01050 0.18560 -0.04996
v 0.01543 0.18019 -0.07340
v 0.01998 0.17281 -0.09503
v 0.02404 0.16364 -0.11432
v 0.02750 0.15290 -0.13080
v 0.03029 0.14086 -0.14406
v 0.03233 0.12781 -0.15377
v 0.03357 0.11408 -0.15969
v 0.03399 0.10000 -0.16168
v 0.03357 0.08592 -0.15969
v 0.03233 0.07219 -0.15377
v 0.03029 0.05914 -0.14406
v 0.02750 0.04710 -0.13080
v 0.02404 0.03636 -0.11432
v 0.01998 0.02719 -0.09503
v 0.01543 0.01981 -0.07340
v 0.01050 0.01440 -0.04996
v 0.00532 0.01111 -0.02529
v 0.00000 0.01000 -0.00000
v 0.00000 0.19000 0.00000
v 0.00860 0.18889 -0.02303
v 0.01700 0.18560 -0.04549
v 0.02497 0.18019 -0.06684
v 0.03233 0.17281 -0.08654
v 0.03889 0.16364 -0.10410
v 0.04450 0.15290 -0.11911
v 0.04901 0.14086 -0.13118
v 0.05231 0.12781 -0.14002
v 0.05432 0.11408 -0.14541
v 0.05500 0.10000 -0.14722
v 0.05432 0.08592 -0.14541
v 0.05231 0.07219 -0.14002
v 0.04901 0.05914 -0.13118
v 0.04450 0.04710 -0.11911
v 0.03889 0.03636 -0.10410
v 0.03233 0.02719 -0.08654
v 0.02497 0.01981 -0.06684
v 0.01700 0.01440 -0.04549
v 0.00860 0.01111 -0.02303
v 0.00000 0.01000 -0.00000
v 0.00000 0.19000 0.00000
v 0.01151 0.18889 -0.01976
v 0.02275 0.18560 -0.03904
v 0.03342 0.18019 -0.05735
v 0.04326 0.17281 -0.07426
v 0.05205 0.16364 -0.08933
v 0.05955 0.15290 -0.10221
v 0.06558 0.14086 -0.11256
v 0.07000 0.12781 -0.12015
v 0.07270 0.11408 -0.12478
v 0.07360 0.10000 -0.12633
v 0.07270 0.08592 -0.12478
v 0.07000 0.07219 -0.12015
v 0.06558 0.05914 -0.11256
v 0.05955 0.04710 -0.10221
v 0.05205 0.03636 -0.08933
v 0.04326 0.02719 -0.07426
v 0.03342 0.01981 -0.05735
v 0.02275 0.01440 -0.03904
v 0.01151 0.01111 -0.01976
v 0.00000 0.01000 -0.00000
v 0.00000 0.19000 0.00000
v 0.01392 0.18889 -0.01563
v 0.02750 0.18560 -0.03088
v 0.04040 0.18019 -0.04536
v 0.05231 0.17281 -0.05873
v 0.06293 0.16364 -0.07066
v 0.07200 0.15290 -0.08084
v 0.07929 0.14086 -0.08903
v 0.08464 0.12781 -0.09503
v 0.08790 0.11408 -0.09869
v 0.08899 0.10000 -0.09992
v 0.08790 0.08592 -0.09869
v 0.08464 0.07219 -0.09503
v 0.07929 0.05914 -0.08903
v 0.07200 0.04710 -0.08084
v 0.06293 0.03636 -0.07066
v 0.05231 0.02719 -0.05873
v 0.04040 0.01981 -0.04536
v 0.02750 0.01440 -0.03088
v 0.01392 0.01111 -0.01563
v 0.00000 0.01000 -0.00000
v 0.00000 0.19000 0.00000
v 0.01572 0.18889 -0.01082
v 0.03105 0.18560 -0.02137
v 0.04562 0.18019 -0.03139
v 0.05907 0.17281 -0.04064
v 0.07106 0.16364 -0.04889
v 0.08130 0.15290 -0.05594
v 0.08954 0.14086 -0.06161
v 0.09557 0.12781 -0.06576
v 0.09925 0.11408 -0.06829
v 0.10049 0.10000 -0.06915
v 0.09925 0.08592 -0.06829
v 0.09557 0.07219 -0.06576
v 0.08954 0.05914 -0.06161
v 0.08130 0.04710 -0.05594
v 0.07106 0.03636 -0.04889
v 0.05907 0.02719 -0.04064
v 0.04562 0.01981 -0.03139
v 0.03105 0.01440 -0.02137
v 0.01572 0.01111 -0.01082
v 0.00000 0.01000 -0.00000
v 0.00000 0.19000 0.00000
v 0.01683 0.18889 -0.00553
v 0.03325 0.18560 -0.01092
v 0.04885 0.18019 -0.01605
v 0.06324 0.17281 -0.02078
v 0.07608 0.16364 -0.02499
v 0.08705 0.15290 -0.02859
v 0.09587 0.14086 -0.03149
v 0.10233 0.12781 -0.03362
v 0.10627 0.11408 -0.03491
v 0.10760 0.10000 -0.03534
v 0.10627 0.08592 -0.03491
v 0.10233 0.07219 -0.03362
v 0.09587 0.05914 -0.03149
v 0.08705 0.04710 -0.02859
v 0.07608 0.03636 -0.02499
v 0.06324 0.02719 -0.02078
v 0.04885 0.01981 -0.01605
v 0.03325 0.01440 -0.01092
v 0.01683 0.01111 -0.00553
v 0.00000 0.01000 -0.00000
v 0.00000 0.19000 0.00000
v 0.01721 0.18889 -0.00000
v 0.03399 0.18560 -0.00000
v 0.04994 0.18019 -0.00000
v 0.06466 0.17281 -0.00000
v 0.07778 0.16364 -0.00000
v 0.08899 0.15290 -0.00000
v 0.09801 0.14086 -0.00000
v 0.10462 0.12781 -0.00000
v 0.10865 0.11408 -0.00000
v 0.11000 0.10000 -0.00000
v 0.10865 0.08592 -0.00000
v 0.10462 0.07219 -0.00000
v 0.09801 0.05914 -0.00000
v 0.08899 0.04710 -0.00000
v 0.07778 0.03636 -0.00000
v 0.06466 0.02719 -0.00000
v 0.04994 0.01981 -0.00000
v 0.03399 0.01440 -0.00000
v 0.01721 0.01111 -0.00000
v 0.00000 0.01000 -0.00000
v 0.00000 0.26500 -0.10000
v 0.01017 0.26420 -0.10000
v 0.02009 0.26182 -0.10000
v 0.02951 0.25792 -0.10000
v 0.03821 0.25259 -0.10000
v 0.04596 0.24596 -0.10000
v 0.05259 0.23821 -0.10000
v 0.05792 0.22951 -0.10000
v 0.06182 0.22009 -0.10000
v 0.06420 0.21017 -0.10000
v 0.06500 0.20000 -0.10000
v 0.06420 0.18983 -0.10000
v 0.06182 0.17991 -0.10000
v 0.05792 0.17049 -0.10000
v 0.05259 0.16179 -0.10000
v 0.04596 0.15404 -0.10000
v 0.03821 0.14741 -0.10000
v 0.02951 0.14208 -0.10000
v 0.02009 0.13818 -0.10000
v 0.01017 0.13580 -0.10000
v 0.00000 0.13500 -0.10000
v 0.00000 0.26500 -0.10000
v 0.00995 0.26420 -0.09772
v 0.01965 0.26182 -0.09550
v 0.02886 0.25792 -0.09339
v 0.03737 0.25259 -0.09145
v 0.04496 0.24596 -0.08971
v 0.05144 0.23821 -0.08823
v 0.05665 0.22951 -0.08703
v 0.06047 0.22009 -0.08616
v 0.06280 0.21017 -0.08563
v 0.06358 0.20000 -0.08545
v 0.06280 0.18983 -0.08563
v 0.06047 0.17991 -0.08616
v 0.05665 0.17049 -0.08703
v 0.05144 0.16179 -0.08823
v 0.04496 0.15404 -0.08971
v 0.03737 0.14741 -0.09145
v 0.02886 0.14208 -0.09339
v 0.01965 0.13818 -0.09550
v 0.00995 0.13580 -0.09772
v 0.00000 0.13500 -0.10000
v 0.00000 0.26500 -0.10000
v 0.00929 0.26420 -0.09555
v 0.01835 0.26182 -0.09120
v 0.02696 0.25792 -0.08707
v 0.03490 0.25259 -0.08326
v 0.04199 0.24596 -0.07987
v 0.04804 0.23821 -0.07697
v 0.05291 0.22951 -0.07463
v 0.05647 0.22009 -0.07292
v 0.05865 0.21017 -0.07188
v 0.05938 0.20000 -0.07153
v 0.05865 0.18983 -0.07188
v 0.05647 0.17991 -0.07292
v 0.05291 0.17049 -0.07463
v 0.04804 0.16179 -0.07697
v 0.04199 0.15404 -0.07987
v 0.03490 0.14741 -0.08326
v 0.02696 0.14208 -0.08707
v 0.01835 0.13818 -0.09120
v 0.00929 0.13580 -0.09555
v 0.00000 0.13500 -0.10000
v 0.00000 0.26500 -0.10000
v 0.00823 0.26420 -0.09356
v 0.01625 0.26182 -0.08729
v 0.02387 0.25792 -0.08132
v 0.03091 0.25259 -0.07582
v 0.03718 0.24596 -0.07091
v 0.04254 0.23821 -0.06671
v 0.04685 0.22951 -0.06334
v 0.05001 0.22009 -0.06087
v 0.05194 0.21017 -0.05936
v 0.05259 0.20000 -0.05886
v 0.05194 0.18983 -0.05936
v 0.05001 0.17991 -0.06087
v 0.04685 0.17049 -0.06334
v 0.04254 0.16179 -0.06671
v 0.03718 0.15404 -0.07091
v 0.03091 0.14741 -0.07582
v 0.02387 0.14208 -0.08132
v 0.01625 0.13818 -0.08729
v 0.00823 0.13580 -0.09356
v 0.00000 0.13500 -0.10000
v 0.00000 0.26500 -0.10000
v 0.00680 0.26420 -0.09186
v 0.01344 0.26182 -0.08392
v 0.01975 0.25792 -0.07638
v 0.02556 0.25259 -0.06942
v 0.03075 0.24596 -0.06322
v 0.03519 0.23821 -0.05791
v 0.03875 0.22951 -0.05365
v 0.04136 0.22009 -0.05053
v 0.04296 0.21017 -0.04862
v 0.04349 0.20000 -0.04798
v 0.04296 0.18983 -0.04862
v 0.04136 0.17991 -0.05053
v 0.03875 0.17049 -0.05365
v 0.03519 0.16179 -0.05791
v 0.03075 0.15404 -0.06322
v 0.02556 0.14741 -0.06942
v 0.01975 0.14208 -0.07638
v 0.01344 0.13818 -0.08392
v 0.00680 0.13580 -0.09186
v 0.00000 0.13500 -0.10000
v 0.00000 0.26500 -0.10000
v 0.00508 0.26420 -0.09052
v 0.01004 0.26182 -0.08127
v 0.01475 0.25792 -0.07248
v 0.01910 0.25259 -0.06437
v 0.02298 0.24596 -0.05713
v 0.02629 0.23821 -0.05096
v 0.02896 0.22951 -0.04599
v 0.03091 0.22009 -0.04235
v 0.03210 0.21017 -0.04012
v 0.03250 0.20000 -0.03938
v 0.03210 0.18983 -0.04012
v 0.03091 0.17991 -0.04235
v 0.02896 0.17049 -0.04599
v 0.02629 0.16179 -0.05096
v 0.02298 0.15404 -0.05713
v 0.01910 0.14741 -0.06437
v 0.01475 0.14208 -0.07248
v 0.01004 0.13818 -0.08127
v 0.00508 0.13580 -0.09052
v 0.00000 0.13500 -0.10000
v 0.00000 0.26500 -0.10000
v 0.00314 0.26420 -0.08959
v 0.00621 0.26182 -0.07943
v 0.00912 0.25792 -0.06978
v 0.01181 0.25259 -0.06087
v 0.01420 0.24596 -0.05293
v 0.01625 0.23821 -0.04614
v 0.01790 0.22951 -0.04068
v 0.01910 0.22009 -0.03668
v 0.01984 0.21017 -0.03425
v 0.02009 0.20000 -0.03343
v 0.01984 0.18983 -0.03425
v 0.01910 0.17991 -0.03668
v 0.01790 0.17049 -0.04068
v 0.01625 0.16179 -0.04614
v 0.01420 0.15404 -0.05293
v 0.01181 0.14741 -0.06087
v 0.00912 0.14208 -0.06978
v 0.00621 0.13818 -0.07943
v 0.00314 0.13580 -0.08959
v 0.00000 0.13500 -0.10000
v 0.00000 0.26500 -0.10000
v 0.00106 0.26420 -0.08911
v 0.00210 0.26182 -0.07849
v 0.00308 0.25792 -0.06839
v 0.00399 0.25259 -0.05908
v 0.00480 0.24596 -0.05077
v 0.00550 0.23821 -0.04368
v 0.00605 0.22951 -0.03797
v 0.00646 0.22009 -0.03379
v 0.00671 0.21017 -0.03124
v 0.00679 0.20000 -0.03038
v 0.00671 0.18983 -0.03124
v 0.00646 0.17991 -0.03379
v 0.00605 0.17049 -0.03797
v 0.00550 0.16179 -0.04368
v 0.00480 0.15404 -0.05077
v 0.00399 0.14741 -0.05908
v 0.00308 0.14208 -0.06839
v 0.00210 0.13818 -0.07849
v 0.00106 0.13580 -0.08911
v 0.00000 0.13500 -0.10000
v 0.00000 0.26500 -0.10000
v -0.00106 0.26420 -0.08911
v -0.00210 0.26182 -0.07849
v -0.00308 0.25792 -0.06839
v -0.00399 0.25259 -0.05908
v -0.00480 0.24596 -0.05077
v -0.00550 0.23821 -0.04368
v -0.00605 0.22951 -0.03797
v -0.00646 0.22009 -0.03379
v -0.00671 0.21017 -0.03124
v -0.00679 0.20000 -0.03038
v -0.00671 0.18983 -0.03124
v -0.00646 0.17991 -0.03379
v -0.00605 0.17049 -0.03797
v -0.00550 0.16179 -0.04368
v -0.00480 0.15404 -0.05077
v -0.00399 0.14741 -0.05908
v -0.00308 0.14208 -0.06839
v -0.00210 0.13818 -0.07849
v -0.00106 0.13580 -0.08911
v -0.00000 0.13500 -0.10000
v 0.00000 0.26500 -0.10000
v -0.00314 0.26420 -0.08959
v -0.00621 0.26182 -0.07943
v -0.00912 0.25792 -0.06978
v -0.01181 0.25259 -0.06087
v -0.01420 0.24596 -0.05293
v -0.01625 0.23821 -0.04614
v -0.01790 0.22951 -0.04068
v -0.01910 0.22009 -0.03668
v -0.01984 0.21017 -0.03425
v -0.02009 0.20000 -0.03343
v -0.01984 0.18983 -0.03425
v -0.01910 0.17991 -0.03668
v -0.01790 0.17049 -0.04068
v -0.01625 0.16179 -0.04614
v -0.01420 0.15404 -0.05293
v -0.01181 0.14741 -0.06087
v -0.00912 0.14208 -0.06978
v -0.00621 0.13818 -0.07943
v -0.00314 0.13580 -0.08959
v -0.00000 0.13500 -0.10000
v 0.00000 0.26500 -0.10000
v -0.00508 0.26420 -0.09052
v -0.01004 0.26182 -0.08127
v -0.01475 0.25792 -0.07248
v -0.01910 0.25259 -0.06437
v -0.02298 0.24596 -0.05713
v -0.02629 0.23821 -0.05096
v -0.02896 0.22951 -0.04599
v -0.03091 0.22009 -0.04235
v -0.03210 0.21017 -0.04012
v -0.03250 0.20000 -0.03938
v -0.03210 0.18983 -0.04012
v -0.03091 0.17991 -0.04235
v -0.02896 0.17049 -0.04599
v -0.02629 0.16179 -0.05096
v -0.02298 0.15404 -0.05713
v -0.01910 0.14741 -0.06437
v -0.01475 0.14208 -0.07248
v -0.01004 0.13818 -0.08127
v -0.00508 0.13580 -0.09052
v -0.00000 0.13500 -0.10000
v 0.00000 0.26500 -0.10000
v -0.00680 0.26420 -0.09186
v -0.01344 0.26182 -0.08392
v -0.01975 0.25792 -0.07638
v -0.02556 0.25259 -0.06942
v -0.03075 0.24596 -0.06322
v -0.03519 0.23821 -0.05791
v -0.03875 0.22951 -0.05365
v -0.04136 0.22009 -0.05053
v -0.04296 0.21017 -0.04862
v -0.04349 0.20000 -0.04798
v -0.04296 0.18983 -0.04862
v -0.04136 0.17991 -0.05053
v -0.03875 0.17049 -0.05365
v -0.03519 0.16179 -0.05791
v -0.03075 0.15404 -0.06322
v -0.02556 0.14741 -0.06942
v -0.01975 0.14208 -0.07638
v -0.01344 0.13818 -0.08392
v -0.00680 0.13580 -0.09186
v -0.00000 0.13500 -0.10000
v 0.00000 0.26500 -0.10000
v -0.00823 0.26420 -0.09356
v -0.01625 0.26182 -0.08729
v -0.02387 0.25792 -0.08132
v -0.03091 0.25259 -0.07582
v -0.03718 0.24596 -0.07091
v -0.04254 0.23821 -0.06671
v -0.04685 0.22951 -0.06334
v -0.05001 0.22009 -0.06087
v -0.05194 0.21017 -0.05936
v -0.05259 0.20000 -0.05886
v -0.05194 0.18983 -0.05936
v -0.05001 0.17991 -0.06087
v -0.04685 0.17049 -0.06334
v -0.04254 0.16179 -0.06671
v -0.03718 0.15404 -0.07091
v -0.03091 0.14741 -0.07582
v -0.02387 0.14208 -0.08132
v -0.01625 0.13818 -0.08729
v -0.00823 0.13580 -0.09356
v -0.00000 0.13500 -0.10000
v 0.00000 0.26500 -0.10000
v -0.00929 0.26420 -0.09555
v -0.01835 0.26182 -0.09120
v -0.02696 0.25792 -0.08707
v -0.03490 0.25259 -0.08326
v -0.04199 0.24596 -0.07987
v -0.04804 0.23821 -0.07697
v -0.05291 0.22951 -0.07463
v -0.05647 0.22009 -0.07292
v -0.05865 0.21017 -0.07188
v -0.05938 0.20000 -0.07153
v -0.05865 0.18983 -0.07188
v -0.05647 0.17991 -0.07292
v -0.05291 0.17049 -0.07463
v -0.04804 0.16179 -0.07697
v -0.04199 0.15404 -0.07987
v -0.03490 0.14741 -0.08326
v -0.02696 0.14208 -0.08707
v -0.01835 0.13818 -0.09120
v -0.00929 0.13580 -0.09555
v -0.00000 0.13500 -0.10000
v 0.00000 0.26500 -0.10000
v -0.00995 0.26420 -0.09772
v -0.01965 0.26182 -0.09550
v -0.02886 0.25792 -0.09339
v -0.03737 0.25259 -0.09145
v -0.04496 0.24596 -0.08971
v -0.05144 0.23821 -0.08823
v -0.05665 0.22951 -0.08703
v -0.06047 0.22009 -0.08616
v -0.06280 0.21017 -0.08563
v -0.06358 0.20000 -0.08545
v -0.06280 0.18983 -0.08563
v -0.06047 0.17991 -0.08616
v -0.05665 0.17049 -0.08703
v -0.05144 0.16179 -0.08823
v -0.04496 0.15404 -0.08971
v -0.03737 0.14741 -0.09145
v -0.02886 0.14208 -0.09339
v -0.01965 0.13818 -0.09550
v -0.00995 0.13580 -0.09772
v -0.00000 0.13500 -0.10000
v 0.00000 0.26500 -0.10000
v -0.01017 0.26420 -0.10000
v -0.02009 0.26182 -0.10000
v -0.02951 0.25792 -0.10000
v -0.03821 0.25259 -0.10000
v -0.04596 0.24596 -0.10000
v -0.05259 0.23821 -0.10000
v -0.05792 0.22951 -0.10000
v -0.06182 0.22009 -0.10000
v -0.06420 0.21017 -0.10000
v -0.06500 0.20000 -0.10000
v -0.06420 0.18983 -0.10000
v -0.06182 0.17991 -0.10000
v -0.05792 0.17049 -0.10000
v -0.05259 0.16179 -0.10000
v -0.04596 0.15404 -0.10000
v -0.03821 0.14741 -0.10000
v -0.02951 0.14208 -0.10000
v -0.02009 0.13818 -0.10000
v -0.01017 0.13580 -0.10000
v -0.00000 0.13500 -0.10000
v 0.00000 0.26500 -0.10000
v -0.00995 0.26420 -0.10228
v -0.01965 0.26182 -0.10450
v -0.02886 0.25792 -0.10661
v -0.03737 0.25259 -0.10855
v -0.04496 0.24596 -0.11029
v -0.05144 0.23821 -0.11177
v -0.05665 0.22951 -0.11297
v -0.06047 0.22009 -0.11384
v -0.06280 0.21017 -0.11437
v -0.06358 0.20000 -0.11455
v -0.06280 0.18983 -0.11437
v -0.06047 0.17991 -0.11384
v -0.05665 0.17049 -0.11297
v -0.05144 0.16179 -0.11177
v -0.04496 0.15404 -0.11029
v -0.03737 0.14741 -0.10855
v -0.02886 0.14208 -0.10661
v -0.01965 0.13818 -0.10450
v -0.00995 0.13580 -0.10228
v -0.00000 0.13500 -0.10000
v 0.00000 0.26500 -0.10000
v -0.00929 0.26420 -0.10445
v -0.01835 0.26182 -0.10880
v -0.02696 0.25792 -0.11293
v -0.03490 0.25259 -0.11674
v -0.04199 0.24596 -0.12013
v -0.04804 0.23821 -0.12303
v -0.05291 0.22951 -0.12537
v -0.05647 0.22009 -0.12708
v -0.05865 0.21017 -0.12812
v -0.05938 0.20000 -0.12847
v -0.05865 0.18983 -0.12812
v -0.05647 0.17991 -0.12708
v -0.05291 0.17049 -0.12537
v -0.04804 0.16179 -0.12303
v -0.04199 0.15404 -0.12013
v -0.03490 0.14741 -0.11674
v -0.02696 0.14208 -0.11293
v -0.01835 0.13818 -0.10880
v -0.00929 0.13580 -0.10445
v -0.00000 0.13500 -0.10000
v 0.00000 0.26500 -0.10000
v -0.00823 0.26420 -0.10644
v -0.01625 0.26182 -0.11271
v -0.02387 0.25792 -0.11868
v -0.03091 0.25259 -0.12418
v -0.03718 0.24596 -0.12909
v -0.04254 0.23821 -0.13329
v -0.04685 0.22951 -0.13666
v -0.05001 0.22009 -0.13913
v -0.05194 0.21017 -0.14064
v -0.05259 0.20000 -0.14114
v -0.05194 0.18983 -0.14064
v -0.05001 0.17991 -0.13913
v -0.04685 0.17049 -0.13666
v -0.04254 0.16179 -0.13329
v -0.03718 0.15404 -0.12909
v -0.03091 0.14741 -0.12418
v -0.02387 0.14208 -0.11868
v -0.01625 0.13818 -0.11271
v -0.00823 0.13580 -0.10644
v -0.00000 0.13500 -0.10000
v 0.00000 0.26500 -0.10000
v -0.00680 0.26420 -0.10814
v -0.01344 0.26182 -0.11608
v -0.01975 0.25792 -0.12362
v -0.02556 0.25259 -0.13058
v -0.03075 0.24596 -0.13678
v -0.03519 0.23821 -0.14209
v -0.03875 0.22951 -0.14635
v -0.04136 0.22009 -0.14947
v -0.04296 0.21017 -0.15138
v -0.04349 0.20000 -0.15202
v -0.04296 0.18983 -0.15138
v -0.04136 0.17991 -0.14947
v -0.03875 0.17049 -0.14635
v -0.03519 0.16179 -0.14209
v -0.03075 0.15404 -0.13678
v -0.02556 0.14741 -0.13058
v -0.01975 0.14208 -0.12362
v -0.01344 0.13818 -0.11608
v -0.00680 0.13580 -0.10814
v -0.00000 0.13500 -0.10000
v 0.00000 0.26500 -0.10000
v -0.00508 0.26420 -0.10948
v -0.01004 0.26182 -0.11873
v -0.01475 0.25792 -0.12752
v -0.01910 0.25259 -0.13563
v -0.02298 0.24596 -0.14287
v -0.02629 0.23821 -0.14904
v -0.02896 0.22951 -0.15401
v -0.03091 0.22009 -0.15765
v -0.03210 0.21017 -0.15988
v -0.03250 0.20000 -0.16062
v -0.03210 0.18983 -0.15988
v -0.03091 0.17991 -0.15765
v -0.02896 0.17049 -0.15401
v -0.02629 0.16179 -0.14904
v -0.02298 0.15404 -0.14287
v -0.01910 0.14741 -0.13563
v -0.01475 0.14208 -0.12752
v -0.01004 0.13818 -0.11873
v -0.00508 0.13580 -0.10948
v -0.00000 0.13500 -0.10000
v 0.00000 0.26500 -0.10000
v -0.00314 0.26420 -0.11041
v -0.00621 0.26182 -0.12057
v -0.00912 0.25792 -0.13022
v -0.01181 0.25259 -0.13913
v -0.01420 0.24596 -0.14707
v -0.01625 0.23821 -0.15386
v -0.01790 0.22951 -0.15932
v -0.01910 0.22009 -0.16332
v -0.01984 0.21017 -0.16575
v -0.02009 0.20000 -0.16657
v -0.01984 0.18983 -0.16575
v -0.01910 0.17991 -0.16332
v -0.01790 0.17049 -0.15932
v -0.01625 0.16179 -0.15386
v -0.01420 0.15404 -0.14707
v -0.01181 0.14741 -0.13913
v -0.00912 0.14208 -0.13022
v -0.00621 0.13818 -0.12057
v -0.00314 0.13580 -0.11041
v -0.00000 0.13500 -0.10000
v 0.00000 0.26500 -0.10000
v -0.00106 0.26420 -0.11089
v -0.00210 0.26182 -0.12151
v -0.00308 0.25792 -0.13161
v -0.00399 0.25259 -0.14092
v -0.00480 0.24596 -0.14923
v -0.00550 0.23821 -0.15632
v -0.00605 0.22951 -0.16203
v -0.00646 0.22009 -0.16621
v -0.00671 0.21017 -0.16876
v -0.00679 0.20000 -0.16962
v -0.00671 0.18983 -0.16876
v -0.00646 0.17991 -0.16621
v -0.00605 0.17049 -0.16203
v -0.00550 0.16179 -0.15632
v -0.00480 0.15404 -0.14923
v -0.00399 0.14741 -0.14092
v -0.00308 0.14208 -0.13161
v -0.00210 0.13818 -0.12151
v -0.00106 0.13580 -0.11089
v -0.00000 0.13500 -0.10000
v 0.00000 0.26500 -0.10000
v 0.00106 0.26420 -0.11089
v 0.00210 0.26182 -0.12151
v 0.00308 0.25792 -0.13161
v 0.00399 0.25259 -0.14092
v 0.00480 0.24596 -0.14923
v 0.00550 0.23821 -0.15632
v 0.00605 0.22951 -0.16203
v 0.00646 0.22009 -0.16621
v 0.00671 0.21017 -0.16876
v 0.00679 0.20000 -0.16962
v 0.00671 0.18983 -0.16876
v 0.00646 0.17991 -0.16621
v 0.00605 0.17049 -0.16203
v 0.00550 0.16179 -0.15632
v 0.00480 0.15404 -0.14923
v 0.00399 0.14741 -0.14092
v 0.00308 0.14208 -0.13161
v 0.00210 0.13818 -0.12151
v 0.00106 0.13580 -0.11089
v 0.00000 0.13500 -0.10000
v 0.00000 0.26500 -0.10000
v 0.00314 0.26420 -0.11041
v 0.00621 0.26182 -0.12057
v 0.00912 0.25792 -0.13022
v 0.01181 0.25259 -0.13913
v 0.01420 0.24596 -0.14707
v 0.01625 0.23821 -0.15386
v 0.01790 0.22951 -0.15932
v 0.01910 0.22009 -0.16332
v 0.01984 0.21017 -0.16575
v 0.02009 0.20000 -0.16657
v 0.01984 0.18983 -0.16575
v 0.01910 0.17991 -0.16332
v 0.01790 0.17049 -0.15932
v 0.01625 0.16179 -0.15386
v 0.01420 0.15404 -0.14707
v 0.01181 0.14741 -0.13913
v 0.00912 0.14208 -0.13022
v 0.00621 0.13818 -0.12057
v 0.00314 0.13580 -0.11041
v 0.00000 0.13500 -0.10000
v 0.00000 0.26500 -0.10000
v 0.00508 0.26420 -0.10948
v 0.01004 0.26182 -0.11873
v 0.01475 0.25792 -0.12752
v 0.01910 0.25259 -0.13563
v 0.02298 0.24596 -0.14287
v 0.02629 0.23821 -0.14904
v 0.02896 0.22951 -0.15401
v 0.03091 0.22009 -0.15765
v 0.03210 0.21017 -0.15988
v 0.03250 0.20000 -0.16062
v 0.03210 0.18983 -0.15988
v 0.03091 0.17991 -0.15765
v 0.02896 0.17049 -0.15401
v 0.02629 0.16179 -0.14904
v 0.02298 0.15404 -0.14287
v 0.01910 0.14741 -0.13563
v 0.01475 0.14208 -0.12752
v 0.01004 0.13818 -0.11873
v 0.00508 0.13580 -0.10948
v 0.00000 0.13500 -0.10000
v 0.00000 0.26500 -0.10000
v 0.00680 0.26420 -0.10814
v 0.01344 0.26182 -0.11608
v 0.01975 0.25792 -0.12362
v 0.02556 0.25259 -0.13058
v 0.03075 0.24596 -0.13678
v 0.03519 0.23821 -0.14209
v 0.03875 0.22951 -0.14635
v 0.04136 0.22009 -0.14947
v 0.04296 0.21017 -0.15138
v 0.04349 0.20000 -0.15202
v 0.04296 0.18983 -0.15138
v 0.04136 0.17991 -0.14947
v 0.03875 0.17049 -0.14635
v 0.03519 0.16179 -0.14209
v 0.03075 0.15404 -0.13678
v 0.02556 0.14741 -0.13058
v 0.01975 0.14208 -0.12362
v 0.01344 0.13818 -0.11608
v 0.00680 0.13580 -0.10814
v 0.00000 0.13500 -0.10000
v 0.00000 0.26500 -0.10000
v 0.00823 0.26420 -0.10644
v 0.01625 0.26182 -0.11271
v 0.02387 0.25792 -0.11868
v 0.03091 0.25259 -0.12418
v 0.03718 0.24596 -0.12909
v 0.04254 0.23821 -0.13329
v 0.04685 0.22951 -0.13666
v 0.05001 0.22009 -0.13913
v 0.05194 0.21017 -0.14064
v 0.05259 0.20000 -0.14114
v 0.05194 0.18983 -0.14064
v 0.05001 0.17991 -0.13913
v 0.04685 0.17049 -0.13666
v 0.04254 0.16179 -0.13329
v 0.03718 0.15404 -0.12909
v 0.03091 0.14741 -0.12418
v 0.02387 0.14208 -0.11868
v 0.01625 0.13818 -0.11271
v 0.00823 0.13580 -0.10644
v 0.00000 0.13500 -0.10000
v 0.00000 0.26500 -0.10000
v 0.00929 0.26420 -0.10445
v 0.01835 0.26182 -0.10880
v 0.02696 0.25792 -0.11293
v 0.03490 0.25259 -0.11674
v 0.04199 0.24596 -0.12013
v 0.04804 0.23821 -0.12303
v 0.05291 0.22951 -0.12537
v 0.05647 0.22009 -0.12708
v 0.05865 0.21017 -0.12812
v 0.05938 0.20000 -0.12847
v 0.05865 0.18983 -0.12812
v 0.05647 0.17991 -0.12708
v 0.05291 0.17049 -0.12537
v 0.04804 0.16179 -0.12303
v 0.04199 0.15404 -0.12013
v 0.03490 0.14741 -0.11674
v 0.02696 0.14208 -0.11293
v 0.01835 0.13818 -0.10880
v 0.00929 0.13580 -0.10445
v 0.00000 0.13500 -0.10000
v 0.00000 0.26500 -0.10000
v 0.00995 0.26420 -0.10228
v 0.01965 0.26182 -0.10450
v 0.02886 0.25792 -0.10661
v 0.03737 0.25259 -0.10855
v 0.04496 0.24596 -0.11029
v 0.05144 0.23821 -0.11177
v 0.05665 0.22951 -0.11297
v 0.06047 0.22009 -0.11384
v 0.06280 0.21017 -0.11437
v 0.06358 0.20000 -0.11455
v 0.06280 0.18983 -0.11437
v 0.06047 0.17991 -0.11384
v 0.05665 0.17049 -0.11297
v 0.05144 0.16179 -0.11177
v 0.04496 0.15404 -0.11029
v 0.03737 0.14741 -0.10855
v 0.02886 0.14208 -0.10661
v 0.01965 0.13818 -0.10450
v 0.00995 0.13580 -0.10228
v 0.00000 0.13500 -0.10000
v 0.00000 0.26500 -0.10000
v 0.01017 0.26420 -0.10000
v 0.02009 0.26182 -0.10000
v 0.02951 0.25792 -0.10000
v 0.03821 0.25259 -0.10000
v 0.04596 0.24596 -0.10000
v 0.05259 0.23821 -0.10000
v 0.05792 0.22951 -0.10000
v 0.06182 0.22009 -0.10000
v 0.06420 0.21017 -0.10000
v 0.06500 0.20000 -0.10000
v 0.06420 0.18983 -0.10000
v 0.06182 0.17991 -0.10000
v 0.05792 0.17049 -0.10000
v 0.05259 0.16179 -0.10000
v 0.04596 0.15404 -0.10000
v 0.03821 0.14741 -0.10000
v 0.02951 0.14208 -0.10000
v 0.02009 0.13818 -0.10000
v 0.01017 0.13580 -0.10000
v 0.00000 0.13500 -0.10000
v 0.02600 0.20000 -0.15000
v 0.02233 0.19833 -0.17167
v 0.01867 0.19667 -0.19333
v 0.01500 0.19500 -0.21500
v 0.01133 0.19333 -0.23667
v 0.00767 0.19167 -0.25833
v 0.00400 0.19000 -0.28000
v 0.01838 0.21833 -0.15141
v 0.01579 0.21408 -0.17288
v 0.01320 0.20983 -0.19435
v 0.01061 0.20558 -0.21581
v 0.00801 0.20132 -0.23728
v 0.00542 0.19707 -0.25875
v 0.00283 0.19282 -0.28022
v 0.00000 0.22592 -0.15199
v 0.00000 0.22060 -0.17338
v 0.00000 0.21528 -0.19477
v 0.00000 0.20996 -0.21615
v 0.00000 0.20463 -0.23754
v 0.00000 0.19931 -0.25892
v 0.00000 0.19399 -0.28031
v -0.01838 0.21833 -0.15141
v -0.01579 0.21408 -0.17288
v -0.01320 0.20983 -0.19435
v -0.01061 0.20558 -0.21581
v -0.00801 0.20132 -0.23728
v -0.00542 0.19707 -0.25875
v -0.00283 0.19282 -0.28022
v -0.02600 0.20000 -0.15000
v -0.02233 0.19833 -0.17167
v -0.01867 0.19667 -0.19333
v -0.01500 0.19500 -0.21500
v -0.01133 0.19333 -0.23667
v -0.00767 0.19167 -0.25833
v -0.00400 0.19000 -0.28000
v -0.01838 0.18167 -0.14859
v -0.01579 0.18259 -0.17046
v -0.01320 0.18351 -0.19232
v -0.01061 0.18442 -0.21419
v -0.00801 0.18534 -0.23605
v -0.00542 0.18626 -0.25792
v -0.00283 0.18718 -0.27978
v -0.00000 0.17408 -0.14801
v -0.00000 0.17607 -0.16995
v -0.00000 0.17805 -0.19190
v -0.00000 0.18004 -0.21385
v -0.00000 0.18203 -0.23580
v -0.00000 0.18402 -0.25775
v -0.00000 0.18601 -0.27969
v 0.01838 0.18167 -0.14859
v 0.01579 0.18259 -0.17046
v 0.01320 0.18351 -0.19232
v 0.01061 0.18442 -0.21419
v 0.00801 0.18534 -0.23605
v 0.00542 0.18626 -0.25792
v 0.00283 0.18718 -0.27978
v 0.02600 0.20000 -0.15000
v 0.02233 0.19833 -0.17167
v 0.01867 0.19667 -0.19333
v 0.01500 0.19500 -0.21500
v 0.01133 0.19333 -0.23667
v 0.00767 0.19167 -0.25833
v 0.00400 0.19000 -0.28000
v -0.04900 0.11000 0.14000
v -0.04361 0.11318 0.16648
v -0.03788 0.11635 0.19295
v -0.03170 0.11953 0.21943
v -0.02486 0.12271 0.24591
v -0.01684 0.12589 0.27238
v -0.00400 0.12906 0.29886
v -0.03964 0.13860 0.13657
v -0.03528 0.13863 0.16342
v -0.03065 0.13846 0.19030
v -0.02565 0.13803 0.21721
v -0.02011 0.13721 0.24417
v -0.01362 0.13571 0.27120
v -0.00324 0.13140 0.29858
v -0.01514 0.15627 0.13445
v -0.01348 0.15436 0.16154
v -0.01171 0.15212 0.18866
v -0.00980 0.14947 0.21584
v -0.00768 0.14618 0.24309
v -0.00520 0.14179 0.27048
v -0.00124 0.13284 0.29841
v 0.01514 0.15627 0.13445
v 0.01348 0.15436 0.16154
v 0.01171 0.15212 0.18866
v 0.00980 0.14947 0.21584
v 0.00768 0.14618 0.24309
v 0.00520 0.14179 0.27048
v 0.00124 0.13284 0.29841
v 0.03964 0.13860 0.13657
v 0.03528 0.13863 0.16342
v 0.03065 0.13846 0.19030
v 0.02565 0.13803 0.21721
v 0.02011 0.13721 0.24417
v 0.01362 0.13571 0.27120
v 0.00324 0.13140 0.29858
v 0.04900 0.11000 0.14000
v 0.04361 0.11318 0.16648
v 0.03788 0.11635 0.19295
v 0.03170 0.11953 0.21943
v 0.02486 0.12271 0.24591
v 0.01684 0.12589 0.27238
v 0.00400 0.12906 0.29886
v 0.03964 0.08140 0.14343
v 0.03528 0.08773 0.16953
v 0.03065 0.09425 0.19561
v 0.02565 0.10103 0.22165
v 0.02011 0.10820 0.24765
v 0.01362 0.11606 0.27356
v 0.00324 0.12673 0.29914
v 0.01514 0.06373 0.14555
v 0.01348 0.07200 0.17142
v 0.01171 0.08058 0.19725
v 0.00980 0.08960 0.22302
v 0.00768 0.09924 0.24872
v 0.00520 0.10999 0.27429
v 0.00124 0.12529 0.29931
v -0.01514 0.06373 0.14555
v -0.01348 0.07200 0.17142
v -0.01171 0.08058 0.19725
v -0.00980 0.08960 0.22302
v -0.00768 0.09924 0.24872
v -0.00520 0.10999 0.27429
v -0.00124 0.12529 0.29931
v -0.03964 0.08140 0.14343
v -0.03528 0.08773 0.16953
v -0.03065 0.09425 0.19561
v -0.02565 0.10103 0.22165
v -0.02011 0.10820 0.24765
v -0.01362 0.11606 0.27356
v -0.00324 0.12673 0.29914
v -0.04900 0.11000 0.14000
v -0.04361 0.11318 0.16648
v -0.03788 0.11635 0.19295
v -0.03170 0.11953 0.21943
v -0.02486 0.12271 0.24591
v -0.01684 0.12589 0.27238
v -0.00400 0.12906 0.29886
vt 0.00000 0.00000
vt 0.00000 0.05000
vt 0.00000 0.10000
vt 0.00000 0.15000
vt 0.00000 0.20000
vt 0.00000 0.25000
vt 0.00000 0.30000
vt 0.00000 0.35000
vt 0.00000 0.40000
vt 0.00000 0.45000
vt 0.00000 0.50000
vt 0.00000 0.55000
vt 0.00000 0.60000
vt 0.00000 0.65000
vt 0.00000 0.70000
vt 0.00000 0.75000
vt 0.00000 0.80000
vt 0.00000 0.85000
vt 0.00000 0.90000
vt 0.00000 0.95000
vt 0.00000 1.00000
vt 0.03333 0.00000
vt 0.03333 0.05000
vt 0.03333 0.10000
vt 0.03333 0.15000
vt 0.03333 0.20000
vt 0.03333 0.25000
vt 0.03333 0.30000
vt 0.03333 0.35000
vt 0.03333 0.40000
vt 0.03333 0.45000
vt 0.03333 0.50000
vt 0.03333 0.55000
vt 0.03333 0.60000
vt 0.03333 0.65000
vt 0.03333 0.70000
vt 0.03333 0.75000
vt 0.03333 0.80000
vt 0.03333 0.85000
vt 0.03333 0.90000
vt 0.03333 0.95000
vt 0.03333 1.00000
vt 0.06667 0.00000
vt 0.06667 0.05000
vt 0.06667 0.10000
vt 0.06667 0.15000
vt 0.06667 0.20000
vt 0.06667 0.25000
vt 0.06667 0.30000
vt 0.06667 0.35000
vt 0.06667 0.40000
vt 0.06667 0.45000
vt 0.06667 0.50000
vt 0.06667 0.55000
vt 0.06667 0.60000
vt 0.06667 0.65000
vt 0.06667 0.70000
vt 0.06667 0.75000
vt 0.06667 0.80000
vt 0.06667 0.85000
vt 0.06667 0.90000
vt 0.06667 0.95000
vt 0.06667 1.00000
vt 0.10000 0.00000
vt 0.10000 0.05000
vt 0.10000 0.10000
vt 0.10000 0.15000
vt 0.10000 0.20000
vt 0.10000 0.25000
vt 0.10000 0.30000
vt 0.10000 0.35000
vt 0.10000 0.40000
vt 0.10000 0.45000
vt 0.10000 0.50000
vt 0.10000 0.55000
vt 0.10000 0.60000
vt 0.10000 0.65000
vt 0.10000 0.70000
vt 0.10000 0.75000
vt 0.10000 0.80000
vt 0.10000 0.85000
vt 0.10000 0.90000
vt 0.10000 0.95000
vt 0.10000 1.00000
vt 0.13333 0.00000
vt 0.13333 0.05000
vt 0.13333 0.10000
vt 0.13333 0.15000
vt 0.13333 0.20000
vt 0.13333 0.25000
vt 0.13333 0.30000
vt 0.13333 0.35000
vt 0.13333 0.40000
vt 0.13333 0.45000
vt 0.13333 0.50000
vt 0.13333 0.55000
vt 0.13333 0.60000
vt 0.13333 0.65000
vt 0.13333 0.70000
vt 0.13333 0.75000
vt 0.13333 0.80000
vt 0.13333 0.85000
vt 0.13333 0.90000
vt 0.13333 0.95000
vt 0.13333 1.00000
vt 0.16667 0.00000
vt 0.16667 0.05000
vt 0.16667 0.10000
vt 0.16667 0.15000
vt 0.16667 0.20000
vt 0.16667 0.25000
vt 0.16667 0.30000
vt 0.16667 0.35000
vt 0.16667 0.40000
vt 0.16667 0.45000
vt 0.16667 0.50000
vt 0.16667 0.55000
vt 0.16667 0.60000
vt 0.16667 0.65000
vt 0.16667 0.70000
vt 0.16667 0.75000
vt 0.16667 0.80000
vt 0.16667 0.85000
vt 0.16667 0.90000
vt 0.16667 0.95000
vt 0.16667 1.00000
vt 0.20000 0.00000
vt 0.20000 0.05000
vt 0.20000 0.10000
vt 0.20000 0.15000
vt 0.20000 0.20000
vt 0.20000 0.25000
vt 0.20000 0.30000
vt 0.20000 0.35000
vt 0.20000 0.40000
vt 0.20000 0.45000
vt 0.20000 0.50000
vt 0.20000 0.55000
vt 0.20000 0.60000
vt 0.20000 0.65000
vt 0.20000 0.70000
vt 0.20000 0.75000
vt 0.20000 0.80000
vt 0.20000 0.85000
vt 0.20000 0.90000
vt 0.20000 0.95000
vt 0.20000 1.00000
vt 0.23333 0.00000
vt 0.23333 0.05000
vt 0.23333 0.10000
vt 0.23333 0.15000
vt 0.23333 0.20000
vt 0.23333 0.25000
vt 0.23333 0.30000
vt 0.23333 0.35000
vt 0.23333 0.40000
vt 0.23333 0.45000
vt 0.23333 0.50000
vt 0.23333 0.55000
vt 0.23333 0.60000
vt 0.23333 0.65000
vt 0.23333 0.70000
vt 0.23333 0.75000
vt 0.23333 0.80000
vt 0.23333 0.85000
vt 0.23333 0.90000
vt 0.23333 0.95000
vt 0.23333 1.00000
vt 0.26667 0.00000
vt 0.26667 0.05000
vt 0.26667 0.10000
vt 0.26667 0.15000
vt 0.26667 0.20000
vt 0.26667 0.25000
vt 0.26667 0.30000
vt 0.26667 0.35000
vt 0.26667 0.40000
vt 0.26667 0.45000
vt 0.26667 0.50000
vt 0.26667 0.55000
vt 0.26667 0.60000
vt 0.26667 0.65000
vt 0.26667 0.70000
vt 0.26667 0.75000
vt 0.26667 0.80000
vt 0.26667 0.85000
vt 0.26667 0.90000
vt 0.26667 0.95000
vt 0.26667 1.00000
vt 0.30000 0.00000
vt 0.30000 0.05000
vt 0.30000 0.10000
vt 0.30000 0.15000
vt 0.30000 0.20000
vt 0.30000 0.25000
vt 0.30000 0.30000
vt 0.30000 0.35000
vt 0.30000 0.40000
vt 0.30000 0.45000
vt 0.30000 0.50000
vt 0.30000 0.55000
vt 0.30000 0.60000
vt 0.30000 0.65000
vt 0.30000 0.70000
vt 0.30000 0.75000
vt 0.30000 0.80000
vt 0.30000 0.85000
vt 0.30000 0.90000
vt 0.30000 0.95000
vt 0.30000 1.00000
vt 0.33333 0.00000
vt 0.33333 0.05000
vt 0.33333 0.10000
vt 0.33333 0.15000
vt 0.33333 0.20000
vt 0.33333 0.25000
vt 0.33333 0.30000
vt 0.33333 0.35000
vt 0.33333 0.40000
vt 0.33333 0.45000
vt 0.33333 0.50000
vt 0.33333 0.55000
vt 0.33333 0.60000
vt 0.33333 0.65000
vt 0.33333 0.70000
vt 0.33333 0.75000
vt 0.33333 0.80000
vt 0.33333 0.85000
vt 0.33333 0.90000
vt 0.33333 0.95000
vt 0.33333 1.00000
vt 0.36667 0.00000
vt 0.36667 0.05000
vt 0.36667 0.10000
vt 0.36667 0.15000
vt 0.36667 0.20000
vt 0.36667 0.25000
vt 0.36667 0.30000
vt 0.36667 0.35000
vt 0.36667 0.40000
vt 0.36667 0.45000
vt 0.36667 0.50000
vt 0.36667 0.55000
vt 0.36667 0.60000
vt 0.36667 0.65000
vt 0.36667 0.70000
vt 0.36667 0.75000
vt 0.36667 0.80000
vt 0.36667 0.85000
vt 0.36667 0.90000
vt 0.36667 0.95000
vt 0.36667 1.00000
vt 0.40000 0.00000
vt 0.40000 0.05000
vt 0.40000 0.10000
vt 0.40000 0.15000
vt 0.40000 0.20000
vt 0.40000 0.25000
vt 0.40000 0.30000
vt 0.40000 0.35000
vt 0.40000 0.40000
vt 0.40000 0.45000
vt 0.40000 0.50000
vt 0.40000 0.55000
vt 0.40000 0.60000
vt 0.40000 0.65000
vt 0.40000 0.70000
vt 0.40000 0.75000
vt 0.40000 0.80000
vt 0.40000 0.85000
vt 0.40000 0.90000
vt 0.40000 0.95000
vt 0.40000 1.00000
vt 0.43333 0.00000
vt 0.43333 0.05000
vt 0.43333 0.10000
vt 0.43333 0.15000
vt 0.43333 0.20000
vt 0.43333 0.25000
vt 0.43333 0.30000
vt 0.43333 0.35000
vt 0.43333 0.40000
vt 0.43333 0.45000
vt 0.43333 0.50000
vt 0.43333 0.55000
vt 0.43333 0.60000
vt 0.43333 0.65000
vt 0.43333 0.70000
vt 0.43333 0.75000
vt 0.43333 0.80000
vt 0.43333 0.85000
vt 0.43333 0.90000
vt 0.43333 0.95000
vt 0.43333 1.00000
vt 0.46667 0.00000
vt 0.46667 0.05000
vt 0.46667 0.10000
vt 0.46667 0.15000
vt 0.46667 0.20000
vt 0.46667 0.25000
vt 0.46667 0.30000
vt 0.46667 0.35000
vt 0.46667 0.40000
vt 0.46667 0.45000
vt 0.46667 0.50000
vt 0.46667 0.55000
vt 0.46667 0.60000
vt 0.46667 0.65000
vt 0.46667 0.70000
vt 0.46667 0.75000
vt 0.46667 0.80000
vt 0.46667 0.85000
vt 0.46667 0.90000
vt 0.46667 0.95000
vt 0.46667 1.00000
vt 0.50000 0.00000
vt 0.50000 0.05000
vt 0.50000 0.10000
vt 0.50000 0.15000
vt 0.50000 0.20000
vt 0.50000 0.25000
vt 0.50000 0.30000
vt 0.50000 0.35000
vt 0.50000 0.40000
vt 0.50000 0.45000
vt 0.50000 0.50000
vt 0.50000 0.55000
vt 0.50000 0.60000
vt 0.50000 0.65000
vt 0.50000 0.70000
vt 0.50000 0.75000
vt 0.50000 0.80000
vt 0.50000 0.85000
vt 0.50000 0.90000
vt 0.50000 0.95000
vt 0.50000 1.00000
vt 0.53333 0.00000
vt 0.53333 0.05000
vt 0.53333 0.10000
vt 0.53333 0.15000
vt 0.53333 0.20000
vt 0.53333 0.25000
vt 0.53333 0.30000
vt 0.53333 0.35000
vt 0.53333 0.40000
vt 0.53333 0.45000
vt 0.53333 0.50000
vt 0.53333 0.55000
vt 0.53333 0.60000
vt 0.53333 0.65000
vt 0.53333 0.70000
vt 0.53333 0.75000
vt 0.53333 0.80000
vt 0.53333 0.85000
vt 0.53333 0.90000
vt 0.53333 0.95000
vt 0.53333 1.00000
vt 0.56667 0.00000
vt 0.56667 0.05000
vt 0.56667 0.10000
vt 0.56667 0.15000
vt 0.56667 0.20000
vt 0.56667 0.25000
vt 0.56667 0.30000
vt 0.56667 0.35000
vt 0.56667 0.40000
vt 0.56667 0.45000
vt 0.56667 0.50000
vt 0.56667 0.55000
vt 0.56667 0.60000
vt 0.56667 0.65000
vt 0.56667 0.70000
vt 0.56667 0.75000
vt 0.56667 0.80000
vt 0.56667 0.85000
vt 0.56667 0.90000
vt 0.56667 0.95000
vt 0.56667 1.00000
vt 0.60000 0.00000
vt 0.60000 0.05000
vt 0.60000 0.10000
vt 0.60000 0.15000
vt 0.60000 0.20000
vt 0.60000 0.25000
vt 0.60000 0.30000
vt 0.60000 0.35000
vt 0.60000 0.40000
vt 0.60000 0.45000
vt 0.60000 0.50000
vt 0.60000 0.55000
vt 0.60000 0.60000
vt 0.60000 0.65000
vt 0.60000 0.70000
vt 0.60000 0.75000
vt 0.60000 0.80000
vt 0.60000 0.85000
vt 0.60000 0.90000
vt 0.60000 0.95000
vt 0.60000 1.00000
vt 0.63333 0.00000
vt 0.63333 0.05000
vt 0.63333 0.10000
vt 0.63333 0.15000
vt 0.63333 0.20000
vt 0.63333 0.25000
vt 0.63333 0.30000
vt 0.63333 0.35000
vt 0.63333 0.40000
vt 0.63333 0.45000
vt 0.63333 0.50000
vt 0.63333 0.55000
vt 0.63333 0.60000
vt 0.63333 0.65000
vt 0.63333 0.70000
vt 0.63333 0.75000
vt 0.63333 0.80000
vt 0.63333 0.85000
vt 0.63333 0.90000
vt 0.63333 0.95000
vt 0.63333 1.00000
vt 0.66667 0.00000
vt 0.66667 0.05000
vt 0.66667 0.10000
vt 0.66667 0.15000
vt 0.66667 0.20000
vt 0.66667 0.25000
vt 0.66667 0.30000
vt 0.66667 0.35000
vt 0.66667 0.40000
vt 0.66667 0.45000
vt 0.66667 0.50000
vt 0.66667 0.55000
vt 0.66667 0.60000
vt 0.66667 0.65000
vt 0.66667 0.70000
vt 0.66667 0.75000
vt 0.66667 0.80000
vt 0.66667 0.85000
vt 0.66667 0.90000
vt 0.66667 0.95000
vt 0.66667 1.00000
vt 0.70000 0.00000
vt 0.70000 0.05000
vt 0.70000 0.10000
vt 0.70000 0.15000
vt 0.70000 0.20000
vt 0.70000 0.25000
vt 0.70000 0.30000
vt 0.70000 0.35000
vt 0.70000 0.40000
vt 0.70000 0.45000
vt 0.70000 0.50000
vt 0.70000 0.55000
vt 0.70000 0.60000
vt 0.70000 0.65000
vt 0.70000 0.70000
vt 0.70000 0.75000
vt 0.70000 0.80000
vt 0.70000 0.85000
vt 0.70000 0.90000
vt 0.70000 0.95000
vt 0.70000 1.00000
vt 0.73333 0.00000
vt 0.73333 0.05000
vt 0.73333 0.10000
vt 0.73333 0.15000
vt 0.73333 0.20000
vt 0.73333 0.25000
vt 0.73333 0.30000
vt 0.73333 0.35000
vt 0.73333 0.40000
vt 0.73333 0.45000
vt 0.73333 0.50000
vt 0.73333 0.55000
vt 0.73333 0.60000
vt 0.73333 0.65000
vt 0.73333 0.70000
vt 0.73333 0.75000
vt 0.73333 0.80000
vt 0.73333 0.85000
vt 0.73333 0.90000
vt 0.73333 0.95000
vt 0.73333 1.00000
vt 0.76667 0.00000
vt 0.76667 0.05000
vt 0.76667 0.10000
vt 0.76667 0.15000
vt 0.76667 0.20000
vt 0.76667 0.25000
vt 0.76667 0.30000
vt 0.76667 0.35000
vt 0.76667 0.40000
vt 0.76667 0.45000
vt 0.76667 0.50000
vt 0.76667 0.55000
vt 0.76667 0.60000
vt 0.76667 0.65000
vt 0.76667 0.70000
vt 0.76667 0.75000
vt 0.76667 0.80000
vt 0.76667 0.85000
vt 0.76667 0.90000
vt 0.76667 0.95000
vt 0.76667 1.00000
vt 0.80000 0.00000
vt 0.80000 0.05000
vt 0.80000 0.10000
vt 0.80000 0.15000
vt 0.80000 0.20000
vt 0.80000 0.25000
vt 0.80000 0.30000
vt 0.80000 0.35000
vt 0.80000 0.40000
vt 0.80000 0.45000
vt 0.80000 0.50000
vt 0.80000 0.55000
vt 0.80000 0.60000
vt 0.80000 0.65000
vt 0.80000 0.70000
vt 0.80000 0.75000
vt 0.80000 0.80000
vt 0.80000 0.85000
vt 0.80000 0.90000
vt 0.80000 0.95000
vt 0.80000 1.00000
vt 0.83333 0.00000
vt 0.83333 0.05000
vt 0.83333 0.10000
vt 0.83333 0.15000
vt 0.83333 0.20000
vt 0.83333 0.25000
vt 0.83333 0.30000
vt 0.83333 0.35000
vt 0.83333 0.40000
vt 0.83333 0.45000
vt 0.83333 0.50000
vt 0.83333 0.55000
vt 0.83333 0.60000
vt 0.83333 0.65000
vt 0.83333 0.70000
vt 0.83333 0.75000
vt 0.83333 0.80000
vt 0.83333 0.85000
vt 0.83333 0.90000
vt 0.83333 0.95000
vt 0.83333 1.00000
vt 0.86667 0.00000
vt 0.86667 0.05000
vt 0.86667 0.10000
vt 0.86667 0.15000
vt 0.86667 0.20000
vt 0.86667 0.25000
vt 0.86667 0.30000
vt 0.86667 0.35000
vt 0.86667 0.40000
vt 0.86667 0.45000
vt 0.86667 0.50000
vt 0.86667 0.55000
vt 0.86667 0.60000
vt 0.86667 0.65000
vt 0.86667 0.70000
vt 0.86667 0.75000
vt 0.86667 0.80000
vt 0.86667 0.85000
vt 0.86667 0.90000
vt 0.86667 0.95000
vt 0.86667 1.00000
vt 0.90000 0.00000
vt 0.90000 0.05000
vt 0.90000 0.10000
vt 0.90000 0.15000
vt 0.90000 0.20000
vt 0.90000 0.25000
vt 0.90000 0.30000
vt 0.90000 0.35000
vt 0.90000 0.40000
vt 0.90000 0.45000
vt 0.90000 0.50000
vt 0.90000 0.55000
vt 0.90000 0.60000
vt 0.90000 0.65000
vt 0.90000 0.70000
vt 0.90000 0.75000
vt 0.90000 0.80000
vt 0.90000 0.85000
vt 0.90000 0.90000
vt 0.90000 0.95000
vt 0.90000 1.00000
vt 0.93333 0.00000
vt 0.93333 0.05000
vt 0.93333 0.10000
vt 0.93333 0.15000
vt 0.93333 0.20000
vt 0.93333 0.25000
vt 0.93333 0.30000
vt 0.93333 0.35000
vt 0.93333 0.40000
vt 0.93333 0.45000
vt 0.93333 0.50000
vt 0.93333 0.55000
vt 0.93333 0.60000
vt 0.93333 0.65000
vt 0.93333 0.70000
vt 0.93333 0.75000
vt 0.93333 0.80000
vt 0.93333 0.85000
vt 0.93333 0.90000
vt 0.93333 0.95000
vt 0.93333 1.00000
vt 0.96667 0.00000
vt 0.96667 0.05000
vt 0.96667 0.10000
vt 0.96667 0.15000
vt 0.96667 0.20000
vt 0.96667 0.25000
vt 0.96667 0.30000
vt 0.96667 0.35000
vt 0.96667 0.40000
vt 0.96667 0.45000
vt 0.96667 0.50000
vt 0.96667 0.55000
vt 0.96667 0.60000
vt 0.96667 0.65000
vt 0.96667 0.70000
vt 0.96667 0.75000
vt 0.96667 0.80000
vt 0.96667 0.85000
vt 0.96667 0.90000
vt 0.96667 0.95000
vt 0.96667 1.00000
vt 1.00000 0.00000
vt 1.00000 0.05000
vt 1.00000 0.10000
vt 1.00000 0.15000
vt 1.00000 0.20000
vt 1.00000 0.25000
vt 1.00000 0.30000
vt 1.00000 0.35000
vt 1.00000 0.40000
vt 1.00000 0.45000
vt 1.00000 0.50000
vt 1.00000 0.55000
vt 1.00000 0.60000
vt 1.00000 0.65000
vt 1.00000 0.70000
vt 1.00000 0.75000
vt 1.00000 0.80000
vt 1.00000 0.85000
vt 1.00000 0.90000
vt 1.00000 0.95000
vt 1.00000 1.00000
vt 0.00000 0.00000
vt 0.00000 0.05000
vt 0.00000 0.10000
vt 0.00000 0.15000
vt 0.00000 0.20000
vt 0.00000 0.25000
vt 0.00000 0.30000
vt 0.00000 0.35000
vt 0.00000 0.40000
vt 0.00000 0.45000
vt 0.00000 0.50000
vt 0.00000 0.55000
vt 0.00000 0.60000
vt 0.00000 0.65000
vt 0.00000 0.70000
vt 0.00000 0.75000
vt 0.00000 0.80000
vt 0.00000 0.85000
vt 0.00000 0.90000
vt 0.00000 0.95000
vt 0.00000 1.00000
vt 0.03333 0.00000
vt 0.03333 0.05000
vt 0.03333 0.10000
vt 0.03333 0.15000
vt 0.03333 0.20000
vt 0.03333 0.25000
vt 0.03333 0.30000
vt 0.03333 0.35000
vt 0.03333 0.40000
vt 0.03333 0.45000
vt 0.03333 0.50000
vt 0.03333 0.55000
vt 0.03333 0.60000
vt 0.03333 0.65000
vt 0.03333 0.70000
vt 0.03333 0.75000
vt 0.03333 0.80000
vt 0.03333 0.85000
vt 0.03333 0.90000
vt 0.03333 0.95000
vt 0.03333 1.00000
vt 0.06667 0.00000
vt 0.06667 0.05000
vt 0.06667 0.10000
vt 0.06667 0.15000
vt 0.06667 0.20000
vt 0.06667 0.25000
vt 0.06667 0.30000
vt 0.06667 0.35000
vt 0.06667 0.40000
vt 0.06667 0.45000
vt 0.06667 0.50000
vt 0.06667 0.55000
vt 0.06667 0.60000
vt 0.06667 0.65000
vt 0.06667 0.70000
vt 0.06667 0.75000
vt 0.06667 0.80000
vt 0.06667 0.85000
vt 0.06667 0.90000
vt 0.06667 0.95000
vt 0.06667 1.00000
vt 0.10000 0.00000
vt 0.10000 0.05000
vt 0.10000 0.10000
vt 0.10000 0.15000
vt 0.10000 0.20000
vt 0.10000 0.25000
vt 0.10000 0.30000
vt 0.10000 0.35000
vt 0.10000 0.40000
vt 0.10000 0.45000
vt 0.10000 0.50000
vt 0.10000 0.55000
vt 0.10000 0.60000
vt 0.10000 0.65000
vt 0.10000 0.70000
vt 0.10000 0.75000
vt 0.10000 0.80000
vt 0.10000 0.85000
vt 0.10000 0.90000
vt 0.10000 0.95000
vt 0.10000 1.00000
vt 0.13333 0.00000
vt 0.13333 0.05000
vt 0.13333 0.10000
vt 0.13333 0.15000
vt 0.13333 0.20000
vt 0.13333 0.25000
vt 0.13333 0.30000
vt 0.13333 0.35000
vt 0.13333 0.40000
vt 0.13333 0.45000
vt 0.13333 0.50000
vt 0.13333 0.55000
vt 0.13333 0.60000
vt 0.13333 0.65000
vt 0.13333 0.70000
vt 0.13333 0.75000
vt 0.13333 0.80000
vt 0.13333 0.85000
vt 0.13333 0.90000
vt 0.13333 0.95000
vt 0.13333 1.00000
vt 0.16667 0.00000
vt 0.16667 0.05000
vt 0.16667 0.10000
vt 0.16667 0.15000
vt 0.16667 0.20000
vt 0.16667 0.25000
vt 0.16667 0.30000
vt 0.16667 0.35000
vt 0.16667 0.40000
vt 0.16667 0.45000
vt 0.16667 0.50000
vt 0.16667 0.55000
vt 0.16667 0.60000
vt 0.16667 0.65000
vt 0.16667 0.70000
vt 0.16667 0.75000
vt 0.16667 0.80000
vt 0.16667 0.85000
vt 0.16667 0.90000
vt 0.16667 0.95000
vt 0.16667 1.00000
vt 0.20000 0.00000
vt 0.20000 0.05000
vt 0.20000 0.10000
vt 0.20000 0.15000
vt 0.20000 0.20000
vt 0.20000 0.25000
vt 0.20000 0.30000
vt 0.20000 0.35000
vt 0.20000 0.40000
vt 0.20000 0.45000
vt 0.20000 0.50000
vt 0.20000 0.55000
vt 0.20000 0.60000
vt 0.20000 0.65000
vt 0.20000 0.70000
vt 0.20000 0.75000
vt 0.20000 0.80000
vt 0.20000 0.85000
vt 0.20000 0.90000
vt 0.20000 0.95000
vt 0.20000 1.00000
vt 0.23333 0.00000
vt 0.23333 0.05000
vt 0.23333 0.10000
vt 0.23333 0.15000
vt 0.23333 0.20000
vt 0.23333 0.25000
vt 0.23333 0.30000
vt 0.23333 0.35000
vt 0.23333 0.40000
vt 0.23333 0.45000
vt 0.23333 0.50000
vt 0.23333 0.55000
vt 0.23333 0.60000
vt 0.23333 0.65000
vt 0.23333 0.70000
vt 0.23333 0.75000
vt 0.23333 0.80000
vt 0.23333 0.85000
vt 0.23333 0.90000
vt 0.23333 0.95000
vt 0.23333 1.00000
vt 0.26667 0.00000
vt 0.26667 0.05000
vt 0.26667 0.10000
vt 0.26667 0.15000
vt 0.26667 0.20000
vt 0.26667 0.25000
vt 0.26667 0.30000
vt 0.26667 0.35000
vt 0.26667 0.40000
vt 0.26667 0.45000
vt 0.26667 0.50000
vt 0.26667 0.55000
vt 0.26667 0.60000
vt 0.26667 0.65000
vt 0.26667 0.70000
vt 0.26667 0.75000
vt 0.26667 0.80000
vt 0.26667 0.85000
vt 0.26667 0.90000
vt 0.26667 0.95000
vt 0.26667 1.00000
vt 0.30000 0.00000
vt 0.30000 0.05000
vt 0.30000 0.10000
vt 0.30000 0.15000
vt 0.30000 0.20000
vt 0.30000 0.25000
vt 0.30000 0.30000
vt 0.30000 0.35000
vt 0.30000 0.40000
vt 0.30000 0.45000
vt 0.30000 0.50000
vt 0.30000 0.55000
vt 0.30000 0.60000
vt 0.30000 0.65000
vt 0.30000 0.70000
vt 0.30000 0.75000
vt 0.30000 0.80000
vt 0.30000 0.85000
vt 0.30000 0.90000
vt 0.30000 0.95000
vt 0.30000 1.00000
vt 0.33333 0.00000
vt 0.33333 0.05000
vt 0.33333 0.10000
vt 0.33333 0.15000
vt 0.33333 0.20000
vt 0.33333 0.25000
vt 0.33333 0.30000
vt 0.33333 0.35000
vt 0.33333 0.40000
vt 0.33333 0.45000
vt 0.33333 0.50000
vt 0.33333 0.55000
vt 0.33333 0.60000
vt 0.33333 0.65000
vt 0.33333 0.70000
vt 0.33333 0.75000
vt 0.33333 0.80000
vt 0.33333 0.85000
vt 0.33333 0.90000
vt 0.33333 0.95000
vt 0.33333 1.00000
vt 0.36667 0.00000
vt 0.36667 0.05000
vt 0.36667 0.10000
vt 0.36667 0.15000
vt 0.36667 0.20000
vt 0.36667 0.25000
vt 0.36667 0.30000
vt 0.36667 0.35000
vt 0.36667 0.40000
vt 0.36667 0.45000
vt 0.36667 0.50000
vt 0.36667 0.55000
vt 0.36667 0.60000
vt 0.36667 0.65000
vt 0.36667 0.70000
vt 0.36667 0.75000
vt 0.36667 0.80000
vt 0.36667 0.85000
vt 0.36667 0.90000
vt 0.36667 0.95000
vt 0.36667 1.00000
vt 0.40000 0.00000
vt 0.40000 0.05000
vt 0.40000 0.10000
vt 0.40000 0.15000
vt 0.40000 0.20000
vt 0.40000 0.25000
vt 0.40000 0.30000
vt 0.40000 0.35000
vt 0.40000 0.40000
vt 0.40000 0.45000
vt 0.40000 0.50000
vt 0.40000 0.55000
vt 0.40000 0.60000
vt 0.40000 0.65000
vt 0.40000 0.70000
vt 0.40000 0.75000
vt 0.40000 0.80000
vt 0.40000 0.85000
vt 0.40000 0.90000
vt 0.40000 0.95000
vt 0.40000 1.00000
vt 0.43333 0.00000
vt 0.43333 0.05000
vt 0.43333 0.10000
vt 0.43333 0.15000
vt 0.43333 0.20000
vt 0.43333 0.25000
vt 0.43333 0.30000
vt 0.43333 0.35000
vt 0.43333 0.40000
vt 0.43333 0.45000
vt 0.43333 0.50000
vt 0.43333 0.55000
vt 0.43333 0.60000
vt 0.43333 0.65000
vt 0.43333 0.70000
vt 0.43333 0.75000
vt 0.43333 0.80000
vt 0.43333 0.85000
vt 0.43333 0.90000
vt 0.43333 0.95000
vt 0.43333 1.00000
vt 0.46667 0.00000
vt 0.46667 0.05000
vt 0.46667 0.10000
vt 0.46667 0.15000
vt 0.46667 0.20000
vt 0.46667 0.25000
vt 0.46667 0.30000
vt 0.46667 0.35000
vt 0.46667 0.40000
vt 0.46667 0.45000
vt 0.46667 0.50000
vt 0.46667 0.55000
vt 0.46667 0.60000
vt 0.46667 0.65000
vt 0.46667 0.70000
vt 0.46667 0.75000
vt 0.46667 0.80000
vt 0.46667 0.85000
vt 0.46667 0.90000
vt 0.46667 0.95000
vt 0.46667 1.00000
vt 0.50000 0.00000
vt 0.50000 0.05000
vt 0.50000 0.10000
vt 0.50000 0.15000
vt 0.50000 0.20000
vt 0.50000 0.25000
vt 0.50000 0.30000
vt 0.50000 0.35000
vt 0.50000 0.40000
vt 0.50000 0.45000
vt 0.50000 0.50000
vt 0.50000 0.55000
vt 0.50000 0.60000
vt 0.50000 0.65000
vt 0.50000 0.70000
vt 0.50000 0.75000
vt 0.50000 0.80000
vt 0.50000 0.85000
vt 0.50000 0.90000
vt 0.50000 0.95000
vt 0.50000 1.00000
vt 0.53333 0.00000
vt 0.53333 0.05000
vt 0.53333 0.10000
vt 0.53333 0.15000
vt 0.53333 0.20000
vt 0.53333 0.25000
vt 0.53333 0.30000
vt 0.53333 0.35000
vt 0.53333 0.40000
vt 0.53333 0.45000
vt 0.53333 0.50000
vt 0.53333 0.55000
vt 0.53333 0.60000
vt 0.53333 0.65000
vt 0.53333 0.70000
vt 0.53333 0.75000
vt 0.53333 0.80000
vt 0.53333 0.85000
vt 0.53333 0.90000
vt 0.53333 0.95000
vt 0.53333 1.00000
vt 0.56667 0.00000
vt 0.56667 0.05000
vt 0.56667 0.10000
vt 0.56667 0.15000
vt 0.56667 0.20000
vt 0.56667 0.25000
vt 0.56667 0.30000
vt 0.56667 0.35000
vt 0.56667 0.40000
vt 0.56667 0.45000
vt 0.56667 0.50000
vt 0.56667 0.55000
vt 0.56667 0.60000
vt 0.56667 0.65000
vt 0.56667 0.70000
vt 0.56667 0.75000
vt 0.56667 0.80000
vt 0.56667 0.85000
vt 0.56667 0.90000
vt 0.56667 0.95000
vt 0.56667 1.00000
vt 0.60000 0.00000
vt 0.60000 0.05000
vt 0.60000 0.10000
vt 0.60000 0.15000
vt 0.60000 0.20000
vt 0.60000 0.25000
vt 0.60000 0.30000
vt 0.60000 0.35000
vt 0.60000 0.40000
vt 0.60000 0.45000
vt 0.60000 0.50000
vt 0.60000 0.55000
vt 0.60000 0.60000
vt 0.60000 0.65000
vt 0.60000 0.70000
vt 0.60000 0.75000
vt 0.60000 0.80000
vt 0.60000 0.85000
vt 0.60000 0.90000
vt 0.60000 0.95000
vt 0.60000 1.00000
vt 0.63333 0.00000
vt 0.63333 0.05000
vt 0.63333 0.10000
vt 0.63333 0.15000
vt 0.63333 0.20000
vt 0.63333 0.25000
vt 0.63333 0.30000
vt 0.63333 0.35000
vt 0.63333 0.40000
vt 0.63333 0.45000
vt 0.63333 0.50000
vt 0.63333 0.55000
vt 0.63333 0.60000
vt 0.63333 0.65000
vt 0.63333 0.70000
vt 0.63333 0.75000
vt 0.63333 0.80000
vt 0.63333 0.85000
vt 0.63333 0.90000
vt 0.63333 0.95000
vt 0.63333 1.00000
vt 0.66667 0.00000
vt 0.66667 0.05000
vt 0.66667 0.10000
vt 0.66667 0.15000
vt 0.66667 0.20000
vt 0.66667 0.25000
vt 0.66667 0.30000
vt 0.66667 0.35000
vt 0.66667 0.40000
vt 0.66667 0.45000
vt 0.66667 0.50000
vt 0.66667 0.55000
vt 0.66667 0.60000
vt 0.66667 0.65000
vt 0.66667 0.70000
vt 0.66667 0.75000
vt 0.66667 0.80000
vt 0.66667 0.85000
vt 0.66667 0.90000
vt 0.66667 0.95000
vt 0.66667 1.00000
vt 0.70000 0.00000
vt 0.70000 0.05000
vt 0.70000 0.10000
vt 0.70000 0.15000
vt 0.70000 0.20000
vt 0.70000 0.25000
vt 0.70000 0.30000
vt 0.70000 0.35000
vt 0.70000 0.40000
vt 0.70000 0.45000
vt 0.70000 0.50000
vt 0.70000 0.55000
vt 0.70000 0.60000
vt 0.70000 0.65000
vt 0.70000 0.70000
vt 0.70000 0.75000
vt 0.70000 0.80000
vt 0.70000 0.85000
vt 0.70000 0.90000
vt 0.70000 0.95000
vt 0.70000 1.00000
vt 0.73333 0.00000
vt 0.73333 0.05000
vt 0.73333 0.10000
vt 0.73333 0.15000
vt 0.73333 0.20000
vt 0.73333 0.25000
vt 0.73333 0.30000
vt 0.73333 0.35000
vt 0.73333 0.40000
vt 0.73333 0.45000
vt 0.73333 0.50000
vt 0.73333 0.55000
vt 0.73333 0.60000
vt 0.73333 0.65000
vt 0.73333 0.70000
vt 0.73333 0.75000
vt 0.73333 0.80000
vt 0.73333 0.85000
vt 0.73333 0.90000
vt 0.73333 0.95000
vt 0.73333 1.00000
vt 0.76667 0.00000
vt 0.76667 0.05000
vt 0.76667 0.10000
vt 0.76667 0.15000
vt 0.76667 0.20000
vt 0.76667 0.25000
vt 0.76667 0.30000
vt 0.76667 0.35000
vt 0.76667 0.40000
vt 0.76667 0.45000
vt 0.76667 0.50000
vt 0.76667 0.55000
vt 0.76667 0.60000
vt 0.76667 0.65000
vt 0.76667 0.70000
vt 0.76667 0.75000
vt 0.76667 0.80000
vt 0.76667 0.85000
vt 0.76667 0.90000
vt 0.76667 0.95000
vt 0.76667 1.00000
vt 0.80000 0.00000
vt 0.80000 0.05000
vt 0.80000 0.10000
vt 0.80000 0.15000
vt 0.80000 0.20000
vt 0.80000 0.25000
vt 0.80000 0.30000
vt 0.80000 0.35000
vt 0.80000 0.40000
vt 0.80000 0.45000
vt 0.80000 0.50000
vt 0.80000 0.55000
vt 0.80000 0.60000
vt 0.80000 0.65000
vt 0.80000 0.70000
vt 0.80000 0.75000
vt 0.80000 0.80000
vt 0.80000 0.85000
vt 0.80000 0.90000
vt 0.80000 0.95000
vt 0.80000 1.00000
vt 0.83333 0.00000
vt 0.83333 0.05000
vt 0.83333 0.10000
vt 0.83333 0.15000
vt 0.83333 0.20000
vt 0.83333 0.25000
vt 0.83333 0.30000
vt 0.83333 0.35000
vt 0.83333 0.40000
vt 0.83333 0.45000
vt 0.83333 0.50000
vt 0.83333 0.55000
vt 0.83333 0.60000
vt 0.83333 0.65000
vt 0.83333 0.70000
vt 0.83333 0.75000
vt 0.83333 0.80000
vt 0.83333 0.85000
vt 0.83333 0.90000
vt 0.83333 0.95000
vt 0.83333 1.00000
vt 0.86667 0.00000
vt 0.86667 0.05000
vt 0.86667 0.10000
vt 0.86667 0.15000
vt 0.86667 0.20000
vt 0.86667 0.25000
vt 0.86667 0.30000
vt 0.86667 0.35000
vt 0.86667 0.40000
vt 0.86667 0.45000
vt 0.86667 0.50000
vt 0.86667 0.55000
vt 0.86667 0.60000
vt 0.86667 0.65000
vt 0.86667 0.70000
vt 0.86667 0.75000
vt 0.86667 0.80000
vt 0.86667 0.85000
vt 0.86667 0.90000
vt 0.86667 0.95000
vt 0.86667 1.00000
vt 0.90000 0.00000
vt 0.90000 0.05000
vt 0.90000 0.10000
vt 0.90000 0.15000
vt 0.90000 0.20000
vt 0.90000 0.25000
vt 0.90000 0.30000
vt 0.90000 0.35000
vt 0.90000 0.40000
vt 0.90000 0.45000
vt 0.90000 0.50000
vt 0.90000 0.55000
vt 0.90000 0.60000
vt 0.90000 0.65000
vt 0.90000 0.70000
vt 0.90000 0.75000
vt 0.90000 0.80000
vt 0.90000 0.85000
vt 0.90000 0.90000
vt 0.90000 0.95000
vt 0.90000 1.00000
vt 0.93333 0.00000
vt 0.93333 0.05000
vt 0.93333 0.10000
vt 0.93333 0.15000
vt 0.93333 0.20000
vt 0.93333 0.25000
vt 0.93333 0.30000
vt 0.93333 0.35000
vt 0.93333 0.40000
vt 0.93333 0.45000
vt 0.93333 0.50000
vt 0.93333 0.55000
vt 0.93333 0.60000
vt 0.93333 0.65000
vt 0.93333 0.70000
vt 0.93333 0.75000
vt 0.93333 0.80000
vt 0.93333 0.85000
vt 0.93333 0.90000
vt 0.93333 0.95000
vt 0.93333 1.00000
vt 0.96667 0.00000
vt 0.96667 0.05000
vt 0.96667 0.10000
vt 0.96667 0.15000
vt 0.96667 0.20000
vt 0.96667 0.25000
vt 0.96667 0.30000
vt 0.96667 0.35000
vt 0.96667 0.40000
vt 0.96667 0.45000
vt 0.96667 0.50000
vt 0.96667 0.55000
vt 0.96667 0.60000
vt 0.96667 0.65000
vt 0.96667 0.70000
vt 0.96667 0.75000
vt 0.96667 0.80000
vt 0.96667 0.85000
vt 0.96667 0.90000
vt 0.96667 0.95000
vt 0.96667 1.00000
vt 1.00000 0.00000
vt 1.00000 0.05000
vt 1.00000 0.10000
vt 1.00000 0.15000
vt 1.00000 0.20000
vt 1.00000 0.25000
vt 1.00000 0.30000
vt 1.00000 0.35000
vt 1.00000 0.40000
vt 1.00000 0.45000
vt 1.00000 0.50000
vt 1.00000 0.55000
vt 1.00000 0.60000
vt 1.00000 0.65000
vt 1.00000 0.70000
vt 1.00000 0.75000
vt 1.00000 0.80000
vt 1.00000 0.85000
vt 1.00000 0.90000
vt 1.00000 0.95000
vt 1.00000 1.00000
vt 0.00000 0.00000
vt 0.00000 0.16667
vt 0.00000 0.33333
vt 0.00000 0.50000
vt 0.00000 0.66667
vt 0.00000 0.83333
vt 0.00000 1.00000
vt 0.12500 0.00000
vt 0.12500 0.16667
vt 0.12500 0.33333
vt 0.12500 0.50000
vt 0.12500 0.66667
vt 0.12500 0.83333
vt 0.12500 1.00000
vt 0.25000 0.00000
vt 0.25000 0.16667
vt 0.25000 0.33333
vt 0.25000 0.50000
vt 0.25000 0.66667
vt 0.25000 0.83333
vt 0.25000 1.00000
vt 0.37500 0.00000
vt 0.37500 0.16667
vt 0.37500 0.33333
vt 0.37500 0.50000
vt 0.37500 0.66667
vt 0.37500 0.83333
vt 0.37500 1.00000
vt 0.50000 0.00000
vt 0.50000 0.16667
vt 0.50000 0.33333
vt 0.50000 0.50000
vt 0.50000 0.66667
vt 0.50000 0.83333
vt 0.50000 1.00000
vt 0.62500 0.00000
vt 0.62500 0.16667
vt 0.62500 0.33333
vt 0.62500 0.50000
vt 0.62500 0.66667
vt 0.62500 0.83333
vt 0.62500 1.00000
vt 0.75000 0.00000
vt 0.75000 0.16667
vt 0.75000 0.33333
vt 0.75000 0.50000
vt 0.75000 0.66667
vt 0.75000 0.83333
vt 0.75000 1.00000
vt 0.87500 0.00000
vt 0.87500 0.16667
vt 0.87500 0.33333
vt 0.87500 0.50000
vt 0.87500 0.66667
vt 0.87500 0.83333
vt 0.87500 1.00000
vt 1.00000 0.00000
vt 1.00000 0.16667
vt 1.00000 0.33333
vt 1.00000 0.50000
vt 1.00000 0.66667
vt 1.00000 0.83333
vt 1.00000 1.00000
vt 0.00000 0.00000
vt 0.00000 0.16667
vt 0.00000 0.33333
vt 0.00000 0.50000
vt 0.00000 0.66667
vt 0.00000 0.83333
vt 0.00000 1.00000
vt 0.10000 0.00000
vt 0.10000 0.16667
vt 0.10000 0.33333
vt 0.10000 0.50000
vt 0.10000 0.66667
vt 0.10000 0.83333
vt 0.10000 1.00000
vt 0.20000 0.00000
vt 0.20000 0.16667
vt 0.20000 0.33333
vt 0.20000 0.50000
vt 0.20000 0.66667
vt 0.20000 0.83333
vt 0.20000 1.00000
vt 0.30000 0.00000
vt 0.30000 0.16667
vt 0.30000 0.33333
vt 0.30000 0.50000
vt 0.30000 0.66667
vt 0.30000 0.83333
vt 0.30000 1.00000
vt 0.40000 0.00000
vt 0.40000 0.16667
vt 0.40000 0.33333
vt 0.40000 0.50000
vt 0.40000 0.66667
vt 0.40000 0.83333
vt 0.40000 1.00000
vt 0.50000 0.00000
vt 0.50000 0.16667
vt 0.50000 0.33333
vt 0.50000 0.50000
vt 0.50000 0.66667
vt 0.50000 0.83333
vt 0.50000 1.00000
vt 0.60000 0.00000
vt 0.60000 0.16667
vt 0.60000 0.33333
vt 0.60000 0.50000
vt 0.60000 0.66667
vt 0.60000 0.83333
vt 0.60000 1.00000
vt 0.70000 0.00000
vt 0.70000 0.16667
vt 0.70000 0.33333
vt 0.70000 0.50000
vt 0.70000 0.66667
vt 0.70000 0.83333
vt 0.70000 1.00000
vt 0.80000 0.00000
vt 0.80000 0.16667
vt 0.80000 0.33333
vt 0.80000 0.50000
vt 0.80000 0.66667
vt 0.80000 0.83333
vt 0.80000 1.00000
vt 0.90000 0.00000
vt 0.90000 0.16667
vt 0.90000 0.33333
vt 0.90000 0.50000
vt 0.90000 0.66667
vt 0.90000 0.83333
vt 0.90000 1.00000
vt 1.00000 0.00000
vt 1.00000 0.16667
vt 1.00000 0.33333
vt 1.00000 0.50000
vt 1.00000 0.66667
vt 1.00000 0.83333
vt 1.00000 1.00000
vn 0.00000 1.00000 0.00000
vn 0.09072 0.99588 0.00000
vn 0.18015 0.98364 0.00000
vn 0.26708 0.96367 0.00000
vn 0.35042 0.93659 0.00000
vn 0.42930 0.90316 0.00000
vn 0.50303 0.86427 0.00000
vn 0.57115 0.82085 0.00000
vn 0.63339 0.77383 0.00000
vn 0.68965 0.72414 0.00000
vn 0.73994 0.67267 0.00000
vn 0.78436 0.62030 0.00000
vn 0.82307 0.56794 0.00000
vn 0.85620 0.51664 0.00000
vn 0.88385 0.46778 0.00000
vn 0.90591 0.42348 0.00000
vn 0.92182 0.38763 0.00000
vn 0.92954 0.36872 0.00000
vn 0.92074 0.39019 0.00000
vn 0.84016 0.54234 0.00000
vn 0.00000 1.00000 0.00000
vn 0.00000 1.00000 0.00000
vn 0.08872 0.99563 0.02914
vn 0.17605 0.98268 0.05783
vn 0.26068 0.96162 0.08563
vn 0.34151 0.93316 0.11218
vn 0.41761 0.89821 0.13718
vn 0.73659 0.66871 0.10131
vn 0.83793 0.53348 0.11525
vn 0.91912 0.37316 0.12641
vn 0.97217 0.19240 0.13371
vn 0.99067 0.00000 0.13625
vn 0.97217 -0.19240 0.13371
vn 0.91912 -0.37316 0.12641
vn 0.83793 -0.53348 0.11525
vn 0.73659 -0.66871 0.10131
vn 0.86506 0.41342 0.28417
vn 0.87952 0.37811 0.28892
vn 0.88653 0.35952 0.29122
vn 0.87854 0.38062 0.28860
vn 0.80492 0.53121 0.26442
vn 0.00000 1.00000 0.00000
vn 0.00000 1.00000 0.00000
vn 0.08280 0.99494 0.05697
vn 0.16397 0.97999 0.11282
vn 0.24201 0.95588 0.16652
vn 0.31570 0.92366 0.21723
vn 0.38413 0.88463 0.26432
vn 0.70224 0.68260 0.20231
vn 0.80382 0.54795 0.23157
vn 0.88667 0.38544 0.25544
vn 0.94160 0.19953 0.27126
vn 0.96092 0.00000 0.27683
vn 0.94160 -0.19953 0.27126
vn 0.88667 -0.38544 0.25544
vn 0.80382 -0.54795 0.23157
vn 0.70224 -0.68260 0.20231
vn 0.75912 0.38845 0.52234
vn 0.77030 0.35457 0.53003
vn 0.77568 0.33681 0.53373
vn 0.76954 0.35697 0.52951
vn 0.71197 0.50309 0.48989
vn 0.00000 1.00000 0.00000
vn 0.00000 1.00000 0.00000
vn 0.07325 0.99392 0.08225
vn 0.14463 0.97607 0.16239
vn 0.21247 0.94760 0.23857
vn 0.27550 0.91017 0.30934
vn 0.33290 0.86571 0.37380
vn 0.38430 0.81616 0.43151
vn 0.74257 0.57160 0.34909
vn 0.82705 0.40598 0.38881
vn 0.88448 0.21164 0.41581
vn 0.90498 0.00000 0.42545
vn 0.88448 -0.21164 0.41581
vn 0.82705 -0.40598 0.38881
vn 0.74257 -0.57160 0.34909
vn 0.60985 0.39896 0.68477
vn 0.62081 0.35872 0.69707
vn 0.62858 0.32672 0.70579
vn 0.63231 0.31003 0.70998
vn 0.62806 0.32899 0.70521
vn 0.58748 0.46876 0.65965
vn 0.00000 1.00000 0.00000
vn 0.00000 1.00000 0.00000
vn 0.06051 0.99275 0.10387
vn 0.11907 0.97162 0.20438
vn 0.17401 0.93835 0.29868
vn 0.22416 0.89539 0.38475
vn 0.26888 0.84540 0.46151
vn 0.30803 0.79094 0.52871
vn 0.34181 0.73415 0.58668
vn 0.37063 0.67671 0.63615
vn 0.39502 0.61988 0.67802
vn 0.41552 0.56453 0.71320
vn 0.43263 0.51131 0.74256
vn 0.44679 0.46075 0.76687
vn 0.45839 0.41337 0.78677
vn 0.46770 0.36993 0.80275
vn 0.47489 0.33177 0.81511
vn 0.47996 0.30163 0.82381
vn 0.48238 0.28597 0.82797
vn 0.47962 0.30375 0.82322
vn 0.45283 0.43686 0.77724
vn 0.00000 1.00000 0.00000
vn 0.00000 1.00000 0.00000
vn 0.04517 0.99164 0.12091
vn 0.08859 0.96743 0.23714
vn 0.12884 0.92976 0.34488
vn 0.16498 0.88190 0.44162
vn 0.19661 0.82727 0.52629
vn 0.22376 0.76889 0.59895
vn 0.24673 0.70918 0.66044
vn 0.26598 0.64989 0.71197
vn 0.28199 0.59219 0.75484
vn 0.29526 0.53683 0.79034
vn 0.30618 0.48428 0.81959
vn 0.31513 0.43490 0.84354
vn 0.32238 0.38906 0.86296
vn 0.32816 0.34737 0.87843
vn 0.33261 0.31096 0.89032
vn 0.33572 0.28234 0.89865
vn 0.33720 0.26752 0.90262
vn 0.33551 0.28436 0.89809
vn 0.31892 0.41174 0.85368
vn 0.00000 1.00000 0.00000
vn 0.00000 1.00000 0.00000
vn 0.02789 0.99077 0.13266
vn 0.05457 0.96418 0.25956
vn 0.07907 0.92321 0.37607
vn 0.10079 0.87178 0.47941
vn 0.11954 0.81388 0.56861
vn 0.13541 0.75289 0.64407
vn 0.14865 0.69136 0.70706
vn 0.15961 0.63102 0.75917
vn 0.16862 0.57297 0.80204
vn 0.17601 0.51781 0.83719
vn 0.18205 0.46590 0.86591
vn 0.18696 0.41747 0.88925
vn 0.19091 0.37279 0.90806
vn 0.19405 0.33235 0.92298
vn 0.19645 0.29718 0.93439
vn 0.19813 0.26961 0.94237
vn 0.19892 0.25535 0.94616
vn 0.19801 0.27155 0.94183
vn 0.18903 0.39487 0.89908
vn 0.00000 1.00000 0.00000
vn 0.00000 1.00000 0.00000
vn 0.00943 0.99030 0.13866
vn 0.01843 0.96242 0.27092
vn 0.02664 0.91968 0.39176
vn 0.03388 0.86639 0.49822
vn 0.04009 0.80682 0.58944
vn 0.04530 0.74454 0.66604
vn 0.04961 0.68215 0.72953
vn 0.05316 0.62137 0.78171
vn 0.05607 0.56321 0.82441
vn 0.05844 0.50822 0.85924
vn 0.06036 0.45669 0.88758
vn 0.06192 0.40878 0.91053
vn 0.06318 0.36471 0.92898
vn 0.06417 0.32491 0.94356
vn 0.06493 0.29037 0.95471
vn 0.06546 0.26333 0.96248
vn 0.06571 0.24936 0.96618
vn 0.06542 0.26523 0.96196
vn 0.06258 0.38647 0.92018
vn 0.00000 1.00000 0.00000
vn 0.00000 1.00000 0.00000
vn -0.00943 0.99030 0.13866
vn -0.01843 0.96242 0.27092
vn -0.02664 0.91968 0.39176
vn -0.03388 0.86639 0.49822
vn -0.04009 0.80682 0.58944
vn -0.04530 0.74454 0.66604
vn -0.04961 0.68215 0.72953
vn -0.05316 0.62137 0.78171
vn -0.05607 0.56321 0.82441
vn -0.05844 0.50822 0.85924
vn -0.06036 0.45669 0.88758
vn -0.06192 0.40878 0.91053
vn -0.06318 0.36471 0.92898
vn -0.06417 0.32491 0.94356
vn -0.06493 0.29037 0.95471
vn -0.06546 0.26333 0.96248
vn -0.06571 0.24936 0.96618
vn -0.06542 0.26523 0.96196
vn -0.06258 0.38647 0.92018
vn -0.00000 1.00000 0.00000
vn 0.00000 1.00000 0.00000
vn -0.02789 0.99077 0.13266
vn -0.05457 0.96418 0.25956
vn -0.07907 0.92321 0.37607
vn -0.10079 0.87178 0.47941
vn -0.11954 0.81388 0.56861
vn -0.13541 0.75289 0.64407
vn -0.14865 0.69136 0.70706
vn -0.15961 0.63102 0.75917
vn -0.16862 0.57297 0.80204
vn -0.17601 0.51781 0.83719
vn -0.18205 0.46590 0.86591
vn -0.18696 0.41747 0.88925
vn -0.19091 0.37279 0.90806
vn -0.19405 0.33235 0.92298
vn -0.19645 0.29718 0.93439
vn -0.19813 0.26961 0.94237
vn -0.19892 0.25535 0.94616
vn -0.19801 0.27155 0.94183
vn -0.18903 0.39487 0.89908
vn -0.00000 1.00000 0.00000
vn 0.00000 1.00000 0.00000
vn -0.04517 0.99164 0.12091
vn -0.08859 0.96743 0.23714
vn -0.12884 0.92976 0.34488
vn -0.16498 0.88190 0.44162
vn -0.19661 0.82727 0.52629
vn -0.22376 0.76889 0.59895
vn -0.24673 0.70918 0.66044
vn -0.26598 0.64989 0.71197
vn -0.28199 0.59219 0.75484
vn -0.29526 0.53683 0.79034
vn -0.30618 0.48428 0.81959
vn -0.31513 0.43490 0.84354
vn -0.32238 0.38906 0.86296
vn -0.32816 0.34737 0.87843
vn -0.33261 0.31096 0.89032
vn -0.33572 0.28234 0.89865
vn -0.33720 0.26752 0.90262
vn -0.33551 0.28436 0.89809
vn -0.31892 0.41174 0.85368
vn -0.00000 1.00000 0.00000
vn 0.00000 1.00000 0.00000
vn -0.06051 0.99275 0.10387
vn -0.11907 0.97162 0.20438
vn -0.17401 0.93835 0.29868
vn -0.22416 0.89539 0.38475
vn -0.26888 0.84540 0.46151
vn -0.30803 0.79094 0.52871
vn -0.34181 0.73415 0.58668
vn -0.37063 0.67671 0.63615
vn -0.39502 0.61988 0.67802
vn -0.41552 0.56453 0.71320
vn -0.43263 0.51131 0.74256
vn -0.44679 0.46075 0.76687
vn -0.45839 0.41337 0.78677
vn -0.46770 0.36993 0.80275
vn -0.47489 0.33177 0.81511
vn -0.47996 0.30163 0.82381
vn -0.48238 0.28597 0.82797
vn -0.47962 0.30375 0.82322
vn -0.45283 0.43686 0.77724
vn -0.00000 1.00000 0.00000
vn 0.00000 1.00000 0.00000
vn -0.07325 0.99392 0.08225
vn -0.14463 0.97607 0.16239
vn -0.21247 0.94760 0.23857
vn -0.27550 0.91017 0.30934
vn -0.33290 0.86571 0.37380
vn -0.38430 0.81616 0.43151
vn -0.74257 0.57160 0.34909
vn -0.82705 0.40598 0.38881
vn -0.88448 0.21164 0.41581
vn -0.90498 0.00000 0.42545
vn -0.88448 -0.21164 0.41581
vn -0.82705 -0.40598 0.38881
vn -0.74257 -0.57160 0.34909
vn -0.60985 0.39896 0.68477
vn -0.62081 0.35872 0.69707
vn -0.62858 0.32672 0.70579
vn -0.63231 0.31003 0.70998
vn -0.62806 0.32899 0.70521
vn -0.58748 0.46876 0.65965
vn -0.00000 1.00000 0.00000
vn 0.00000 1.00000 0.00000
vn -0.08280 0.99494 0.05697
vn -0.16397 0.97999 0.11282
vn -0.24201 0.95588 0.16652
vn -0.31570 0.92366 0.21723
vn -0.38413 0.88463 0.26432
vn -0.70224 0.68260 0.20231
vn -0.80382 0.54795 0.23157
vn -0.88667 0.38544 0.25544
vn -0.94160 0.19953 0.27126
vn -0.96092 0.00000 0.27683
vn -0.94160 -0.19953 0.27126
vn -0.88667 -0.38544 0.25544
vn -0.80382 -0.54795 0.23157
vn -0.70224 -0.68260 0.20231
vn -0.75912 0.38845 0.52234
vn -0.77030 0.35457 0.53003
vn -0.77568 0.33681 0.53373
vn -0.76954 0.35697 0.52951
vn -0.71197 0.50309 0.48989
vn -0.00000 1.00000 0.00000
vn 0.00000 1.00000 0.00000
vn -0.08872 0.99563 0.02914
vn -0.17605 0.98268 0.05783
vn -0.26068 0.96162 0.08563
vn -0.34151 0.93316 0.11218
vn -0.41761 0.89821 0.13718
vn -0.73659 0.66871 0.10131
vn -0.83793 0.53348 0.11525
vn -0.91912 0.37316 0.12641
vn -0.97217 0.19240 0.13371
vn -0.99067 0.00000 0.13625
vn -0.97217 -0.19240 0.13371
vn -0.91912 -0.37316 0.12641
vn -0.83793 -0.53348 0.11525
vn -0.73659 -0.66871 0.10131
vn -0.86506 0.41342 0.28417
vn -0.87952 0.37811 0.28892
vn -0.88653 0.35952 0.29122
vn -0.87854 0.38062 0.28860
vn -0.80492 0.53121 0.26442
vn -0.00000 1.00000 0.00000
vn 0.00000 1.00000 0.00000
vn -0.09072 0.99588 0.00000
vn -0.18015 0.98364 0.00000
vn -0.26708 0.96367 0.00000
vn -0.35042 0.93659 0.00000
vn -0.42930 0.90316 0.00000
vn -0.74774 0.66399 0.00000
vn -0.84885 0.52863 0.00000
vn -0.92940 0.36909 0.00000
vn -0.98177 0.19005 0.00000
vn -1.00000 -0.00000 -0.00000
vn -0.98177 -0.19005 -0.00000
vn -0.92940 -0.36909 -0.00000
vn -0.84885 -0.52863 -0.00000
vn -0.74774 -0.66399 -0.00000
vn -0.90591 0.42348 0.00000
vn -0.92182 0.38763 0.00000
vn -0.92954 0.36872 0.00000
vn -0.92074 0.39019 0.00000
vn -0.84016 0.54234 0.00000
vn -0.00000 1.00000 0.00000
vn 0.00000 1.00000 0.00000
vn -0.08872 0.99563 -0.02914
vn -0.17605 0.98268 -0.05783
vn -0.26068 0.96162 -0.08563
vn -0.34151 0.93316 -0.11218
vn -0.41761 0.89821 -0.13718
vn -0.73659 0.66871 -0.10131
vn -0.83793 0.53348 -0.11525
vn -0.91912 0.37316 -0.12641
vn -0.97217 0.19240 -0.13371
vn -0.99067 -0.00000 -0.13625
vn -0.97217 -0.19240 -0.13371
vn -0.91912 -0.37316 -0.12641
vn -0.83793 -0.53348 -0.11525
vn -0.73659 -0.66871 -0.10131
vn -0.86506 0.41342 -0.28417
vn -0.87952 0.37811 -0.28892
vn -0.88653 0.35952 -0.29122
vn -0.87854 0.38062 -0.28860
vn -0.80492 0.53121 -0.26442
vn -0.00000 1.00000 -0.00000
vn 0.00000 1.00000 0.00000
vn -0.08280 0.99494 -0.05697
vn -0.16397 0.97999 -0.11282
vn -0.24201 0.95588 -0.16652
vn -0.31570 0.92366 -0.21723
vn -0.38413 0.88463 -0.26432
vn -0.70224 0.68260 -0.20231
vn -0.80382 0.54795 -0.23157
vn -0.88667 0.38544 -0.25544
vn -0.94160 0.19953 -0.27126
vn -0.96092 -0.00000 -0.27683
vn -0.94160 -0.19953 -0.27126
vn -0.88667 -0.38544 -0.25544
vn -0.80382 -0.54795 -0.23157
vn -0.70224 -0.68260 -0.20231
vn -0.75912 0.38845 -0.52234
vn -0.77030 0.35457 -0.53003
vn -0.77568 0.33681 -0.53373
vn -0.76954 0.35697 -0.52951
vn -0.71197 0.50309 -0.48989
vn -0.00000 1.00000 -0.00000
vn 0.00000 1.00000 0.00000
vn -0.07325 0.99392 -0.08225
vn -0.14463 0.97607 -0.16239
vn -0.21247 0.94760 -0.23857
vn -0.27550 0.91017 -0.30934
vn -0.33290 0.86571 -0.37380
vn -0.38430 0.81616 -0.43151
vn -0.74257 0.57160 -0.34909
vn -0.82705 0.40598 -0.38881
vn -0.88448 0.21164 -0.41581
vn -0.90498 -0.00000 -0.42545
vn -0.88448 -0.21164 -0.41581
vn -0.82705 -0.40598 -0.38881
vn -0.74257 -0.57160 -0.34909
vn -0.60985 0.39896 -0.68477
vn -0.62081 0.35872 -0.69707
vn -0.62858 0.32672 -0.70579
vn -0.63231 0.31003 -0.70998
vn -0.62806 0.32899 -0.70521
vn -0.58748 0.46876 -0.65965
vn -0.00000 1.00000 -0.00000
vn 0.00000 1.00000 0.00000
vn -0.06051 0.99275 -0.10387
vn -0.11907 0.97162 -0.20438
vn -0.17401 0.93835 -0.29868
vn -0.22416 0.89539 -0.38475
vn -0.26888 0.84540 -0.46151
vn -0.30803 0.79094 -0.52871
vn -0.34181 0.73415 -0.58668
vn -0.37063 0.67671 -0.63615
vn -0.39502 0.61988 -0.67802
vn -0.41552 0.56453 -0.71320
vn -0.43263 0.51131 -0.74256
vn -0.44679 0.46075 -0.76687
vn -0.45839 0.41337 -0.78677
vn -0.46770 0.36993 -0.80275
vn -0.47489 0.33177 -0.81511
vn -0.47996 0.30163 -0.82381
vn -0.48238 0.28597 -0.82797
vn -0.47962 0.30375 -0.82322
vn -0.45283 0.43686 -0.77724
vn -0.00000 1.00000 -0.00000
vn 0.00000 1.00000 0.00000
vn -0.04517 0.99164 -0.12091
vn -0.08859 0.96743 -0.23714
vn -0.12884 0.92976 -0.34488
vn -0.16498 0.88190 -0.44162
vn -0.19661 0.82727 -0.52629
vn -0.22376 0.76889 -0.59895
vn -0.24673 0.70918 -0.66044
vn -0.26598 0.64989 -0.71197
vn -0.28199 0.59219 -0.75484
vn -0.29526 0.53683 -0.79034
vn -0.30618 0.48428 -0.81959
vn -0.31513 0.43490 -0.84354
vn -0.32238 0.38906 -0.86296
vn -0.32816 0.34737 -0.87843
vn -0.33261 0.31096 -0.89032
vn -0.33572 0.28234 -0.89865
vn -0.33720 0.26752 -0.90262
vn -0.33551 0.28436 -0.89809
vn -0.31892 0.41174 -0.85368
vn -0.00000 1.00000 -0.00000
vn 0.00000 1.00000 0.00000
vn -0.02789 0.99077 -0.13266
vn -0.05457 0.96418 -0.25956
vn -0.07907 0.92321 -0.37607
vn -0.10079 0.87178 -0.47941
vn -0.11954 0.81388 -0.56861
vn -0.13541 0.75289 -0.64407
vn -0.14865 0.69136 -0.70706
vn -0.15961 0.63102 -0.75917
vn -0.16862 0.57297 -0.80204
vn -0.17601 0.51781 -0.83719
vn -0.18205 0.46590 -0.86591
vn -0.18696 0.41747 -0.88925
vn -0.19091 0.37279 -0.90806
vn -0.19405 0.33235 -0.92298
vn -0.19645 0.29718 -0.93439
vn -0.19813 0.26961 -0.94237
vn -0.19892 0.25535 -0.94616
vn -0.19801 0.27155 -0.94183
vn -0.18903 0.39487 -0.89908
vn -0.00000 1.00000 -0.00000
vn 0.00000 1.00000 0.00000
vn -0.00943 0.99030 -0.13866
vn -0.01843 0.96242 -0.27092
vn -0.02664 0.91968 -0.39176
vn -0.03388 0.86639 -0.49822
vn -0.04009 0.80682 -0.58944
vn -0.04530 0.74454 -0.66604
vn -0.04961 0.68215 -0.72953
vn -0.05316 0.62137 -0.78171
vn -0.05607 0.56321 -0.82441
vn -0.05844 0.50822 -0.85924
vn -0.06036 0.45669 -0.88758
vn -0.06192 0.40878 -0.91053
vn -0.06318 0.36471 -0.92898
vn -0.06417 0.32491 -0.94356
vn -0.06493 0.29037 -0.95471
vn -0.06546 0.26333 -0.96248
vn -0.06571 0.24936 -0.96618
vn -0.06542 0.26523 -0.96196
vn -0.06258 0.38647 -0.92018
vn -0.00000 1.00000 -0.00000
vn 0.00000 1.00000 0.00000
vn 0.00943 0.99030 -0.13866
vn 0.01843 0.96242 -0.27092
vn 0.02664 0.91968 -0.39176
vn 0.03388 0.86639 -0.49822
vn 0.04009 0.80682 -0.58944
vn 0.04530 0.74454 -0.66604
vn 0.04961 0.68215 -0.72953
vn 0.05316 0.62137 -0.78171
vn 0.05607 0.56321 -0.82441
vn 0.05844 0.50822 -0.85924
vn 0.06036 0.45669 -0.88758
vn 0.06192 0.40878 -0.91053
vn 0.06318 0.36471 -0.92898
vn 0.06417 0.32491 -0.94356
vn 0.06493 0.29037 -0.95471
vn 0.06546 0.26333 -0.96248
vn 0.06571 0.24936 -0.96618
vn 0.06542 0.26523 -0.96196
vn 0.06258 0.38647 -0.92018
vn 0.00000 1.00000 -0.00000
vn 0.00000 1.00000 0.00000
vn 0.02789 0.99077 -0.13266
vn 0.05457 0.96418 -0.25956
vn 0.07907 0.92321 -0.37607
vn 0.10079 0.87178 -0.47941
vn 0.11954 0.81388 -0.56861
vn 0.13541 0.75289 -0.64407
vn 0.14865 0.69136 -0.70706
vn 0.15961 0.63102 -0.75917
vn 0.16862 0.57297 -0.80204
vn 0.17601 0.51781 -0.83719
vn 0.18205 0.46590 -0.86591
vn 0.18696 0.41747 -0.88925
vn 0.19091 0.37279 -0.90806
vn 0.19405 0.33235 -0.92298
vn 0.19645 0.29718 -0.93439
vn 0.19813 0.26961 -0.94237
vn 0.19892 0.25535 -0.94616
vn 0.19801 0.27155 -0.94183
vn 0.18903 0.39487 -0.89908
vn 0.00000 1.00000 -0.00000
vn 0.00000 1.00000 0.00000
vn 0.04517 0.99164 -0.12091
vn 0.08859 0.96743 -0.23714
vn 0.12884 0.92976 -0.34488
vn 0.16498 0.88190 -0.44162
vn 0.19661 0.82727 -0.52629
vn 0.22376 0.76889 -0.59895
vn 0.24673 0.70918 -0.66044
vn 0.26598 0.64989 -0.71197
vn 0.28199 0.59219 -0.75484
vn 0.29526 0.53683 -0.79034
vn 0.30618 0.48428 -0.81959
vn 0.31513 0.43490 -0.84354
vn 0.32238 0.38906 -0.86296
vn 0.32816 0.34737 -0.87843
vn 0.33261 0.31096 -0.89032
vn 0.33572 0.28234 -0.89865
vn 0.33720 0.26752 -0.90262
vn 0.33551 0.28436 -0.89809
vn 0.31892 0.41174 -0.85368
vn 0.00000 1.00000 -0.00000
vn 0.00000 1.00000 0.00000
vn 0.06051 0.99275 -0.10387
vn 0.11907 0.97162 -0.20438
vn 0.17401 0.93835 -0.29868
vn 0.22416 0.89539 -0.38475
vn 0.26888 0.84540 -0.46151
vn 0.30803 0.79094 -0.52871
vn 0.34181 0.73415 -0.58668
vn 0.37063 0.67671 -0.63615
vn 0.39502 0.61988 -0.67802
vn 0.41552 0.56453 -0.71320
vn 0.43263 0.51131 -0.74256
vn 0.44679 0.46075 -0.76687
vn 0.45839 0.41337 -0.78677
vn 0.46770 0.36993 -0.80275
vn 0.47489 0.33177 -0.81511
vn 0.47996 0.30163 -0.82381
vn 0.48238 0.28597 -0.82797
vn 0.47962 0.30375 -0.82322
vn 0.45283 0.43686 -0.77724
vn 0.00000 1.00000 -0.00000
vn 0.00000 1.00000 0.00000
vn 0.07325 0.99392 -0.08225
vn 0.14463 0.97607 -0.16239
vn 0.21247 0.94760 -0.23857
vn 0.27550 0.91017 -0.30934
vn 0.33290 0.86571 -0.37380
vn 0.38430 0.81616 -0.43151
vn 0.74257 0.57160 -0.34909
vn 0.82705 0.40598 -0.38881
vn 0.88448 0.21164 -0.41581
vn 0.90498 0.00000 -0.42545
vn 0.88448 -0.21164 -0.41581
vn 0.82705 -0.40598 -0.38881
vn 0.74257 -0.57160 -0.34909
vn 0.60985 0.39896 -0.68477
vn 0.62081 0.35872 -0.69707
vn 0.62858 0.32672 -0.70579
vn 0.63231 0.31003 -0.70998
vn 0.62806 0.32899 -0.70521
vn 0.58748 0.46876 -0.65965
vn 0.00000 1.00000 -0.00000
vn 0.00000 1.00000 0.00000
vn 0.08280 0.99494 -0.05697
vn 0.16397 0.97999 -0.11282
vn 0.24201 0.95588 -0.16652
vn 0.31570 0.92366 -0.21723
vn 0.38413 0.88463 -0.26432
vn 0.70224 0.68260 -0.20231
vn 0.80382 0.54795 -0.23157
vn 0.88667 0.38544 -0.25544
vn 0.94160 0.19953 -0.27126
vn 0.96092 0.00000 -0.27683
vn 0.94160 -0.19953 -0.27126
vn 0.88667 -0.38544 -0.25544
vn 0.80382 -0.54795 -0.23157
vn 0.70224 -0.68260 -0.20231
vn 0.75912 0.38845 -0.52234
vn 0.77030 0.35457 -0.53003
vn 0.77568 0.33681 -0.53373
vn 0.76954 0.35697 -0.52951
vn 0.71197 0.50309 -0.48989
vn 0.00000 1.00000 -0.00000
vn 0.00000 1.00000 0.00000
vn 0.08872 0.99563 -0.02914
vn 0.17605 0.98268 -0.05783
vn 0.26068 0.96162 -0.08563
vn 0.34151 0.93316 -0.11218
vn 0.41761 0.89821 -0.13718
vn 0.73659 0.66871 -0.10131
vn 0.83793 0.53348 -0.11525
vn 0.91912 0.37316 -0.12641
vn 0.97217 0.19240 -0.13371
vn 0.99067 0.00000 -0.13625
vn 0.97217 -0.19240 -0.13371
vn 0.91912 -0.37316 -0.12641
vn 0.83793 -0.53348 -0.11525
vn 0.73659 -0.66871 -0.10131
vn 0.86506 0.41342 -0.28417
vn 0.87952 0.37811 -0.28892
vn 0.88653 0.35952 -0.29122
vn 0.87854 0.38062 -0.28860
vn 0.80492 0.53121 -0.26442
vn 0.00000 1.00000 -0.00000
vn 0.00000 1.00000 0.00000
vn 0.09072 0.99588 -0.00000
vn 0.18015 0.98364 -0.00000
vn 0.26708 0.96367 -0.00000
vn 0.35042 0.93659 -0.00000
vn 0.42930 0.90316 -0.00000
vn 0.50303 0.86427 -0.00000
vn 0.57115 0.82085 -0.00000
vn 0.63339 0.77383 -0.00000
vn 0.68965 0.72414 -0.00000
vn 0.73994 0.67267 -0.00000
vn 0.78436 0.62030 -0.00000
vn 0.82307 0.56794 -0.00000
vn 0.85620 0.51664 -0.00000
vn 0.88385 0.46778 -0.00000
vn 0.90591 0.42348 -0.00000
vn 0.92182 0.38763 -0.00000
vn 0.92954 0.36872 -0.00000
vn 0.92074 0.39019 -0.00000
vn 0.84016 0.54234 -0.00000
vn 0.00000 1.00000 -0.00000
vn 0.00000 0.93560 -0.35306
vn 0.03597 0.93464 -0.35376
vn 0.07148 0.93179 -0.35589
vn 0.10608 0.92711 -0.35946
vn 0.13927 0.92072 -0.36452
vn 0.17057 0.91279 -0.37111
vn 0.19946 0.90352 -0.37930
vn 0.22539 0.89317 -0.38916
vn 0.24775 0.88204 -0.40077
vn 0.26591 0.87049 -0.41419
vn 0.27913 0.85888 -0.42944
vn 0.28666 0.84762 -0.44651
vn 0.28764 0.83712 -0.46529
vn 0.28119 0.82777 -0.48552
vn 0.26648 0.81988 -0.50674
vn 0.24278 0.81366 -0.52822
vn 0.20971 0.80915 -0.54890
vn 0.16744 0.80622 -0.56742
vn 0.11695 0.80456 -0.58225
vn 0.06018 0.80378 -0.59188
vn 0.00000 0.80356 -0.59523
vn 0.00000 0.93560 -0.35306
vn 0.03529 0.93731 -0.34670
vn 0.07032 0.93713 -0.34183
vn 0.10465 0.93509 -0.33860
vn 0.13779 0.93131 -0.33717
vn 0.16924 0.92591 -0.33770
vn 0.19846 0.91909 -0.34041
vn 0.22488 0.91108 -0.34549
vn 0.24786 0.90213 -0.35316
vn 0.26669 0.89255 -0.36364
vn 0.28059 0.88265 -0.37709
vn 0.28871 0.87274 -0.39366
vn 0.29009 0.86313 -0.41334
vn 0.28378 0.85405 -0.43598
vn 0.26884 0.84563 -0.46112
vn 0.24455 0.83790 -0.48798
vn 0.21060 0.83072 -0.51532
vn 0.16737 0.82386 -0.54152
vn 0.11617 0.81707 -0.56471
vn 0.05934 0.81025 -0.58307
vn 0.00000 0.80356 -0.59523
vn 0.00000 0.93560 -0.35306
vn 0.03305 0.93988 -0.33990
vn 0.06604 0.94228 -0.32824
vn 0.09855 0.94285 -0.31831
vn 0.13012 0.94165 -0.31042
vn 0.16027 0.93882 -0.30485
vn 0.18847 0.93451 -0.30195
vn 0.21414 0.92892 -0.30207
vn 0.23666 0.92229 -0.30558
vn 0.25529 0.91484 -0.31288
vn 0.26924 0.90682 -0.32432
vn 0.27758 0.89845 -0.34019
vn 0.27933 0.88988 -0.36068
vn 0.27345 0.88116 -0.38572
vn 0.25898 0.87222 -0.41492
vn 0.23520 0.86286 -0.44739
vn 0.20191 0.85277 -0.48168
vn 0.15970 0.84169 -0.51581
vn 0.11016 0.82952 -0.54750
vn 0.05586 0.81658 -0.57453
vn 0.00000 0.80356 -0.59523
vn 0.00000 0.93560 -0.35306
vn 0.02934 0.94223 -0.33368
vn 0.05878 0.94703 -0.31572
vn 0.08794 0.95002 -0.29954
vn 0.11641 0.95127 -0.28553
vn 0.14375 0.95089 -0.27412
vn 0.16949 0.94902 -0.26579
vn 0.19309 0.94582 -0.26103
vn 0.21395 0.94150 -0.26039
vn 0.23137 0.93624 -0.26444
vn 0.24458 0.93019 -0.27373
vn 0.25266 0.92346 -0.28877
vn 0.25464 0.91603 -0.30991
vn 0.24947 0.90776 -0.33725
vn 0.23621 0.89833 -0.37041
vn 0.21419 0.88730 -0.40844
vn 0.18330 0.87421 -0.44961
vn 0.14430 0.85882 -0.49154
vn 0.09894 0.84130 -0.53143
vn 0.04982 0.82245 -0.56665
vn 0.00000 0.80356 -0.59523
vn 0.00000 0.93560 -0.35306
vn 0.02432 0.94425 -0.32832
vn 0.04883 0.95114 -0.30488
vn 0.07321 0.95626 -0.28320
vn 0.09713 0.95968 -0.26377
vn 0.12022 0.96150 -0.24712
vn 0.14208 0.96184 -0.23385
vn 0.16224 0.96085 -0.22461
vn 0.18018 0.95869 -0.22009
vn 0.19530 0.95551 -0.22105
vn 0.20689 0.95137 -0.22823
vn 0.21413 0.94626 -0.24236
vn 0.21612 0.94000 -0.26398
vn 0.21190 0.93223 -0.29335
vn 0.20060 0.92236 -0.33016
vn 0.18163 0.90974 -0.37335
vn 0.15500 0.89376 -0.42091
vn 0.12150 0.87427 -0.47000
vn 0.08285 0.85177 -0.51733
vn 0.04146 0.82758 -0.55982
vn 0.00000 0.80356 -0.59523
vn 0.00000 0.93560 -0.35306
vn 0.01820 0.94586 -0.32406
vn 0.03661 0.95441 -0.29624
vn 0.05499 0.96125 -0.27013
vn 0.07309 0.96644 -0.24628
vn 0.09064 0.97006 -0.22533
vn 0.10731 0.97223 -0.20797
vn 0.12278 0.97309 -0.19497
vn 0.13662 0.97278 -0.18717
vn 0.14836 0.97139 -0.18545
vn 0.15745 0.96892 -0.19077
vn 0.16322 0.96526 -0.20403
vn 0.16494 0.96007 -0.22597
vn 0.16183 0.95277 -0.25699
vn 0.15317 0.94256 -0.29685
vn 0.13853 0.92854 -0.34440
vn 0.11793 0.91005 -0.39737
vn 0.09211 0.88701 -0.45247
vn 0.06253 0.86029 -0.50595
vn 0.03114 0.83169 -0.55436
vn 0.00000 0.80356 -0.59523
vn 0.00000 0.93560 -0.35306
vn 0.01126 0.94698 -0.32110
vn 0.02268 0.95669 -0.29023
vn 0.03411 0.96474 -0.26100
vn 0.04539 0.97117 -0.23403
vn 0.05636 0.97607 -0.21003
vn 0.06682 0.97956 -0.18974
vn 0.07656 0.98176 -0.17402
vn 0.08530 0.98280 -0.16381
vn 0.09276 0.98273 -0.16013
vn 0.09857 0.98152 -0.16404
vn 0.10231 0.97895 -0.17660
vn 0.10348 0.97458 -0.19872
vn 0.10158 0.96766 -0.23090
vn 0.09614 0.95720 -0.27298
vn 0.08687 0.94216 -0.32371
vn 0.07383 0.92178 -0.38061
vn 0.05751 0.89612 -0.44007
vn 0.03891 0.86632 -0.49797
vn 0.01931 0.83457 -0.55056
vn 0.00000 0.80356 -0.59523
vn 0.00000 0.93560 -0.35306
vn 0.00381 0.94755 -0.31959
vn 0.00768 0.95786 -0.28714
vn 0.01156 0.96653 -0.25631
vn 0.01539 0.97360 -0.22773
vn 0.01913 0.97917 -0.20213
vn 0.02269 0.98335 -0.18031
vn 0.02601 0.98625 -0.16317
vn 0.02901 0.98800 -0.15169
vn 0.03157 0.98864 -0.14696
vn 0.03357 0.98810 -0.15011
vn 0.03486 0.98613 -0.16229
vn 0.03528 0.98220 -0.18447
vn 0.03464 0.97550 -0.21726
vn 0.03278 0.96492 -0.26050
vn 0.02961 0.94932 -0.31291
vn 0.02514 0.92793 -0.37190
vn 0.01956 0.90087 -0.43365
vn 0.01321 0.86945 -0.49385
vn 0.00654 0.83606 -0.54860
vn 0.00000 0.80356 -0.59523
vn 0.00000 0.93560 -0.35306
vn -0.00381 0.94755 -0.31959
vn -0.00768 0.95786 -0.28714
vn -0.01156 0.96653 -0.25631
vn -0.01539 0.97360 -0.22773
vn -0.01913 0.97917 -0.20213
vn -0.02269 0.98335 -0.18031
vn -0.02601 0.98625 -0.16317
vn -0.02901 0.98800 -0.15169
vn -0.03157 0.98864 -0.14696
vn -0.03357 0.98810 -0.15011
vn -0.03486 0.98613 -0.16229
vn -0.03528 0.98220 -0.18447
vn -0.03464 0.97550 -0.21726
vn -0.03278 0.96492 -0.26050
vn -0.02961 0.94932 -0.31291
vn -0.02514 0.92793 -0.37190
vn -0.01956 0.90087 -0.43365
vn -0.01321 0.86945 -0.49385
vn -0.00654 0.83606 -0.54860
vn -0.00000 0.80356 -0.59523
vn 0.00000 0.93560 -0.35306
vn -0.01126 0.94698 -0.32110
vn -0.02268 0.95669 -0.29023
vn -0.03411 0.96474 -0.26100
vn -0.04539 0.97117 -0.23403
vn -0.05636 0.97607 -0.21003
vn -0.06682 0.97956 -0.18974
vn -0.07656 0.98176 -0.17402
vn -0.08530 0.98280 -0.16381
vn -0.09276 0.98273 -0.16013
vn -0.09857 0.98152 -0.16404
vn -0.10231 0.97895 -0.17660
vn -0.10348 0.97458 -0.19872
vn -0.10158 0.96766 -0.23090
vn -0.09614 0.95720 -0.27298
vn -0.08687 0.94216 -0.32371
vn -0.07383 0.92178 -0.38061
vn -0.05751 0.89612 -0.44007
vn -0.03891 0.86632 -0.49797
vn -0.01931 0.83457 -0.55056
vn -0.00000 0.80356 -0.59523
vn 0.00000 0.93560 -0.35306
vn -0.01820 0.94586 -0.32406
vn -0.03661 0.95441 -0.29624
vn -0.05499 0.96125 -0.27013
vn -0.07309 0.96644 -0.24628
vn -0.09064 0.97006 -0.22533
vn -0.10731 0.97223 -0.20797
vn -0.12278 0.97309 -0.19497
vn -0.13662 0.97278 -0.18717
vn -0.14836 0.97139 -0.18545
vn -0.15745 0.96892 -0.19077
vn -0.16322 0.96526 -0.20403
vn -0.16494 0.96007 -0.22597
vn -0.16183 0.95277 -0.25699
vn -0.15317 0.94256 -0.29685
vn -0.13853 0.92854 -0.34440
vn -0.11793 0.91005 -0.39737
vn -0.09211 0.88701 -0.45247
vn -0.06253 0.86029 -0.50595
vn -0.03114 0.83169 -0.55436
vn -0.00000 0.80356 -0.59523
vn 0.00000 0.93560 -0.35306
vn -0.02432 0.94425 -0.32832
vn -0.04883 0.95114 -0.30488
vn -0.07321 0.95626 -0.28320
vn -0.09713 0.95968 -0.26377
vn -0.12022 0.96150 -0.24712
vn -0.14208 0.96184 -0.23385
vn -0.16224 0.96085 -0.22461
vn -0.18018 0.95869 -0.22009
vn -0.19530 0.95551 -0.22105
vn -0.20689 0.95137 -0.22823
vn -0.21413 0.94626 -0.24236
vn -0.21612 0.94000 -0.26398
vn -0.21190 0.93223 -0.29335
vn -0.20060 0.92236 -0.33016
vn -0.18163 0.90974 -0.37335
vn -0.15500 0.89376 -0.42091
vn -0.12150 0.87427 -0.47000
vn -0.08285 0.85177 -0.51733
vn -0.04146 0.82758 -0.55982
vn -0.00000 0.80356 -0.59523
vn 0.00000 0.93560 -0.35306
vn -0.02934 0.94223 -0.33368
vn -0.05878 0.94703 -0.31572
vn -0.08794 0.95002 -0.29954
vn -0.11641 0.95127 -0.28553
vn -0.14375 0.95089 -0.27412
vn -0.16949 0.94902 -0.26579
vn -0.19309 0.94582 -0.26103
vn -0.21395 0.94150 -0.26039
vn -0.23137 0.93624 -0.26444
vn -0.24458 0.93019 -0.27373
vn -0.25266 0.92346 -0.28877
vn -0.25464 0.91603 -0.30991
vn -0.24947 0.90776 -0.33725
vn -0.23621 0.89833 -0.37041
vn -0.21419 0.88730 -0.40844
vn -0.18330 0.87421 -0.44961
vn -0.14430 0.85882 -0.49154
vn -0.09894 0.84130 -0.53143
vn -0.04982 0.82245 -0.56665
vn -0.00000 0.80356 -0.59523
vn 0.00000 0.93560 -0.35306
vn -0.03305 0.93988 -0.33990
vn -0.06604 0.94228 -0.32824
vn -0.09855 0.94285 -0.31831
vn -0.13012 0.94165 -0.31042
vn -0.16027 0.93882 -0.30485
vn -0.18847 0.93451 -0.30195
vn -0.21414 0.92892 -0.30207
vn -0.23666 0.92229 -0.30558
vn -0.25529 0.91484 -0.31288
vn -0.26924 0.90682 -0.32432
vn -0.27758 0.89845 -0.34019
vn -0.27933 0.88988 -0.36068
vn -0.27345 0.88116 -0.38572
vn -0.25898 0.87222 -0.41492
vn -0.23520 0.86286 -0.44739
vn -0.20191 0.85277 -0.48168
vn -0.15970 0.84169 -0.51581
vn -0.11016 0.82952 -0.54750
vn -0.05586 0.81658 -0.57453
vn -0.00000 0.80356 -0.59523
vn 0.00000 0.93560 -0.35306
vn -0.03529 0.93731 -0.34670
vn -0.07032 0.93713 -0.34183
vn -0.10465 0.93509 -0.33860
vn -0.13779 0.93131 -0.33717
vn -0.16924 0.92591 -0.33770
vn -0.19846 0.91909 -0.34041
vn -0.22488 0.91108 -0.34549
vn -0.24786 0.90213 -0.35316
vn -0.26669 0.89255 -0.36364
vn -0.28059 0.88265 -0.37709
vn -0.28871 0.87274 -0.39366
vn -0.29009 0.86313 -0.41334
vn -0.28378 0.85405 -0.43598
vn -0.26884 0.84563 -0.46112
vn -0.24455 0.83790 -0.48798
vn -0.21060 0.83072 -0.51532
vn -0.16737 0.82386 -0.54152
vn -0.11617 0.81707 -0.56471
vn -0.05934 0.81025 -0.58307
vn -0.00000 0.80356 -0.59523
vn 0.00000 0.93560 -0.35306
vn -0.03597 0.93464 -0.35376
vn -0.07148 0.93179 -0.35589
vn -0.10608 0.92711 -0.35946
vn -0.13927 0.92072 -0.36452
vn -0.17057 0.91279 -0.37111
vn -0.19946 0.90352 -0.37930
vn -0.22539 0.89317 -0.38916
vn -0.24775 0.88204 -0.40077
vn -0.26591 0.87049 -0.41419
vn -0.27913 0.85888 -0.42944
vn -0.28666 0.84762 -0.44651
vn -0.28764 0.83712 -0.46529
vn -0.28119 0.82777 -0.48552
vn -0.26648 0.81988 -0.50674
vn -0.24278 0.81366 -0.52822
vn -0.20971 0.80915 -0.54890
vn -0.16744 0.80622 -0.56742
vn -0.11695 0.80456 -0.58225
vn -0.06018 0.80378 -0.59188
vn -0.00000 0.80356 -0.59523
vn 0.00000 0.93560 -0.35306
vn -0.03509 0.93199 -0.36079
vn -0.06953 0.92651 -0.36979
vn -0.10288 0.91926 -0.37997
vn -0.13469 0.91037 -0.39125
vn -0.16451 0.90003 -0.40358
vn -0.19185 0.88847 -0.41690
vn -0.21622 0.87598 -0.43117
vn -0.23708 0.86289 -0.44634
vn -0.25385 0.84958 -0.46235
vn -0.26592 0.83650 -0.47912
vn -0.27261 0.82410 -0.49653
vn -0.27321 0.81289 -0.51436
vn -0.26694 0.80336 -0.53231
vn -0.25305 0.79598 -0.54990
vn -0.23089 0.79110 -0.56643
vn -0.20001 0.78896 -0.58098
vn -0.16039 0.78953 -0.59239
vn -0.11268 0.79253 -0.59934
vn -0.05840 0.79743 -0.60058
vn -0.00000 0.80356 -0.59523
vn 0.00000 0.93560 -0.35306
vn -0.03268 0.92946 -0.36747
vn -0.06458 0.92152 -0.38293
vn -0.09531 0.91187 -0.39925
vn -0.12446 0.90069 -0.41626
vn -0.15162 0.88816 -0.43380
vn -0.17637 0.87456 -0.45171
vn -0.19829 0.86018 -0.46987
vn -0.21693 0.84538 -0.48813
vn -0.23179 0.83060 -0.50634
vn -0.24236 0.81629 -0.52435
vn -0.24808 0.80297 -0.54194
vn -0.24836 0.79121 -0.55885
vn -0.24255 0.78158 -0.57472
vn -0.23001 0.77465 -0.58907
vn -0.21015 0.77094 -0.60124
vn -0.18250 0.77080 -0.61038
vn -0.14692 0.77436 -0.61545
vn -0.10377 0.78145 -0.61528
vn -0.05414 0.79148 -0.60879
vn -0.00000 0.80356 -0.59523
vn 0.00000 0.93560 -0.35306
vn -0.02887 0.92717 -0.37352
vn -0.05692 0.91701 -0.39478
vn -0.08379 0.90524 -0.41655
vn -0.10916 0.89204 -0.43857
vn -0.13268 0.87762 -0.46062
vn -0.15400 0.86227 -0.48248
vn -0.17277 0.84629 -0.50392
vn -0.18863 0.83009 -0.52476
vn -0.20119 0.81410 -0.54477
vn -0.21003 0.79880 -0.56374
vn -0.21472 0.78477 -0.58140
vn -0.21477 0.77260 -0.59747
vn -0.20967 0.76293 -0.61154
vn -0.19889 0.75640 -0.62313
vn -0.18193 0.75364 -0.63160
vn -0.15834 0.75514 -0.63615
vn -0.12790 0.76119 -0.63580
vn -0.09075 0.77170 -0.62948
vn -0.04762 0.78617 -0.61618
vn -0.00000 0.80356 -0.59523
vn 0.00000 0.93560 -0.35306
vn -0.02383 0.92522 -0.37869
vn -0.04688 0.91318 -0.40485
vn -0.06887 0.89963 -0.43119
vn -0.08955 0.88475 -0.45738
vn -0.10863 0.86878 -0.48314
vn -0.12585 0.85200 -0.50820
vn -0.14095 0.83475 -0.53229
vn -0.15363 0.81743 -0.55517
vn -0.16362 0.80049 -0.57658
vn -0.17059 0.78445 -0.59626
vn -0.17422 0.76989 -0.61394
vn -0.17414 0.75742 -0.62927
vn -0.16996 0.74774 -0.64187
vn -0.16127 0.74155 -0.65122
vn -0.14765 0.73955 -0.65671
vn -0.12874 0.74233 -0.65755
vn -0.10427 0.75032 -0.65280
vn -0.07427 0.76358 -0.64142
vn -0.03916 0.78168 -0.62245
vn -0.00000 0.80356 -0.59523
vn 0.00000 0.93560 -0.35306
vn -0.01777 0.92367 -0.38277
vn -0.03491 0.91017 -0.41276
vn -0.05121 0.89524 -0.44263
vn -0.06648 0.87907 -0.47204
vn -0.08053 0.86190 -0.50063
vn -0.09317 0.84405 -0.52811
vn -0.10420 0.82584 -0.55419
vn -0.11343 0.80770 -0.57858
vn -0.12067 0.79008 -0.60101
vn -0.12569 0.77350 -0.62121
vn -0.12827 0.75856 -0.63885
vn -0.12815 0.74590 -0.65362
vn -0.12505 0.73623 -0.66508
vn -0.11868 0.73029 -0.67274
vn -0.10874 0.72885 -0.67599
vn -0.09493 0.73258 -0.67403
vn -0.07705 0.74200 -0.66595
vn -0.05504 0.75731 -0.65073
vn -0.02913 0.77818 -0.62737
vn -0.00000 0.80356 -0.59523
vn 0.00000 0.93560 -0.35306
vn -0.01097 0.92261 -0.38558
vn -0.02153 0.90810 -0.41820
vn -0.03155 0.89222 -0.45049
vn -0.04091 0.87518 -0.48207
vn -0.04950 0.85721 -0.51258
vn -0.05721 0.83863 -0.54168
vn -0.06393 0.81980 -0.56908
vn -0.06953 0.80111 -0.59447
vn -0.07391 0.78304 -0.61756
vn -0.07694 0.76612 -0.63808
vn -0.07848 0.75094 -0.65569
vn -0.07838 0.73816 -0.67006
vn -0.07647 0.72850 -0.68076
vn -0.07259 0.72274 -0.68730
vn -0.06654 0.72166 -0.68904
vn -0.05815 0.72601 -0.68522
vn -0.04726 0.73638 -0.67491
vn -0.03383 0.75305 -0.65709
vn -0.01795 0.77577 -0.63076
vn -0.00000 0.80356 -0.59523
vn 0.00000 0.93560 -0.35306
vn -0.00371 0.92207 -0.38701
vn -0.00727 0.90705 -0.42097
vn -0.01065 0.89069 -0.45449
vn -0.01381 0.87320 -0.48716
vn -0.01670 0.85483 -0.51863
vn -0.01929 0.83590 -0.54855
vn -0.02154 0.81674 -0.57660
vn -0.02342 0.79778 -0.60249
vn -0.02489 0.77950 -0.62591
vn -0.02590 0.76240 -0.64658
vn -0.02641 0.74711 -0.66418
vn -0.02637 0.73427 -0.67834
vn -0.02573 0.72463 -0.68866
vn -0.02443 0.71895 -0.69463
vn -0.02240 0.71806 -0.69563
vn -0.01958 0.72271 -0.69087
vn -0.01592 0.73355 -0.67945
vn -0.01141 0.75090 -0.66032
vn -0.00606 0.77455 -0.63248
vn -0.00000 0.80356 -0.59523
vn 0.00000 0.93560 -0.35306
vn 0.00371 0.92207 -0.38701
vn 0.00727 0.90705 -0.42097
vn 0.01065 0.89069 -0.45449
vn 0.01381 0.87320 -0.48716
vn 0.01670 0.85483 -0.51863
vn 0.01929 0.83590 -0.54855
vn 0.02154 0.81674 -0.57660
vn 0.02342 0.79778 -0.60249
vn 0.02489 0.77950 -0.62591
vn 0.02590 0.76240 -0.64658
vn 0.02641 0.74711 -0.66418
vn 0.02637 0.73427 -0.67834
vn 0.02573 0.72463 -0.68866
vn 0.02443 0.71895 -0.69463
vn 0.02240 0.71806 -0.69563
vn 0.01958 0.72271 -0.69087
vn 0.01592 0.73355 -0.67945
vn 0.01141 0.75090 -0.66032
vn 0.00606 0.77455 -0.63248
vn 0.00000 0.80356 -0.59523
vn 0.00000 0.93560 -0.35306
vn 0.01097 0.92261 -0.38558
vn 0.02153 0.90810 -0.41820
vn 0.03155 0.89222 -0.45049
vn 0.04091 0.87518 -0.48207
vn 0.04950 0.85721 -0.51258
vn 0.05721 0.83863 -0.54168
vn 0.06393 0.81980 -0.56908
vn 0.06953 0.80111 -0.59447
vn 0.07391 0.78304 -0.61756
vn 0.07694 0.76612 -0.63808
vn 0.07848 0.75094 -0.65569
vn 0.07838 0.73816 -0.67006
vn 0.07647 0.72850 -0.68076
vn 0.07259 0.72274 -0.68730
vn 0.06654 0.72166 -0.68904
vn 0.05815 0.72601 -0.68522
vn 0.04726 0.73638 -0.67491
vn 0.03383 0.75305 -0.65709
vn 0.01795 0.77577 -0.63076
vn 0.00000 0.80356 -0.59523
vn 0.00000 0.93560 -0.35306
vn 0.01777 0.92367 -0.38277
vn 0.03491 0.91017 -0.41276
vn 0.05121 0.89524 -0.44263
vn 0.06648 0.87907 -0.47204
vn 0.08053 0.86190 -0.50063
vn 0.09317 0.84405 -0.52811
vn 0.10420 0.82584 -0.55419
vn 0.11343 0.80770 -0.57858
vn 0.12067 0.79008 -0.60101
vn 0.12569 0.77350 -0.62121
vn 0.12827 0.75856 -0.63885
vn 0.12815 0.74590 -0.65362
vn 0.12505 0.73623 -0.66508
vn 0.11868 0.73029 -0.67274
vn 0.10874 0.72885 -0.67599
vn 0.09493 0.73258 -0.67403
vn 0.07705 0.74200 -0.66595
vn 0.05504 0.75731 -0.65073
vn 0.02913 0.77818 -0.62737
vn 0.00000 0.80356 -0.59523
vn 0.00000 0.93560 -0.35306
vn 0.02383 0.92522 -0.37869
vn 0.04688 0.91318 -0.40485
vn 0.06887 0.89963 -0.43119
vn 0.08955 0.88475 -0.45738
vn 0.10863 0.86878 -0.48314
vn 0.12585 0.85200 -0.50820
vn 0.14095 0.83475 -0.53229
vn 0.15363 0.81743 -0.55517
vn 0.16362 0.80049 -0.57658
vn 0.17059 0.78445 -0.59626
vn 0.17422 0.76989 -0.61394
vn 0.17414 0.75742 -0.62927
vn 0.16996 0.74774 -0.64187
vn 0.16127 0.74155 -0.65122
vn 0.14765 0.73955 -0.65671
vn 0.12874 0.74233 -0.65755
vn 0.10427 0.75032 -0.65280
vn 0.07427 0.76358 -0.64142
vn 0.03916 0.78168 -0.62245
vn 0.00000 0.80356 -0.59523
vn 0.00000 0.93560 -0.35306
vn 0.02887 0.92717 -0.37352
vn 0.05692 0.91701 -0.39478
vn 0.08379 0.90524 -0.41655
vn 0.10916 0.89204 -0.43857
vn 0.13268 0.87762 -0.46062
vn 0.15400 0.86227 -0.48248
vn 0.17277 0.84629 -0.50392
vn 0.18863 0.83009 -0.52476
vn 0.20119 0.81410 -0.54477
vn 0.21003 0.79880 -0.56374
vn 0.21472 0.78477 -0.58140
vn 0.21477 0.77260 -0.59747
vn 0.20967 0.76293 -0.61154
vn 0.19889 0.75640 -0.62313
vn 0.18193 0.75364 -0.63160
vn 0.15834 0.75514 -0.63615
vn 0.12790 0.76119 -0.63580
vn 0.09075 0.77170 -0.62948
vn 0.04762 0.78617 -0.61618
vn 0.00000 0.80356 -0.59523
vn 0.00000 0.93560 -0.35306
vn 0.03268 0.92946 -0.36747
vn 0.06458 0.92152 -0.38293
vn 0.09531 0.91187 -0.39925
vn 0.12446 0.90069 -0.41626
vn 0.15162 0.88816 -0.43380
vn 0.17637 0.87456 -0.45171
vn 0.19829 0.86018 -0.46987
vn 0.21693 0.84538 -0.48813
vn 0.23179 0.83060 -0.50634
vn 0.24236 0.81629 -0.52435
vn 0.24808 0.80297 -0.54194
vn 0.24836 0.79121 -0.55885
vn 0.24255 0.78158 -0.57472
vn 0.23001 0.77465 -0.58907
vn 0.21015 0.77094 -0.60124
vn 0.18250 0.77080 -0.61038
vn 0.14692 0.77436 -0.61545
vn 0.10377 0.78145 -0.61528
vn 0.05414 0.79148 -0.60879
vn 0.00000 0.80356 -0.59523
vn 0.00000 0.93560 -0.35306
vn 0.03509 0.93199 -0.36079
vn 0.06953 0.92651 -0.36979
vn 0.10288 0.91926 -0.37997
vn 0.13469 0.91037 -0.39125
vn 0.16451 0.90003 -0.40358
vn 0.19185 0.88847 -0.41690
vn 0.21622 0.87598 -0.43117
vn 0.23708 0.86289 -0.44634
vn 0.25385 0.84958 -0.46235
vn 0.26592 0.83650 -0.47912
vn 0.27261 0.82410 -0.49653
vn 0.27321 0.81289 -0.51436
vn 0.26694 0.80336 -0.53231
vn 0.25305 0.79598 -0.54990
vn 0.23089 0.79110 -0.56643
vn 0.20001 0.78896 -0.58098
vn 0.16039 0.78953 -0.59239
vn 0.11268 0.79253 -0.59934
vn 0.05840 0.79743 -0.60058
vn 0.00000 0.80356 -0.59523
vn 0.00000 0.93560 -0.35306
vn 0.03597 0.93464 -0.35376
vn 0.07148 0.93179 -0.35589
vn 0.10608 0.92711 -0.35946
vn 0.13927 0.92072 -0.36452
vn 0.17057 0.91279 -0.37111
vn 0.19946 0.90352 -0.37930
vn 0.22539 0.89317 -0.38916
vn 0.24775 0.88204 -0.40077
vn 0.26591 0.87049 -0.41419
vn 0.27913 0.85888 -0.42944
vn 0.28666 0.84762 -0.44651
vn 0.28764 0.83712 -0.46529
vn 0.28119 0.82777 -0.48552
vn 0.26648 0.81988 -0.50674
vn 0.24278 0.81366 -0.52822
vn 0.20971 0.80915 -0.54890
vn 0.16744 0.80622 -0.56742
vn 0.11695 0.80456 -0.58225
vn 0.06018 0.80378 -0.59188
vn 0.00000 0.80356 -0.59523
vn 0.10344 0.79571 -0.59678
vn 0.08483 0.75338 -0.65209
vn 0.06753 0.71150 -0.69944
vn 0.05161 0.67092 -0.73973
vn 0.03706 0.63221 -0.77391
vn 0.02383 0.59568 -0.80287
vn 0.01182 0.56146 -0.82742
vn 0.06903 0.81978 -0.56851
vn 0.05730 0.77672 -0.62723
vn 0.04610 0.73287 -0.67880
vn 0.03556 0.68929 -0.72362
vn 0.02574 0.64675 -0.76227
vn 0.01667 0.60582 -0.79543
vn 0.00831 0.56685 -0.82378
vn 0.00000 0.82971 -0.55820
vn 0.00000 0.78623 -0.61793
vn 0.00000 0.74155 -0.67089
vn 0.00000 0.69675 -0.71731
vn 0.00000 0.65269 -0.75763
vn 0.00000 0.60998 -0.79242
vn 0.00000 0.56907 -0.82229
vn -0.06903 0.81978 -0.56851
vn -0.05730 0.77672 -0.62723
vn -0.04610 0.73287 -0.67880
vn -0.03556 0.68929 -0.72362
vn -0.02574 0.64675 -0.76227
vn -0.01667 0.60582 -0.79543
vn -0.00831 0.56685 -0.82378
vn -0.10344 0.79571 -0.59678
vn -0.08483 0.75338 -0.65209
vn -0.06753 0.71150 -0.69944
vn -0.05161 0.67092 -0.73973
vn -0.03706 0.63221 -0.77391
vn -0.02383 0.59568 -0.80287
vn -0.01182 0.56146 -0.82742
vn -0.07809 0.77169 -0.63118
vn -0.06310 0.72952 -0.68104
vn -0.04959 0.68948 -0.72260
vn -0.03750 0.65204 -0.75726
vn -0.02669 0.61734 -0.78624
vn -0.01704 0.58538 -0.81058
vn -0.00840 0.55603 -0.83112
vn -0.00000 0.76185 -0.64775
vn -0.00000 0.71948 -0.69451
vn -0.00000 0.68017 -0.73306
vn -0.00000 0.64405 -0.76498
vn -0.00000 0.61108 -0.79157
vn -0.00000 0.58107 -0.81385
vn -0.00000 0.55377 -0.83267
vn 0.07809 0.77169 -0.63118
vn 0.06310 0.72952 -0.68104
vn 0.04959 0.68948 -0.72260
vn 0.03750 0.65204 -0.75726
vn 0.02669 0.61734 -0.78624
vn 0.01704 0.58538 -0.81058
vn 0.00840 0.55603 -0.83112
vn 0.10344 0.79571 -0.59678
vn 0.08483 0.75338 -0.65209
vn 0.06753 0.71150 -0.69944
vn 0.05161 0.67092 -0.73973
vn 0.03706 0.63221 -0.77391
vn 0.02383 0.59568 -0.80287
vn 0.01182 0.56146 -0.82742
vn -0.26535 0.59567 0.75813
vn -0.21172 0.54947 0.80824
vn -0.16579 0.50925 0.84450
vn -0.12586 0.47456 0.87118
vn -0.09008 0.44469 0.89115
vn -0.05603 0.41887 0.90632
vn -0.01229 0.39643 0.91798
vn -0.19963 0.69796 0.68775
vn -0.16244 0.63829 0.75246
vn -0.12913 0.58342 0.80184
vn -0.09916 0.53370 0.83984
vn -0.07161 0.48865 0.86953
vn -0.04487 0.44705 0.89338
vn -0.00992 0.40278 0.91524
vn -0.07325 0.75602 0.65044
vn -0.06020 0.68960 0.72168
vn -0.04824 0.62697 0.77755
vn -0.03729 0.56892 0.82155
vn -0.02707 0.51515 0.85667
vn -0.01704 0.46422 0.88556
vn -0.00378 0.40669 0.91356
vn 0.07325 0.75602 0.65044
vn 0.06020 0.68960 0.72168
vn 0.04824 0.62697 0.77755
vn 0.03729 0.56892 0.82155
vn 0.02707 0.51515 0.85667
vn 0.01704 0.46422 0.88556
vn 0.00378 0.40669 0.91356
vn 0.19963 0.69796 0.68775
vn 0.16244 0.63829 0.75246
vn 0.12913 0.58342 0.80184
vn 0.09916 0.53370 0.83984
vn 0.07161 0.48865 0.86953
vn 0.04487 0.44705 0.89338
vn 0.00992 0.40278 0.91524
vn 0.26535 0.59567 0.75813
vn 0.21172 0.54947 0.80824
vn 0.16579 0.50925 0.84450
vn 0.12586 0.47456 0.87118
vn 0.09008 0.44469 0.89115
vn 0.05603 0.41887 0.90632
vn 0.01229 0.39643 0.91798
vn 0.23371 0.47992 0.84561
vn 0.18175 0.45193 0.87334
vn 0.13976 0.42980 0.89204
vn 0.10471 0.41248 0.90493
vn 0.07420 0.39927 0.91383
vn 0.04579 0.39015 0.91961
vn 0.00996 0.39006 0.92073
vn 0.09487 0.39928 0.91191
vn 0.07229 0.38623 0.91956
vn 0.05485 0.37763 0.92433
vn 0.04072 0.37247 0.92715
vn 0.02867 0.37043 0.92842
vn 0.01760 0.37212 0.92802
vn 0.00381 0.38611 0.92244
vn -0.09487 0.39928 0.91191
vn -0.07229 0.38623 0.91956
vn -0.05485 0.37763 0.92433
vn -0.04072 0.37247 0.92715
vn -0.02867 0.37043 0.92842
vn -0.01760 0.37212 0.92802
vn -0.00381 0.38611 0.92244
vn -0.23371 0.47992 0.84561
vn -0.18175 0.45193 0.87334
vn -0.13976 0.42980 0.89204
vn -0.10471 0.41248 0.90493
vn -0.07420 0.39927 0.91383
vn -0.04579 0.39015 0.91961
vn -0.00996 0.39006 0.92073
vn -0.26535 0.59567 0.75813
vn -0.21172 0.54947 0.80824
vn -0.16579 0.50925 0.84450
vn -0.12586 0.47456 0.87118
vn -0.09008 0.44469 0.89115
vn -0.05603 0.41887 0.90632
vn -0.01229 0.39643 0.91798
f 1/1/1 22/22/22 23/23/23
f 1/1/1 23/23/23 2/2/2
f 2/2/2 23/23/23 24/24/24
f 2/2/2 24/24/24 3/3/3
f 3/3/3 24/24/24 25/25/25
f 3/3/3 25/25/25 4/4/4
f 4/4/4 25/25/25 26/26/26
f 4/4/4 26/26/26 5/5/5
f 5/5/5 26/26/26 27/27/27
f 5/5/5 27/27/27 6/6/6
f 6/6/6 27/27/27 28/28/28
f 6/6/6 28/28/28 7/7/7
f 7/7/7 28/28/28 29/29/29
f 7/7/7 29/29/29 8/8/8
f 8/8/8 29/29/29 30/30/30
f 8/8/8 30/30/30 9/9/9
f 9/9/9 30/30/30 31/31/31
f 9/9/9 31/31/31 10/10/10
f 10/10/10 31/31/31 32/32/32
f 10/10/10 32/32/32 11/11/11
f 11/11/11 32/32/32 33/33/33
f 11/11/11 33/33/33 12/12/12
f 12/12/12 33/33/33 34/34/34
f 12/12/12 34/34/34 13/13/13
f 13/13/13 34/34/34 35/35/35
f 13/13/13 35/35/35 14/14/14
f 14/14/14 35/35/35 36/36/36
f 14/14/14 36/36/36 15/15/15
f 15/15/15 36/36/36 37/37/37
f 15/15/15 37/37/37 16/16/16
f 16/16/16 37/37/37 38/38/38
f 16/16/16 38/38/38 17/17/17
f 17/17/17 38/38/38 39/39/39
f 17/17/17 39/39/39 18/18/18
f 18/18/18 39/39/39 40/40/40
f 18/18/18 40/40/40 19/19/19
f 19/19/19 40/40/40 41/41/41
f 19/19/19 41/41/41 20/20/20
f 20/20/20 41/41/41 42/42/42
f 20/20/20 42/42/42 21/21/21
f 22/22/22 43/43/43 44/44/44
f 22/22/22 44/44/44 23/23/23
f 23/23/23 44/44/44 45/45/45
f 23/23/23 45/45/45 24/24/24
f 24/24/24 45/45/45 46/46/46
f 24/24/24 46/46/46 25/25/25
f 25/25/25 46/46/46 47/47/47
f 25/25/25 47/47/47 26/26/26
f 26/26/26 47/47/47 48/48/48
f 26/26/26 48/48/48 27/27/27
f 27/27/27 48/48/48 49/49/49
f 27/27/27 49/49/49 28/28/28
f 28/28/28 49/49/49 50/50/50
f 28/28/28 50/50/50 29/29/29
f 29/29/29 50/50/50 51/51/51
f 29/29/29 51/51/51 30/30/30
f 30/30/30 51/51/51 52/52/52
f 30/30/30 52/52/52 31/31/31
f 31/31/31 52/52/52 53/53/53
f 31/31/31 53/53/53 32/32/32
f 32/32/32 53/53/53 54/54/54
f 32/32/32 54/54/54 33/33/33
f 33/33/33 54/54/54 55/55/55
f 33/33/33 55/55/55 34/34/34
f 34/34/34 55/55/55 56/56/56
f 34/34/34 56/56/56 35/35/35
f 35/35/35 56/56/56 57/57/57
f 35/35/35 57/57/57 36/36/36
f 36/36/36 57/57/57 58/58/58
f 36/36/36 58/58/58 37/37/37
f 37/37/37 58/58/58 59/59/59
f 37/37/37 59/59/59 38/38/38
f 38/38/38 59/59/59 60/60/60
f 38/38/38 60/60/60 39/39/39
f 39/39/39 60/60/60 61/61/61
f 39/39/39 61/61/61 40/40/40
f 40/40/40 61/61/61 62/62/62
f 40/40/40 62/62/62 41/41/41
f 41/41/41 62/62/62 63/63/63
f 41/41/41 63/63/63 42/42/42
f 43/43/43 64/64/64 65/65/65
f 43/43/43 65/65/65 44/44/44
f 44/44/44 65/65/65 66/66/66
f 44/44/44 66/66/66 45/45/45
f 45/45/45 66/66/66 67/67/67
f 45/45/45 67/67/67 46/46/46
f 46/46/46 67/67/67 68/68/68
f 46/46/46 68/68/68 47/47/47
f 47/47/47 68/68/68 69/69/69
f 47/47/47 69/69/69 48/48/48
f 48/48/48 69/69/69 70/70/70
f 48/48/48 70/70/70 49/49/49
f 49/49/49 70/70/70 71/71/71
f 49/49/49 71/71/71 50/50/50
f 50/50/50 71/71/71 72/72/72
f 50/50/50 72/72/72 51/51/51
f 51/51/51 72/72/72 73/73/73
f 51/51/51 73/73/73 52/52/52
f 52/52/52 73/73/73 74/74/74
f 52/52/52 74/74/74 53/53/53
f 53/53/53 74/74/74 75/75/75
f 53/53/53 75/75/75 54/54/54
f 54/54/54 75/75/75 76/76/76
f 54/54/54 76/76/76 55/55/55
f 55/55/55 76/76/76 77/77/77
f 55/55/55 77/77/77 56/56/56
f 56/56/56 77/77/77 78/78/78
f 56/56/56 78/78/78 57/57/57
f 57/57/57 78/78/78 79/79/79
f 57/57/57 79/79/79 58/58/58
f 58/58/58 79/79/79 80/80/80
f 58/58/58 80/80/80 59/59/59
f 59/59/59 80/80/80 81/81/81
f 59/59/59 81/81/81 60/60/60
f 60/60/60 81/81/81 82/82/82
f 60/60/60 82/82/82 61/61/61
f 61/61/61 82/82/82 83/83/83
f 61/61/61 83/83/83 62/62/62
f 62/62/62 83/83/83 84/84/84
f 62/62/62 84/84/84 63/63/63
f 64/64/64 85/85/85 86/86/86
f 64/64/64 86/86/86 65/65/65
f 65/65/65 86/86/86 87/87/87
f 65/65/65 87/87/87 66/66/66
f 66/66/66 87/87/87 88/88/88
f 66/66/66 88/88/88 67/67/67
f 67/67/67 88/88/88 89/89/89
f 67/67/67 89/89/89 68/68/68
f 68/68/68 89/89/89 90/90/90
f 68/68/68 90/90/90 69/69/69
f 69/69/69 90/90/90 91/91/91
f 69/69/69 91/91/91 70/70/70
f 70/70/70 91/91/91 92/92/92
f 70/70/70 92/92/92 71/71/71
f 71/71/71 92/92/92 93/93/93
f 71/71/71 93/93/93 72/72/72
f 72/72/72 93/93/93 94/94/94
f 72/72/72 94/94/94 73/73/73
f 73/73/73 94/94/94 95/95/95
f 73/73/73 95/95/95 74/74/74
f 74/74/74 95/95/95 96/96/96
f 74/74/74 96/96/96 75/75/75
f 75/75/75 96/96/96 97/97/97
f 75/75/75 97/97/97 76/76/76
f 76/76/76 97/97/97 98/98/98
f 76/76/76 98/98/98 77/77/77
f 77/77/77 98/98/98 99/99/99
f 77/77/77 99/99/99 78/78/78
f 78/78/78 99/99/99 100/100/100
f 78/78/78 100/100/100 79/79/79
f 79/79/79 100/100/100 101/101/101
f 79/79/79 101/101/101 80/80/80
f 80/80/80 101/101/101 102/102/102
f 80/80/80 102/102/102 81/81/81
f 81/81/81 102/102/102 103/103/103
f 81/81/81 103/103/103 82/82/82
f 82/82/82 103/103/103 104/104/104
f 82/82/82 104/104/104 83/83/83
f 83/83/83 104/104/104 105/105/105
f 83/83/83 105/105/105 84/84/84
f 85/85/85 106/106/106 107/107/107
f 85/85/85 107/107/107 86/86/86
f 86/86/86 107/107/107 108/108/108
f 86/86/86 108/108/108 87/87/87
f 87/87/87 108/108/108 109/109/109
f 87/87/87 109/109/109 88/88/88
f 88/88/88 109/109/109 110/110/110
f 88/88/88 110/110/110 89/89/89
f 89/89/89 110/110/110 111/111/111
f 89/89/89 111/111/111 90/90/90
f 90/90/90 111/111/111 112/112/112
f 90/90/90 112/112/112 91/91/91
f 91/91/91 112/112/112 113/113/113
f 91/91/91 113/113/113 92/92/92
f 92/92/92 113/113/113 114/114/114
f 92/92/92 114/114/114 93/93/93
f 93/93/93 114/114/114 115/115/115
f 93/93/93 115/115/115 94/94/94
f 94/94/94 115/115/115 116/116/116
f 94/94/94 116/116/116 95/95/95
f 95/95/95 116/116/116 117/117/117
f 95/95/95 117/117/117 96/96/96
f 96/96/96 117/117/117 118/118/118
f 96/96/96 118/118/118 97/97/97
f 97/97/97 118/118/118 119/119/119
f 97/97/97 119/119/119 98/98/98
f 98/98/98 119/119/119 120/120/120
f 98/98/98 120/120/120 99/99/99
f 99/99/99 120/120/120 121/121/121
f 99/99/99 121/121/121 100/100/100
f 100/100/100 121/121/121 122/122/122
f 100/100/100 122/122/122 101/101/101
f 101/101/101 122/122/122 123/123/123
f 101/101/101 123/123/123 102/102/102
f 102/102/102 123/123/123 124/124/124
f 102/102/102 124/124/124 103/103/103
f 103/103/103 124/124/124 125/125/125
f 103/103/103 125/125/125 104/104/104
f 104/104/104 125/125/125 126/126/126
f 104/104/104 126/126/126 105/105/105
f 106/106/106 127/127/127 128/128/128
f 106/106/106 128/128/128 107/107/107
f 107/107/107 128/128/128 129/129/129
f 107/107/107 129/129/129 108/108/108
f 108/108/108 129/129/129 130/130/130
f 108/108/108 130/130/130 109/109/109
f 109/109/109 130/130/130 131/131/131
f 109/109/109 131/131/131 110/110/110
f 110/110/110 131/131/131 132/132/132
f 110/110/110 132/132/132 111/111/111
f 111/111/111 132/132/132 133/133/133
f 111/111/111 133/133/133 112/112/112
f 112/112/112 133/133/133 134/134/134
f 112/112/112 134/134/134 113/113/113
f 113/113/113 134/134/134 135/135/135
f 113/113/113 135/135/135 114/114/114
f 114/114/114 135/135/135 136/136/136
f 114/114/114 136/136/136 115/115/115
f 115/115/115 136/136/136 137/137/137
f 115/115/115 137/137/137 116/116/116
f 116/116/116 137/137/137 138/138/138
f 116/116/116 138/138/138 117/117/117
f 117/117/117 138/138/138 139/139/139
f 117/117/117 139/139/139 118/118/118
f 118/118/118 139/139/139 140/140/140
f 118/118/118 140/140/140 119/119/119
f 119/119/119 140/140/140 141/141/141
f 119/119/119 141/141/141 120/120/120
f 120/120/120 141/141/141 142/142/142
f 120/120/120 142/142/142 121/121/121
f 121/121/121 142/142/142 143/143/143
f 121/121/121 143/143/143 122/122/122
f 122/122/122 143/143/143 144/144/144
f 122/122/122 144/144/144 123/123/123
f 123/123/123 144/144/144 145/145/145
f 123/123/123 145/145/145 124/124/124
f 124/124/124 145/145/145 146/146/146
f 124/124/124 146/146/146 125/125/125
f 125/125/125 146/146/146 147/147/147
f 125/125/125 147/147/147 126/126/126
f 127/127/127 148/148/148 149/149/149
f 127/127/127 149/149/149 128/128/128
f 128/128/128 149/149/149 150/150/150
f 128/128/128 150/150/150 129/129/129
f 129/129/129 150/150/150 151/151/151
f 129/129/129 151/151/151 130/130/130
f 130/130/130 151/151/151 152/152/152
f 130/130/130 152/152/152 131/131/131
f 131/131/131 152/152/152 153/153/153
f 131/131/131 153/153/153 132/132/132
f 132/132/132 153/153/153 154/154/154
f 132/132/132 154/154/154 133/133/133
f 133/133/133 154/154/154 155/155/155
f 133/133/133 155/155/155 134/134/134
f 134/134/134 155/155/155 156/156/156
f 134/134/134 156/156/156 135/135/135
f 135/135/135 156/156/156 157/157/157
f 135/135/135 157/157/157 136/136/136
f 136/136/136 157/157/157 158/158/158
f 136/136/136 158/158/158 137/137/137
f 137/137/137 158/158/158 159/159/159
f 137/137/137 159/159/159 138/138/138
f 138/138/138 159/159/159 160/160/160
f 138/138/138 160/160/160 139/139/139
f 139/139/139 160/160/160 161/161/161
f 139/139/139 161/161/161 140/140/140
f 140/140/140 161/161/161 162/162/162
f 140/140/140 162/162/162 141/141/141
f 141/141/141 162/162/162 163/163/163
f 141/141/141 163/163/163 142/142/142
f 142/142/142 163/163/163 164/164/164
f 142/142/142 164/164/164 143/143/143
f 143/143/143 164/164/164 165/165/165
f 143/143/143 165/165/165 144/144/144
f 144/144/144 165/165/165 166/166/166
f 144/144/144 166/166/166 145/145/145
f 145/145/145 166/166/166 167/167/167
f 145/145/145 167/167/167 146/146/146
f 146/146/146 167/167/167 168/168/168
f 146/146/146 168/168/168 147/147/147
f 148/148/148 169/169/169 170/170/170
f 148/148/148 170/170/170 149/149/149
f 149/149/149 170/170/170 171/171/171
f 149/149/149 171/171/171 150/150/150
f 150/150/150 171/171/171 172/172/172
f 150/150/150 172/172/172 151/151/151
f 151/151/151 172/172/172 173/173/173
f 151/151/151 173/173/173 152/152/152
f 152/152/152 173/173/173 174/174/174
f 152/152/152 174/174/174 153/153/153
f 153/153/153 174/174/174 175/175/175
f 153/153/153 175/175/175 154/154/154
f 154/154/154 175/175/175 176/176/176
f 154/154/154 176/176/176 155/155/155
f 155/155/155 176/176/176 177/177/177
f 155/155/155 177/177/177 156/156/156
f 156/156/156 177/177/177 178/178/178
f 156/156/156 178/178/178 157/157/157
f 157/157/157 178/178/178 179/179/179
f 157/157/157 179/179/179 158/158/158
f 158/158/158 179/179/179 180/180/180
f 158/158/158 180/180/180 159/159/159
f 159/159/159 180/180/180 181/181/181
f 159/159/159 181/181/181 160/160/160
f 160/160/160 181/181/181 182/182/182
f 160/160/160 182/182/182 161/161/161
f 161/161/161 182/182/182 183/183/183
f 161/161/161 183/183/183 162/162/162
f 162/162/162 183/183/183 184/184/184
f 162/162/162 184/184/184 163/163/163
f 163/163/163 184/184/184 185/185/185
f 163/163/163 185/185/185 164/164/164
f 164/164/164 185/185/185 186/186/186
f 164/164/164 186/186/186 165/165/165
f 165/165/165 186/186/186 187/187/187
f 165/165/165 187/187/187 166/166/166
f 166/166/166 187/187/187 188/188/188
f 166/166/166 188/188/188 167/167/167
f 167/167/167 188/188/188 189/189/189
f 167/167/167 189/189/189 168/168/168
f 169/169/169 190/190/190 191/191/191
f 169/169/169 191/191/191 170/170/170
f 170/170/170 191/191/191 192/192/192
f 170/170/170 192/192/192 171/171/171
f 171/171/171 192/192/192 193/193/193
f 171/171/171 193/193/193 172/172/172
f 172/172/172 193/193/193 194/194/194
f 172/172/172 194/194/194 173/173/173
f 173/173/173 194/194/194 195/195/195
f 173/173/173 195/195/195 174/174/174
f 174/174/174 195/195/195 196/196/196
f 174/174/174 196/196/196 175/175/175
f 175/175/175 196/196/196 197/197/197
f 175/175/175 197/197/197 176/176/176
f 176/176/176 197/197/197 198/198/198
f 176/176/176 198/198/198 177/177/177
f 177/177/177 198/198/198 199/199/199
f 177/177/177 199/199/199 178/178/178
f 178/178/178 199/199/199 200/200/200
f 178/178/178 200/200/200 179/179/179
f 179/179/179 200/200/200 201/201/201
f 179/179/179 201/201/201 180/180/180
f 180/180/180 201/201/201 202/202/202
f 180/180/180 202/202/202 181/181/181
f 181/181/181 202/202/202 203/203/203
f 181/181/181 203/203/203 182/182/182
f 182/182/182 203/203/203 204/204/204
f 182/182/182 204/204/204 183/183/183
f 183/183/183 204/204/204 205/205/205
f 183/183/183 205/205/205 184/184/184
f 184/184/184 205/205/205 206/206/206
f 184/184/184 206/206/206 185/185/185
f 185/185/185 206/206/206 207/207/207
f 185/185/185 207/207/207 186/186/186
f 186/186/186 207/207/207 208/208/208
f 186/186/186 208/208/208 187/187/187
f 187/187/187 208/208/208 209/209/209
f 187/187/187 209/209/209 188/188/188
f 188/188/188 209/209/209 210/210/210
f 188/188/188 210/210/210 189/189/189
f 190/190/190 211/211/211 212/212/212
f 190/190/190 212/212/212 191/191/191
f 191/191/191 212/212/212 213/213/213
f 191/191/191 213/213/213 192/192/192
f 192/192/192 213/213/213 214/214/214
f 192/192/192 214/214/214 193/193/193
f 193/193/193 214/214/214 215/215/215
f 193/193/193 215/215/215 194/194/194
f 194/194/194 215/215/215 216/216/216
f 194/194/194 216/216/216 195/195/195
f 195/195/195 216/216/216 217/217/217
f 195/195/195 217/217/217 196/196/196
f 196/196/196 217/217/217 218/218/218
f 196/196/196 218/218/218 197/197/197
f 197/197/197 218/218/218 219/219/219
f 197/197/197 219/219/219 198/198/198
f 198/198/198 219/219/219 220/220/220
f 198/198/198 220/220/220 199/199/199
f 199/199/199 220/220/220 221/221/221
f 199/199/199 221/221/221 200/200/200
f 200/200/200 221/221/221 222/222/222
f 200/200/200 222/222/222 201/201/201
f 201/201/201 222/222/222 223/223/223
f 201/201/201 223/223/223 202/202/202
f 202/202/202 223/223/223 224/224/224
f 202/202/202 224/224/224 203/203/203
f 203/203/203 224/224/224 225/225/225
f 203/203/203 225/225/225 204/204/204
f 204/204/204 225/225/225 226/226/226
f 204/204/204 226/226/226 205/205/205
f 205/205/205 226/226/226 227/227/227
f 205/205/205 227/227/227 206/206/206
f 206/206/206 227/227/227 228/228/228
f 206/206/206 228/228/228 207/207/207
f 207/207/207 228/228/228 229/229/229
f 207/207/207 229/229/229 208/208/208
f 208/208/208 229/229/229 230/230/230
f 208/208/208 230/230/230 209/209/209
f 209/209/209 230/230/230 231/231/231
f 209/209/209 231/231/231 210/210/210
f 211/211/211 232/232/232 233/233/233
f 211/211/211 233/233/233 212/212/212
f 212/212/212 233/233/233 234/234/234
f 212/212/212 234/234/234 213/213/213
f 213/213/213 234/234/234 235/235/235
f 213/213/213 235/235/235 214/214/214
f 214/214/214 235/235/235 236/236/236
f 214/214/214 236/236/236 215/215/215
f 215/215/215 236/236/236 237/237/237
f 215/215/215 237/237/237 216/216/216
f 216/216/216 237/237/237 238/238/238
f 216/216/216 238/238/238 217/217/217
f 217/217/217 238/238/238 239/239/239
f 217/217/217 239/239/239 218/218/218
f 218/218/218 239/239/239 240/240/240
f 218/218/218 240/240/240 219/219/219
f 219/219/219 240/240/240 241/241/241
f 219/219/219 241/241/241 220/220/220
f 220/220/220 241/241/241 242/242/242
f 220/220/220 242/242/242 221/221/221
f 221/221/221 242/242/242 243/243/243
f 221/221/221 243/243/243 222/222/222
f 222/222/222 243/243/243 244/244/244
f 222/222/222 244/244/244 223/223/223
f 223/223/223 244/244/244 245/245/245
f 223/223/223 245/245/245 224/224/224
f 224/224/224 245/245/245 246/246/246
f 224/224/224 246/246/246 225/225/225
f 225/225/225 246/246/246 247/247/247
f 225/225/225 247/247/247 226/226/226
f 226/226/226 247/247/247 248/248/248
f 226/226/226 248/248/248 227/227/227
f 227/227/227 248/248/248 249/249/249
f 227/227/227 249/249/249 228/228/228
f 228/228/228 249/249/249 250/250/250
f 228/228/228 250/250/250 229/229/229
f 229/229/229 250/250/250 251/251/251
f 229/229/229 251/251/251 230/230/230
f 230/230/230 251/251/251 252/252/252
f 230/230/230 252/252/252 231/231/231
f 232/232/232 253/253/253 254/254/254
f 232/232/232 254/254/254 233/233/233
f 233/233/233 254/254/254 255/255/255
f 233/233/233 255/255/255 234/234/234
f 234/234/234 255/255/255 256/256/256
f 234/234/234 256/256/256 235/235/235
f 235/235/235 256/256/256 257/257/257
f 235/235/235 257/257/257 236/236/236
f 236/236/236 257/257/257 258/258/258
f 236/236/236 258/258/258 237/237/237
f 237/237/237 258/258/258 259/259/259
f 237/237/237 259/259/259 238/238/238
f 238/238/238 259/259/259 260/260/260
f 238/238/238 260/260/260 239/239/239
f 239/239/239 260/260/260 261/261/261
f 239/239/239 261/261/261 240/240/240
f 240/240/240 261/261/261 262/262/262
f 240/240/240 262/262/262 241/241/241
f 241/241/241 262/262/262 263/263/263
f 241/241/241 263/263/263 242/242/242
f 242/242/242 263/263/263 264/264/264
f 242/242/242 264/264/264 243/243/243
f 243/243/243 264/264/264 265/265/265
f 243/243/243 265/265/265 244/244/244
f 244/244/244 265/265/265 266/266/266
f 244/244/244 266/266/266 245/245/245
f 245/245/245 266/266/266 267/267/267
f 245/245/245 267/267/267 246/246/246
f 246/246/246 267/267/267 268/268/268
f 246/246/246 268/268/268 247/247/247
f 247/247/247 268/268/268 269/269/269
f 247/247/247 269/269/269 248/248/248
f 248/248/248 269/269/269 270/270/270
f 248/248/248 270/270/270 249/249/249
f 249/249/249 270/270/270 271/271/271
f 249/249/249 271/271/271 250/250/250
f 250/250/250 271/271/271 272/272/272
f 250/250/250 272/272/272 251/251/251
f 251/251/251 272/272/272 273/273/273
f 251/251/251 273/273/273 252/252/252
f 253/253/253 274/274/274 275/275/275
f 253/253/253 275/275/275 254/254/254
f 254/254/254 275/275/275 276/276/276
f 254/254/254 276/276/276 255/255/255
f 255/255/255 276/276/276 277/277/277
f 255/255/255 277/277/277 256/256/256
f 256/256/256 277/277/277 278/278/278
f 256/256/256 278/278/278 257/257/257
f 257/257/257 278/278/278 279/279/279
f 257/257/257 279/279/279 258/258/258
f 258/258/258 279/279/279 280/280/280
f 258/258/258 280/280/280 259/259/259
f 259/259/259 280/280/280 281/281/281
f 259/259/259 281/281/281 260/260/260
f 260/260/260 281/281/281 282/282/282
f 260/260/260 282/282/282 261/261/261
f 261/261/261 282/282/282 283/283/283
f 261/261/261 283/283/283 262/262/262
f 262/262/262 283/283/283 284/284/284
f 262/262/262 284/284/284 263/263/263
f 263/263/263 284/284/284 285/285/285
f 263/263/263 285/285/285 264/264/264
f 264/264/264 285/285/285 286/286/286
f 264/264/264 286/286/286 265/265/265
f 265/265/265 286/286/286 287/287/287
f 265/265/265 287/287/287 266/266/266
f 266/266/266 287/287/287 288/288/288
f 266/266/266 288/288/288 267/267/267
f 267/267/267 288/288/288 289/289/289
f 267/267/267 289/289/289 268/268/268
f 268/268/268 289/289/289 290/290/290
f 268/268/268 290/290/290 269/269/269
f 269/269/269 290/290/290 291/291/291
f 269/269/269 291/291/291 270/270/270
f 270/270/270 291/291/291 292/292/292
f 270/270/270 292/292/292 271/271/271
f 271/271/271 292/292/292 293/293/293
f 271/271/271 293/293/293 272/272/272
f 272/272/272 293/293/293 294/294/294
f 272/272/272 294/294/294 273/273/273
f 274/274/274 295/295/295 296/296/296
f 274/274/274 296/296/296 275/275/275
f 275/275/275 296/296/296 297/297/297
f 275/275/275 297/297/297 276/276/276
f 276/276/276 297/297/297 298/298/298
f 276/276/276 298/298/298 277/277/277
f 277/277/277 298/298/298 299/299/299
f 277/277/277 299/299/299 278/278/278
f 278/278/278 299/299/299 300/300/300
f 278/278/278 300/300/300 279/279/279
f 279/279/279 300/300/300 301/301/301
f 279/279/279 301/301/301 280/280/280
f 280/280/280 301/301/301 302/302/302
f 280/280/280 302/302/302 281/281/281
f 281/281/281 302/302/302 303/303/303
f 281/281/281 303/303/303 282/282/282
f 282/282/282 303/303/303 304/304/304
f 282/282/282 304/304/304 283/283/283
f 283/283/283 304/304/304 305/305/305
f 283/283/283 305/305/305 284/284/284
f 284/284/284 305/305/305 306/306/306
f 284/284/284 306/306/306 285/285/285
f 285/285/285 306/306/306 307/307/307
f 285/285/285 307/307/307 286/286/286
f 286/286/286 307/307/307 308/308/308
f 286/286/286 308/308/308 287/287/287
f 287/287/287 308/308/308 309/309/309
f 287/287/287 309/309/309 288/288/288
f 288/288/288 309/309/309 310/310/310
f 288/288/288 310/310/310 289/289/289
f 289/289/289 310/310/310 311/311/311
f 289/289/289 311/311/311 290/290/290
f 290/290/290 311/311/311 312/312/312
f 290/290/290 312/312/312 291/291/291
f 291/291/291 312/312/312 313/313/313
f 291/291/291 313/313/313 292/292/292
f 292/292/292 313/313/313 314/314/314
f 292/292/292 314/314/314 293/293/293
f 293/293/293 314/314/314 315/315/315
f 293/293/293 315/315/315 294/294/294
f 295/295/295 316/316/316 317/317/317
f 295/295/295 317/317/317 296/296/296
f 296/296/296 317/317/317 318/318/318
f 296/296/296 318/318/318 297/297/297
f 297/297/297 318/318/318 319/319/319
f 297/297/297 319/319/319 298/298/298
f 298/298/298 319/319/319 320/320/320
f 298/298/298 320/320/320 299/299/299
f 299/299/299 320/320/320 321/321/321
f 299/299/299 321/321/321 300/300/300
f 300/300/300 321/321/321 322/322/322
f 300/300/300 322/322/322 301/301/301
f 301/301/301 322/322/322 323/323/323
f 301/301/301 323/323/323 302/302/302
f 302/302/302 323/323/323 324/324/324
f 302/302/302 324/324/324 303/303/303
f 303/303/303 324/324/324 325/325/325
f 303/303/303 325/325/325 304/304/304
f 304/304/304 325/325/325 326/326/326
f 304/304/304 326/326/326 305/305/305
f 305/305/305 326/326/326 327/327/327
f 305/305/305 327/327/327 306/306/306
f 306/306/306 327/327/327 328/328/328
f 306/306/306 328/328/328 307/307/307
f 307/307/307 328/328/328 329/329/329
f 307/307/307 329/329/329 308/308/308
f 308/308/308 329/329/329 330/330/330
f 308/308/308 330/330/330 309/309/309
f 309/309/309 330/330/330 331/331/331
f 309/309/309 331/331/331 310/310/310
f 310/310/310 331/331/331 332/332/332
f 310/310/310 332/332/332 311/311/311
f 311/311/311 332/332/332 333/333/333
f 311/311/311 333/333/333 312/312/312
f 312/312/312 333/333/333 334/334/334
f 312/312/312 334/334/334 313/313/313
f 313/313/313 334/334/334 335/335/335
f 313/313/313 335/335/335 314/314/314
f 314/314/314 335/335/335 336/336/336
f 314/314/314 336/336/336 315/315/315
f 316/316/316 337/337/337 338/338/338
f 316/316/316 338/338/338 317/317/317
f 317/317/317 338/338/338 339/339/339
f 317/317/317 339/339/339 318/318/318
f 318/318/318 339/339/339 340/340/340
f 318/318/318 340/340/340 319/319/319
f 319/319/319 340/340/340 341/341/341
f 319/319/319 341/341/341 320/320/320
f 320/320/320 341/341/341 342/342/342
f 320/320/320 342/342/342 321/321/321
f 321/321/321 342/342/342 343/343/343
f 321/321/321 343/343/343 322/322/322
f 322/322/322 343/343/343 344/344/344
f 322/322/322 344/344/344 323/323/323
f 323/323/323 344/344/344 345/345/345
f 323/323/323 345/345/345 324/324/324
f 324/324/324 345/345/345 346/346/346
f 324/324/324 346/346/346 325/325/325
f 325/325/325 346/346/346 347/347/347
f 325/325/325 347/347/347 326/326/326
f 326/326/326 347/347/347 348/348/348
f 326/326/326 348/348/348 327/327/327
f 327/327/327 348/348/348 349/349/349
f 327/327/327 349/349/349 328/328/328
f 328/328/328 349/349/349 350/350/350
f 328/328/328 350/350/350 329/329/329
f 329/329/329 350/350/350 351/351/351
f 329/329/329 351/351/351 330/330/330
f 330/330/330 351/351/351 352/352/352
f 330/330/330 352/352/352 331/331/331
f 331/331/331 352/352/352 353/353/353
f 331/331/331 353/353/353 332/332/332
f 332/332/332 353/353/353 354/354/354
f 332/332/332 354/354/354 333/333/333
f 333/333/333 354/354/354 355/355/355
f 333/333/333 355/355/355 334/334/334
f 334/334/334 355/355/355 356/356/356
f 334/334/334 356/356/356 335/335/335
f 335/335/335 356/356/356 357/357/357
f 335/335/335 357/357/357 336/336/336
f 337/337/337 358/358/358 359/359/359
f 337/337/337 359/359/359 338/338/338
f 338/338/338 359/359/359 360/360/360
f 338/338/338 360/360/360 339/339/339
f 339/339/339 360/360/360 361/361/361
f 339/339/339 361/361/361 340/340/340
f 340/340/340 361/361/361 362/362/362
f 340/340/340 362/362/362 341/341/341
f 341/341/341 362/362/362 363/363/363
f 341/341/341 363/363/363 342/342/342
f 342/342/342 363/363/363 364/364/364
f 342/342/342 364/364/364 343/343/343
f 343/343/343 364/364/364 365/365/365
f 343/343/343 365/365/365 344/344/344
f 344/344/344 365/365/365 366/366/366
f 344/344/344 366/366/366 345/345/345
f 345/345/345 366/366/366 367/367/367
f 345/345/345 367/367/367 346/346/346
f 346/346/346 367/367/367 368/368/368
f 346/346/346 368/368/368 347/347/347
f 347/347/347 368/368/368 369/369/369
f 347/347/347 369/369/369 348/348/348
f 348/348/348 369/369/369 370/370/370
f 348/348/348 370/370/370 349/349/349
f 349/349/349 370/370/370 371/371/371
f 349/349/349 371/371/371 350/350/350
f 350/350/350 371/371/371 372/372/372
f 350/350/350 372/372/372 351/351/351
f 351/351/351 372/372/372 373/373/373
f 351/351/351 373/373/373 352/352/352
f 352/352/352 373/373/373 374/374/374
f 352/352/352 374/374/374 353/353/353
f 353/353/353 374/374/374 375/375/375
f 353/353/353 375/375/375 354/354/354
f 354/354/354 375/375/375 376/376/376
f 354/354/354 376/376/376 355/355/355
f 355/355/355 376/376/376 377/377/377
f 355/355/355 377/377/377 356/356/356
f 356/356/356 377/377/377 378/378/378
f 356/356/356 378/378/378 357/357/357
f 358/358/358 379/379/379 380/380/380
f 358/358/358 380/380/380 359/359/359
f 359/359/359 380/380/380 381/381/381
f 359/359/359 381/381/381 360/360/360
f 360/360/360 381/381/381 382/382/382
f 360/360/360 382/382/382 361/361/361
f 361/361/361 382/382/382 383/383/383
f 361/361/361 383/383/383 362/362/362
f 362/362/362 383/383/383 384/384/384
f 362/362/362 384/384/384 363/363/363
f 363/363/363 384/384/384 385/385/385
f 363/363/363 385/385/385 364/364/364
f 364/364/364 385/385/385 386/386/386
f 364/364/364 386/386/386 365/365/365
f 365/365/365 386/386/386 387/387/387
f 365/365/365 387/387/387 366/366/366
f 366/366/366 387/387/387 388/388/388
f 366/366/366 388/388/388 367/367/367
f 367/367/367 388/388/388 389/389/389
f 367/367/367 389/389/389 368/368/368
f 368/368/368 389/389/389 390/390/390
f 368/368/368 390/390/390 369/369/369
f 369/369/369 390/390/390 391/391/391
f 369/369/369 391/391/391 370/370/370
f 370/370/370 391/391/391 392/392/392
f 370/370/370 392/392/392 371/371/371
f 371/371/371 392/392/392 393/393/393
f 371/371/371 393/393/393 372/372/372
f 372/372/372 393/393/393 394/394/394
f 372/372/372 394/394/394 373/373/373
f 373/373/373 394/394/394 395/395/395
f 373/373/373 395/395/395 374/374/374
f 374/374/374 395/395/395 396/396/396
f 374/374/374 396/396/396 375/375/375
f 375/375/375 396/396/396 397/397/397
f 375/375/375 397/397/397 376/376/376
f 376/376/376 397/397/397 398/398/398
f 376/376/376 398/398/398 377/377/377
f 377/377/377 398/398/398 399/399/399
f 377/377/377 399/399/399 378/378/378
f 379/379/379 400/400/400 401/401/401
f 379/379/379 401/401/401 380/380/380
f 380/380/380 401/401/401 402/402/402
f 380/380/380 402/402/402 381/381/381
f 381/381/381 402/402/402 403/403/403
f 381/381/381 403/403/403 382/382/382
f 382/382/382 403/403/403 404/404/404
f 382/382/382 404/404/404 383/383/383
f 383/383/383 404/404/404 405/405/405
f 383/383/383 405/405/405 384/384/384
f 384/384/384 405/405/405 406/406/406
f 384/384/384 406/406/406 385/385/385
f 385/385/385 406/406/406 407/407/407
f 385/385/385 407/407/407 386/386/386
f 386/386/386 407/407/407 408/408/408
f 386/386/386 408/408/408 387/387/387
f 387/387/387 408/408/408 409/409/409
f 387/387/387 409/409/409 388/388/388
f 388/388/388 409/409/409 410/410/410
f 388/388/388 410/410/410 389/389/389
f 389/389/389 410/410/410 411/411/411
f 389/389/389 411/411/411 390/390/390
f 390/390/390 411/411/411 412/412/412
f 390/390/390 412/412/412 391/391/391
f 391/391/391 412/412/412 413/413/413
f 391/391/391 413/413/413 392/392/392
f 392/392/392 413/413/413 414/414/414
f 392/392/392 414/414/414 393/393/393
f 393/393/393 414/414/414 415/415/415
f 393/393/393 415/415/415 394/394/394
f 394/394/394 415/415/415 416/416/416
f 394/394/394 416/416/416 395/395/395
f 395/395/395 416/416/416 417/417/417
f 395/395/395 417/417/417 396/396/396
f 396/396/396 417/417/417 418/418/418
f 396/396/396 418/418/418 397/397/397
f 397/397/397 418/418/418 419/419/419
f 397/397/397 419/419/419 398/398/398
f 398/398/398 419/419/419 420/420/420
f 398/398/398 420/420/420 399/399/399
f 400/400/400 421/421/421 422/422/422
f 400/400/400 422/422/422 401/401/401
f 401/401/401 422/422/422 423/423/423
f 401/401/401 423/423/423 402/402/402
f 402/402/402 423/423/423 424/424/424
f 402/402/402 424/424/424 403/403/403
f 403/403/403 424/424/424 425/425/425
f 403/403/403 425/425/425 404/404/404
f 404/404/404 425/425/425 426/426/426
f 404/404/404 426/426/426 405/405/405
f 405/405/405 426/426/426 427/427/427
f 405/405/405 427/427/427 406/406/406
f 406/406/406 427/427/427 428/428/428
f 406/406/406 428/428/428 407/407/407
f 407/407/407 428/428/428 429/429/429
f 407/407/407 429/429/429 408/408/408
f 408/408/408 429/429/429 430/430/430
f 408/408/408 430/430/430 409/409/409
f 409/409/409 430/430/430 431/431/431
f 409/409/409 431/431/431 410/410/410
f 410/410/410 431/431/431 432/432/432
f 410/410/410 432/432/432 411/411/411
f 411/411/411 432/432/432 433/433/433
f 411/411/411 433/433/433 412/412/412
f 412/412/412 433/433/433 434/434/434
f 412/412/412 434/434/434 413/413/413
f 413/413/413 434/434/434 435/435/435
f 413/413/413 435/435/435 414/414/414
f 414/414/414 435/435/435 436/436/436
f 414/414/414 436/436/436 415/415/415
f 415/415/415 436/436/436 437/437/437
f 415/415/415 437/437/437 416/416/416
f 416/416/416 437/437/437 438/438/438
f 416/416/416 438/438/438 417/417/417
f 417/417/417 438/438/438 439/439/439
f 417/417/417 439/439/439 418/418/418
f 418/418/418 439/439/439 440/440/440
f 418/418/418 440/440/440 419/419/419
f 419/419/419 440/440/440 441/441/441
f 419/419/419 441/441/441 420/420/420
f 421/421/421 442/442/442 443/443/443
f 421/421/421 443/443/443 422/422/422
f 422/422/422 443/443/443 444/444/444
f 422/422/422 444/444/444 423/423/423
f 423/423/423 444/444/444 445/445/445
f 423/423/423 445/445/445 424/424/424
f 424/424/424 445/445/445 446/446/446
f 424/424/424 446/446/446 425/425/425
f 425/425/425 446/446/446 447/447/447
f 425/425/425 447/447/447 426/426/426
f 426/426/426 447/447/447 448/448/448
f 426/426/426 448/448/448 427/427/427
f 427/427/427 448/448/448 449/449/449
f 427/427/427 449/449/449 428/428/428
f 428/428/428 449/449/449 450/450/450
f 428/428/428 450/450/450 429/429/429
f 429/429/429 450/450/450 451/451/451
f 429/429/429 451/451/451 430/430/430
f 430/430/430 451/451/451 452/452/452
f 430/430/430 452/452/452 431/431/431
f 431/431/431 452/452/452 453/453/453
f 431/431/431 453/453/453 432/432/432
f 432/432/432 453/453/453 454/454/454
f 432/432/432 454/454/454 433/433/433
f 433/433/433 454/454/454 455/455/455
f 433/433/433 455/455/455 434/434/434
f 434/434/434 455/455/455 456/456/456
f 434/434/434 456/456/456 435/435/435
f 435/435/435 456/456/456 457/457/457
f 435/435/435 457/457/457 436/436/436
f 436/436/436 457/457/457 458/458/458
f 436/436/436 458/458/458 437/437/437
f 437/437/437 458/458/458 459/459/459
f 437/437/437 459/459/459 438/438/438
f 438/438/438 459/459/459 460/460/460
f 438/438/438 460/460/460 439/439/439
f 439/439/439 460/460/460 461/461/461
f 439/439/439 461/461/461 440/440/440
f 440/440/440 461/461/461 462/462/462
f 440/440/440 462/462/462 441/441/441
f 442/442/442 463/463/463 464/464/464
f 442/442/442 464/464/464 443/443/443
f 443/443/443 464/464/464 465/465/465
f 443/443/443 465/465/465 444/444/444
f 444/444/444 465/465/465 466/466/466
f 444/444/444 466/466/466 445/445/445
f 445/445/445 466/466/466 467/467/467
f 445/445/445 467/467/467 446/446/446
f 446/446/446 467/467/467 468/468/468
f 446/446/446 468/468/468 447/447/447
f 447/447/447 468/468/468 469/469/469
f 447/447/447 469/469/469 448/448/448
f 448/448/448 469/469/469 470/470/470
f 448/448/448 470/470/470 449/449/449
f 449/449/449 470/470/470 471/471/471
f 449/449/449 471/471/471 450/450/450
f 450/450/450 471/471/471 472/472/472
f 450/450/450 472/472/472 451/451/451
f 451/451/451 472/472/472 473/473/473
f 451/451/451 473/473/473 452/452/452
f 452/452/452 473/473/473 474/474/474
f 452/452/452 474/474/474 453/453/453
f 453/453/453 474/474/474 475/475/475
f 453/453/453 475/475/475 454/454/454
f 454/454/454 475/475/475 476/476/476
f 454/454/454 476/476/476 455/455/455
f 455/455/455 476/476/476 477/477/477
f 455/455/455 477/477/477 456/456/456
f 456/456/456 477/477/477 478/478/478
f 456/456/456 478/478/478 457/457/457
f 457/457/457 478/478/478 479/479/479
f 457/457/457 479/479/479 458/458/458
f 458/458/458 479/479/479 480/480/480
f 458/458/458 480/480/480 459/459/459
f 459/459/459 480/480/480 481/481/481
f 459/459/459 481/481/481 460/460/460
f 460/460/460 481/481/481 482/482/482
f 460/460/460 482/482/482 461/461/461
f 461/461/461 482/482/482 483/483/483
f 461/461/461 483/483/483 462/462/462
f 463/463/463 484/484/484 485/485/485
f 463/463/463 485/485/485 464/464/464
f 464/464/464 485/485/485 486/486/486
f 464/464/464 486/486/486 465/465/465
f 465/465/465 486/486/486 487/487/487
f 465/465/465 487/487/487 466/466/466
f 466/466/466 487/487/487 488/488/488
f 466/466/466 488/488/488 467/467/467
f 467/467/467 488/488/488 489/489/489
f 467/467/467 489/489/489 468/468/468
f 468/468/468 489/489/489 490/490/490
f 468/468/468 490/490/490 469/469/469
f 469/469/469 490/490/490 491/491/491
f 469/469/469 491/491/491 470/470/470
f 470/470/470 491/491/491 492/492/492
f 470/470/470 492/492/492 471/471/471
f 471/471/471 492/492/492 493/493/493
f 471/471/471 493/493/493 472/472/472
f 472/472/472 493/493/493 494/494/494
f 472/472/472 494/494/494 473/473/473
f 473/473/473 494/494/494 495/495/495
f 473/473/473 495/495/495 474/474/474
f 474/474/474 495/495/495 496/496/496
f 474/474/474 496/496/496 475/475/475
f 475/475/475 496/496/496 497/497/497
f 475/475/475 497/497/497 476/476/476
f 476/476/476 497/497/497 498/498/498
f 476/476/476 498/498/498 477/477/477
f 477/477/477 498/498/498 499/499/499
f 477/477/477 499/499/499 478/478/478
f 478/478/478 499/499/499 500/500/500
f 478/478/478 500/500/500 479/479/479
f 479/479/479 500/500/500 501/501/501
f 479/479/479 501/501/501 480/480/480
f 480/480/480 501/501/501 502/502/502
f 480/480/480 502/502/502 481/481/481
f 481/481/481 502/502/502 503/503/503
f 481/481/481 503/503/503 482/482/482
f 482/482/482 503/503/503 504/504/504
f 482/482/482 504/504/504 483/483/483
f 484/484/484 505/505/505 506/506/506
f 484/484/484 506/506/506 485/485/485
f 485/485/485 506/506/506 507/507/507
f 485/485/485 507/507/507 486/486/486
f 486/486/486 507/507/507 508/508/508
f 486/486/486 508/508/508 487/487/487
f 487/487/487 508/508/508 509/509/509
f 487/487/487 509/509/509 488/488/488
f 488/488/488 509/509/509 510/510/510
f 488/488/488 510/510/510 489/489/489
f 489/489/489 510/510/510 511/511/511
f 489/489/489 511/511/511 490/490/490
f 490/490/490 511/511/511 512/512/512
f 490/490/490 512/512/512 491/491/491
f 491/491/491 512/512/512 513/513/513
f 491/491/491 513/513/513 492/492/492
f 492/492/492 513/513/513 514/514/514
f 492/492/492 514/514/514 493/493/493
f 493/493/493 514/514/514 515/515/515
f 493/493/493 515/515/515 494/494/494
f 494/494/494 515/515/515 516/516/516
f 494/494/494 516/516/516 495/495/495
f 495/495/495 516/516/516 517/517/517
f 495/495/495 517/517/517 496/496/496
f 496/496/496 517/517/517 518/518/518
f 496/496/496 518/518/518 497/497/497
f 497/497/497 518/518/518 519/519/519
f 497/497/497 519/519/519 498/498/498
f 498/498/498 519/519/519 520/520/520
f 498/498/498 520/520/520 499/499/499
f 499/499/499 520/520/520 521/521/521
f 499/499/499 521/521/521 500/500/500
f 500/500/500 521/521/521 522/522/522
f 500/500/500 522/522/522 501/501/501
f 501/501/501 522/522/522 523/523/523
f 501/501/501 523/523/523 502/502/502
f 502/502/502 523/523/523 524/524/524
f 502/502/502 524/524/524 503/503/503
f 503/503/503 524/524/524 525/525/525
f 503/503/503 525/525/525 504/504/504
f 505/505/505 526/526/526 527/527/527
f 505/505/505 527/527/527 506/506/506
f 506/506/506 527/527/527 528/528/528
f 506/506/506 528/528/528 507/507/507
f 507/507/507 528/528/528 529/529/529
f 507/507/507 529/529/529 508/508/508
f 508/508/508 529/529/529 530/530/530
f 508/508/508 530/530/530 509/509/509
f 509/509/509 530/530/530 531/531/531
f 509/509/509 531/531/531 510/510/510
f 510/510/510 531/531/531 532/532/532
f 510/510/510 532/532/532 511/511/511
f 511/511/511 532/532/532 533/533/533
f 511/511/511 533/533/533 512/512/512
f 512/512/512 533/533/533 534/534/534
f 512/512/512 534/534/534 513/513/513
f 513/513/513 534/534/534 535/535/535
f 513/513/513 535/535/535 514/514/514
f 514/514/514 535/535/535 536/536/536
f 514/514/514 536/536/536 515/515/515
f 515/515/515 536/536/536 537/537/537
f 515/515/515 537/537/537 516/516/516
f 516/516/516 537/537/537 538/538/538
f 516/516/516 538/538/538 517/517/517
f 517/517/517 538/538/538 539/539/539
f 517/517/517 539/539/539 518/518/518
f 518/518/518 539/539/539 540/540/540
f 518/518/518 540/540/540 519/519/519
f 519/519/519 540/540/540 541/541/541
f 519/519/519 541/541/541 520/520/520
f 520/520/520 541/541/541 542/542/542
f 520/520/520 542/542/542 521/521/521
f 521/521/521 542/542/542 543/543/543
f 521/521/521 543/543/543 522/522/522
f 522/522/522 543/543/543 544/544/544
f 522/522/522 544/544/544 523/523/523
f 523/523/523 544/544/544 545/545/545
f 523/523/523 545/545/545 524/524/524
f 524/524/524 545/545/545 546/546/546
f 524/524/524 546/546/546 525/525/525
f 526/526/526 547/547/547 548/548/548
f 526/526/526 548/548/548 527/527/527
f 527/527/527 548/548/548 549/549/549
f 527/527/527 549/549/549 528/528/528
f 528/528/528 549/549/549 550/550/550
f 528/528/528 550/550/550 529/529/529
f 529/529/529 550/550/550 551/551/551
f 529/529/529 551/551/551 530/530/530
f 530/530/530 551/551/551 552/552/552
f 530/530/530 552/552/552 531/531/531
f 531/531/531 552/552/552 553/553/553
f 531/531/531 553/553/553 532/532/532
f 532/532/532 553/553/553 554/554/554
f 532/532/532 554/554/554 533/533/533
f 533/533/533 554/554/554 555/555/555
f 533/533/533 555/555/555 534/534/534
f 534/534/534 555/555/555 556/556/556
f 534/534/534 556/556/556 535/535/535
f 535/535/535 556/556/556 557/557/557
f 535/535/535 557/557/557 536/536/536
f 536/536/536 557/557/557 558/558/558
f 536/536/536 558/558/558 537/537/537
f 537/537/537 558/558/558 559/559/559
f 537/537/537 559/559/559 538/538/538
f 538/538/538 559/559/559 560/560/560
f 538/538/538 560/560/560 539/539/539
f 539/539/539 560/560/560 561/561/561
f 539/539/539 561/561/561 540/540/540
f 540/540/540 561/561/561 562/562/562
f 540/540/540 562/562/562 541/541/541
f 541/541/541 562/562/562 563/563/563
f 541/541/541 563/563/563 542/542/542
f 542/542/542 563/563/563 564/564/564
f 542/542/542 564/564/564 543/543/543
f 543/543/543 564/564/564 565/565/565
f 543/543/543 565/565/565 544/544/544
f 544/544/544 565/565/565 566/566/566
f 544/544/544 566/566/566 545/545/545
f 545/545/545 566/566/566 567/567/567
f 545/545/545 567/567/567 546/546/546
f 547/547/547 568/568/568 569/569/569
f 547/547/547 569/569/569 548/548/548
f 548/548/548 569/569/569 570/570/570
f 548/548/548 570/570/570 549/549/549
f 549/549/549 570/570/570 571/571/571
f 549/549/549 571/571/571 550/550/550
f 550/550/550 571/571/571 572/572/572
f 550/550/550 572/572/572 551/551/551
f 551/551/551 572/572/572 573/573/573
f 551/551/551 573/573/573 552/552/552
f 552/552/552 573/573/573 574/574/574
f 552/552/552 574/574/574 553/553/553
f 553/553/553 574/574/574 575/575/575
f 553/553/553 575/575/575 554/554/554
f 554/554/554 575/575/575 576/576/576
f 554/554/554 576/576/576 555/555/555
f 555/555/555 576/576/576 577/577/577
f 555/555/555 577/577/577 556/556/556
f 556/556/556 577/577/577 578/578/578
f 556/556/556 578/578/578 557/557/557
f 557/557/557 578/578/578 579/579/579
f 557/557/557 579/579/579 558/558/558
f 558/558/558 579/579/579 580/580/580
f 558/558/558 580/580/580 559/559/559
f 559/559/559 580/580/580 581/581/581
f 559/559/559 581/581/581 560/560/560
f 560/560/560 581/581/581 582/582/582
f 560/560/560 582/582/582 561/561/561
f 561/561/561 582/582/582 583/583/583
f 561/561/561 583/583/583 562/562/562
f 562/562/562 583/583/583 584/584/584
f 562/562/562 584/584/584 563/563/563
f 563/563/563 584/584/584 585/585/585
f 563/563/563 585/585/585 564/564/564
f 564/564/564 585/585/585 586/586/586
f 564/564/564 586/586/586 565/565/565
f 565/565/565 586/586/586 587/587/587
f 565/565/565 587/587/587 566/566/566
f 566/566/566 587/587/587 588/588/588
f 566/566/566 588/588/588 567/567/567
f 568/568/568 589/589/589 590/590/590
f 568/568/568 590/590/590 569/569/569
f 569/569/569 590/590/590 591/591/591
f 569/569/569 591/591/591 570/570/570
f 570/570/570 591/591/591 592/592/592
f 570/570/570 592/592/592 571/571/571
f 571/571/571 592/592/592 593/593/593
f 571/571/571 593/593/593 572/572/572
f 572/572/572 593/593/593 594/594/594
f 572/572/572 594/594/594 573/573/573
f 573/573/573 594/594/594 595/595/595
f 573/573/573 595/595/595 574/574/574
f 574/574/574 595/595/595 596/596/596
f 574/574/574 596/596/596 575/575/575
f 575/575/575 596/596/596 597/597/597
f 575/575/575 597/597/597 576/576/576
f 576/576/576 597/597/597 598/598/598
f 576/576/576 598/598/598 577/577/577
f 577/577/577 598/598/598 599/599/599
f 577/577/577 599/599/599 578/578/578
f 578/578/578 599/599/599 600/600/600
f 578/578/578 600/600/600 579/579/579
f 579/579/579 600/600/600 601/601/601
f 579/579/579 601/601/601 580/580/580
f 580/580/580 601/601/601 602/602/602
f 580/580/580 602/602/602 581/581/581
f 581/581/581 602/602/602 603/603/603
f 581/581/581 603/603/603 582/582/582
f 582/582/582 603/603/603 604/604/604
f 582/582/582 604/604/604 583/583/583
f 583/583/583 604/604/604 605/605/605
f 583/583/583 605/605/605 584/584/584
f 584/584/584 605/605/605 606/606/606
f 584/584/584 606/606/606 585/585/585
f 585/585/585 606/606/606 607/607/607
f 585/585/585 607/607/607 586/586/586
f 586/586/586 607/607/607 608/608/608
f 586/586/586 608/608/608 587/587/587
f 587/587/587 608/608/608 609/609/609
f 587/587/587 609/609/609 588/588/588
f 589/589/589 610/610/610 611/611/611
f 589/589/589 611/611/611 590/590/590
f 590/590/590 611/611/611 612/612/612
f 590/590/590 612/612/612 591/591/591
f 591/591/591 612/612/612 613/613/613
f 591/591/591 613/613/613 592/592/592
f 592/592/592 613/613/613 614/614/614
f 592/592/592 614/614/614 593/593/593
f 593/593/593 614/614/614 615/615/615
f 593/593/593 615/615/615 594/594/594
f 594/594/594 615/615/615 616/616/616
f 594/594/594 616/616/616 595/595/595
f 595/595/595 616/616/616 617/617/617
f 595/595/595 617/617/617 596/596/596
f 596/596/596 617/617/617 618/618/618
f 596/596/596 618/618/618 597/597/597
f 597/597/597 618/618/618 619/619/619
f 597/597/597 619/619/619 598/598/598
f 598/598/598 619/619/619 620/620/620
f 598/598/598 620/620/620 599/599/599
f 599/599/599 620/620/620 621/621/621
f 599/599/599 621/621/621 600/600/600
f 600/600/600 621/621/621 622/622/622
f 600/600/600 622/622/622 601/601/601
f 601/601/601 622/622/622 623/623/623
f 601/601/601 623/623/623 602/602/602
f 602/602/602 623/623/623 624/624/624
f 602/602/602 624/624/624 603/603/603
f 603/603/603 624/624/624 625/625/625
f 603/603/603 625/625/625 604/604/604
f 604/604/604 625/625/625 626/626/626
f 604/604/604 626/626/626 605/605/605
f 605/605/605 626/626/626 627/627/627
f 605/605/605 627/627/627 606/606/606
f 606/606/606 627/627/627 628/628/628
f 606/606/606 628/628/628 607/607/607
f 607/607/607 628/628/628 629/629/629
f 607/607/607 629/629/629 608/608/608
f 608/608/608 629/629/629 630/630/630
f 608/608/608 630/630/630 609/609/609
f 610/610/610 631/631/631 632/632/632
f 610/610/610 632/632/632 611/611/611
f 611/611/611 632/632/632 633/633/633
f 611/611/611 633/633/633 612/612/612
f 612/612/612 633/633/633 634/634/634
f 612/612/612 634/634/634 613/613/613
f 613/613/613 634/634/634 635/635/635
f 613/613/613 635/635/635 614/614/614
f 614/614/614 635/635/635 636/636/636
f 614/614/614 636/636/636 615/615/615
f 615/615/615 636/636/636 637/637/637
f 615/615/615 637/637/637 616/616/616
f 616/616/616 637/637/637 638/638/638
f 616/616/616 638/638/638 617/617/617
f 617/617/617 638/638/638 639/639/639
f 617/617/617 639/639/639 618/618/618
f 618/618/618 639/639/639 640/640/640
f 618/618/618 640/640/640 619/619/619
f 619/619/619 640/640/640 641/641/641
f 619/619/619 641/641/641 620/620/620
f 620/620/620 641/641/641 642/642/642
f 620/620/620 642/642/642 621/621/621
f 621/621/621 642/642/642 643/643/643
f 621/621/621 643/643/643 622/622/622
f 622/622/622 643/643/643 644/644/644
f 622/622/622 644/644/644 623/623/623
f 623/623/623 644/644/644 645/645/645
f 623/623/623 645/645/645 624/624/624
f 624/624/624 645/645/645 646/646/646
f 624/624/624 646/646/646 625/625/625
f 625/625/625 646/646/646 647/647/647
f 625/625/625 647/647/647 626/626/626
f 626/626/626 647/647/647 648/648/648
f 626/626/626 648/648/648 627/627/627
f 627/627/627 648/648/648 649/649/649
f 627/627/627 649/649/649 628/628/628
f 628/628/628 649/649/649 650/650/650
f 628/628/628 650/650/650 629/629/629
f 629/629/629 650/650/650 651/651/651
f 629/629/629 651/651/651 630/630/630
f 652/652/652 673/673/673 674/674/674
f 652/652/652 674/674/674 653/653/653
f 653/653/653 674/674/674 675/675/675
f 653/653/653 675/675/675 654/654/654
f 654/654/654 675/675/675 676/676/676
f 654/654/654 676/676/676 655/655/655
f 655/655/655 676/676/676 677/677/677
f 655/655/655 677/677/677 656/656/656
f 656/656/656 677/677/677 678/678/678
f 656/656/656 678/678/678 657/657/657
f 657/657/657 678/678/678 679/679/679
f 657/657/657 679/679/679 658/658/658
f 658/658/658 679/679/679 680/680/680
f 658/658/658 680/680/680 659/659/659
f 659/659/659 680/680/680 681/681/681
f 659/659/659 681/681/681 660/660/660
f 660/660/660 681/681/681 682/682/682
f 660/660/660 682/682/682 661/661/661
f 661/661/661 682/682/682 683/683/683
f 661/661/661 683/683/683 662/662/662
f 662/662/662 683/683/683 684/684/684
f 662/662/662 684/684/684 663/663/663
f 663/663/663 684/684/684 685/685/685
f 663/663/663 685/685/685 664/664/664
f 664/664/664 685/685/685 686/686/686
f 664/664/664 686/686/686 665/665/665
f 665/665/665 686/686/686 687/687/687
f 665/665/665 687/687/687 666/666/666
f 666/666/666 687/687/687 688/688/688
f 666/666/666 688/688/688 667/667/667
f 667/667/667 688/688/688 689/689/689
f 667/667/667 689/689/689 668/668/668
f 668/668/668 689/689/689 690/690/690
f 668/668/668 690/690/690 669/669/669
f 669/669/669 690/690/690 691/691/691
f 669/669/669 691/691/691 670/670/670
f 670/670/670 691/691/691 692/692/692
f 670/670/670 692/692/692 671/671/671
f 671/671/671 692/692/692 693/693/693
f 671/671/671 693/693/693 672/672/672
f 673/673/673 694/694/694 695/695/695
f 673/673/673 695/695/695 674/674/674
f 674/674/674 695/695/695 696/696/696
f 674/674/674 696/696/696 675/675/675
f 675/675/675 696/696/696 697/697/697
f 675/675/675 697/697/697 676/676/676
f 676/676/676 697/697/697 698/698/698
f 676/676/676 698/698/698 677/677/677
f 677/677/677 698/698/698 699/699/699
f 677/677/677 699/699/699 678/678/678
f 678/678/678 699/699/699 700/700/700
f 678/678/678 700/700/700 679/679/679
f 679/679/679 700/700/700 701/701/701
f 679/679/679 701/701/701 680/680/680
f 680/680/680 701/701/701 702/702/702
f 680/680/680 702/702/702 681/681/681
f 681/681/681 702/702/702 703/703/703
f 681/681/681 703/703/703 682/682/682
f 682/682/682 703/703/703 704/704/704
f 682/682/682 704/704/704 683/683/683
f 683/683/683 704/704/704 705/705/705
f 683/683/683 705/705/705 684/684/684
f 684/684/684 705/705/705 706/706/706
f 684/684/684 706/706/706 685/685/685
f 685/685/685 706/706/706 707/707/707
f 685/685/685 707/707/707 686/686/686
f 686/686/686 707/707/707 708/708/708
f 686/686/686 708/708/708 687/687/687
f 687/687/687 708/708/708 709/709/709
f 687/687/687 709/709/709 688/688/688
f 688/688/688 709/709/709 710/710/710
f 688/688/688 710/710/710 689/689/689
f 689/689/689 710/710/710 711/711/711
f 689/689/689 711/711/711 690/690/690
f 690/690/690 711/711/711 712/712/712
f 690/690/690 712/712/712 691/691/691
f 691/691/691 712/712/712 713/713/713
f 691/691/691 713/713/713 692/692/692
f 692/692/692 713/713/713 714/714/714
f 692/692/692 714/714/714 693/693/693
f 694/694/694 715/715/715 716/716/716
f 694/694/694 716/716/716 695/695/695
f 695/695/695 716/716/716 717/717/717
f 695/695/695 717/717/717 696/696/696
f 696/696/696 717/717/717 718/718/718
f 696/696/696 718/718/718 697/697/697
f 697/697/697 718/718/718 719/719/719
f 697/697/697 719/719/719 698/698/698
f 698/698/698 719/719/719 720/720/720
f 698/698/698 720/720/720 699/699/699
f 699/699/699 720/720/720 721/721/721
f 699/699/699 721/721/721 700/700/700
f 700/700/700 721/721/721 722/722/722
f 700/700/700 722/722/722 701/701/701
f 701/701/701 722/722/722 723/723/723
f 701/701/701 723/723/723 702/702/702
f 702/702/702 723/723/723 724/724/724
f 702/702/702 724/724/724 703/703/703
f 703/703/703 724/724/724 725/725/725
f 703/703/703 725/725/725 704/704/704
f 704/704/704 725/725/725 726/726/726
f 704/704/704 726/726/726 705/705/705
f 705/705/705 726/726/726 727/727/727
f 705/705/705 727/727/727 706/706/706
f 706/706/706 727/727/727 728/728/728
f 706/706/706 728/728/728 707/707/707
f 707/707/707 728/728/728 729/729/729
f 707/707/707 729/729/729 708/708/708
f 708/708/708 729/729/729 730/730/730
f 708/708/708 730/730/730 709/709/709
f 709/709/709 730/730/730 731/731/731
f 709/709/709 731/731/731 710/710/710
f 710/710/710 731/731/731 732/732/732
f 710/710/710 732/732/732 711/711/711
f 711/711/711 732/732/732 733/733/733
f 711/711/711 733/733/733 712/712/712
f 712/712/712 733/733/733 734/734/734
f 712/712/712 734/734/734 713/713/713
f 713/713/713 734/734/734 735/735/735
f 713/713/713 735/735/735 714/714/714
f 715/715/715 736/736/736 737/737/737
f 715/715/715 737/737/737 716/716/716
f 716/716/716 737/737/737 738/738/738
f 716/716/716 738/738/738 717/717/717
f 717/717/717 738/738/738 739/739/739
f 717/717/717 739/739/739 718/718/718
f 718/718/718 739/739/739 740/740/740
f 718/718/718 740/740/740 719/719/719
f 719/719/719 740/740/740 741/741/741
f 719/719/719 741/741/741 720/720/720
f 720/720/720 741/741/741 742/742/742
f 720/720/720 742/742/742 721/721/721
f 721/721/721 742/742/742 743/743/743
f 721/721/721 743/743/743 722/722/722
f 722/722/722 743/743/743 744/744/744
f 722/722/722 744/744/744 723/723/723
f 723/723/723 744/744/744 745/745/745
f 723/723/723 745/745/745 724/724/724
f 724/724/724 745/745/745 746/746/746
f 724/724/724 746/746/746 725/725/725
f 725/725/725 746/746/746 747/747/747
f 725/725/725 747/747/747 726/726/726
f 726/726/726 747/747/747 748/748/748
f 726/726/726 748/748/748 727/727/727
f 727/727/727 748/748/748 749/749/749
f 727/727/727 749/749/749 728/728/728
f 728/728/728 749/749/749 750/750/750
f 728/728/728 750/750/750 729/729/729
f 729/729/729 750/750/750 751/751/751
f 729/729/729 751/751/751 730/730/730
f 730/730/730 751/751/751 752/752/752
f 730/730/730 752/752/752 731/731/731
f 731/731/731 752/752/752 753/753/753
f 731/731/731 753/753/753 732/732/732
f 732/732/732 753/753/753 754/754/754
f 732/732/732 754/754/754 733/733/733
f 733/733/733 754/754/754 755/755/755
f 733/733/733 755/755/755 734/734/734
f 734/734/734 755/755/755 756/756/756
f 734/734/734 756/756/756 735/735/735
f 736/736/736 757/757/757 758/758/758
f 736/736/736 758/758/758 737/737/737
f 737/737/737 758/758/758 759/759/759
f 737/737/737 759/759/759 738/738/738
f 738/738/738 759/759/759 760/760/760
f 738/738/738 760/760/760 739/739/739
f 739/739/739 760/760/760 761/761/761
f 739/739/739 761/761/761 740/740/740
f 740/740/740 761/761/761 762/762/762
f 740/740/740 762/762/762 741/741/741
f 741/741/741 762/762/762 763/763/763
f 741/741/741 763/763/763 742/742/742
f 742/742/742 763/763/763 764/764/764
f 742/742/742 764/764/764 743/743/743
f 743/743/743 764/764/764 765/765/765
f 743/743/743 765/765/765 744/744/744
f 744/744/744 765/765/765 766/766/766
f 744/744/744 766/766/766 745/745/745
f 745/745/745 766/766/766 767/767/767
f 745/745/745 767/767/767 746/746/746
f 746/746/746 767/767/767 768/768/768
f 746/746/746 768/768/768 747/747/747
f 747/747/747 768/768/768 769/769/769
f 747/747/747 769/769/769 748/748/748
f 748/748/748 769/769/769 770/770/770
f 748/748/748 770/770/770 749/749/749
f 749/749/749 770/770/770 771/771/771
f 749/749/749 771/771/771 750/750/750
f 750/750/750 771/771/771 772/772/772
f 750/750/750 772/772/772 751/751/751
f 751/751/751 772/772/772 773/773/773
f 751/751/751 773/773/773 752/752/752
f 752/752/752 773/773/773 774/774/774
f 752/752/752 774/774/774 753/753/753
f 753/753/753 774/774/774 775/775/775
f 753/753/753 775/775/775 754/754/754
f 754/754/754 775/775/775 776/776/776
f 754/754/754 776/776/776 755/755/755
f 755/755/755 776/776/776 777/777/777
f 755/755/755 777/777/777 756/756/756
f 757/757/757 778/778/778 779/779/779
f 757/757/757 779/779/779 758/758/758
f 758/758/758 779/779/779 780/780/780
f 758/758/758 780/780/780 759/759/759
f 759/759/759 780/780/780 781/781/781
f 759/759/759 781/781/781 760/760/760
f 760/760/760 781/781/781 782/782/782
f 760/760/760 782/782/782 761/761/761
f 761/761/761 782/782/782 783/783/783
f 761/761/761 783/783/783 762/762/762
f 762/762/762 783/783/783 784/784/784
f 762/762/762 784/784/784 763/763/763
f 763/763/763 784/784/784 785/785/785
f 763/763/763 785/785/785 764/764/764
f 764/764/764 785/785/785 786/786/786
f 764/764/764 786/786/786 765/765/765
f 765/765/765 786/786/786 787/787/787
f 765/765/765 787/787/787 766/766/766
f 766/766/766 787/787/787 788/788/788
f 766/766/766 788/788/788 767/767/767
f 767/767/767 788/788/788 789/789/789
f 767/767/767 789/789/789 768/768/768
f 768/768/768 789/789/789 790/790/790
f 768/768/768 790/790/790 769/769/769
f 769/769/769 790/790/790 791/791/791
f 769/769/769 791/791/791 770/770/770
f 770/770/770 791/791/791 792/792/792
f 770/770/770 792/792/792 771/771/771
f 771/771/771 792/792/792 793/793/793
f 771/771/771 793/793/793 772/772/772
f 772/772/772 793/793/793 794/794/794
f 772/772/772 794/794/794 773/773/773
f 773/773/773 794/794/794 795/795/795
f 773/773/773 795/795/795 774/774/774
f 774/774/774 795/795/795 796/796/796
f 774/774/774 796/796/796 775/775/775
f 775/775/775 796/796/796 797/797/797
f 775/775/775 797/797/797 776/776/776
f 776/776/776 797/797/797 798/798/798
f 776/776/776 798/798/798 777/777/777
f 778/778/778 799/799/799 800/800/800
f 778/778/778 800/800/800 779/779/779
f 779/779/779 800/800/800 801/801/801
f 779/779/779 801/801/801 780/780/780
f 780/780/780 801/801/801 802/802/802
f 780/780/780 802/802/802 781/781/781
f 781/781/781 802/802/802 803/803/803
f 781/781/781 803/803/803 782/782/782
f 782/782/782 803/803/803 804/804/804
f 782/782/782 804/804/804 783/783/783
f 783/783/783 804/804/804 805/805/805
f 783/783/783 805/805/805 784/784/784
f 784/784/784 805/805/805 806/806/806
f 784/784/784 806/806/806 785/785/785
f 785/785/785 806/806/806 807/807/807
f 785/785/785 807/807/807 786/786/786
f 786/786/786 807/807/807 808/808/808
f 786/786/786 808/808/808 787/787/787
f 787/787/787 808/808/808 809/809/809
f 787/787/787 809/809/809 788/788/788
f 788/788/788 809/809/809 810/810/810
f 788/788/788 810/810/810 789/789/789
f 789/789/789 810/810/810 811/811/811
f 789/789/789 811/811/811 790/790/790
f 790/790/790 811/811/811 812/812/812
f 790/790/790 812/812/812 791/791/791
f 791/791/791 812/812/812 813/813/813
f 791/791/791 813/813/813 792/792/792
f 792/792/792 813/813/813 814/814/814
f 792/792/792 814/814/814 793/793/793
f 793/793/793 814/814/814 815/815/815
f 793/793/793 815/815/815 794/794/794
f 794/794/794 815/815/815 816/816/816
f 794/794/794 816/816/816 795/795/795
f 795/795/795 816/816/816 817/817/817
f 795/795/795 817/817/817 796/796/796
f 796/796/796 817/817/817 818/818/818
f 796/796/796 818/818/818 797/797/797
f 797/797/797 818/818/818 819/819/819
f 797/797/797 819/819/819 798/798/798
f 799/799/799 820/820/820 821/821/821
f 799/799/799 821/821/821 800/800/800
f 800/800/800 821/821/821 822/822/822
f 800/800/800 822/822/822 801/801/801
f 801/801/801 822/822/822 823/823/823
f 801/801/801 823/823/823 802/802/802
f 802/802/802 823/823/823 824/824/824
f 802/802/802 824/824/824 803/803/803
f 803/803/803 824/824/824 825/825/825
f 803/803/803 825/825/825 804/804/804
f 804/804/804 825/825/825 826/826/826
f 804/804/804 826/826/826 805/805/805
f 805/805/805 826/826/826 827/827/827
f 805/805/805 827/827/827 806/806/806
f 806/806/806 827/827/827 828/828/828
f 806/806/806 828/828/828 807/807/807
f 807/807/807 828/828/828 829/829/829
f 807/807/807 829/829/829 808/808/808
f 808/808/808 829/829/829 830/830/830
f 808/808/808 830/830/830 809/809/809
f 809/809/809 830/830/830 831/831/831
f 809/809/809 831/831/831 810/810/810
f 810/810/810 831/831/831 832/832/832
f 810/810/810 832/832/832 811/811/811
f 811/811/811 832/832/832 833/833/833
f 811/811/811 833/833/833 812/812/812
f 812/812/812 833/833/833 834/834/834
f 812/812/812 834/834/834 813/813/813
f 813/813/813 834/834/834 835/835/835
f 813/813/813 835/835/835 814/814/814
f 814/814/814 835/835/835 836/836/836
f 814/814/814 836/836/836 815/815/815
f 815/815/815 836/836/836 837/837/837
f 815/815/815 837/837/837 816/816/816
f 816/816/816 837/837/837 838/838/838
f 816/816/816 838/838/838 817/817/817
f 817/817/817 838/838/838 839/839/839
f 817/817/817 839/839/839 818/818/818
f 818/818/818 839/839/839 840/840/840
f 818/818/818 840/840/840 819/819/819
f 820/820/820 841/841/841 842/842/842
f 820/820/820 842/842/842 821/821/821
f 821/821/821 842/842/842 843/843/843
f 821/821/821 843/843/843 822/822/822
f 822/822/822 843/843/843 844/844/844
f 822/822/822 844/844/844 823/823/823
f 823/823/823 844/844/844 845/845/845
f 823/823/823 845/845/845 824/824/824
f 824/824/824 845/845/845 846/846/846
f 824/824/824 846/846/846 825/825/825
f 825/825/825 846/846/846 847/847/847
f 825/825/825 847/847/847 826/826/826
f 826/826/826 847/847/847 848/848/848
f 826/826/826 848/848/848 827/827/827
f 827/827/827 848/848/848 849/849/849
f 827/827/827 849/849/849 828/828/828
f 828/828/828 849/849/849 850/850/850
f 828/828/828 850/850/850 829/829/829
f 829/829/829 850/850/850 851/851/851
f 829/829/829 851/851/851 830/830/830
f 830/830/830 851/851/851 852/852/852
f 830/830/830 852/852/852 831/831/831
f 831/831/831 852/852/852 853/853/853
f 831/831/831 853/853/853 832/832/832
f 832/832/832 853/853/853 854/854/854
f 832/832/832 854/854/854 833/833/833
f 833/833/833 854/854/854 855/855/855
f 833/833/833 855/855/855 834/834/834
f 834/834/834 855/855/855 856/856/856
f 834/834/834 856/856/856 835/835/835
f 835/835/835 856/856/856 857/857/857
f 835/835/835 857/857/857 836/836/836
f 836/836/836 857/857/857 858/858/858
f 836/836/836 858/858/858 837/837/837
f 837/837/837 858/858/858 859/859/859
f 837/837/837 859/859/859 838/838/838
f 838/838/838 859/859/859 860/860/860
f 838/838/838 860/860/860 839/839/839
f 839/839/839 860/860/860 861/861/861
f 839/839/839 861/861/861 840/840/840
f 841/841/841 862/862/862 863/863/863
f 841/841/841 863/863/863 842/842/842
f 842/842/842 863/863/863 864/864/864
f 842/842/842 864/864/864 843/843/843
f 843/843/843 864/864/864 865/865/865
f 843/843/843 865/865/865 844/844/844
f 844/844/844 865/865/865 866/866/866
f 844/844/844 866/866/866 845/845/845
f 845/845/845 866/866/866 867/867/867
f 845/845/845 867/867/867 846/846/846
f 846/846/846 867/867/867 868/868/868
f 846/846/846 868/868/868 847/847/847
f 847/847/847 868/868/868 869/869/869
f 847/847/847 869/869/869 848/848/848
f 848/848/848 869/869/869 870/870/870
f 848/848/848 870/870/870 849/849/849
f 849/849/849 870/870/870 871/871/871
f 849/849/849 871/871/871 850/850/850
f 850/850/850 871/871/871 872/872/872
f 850/850/850 872/872/872 851/851/851
f 851/851/851 872/872/872 873/873/873
f 851/851/851 873/873/873 852/852/852
f 852/852/852 873/873/873 874/874/874
f 852/852/852 874/874/874 853/853/853
f 853/853/853 874/874/874 875/875/875
f 853/853/853 875/875/875 854/854/854
f 854/854/854 875/875/875 876/876/876
f 854/854/854 876/876/876 855/855/855
f 855/855/855 876/876/876 877/877/877
f 855/855/855 877/877/877 856/856/856
f 856/856/856 877/877/877 878/878/878
f 856/856/856 878/878/878 857/857/857
f 857/857/857 878/878/878 879/879/879
f 857/857/857 879/879/879 858/858/858
f 858/858/858 879/879/879 880/880/880
f 858/858/858 880/880/880 859/859/859
f 859/859/859 880/880/880 881/881/881
f 859/859/859 881/881/881 860/860/860
f 860/860/860 881/881/881 882/882/882
f 860/860/860 882/882/882 861/861/861
f 862/862/862 883/883/883 884/884/884
f 862/862/862 884/884/884 863/863/863
f 863/863/863 884/884/884 885/885/885
f 863/863/863 885/885/885 864/864/864
f 864/864/864 885/885/885 886/886/886
f 864/864/864 886/886/886 865/865/865
f 865/865/865 886/886/886 887/887/887
f 865/865/865 887/887/887 866/866/866
f 866/866/866 887/887/887 888/888/888
f 866/866/866 888/888/888 867/867/867
f 867/867/867 888/888/888 889/889/889
f 867/867/867 889/889/889 868/868/868
f 868/868/868 889/889/889 890/890/890
f 868/868/868 890/890/890 869/869/869
f 869/869/869 890/890/890 891/891/891
f 869/869/869 891/891/891 870/870/870
f 870/870/870 891/891/891 892/892/892
f 870/870/870 892/892/892 871/871/871
f 871/871/871 892/892/892 893/893/893
f 871/871/871 893/893/893 872/872/872
f 872/872/872 893/893/893 894/894/894
f 872/872/872 894/894/894 873/873/873
f 873/873/873 894/894/894 895/895/895
f 873/873/873 895/895/895 874/874/874
f 874/874/874 895/895/895 896/896/896
f 874/874/874 896/896/896 875/875/875
f 875/875/875 896/896/896 897/897/897
f 875/875/875 897/897/897 876/876/876
f 876/876/876 897/897/897 898/898/898
f 876/876/876 898/898/898 877/877/877
f 877/877/877 898/898/898 899/899/899
f 877/877/877 899/899/899 878/878/878
f 878/878/878 899/899/899 900/900/900
f 878/878/878 900/900/900 879/879/879
f 879/879/879 900/900/900 901/901/901
f 879/879/879 901/901/901 880/880/880
f 880/880/880 901/901/901 902/902/902
f 880/880/880 902/902/902 881/881/881
f 881/881/881 902/902/902 903/903/903
f 881/881/881 903/903/903 882/882/882
f 883/883/883 904/904/904 905/905/905
f 883/883/883 905/905/905 884/884/884
f 884/884/884 905/905/905 906/906/906
f 884/884/884 906/906/906 885/885/885
f 885/885/885 906/906/906 907/907/907
f 885/885/885 907/907/907 886/886/886
f 886/886/886 907/907/907 908/908/908
f 886/886/886 908/908/908 887/887/887
f 887/887/887 908/908/908 909/909/909
f 887/887/887 909/909/909 888/888/888
f 888/888/888 909/909/909 910/910/910
f 888/888/888 910/910/910 889/889/889
f 889/889/889 910/910/910 911/911/911
f 889/889/889 911/911/911 890/890/890
f 890/890/890 911/911/911 912/912/912
f 890/890/890 912/912/912 891/891/891
f 891/891/891 912/912/912 913/913/913
f 891/891/891 913/913/913 892/892/892
f 892/892/892 913/913/913 914/914/914
f 892/892/892 914/914/914 893/893/893
f 893/893/893 914/914/914 915/915/915
f 893/893/893 915/915/915 894/894/894
f 894/894/894 915/915/915 916/916/916
f 894/894/894 916/916/916 895/895/895
f 895/895/895 916/916/916 917/917/917
f 895/895/895 917/917/917 896/896/896
f 896/896/896 917/917/917 918/918/918
f 896/896/896 918/918/918 897/897/897
f 897/897/897 918/918/918 919/919/919
f 897/897/897 919/919/919 898/898/898
f 898/898/898 919/919/919 920/920/920
f 898/898/898 920/920/920 899/899/899
f 899/899/899 920/920/920 921/921/921
f 899/899/899 921/921/921 900/900/900
f 900/900/900 921/921/921 922/922/922
f 900/900/900 922/922/922 901/901/901
f 901/901/901 922/922/922 923/923/923
f 901/901/901 923/923/923 902/902/902
f 902/902/902 923/923/923 924/924/924
f 902/902/902 924/924/924 903/903/903
f 904/904/904 925/925/925 926/926/926
f 904/904/904 926/926/926 905/905/905
f 905/905/905 926/926/926 927/927/927
f 905/905/905 927/927/927 906/906/906
f 906/906/906 927/927/927 928/928/928
f 906/906/906 928/928/928 907/907/907
f 907/907/907 928/928/928 929/929/929
f 907/907/907 929/929/929 908/908/908
f 908/908/908 929/929/929 930/930/930
f 908/908/908 930/930/930 909/909/909
f 909/909/909 930/930/930 931/931/931
f 909/909/909 931/931/931 910/910/910
f 910/910/910 931/931/931 932/932/932
f 910/910/910 932/932/932 911/911/911
f 911/911/911 932/932/932 933/933/933
f 911/911/911 933/933/933 912/912/912
f 912/912/912 933/933/933 934/934/934
f 912/912/912 934/934/934 913/913/913
f 913/913/913 934/934/934 935/935/935
f 913/913/913 935/935/935 914/914/914
f 914/914/914 935/935/935 936/936/936
f 914/914/914 936/936/936 915/915/915
f 915/915/915 936/936/936 937/937/937
f 915/915/915 937/937/937 916/916/916
f 916/916/916 937/937/937 938/938/938
f 916/916/916 938/938/938 917/917/917
f 917/917/917 938/938/938 939/939/939
f 917/917/917 939/939/939 918/918/918
f 918/918/918 939/939/939 940/940/940
f 918/918/918 940/940/940 919/919/919
f 919/919/919 940/940/940 941/941/941
f 919/919/919 941/941/941 920/920/920
f 920/920/920 941/941/941 942/942/942
f 920/920/920 942/942/942 921/921/921
f 921/921/921 942/942/942 943/943/943
f 921/921/921 943/943/943 922/922/922
f 922/922/922 943/943/943 944/944/944
f 922/922/922 944/944/944 923/923/923
f 923/923/923 944/944/944 945/945/945
f 923/923/923 945/945/945 924/924/924
f 925/925/925 946/946/946 947/947/947
f 925/925/925 947/947/947 926/926/926
f 926/926/926 947/947/947 948/948/948
f 926/926/926 948/948/948 927/927/927
f 927/927/927 948/948/948 949/949/949
f 927/927/927 949/949/949 928/928/928
f 928/928/928 949/949/949 950/950/950
f 928/928/928 950/950/950 929/929/929
f 929/929/929 950/950/950 951/951/951
f 929/929/929 951/951/951 930/930/930
f 930/930/930 951/951/951 952/952/952
f 930/930/930 952/952/952 931/931/931
f 931/931/931 952/952/952 953/953/953
f 931/931/931 953/953/953 932/932/932
f 932/932/932 953/953/953 954/954/954
f 932/932/932 954/954/954 933/933/933
f 933/933/933 954/954/954 955/955/955
f 933/933/933 955/955/955 934/934/934
f 934/934/934 955/955/955 956/956/956
f 934/934/934 956/956/956 935/935/935
f 935/935/935 956/956/956 957/957/957
f 935/935/935 957/957/957 936/936/936
f 936/936/936 957/957/957 958/958/958
f 936/936/936 958/958/958 937/937/937
f 937/937/937 958/958/958 959/959/959
f 937/937/937 959/959/959 938/938/938
f 938/938/938 959/959/959 960/960/960
f 938/938/938 960/960/960 939/939/939
f 939/939/939 960/960/960 961/961/961
f 939/939/939 961/961/961 940/940/940
f 940/940/940 961/961/961 962/962/962
f 940/940/940 962/962/962 941/941/941
f 941/941/941 962/962/962 963/963/963
f 941/941/941 963/963/963 942/942/942
f 942/942/942 963/963/963 964/964/964
f 942/942/942 964/964/964 943/943/943
f 943/943/943 964/964/964 965/965/965
f 943/943/943 965/965/965 944/944/944
f 944/944/944 965/965/965 966/966/966
f 944/944/944 966/966/966 945/945/945
f 946/946/946 967/967/967 968/968/968
f 946/946/946 968/968/968 947/947/947
f 947/947/947 968/968/968 969/969/969
f 947/947/947 969/969/969 948/948/948
f 948/948/948 969/969/969 970/970/970
f 948/948/948 970/970/970 949/949/949
f 949/949/949 970/970/970 971/971/971
f 949/949/949 971/971/971 950/950/950
f 950/950/950 971/971/971 972/972/972
f 950/950/950 972/972/972 951/951/951
f 951/951/951 972/972/972 973/973/973
f 951/951/951 973/973/973 952/952/952
f 952/952/952 973/973/973 974/974/974
f 952/952/952 974/974/974 953/953/953
f 953/953/953 974/974/974 975/975/975
f 953/953/953 975/975/975 954/954/954
f 954/954/954 975/975/975 976/976/976
f 954/954/954 976/976/976 955/955/955
f 955/955/955 976/976/976 977/977/977
f 955/955/955 977/977/977 956/956/956
f 956/956/956 977/977/977 978/978/978
f 956/956/956 978/978/978 957/957/957
f 957/957/957 978/978/978 979/979/979
f 957/957/957 979/979/979 958/958/958
f 958/958/958 979/979/979 980/980/980
f 958/958/958 980/980/980 959/959/959
f 959/959/959 980/980/980 981/981/981
f 959/959/959 981/981/981 960/960/960
f 960/960/960 981/981/981 982/982/982
f 960/960/960 982/982/982 961/961/961
f 961/961/961 982/982/982 983/983/983
f 961/961/961 983/983/983 962/962/962
f 962/962/962 983/983/983 984/984/984
f 962/962/962 984/984/984 963/963/963
f 963/963/963 984/984/984 985/985/985
f 963/963/963 985/985/985 964/964/964
f 964/964/964 985/985/985 986/986/986
f 964/964/964 986/986/986 965/965/965
f 965/965/965 986/986/986 987/987/987
f 965/965/965 987/987/987 966/966/966
f 967/967/967 988/988/988 989/989/989
f 967/967/967 989/989/989 968/968/968
f 968/968/968 989/989/989 990/990/990
f 968/968/968 990/990/990 969/969/969
f 969/969/969 990/990/990 991/991/991
f 969/969/969 991/991/991 970/970/970
f 970/970/970 991/991/991 992/992/992
f 970/970/970 992/992/992 971/971/971
f 971/971/971 992/992/992 993/993/993
f 971/971/971 993/993/993 972/972/972
f 972/972/972 993/993/993 994/994/994
f 972/972/972 994/994/994 973/973/973
f 973/973/973 994/994/994 995/995/995
f 973/973/973 995/995/995 974/974/974
f 974/974/974 995/995/995 996/996/996
f 974/974/974 996/996/996 975/975/975
f 975/975/975 996/996/996 997/997/997
f 975/975/975 997/997/997 976/976/976
f 976/976/976 997/997/997 998/998/998
f 976/976/976 998/998/998 977/977/977
f 977/977/977 998/998/998 999/999/999
f 977/977/977 999/999/999 978/978/978
f 978/978/978 999/999/999 1000/1000/1000
f 978/978/978 1000/1000/1000 979/979/979
f 979/979/979 1000/1000/1000 1001/1001/1001
f 979/979/979 1001/1001/1001 980/980/980
f 980/980/980 1001/1001/1001 1002/1002/1002
f 980/980/980 1002/1002/1002 981/981/981
f 981/981/981 1002/1002/1002 1003/1003/1003
f 981/981/981 1003/1003/1003 982/982/982
f 982/982/982 1003/1003/1003 1004/1004/1004
f 982/982/982 1004/1004/1004 983/983/983
f 983/983/983 1004/1004/1004 1005/1005/1005
f 983/983/983 1005/1005/1005 984/984/984
f 984/984/984 1005/1005/1005 1006/1006/1006
f 984/984/984 1006/1006/1006 985/985/985
f 985/985/985 1006/1006/1006 1007/1007/1007
f 985/985/985 1007/1007/1007 986/986/986
f 986/986/986 1007/1007/1007 1008/1008/1008
f 986/986/986 1008/1008/1008 987/987/987
f 988/988/988 1009/1009/1009 1010/1010/1010
f 988/988/988 1010/1010/1010 989/989/989
f 989/989/989 1010/1010/1010 1011/1011/1011
f 989/989/989 1011/1011/1011 990/990/990
f 990/990/990 1011/1011/1011 1012/1012/1012
f 990/990/990 1012/1012/1012 991/991/991
f 991/991/991 1012/1012/1012 1013/1013/1013
f 991/991/991 1013/1013/1013 992/992/992
f 992/992/992 1013/1013/1013 1014/1014/1014
f 992/992/992 1014/1014/1014 993/993/993
f 993/993/993 1014/1014/1014 1015/1015/1015
f 993/993/993 1015/1015/1015 994/994/994
f 994/994/994 1015/1015/1015 1016/1016/1016
f 994/994/994 1016/1016/1016 995/995/995
f 995/995/995 1016/1016/1016 1017/1017/1017
f 995/995/995 1017/1017/1017 996/996/996
f 996/996/996 1017/1017/1017 1018/1018/1018
f 996/996/996 1018/1018/1018 997/997/997
f 997/997/997 1018/1018/1018 1019/1019/1019
f 997/997/997 1019/1019/1019 998/998/998
f 998/998/998 1019/1019/1019 1020/1020/1020
f 998/998/998 1020/1020/1020 999/999/999
f 999/999/999 1020/1020/1020 1021/1021/1021
f 999/999/999 1021/1021/1021 1000/1000/1000
f 1000/1000/1000 1021/1021/1021 1022/1022/1022
f 1000/1000/1000 1022/1022/1022 1001/1001/1001
f 1001/1001/1001 1022/1022/1022 1023/1023/1023
f 1001/1001/1001 1023/1023/1023 1002/1002/1002
f 1002/1002/1002 1023/1023/1023 1024/1024/1024
f 1002/1002/1002 1024/1024/1024 1003/1003/1003
f 1003/1003/1003 1024/1024/1024 1025/1025/1025
f 1003/1003/1003 1025/1025/1025 1004/1004/1004
f 1004/1004/1004 1025/1025/1025 1026/1026/1026
f 1004/1004/1004 1026/1026/1026 1005/1005/1005
f 1005/1005/1005 1026/1026/1026 1027/1027/1027
f 1005/1005/1005 1027/1027/1027 1006/1006/1006
f 1006/1006/1006 1027/1027/1027 1028/1028/1028
f 1006/1006/1006 1028/1028/1028 1007/1007/1007
f 1007/1007/1007 1028/1028/1028 1029/1029/1029
f 1007/1007/1007 1029/1029/1029 1008/1008/1008
f 1009/1009/1009 1030/1030/1030 1031/1031/1031
f 1009/1009/1009 1031/1031/1031 1010/1010/1010
f 1010/1010/1010 1031/1031/1031 1032/1032/1032
f 1010/1010/1010 1032/1032/1032 1011/1011/1011
f 1011/1011/1011 1032/1032/1032 1033/1033/1033
f 1011/1011/1011 1033/1033/1033 1012/1012/1012
f 1012/1012/1012 1033/1033/1033 1034/1034/1034
f 1012/1012/1012 1034/1034/1034 1013/1013/1013
f 1013/1013/1013 1034/1034/1034 1035/1035/1035
f 1013/1013/1013 1035/1035/1035 1014/1014/1014
f 1014/1014/1014 1035/1035/1035 1036/1036/1036
f 1014/1014/1014 1036/1036/1036 1015/1015/1015
f 1015/1015/1015 1036/1036/1036 1037/1037/1037
f 1015/1015/1015 1037/1037/1037 1016/1016/1016
f 1016/1016/1016 1037/1037/1037 1038/1038/1038
f 1016/1016/1016 1038/1038/1038 1017/1017/1017
f 1017/1017/1017 1038/1038/1038 1039/1039/1039
f 1017/1017/1017 1039/1039/1039 1018/1018/1018
f 1018/1018/1018 1039/1039/1039 1040/1040/1040
f 1018/1018/1018 1040/1040/1040 1019/1019/1019
f 1019/1019/1019 1040/1040/1040 1041/1041/1041
f 1019/1019/1019 1041/1041/1041 1020/1020/1020
f 1020/1020/1020 1041/1041/1041 1042/1042/1042
f 1020/1020/1020 1042/1042/1042 1021/1021/1021
f 1021/1021/1021 1042/1042/1042 1043/1043/1043
f 1021/1021/1021 1043/1043/1043 1022/1022/1022
f 1022/1022/1022 1043/1043/1043 1044/1044/1044
f 1022/1022/1022 1044/1044/1044 1023/1023/1023
f 1023/1023/1023 1044/1044/1044 1045/1045/1045
f 1023/1023/1023 1045/1045/1045 1024/1024/1024
f 1024/1024/1024 1045/1045/1045 1046/1046/1046
f 1024/1024/1024 1046/1046/1046 1025/1025/1025
f 1025/1025/1025 1046/1046/1046 1047/1047/1047
f 1025/1025/1025 1047/1047/1047 1026/1026/1026
f 1026/1026/1026 1047/1047/1047 1048/1048/1048
f 1026/1026/1026 1048/1048/1048 1027/1027/1027
f 1027/1027/1027 1048/1048/1048 1049/1049/1049
f 1027/1027/1027 1049/1049/1049 1028/1028/1028
f 1028/1028/1028 1049/1049/1049 1050/1050/1050
f 1028/1028/1028 1050/1050/1050 1029/1029/1029
f 1030/1030/1030 1051/1051/1051 1052/1052/1052
f 1030/1030/1030 1052/1052/1052 1031/1031/1031
f 1031/1031/1031 1052/1052/1052 1053/1053/1053
f 1031/1031/1031 1053/1053/1053 1032/1032/1032
f 1032/1032/1032 1053/1053/1053 1054/1054/1054
f 1032/1032/1032 1054/1054/1054 1033/1033/1033
f 1033/1033/1033 1054/1054/1054 1055/1055/1055
f 1033/1033/1033 1055/1055/1055 1034/1034/1034
f 1034/1034/1034 1055/1055/1055 1056/1056/1056
f 1034/1034/1034 1056/1056/1056 1035/1035/1035
f 1035/1035/1035 1056/1056/1056 1057/1057/1057
f 1035/1035/1035 1057/1057/1057 1036/1036/1036
f 1036/1036/1036 1057/1057/1057 1058/1058/1058
f 1036/1036/1036 1058/1058/1058 1037/1037/1037
f 1037/1037/1037 1058/1058/1058 1059/1059/1059
f 1037/1037/1037 1059/1059/1059 1038/1038/1038
f 1038/1038/1038 1059/1059/1059 1060/1060/1060
f 1038/1038/1038 1060/1060/1060 1039/1039/1039
f 1039/1039/1039 1060/1060/1060 1061/1061/1061
f 1039/1039/1039 1061/1061/1061 1040/1040/1040
f 1040/1040/1040 1061/1061/1061 1062/1062/1062
f 1040/1040/1040 1062/1062/1062 1041/1041/1041
f 1041/1041/1041 1062/1062/1062 1063/1063/1063
f 1041/1041/1041 1063/1063/1063 1042/1042/1042
f 1042/1042/1042 1063/1063/1063 1064/1064/1064
f 1042/1042/1042 1064/1064/1064 1043/1043/1043
f 1043/1043/1043 1064/1064/1064 1065/1065/1065
f 1043/1043/1043 1065/1065/1065 1044/1044/1044
f 1044/1044/1044 1065/1065/1065 1066/1066/1066
f 1044/1044/1044 1066/1066/1066 1045/1045/1045
f 1045/1045/1045 1066/1066/1066 1067/1067/1067
f 1045/1045/1045 1067/1067/1067 1046/1046/1046
f 1046/1046/1046 1067/1067/1067 1068/1068/1068
f 1046/1046/1046 1068/1068/1068 1047/1047/1047
f 1047/1047/1047 1068/1068/1068 1069/1069/1069
f 1047/1047/1047 1069/1069/1069 1048/1048/1048
f 1048/1048/1048 1069/1069/1069 1070/1070/1070
f 1048/1048/1048 1070/1070/1070 1049/1049/1049
f 1049/1049/1049 1070/1070/1070 1071/1071/1071
f 1049/1049/1049 1071/1071/1071 1050/1050/1050
f 1051/1051/1051 1072/1072/1072 1073/1073/1073
f 1051/1051/1051 1073/1073/1073 1052/1052/1052
f 1052/1052/1052 1073/1073/1073 1074/1074/1074
f 1052/1052/1052 1074/1074/1074 1053/1053/1053
f 1053/1053/1053 1074/1074/1074 1075/1075/1075
f 1053/1053/1053 1075/1075/1075 1054/1054/1054
f 1054/1054/1054 1075/1075/1075 1076/1076/1076
f 1054/1054/1054 1076/1076/1076 1055/1055/1055
f 1055/1055/1055 1076/1076/1076 1077/1077/1077
f 1055/1055/1055 1077/1077/1077 1056/1056/1056
f 1056/1056/1056 1077/1077/1077 1078/1078/1078
f 1056/1056/1056 1078/1078/1078 1057/1057/1057
f 1057/1057/1057 1078/1078/1078 1079/1079/1079
f 1057/1057/1057 1079/1079/1079 1058/1058/1058
f 1058/1058/1058 1079/1079/1079 1080/1080/1080
f 1058/1058/1058 1080/1080/1080 1059/1059/1059
f 1059/1059/1059 1080/1080/1080 1081/1081/1081
f 1059/1059/1059 1081/1081/1081 1060/1060/1060
f 1060/1060/1060 1081/1081/1081 1082/1082/1082
f 1060/1060/1060 1082/1082/1082 1061/1061/1061
f 1061/1061/1061 1082/1082/1082 1083/1083/1083
f 1061/1061/1061 1083/1083/1083 1062/1062/1062
f 1062/1062/1062 1083/1083/1083 1084/1084/1084
f 1062/1062/1062 1084/1084/1084 1063/1063/1063
f 1063/1063/1063 1084/1084/1084 1085/1085/1085
f 1063/1063/1063 1085/1085/1085 1064/1064/1064
f 1064/1064/1064 1085/1085/1085 1086/1086/1086
f 1064/1064/1064 1086/1086/1086 1065/1065/1065
f 1065/1065/1065 1086/1086/1086 1087/1087/1087
f 1065/1065/1065 1087/1087/1087 1066/1066/1066
f 1066/1066/1066 1087/1087/1087 1088/1088/1088
f 1066/1066/1066 1088/1088/1088 1067/1067/1067
f 1067/1067/1067 1088/1088/1088 1089/1089/1089
f 1067/1067/1067 1089/1089/1089 1068/1068/1068
f 1068/1068/1068 1089/1089/1089 1090/1090/1090
f 1068/1068/1068 1090/1090/1090 1069/1069/1069
f 1069/1069/1069 1090/1090/1090 1091/1091/1091
f 1069/1069/1069 1091/1091/1091 1070/1070/1070
f 1070/1070/1070 1091/1091/1091 1092/1092/1092
f 1070/1070/1070 1092/1092/1092 1071/1071/1071
f 1072/1072/1072 1093/1093/1093 1094/1094/1094
f 1072/1072/1072 1094/1094/1094 1073/1073/1073
f 1073/1073/1073 1094/1094/1094 1095/1095/1095
f 1073/1073/1073 1095/1095/1095 1074/1074/1074
f 1074/1074/1074 1095/1095/1095 1096/1096/1096
f 1074/1074/1074 1096/1096/1096 1075/1075/1075
f 1075/1075/1075 1096/1096/1096 1097/1097/1097
f 1075/1075/1075 1097/1097/1097 1076/1076/1076
f 1076/1076/1076 1097/1097/1097 1098/1098/1098
f 1076/1076/1076 1098/1098/1098 1077/1077/1077
f 1077/1077/1077 1098/1098/1098 1099/1099/1099
f 1077/1077/1077 1099/1099/1099 1078/1078/1078
f 1078/1078/1078 1099/1099/1099 1100/1100/1100
f 1078/1078/1078 1100/1100/1100 1079/1079/1079
f 1079/1079/1079 1100/1100/1100 1101/1101/1101
f 1079/1079/1079 1101/1101/1101 1080/1080/1080
f 1080/1080/1080 1101/1101/1101 1102/1102/1102
f 1080/1080/1080 1102/1102/1102 1081/1081/1081
f 1081/1081/1081 1102/1102/1102 1103/1103/1103
f 1081/1081/1081 1103/1103/1103 1082/1082/1082
f 1082/1082/1082 1103/1103/1103 1104/1104/1104
f 1082/1082/1082 1104/1104/1104 1083/1083/1083
f 1083/1083/1083 1104/1104/1104 1105/1105/1105
f 1083/1083/1083 1105/1105/1105 1084/1084/1084
f 1084/1084/1084 1105/1105/1105 1106/1106/1106
f 1084/1084/1084 1106/1106/1106 1085/1085/1085
f 1085/1085/1085 1106/1106/1106 1107/1107/1107
f 1085/1085/1085 1107/1107/1107 1086/1086/1086
f 1086/1086/1086 1107/1107/1107 1108/1108/1108
f 1086/1086/1086 1108/1108/1108 1087/1087/1087
f 1087/1087/1087 1108/1108/1108 1109/1109/1109
f 1087/1087/1087 1109/1109/1109 1088/1088/1088
f 1088/1088/1088 1109/1109/1109 1110/1110/1110
f 1088/1088/1088 1110/1110/1110 1089/1089/1089
f 1089/1089/1089 1110/1110/1110 1111/1111/1111
f 1089/1089/1089 1111/1111/1111 1090/1090/1090
f 1090/1090/1090 1111/1111/1111 1112/1112/1112
f 1090/1090/1090 1112/1112/1112 1091/1091/1091
f 1091/1091/1091 1112/1112/1112 1113/1113/1113
f 1091/1091/1091 1113/1113/1113 1092/1092/1092
f 1093/1093/1093 1114/1114/1114 1115/1115/1115
f 1093/1093/1093 1115/1115/1115 1094/1094/1094
f 1094/1094/1094 1115/1115/1115 1116/1116/1116
f 1094/1094/1094 1116/1116/1116 1095/1095/1095
f 1095/1095/1095 1116/1116/1116 1117/1117/1117
f 1095/1095/1095 1117/1117/1117 1096/1096/1096
f 1096/1096/1096 1117/1117/1117 1118/1118/1118
f 1096/1096/1096 1118/1118/1118 1097/1097/1097
f 1097/1097/1097 1118/1118/1118 1119/1119/1119
f 1097/1097/1097 1119/1119/1119 1098/1098/1098
f 1098/1098/1098 1119/1119/1119 1120/1120/1120
f 1098/1098/1098 1120/1120/1120 1099/1099/1099
f 1099/1099/1099 1120/1120/1120 1121/1121/1121
f 1099/1099/1099 1121/1121/1121 1100/1100/1100
f 1100/1100/1100 1121/1121/1121 1122/1122/1122
f 1100/1100/1100 1122/1122/1122 1101/1101/1101
f 1101/1101/1101 1122/1122/1122 1123/1123/1123
f 1101/1101/1101 1123/1123/1123 1102/1102/1102
f 1102/1102/1102 1123/1123/1123 1124/1124/1124
f 1102/1102/1102 1124/1124/1124 1103/1103/1103
f 1103/1103/1103 1124/1124/1124 1125/1125/1125
f 1103/1103/1103 1125/1125/1125 1104/1104/1104
f 1104/1104/1104 1125/1125/1125 1126/1126/1126
f 1104/1104/1104 1126/1126/1126 1105/1105/1105
f 1105/1105/1105 1126/1126/1126 1127/1127/1127
f 1105/1105/1105 1127/1127/1127 1106/1106/1106
f 1106/1106/1106 1127/1127/1127 1128/1128/1128
f 1106/1106/1106 1128/1128/1128 1107/1107/1107
f 1107/1107/1107 1128/1128/1128 1129/1129/1129
f 1107/1107/1107 1129/1129/1129 1108/1108/1108
f 1108/1108/1108 1129/1129/1129 1130/1130/1130
f 1108/1108/1108 1130/1130/1130 1109/1109/1109
f 1109/1109/1109 1130/1130/1130 1131/1131/1131
f 1109/1109/1109 1131/1131/1131 1110/1110/1110
f 1110/1110/1110 1131/1131/1131 1132/1132/1132
f 1110/1110/1110 1132/1132/1132 1111/1111/1111
f 1111/1111/1111 1132/1132/1132 1133/1133/1133
f 1111/1111/1111 1133/1133/1133 1112/1112/1112
f 1112/1112/1112 1133/1133/1133 1134/1134/1134
f 1112/1112/1112 1134/1134/1134 1113/1113/1113
f 1114/1114/1114 1135/1135/1135 1136/1136/1136
f 1114/1114/1114 1136/1136/1136 1115/1115/1115
f 1115/1115/1115 1136/1136/1136 1137/1137/1137
f 1115/1115/1115 1137/1137/1137 1116/1116/1116
f 1116/1116/1116 1137/1137/1137 1138/1138/1138
f 1116/1116/1116 1138/1138/1138 1117/1117/1117
f 1117/1117/1117 1138/1138/1138 1139/1139/1139
f 1117/1117/1117 1139/1139/1139 1118/1118/1118
f 1118/1118/1118 1139/1139/1139 1140/1140/1140
f 1118/1118/1118 1140/1140/1140 1119/1119/1119
f 1119/1119/1119 1140/1140/1140 1141/1141/1141
f 1119/1119/1119 1141/1141/1141 1120/1120/1120
f 1120/1120/1120 1141/1141/1141 1142/1142/1142
f 1120/1120/1120 1142/1142/1142 1121/1121/1121
f 1121/1121/1121 1142/1142/1142 1143/1143/1143
f 1121/1121/1121 1143/1143/1143 1122/1122/1122
f 1122/1122/1122 1143/1143/1143 1144/1144/1144
f 1122/1122/1122 1144/1144/1144 1123/1123/1123
f 1123/1123/1123 1144/1144/1144 1145/1145/1145
f 1123/1123/1123 1145/1145/1145 1124/1124/1124
f 1124/1124/1124 1145/1145/1145 1146/1146/1146
f 1124/1124/1124 1146/1146/1146 1125/1125/1125
f 1125/1125/1125 1146/1146/1146 1147/1147/1147
f 1125/1125/1125 1147/1147/1147 1126/1126/1126
f 1126/1126/1126 1147/1147/1147 1148/1148/1148
f 1126/1126/1126 1148/1148/1148 1127/1127/1127
f 1127/1127/1127 1148/1148/1148 1149/1149/1149
f 1127/1127/1127 1149/1149/1149 1128/1128/1128
f 1128/1128/1128 1149/1149/1149 1150/1150/1150
f 1128/1128/1128 1150/1150/1150 1129/1129/1129
f 1129/1129/1129 1150/1150/1150 1151/1151/1151
f 1129/1129/1129 1151/1151/1151 1130/1130/1130
f 1130/1130/1130 1151/1151/1151 1152/1152/1152
f 1130/1130/1130 1152/1152/1152 1131/1131/1131
f 1131/1131/1131 1152/1152/1152 1153/1153/1153
f 1131/1131/1131 1153/1153/1153 1132/1132/1132
f 1132/1132/1132 1153/1153/1153 1154/1154/1154
f 1132/1132/1132 1154/1154/1154 1133/1133/1133
f 1133/1133/1133 1154/1154/1154 1155/1155/1155
f 1133/1133/1133 1155/1155/1155 1134/1134/1134
f 1135/1135/1135 1156/1156/1156 1157/1157/1157
f 1135/1135/1135 1157/1157/1157 1136/1136/1136
f 1136/1136/1136 1157/1157/1157 1158/1158/1158
f 1136/1136/1136 1158/1158/1158 1137/1137/1137
f 1137/1137/1137 1158/1158/1158 1159/1159/1159
f 1137/1137/1137 1159/1159/1159 1138/1138/1138
f 1138/1138/1138 1159/1159/1159 1160/1160/1160
f 1138/1138/1138 1160/1160/1160 1139/1139/1139
f 1139/1139/1139 1160/1160/1160 1161/1161/1161
f 1139/1139/1139 1161/1161/1161 1140/1140/1140
f 1140/1140/1140 1161/1161/1161 1162/1162/1162
f 1140/1140/1140 1162/1162/1162 1141/1141/1141
f 1141/1141/1141 1162/1162/1162 1163/1163/1163
f 1141/1141/1141 1163/1163/1163 1142/1142/1142
f 1142/1142/1142 1163/1163/1163 1164/1164/1164
f 1142/1142/1142 1164/1164/1164 1143/1143/1143
f 1143/1143/1143 1164/1164/1164 1165/1165/1165
f 1143/1143/1143 1165/1165/1165 1144/1144/1144
f 1144/1144/1144 1165/1165/1165 1166/1166/1166
f 1144/1144/1144 1166/1166/1166 1145/1145/1145
f 1145/1145/1145 1166/1166/1166 1167/1167/1167
f 1145/1145/1145 1167/1167/1167 1146/1146/1146
f 1146/1146/1146 1167/1167/1167 1168/1168/1168
f 1146/1146/1146 1168/1168/1168 1147/1147/1147
f 1147/1147/1147 1168/1168/1168 1169/1169/1169
f 1147/1147/1147 1169/1169/1169 1148/1148/1148
f 1148/1148/1148 1169/1169/1169 1170/1170/1170
f 1148/1148/1148 1170/1170/1170 1149/1149/1149
f 1149/1149/1149 1170/1170/1170 1171/1171/1171
f 1149/1149/1149 1171/1171/1171 1150/1150/1150
f 1150/1150/1150 1171/1171/1171 1172/1172/1172
f 1150/1150/1150 1172/1172/1172 1151/1151/1151
f 1151/1151/1151 1172/1172/1172 1173/1173/1173
f 1151/1151/1151 1173/1173/1173 1152/1152/1152
f 1152/1152/1152 1173/1173/1173 1174/1174/1174
f 1152/1152/1152 1174/1174/1174 1153/1153/1153
f 1153/1153/1153 1174/1174/1174 1175/1175/1175
f 1153/1153/1153 1175/1175/1175 1154/1154/1154
f 1154/1154/1154 1175/1175/1175 1176/1176/1176
f 1154/1154/1154 1176/1176/1176 1155/1155/1155
f 1156/1156/1156 1177/1177/1177 1178/1178/1178
f 1156/1156/1156 1178/1178/1178 1157/1157/1157
f 1157/1157/1157 1178/1178/1178 1179/1179/1179
f 1157/1157/1157 1179/1179/1179 1158/1158/1158
f 1158/1158/1158 1179/1179/1179 1180/1180/1180
f 1158/1158/1158 1180/1180/1180 1159/1159/1159
f 1159/1159/1159 1180/1180/1180 1181/1181/1181
f 1159/1159/1159 1181/1181/1181 1160/1160/1160
f 1160/1160/1160 1181/1181/1181 1182/1182/1182
f 1160/1160/1160 1182/1182/1182 1161/1161/1161
f 1161/1161/1161 1182/1182/1182 1183/1183/1183
f 1161/1161/1161 1183/1183/1183 1162/1162/1162
f 1162/1162/1162 1183/1183/1183 1184/1184/1184
f 1162/1162/1162 1184/1184/1184 1163/1163/1163
f 1163/1163/1163 1184/1184/1184 1185/1185/1185
f 1163/1163/1163 1185/1185/1185 1164/1164/1164
f 1164/1164/1164 1185/1185/1185 1186/1186/1186
f 1164/1164/1164 1186/1186/1186 1165/1165/1165
f 1165/1165/1165 1186/1186/1186 1187/1187/1187
f 1165/1165/1165 1187/1187/1187 1166/1166/1166
f 1166/1166/1166 1187/1187/1187 1188/1188/1188
f 1166/1166/1166 1188/1188/1188 1167/1167/1167
f 1167/1167/1167 1188/1188/1188 1189/1189/1189
f 1167/1167/1167 1189/1189/1189 1168/1168/1168
f 1168/1168/1168 1189/1189/1189 1190/1190/1190
f 1168/1168/1168 1190/1190/1190 1169/1169/1169
f 1169/1169/1169 1190/1190/1190 1191/1191/1191
f 1169/1169/1169 1191/1191/1191 1170/1170/1170
f 1170/1170/1170 1191/1191/1191 1192/1192/1192
f 1170/1170/1170 1192/1192/1192 1171/1171/1171
f 1171/1171/1171 1192/1192/1192 1193/1193/1193
f 1171/1171/1171 1193/1193/1193 1172/1172/1172
f 1172/1172/1172 1193/1193/1193 1194/1194/1194
f 1172/1172/1172 1194/1194/1194 1173/1173/1173
f 1173/1173/1173 1194/1194/1194 1195/1195/1195
f 1173/1173/1173 1195/1195/1195 1174/1174/1174
f 1174/1174/1174 1195/1195/1195 1196/1196/1196
f 1174/1174/1174 1196/1196/1196 1175/1175/1175
f 1175/1175/1175 1196/1196/1196 1197/1197/1197
f 1175/1175/1175 1197/1197/1197 1176/1176/1176
f 1177/1177/1177 1198/1198/1198 1199/1199/1199
f 1177/1177/1177 1199/1199/1199 1178/1178/1178
f 1178/1178/1178 1199/1199/1199 1200/1200/1200
f 1178/1178/1178 1200/1200/1200 1179/1179/1179
f 1179/1179/1179 1200/1200/1200 1201/1201/1201
f 1179/1179/1179 1201/1201/1201 1180/1180/1180
f 1180/1180/1180 1201/1201/1201 1202/1202/1202
f 1180/1180/1180 1202/1202/1202 1181/1181/1181
f 1181/1181/1181 1202/1202/1202 1203/1203/1203
f 1181/1181/1181 1203/1203/1203 1182/1182/1182
f 1182/1182/1182 1203/1203/1203 1204/1204/1204
f 1182/1182/1182 1204/1204/1204 1183/1183/1183
f 1183/1183/1183 1204/1204/1204 1205/1205/1205
f 1183/1183/1183 1205/1205/1205 1184/1184/1184
f 1184/1184/1184 1205/1205/1205 1206/1206/1206
f 1184/1184/1184 1206/1206/1206 1185/1185/1185
f 1185/1185/1185 1206/1206/1206 1207/1207/1207
f 1185/1185/1185 1207/1207/1207 1186/1186/1186
f 1186/1186/1186 1207/1207/1207 1208/1208/1208
f 1186/1186/1186 1208/1208/1208 1187/1187/1187
f 1187/1187/1187 1208/1208/1208 1209/1209/1209
f 1187/1187/1187 1209/1209/1209 1188/1188/1188
f 1188/1188/1188 1209/1209/1209 1210/1210/1210
f 1188/1188/1188 1210/1210/1210 1189/1189/1189
f 1189/1189/1189 1210/1210/1210 1211/1211/1211
f 1189/1189/1189 1211/1211/1211 1190/1190/1190
f 1190/1190/1190 1211/1211/1211 1212/1212/1212
f 1190/1190/1190 1212/1212/1212 1191/1191/1191
f 1191/1191/1191 1212/1212/1212 1213/1213/1213
f 1191/1191/1191 1213/1213/1213 1192/1192/1192
f 1192/1192/1192 1213/1213/1213 1214/1214/1214
f 1192/1192/1192 1214/1214/1214 1193/1193/1193
f 1193/1193/1193 1214/1214/1214 1215/1215/1215
f 1193/1193/1193 1215/1215/1215 1194/1194/1194
f 1194/1194/1194 1215/1215/1215 1216/1216/1216
f 1194/1194/1194 1216/1216/1216 1195/1195/1195
f 1195/1195/1195 1216/1216/1216 1217/1217/1217
f 1195/1195/1195 1217/1217/1217 1196/1196/1196
f 1196/1196/1196 1217/1217/1217 1218/1218/1218
f 1196/1196/1196 1218/1218/1218 1197/1197/1197
f 1198/1198/1198 1219/1219/1219 1220/1220/1220
f 1198/1198/1198 1220/1220/1220 1199/1199/1199
f 1199/1199/1199 1220/1220/1220 1221/1221/1221
f 1199/1199/1199 1221/1221/1221 1200/1200/1200
f 1200/1200/1200 1221/1221/1221 1222/1222/1222
f 1200/1200/1200 1222/1222/1222 1201/1201/1201
f 1201/1201/1201 1222/1222/1222 1223/1223/1223
f 1201/1201/1201 1223/1223/1223 1202/1202/1202
f 1202/1202/1202 1223/1223/1223 1224/1224/1224
f 1202/1202/1202 1224/1224/1224 1203/1203/1203
f 1203/1203/1203 1224/1224/1224 1225/1225/1225
f 1203/1203/1203 1225/1225/1225 1204/1204/1204
f 1204/1204/1204 1225/1225/1225 1226/1226/1226
f 1204/1204/1204 1226/1226/1226 1205/1205/1205
f 1205/1205/1205 1226/1226/1226 1227/1227/1227
f 1205/1205/1205 1227/1227/1227 1206/1206/1206
f 1206/1206/1206 1227/1227/1227 1228/1228/1228
f 1206/1206/1206 1228/1228/1228 1207/1207/1207
f 1207/1207/1207 1228/1228/1228 1229/1229/1229
f 1207/1207/1207 1229/1229/1229 1208/1208/1208
f 1208/1208/1208 1229/1229/1229 1230/1230/1230
f 1208/1208/1208 1230/1230/1230 1209/1209/1209
f 1209/1209/1209 1230/1230/1230 1231/1231/1231
f 1209/1209/1209 1231/1231/1231 1210/1210/1210
f 1210/1210/1210 1231/1231/1231 1232/1232/1232
f 1210/1210/1210 1232/1232/1232 1211/1211/1211
f 1211/1211/1211 1232/1232/1232 1233/1233/1233
f 1211/1211/1211 1233/1233/1233 1212/1212/1212
f 1212/1212/1212 1233/1233/1233 1234/1234/1234
f 1212/1212/1212 1234/1234/1234 1213/1213/1213
f 1213/1213/1213 1234/1234/1234 1235/1235/1235
f 1213/1213/1213 1235/1235/1235 1214/1214/1214
f 1214/1214/1214 1235/1235/1235 1236/1236/1236
f 1214/1214/1214 1236/1236/1236 1215/1215/1215
f 1215/1215/1215 1236/1236/1236 1237/1237/1237
f 1215/1215/1215 1237/1237/1237 1216/1216/1216
f 1216/1216/1216 1237/1237/1237 1238/1238/1238
f 1216/1216/1216 1238/1238/1238 1217/1217/1217
f 1217/1217/1217 1238/1238/1238 1239/1239/1239
f 1217/1217/1217 1239/1239/1239 1218/1218/1218
f 1219/1219/1219 1240/1240/1240 1241/1241/1241
f 1219/1219/1219 1241/1241/1241 1220/1220/1220
f 1220/1220/1220 1241/1241/1241 1242/1242/1242
f 1220/1220/1220 1242/1242/1242 1221/1221/1221
f 1221/1221/1221 1242/1242/1242 1243/1243/1243
f 1221/1221/1221 1243/1243/1243 1222/1222/1222
f 1222/1222/1222 1243/1243/1243 1244/1244/1244
f 1222/1222/1222 1244/1244/1244 1223/1223/1223
f 1223/1223/1223 1244/1244/1244 1245/1245/1245
f 1223/1223/1223 1245/1245/1245 1224/1224/1224
f 1224/1224/1224 1245/1245/1245 1246/1246/1246
f 1224/1224/1224 1246/1246/1246 1225/1225/1225
f 1225/1225/1225 1246/1246/1246 1247/1247/1247
f 1225/1225/1225 1247/1247/1247 1226/1226/1226
f 1226/1226/1226 1247/1247/1247 1248/1248/1248
f 1226/1226/1226 1248/1248/1248 1227/1227/1227
f 1227/1227/1227 1248/1248/1248 1249/1249/1249
f 1227/1227/1227 1249/1249/1249 1228/1228/1228
f 1228/1228/1228 1249/1249/1249 1250/1250/1250
f 1228/1228/1228 1250/1250/1250 1229/1229/1229
f 1229/1229/1229 1250/1250/1250 1251/1251/1251
f 1229/1229/1229 1251/1251/1251 1230/1230/1230
f 1230/1230/1230 1251/1251/1251 1252/1252/1252
f 1230/1230/1230 1252/1252/1252 1231/1231/1231
f 1231/1231/1231 1252/1252/1252 1253/1253/1253
f 1231/1231/1231 1253/1253/1253 1232/1232/1232
f 1232/1232/1232 1253/1253/1253 1254/1254/1254
f 1232/1232/1232 1254/1254/1254 1233/1233/1233
f 1233/1233/1233 1254/1254/1254 1255/1255/1255
f 1233/1233/1233 1255/1255/1255 1234/1234/1234
f 1234/1234/1234 1255/1255/1255 1256/1256/1256
f 1234/1234/1234 1256/1256/1256 1235/1235/1235
f 1235/1235/1235 1256/1256/1256 1257/1257/1257
f 1235/1235/1235 1257/1257/1257 1236/1236/1236
f 1236/1236/1236 1257/1257/1257 1258/1258/1258
f 1236/1236/1236 1258/1258/1258 1237/1237/1237
f 1237/1237/1237 1258/1258/1258 1259/1259/1259
f 1237/1237/1237 1259/1259/1259 1238/1238/1238
f 1238/1238/1238 1259/1259/1259 1260/1260/1260
f 1238/1238/1238 1260/1260/1260 1239/1239/1239
f 1240/1240/1240 1261/1261/1261 1262/1262/1262
f 1240/1240/1240 1262/1262/1262 1241/1241/1241
f 1241/1241/1241 1262/1262/1262 1263/1263/1263
f 1241/1241/1241 1263/1263/1263 1242/1242/1242
f 1242/1242/1242 1263/1263/1263 1264/1264/1264
f 1242/1242/1242 1264/1264/1264 1243/1243/1243
f 1243/1243/1243 1264/1264/1264 1265/1265/1265
f 1243/1243/1243 1265/1265/1265 1244/1244/1244
f 1244/1244/1244 1265/1265/1265 1266/1266/1266
f 1244/1244/1244 1266/1266/1266 1245/1245/1245
f 1245/1245/1245 1266/1266/1266 1267/1267/1267
f 1245/1245/1245 1267/1267/1267 1246/1246/1246
f 1246/1246/1246 1267/1267/1267 1268/1268/1268
f 1246/1246/1246 1268/1268/1268 1247/1247/1247
f 1247/1247/1247 1268/1268/1268 1269/1269/1269
f 1247/1247/1247 1269/1269/1269 1248/1248/1248
f 1248/1248/1248 1269/1269/1269 1270/1270/1270
f 1248/1248/1248 1270/1270/1270 1249/1249/1249
f 1249/1249/1249 1270/1270/1270 1271/1271/1271
f 1249/1249/1249 1271/1271/1271 1250/1250/1250
f 1250/1250/1250 1271/1271/1271 1272/1272/1272
f 1250/1250/1250 1272/1272/1272 1251/1251/1251
f 1251/1251/1251 1272/1272/1272 1273/1273/1273
f 1251/1251/1251 1273/1273/1273 1252/1252/1252
f 1252/1252/1252 1273/1273/1273 1274/1274/1274
f 1252/1252/1252 1274/1274/1274 1253/1253/1253
f 1253/1253/1253 1274/1274/1274 1275/1275/1275
f 1253/1253/1253 1275/1275/1275 1254/1254/1254
f 1254/1254/1254 1275/1275/1275 1276/1276/1276
f 1254/1254/1254 1276/1276/1276 1255/1255/1255
f 1255/1255/1255 1276/1276/1276 1277/1277/1277
f 1255/1255/1255 1277/1277/1277 1256/1256/1256
f 1256/1256/1256 1277/1277/1277 1278/1278/1278
f 1256/1256/1256 1278/1278/1278 1257/1257/1257
f 1257/1257/1257 1278/1278/1278 1279/1279/1279
f 1257/1257/1257 1279/1279/1279 1258/1258/1258
f 1258/1258/1258 1279/1279/1279 1280/1280/1280
f 1258/1258/1258 1280/1280/1280 1259/1259/1259
f 1259/1259/1259 1280/1280/1280 1281/1281/1281
f 1259/1259/1259 1281/1281/1281 1260/1260/1260
f 1261/1261/1261 1282/1282/1282 1283/1283/1283
f 1261/1261/1261 1283/1283/1283 1262/1262/1262
f 1262/1262/1262 1283/1283/1283 1284/1284/1284
f 1262/1262/1262 1284/1284/1284 1263/1263/1263
f 1263/1263/1263 1284/1284/1284 1285/1285/1285
f 1263/1263/1263 1285/1285/1285 1264/1264/1264
f 1264/1264/1264 1285/1285/1285 1286/1286/1286
f 1264/1264/1264 1286/1286/1286 1265/1265/1265
f 1265/1265/1265 1286/1286/1286 1287/1287/1287
f 1265/1265/1265 1287/1287/1287 1266/1266/1266
f 1266/1266/1266 1287/1287/1287 1288/1288/1288
f 1266/1266/1266 1288/1288/1288 1267/1267/1267
f 1267/1267/1267 1288/1288/1288 1289/1289/1289
f 1267/1267/1267 1289/1289/1289 1268/1268/1268
f 1268/1268/1268 1289/1289/1289 1290/1290/1290
f 1268/1268/1268 1290/1290/1290 1269/1269/1269
f 1269/1269/1269 1290/1290/1290 1291/1291/1291
f 1269/1269/1269 1291/1291/1291 1270/1270/1270
f 1270/1270/1270 1291/1291/1291 1292/1292/1292
f 1270/1270/1270 1292/1292/1292 1271/1271/1271
f 1271/1271/1271 1292/1292/1292 1293/1293/1293
f 1271/1271/1271 1293/1293/1293 1272/1272/1272
f 1272/1272/1272 1293/1293/1293 1294/1294/1294
f 1272/1272/1272 1294/1294/1294 1273/1273/1273
f 1273/1273/1273 1294/1294/1294 1295/1295/1295
f 1273/1273/1273 1295/1295/1295 1274/1274/1274
f 1274/1274/1274 1295/1295/1295 1296/1296/1296
f 1274/1274/1274 1296/1296/1296 1275/1275/1275
f 1275/1275/1275 1296/1296/1296 1297/1297/1297
f 1275/1275/1275 1297/1297/1297 1276/1276/1276
f 1276/1276/1276 1297/1297/1297 1298/1298/1298
f 1276/1276/1276 1298/1298/1298 1277/1277/1277
f 1277/1277/1277 1298/1298/1298 1299/1299/1299
f 1277/1277/1277 1299/1299/1299 1278/1278/1278
f 1278/1278/1278 1299/1299/1299 1300/1300/1300
f 1278/1278/1278 1300/1300/1300 1279/1279/1279
f 1279/1279/1279 1300/1300/1300 1301/1301/1301
f 1279/1279/1279 1301/1301/1301 1280/1280/1280
f 1280/1280/1280 1301/1301/1301 1302/1302/1302
f 1280/1280/1280 1302/1302/1302 1281/1281/1281
f 1303/1303/1303 1310/1310/1310 1311/1311/1311
f 1303/1303/1303 1311/1311/1311 1304/1304/1304
f 1304/1304/1304 1311/1311/1311 1312/1312/1312
f 1304/1304/1304 1312/1312/1312 1305/1305/1305
f 1305/1305/1305 1312/1312/1312 1313/1313/1313
f 1305/1305/1305 1313/1313/1313 1306/1306/1306
f 1306/1306/1306 1313/1313/1313 1314/1314/1314
f 1306/1306/1306 1314/1314/1314 1307/1307/1307
f 1307/1307/1307 1314/1314/1314 1315/1315/1315
f 1307/1307/1307 1315/1315/1315 1308/1308/1308
f 1308/1308/1308 1315/1315/1315 1316/1316/1316
f 1308/1308/1308 1316/1316/1316 1309/1309/1309
f 1310/1310/1310 1317/1317/1317 1318/1318/1318
f 1310/1310/1310 1318/1318/1318 1311/1311/1311
f 1311/1311/1311 1318/1318/1318 1319/1319/1319
f 1311/1311/1311 1319/1319/1319 1312/1312/1312
f 1312/1312/1312 1319/1319/1319 1320/1320/1320
f 1312/1312/1312 1320/1320/1320 1313/1313/1313
f 1313/1313/1313 1320/1320/1320 1321/1321/1321
f 1313/1313/1313 1321/1321/1321 1314/1314/1314
f 1314/1314/1314 1321/1321/1321 1322/1322/1322
f 1314/1314/1314 1322/1322/1322 1315/1315/1315
f 1315/1315/1315 1322/1322/1322 1323/1323/1323
f 1315/1315/1315 1323/1323/1323 1316/1316/1316
f 1317/1317/1317 1324/1324/1324 1325/1325/1325
f 1317/1317/1317 1325/1325/1325 1318/1318/1318
f 1318/1318/1318 1325/1325/1325 1326/1326/1326
f 1318/1318/1318 1326/1326/1326 1319/1319/1319
f 1319/1319/1319 1326/1326/1326 1327/1327/1327
f 1319/1319/1319 1327/1327/1327 1320/1320/1320
f 1320/1320/1320 1327/1327/1327 1328/1328/1328
f 1320/1320/1320 1328/1328/1328 1321/1321/1321
f 1321/1321/1321 1328/1328/1328 1329/1329/1329
f 1321/1321/1321 1329/1329/1329 1322/1322/1322
f 1322/1322/1322 1329/1329/1329 1330/1330/1330
f 1322/1322/1322 1330/1330/1330 1323/1323/1323
f 1324/1324/1324 1331/1331/1331 1332/1332/1332
f 1324/1324/1324 1332/1332/1332 1325/1325/1325
f 1325/1325/1325 1332/1332/1332 1333/1333/1333
f 1325/1325/1325 1333/1333/1333 1326/1326/1326
f 1326/1326/1326 1333/1333/1333 1334/1334/1334
f 1326/1326/1326 1334/1334/1334 1327/1327/1327
f 1327/1327/1327 1334/1334/1334 1335/1335/1335
f 1327/1327/1327 1335/1335/1335 1328/1328/1328
f 1328/1328/1328 1335/1335/1335 1336/1336/1336
f 1328/1328/1328 1336/1336/1336 1329/1329/1329
f 1329/1329/1329 1336/1336/1336 1337/1337/1337
f 1329/1329/1329 1337/1337/1337 1330/1330/1330
f 1331/1331/1331 1338/1338/1338 1339/1339/1339
f 1331/1331/1331 1339/1339/1339 1332/1332/1332
f 1332/1332/1332 1339/1339/1339 1340/1340/1340
f 1332/1332/1332 1340/1340/1340 1333/1333/1333
f 1333/1333/1333 1340/1340/1340 1341/1341/1341
f 1333/1333/1333 1341/1341/1341 1334/1334/1334
f 1334/1334/1334 1341/1341/1341 1342/1342/1342
f 1334/1334/1334 1342/1342/1342 1335/1335/1335
f 1335/1335/1335 1342/1342/1342 1343/1343/1343
f 1335/1335/1335 1343/1343/1343 1336/1336/1336
f 1336/1336/1336 1343/1343/1343 1344/1344/1344
f 1336/1336/1336 1344/1344/1344 1337/1337/1337
f 1338/1338/1338 1345/1345/1345 1346/1346/1346
f 1338/1338/1338 1346/1346/1346 1339/1339/1339
f 1339/1339/1339 1346/1346/1346 1347/1347/1347
f 1339/1339/1339 1347/1347/1347 1340/1340/1340
f 1340/1340/1340 1347/1347/1347 1348/1348/1348
f 1340/1340/1340 1348/1348/1348 1341/1341/1341
f 1341/1341/1341 1348/1348/1348 1349/1349/1349
f 1341/1341/1341 1349/1349/1349 1342/1342/1342
f 1342/1342/1342 1349/1349/1349 1350/1350/1350
f 1342/1342/1342 1350/1350/1350 1343/1343/1343
f 1343/1343/1343 1350/1350/1350 1351/1351/1351
f 1343/1343/1343 1351/1351/1351 1344/1344/1344
f 1345/1345/1345 1352/1352/1352 1353/1353/1353
f 1345/1345/1345 1353/1353/1353 1346/1346/1346
f 1346/1346/1346 1353/1353/1353 1354/1354/1354
f 1346/1346/1346 1354/1354/1354 1347/1347/1347
f 1347/1347/1347 1354/1354/1354 1355/1355/1355
f 1347/1347/1347 1355/1355/1355 1348/1348/1348
f 1348/1348/1348 1355/1355/1355 1356/1356/1356
f 1348/1348/1348 1356/1356/1356 1349/1349/1349
f 1349/1349/1349 1356/1356/1356 1357/1357/1357
f 1349/1349/1349 1357/1357/1357 1350/1350/1350
f 1350/1350/1350 1357/1357/1357 1358/1358/1358
f 1350/1350/1350 1358/1358/1358 1351/1351/1351
f 1352/1352/1352 1359/1359/1359 1360/1360/1360
f 1352/1352/1352 1360/1360/1360 1353/1353/1353
f 1353/1353/1353 1360/1360/1360 1361/1361/1361
f 1353/1353/1353 1361/1361/1361 1354/1354/1354
f 1354/1354/1354 1361/1361/1361 1362/1362/1362
f 1354/1354/1354 1362/1362/1362 1355/1355/1355
f 1355/1355/1355 1362/1362/1362 1363/1363/1363
f 1355/1355/1355 1363/1363/1363 1356/1356/1356
f 1356/1356/1356 1363/1363/1363 1364/1364/1364
f 1356/1356/1356 1364/1364/1364 1357/1357/1357
f 1357/1357/1357 1364/1364/1364 1365/1365/1365
f 1357/1357/1357 1365/1365/1365 1358/1358/1358
f 1366/1366/1366 1373/1373/1373 1374/1374/1374
f 1366/1366/1366 1374/1374/1374 1367/1367/1367
f 1367/1367/1367 1374/1374/1374 1375/1375/1375
f 1367/1367/1367 1375/1375/1375 1368/1368/1368
f 1368/1368/1368 1375/1375/1375 1376/1376/1376
f 1368/1368/1368 1376/1376/1376 1369/1369/1369
f 1369/1369/1369 1376/1376/1376 1377/1377/1377
f 1369/1369/1369 1377/1377/1377 1370/1370/1370
f 1370/1370/1370 1377/1377/1377 1378/1378/1378
f 1370/1370/1370 1378/1378/1378 1371/1371/1371
f 1371/1371/1371 1378/1378/1378 1379/1379/1379
f 1371/1371/1371 1379/1379/1379 1372/1372/1372
f 1373/1373/1373 1380/1380/1380 1381/1381/1381
f 1373/1373/1373 1381/1381/1381 1374/1374/1374
f 1374/1374/1374 1381/1381/1381 1382/1382/1382
f 1374/1374/1374 1382/1382/1382 1375/1375/1375
f 1375/1375/1375 1382/1382/1382 1383/1383/1383
f 1375/1375/1375 1383/1383/1383 1376/1376/1376
f 1376/1376/1376 1383/1383/1383 1384/1384/1384
f 1376/1376/1376 1384/1384/1384 1377/1377/1377
f 1377/1377/1377 1384/1384/1384 1385/1385/1385
f 1377/1377/1377 1385/1385/1385 1378/1378/1378
f 1378/1378/1378 1385/1385/1385 1386/1386/1386
f 1378/1378/1378 1386/1386/1386 1379/1379/1379
f 1380/1380/1380 1387/1387/1387 1388/1388/1388
f 1380/1380/1380 1388/1388/1388 1381/1381/1381
f 1381/1381/1381 1388/1388/1388 1389/1389/1389
f 1381/1381/1381 1389/1389/1389 1382/1382/1382
f 1382/1382/1382 1389/1389/1389 1390/1390/1390
f 1382/1382/1382 1390/1390/1390 1383/1383/1383
f 1383/1383/1383 1390/1390/1390 1391/1391/1391
f 1383/1383/1383 1391/1391/1391 1384/1384/1384
f 1384/1384/1384 1391/1391/1391 1392/1392/1392
f 1384/1384/1384 1392/1392/1392 1385/1385/1385
f 1385/1385/1385 1392/1392/1392 1393/1393/1393
f 1385/1385/1385 1393/1393/1393 1386/1386/1386
f 1387/1387/1387 1394/1394/1394 1395/1395/1395
f 1387/1387/1387 1395/1395/1395 1388/1388/1388
f 1388/1388/1388 1395/1395/1395 1396/1396/1396
f 1388/1388/1388 1396/1396/1396 1389/1389/1389
f 1389/1389/1389 1396/1396/1396 1397/1397/1397
f 1389/1389/1389 1397/1397/1397 1390/1390/1390
f 1390/1390/1390 1397/1397/1397 1398/1398/1398
f 1390/1390/1390 1398/1398/1398 1391/1391/1391
f 1391/1391/1391 1398/1398/1398 1399/1399/1399
f 1391/1391/1391 1399/1399/1399 1392/1392/1392
f 1392/1392/1392 1399/1399/1399 1400/1400/1400
f 1392/1392/1392 1400/1400/1400 1393/1393/1393
f 1394/1394/1394 1401/1401/1401 1402/1402/1402
f 1394/1394/1394 1402/1402/1402 1395/1395/1395
f 1395/1395/1395 1402/1402/1402 1403/1403/1403
f 1395/1395/1395 1403/1403/1403 1396/1396/1396
f 1396/1396/1396 1403/1403/1403 1404/1404/1404
f 1396/1396/1396 1404/1404/1404 1397/1397/1397
f 1397/1397/1397 1404/1404/1404 1405/1405/1405
f 1397/1397/1397 1405/1405/1405 1398/1398/1398
f 1398/1398/1398 1405/1405/1405 1406/1406/1406
f 1398/1398/1398 1406/1406/1406 1399/1399/1399
f 1399/1399/1399 1406/1406/1406 1407/1407/1407
f 1399/1399/1399 1407/1407/1407 1400/1400/1400
f 1401/1401/1401 1408/1408/1408 1409/1409/1409
f 1401/1401/1401 1409/1409/1409 1402/1402/1402
f 1402/1402/1402 1409/1409/1409 1410/1410/1410
f 1402/1402/1402 1410/1410/1410 1403/1403/1403
f 1403/1403/1403 1410/1410/1410 1411/1411/1411
f 1403/1403/1403 1411/1411/1411 1404/1404/1404
f 1404/1404/1404 1411/1411/1411 1412/1412/1412
f 1404/1404/1404 1412/1412/1412 1405/1405/1405
f 1405/1405/1405 1412/1412/1412 1413/1413/1413
f 1405/1405/1405 1413/1413/1413 1406/1406/1406
f 1406/1406/1406 1413/1413/1413 1414/1414/1414
f 1406/1406/1406 1414/1414/1414 1407/1407/1407
f 1408/1408/1408 1415/1415/1415 1416/1416/1416
f 1408/1408/1408 1416/1416/1416 1409/1409/1409
f 1409/1409/1409 1416/1416/1416 1417/1417/1417
f 1409/1409/1409 1417/1417/1417 1410/1410/1410
f 1410/1410/1410 1417/1417/1417 1418/1418/1418
f 1410/1410/1410 1418/1418/1418 1411/1411/1411
f 1411/1411/1411 1418/1418/1418 1419/1419/1419
f 1411/1411/1411 1419/1419/1419 1412/1412/1412
f 1412/1412/1412 1419/1419/1419 1420/1420/1420
f 1412/1412/1412 1420/1420/1420 1413/1413/1413
f 1413/1413/1413 1420/1420/1420 1421/1421/1421
f 1413/1413/1413 1421/1421/1421 1414/1414/1414
f 1415/1415/1415 1422/1422/1422 1423/1423/1423
f 1415/1415/1415 1423/1423/1423 1416/1416/1416
f 1416/1416/1416 1423/1423/1423 1424/1424/1424
f 1416/1416/1416 1424/1424/1424 1417/1417/1417
f 1417/1417/1417 1424/1424/1424 1425/1425/1425
f 1417/1417/1417 1425/1425/1425 1418/1418/1418
f 1418/1418/1418 1425/1425/1425 1426/1426/1426
f 1418/1418/1418 1426/1426/1426 1419/1419/1419
f 1419/1419/1419 1426/1426/1426 1427/1427/1427
f 1419/1419/1419 1427/1427/1427 1420/1420/1420
f 1420/1420/1420 1427/1427/1427 1428/1428/1428
f 1420/1420/1420 1428/1428/1428 1421/1421/1421
f 1422/1422/1422 1429/1429/1429 1430/1430/1430
f 1422/1422/1422 1430/1430/1430 1423/1423/1423
f 1423/1423/1423 1430/1430/1430 1431/1431/1431
f 1423/1423/1423 1431/1431/1431 1424/1424/1424
f 1424/1424/1424 1431/1431/1431 1432/1432/1432
f 1424/1424/1424 1432/1432/1432 1425/1425/1425
f 1425/1425/1425 1432/1432/1432 1433/1433/1433
f 1425/1425/1425 1433/1433/1433 1426/1426/1426
f 1426/1426/1426 1433/1433/1433 1434/1434/1434
f 1426/1426/1426 1434/1434/1434 1427/1427/1427
f 1427/1427/1427 1434/1434/1434 1435/1435/1435
f 1427/1427/1427 1435/1435/1435 1428/1428/1428
f 1429/1429/1429 1436/1436/1436 1437/1437/1437
f 1429/1429/1429 1437/1437/1437 1430/1430/1430
f 1430/1430/1430 1437/1437/1437 1438/1438/1438
f 1430/1430/1430 1438/1438/1438 1431/1431/1431
f 1431/1431/1431 1438/1438/1438 1439/1439/1439
f 1431/1431/1431 1439/1439/1439 1432/1432/1432
f 1432/1432/1432 1439/1439/1439 1440/1440/1440
f 1432/1432/1432 1440/1440/1440 1433/1433/1433
f 1433/1433/1433 1440/1440/1440 1441/1441/1441
f 1433/1433/1433 1441/1441/1441 1434/1434/1434
f 1434/1434/1434 1441/1441/1441 1442/1442/1442
f 1434/1434/1434 1442/1442/1442 1435/1435/1435
