# procedural asset
v 0.00000 0.00000 -0.09500
v 0.00000 0.45000 -0.09125
v 0.00000 0.90000 -0.08750
v 0.00000 1.35000 -0.08375
v 0.00000 1.80000 -0.08000
v 0.00000 2.25000 -0.07625
v 0.00000 2.70000 -0.07250
v 0.00000 3.15000 -0.06875
v 0.00000 3.60000 -0.06500
v 0.03635 0.00000 -0.08777
v 0.03492 0.45000 -0.08430
v 0.03348 0.90000 -0.08084
v 0.03205 1.35000 -0.07737
v 0.03061 1.80000 -0.07391
v 0.02918 2.25000 -0.07045
v 0.02774 2.70000 -0.06698
v 0.02631 3.15000 -0.06352
v 0.02487 3.60000 -0.06005
v 0.06718 0.00000 -0.06718
v 0.06452 0.45000 -0.06452
v 0.06187 0.90000 -0.06187
v 0.05922 1.35000 -0.05922
v 0.05657 1.80000 -0.05657
v 0.05392 2.25000 -0.05392
v 0.05127 2.70000 -0.05127
v 0.04861 3.15000 -0.04861
v 0.04596 3.60000 -0.04596
v 0.08777 0.00000 -0.03635
v 0.08430 0.45000 -0.03492
v 0.08084 0.90000 -0.03348
v 0.07737 1.35000 -0.03205
v 0.07391 1.80000 -0.03061
v 0.07045 2.25000 -0.02918
v 0.06698 2.70000 -0.02774
v 0.06352 3.15000 -0.02631
v 0.06005 3.60000 -0.02487
v 0.09500 0.00000 -0.00000
v 0.09125 0.45000 -0.00000
v 0.08750 0.90000 -0.00000
v 0.08375 1.35000 -0.00000
v 0.08000 1.80000 -0.00000
v 0.07625 2.25000 -0.00000
v 0.07250 2.70000 -0.00000
v 0.06875 3.15000 -0.00000
v 0.06500 3.60000 -0.00000
v 0.08777 0.00000 0.03635
v 0.08430 0.45000 0.03492
v 0.08084 0.90000 0.03348
v 0.07737 1.35000 0.03205
v 0.07391 1.80000 0.03061
v 0.07045 2.25000 0.02918
v 0.06698 2.70000 0.02774
v 0.06352 3.15000 0.02631
v 0.06005 3.60000 0.02487
v 0.06718 0.00000 0.06718
v 0.06452 0.45000 0.06452
v 0.06187 0.90000 0.06187
v 0.05922 1.35000 0.05922
v 0.05657 1.80000 0.05657
v 0.05392 2.25000 0.05392
v 0.05127 2.70000 0.05127
v 0.04861 3.15000 0.04861
v 0.04596 3.60000 0.04596
v 0.03635 0.00000 0.08777
v 0.03492 0.45000 0.08430
v 0.03348 0.90000 0.08084
v 0.03205 1.35000 0.07737
v 0.03061 1.80000 0.07391
v 0.02918 2.25000 0.07045
v 0.02774 2.70000 0.06698
v 0.02631 3.15000 0.06352
v 0.02487 3.60000 0.06005
v 0.00000 0.00000 0.09500
v 0.00000 0.45000 0.09125
v 0.00000 0.90000 0.08750
v 0.00000 1.35000 0.08375
v 0.00000 1.80000 0.08000
v 0.00000 2.25000 0.07625
v 0.00000 2.70000 0.07250
v 0.00000 3.15000 0.06875
v 0.00000 3.60000 0.06500
v -0.03635 0.00000 0.08777
v -0.03492 0.45000 0.08430
v -0.03348 0.90000 0.08084
v -0.03205 1.35000 0.07737
v -0.03061 1.80000 0.07391
v -0.02918 2.25000 0.07045
v -0.02774 2.70000 0.06698
v -0.02631 3.15000 0.06352
v -0.02487 3.60000 0.06005
v -0.06718 0.00000 0.06718
v -0.06452 0.45000 0.06452
v -0.06187 0.90000 0.06187
v -0.05922 1.35000 0.05922
v -0.05657 1.80000 0.05657
v -0.05392 2.25000 0.05392
v -0.05127 2.70000 0.05127
v -0.04861 3.15000 0.04861
v -0.04596 3.60000 0.04596
v -0.08777 0.00000 0.03635
v -0.08430 0.45000 0.03492
v -0.08084 0.90000 0.03348
v -0.07737 1.35000 0.03205
v -0.07391 1.80000 0.03061
v -0.07045 2.25000 0.02918
v -0.06698 2.70000 0.02774
v -0.06352 3.15000 0.02631
v -0.06005 3.60000 0.02487
v -0.09500 0.00000 0.00000
v -0.09125 0.45000 0.00000
v -0.08750 0.90000 0.00000
v -0.08375 1.35000 0.00000
v -0.08000 1.80000 0.00000
v -0.07625 2.25000 0.00000
v -0.07250 2.70000 0.00000
v -0.06875 3.15000 0.00000
v -0.06500 3.60000 0.00000
v -0.08777 0.00000 -0.03635
v -0.08430 0.45000 -0.03492
v -0.08084 0.90000 -0.03348
v -0.07737 1.35000 -0.03205
v -0.07391 1.80000 -0.03061
v -0.07045 2.25000 -0.02918
v -0.06698 2.70000 -0.02774
v -0.06352 3.15000 -0.02631
v -0.06005 3.60000 -0.02487
v -0.06718 0.00000 -0.06718
v -0.06452 0.45000 -0.06452
v -0.06187 0.90000 -0.06187
v -0.05922 1.35000 -0.05922
v -0.05657 1.80000 -0.05657
v -0.05392 2.25000 -0.05392
v -0.05127 2.70000 -0.05127
v -0.04861 3.15000 -0.04861
v -0.04596 3.60000 -0.04596
v -0.03635 0.00000 -0.08777
v -0.03492 0.45000 -0.08430
v -0.03348 0.90000 -0.08084
v -0.03205 1.35000 -0.07737
v -0.03061 1.80000 -0.07391
v -0.02918 2.25000 -0.07045
v -0.02774 2.70000 -0.06698
v -0.02631 3.15000 -0.06352
v -0.02487 3.60000 -0.06005
v -0.00000 0.00000 -0.09500
v -0.00000 0.45000 -0.09125
v -0.00000 0.90000 -0.08750
v -0.00000 1.35000 -0.08375
v -0.00000 1.80000 -0.08000
v -0.00000 2.25000 -0.07625
v -0.00000 2.70000 -0.07250
v -0.00000 3.15000 -0.06875
v -0.00000 3.60000 -0.06500
v 0.00000 3.60000 -0.05500
v 0.00000 3.65600 -0.05500
v 0.00000 3.71200 -0.05500
v 0.00000 3.76800 -0.05500
v 0.00000 3.82400 -0.05500
v 0.00000 3.88000 0.05500
v 0.07600 3.90800 0.05500
v 0.15200 3.93600 0.05500
v 0.22800 3.96400 0.05500
v 0.30400 3.99200 0.05500
v 0.38000 4.02000 0.05500
v 0.02750 3.60000 -0.04763
v 0.02750 3.65600 -0.04763
v 0.02750 3.71200 -0.04763
v 0.02750 3.76800 -0.04763
v 0.02750 3.82400 -0.04763
v -0.02039 3.89845 0.04763
v 0.06649 3.93380 0.04763
v 0.14249 3.96180 0.04763
v 0.21849 3.98980 0.04763
v 0.29449 4.01780 0.04763
v 0.37049 4.04580 0.04763
v 0.04763 3.60000 -0.02750
v 0.04763 3.65600 -0.02750
v 0.04763 3.71200 -0.02750
v 0.04763 3.76800 -0.02750
v 0.04763 3.82400 -0.02750
v -0.03532 3.91196 0.02750
v 0.05953 3.95269 0.02750
v 0.13553 3.98069 0.02750
v 0.21153 4.00869 0.02750
v 0.28753 4.03669 0.02750
v 0.36353 4.06469 0.02750
v 0.05500 3.60000 -0.00000
v 0.05500 3.65600 -0.00000
v 0.05500 3.71200 -0.00000
v 0.05500 3.76800 -0.00000
v 0.05500 3.82400 -0.00000
v -0.04078 3.91690 0.00000
v 0.05699 3.95961 0.00000
v 0.13299 3.98761 0.00000
v 0.20899 4.01561 0.00000
v 0.28499 4.04361 0.00000
v 0.36099 4.07161 0.00000
v 0.04763 3.60000 0.02750
v 0.04763 3.65600 0.02750
v 0.04763 3.71200 0.02750
v 0.04763 3.76800 0.02750
v 0.04763 3.82400 0.02750
v -0.03532 3.91196 -0.02750
v 0.05953 3.95269 -0.02750
v 0.13553 3.98069 -0.02750
v 0.21153 4.00869 -0.02750
v 0.28753 4.03669 -0.02750
v 0.36353 4.06469 -0.02750
v 0.02750 3.60000 0.04763
v 0.02750 3.65600 0.04763
v 0.02750 3.71200 0.04763
v 0.02750 3.76800 0.04763
v 0.02750 3.82400 0.04763
v -0.02039 3.89845 -0.04763
v 0.06649 3.93380 -0.04763
v 0.14249 3.96180 -0.04763
v 0.21849 3.98980 -0.04763
v 0.29449 4.01780 -0.04763
v 0.37049 4.04580 -0.04763
v 0.00000 3.60000 0.05500
v 0.00000 3.65600 0.05500
v 0.00000 3.71200 0.05500
v 0.00000 3.76800 0.05500
v 0.00000 3.82400 0.05500
v -0.00000 3.88000 -0.05500
v 0.07600 3.90800 -0.05500
v 0.15200 3.93600 -0.05500
v 0.22800 3.96400 -0.05500
v 0.30400 3.99200 -0.05500
v 0.38000 4.02000 -0.05500
v -0.02750 3.60000 0.04763
v -0.02750 3.65600 0.04763
v -0.02750 3.71200 0.04763
v -0.02750 3.76800 0.04763
v -0.02750 3.82400 0.04763
v 0.02039 3.86155 -0.04763
v 0.08551 3.88220 -0.04763
v 0.16151 3.91020 -0.04763
v 0.23751 3.93820 -0.04763
v 0.31351 3.96620 -0.04763
v 0.38951 3.99420 -0.04763
v -0.04763 3.60000 0.02750
v -0.04763 3.65600 0.02750
v -0.04763 3.71200 0.02750
v -0.04763 3.76800 0.02750
v -0.04763 3.82400 0.02750
v 0.03532 3.84804 -0.02750
v 0.09247 3.86331 -0.02750
v 0.16847 3.89131 -0.02750
v 0.24447 3.91931 -0.02750
v 0.32047 3.94731 -0.02750
v 0.39647 3.97531 -0.02750
v -0.05500 3.60000 0.00000
v -0.05500 3.65600 0.00000
v -0.05500 3.71200 0.00000
v -0.05500 3.76800 0.00000
v -0.05500 3.82400 0.00000
v 0.04078 3.84310 -0.00000
v 0.09501 3.85639 -0.00000
v 0.17101 3.88439 -0.00000
v 0.24701 3.91239 -0.00000
v 0.32301 3.94039 -0.00000
v 0.39901 3.96839 -0.00000
v -0.04763 3.60000 -0.02750
v -0.04763 3.65600 -0.02750
v -0.04763 3.71200 -0.02750
v -0.04763 3.76800 -0.02750
v -0.04763 3.82400 -0.02750
v 0.03532 3.84804 0.02750
v 0.09247 3.86331 0.02750
v 0.16847 3.89131 0.02750
v 0.24447 3.91931 0.02750
v 0.32047 3.94731 0.02750
v 0.39647 3.97531 0.02750
v -0.02750 3.60000 -0.04763
v -0.02750 3.65600 -0.04763
v -0.02750 3.71200 -0.04763
v -0.02750 3.76800 -0.04763
v -0.02750 3.82400 -0.04763
v 0.02039 3.86155 0.04763
v 0.08551 3.88220 0.04763
v 0.16151 3.91020 0.04763
v 0.23751 3.93820 0.04763
v 0.31351 3.96620 0.04763
v 0.38951 3.99420 0.04763
v -0.00000 3.60000 -0.05500
v -0.00000 3.65600 -0.05500
v -0.00000 3.71200 -0.05500
v -0.00000 3.76800 -0.05500
v -0.00000 3.82400 -0.05500
v 0.00000 3.88000 0.05500
v 0.07600 3.90800 0.05500
v 0.15200 3.93600 0.05500
v 0.22800 3.96400 0.05500
v 0.30400 3.99200 0.05500
v 0.38000 4.02000 0.05500
v 0.58000 4.06000 0.00000
v 0.60659 4.05877 0.00000
v 0.63253 4.05511 0.00000
v 0.65718 4.04910 0.00000
v 0.67992 4.04090 0.00000
v 0.70021 4.03071 0.00000
v 0.71753 4.01878 0.00000
v 0.73147 4.00540 0.00000
v 0.74168 3.99090 0.00000
v 0.74791 3.97564 0.00000
v 0.75000 3.96000 0.00000
v 0.74791 3.94436 0.00000
v 0.74168 3.92910 0.00000
v 0.73147 3.91460 0.00000
v 0.71753 3.90122 0.00000
v 0.70021 3.88929 0.00000
v 0.67992 3.87910 0.00000
v 0.65718 3.87090 0.00000
v 0.63253 3.86489 0.00000
v 0.60659 3.86123 0.00000
v 0.58000 3.86000 0.00000
v 0.58000 4.06000 0.00000
v 0.60601 4.05877 0.01171
v 0.63138 4.05511 0.02313
v 0.65549 4.04910 0.03398
v 0.67774 4.04090 0.04399
v 0.69758 4.03071 0.05293
v 0.71453 4.01878 0.06055
v 0.72816 4.00540 0.06669
v 0.73815 3.99090 0.07118
v 0.74424 3.97564 0.07393
v 0.74629 3.96000 0.07485
v 0.74424 3.94436 0.07393
v 0.73815 3.92910 0.07118
v 0.72816 3.91460 0.06669
v 0.71453 3.90122 0.06055
v 0.69758 3.88929 0.05293
v 0.67774 3.87910 0.04399
v 0.65549 3.87090 0.03398
v 0.63138 3.86489 0.02313
v 0.60601 3.86123 0.01171
v 0.58000 3.86000 0.00000
v 0.58000 4.06000 0.00000
v 0.60429 4.05877 0.02291
v 0.62799 4.05511 0.04525
v 0.65051 4.04910 0.06648
v 0.67128 4.04090 0.08607
v 0.68982 4.03071 0.10354
v 0.70564 4.01878 0.11846
v 0.71838 4.00540 0.13047
v 0.72770 3.99090 0.13926
v 0.73339 3.97564 0.14462
v 0.73530 3.96000 0.14643
v 0.73339 3.94436 0.14462
v 0.72770 3.92910 0.13926
v 0.71838 3.91460 0.13047
v 0.70564 3.90122 0.11846
v 0.68982 3.88929 0.10354
v 0.67128 3.87910 0.08607
v 0.65051 3.87090 0.06648
v 0.62799 3.86489 0.04525
v 0.60429 3.86123 0.02291
v 0.58000 3.86000 0.00000
v 0.58000 4.06000 0.00000
v 0.60151 4.05877 0.03310
v 0.62250 4.05511 0.06539
v 0.64244 4.04910 0.09607
v 0.66084 4.04090 0.12438
v 0.67725 4.03071 0.14963
v 0.69127 4.01878 0.17119
v 0.70254 4.00540 0.18854
v 0.71080 3.99090 0.20125
v 0.71584 3.97564 0.20900
v 0.71753 3.96000 0.21160
v 0.71584 3.94436 0.20900
v 0.71080 3.92910 0.20125
v 0.70254 3.91460 0.18854
v 0.69127 3.90122 0.17119
v 0.67725 3.88929 0.14963
v 0.66084 3.87910 0.12438
v 0.64244 3.87090 0.09607
v 0.62250 3.86489 0.06539
v 0.60151 3.86123 0.03310
v 0.58000 3.86000 0.00000
v 0.58000 4.06000 0.00000
v 0.59779 4.05877 0.04185
v 0.61515 4.05511 0.08267
v 0.63164 4.04910 0.12146
v 0.64686 4.04090 0.15725
v 0.66043 4.03071 0.18917
v 0.67203 4.01878 0.21644
v 0.68135 4.00540 0.23837
v 0.68818 3.99090 0.25444
v 0.69235 3.97564 0.26424
v 0.69375 3.96000 0.26753
v 0.69235 3.94436 0.26424
v 0.68818 3.92910 0.25444
v 0.68135 3.91460 0.23837
v 0.67203 3.90122 0.21644
v 0.66043 3.88929 0.18917
v 0.64686 3.87910 0.15725
v 0.63164 3.87090 0.12146
v 0.61515 3.86489 0.08267
v 0.59779 3.86123 0.04185
v 0.58000 3.86000 0.00000
v 0.58000 4.06000 0.00000
v 0.59330 4.05877 0.04877
v 0.60627 4.05511 0.09634
v 0.61859 4.04910 0.14154
v 0.62996 4.04090 0.18325
v 0.64010 4.03071 0.22045
v 0.64877 4.01878 0.25223
v 0.65574 4.00540 0.27779
v 0.66084 3.99090 0.29651
v 0.66395 3.97564 0.30793
v 0.66500 3.96000 0.31177
v 0.66395 3.94436 0.30793
v 0.66084 3.92910 0.29651
v 0.65574 3.91460 0.27779
v 0.64877 3.90122 0.25223
v 0.64010 3.88929 0.22045
v 0.62996 3.87910 0.18325
v 0.61859 3.87090 0.14154
v 0.60627 3.86489 0.09634
v 0.59330 3.86123 0.04877
v 0.58000 3.86000 0.00000
v 0.58000 4.06000 0.00000
v 0.58822 4.05877 0.05356
v 0.59623 4.05511 0.10580
v 0.60385 4.04910 0.15544
v 0.61088 4.04090 0.20125
v 0.61715 4.03071 0.24210
v 0.62250 4.01878 0.27699
v 0.62681 4.00540 0.30506
v 0.62996 3.99090 0.32562
v 0.63189 3.97564 0.33817
v 0.63253 3.96000 0.34238
v 0.63189 3.94436 0.33817
v 0.62996 3.92910 0.32562
v 0.62681 3.91460 0.30506
v 0.62250 3.90122 0.27699
v 0.61715 3.88929 0.24210
v 0.61088 3.87910 0.20125
v 0.60385 3.87090 0.15544
v 0.59623 3.86489 0.10580
v 0.58822 3.86123 0.05356
v 0.58000 3.86000 0.00000
v 0.58000 4.06000 0.00000
v 0.58278 4.05877 0.05601
v 0.58549 4.05511 0.11064
v 0.58807 4.04910 0.16254
v 0.59044 4.04090 0.21044
v 0.59257 4.03071 0.25316
v 0.59438 4.01878 0.28965
v 0.59583 4.00540 0.31901
v 0.59690 3.99090 0.34050
v 0.59755 3.97564 0.35362
v 0.59777 3.96000 0.35803
v 0.59755 3.94436 0.35362
v 0.59690 3.92910 0.34050
v 0.59583 3.91460 0.31901
v 0.59438 3.90122 0.28965
v 0.59257 3.88929 0.25316
v 0.59044 3.87910 0.21044
v 0.58807 3.87090 0.16254
v 0.58549 3.86489 0.11064
v 0.58278 3.86123 0.05601
v 0.58000 3.86000 0.00000
v 0.58000 4.06000 0.00000
v 0.57722 4.05877 0.05601
v 0.57451 4.05511 0.11064
v 0.57193 4.04910 0.16254
v 0.56956 4.04090 0.21044
v 0.56743 4.03071 0.25316
v 0.56562 4.01878 0.28965
v 0.56417 4.00540 0.31901
v 0.56310 3.99090 0.34050
v 0.56245 3.97564 0.35362
v 0.56223 3.96000 0.35803
v 0.56245 3.94436 0.35362
v 0.56310 3.92910 0.34050
v 0.56417 3.91460 0.31901
v 0.56562 3.90122 0.28965
v 0.56743 3.88929 0.25316
v 0.56956 3.87910 0.21044
v 0.57193 3.87090 0.16254
v 0.57451 3.86489 0.11064
v 0.57722 3.86123 0.05601
v 0.58000 3.86000 0.00000
v 0.58000 4.06000 0.00000
v 0.57178 4.05877 0.05356
v 0.56377 4.05511 0.10580
v 0.55615 4.04910 0.15544
v 0.54912 4.04090 0.20125
v 0.54285 4.03071 0.24210
v 0.53750 4.01878 0.27699
v 0.53319 4.00540 0.30506
v 0.53004 3.99090 0.32562
v 0.52811 3.97564 0.33817
v 0.52747 3.96000 0.34238
v 0.52811 3.94436 0.33817
v 0.53004 3.92910 0.32562
v 0.53319 3.91460 0.30506
v 0.53750 3.90122 0.27699
v 0.54285 3.88929 0.24210
v 0.54912 3.87910 0.20125
v 0.55615 3.87090 0.15544
v 0.56377 3.86489 0.10580
v 0.57178 3.86123 0.05356
v 0.58000 3.86000 0.00000
v 0.58000 4.06000 0.00000
v 0.56670 4.05877 0.04877
v 0.55373 4.05511 0.09634
v 0.54141 4.04910 0.14154
v 0.53004 4.04090 0.18325
v 0.51990 4.03071 0.22045
v 0.51123 4.01878 0.25223
v 0.50426 4.00540 0.27779
v 0.49916 3.99090 0.29651
v 0.49605 3.97564 0.30793
v 0.49500 3.96000 0.31177
v 0.49605 3.94436 0.30793
v 0.49916 3.92910 0.29651
v 0.50426 3.91460 0.27779
v 0.51123 3.90122 0.25223
v 0.51990 3.88929 0.22045
v 0.53004 3.87910 0.18325
v 0.54141 3.87090 0.14154
v 0.55373 3.86489 0.09634
v 0.56670 3.86123 0.04877
v 0.58000 3.86000 0.00000
v 0.58000 4.06000 0.00000
v 0.56221 4.05877 0.04185
v 0.54485 4.05511 0.08267
v 0.52836 4.04910 0.12146
v 0.51314 4.04090 0.15725
v 0.49957 4.03071 0.18917
v 0.48797 4.01878 0.21644
v 0.47865 4.00540 0.23837
v 0.47182 3.99090 0.25444
v 0.46765 3.97564 0.26424
v 0.46625 3.96000 0.26753
v 0.46765 3.94436 0.26424
v 0.47182 3.92910 0.25444
v 0.47865 3.91460 0.23837
v 0.48797 3.90122 0.21644
v 0.49957 3.88929 0.18917
v 0.51314 3.87910 0.15725
v 0.52836 3.87090 0.12146
v 0.54485 3.86489 0.08267
v 0.56221 3.86123 0.04185
v 0.58000 3.86000 0.00000
v 0.58000 4.06000 0.00000
v 0.55849 4.05877 0.03310
v 0.53750 4.05511 0.06539
v 0.51756 4.04910 0.09607
v 0.49916 4.04090 0.12438
v 0.48275 4.03071 0.14963
v 0.46873 4.01878 0.17119
v 0.45746 4.00540 0.18854
v 0.44920 3.99090 0.20125
v 0.44416 3.97564 0.20900
v 0.44247 3.96000 0.21160
v 0.44416 3.94436 0.20900
v 0.44920 3.92910 0.20125
v 0.45746 3.91460 0.18854
v 0.46873 3.90122 0.17119
v 0.48275 3.88929 0.14963
v 0.49916 3.87910 0.12438
v 0.51756 3.87090 0.09607
v 0.53750 3.86489 0.06539
v 0.55849 3.86123 0.03310
v 0.58000 3.86000 0.00000
v 0.58000 4.06000 0.00000
v 0.55571 4.05877 0.02291
v 0.53201 4.05511 0.04525
v 0.50949 4.04910 0.06648
v 0.48872 4.04090 0.08607
v 0.47018 4.03071 0.10354
v 0.45436 4.01878 0.11846
v 0.44162 4.00540 0.13047
v 0.43230 3.99090 0.13926
v 0.42661 3.97564 0.14462
v 0.42470 3.96000 0.14643
v 0.42661 3.94436 0.14462
v 0.43230 3.92910 0.13926
v 0.44162 3.91460 0.13047
v 0.45436 3.90122 0.11846
v 0.47018 3.88929 0.10354
v 0.48872 3.87910 0.08607
v 0.50949 3.87090 0.06648
v 0.53201 3.86489 0.04525
v 0.55571 3.86123 0.02291
v 0.58000 3.86000 0.00000
v 0.58000 4.06000 0.00000
v 0.55399 4.05877 0.01171
v 0.52862 4.05511 0.02313
v 0.50451 4.04910 0.03398
v 0.48226 4.04090 0.04399
v 0.46242 4.03071 0.05293
v 0.44547 4.01878 0.06055
v 0.43184 4.00540 0.06669
v 0.42185 3.99090 0.07118
v 0.41576 3.97564 0.07393
v 0.41371 3.96000 0.07485
v 0.41576 3.94436 0.07393
v 0.42185 3.92910 0.07118
v 0.43184 3.91460 0.06669
v 0.44547 3.90122 0.06055
v 0.46242 3.88929 0.05293
v 0.48226 3.87910 0.04399
v 0.50451 3.87090 0.03398
v 0.52862 3.86489 0.02313
v 0.55399 3.86123 0.01171
v 0.58000 3.86000 0.00000
v 0.58000 4.06000 0.00000
v 0.55341 4.05877 0.00000
v 0.52747 4.05511 0.00000
v 0.50282 4.04910 0.00000
v 0.48008 4.04090 0.00000
v 0.45979 4.03071 0.00000
v 0.44247 4.01878 0.00000
v 0.42853 4.00540 0.00000
v 0.41832 3.99090 0.00000
v 0.41209 3.97564 0.00000
v 0.41000 3.96000 0.00000
v 0.41209 3.94436 0.00000
v 0.41832 3.92910 0.00000
v 0.42853 3.91460 0.00000
v 0.44247 3.90122 0.00000
v 0.45979 3.88929 0.00000
v 0.48008 3.87910 0.00000
v 0.50282 3.87090 0.00000
v 0.52747 3.86489 0.00000
v 0.55341 3.86123 0.00000
v 0.58000 3.86000 0.00000
v 0.58000 4.06000 0.00000
v 0.55399 4.05877 -0.01171
v 0.52862 4.05511 -0.02313
v 0.50451 4.04910 -0.03398
v 0.48226 4.04090 -0.04399
v 0.46242 4.03071 -0.05293
v 0.44547 4.01878 -0.06055
v 0.43184 4.00540 -0.06669
v 0.42185 3.99090 -0.07118
v 0.41576 3.97564 -0.07393
v 0.41371 3.96000 -0.07485
v 0.41576 3.94436 -0.07393
v 0.42185 3.92910 -0.07118
v 0.43184 3.91460 -0.06669
v 0.44547 3.90122 -0.06055
v 0.46242 3.88929 -0.05293
v 0.48226 3.87910 -0.04399
v 0.50451 3.87090 -0.03398
v 0.52862 3.86489 -0.02313
v 0.55399 3.86123 -0.01171
v 0.58000 3.86000 -0.00000
v 0.58000 4.06000 0.00000
v 0.55571 4.05877 -0.02291
v 0.53201 4.05511 -0.04525
v 0.50949 4.04910 -0.06648
v 0.48872 4.04090 -0.08607
v 0.47018 4.03071 -0.10354
v 0.45436 4.01878 -0.11846
v 0.44162 4.00540 -0.13047
v 0.43230 3.99090 -0.13926
v 0.42661 3.97564 -0.14462
v 0.42470 3.96000 -0.14643
v 0.42661 3.94436 -0.14462
v 0.43230 3.92910 -0.13926
v 0.44162 3.91460 -0.13047
v 0.45436 3.90122 -0.11846
v 0.47018 3.88929 -0.10354
v 0.48872 3.87910 -0.08607
v 0.50949 3.87090 -0.06648
v 0.53201 3.86489 -0.04525
v 0.55571 3.86123 -0.02291
v 0.58000 3.86000 -0.00000
v 0.58000 4.06000 0.00000
v 0.55849 4.05877 -0.03310
v 0.53750 4.05511 -0.06539
v 0.51756 4.04910 -0.09607
v 0.49916 4.04090 -0.12438
v 0.48275 4.03071 -0.14963
v 0.46873 4.01878 -0.17119
v 0.45746 4.00540 -0.18854
v 0.44920 3.99090 -0.20125
v 0.44416 3.97564 -0.20900
v 0.44247 3.96000 -0.21160
v 0.44416 3.94436 -0.20900
v 0.44920 3.92910 -0.20125
v 0.45746 3.91460 -0.18854
v 0.46873 3.90122 -0.17119
v 0.48275 3.88929 -0.14963
v 0.49916 3.87910 -0.12438
v 0.51756 3.87090 -0.09607
v 0.53750 3.86489 -0.06539
v 0.55849 3.86123 -0.03310
v 0.58000 3.86000 -0.00000
v 0.58000 4.06000 0.00000
v 0.56221 4.05877 -0.04185
v 0.54485 4.05511 -0.08267
v 0.52836 4.04910 -0.12146
v 0.51314 4.04090 -0.15725
v 0.49957 4.03071 -0.18917
v 0.48797 4.01878 -0.21644
v 0.47865 4.00540 -0.23837
v 0.47182 3.99090 -0.25444
v 0.46765 3.97564 -0.26424
v 0.46625 3.96000 -0.26753
v 0.46765 3.94436 -0.26424
v 0.47182 3.92910 -0.25444
v 0.47865 3.91460 -0.23837
v 0.48797 3.90122 -0.21644
v 0.49957 3.88929 -0.18917
v 0.51314 3.87910 -0.15725
v 0.52836 3.87090 -0.12146
v 0.54485 3.86489 -0.08267
v 0.56221 3.86123 -0.04185
v 0.58000 3.86000 -0.00000
v 0.58000 4.06000 0.00000
v 0.56670 4.05877 -0.04877
v 0.55373 4.05511 -0.09634
v 0.54141 4.04910 -0.14154
v 0.53004 4.04090 -0.18325
v 0.51990 4.03071 -0.22045
v 0.51123 4.01878 -0.25223
v 0.50426 4.00540 -0.27779
v 0.49916 3.99090 -0.29651
v 0.49605 3.97564 -0.30793
v 0.49500 3.96000 -0.31177
v 0.49605 3.94436 -0.30793
v 0.49916 3.92910 -0.29651
v 0.50426 3.91460 -0.27779
v 0.51123 3.90122 -0.25223
v 0.51990 3.88929 -0.22045
v 0.53004 3.87910 -0.18325
v 0.54141 3.87090 -0.14154
v 0.55373 3.86489 -0.09634
v 0.56670 3.86123 -0.04877
v 0.58000 3.86000 -0.00000
v 0.58000 4.06000 0.00000
v 0.57178 4.05877 -0.05356
v 0.56377 4.05511 -0.10580
v 0.55615 4.04910 -0.15544
v 0.54912 4.04090 -0.20125
v 0.54285 4.03071 -0.24210
v 0.53750 4.01878 -0.27699
v 0.53319 4.00540 -0.30506
v 0.53004 3.99090 -0.32562
v 0.52811 3.97564 -0.33817
v 0.52747 3.96000 -0.34238
v 0.52811 3.94436 -0.33817
v 0.53004 3.92910 -0.32562
v 0.53319 3.91460 -0.30506
v 0.53750 3.90122 -0.27699
v 0.54285 3.88929 -0.24210
v 0.54912 3.87910 -0.20125
v 0.55615 3.87090 -0.15544
v 0.56377 3.86489 -0.10580
v 0.57178 3.86123 -0.05356
v 0.58000 3.86000 -0.00000
v 0.58000 4.06000 0.00000
v 0.57722 4.05877 -0.05601
v 0.57451 4.05511 -0.11064
v 0.57193 4.04910 -0.16254
v 0.56956 4.04090 -0.21044
v 0.56743 4.03071 -0.25316
v 0.56562 4.01878 -0.28965
v 0.56417 4.00540 -0.31901
v 0.56310 3.99090 -0.34050
v 0.56245 3.97564 -0.35362
v 0.56223 3.96000 -0.35803
v 0.56245 3.94436 -0.35362
v 0.56310 3.92910 -0.34050
v 0.56417 3.91460 -0.31901
v 0.56562 3.90122 -0.28965
v 0.56743 3.88929 -0.25316
v 0.56956 3.87910 -0.21044
v 0.57193 3.87090 -0.16254
v 0.57451 3.86489 -0.11064
v 0.57722 3.86123 -0.05601
v 0.58000 3.86000 -0.00000
v 0.58000 4.06000 0.00000
v 0.58278 4.05877 -0.05601
v 0.58549 4.05511 -0.11064
v 0.58807 4.04910 -0.16254
v 0.59044 4.04090 -0.21044
v 0.59257 4.03071 -0.25316
v 0.59438 4.01878 -0.28965
v 0.59583 4.00540 -0.31901
v 0.59690 3.99090 -0.34050
v 0.59755 3.97564 -0.35362
v 0.59777 3.96000 -0.35803
v 0.59755 3.94436 -0.35362
v 0.59690 3.92910 -0.34050
v 0.59583 3.91460 -0.31901
v 0.59438 3.90122 -0.28965
v 0.59257 3.88929 -0.25316
v 0.59044 3.87910 -0.21044
v 0.58807 3.87090 -0.16254
v 0.58549 3.86489 -0.11064
v 0.58278 3.86123 -0.05601
v 0.58000 3.86000 -0.00000
v 0.58000 4.06000 0.00000
v 0.58822 4.05877 -0.05356
v 0.59623 4.05511 -0.10580
v 0.60385 4.04910 -0.15544
v 0.61088 4.04090 -0.20125
v 0.61715 4.03071 -0.24210
v 0.62250 4.01878 -0.27699
v 0.62681 4.00540 -0.30506
v 0.62996 3.99090 -0.32562
v 0.63189 3.97564 -0.33817
v 0.63253 3.96000 -0.34238
v 0.63189 3.94436 -0.33817
v 0.62996 3.92910 -0.32562
v 0.62681 3.91460 -0.30506
v 0.62250 3.90122 -0.27699
v 0.61715 3.88929 -0.24210
v 0.61088 3.87910 -0.20125
v 0.60385 3.87090 -0.15544
v 0.59623 3.86489 -0.10580
v 0.58822 3.86123 -0.05356
v 0.58000 3.86000 -0.00000
v 0.58000 4.06000 0.00000
v 0.59330 4.05877 -0.04877
v 0.60627 4.05511 -0.09634
v 0.61859 4.04910 -0.14154
v 0.62996 4.04090 -0.18325
v 0.64010 4.03071 -0.22045
v 0.64877 4.01878 -0.25223
v 0.65574 4.00540 -0.27779
v 0.66084 3.99090 -0.29651
v 0.66395 3.97564 -0.30793
v 0.66500 3.96000 -0.31177
v 0.66395 3.94436 -0.30793
v 0.66084 3.92910 -0.29651
v 0.65574 3.91460 -0.27779
v 0.64877 3.90122 -0.25223
v 0.64010 3.88929 -0.22045
v 0.62996 3.87910 -0.18325
v 0.61859 3.87090 -0.14154
v 0.60627 3.86489 -0.09634
v 0.59330 3.86123 -0.04877
v 0.58000 3.86000 -0.00000
v 0.58000 4.06000 0.00000
v 0.59779 4.05877 -0.04185
v 0.61515 4.05511 -0.08267
v 0.63164 4.04910 -0.12146
v 0.64686 4.04090 -0.15725
v 0.66043 4.03071 -0.18917
v 0.67203 4.01878 -0.21644
v 0.68135 4.00540 -0.23837
v 0.68818 3.99090 -0.25444
v 0.69235 3.97564 -0.26424
v 0.69375 3.96000 -0.26753
v 0.69235 3.94436 -0.26424
v 0.68818 3.92910 -0.25444
v 0.68135 3.91460 -0.23837
v 0.67203 3.90122 -0.21644
v 0.66043 3.88929 -0.18917
v 0.64686 3.87910 -0.15725
v 0.63164 3.87090 -0.12146
v 0.61515 3.86489 -0.08267
v 0.59779 3.86123 -0.04185
v 0.58000 3.86000 -0.00000
v 0.58000 4.06000 0.00000
v 0.60151 4.05877 -0.03310
v 0.62250 4.05511 -0.06539
v 0.64244 4.04910 -0.09607
v 0.66084 4.04090 -0.12438
v 0.67725 4.03071 -0.14963
v 0.69127 4.01878 -0.17119
v 0.70254 4.00540 -0.18854
v 0.71080 3.99090 -0.20125
v 0.71584 3.97564 -0.20900
v 0.71753 3.96000 -0.21160
v 0.71584 3.94436 -0.20900
v 0.71080 3.92910 -0.20125
v 0.70254 3.91460 -0.18854
v 0.69127 3.90122 -0.17119
v 0.67725 3.88929 -0.14963
v 0.66084 3.87910 -0.12438
v 0.64244 3.87090 -0.09607
v 0.62250 3.86489 -0.06539
v 0.60151 3.86123 -0.03310
v 0.58000 3.86000 -0.00000
v 0.58000 4.06000 0.00000
v 0.60429 4.05877 -0.02291
v 0.62799 4.05511 -0.04525
v 0.65051 4.04910 -0.06648
v 0.67128 4.04090 -0.08607
v 0.68982 4.03071 -0.10354
v 0.70564 4.01878 -0.11846
v 0.71838 4.00540 -0.13047
v 0.72770 3.99090 -0.13926
v 0.73339 3.97564 -0.14462
v 0.73530 3.96000 -0.14643
v 0.73339 3.94436 -0.14462
v 0.72770 3.92910 -0.13926
v 0.71838 3.91460 -0.13047
v 0.70564 3.90122 -0.11846
v 0.68982 3.88929 -0.10354
v 0.67128 3.87910 -0.08607
v 0.65051 3.87090 -0.06648
v 0.62799 3.86489 -0.04525
v 0.60429 3.86123 -0.02291
v 0.58000 3.86000 -0.00000
v 0.58000 4.06000 0.00000
v 0.60601 4.05877 -0.01171
v 0.63138 4.05511 -0.02313
v 0.65549 4.04910 -0.03398
v 0.67774 4.04090 -0.04399
v 0.69758 4.03071 -0.05293
v 0.71453 4.01878 -0.06055
v 0.72816 4.00540 -0.06669
v 0.73815 3.99090 -0.07118
v 0.74424 3.97564 -0.07393
v 0.74629 3.96000 -0.07485
v 0.74424 3.94436 -0.07393
v 0.73815 3.92910 -0.07118
v 0.72816 3.91460 -0.06669
v 0.71453 3.90122 -0.06055
v 0.69758 3.88929 -0.05293
v 0.67774 3.87910 -0.04399
v 0.65549 3.87090 -0.03398
v 0.63138 3.86489 -0.02313
v 0.60601 3.86123 -0.01171
v 0.58000 3.86000 -0.00000
v 0.58000 4.06000 0.00000
v 0.60659 4.05877 -0.00000
v 0.63253 4.05511 -0.00000
v 0.65718 4.04910 -0.00000
v 0.67992 4.04090 -0.00000
v 0.70021 4.03071 -0.00000
v 0.71753 4.01878 -0.00000
v 0.73147 4.00540 -0.00000
v 0.74168 3.99090 -0.00000
v 0.74791 3.97564 -0.00000
v 0.75000 3.96000 -0.00000
v 0.74791 3.94436 -0.00000
v 0.74168 3.92910 -0.00000
v 0.73147 3.91460 -0.00000
v 0.71753 3.90122 -0.00000
v 0.70021 3.88929 -0.00000
v 0.67992 3.87910 -0.00000
v 0.65718 3.87090 -0.00000
v 0.63253 3.86489 -0.00000
v 0.60659 3.86123 -0.00000
v 0.58000 3.86000 -0.00000
vt 0.00000 0.00000
vt 0.00000 0.12500
vt 0.00000 0.25000
vt 0.00000 0.37500
vt 0.00000 0.50000
vt 0.00000 0.62500
vt 0.00000 0.75000
vt 0.00000 0.87500
vt 0.00000 1.00000
vt 0.06250 0.00000
vt 0.06250 0.12500
vt 0.06250 0.25000
vt 0.06250 0.37500
vt 0.06250 0.50000
vt 0.06250 0.62500
vt 0.06250 0.75000
vt 0.06250 0.87500
vt 0.06250 1.00000
vt 0.12500 0.00000
vt 0.12500 0.12500
vt 0.12500 0.25000
vt 0.12500 0.37500
vt 0.12500 0.50000
vt 0.12500 0.62500
vt 0.12500 0.75000
vt 0.12500 0.87500
vt 0.12500 1.00000
vt 0.18750 0.00000
vt 0.18750 0.12500
vt 0.18750 0.25000
vt 0.18750 0.37500
vt 0.18750 0.50000
vt 0.18750 0.62500
vt 0.18750 0.75000
vt 0.18750 0.87500
vt 0.18750 1.00000
vt 0.25000 0.00000
vt 0.25000 0.12500
vt 0.25000 0.25000
vt 0.25000 0.37500
vt 0.25000 0.50000
vt 0.25000 0.62500
vt 0.25000 0.75000
vt 0.25000 0.87500
vt 0.25000 1.00000
vt 0.31250 0.00000
vt 0.31250 0.12500
vt 0.31250 0.25000
vt 0.31250 0.37500
vt 0.31250 0.50000
vt 0.31250 0.62500
vt 0.31250 0.75000
vt 0.31250 0.87500
vt 0.31250 1.00000
vt 0.37500 0.00000
vt 0.37500 0.12500
vt 0.37500 0.25000
vt 0.37500 0.37500
vt 0.37500 0.50000
vt 0.37500 0.62500
vt 0.37500 0.75000
vt 0.37500 0.87500
vt 0.37500 1.00000
vt 0.43750 0.00000
vt 0.43750 0.12500
vt 0.43750 0.25000
vt 0.43750 0.37500
vt 0.43750 0.50000
vt 0.43750 0.62500
vt 0.43750 0.75000
vt 0.43750 0.87500
vt 0.43750 1.00000
vt 0.50000 0.00000
vt 0.50000 0.12500
vt 0.50000 0.25000
vt 0.50000 0.37500
vt 0.50000 0.50000
vt 0.50000 0.62500
vt 0.50000 0.75000
vt 0.50000 0.87500
vt 0.50000 1.00000
vt 0.56250 0.00000
vt 0.56250 0.12500
vt 0.56250 0.25000
vt 0.56250 0.37500
vt 0.56250 0.50000
vt 0.56250 0.62500
vt 0.56250 0.75000
vt 0.56250 0.87500
vt 0.56250 1.00000
vt 0.62500 0.00000
vt 0.62500 0.12500
vt 0.62500 0.25000
vt 0.62500 0.37500
vt 0.62500 0.50000
vt 0.62500 0.62500
vt 0.62500 0.75000
vt 0.62500 0.87500
vt 0.62500 1.00000
vt 0.68750 0.00000
vt 0.68750 0.12500
vt 0.68750 0.25000
vt 0.68750 0.37500
vt 0.68750 0.50000
vt 0.68750 0.62500
vt 0.68750 0.75000
vt 0.68750 0.87500
vt 0.68750 1.00000
vt 0.75000 0.00000
vt 0.75000 0.12500
vt 0.75000 0.25000
vt 0.75000 0.37500
vt 0.75000 0.50000
vt 0.75000 0.62500
vt 0.75000 0.75000
vt 0.75000 0.87500
vt 0.75000 1.00000
vt 0.81250 0.00000
vt 0.81250 0.12500
vt 0.81250 0.25000
vt 0.81250 0.37500
vt 0.81250 0.50000
vt 0.81250 0.62500
vt 0.81250 0.75000
vt 0.81250 0.87500
vt 0.81250 1.00000
vt 0.87500 0.00000
vt 0.87500 0.12500
vt 0.87500 0.25000
vt 0.87500 0.37500
vt 0.87500 0.50000
vt 0.87500 0.62500
vt 0.87500 0.75000
vt 0.87500 0.87500
vt 0.87500 1.00000
vt 0.93750 0.00000
vt 0.93750 0.12500
vt 0.93750 0.25000
vt 0.93750 0.37500
vt 0.93750 0.50000
vt 0.93750 0.62500
vt 0.93750 0.75000
vt 0.93750 0.87500
vt 0.93750 1.00000
vt 1.00000 0.00000
vt 1.00000 0.12500
vt 1.00000 0.25000
vt 1.00000 0.37500
vt 1.00000 0.50000
vt 1.00000 0.62500
vt 1.00000 0.75000
vt 1.00000 0.87500
vt 1.00000 1.00000
vt 0.00000 0.00000
vt 0.00000 0.10000
vt 0.00000 0.20000
vt 0.00000 0.30000
vt 0.00000 0.40000
vt 0.00000 0.50000
vt 0.00000 0.60000
vt 0.00000 0.70000
vt 0.00000 0.80000
vt 0.00000 0.90000
vt 0.00000 1.00000
vt 0.08333 0.00000
vt 0.08333 0.10000
vt 0.08333 0.20000
vt 0.08333 0.30000
vt 0.08333 0.40000
vt 0.08333 0.50000
vt 0.08333 0.60000
vt 0.08333 0.70000
vt 0.08333 0.80000
vt 0.08333 0.90000
vt 0.08333 1.00000
vt 0.16667 0.00000
vt 0.16667 0.10000
vt 0.16667 0.20000
vt 0.16667 0.30000
vt 0.16667 0.40000
vt 0.16667 0.50000
vt 0.16667 0.60000
vt 0.16667 0.70000
vt 0.16667 0.80000
vt 0.16667 0.90000
vt 0.16667 1.00000
vt 0.25000 0.00000
vt 0.25000 0.10000
vt 0.25000 0.20000
vt 0.25000 0.30000
vt 0.25000 0.40000
vt 0.25000 0.50000
vt 0.25000 0.60000
vt 0.25000 0.70000
vt 0.25000 0.80000
vt 0.25000 0.90000
vt 0.25000 1.00000
vt 0.33333 0.00000
vt 0.33333 0.10000
vt 0.33333 0.20000
vt 0.33333 0.30000
vt 0.33333 0.40000
vt 0.33333 0.50000
vt 0.33333 0.60000
vt 0.33333 0.70000
vt 0.33333 0.80000
vt 0.33333 0.90000
vt 0.33333 1.00000
vt 0.41667 0.00000
vt 0.41667 0.10000
vt 0.41667 0.20000
vt 0.41667 0.30000
vt 0.41667 0.40000
vt 0.41667 0.50000
vt 0.41667 0.60000
vt 0.41667 0.70000
vt 0.41667 0.80000
vt 0.41667 0.90000
vt 0.41667 1.00000
vt 0.50000 0.00000
vt 0.50000 0.10000
vt 0.50000 0.20000
vt 0.50000 0.30000
vt 0.50000 0.40000
vt 0.50000 0.50000
vt 0.50000 0.60000
vt 0.50000 0.70000
vt 0.50000 0.80000
vt 0.50000 0.90000
vt 0.50000 1.00000
vt 0.58333 0.00000
vt 0.58333 0.10000
vt 0.58333 0.20000
vt 0.58333 0.30000
vt 0.58333 0.40000
vt 0.58333 0.50000
vt 0.58333 0.60000
vt 0.58333 0.70000
vt 0.58333 0.80000
vt 0.58333 0.90000
vt 0.58333 1.00000
vt 0.66667 0.00000
vt 0.66667 0.10000
vt 0.66667 0.20000
vt 0.66667 0.30000
vt 0.66667 0.40000
vt 0.66667 0.50000
vt 0.66667 0.60000
vt 0.66667 0.70000
vt 0.66667 0.80000
vt 0.66667 0.90000
vt 0.66667 1.00000
vt 0.75000 0.00000
vt 0.75000 0.10000
vt 0.75000 0.20000
vt 0.75000 0.30000
vt 0.75000 0.40000
vt 0.75000 0.50000
vt 0.75000 0.60000
vt 0.75000 0.70000
vt 0.75000 0.80000
vt 0.75000 0.90000
vt 0.75000 1.00000
vt 0.83333 0.00000
vt 0.83333 0.10000
vt 0.83333 0.20000
vt 0.83333 0.30000
vt 0.83333 0.40000
vt 0.83333 0.50000
vt 0.83333 0.60000
vt 0.83333 0.70000
vt 0.83333 0.80000
vt 0.83333 0.90000
vt 0.83333 1.00000
vt 0.91667 0.00000
vt 0.91667 0.10000
vt 0.91667 0.20000
vt 0.91667 0.30000
vt 0.91667 0.40000
vt 0.91667 0.50000
vt 0.91667 0.60000
vt 0.91667 0.70000
vt 0.91667 0.80000
vt 0.91667 0.90000
vt 0.91667 1.00000
vt 1.00000 0.00000
vt 1.00000 0.10000
vt 1.00000 0.20000
vt 1.00000 0.30000
vt 1.00000 0.40000
vt 1.00000 0.50000
vt 1.00000 0.60000
vt 1.00000 0.70000
vt 1.00000 0.80000
vt 1.00000 0.90000
vt 1.00000 1.00000
vt 0.00000 0.00000
vt 0.00000 0.05000
vt 0.00000 0.10000
vt 0.00000 0.15000
vt 0.00000 0.20000
vt 0.00000 0.25000
vt 0.00000 0.30000
vt 0.00000 0.35000
vt 0.00000 0.40000
vt 0.00000 0.45000
vt 0.00000 0.50000
vt 0.00000 0.55000
vt 0.00000 0.60000
vt 0.00000 0.65000
vt 0.00000 0.70000
vt 0.00000 0.75000
vt 0.00000 0.80000
vt 0.00000 0.85000
vt 0.00000 0.90000
vt 0.00000 0.95000
vt 0.00000 1.00000
vt 0.03333 0.00000
vt 0.03333 0.05000
vt 0.03333 0.10000
vt 0.03333 0.15000
vt 0.03333 0.20000
vt 0.03333 0.25000
vt 0.03333 0.30000
vt 0.03333 0.35000
vt 0.03333 0.40000
vt 0.03333 0.45000
vt 0.03333 0.50000
vt 0.03333 0.55000
vt 0.03333 0.60000
vt 0.03333 0.65000
vt 0.03333 0.70000
vt 0.03333 0.75000
vt 0.03333 0.80000
vt 0.03333 0.85000
vt 0.03333 0.90000
vt 0.03333 0.95000
vt 0.03333 1.00000
vt 0.06667 0.00000
vt 0.06667 0.05000
vt 0.06667 0.10000
vt 0.06667 0.15000
vt 0.06667 0.20000
vt 0.06667 0.25000
vt 0.06667 0.30000
vt 0.06667 0.35000
vt 0.06667 0.40000
vt 0.06667 0.45000
vt 0.06667 0.50000
vt 0.06667 0.55000
vt 0.06667 0.60000
vt 0.06667 0.65000
vt 0.06667 0.70000
vt 0.06667 0.75000
vt 0.06667 0.80000
vt 0.06667 0.85000
vt 0.06667 0.90000
vt 0.06667 0.95000
vt 0.06667 1.00000
vt 0.10000 0.00000
vt 0.10000 0.05000
vt 0.10000 0.10000
vt 0.10000 0.15000
vt 0.10000 0.20000
vt 0.10000 0.25000
vt 0.10000 0.30000
vt 0.10000 0.35000
vt 0.10000 0.40000
vt 0.10000 0.45000
vt 0.10000 0.50000
vt 0.10000 0.55000
vt 0.10000 0.60000
vt 0.10000 0.65000
vt 0.10000 0.70000
vt 0.10000 0.75000
vt 0.10000 0.80000
vt 0.10000 0.85000
vt 0.10000 0.90000
vt 0.10000 0.95000
vt 0.10000 1.00000
vt 0.13333 0.00000
vt 0.13333 0.05000
vt 0.13333 0.10000
vt 0.13333 0.15000
vt 0.13333 0.20000
vt 0.13333 0.25000
vt 0.13333 0.30000
vt 0.13333 0.35000
vt 0.13333 0.40000
vt 0.13333 0.45000
vt 0.13333 0.50000
vt 0.13333 0.55000
vt 0.13333 0.60000
vt 0.13333 0.65000
vt 0.13333 0.70000
vt 0.13333 0.75000
vt 0.13333 0.80000
vt 0.13333 0.85000
vt 0.13333 0.90000
vt 0.13333 0.95000
vt 0.13333 1.00000
vt 0.16667 0.00000
vt 0.16667 0.05000
vt 0.16667 0.10000
vt 0.16667 0.15000
vt 0.16667 0.20000
vt 0.16667 0.25000
vt 0.16667 0.30000
vt 0.16667 0.35000
vt 0.16667 0.40000
vt 0.16667 0.45000
vt 0.16667 0.50000
vt 0.16667 0.55000
vt 0.16667 0.60000
vt 0.16667 0.65000
vt 0.16667 0.70000
vt 0.16667 0.75000
vt 0.16667 0.80000
vt 0.16667 0.85000
vt 0.16667 0.90000
vt 0.16667 0.95000
vt 0.16667 1.00000
vt 0.20000 0.00000
vt 0.20000 0.05000
vt 0.20000 0.10000
vt 0.20000 0.15000
vt 0.20000 0.20000
vt 0.20000 0.25000
vt 0.20000 0.30000
vt 0.20000 0.35000
vt 0.20000 0.40000
vt 0.20000 0.45000
vt 0.20000 0.50000
vt 0.20000 0.55000
vt 0.20000 0.60000
vt 0.20000 0.65000
vt 0.20000 0.70000
vt 0.20000 0.75000
vt 0.20000 0.80000
vt 0.20000 0.85000
vt 0.20000 0.90000
vt 0.20000 0.95000
vt 0.20000 1.00000
vt 0.23333 0.00000
vt 0.23333 0.05000
vt 0.23333 0.10000
vt 0.23333 0.15000
vt 0.23333 0.20000
vt 0.23333 0.25000
vt 0.23333 0.30000
vt 0.23333 0.35000
vt 0.23333 0.40000
vt 0.23333 0.45000
vt 0.23333 0.50000
vt 0.23333 0.55000
vt 0.23333 0.60000
vt 0.23333 0.65000
vt 0.23333 0.70000
vt 0.23333 0.75000
vt 0.23333 0.80000
vt 0.23333 0.85000
vt 0.23333 0.90000
vt 0.23333 0.95000
vt 0.23333 1.00000
vt 0.26667 0.00000
vt 0.26667 0.05000
vt 0.26667 0.10000
vt 0.26667 0.15000
vt 0.26667 0.20000
vt 0.26667 0.25000
vt 0.26667 0.30000
vt 0.26667 0.35000
vt 0.26667 0.40000
vt 0.26667 0.45000
vt 0.26667 0.50000
vt 0.26667 0.55000
vt 0.26667 0.60000
vt 0.26667 0.65000
vt 0.26667 0.70000
vt 0.26667 0.75000
vt 0.26667 0.80000
vt 0.26667 0.85000
vt 0.26667 0.90000
vt 0.26667 0.95000
vt 0.26667 1.00000
vt 0.30000 0.00000
vt 0.30000 0.05000
vt 0.30000 0.10000
vt 0.30000 0.15000
vt 0.30000 0.20000
vt 0.30000 0.25000
vt 0.30000 0.30000
vt 0.30000 0.35000
vt 0.30000 0.40000
vt 0.30000 0.45000
vt 0.30000 0.50000
vt 0.30000 0.55000
vt 0.30000 0.60000
vt 0.30000 0.65000
vt 0.30000 0.70000
vt 0.30000 0.75000
vt 0.30000 0.80000
vt 0.30000 0.85000
vt 0.30000 0.90000
vt 0.30000 0.95000
vt 0.30000 1.00000
vt 0.33333 0.00000
vt 0.33333 0.05000
vt 0.33333 0.10000
vt 0.33333 0.15000
vt 0.33333 0.20000
vt 0.33333 0.25000
vt 0.33333 0.30000
vt 0.33333 0.35000
vt 0.33333 0.40000
vt 0.33333 0.45000
vt 0.33333 0.50000
vt 0.33333 0.55000
vt 0.33333 0.60000
vt 0.33333 0.65000
vt 0.33333 0.70000
vt 0.33333 0.75000
vt 0.33333 0.80000
vt 0.33333 0.85000
vt 0.33333 0.90000
vt 0.33333 0.95000
vt 0.33333 1.00000
vt 0.36667 0.00000
vt 0.36667 0.05000
vt 0.36667 0.10000
vt 0.36667 0.15000
vt 0.36667 0.20000
vt 0.36667 0.25000
vt 0.36667 0.30000
vt 0.36667 0.35000
vt 0.36667 0.40000
vt 0.36667 0.45000
vt 0.36667 0.50000
vt 0.36667 0.55000
vt 0.36667 0.60000
vt 0.36667 0.65000
vt 0.36667 0.70000
vt 0.36667 0.75000
vt 0.36667 0.80000
vt 0.36667 0.85000
vt 0.36667 0.90000
vt 0.36667 0.95000
vt 0.36667 1.00000
vt 0.40000 0.00000
vt 0.40000 0.05000
vt 0.40000 0.10000
vt 0.40000 0.15000
vt 0.40000 0.20000
vt 0.40000 0.25000
vt 0.40000 0.30000
vt 0.40000 0.35000
vt 0.40000 0.40000
vt 0.40000 0.45000
vt 0.40000 0.50000
vt 0.40000 0.55000
vt 0.40000 0.60000
vt 0.40000 0.65000
vt 0.40000 0.70000
vt 0.40000 0.75000
vt 0.40000 0.80000
vt 0.40000 0.85000
vt 0.40000 0.90000
vt 0.40000 0.95000
vt 0.40000 1.00000
vt 0.43333 0.00000
vt 0.43333 0.05000
vt 0.43333 0.10000
vt 0.43333 0.15000
vt 0.43333 0.20000
vt 0.43333 0.25000
vt 0.43333 0.30000
vt 0.43333 0.35000
vt 0.43333 0.40000
vt 0.43333 0.45000
vt 0.43333 0.50000
vt 0.43333 0.55000
vt 0.43333 0.60000
vt 0.43333 0.65000
vt 0.43333 0.70000
vt 0.43333 0.75000
vt 0.43333 0.80000
vt 0.43333 0.85000
vt 0.43333 0.90000
vt 0.43333 0.95000
vt 0.43333 1.00000
vt 0.46667 0.00000
vt 0.46667 0.05000
vt 0.46667 0.10000
vt 0.46667 0.15000
vt 0.46667 0.20000
vt 0.46667 0.25000
vt 0.46667 0.30000
vt 0.46667 0.35000
vt 0.46667 0.40000
vt 0.46667 0.45000
vt 0.46667 0.50000
vt 0.46667 0.55000
vt 0.46667 0.60000
vt 0.46667 0.65000
vt 0.46667 0.70000
vt 0.46667 0.75000
vt 0.46667 0.80000
vt 0.46667 0.85000
vt 0.46667 0.90000
vt 0.46667 0.95000
vt 0.46667 1.00000
vt 0.50000 0.00000
vt 0.50000 0.05000
vt 0.50000 0.10000
vt 0.50000 0.15000
vt 0.50000 0.20000
vt 0.50000 0.25000
vt 0.50000 0.30000
vt 0.50000 0.35000
vt 0.50000 0.40000
vt 0.50000 0.45000
vt 0.50000 0.50000
vt 0.50000 0.55000
vt 0.50000 0.60000
vt 0.50000 0.65000
vt 0.50000 0.70000
vt 0.50000 0.75000
vt 0.50000 0.80000
vt 0.50000 0.85000
vt 0.50000 0.90000
vt 0.50000 0.95000
vt 0.50000 1.00000
vt 0.53333 0.00000
vt 0.53333 0.05000
vt 0.53333 0.10000
vt 0.53333 0.15000
vt 0.53333 0.20000
vt 0.53333 0.25000
vt 0.53333 0.30000
vt 0.53333 0.35000
vt 0.53333 0.40000
vt 0.53333 0.45000
vt 0.53333 0.50000
vt 0.53333 0.55000
vt 0.53333 0.60000
vt 0.53333 0.65000
vt 0.53333 0.70000
vt 0.53333 0.75000
vt 0.53333 0.80000
vt 0.53333 0.85000
vt 0.53333 0.90000
vt 0.53333 0.95000
vt 0.53333 1.00000
vt 0.56667 0.00000
vt 0.56667 0.05000
vt 0.56667 0.10000
vt 0.56667 0.15000
vt 0.56667 0.20000
vt 0.56667 0.25000
vt 0.56667 0.30000
vt 0.56667 0.35000
vt 0.56667 0.40000
vt 0.56667 0.45000
vt 0.56667 0.50000
vt 0.56667 0.55000
vt 0.56667 0.60000
vt 0.56667 0.65000
vt 0.56667 0.70000
vt 0.56667 0.75000
vt 0.56667 0.80000
vt 0.56667 0.85000
vt 0.56667 0.90000
vt 0.56667 0.95000
vt 0.56667 1.00000
vt 0.60000 0.00000
vt 0.60000 0.05000
vt 0.60000 0.10000
vt 0.60000 0.15000
vt 0.60000 0.20000
vt 0.60000 0.25000
vt 0.60000 0.30000
vt 0.60000 0.35000
vt 0.60000 0.40000
vt 0.60000 0.45000
vt 0.60000 0.50000
vt 0.60000 0.55000
vt 0.60000 0.60000
vt 0.60000 0.65000
vt 0.60000 0.70000
vt 0.60000 0.75000
vt 0.60000 0.80000
vt 0.60000 0.85000
vt 0.60000 0.90000
vt 0.60000 0.95000
vt 0.60000 1.00000
vt 0.63333 0.00000
vt 0.63333 0.05000
vt 0.63333 0.10000
vt 0.63333 0.15000
vt 0.63333 0.20000
vt 0.63333 0.25000
vt 0.63333 0.30000
vt 0.63333 0.35000
vt 0.63333 0.40000
vt 0.63333 0.45000
vt 0.63333 0.50000
vt 0.63333 0.55000
vt 0.63333 0.60000
vt 0.63333 0.65000
vt 0.63333 0.70000
vt 0.63333 0.75000
vt 0.63333 0.80000
vt 0.63333 0.85000
vt 0.63333 0.90000
vt 0.63333 0.95000
vt 0.63333 1.00000
vt 0.66667 0.00000
vt 0.66667 0.05000
vt 0.66667 0.10000
vt 0.66667 0.15000
vt 0.66667 0.20000
vt 0.66667 0.25000
vt 0.66667 0.30000
vt 0.66667 0.35000
vt 0.66667 0.40000
vt 0.66667 0.45000
vt 0.66667 0.50000
vt 0.66667 0.55000
vt 0.66667 0.60000
vt 0.66667 0.65000
vt 0.66667 0.70000
vt 0.66667 0.75000
vt 0.66667 0.80000
vt 0.66667 0.85000
vt 0.66667 0.90000
vt 0.66667 0.95000
vt 0.66667 1.00000
vt 0.70000 0.00000
vt 0.70000 0.05000
vt 0.70000 0.10000
vt 0.70000 0.15000
vt 0.70000 0.20000
vt 0.70000 0.25000
vt 0.70000 0.30000
vt 0.70000 0.35000
vt 0.70000 0.40000
vt 0.70000 0.45000
vt 0.70000 0.50000
vt 0.70000 0.55000
vt 0.70000 0.60000
vt 0.70000 0.65000
vt 0.70000 0.70000
vt 0.70000 0.75000
vt 0.70000 0.80000
vt 0.70000 0.85000
vt 0.70000 0.90000
vt 0.70000 0.95000
vt 0.70000 1.00000
vt 0.73333 0.00000
vt 0.73333 0.05000
vt 0.73333 0.10000
vt 0.73333 0.15000
vt 0.73333 0.20000
vt 0.73333 0.25000
vt 0.73333 0.30000
vt 0.73333 0.35000
vt 0.73333 0.40000
vt 0.73333 0.45000
vt 0.73333 0.50000
vt 0.73333 0.55000
vt 0.73333 0.60000
vt 0.73333 0.65000
vt 0.73333 0.70000
vt 0.73333 0.75000
vt 0.73333 0.80000
vt 0.73333 0.85000
vt 0.73333 0.90000
vt 0.73333 0.95000
vt 0.73333 1.00000
vt 0.76667 0.00000
vt 0.76667 0.05000
vt 0.76667 0.10000
vt 0.76667 0.15000
vt 0.76667 0.20000
vt 0.76667 0.25000
vt 0.76667 0.30000
vt 0.76667 0.35000
vt 0.76667 0.40000
vt 0.76667 0.45000
vt 0.76667 0.50000
vt 0.76667 0.55000
vt 0.76667 0.60000
vt 0.76667 0.65000
vt 0.76667 0.70000
vt 0.76667 0.75000
vt 0.76667 0.80000
vt 0.76667 0.85000
vt 0.76667 0.90000
vt 0.76667 0.95000
vt 0.76667 1.00000
vt 0.80000 0.00000
vt 0.80000 0.05000
vt 0.80000 0.10000
vt 0.80000 0.15000
vt 0.80000 0.20000
vt 0.80000 0.25000
vt 0.80000 0.30000
vt 0.80000 0.35000
vt 0.80000 0.40000
vt 0.80000 0.45000
vt 0.80000 0.50000
vt 0.80000 0.55000
vt 0.80000 0.60000
vt 0.80000 0.65000
vt 0.80000 0.70000
vt 0.80000 0.75000
vt 0.80000 0.80000
vt 0.80000 0.85000
vt 0.80000 0.90000
vt 0.80000 0.95000
vt 0.80000 1.00000
vt 0.83333 0.00000
vt 0.83333 0.05000
vt 0.83333 0.10000
vt 0.83333 0.15000
vt 0.83333 0.20000
vt 0.83333 0.25000
vt 0.83333 0.30000
vt 0.83333 0.35000
vt 0.83333 0.40000
vt 0.83333 0.45000
vt 0.83333 0.50000
vt 0.83333 0.55000
vt 0.83333 0.60000
vt 0.83333 0.65000
vt 0.83333 0.70000
vt 0.83333 0.75000
vt 0.83333 0.80000
vt 0.83333 0.85000
vt 0.83333 0.90000
vt 0.83333 0.95000
vt 0.83333 1.00000
vt 0.86667 0.00000
vt 0.86667 0.05000
vt 0.86667 0.10000
vt 0.86667 0.15000
vt 0.86667 0.20000
vt 0.86667 0.25000
vt 0.86667 0.30000
vt 0.86667 0.35000
vt 0.86667 0.40000
vt 0.86667 0.45000
vt 0.86667 0.50000
vt 0.86667 0.55000
vt 0.86667 0.60000
vt 0.86667 0.65000
vt 0.86667 0.70000
vt 0.86667 0.75000
vt 0.86667 0.80000
vt 0.86667 0.85000
vt 0.86667 0.90000
vt 0.86667 0.95000
vt 0.86667 1.00000
vt 0.90000 0.00000
vt 0.90000 0.05000
vt 0.90000 0.10000
vt 0.90000 0.15000
vt 0.90000 0.20000
vt 0.90000 0.25000
vt 0.90000 0.30000
vt 0.90000 0.35000
vt 0.90000 0.40000
vt 0.90000 0.45000
vt 0.90000 0.50000
vt 0.90000 0.55000
vt 0.90000 0.60000
vt 0.90000 0.65000
vt 0.90000 0.70000
vt 0.90000 0.75000
vt 0.90000 0.80000
vt 0.90000 0.85000
vt 0.90000 0.90000
vt 0.90000 0.95000
vt 0.90000 1.00000
vt 0.93333 0.00000
vt 0.93333 0.05000
vt 0.93333 0.10000
vt 0.93333 0.15000
vt 0.93333 0.20000
vt 0.93333 0.25000
vt 0.93333 0.30000
vt 0.93333 0.35000
vt 0.93333 0.40000
vt 0.93333 0.45000
vt 0.93333 0.50000
vt 0.93333 0.55000
vt 0.93333 0.60000
vt 0.93333 0.65000
vt 0.93333 0.70000
vt 0.93333 0.75000
vt 0.93333 0.80000
vt 0.93333 0.85000
vt 0.93333 0.90000
vt 0.93333 0.95000
vt 0.93333 1.00000
vt 0.96667 0.00000
vt 0.96667 0.05000
vt 0.96667 0.10000
vt 0.96667 0.15000
vt 0.96667 0.20000
vt 0.96667 0.25000
vt 0.96667 0.30000
vt 0.96667 0.35000
vt 0.96667 0.40000
vt 0.96667 0.45000
vt 0.96667 0.50000
vt 0.96667 0.55000
vt 0.96667 0.60000
vt 0.96667 0.65000
vt 0.96667 0.70000
vt 0.96667 0.75000
vt 0.96667 0.80000
vt 0.96667 0.85000
vt 0.96667 0.90000
vt 0.96667 0.95000
vt 0.96667 1.00000
vt 1.00000 0.00000
vt 1.00000 0.05000
vt 1.00000 0.10000
vt 1.00000 0.15000
vt 1.00000 0.20000
vt 1.00000 0.25000
vt 1.00000 0.30000
vt 1.00000 0.35000
vt 1.00000 0.40000
vt 1.00000 0.45000
vt 1.00000 0.50000
vt 1.00000 0.55000
vt 1.00000 0.60000
vt 1.00000 0.65000
vt 1.00000 0.70000
vt 1.00000 0.75000
vt 1.00000 0.80000
vt 1.00000 0.85000
vt 1.00000 0.90000
vt 1.00000 0.95000
vt 1.00000 1.00000
vn -0.00314 -0.00833 0.99996
vn -0.00314 -0.00833 0.99996
vn -0.00314 -0.00833 0.99996
vn -0.00314 -0.00833 0.99996
vn -0.00314 -0.00833 0.99996
vn -0.00314 -0.00833 0.99996
vn -0.00314 -0.00833 0.99996
vn -0.00314 -0.00833 0.99996
vn -0.00314 -0.00833 0.99996
vn -0.38267 -0.00833 0.92385
vn -0.38267 -0.00833 0.92385
vn -0.38267 -0.00833 0.92385
vn -0.38267 -0.00833 0.92385
vn -0.38267 -0.00833 0.92385
vn -0.38267 -0.00833 0.92385
vn -0.38267 -0.00833 0.92385
vn -0.38267 -0.00833 0.92385
vn -0.38267 -0.00833 0.92385
vn -0.70708 -0.00833 0.70708
vn -0.70708 -0.00833 0.70708
vn -0.70708 -0.00833 0.70708
vn -0.70708 -0.00833 0.70708
vn -0.70708 -0.00833 0.70708
vn -0.70708 -0.00833 0.70708
vn -0.70708 -0.00833 0.70708
vn -0.70708 -0.00833 0.70708
vn -0.70708 -0.00833 0.70708
vn -0.92385 -0.00833 0.38267
vn -0.92385 -0.00833 0.38267
vn -0.92385 -0.00833 0.38267
vn -0.92385 -0.00833 0.38267
vn -0.92385 -0.00833 0.38267
vn -0.92385 -0.00833 0.38267
vn -0.92385 -0.00833 0.38267
vn -0.92385 -0.00833 0.38267
vn -0.92385 -0.00833 0.38267
vn -0.99997 -0.00833 0.00000
vn -0.99997 -0.00833 0.00000
vn -0.99997 -0.00833 0.00000
vn -0.99997 -0.00833 0.00000
vn -0.99997 -0.00833 0.00000
vn -0.99997 -0.00833 0.00000
vn -0.99997 -0.00833 0.00000
vn -0.99997 -0.00833 0.00000
vn -0.99997 -0.00833 0.00000
vn -0.92385 -0.00833 -0.38267
vn -0.92385 -0.00833 -0.38267
vn -0.92385 -0.00833 -0.38267
vn -0.92385 -0.00833 -0.38267
vn -0.92385 -0.00833 -0.38267
vn -0.92385 -0.00833 -0.38267
vn -0.92385 -0.00833 -0.38267
vn -0.92385 -0.00833 -0.38267
vn -0.92385 -0.00833 -0.38267
vn -0.70708 -0.00833 -0.70708
vn -0.70708 -0.00833 -0.70708
vn -0.70708 -0.00833 -0.70708
vn -0.70708 -0.00833 -0.70708
vn -0.70708 -0.00833 -0.70708
vn -0.70708 -0.00833 -0.70708
vn -0.70708 -0.00833 -0.70708
vn -0.70708 -0.00833 -0.70708
vn -0.70708 -0.00833 -0.70708
vn -0.38267 -0.00833 -0.92385
vn -0.38267 -0.00833 -0.92385
vn -0.38267 -0.00833 -0.92385
vn -0.38267 -0.00833 -0.92385
vn -0.38267 -0.00833 -0.92385
vn -0.38267 -0.00833 -0.92385
vn -0.38267 -0.00833 -0.92385
vn -0.38267 -0.00833 -0.92385
vn -0.38267 -0.00833 -0.92385
vn -0.00000 -0.00833 -0.99997
vn -0.00000 -0.00833 -0.99997
vn -0.00000 -0.00833 -0.99997
vn -0.00000 -0.00833 -0.99997
vn -0.00000 -0.00833 -0.99997
vn -0.00000 -0.00833 -0.99997
vn -0.00000 -0.00833 -0.99997
vn -0.00000 -0.00833 -0.99997
vn -0.00000 -0.00833 -0.99997
vn 0.38267 -0.00833 -0.92385
vn 0.38267 -0.00833 -0.92385
vn 0.38267 -0.00833 -0.92385
vn 0.38267 -0.00833 -0.92385
vn 0.38267 -0.00833 -0.92385
vn 0.38267 -0.00833 -0.92385
vn 0.38267 -0.00833 -0.92385
vn 0.38267 -0.00833 -0.92385
vn 0.38267 -0.00833 -0.92385
vn 0.70708 -0.00833 -0.70708
vn 0.70708 -0.00833 -0.70708
vn 0.70708 -0.00833 -0.70708
vn 0.70708 -0.00833 -0.70708
vn 0.70708 -0.00833 -0.70708
vn 0.70708 -0.00833 -0.70708
vn 0.70708 -0.00833 -0.70708
vn 0.70708 -0.00833 -0.70708
vn 0.70708 -0.00833 -0.70708
vn 0.92385 -0.00833 -0.38267
vn 0.92385 -0.00833 -0.38267
vn 0.92385 -0.00833 -0.38267
vn 0.92385 -0.00833 -0.38267
vn 0.92385 -0.00833 -0.38267
vn 0.92385 -0.00833 -0.38267
vn 0.92385 -0.00833 -0.38267
vn 0.92385 -0.00833 -0.38267
vn 0.92385 -0.00833 -0.38267
vn 0.99997 -0.00833 0.00000
vn 0.99997 -0.00833 0.00000
vn 0.99997 -0.00833 0.00000
vn 0.99997 -0.00833 0.00000
vn 0.99997 -0.00833 0.00000
vn 0.99997 -0.00833 0.00000
vn 0.99997 -0.00833 0.00000
vn 0.99997 -0.00833 0.00000
vn 0.99997 -0.00833 0.00000
vn 0.92385 -0.00833 0.38267
vn 0.92385 -0.00833 0.38267
vn 0.92385 -0.00833 0.38267
vn 0.92385 -0.00833 0.38267
vn 0.92385 -0.00833 0.38267
vn 0.92385 -0.00833 0.38267
vn 0.92385 -0.00833 0.38267
vn 0.92385 -0.00833 0.38267
vn 0.92385 -0.00833 0.38267
vn 0.70708 -0.00833 0.70708
vn 0.70708 -0.00833 0.70708
vn 0.70708 -0.00833 0.70708
vn 0.70708 -0.00833 0.70708
vn 0.70708 -0.00833 0.70708
vn 0.70708 -0.00833 0.70708
vn 0.70708 -0.00833 0.70708
vn 0.70708 -0.00833 0.70708
vn 0.70708 -0.00833 0.70708
vn 0.38267 -0.00833 0.92385
vn 0.38267 -0.00833 0.92385
vn 0.38267 -0.00833 0.92385
vn 0.38267 -0.00833 0.92385
vn 0.38267 -0.00833 0.92385
vn 0.38267 -0.00833 0.92385
vn 0.38267 -0.00833 0.92385
vn 0.38267 -0.00833 0.92385
vn 0.38267 -0.00833 0.92385
vn 0.00314 -0.00833 0.99996
vn 0.00314 -0.00833 0.99996
vn 0.00314 -0.00833 0.99996
vn 0.00314 -0.00833 0.99996
vn 0.00314 -0.00833 0.99996
vn 0.00314 -0.00833 0.99996
vn 0.00314 -0.00833 0.99996
vn 0.00314 -0.00833 0.99996
vn 0.00314 -0.00833 0.99996
vn 0.00000 0.99988 -0.01528
vn 0.00000 0.99989 -0.01504
vn 0.00000 0.99989 -0.01482
vn 0.00000 0.99989 -0.01460
vn 0.00000 0.99990 -0.01438
vn 0.67090 0.74147 -0.01030
vn 0.01944 0.99971 0.01407
vn 0.03859 0.99916 0.01396
vn 0.05742 0.99825 0.01385
vn 0.07593 0.99702 0.01374
vn 0.09410 0.99547 0.01362
vn 0.00764 0.99988 -0.01323
vn 0.00752 0.99989 -0.01303
vn 0.00741 0.99989 -0.01283
vn 0.00730 0.99989 -0.01264
vn 0.00719 0.99990 -0.01245
vn 0.65417 0.75541 0.03762
vn 0.17285 -0.46917 -0.86603
vn 0.17285 -0.46917 -0.86603
vn 0.17285 -0.46917 -0.86603
vn 0.17285 -0.46917 -0.86603
vn 0.09119 0.99576 0.01172
vn 0.01323 0.99988 -0.00764
vn 0.01303 0.99989 -0.00752
vn 0.01283 0.99989 -0.00741
vn 0.01264 0.99989 -0.00730
vn 0.01245 0.99990 -0.00719
vn 0.60909 0.79177 0.04592
vn 0.29939 -0.81263 -0.50000
vn 0.29939 -0.81263 -0.50000
vn 0.29939 -0.81263 -0.50000
vn 0.29939 -0.81263 -0.50000
vn 0.08908 0.99600 0.00674
vn 0.01528 0.99988 -0.00000
vn 0.01504 0.99989 -0.00000
vn 0.01482 0.99989 -0.00000
vn 0.01460 0.99989 -0.00000
vn 0.01438 0.99990 -0.00000
vn 0.58215 0.81308 0.00000
vn 0.34571 -0.93834 0.00000
vn 0.34571 -0.93834 0.00000
vn 0.34571 -0.93834 0.00000
vn 0.34571 -0.93834 0.00000
vn 0.08831 0.99609 0.00000
vn 0.01323 0.99988 0.00764
vn 0.01303 0.99989 0.00752
vn 0.01283 0.99989 0.00741
vn 0.01264 0.99989 0.00730
vn 0.01245 0.99990 0.00719
vn 0.60909 0.79177 -0.04592
vn 0.29939 -0.81263 0.50000
vn 0.29939 -0.81263 0.50000
vn 0.29939 -0.81263 0.50000
vn 0.29939 -0.81263 0.50000
vn 0.08908 0.99600 -0.00674
vn 0.00764 0.99988 0.01323
vn 0.00752 0.99989 0.01303
vn 0.00741 0.99989 0.01283
vn 0.00730 0.99989 0.01264
vn 0.00719 0.99990 0.01245
vn 0.65417 0.75541 -0.03762
vn 0.17285 -0.46917 0.86603
vn 0.17285 -0.46917 0.86603
vn 0.17285 -0.46917 0.86603
vn 0.17285 -0.46917 0.86603
vn 0.09119 0.99576 -0.01172
vn 0.00000 0.99988 0.01528
vn 0.00000 0.99989 0.01504
vn 0.00000 0.99989 0.01482
vn 0.00000 0.99989 0.01460
vn 0.00000 0.99990 0.01438
vn 0.67088 0.74150 0.01030
vn -0.00000 0.00000 1.00000
vn -0.00000 0.00000 1.00000
vn -0.00000 0.00000 1.00000
vn -0.00000 0.00000 1.00000
vn 0.09410 0.99547 -0.01362
vn -0.00764 0.99988 0.01323
vn -0.00752 0.99989 0.01303
vn -0.00741 0.99989 0.01283
vn -0.00730 0.99989 0.01264
vn -0.00719 0.99990 0.01245
vn 0.64541 0.76176 0.05625
vn -0.17285 0.46917 0.86603
vn -0.17285 0.46917 0.86603
vn -0.17285 0.46917 0.86603
vn -0.17285 0.46917 0.86603
vn 0.09705 0.99521 -0.01187
vn -0.01323 0.99988 0.00764
vn -0.01303 0.99989 0.00752
vn -0.01283 0.99989 0.00741
vn -0.01264 0.99989 0.00730
vn -0.01245 0.99990 0.00719
vn 0.59232 0.80363 0.05770
vn -0.29939 0.81263 0.50000
vn -0.29939 0.81263 0.50000
vn -0.29939 0.81263 0.50000
vn -0.29939 0.81263 0.50000
vn 0.09924 0.99504 -0.00688
vn -0.01528 0.99988 0.00000
vn -0.01504 0.99989 0.00000
vn -0.01482 0.99989 0.00000
vn -0.01460 0.99989 0.00000
vn -0.01438 0.99990 0.00000
vn 0.56172 0.82732 -0.00000
vn -0.34571 0.93834 0.00000
vn -0.34571 0.93834 0.00000
vn -0.34571 0.93834 0.00000
vn -0.34571 0.93834 0.00000
vn 0.10004 0.99498 -0.00000
vn -0.01323 0.99988 -0.00764
vn -0.01303 0.99989 -0.00752
vn -0.01283 0.99989 -0.00741
vn -0.01264 0.99989 -0.00730
vn -0.01245 0.99990 -0.00719
vn 0.59232 0.80363 -0.05770
vn -0.29939 0.81263 -0.50000
vn -0.29939 0.81263 -0.50000
vn -0.29939 0.81263 -0.50000
vn -0.29939 0.81263 -0.50000
vn 0.09924 0.99504 0.00688
vn -0.00764 0.99988 -0.01323
vn -0.00752 0.99989 -0.01303
vn -0.00741 0.99989 -0.01283
vn -0.00730 0.99989 -0.01264
vn -0.00719 0.99990 -0.01245
vn 0.64541 0.76176 -0.05625
vn -0.17285 0.46917 -0.86603
vn -0.17285 0.46917 -0.86603
vn -0.17285 0.46917 -0.86603
vn -0.17285 0.46917 -0.86603
vn 0.09705 0.99521 0.01187
vn -0.00000 0.99988 -0.01528
vn -0.00000 0.99989 -0.01504
vn -0.00000 0.99989 -0.01482
vn -0.00000 0.99989 -0.01460
vn -0.00000 0.99990 -0.01438
vn 0.67085 0.74152 -0.01030
vn 0.01944 0.99971 0.01407
vn 0.03859 0.99916 0.01396
vn 0.05742 0.99825 0.01385
vn 0.07593 0.99702 0.01374
vn 0.09410 0.99547 0.01362
vn 0.14142 0.98995 0.00000
vn 0.14781 0.98902 0.00000
vn 0.15412 0.98805 0.00000
vn 0.28710 0.95790 0.00043
vn 0.39299 0.91954 0.00058
vn 0.50702 0.86193 0.00075
vn 0.62925 0.77720 0.00093
vn 0.75587 0.65473 0.00112
vn 0.87534 0.48351 0.00130
vn 0.96561 0.25999 0.00143
vn 1.00000 0.00000 0.00148
vn 0.96561 -0.25999 0.00143
vn 0.87534 -0.48351 0.00130
vn 0.75587 -0.65473 0.00112
vn 0.62925 -0.77720 0.00093
vn 0.50702 -0.86193 0.00075
vn 0.39299 -0.91954 0.00058
vn 0.28710 -0.95790 0.00043
vn 0.16151 0.98687 0.00000
vn 0.15520 0.98788 0.00000
vn 0.14859 0.98890 0.00000
vn 0.14142 0.98995 0.00000
vn 0.14767 0.98903 0.00285
vn 0.18374 0.98280 0.01844
vn 0.28122 0.95923 0.02823
vn 0.38541 0.92194 0.03868
vn 0.49810 0.86568 0.05000
vn 0.61963 0.78242 0.06220
vn 0.74655 0.66110 0.07493
vn 0.86745 0.48985 0.08707
vn 0.95966 0.26416 0.09632
vn 0.99500 0.00000 0.09987
vn 0.95966 -0.26416 0.09632
vn 0.86745 -0.48985 0.08707
vn 0.74655 -0.66110 0.07493
vn 0.61963 -0.78242 0.06220
vn 0.49810 -0.86568 0.05000
vn 0.38541 -0.92194 0.03868
vn 0.28122 -0.95923 0.02823
vn 0.18374 -0.98280 0.01844
vn 0.15505 0.98790 0.00300
vn 0.14859 0.98890 0.00000
vn 0.14142 0.98995 0.00000
vn 0.14726 0.98908 0.00558
vn 0.17189 0.98445 0.03614
vn 0.26368 0.96302 0.05544
vn 0.36263 0.92881 0.07624
vn 0.47103 0.87654 0.09903
vn 0.59006 0.79777 0.12406
vn 0.71736 0.68018 0.15082
vn 0.84221 0.50923 0.17707
vn 0.94027 0.27713 0.19769
vn 0.97860 0.00000 0.20575
vn 0.94027 -0.27713 0.19769
vn 0.84221 -0.50923 0.17707
vn 0.71736 -0.68018 0.15082
vn 0.59006 -0.79777 0.12406
vn 0.47103 -0.87654 0.09903
vn 0.36263 -0.92881 0.07624
vn 0.26368 -0.96302 0.05544
vn 0.17189 -0.98445 0.03614
vn 0.15462 0.98796 0.00586
vn 0.14859 0.98890 0.00000
vn 0.14142 0.98995 0.00000
vn 0.14660 0.98916 0.00807
vn 0.15260 0.98690 0.05236
vn 0.23488 0.96868 0.08059
vn 0.32474 0.93922 0.11141
vn 0.42512 0.89331 0.14585
vn 0.53850 0.82212 0.18475
vn 0.66459 0.71156 0.22802
vn 0.79458 0.54251 0.27261
vn 0.90223 0.30028 0.30955
vn 0.94588 0.00000 0.32452
vn 0.90223 -0.30028 0.30955
vn 0.79458 -0.54251 0.27261
vn 0.66459 -0.71156 0.22802
vn 0.53850 -0.82212 0.18475
vn 0.42512 -0.89331 0.14585
vn 0.32474 -0.93922 0.11141
vn 0.23488 -0.96868 0.08059
vn 0.15260 -0.98690 0.05236
vn 0.15392 0.98805 0.00847
vn 0.14859 0.98890 0.00000
vn 0.14142 0.98995 0.00000
vn 0.14571 0.98928 0.01020
vn 0.12658 0.98973 0.06638
vn 0.19560 0.97530 0.10258
vn 0.27214 0.95162 0.14272
vn 0.35968 0.91381 0.18864
vn 0.46214 0.85304 0.24237
vn 0.58214 0.75359 0.30531
vn 0.71493 0.59017 0.37495
vn 0.83421 0.33568 0.43751
vn 0.88560 0.00000 0.46446
vn 0.83421 -0.33568 0.43751
vn 0.71493 -0.59017 0.37495
vn 0.58214 -0.75359 0.30531
vn 0.46214 -0.85304 0.24237
vn 0.35968 -0.91381 0.18864
vn 0.27214 -0.95162 0.14272
vn 0.19560 -0.97530 0.10258
vn 0.12658 -0.98973 0.06638
vn 0.15299 0.98817 0.01071
vn 0.14859 0.98890 0.00000
vn 0.14142 0.98995 0.00000
vn 0.14463 0.98941 0.01189
vn 0.09484 0.99246 0.07757
vn 0.14713 0.98177 0.12034
vn 0.20598 0.96394 0.16848
vn 0.27494 0.93479 0.22488
vn 0.35872 0.88613 0.29340
vn 0.46274 0.80164 0.37848
vn 0.58830 0.64991 0.48117
vn 0.71447 0.38475 0.58438
vn 0.77406 0.00000 0.63311
vn 0.71447 -0.38475 0.58438
vn 0.58830 -0.64991 0.48117
vn 0.46274 -0.80164 0.37848
vn 0.35872 -0.88613 0.29340
vn 0.27494 -0.93479 0.22488
vn 0.20598 -0.96394 0.16848
vn 0.14713 -0.98177 0.12034
vn 0.09484 -0.99246 0.07757
vn 0.15186 0.98832 0.01248
vn 0.14859 0.98890 0.00000
vn 0.14142 0.98995 0.00000
vn 0.14341 0.98958 0.01306
vn 0.05874 0.99462 0.08538
vn 0.09141 0.98691 0.13285
vn 0.12862 0.97392 0.18693
vn 0.17309 0.95224 0.25156
vn 0.22889 0.91485 0.33265
vn 0.30193 0.84633 0.43881
vn 0.39818 0.71174 0.57869
vn 0.50823 0.44284 0.73864
vn 0.56684 0.00000 0.82382
vn 0.50823 -0.44284 0.73864
vn 0.39818 -0.71174 0.57869
vn 0.30193 -0.84633 0.43881
vn 0.22889 -0.91485 0.33265
vn 0.17309 -0.95224 0.25156
vn 0.12862 -0.97392 0.18693
vn 0.09141 -0.98691 0.13285
vn 0.05874 -0.99462 0.08538
vn 0.15059 0.98850 0.01371
vn 0.14859 0.98890 0.00000
vn 0.14142 0.98995 0.00000
vn 0.14211 0.98976 0.01366
vn 0.01989 0.99580 0.08938
vn 0.03101 0.98976 0.13932
vn 0.04376 0.97951 0.19660
vn 0.05916 0.96221 0.26582
vn 0.07886 0.93180 0.35430
vn 0.10549 0.87420 0.47397
vn 0.14270 0.75406 0.64112
vn 0.18959 0.48836 0.85180
vn 0.21726 0.00000 0.97611
vn 0.18959 -0.48836 0.85180
vn 0.14270 -0.75406 0.64112
vn 0.10549 -0.87420 0.47397
vn 0.07886 -0.93180 0.35430
vn 0.05916 -0.96221 0.26582
vn 0.04376 -0.97951 0.19660
vn 0.03101 -0.98976 0.13932
vn 0.01989 -0.99580 0.08938
vn 0.14923 0.98870 0.01434
vn 0.14859 0.98890 0.00000
vn 0.14142 0.98995 0.00000
vn 0.14079 0.98995 0.01366
vn -0.01989 0.99580 0.08938
vn -0.03101 0.98976 0.13932
vn -0.04376 0.97951 0.19660
vn -0.05916 0.96221 0.26582
vn -0.07886 0.93180 0.35430
vn -0.10549 0.87420 0.47397
vn -0.14270 0.75406 0.64112
vn -0.18959 0.48836 0.85180
vn -0.21726 0.00000 0.97611
vn -0.18959 -0.48836 0.85180
vn -0.14270 -0.75406 0.64112
vn -0.10549 -0.87420 0.47397
vn -0.07886 -0.93180 0.35430
vn -0.05916 -0.96221 0.26582
vn -0.04376 -0.97951 0.19660
vn -0.03101 -0.98976 0.13932
vn -0.01989 -0.99580 0.08938
vn 0.14783 0.98891 0.01434
vn 0.14859 0.98890 0.00000
vn 0.14142 0.98995 0.00000
vn 0.13949 0.99014 0.01307
vn -0.05874 0.99462 0.08538
vn -0.09141 0.98691 0.13285
vn -0.12862 0.97392 0.18693
vn -0.17309 0.95224 0.25156
vn -0.22889 0.91485 0.33265
vn -0.30193 0.84633 0.43881
vn -0.39818 0.71174 0.57869
vn -0.50823 0.44284 0.73864
vn -0.56684 0.00000 0.82382
vn -0.50823 -0.44284 0.73864
vn -0.39818 -0.71174 0.57869
vn -0.30193 -0.84633 0.43881
vn -0.22889 -0.91485 0.33265
vn -0.17309 -0.95224 0.25156
vn -0.12862 -0.97392 0.18693
vn -0.09141 -0.98691 0.13285
vn -0.05874 -0.99462 0.08538
vn 0.14647 0.98912 0.01372
vn 0.14859 0.98890 0.00000
vn 0.14142 0.98995 0.00000
vn 0.13827 0.99032 0.01190
vn -0.09484 0.99246 0.07757
vn -0.14713 0.98177 0.12034
vn -0.20598 0.96394 0.16848
vn -0.27494 0.93479 0.22488
vn -0.35872 0.88613 0.29340
vn -0.46274 0.80164 0.37848
vn -0.58830 0.64991 0.48117
vn -0.71447 0.38475 0.58438
vn -0.77406 0.00000 0.63311
vn -0.71447 -0.38475 0.58438
vn -0.58830 -0.64991 0.48117
vn -0.46274 -0.80164 0.37848
vn -0.35872 -0.88613 0.29340
vn -0.27494 -0.93479 0.22488
vn -0.20598 -0.96394 0.16848
vn -0.14713 -0.98177 0.12034
vn -0.09484 -0.99246 0.07757
vn 0.14520 0.98932 0.01250
vn 0.14859 0.98890 0.00000
vn 0.14142 0.98995 0.00000
vn 0.13720 0.99049 0.01021
vn -0.12658 0.98973 0.06638
vn -0.19560 0.97530 0.10258
vn -0.27214 0.95162 0.14272
vn -0.35968 0.91381 0.18864
vn -0.46214 0.85304 0.24237
vn -0.58214 0.75359 0.30531
vn -0.71493 0.59017 0.37495
vn -0.83421 0.33568 0.43751
vn -0.88560 0.00000 0.46446
vn -0.83421 -0.33568 0.43751
vn -0.71493 -0.59017 0.37495
vn -0.58214 -0.75359 0.30531
vn -0.46214 -0.85304 0.24237
vn -0.35968 -0.91381 0.18864
vn -0.27214 -0.95162 0.14272
vn -0.19560 -0.97530 0.10258
vn -0.12658 -0.98973 0.06638
vn 0.14408 0.98951 0.01073
vn 0.14859 0.98890 0.00000
vn 0.14142 0.98995 0.00000
vn 0.13631 0.99063 0.00808
vn -0.15260 0.98690 0.05236
vn -0.23488 0.96868 0.08059
vn -0.32474 0.93922 0.11141
vn -0.42512 0.89331 0.14585
vn -0.53850 0.82212 0.18475
vn -0.66459 0.71156 0.22802
vn -0.79458 0.54251 0.27261
vn -0.90223 0.30028 0.30955
vn -0.94588 0.00000 0.32452
vn -0.90223 -0.30028 0.30955
vn -0.79458 -0.54251 0.27261
vn -0.66459 -0.71156 0.22802
vn -0.53850 -0.82212 0.18475
vn -0.42512 -0.89331 0.14585
vn -0.32474 -0.93922 0.11141
vn -0.23488 -0.96868 0.08059
vn -0.15260 -0.98690 0.05236
vn 0.14314 0.98967 0.00848
vn 0.14859 0.98890 0.00000
vn 0.14142 0.98995 0.00000
vn 0.13565 0.99074 0.00559
vn -0.17189 0.98445 0.03614
vn -0.26368 0.96302 0.05544
vn -0.36263 0.92881 0.07624
vn -0.47103 0.87654 0.09903
vn -0.59006 0.79777 0.12406
vn -0.71736 0.68018 0.15082
vn -0.84221 0.50923 0.17707
vn -0.94027 0.27713 0.19769
vn -0.97860 0.00000 0.20575
vn -0.94027 -0.27713 0.19769
vn -0.84221 -0.50923 0.17707
vn -0.71736 -0.68018 0.15082
vn -0.59006 -0.79777 0.12406
vn -0.47103 -0.87654 0.09903
vn -0.36263 -0.92881 0.07624
vn -0.26368 -0.96302 0.05544
vn -0.17189 -0.98445 0.03614
vn 0.14245 0.98978 0.00587
vn 0.14859 0.98890 0.00000
vn 0.14142 0.98995 0.00000
vn 0.13524 0.99081 0.00286
vn -0.18374 0.98280 0.01844
vn -0.28122 0.95923 0.02823
vn -0.38541 0.92194 0.03868
vn -0.49810 0.86568 0.05000
vn -0.61963 0.78242 0.06220
vn -0.74655 0.66110 0.07493
vn -0.86745 0.48985 0.08707
vn -0.95966 0.26416 0.09632
vn -0.99500 0.00000 0.09987
vn -0.95966 -0.26416 0.09632
vn -0.86745 -0.48985 0.08707
vn -0.74655 -0.66110 0.07493
vn -0.61963 -0.78242 0.06220
vn -0.49810 -0.86568 0.05000
vn -0.38541 -0.92194 0.03868
vn -0.28122 -0.95923 0.02823
vn -0.18374 -0.98280 0.01844
vn 0.14202 0.98986 0.00300
vn 0.14859 0.98890 0.00000
vn 0.14142 0.98995 0.00000
vn 0.13510 0.99083 0.00000
vn -0.18773 0.98222 0.00000
vn -0.28710 0.95790 0.00000
vn -0.39299 0.91954 0.00000
vn -0.50702 0.86193 0.00000
vn -0.62925 0.77720 0.00000
vn -0.75587 0.65473 0.00000
vn -0.87534 0.48351 0.00000
vn -0.96561 0.25999 0.00000
vn -1.00000 -0.00000 -0.00000
vn -0.96561 -0.25999 -0.00000
vn -0.87534 -0.48351 -0.00000
vn -0.75587 -0.65473 -0.00000
vn -0.62925 -0.77720 -0.00000
vn -0.50702 -0.86193 -0.00000
vn -0.39299 -0.91954 -0.00000
vn -0.28710 -0.95790 -0.00000
vn -0.18773 -0.98222 -0.00000
vn 0.14187 0.98988 0.00000
vn 0.14859 0.98890 0.00000
vn 0.14142 0.98995 0.00000
vn 0.13524 0.99081 -0.00286
vn -0.18374 0.98280 -0.01844
vn -0.28122 0.95923 -0.02823
vn -0.38541 0.92194 -0.03868
vn -0.49810 0.86568 -0.05000
vn -0.61963 0.78242 -0.06220
vn -0.74655 0.66110 -0.07493
vn -0.86745 0.48985 -0.08707
vn -0.95966 0.26416 -0.09632
vn -0.99500 -0.00000 -0.09987
vn -0.95966 -0.26416 -0.09632
vn -0.86745 -0.48985 -0.08707
vn -0.74655 -0.66110 -0.07493
vn -0.61963 -0.78242 -0.06220
vn -0.49810 -0.86568 -0.05000
vn -0.38541 -0.92194 -0.03868
vn -0.28122 -0.95923 -0.02823
vn -0.18374 -0.98280 -0.01844
vn 0.14202 0.98986 -0.00300
vn 0.14859 0.98890 -0.00000
vn 0.14142 0.98995 0.00000
vn 0.13565 0.99074 -0.00559
vn -0.17189 0.98445 -0.03614
vn -0.26368 0.96302 -0.05544
vn -0.36263 0.92881 -0.07624
vn -0.47103 0.87654 -0.09903
vn -0.59006 0.79777 -0.12406
vn -0.71736 0.68018 -0.15082
vn -0.84221 0.50923 -0.17707
vn -0.94027 0.27713 -0.19769
vn -0.97860 -0.00000 -0.20575
vn -0.94027 -0.27713 -0.19769
vn -0.84221 -0.50923 -0.17707
vn -0.71736 -0.68018 -0.15082
vn -0.59006 -0.79777 -0.12406
vn -0.47103 -0.87654 -0.09903
vn -0.36263 -0.92881 -0.07624
vn -0.26368 -0.96302 -0.05544
vn -0.17189 -0.98445 -0.03614
vn 0.14245 0.98978 -0.00587
vn 0.14859 0.98890 -0.00000
vn 0.14142 0.98995 0.00000
vn 0.13631 0.99063 -0.00808
vn -0.15260 0.98690 -0.05236
vn -0.23488 0.96868 -0.08059
vn -0.32474 0.93922 -0.11141
vn -0.42512 0.89331 -0.14585
vn -0.53850 0.82212 -0.18475
vn -0.66459 0.71156 -0.22802
vn -0.79458 0.54251 -0.27261
vn -0.90223 0.30028 -0.30955
vn -0.94588 -0.00000 -0.32452
vn -0.90223 -0.30028 -0.30955
vn -0.79458 -0.54251 -0.27261
vn -0.66459 -0.71156 -0.22802
vn -0.53850 -0.82212 -0.18475
vn -0.42512 -0.89331 -0.14585
vn -0.32474 -0.93922 -0.11141
vn -0.23488 -0.96868 -0.08059
vn -0.15260 -0.98690 -0.05236
vn 0.14314 0.98967 -0.00848
vn 0.14859 0.98890 -0.00000
vn 0.14142 0.98995 0.00000
vn 0.13720 0.99049 -0.01021
vn -0.12658 0.98973 -0.06638
vn -0.19560 0.97530 -0.10258
vn -0.27214 0.95162 -0.14272
vn -0.35968 0.91381 -0.18864
vn -0.46214 0.85304 -0.24237
vn -0.58214 0.75359 -0.30531
vn -0.71493 0.59017 -0.37495
vn -0.83421 0.33568 -0.43751
vn -0.88560 -0.00000 -0.46446
vn -0.83421 -0.33568 -0.43751
vn -0.71493 -0.59017 -0.37495
vn -0.58214 -0.75359 -0.30531
vn -0.46214 -0.85304 -0.24237
vn -0.35968 -0.91381 -0.18864
vn -0.27214 -0.95162 -0.14272
vn -0.19560 -0.97530 -0.10258
vn -0.12658 -0.98973 -0.06638
vn 0.14408 0.98951 -0.01073
vn 0.14859 0.98890 -0.00000
vn 0.14142 0.98995 0.00000
vn 0.13827 0.99032 -0.01190
vn -0.09484 0.99246 -0.07757
vn -0.14713 0.98177 -0.12034
vn -0.20598 0.96394 -0.16848
vn -0.27494 0.93479 -0.22488
vn -0.35872 0.88613 -0.29340
vn -0.46274 0.80164 -0.37848
vn -0.58830 0.64991 -0.48117
vn -0.71447 0.38475 -0.58438
vn -0.77406 -0.00000 -0.63311
vn -0.71447 -0.38475 -0.58438
vn -0.58830 -0.64991 -0.48117
vn -0.46274 -0.80164 -0.37848
vn -0.35872 -0.88613 -0.29340
vn -0.27494 -0.93479 -0.22488
vn -0.20598 -0.96394 -0.16848
vn -0.14713 -0.98177 -0.12034
vn -0.09484 -0.99246 -0.07757
vn 0.14520 0.98932 -0.01250
vn 0.14859 0.98890 -0.00000
vn 0.14142 0.98995 0.00000
vn 0.13949 0.99014 -0.01307
vn -0.05874 0.99462 -0.08538
vn -0.09141 0.98691 -0.13285
vn -0.12862 0.97392 -0.18693
vn -0.17309 0.95224 -0.25156
vn -0.22889 0.91485 -0.33265
vn -0.30193 0.84633 -0.43881
vn -0.39818 0.71174 -0.57869
vn -0.50823 0.44284 -0.73864
vn -0.56684 -0.00000 -0.82382
vn -0.50823 -0.44284 -0.73864
vn -0.39818 -0.71174 -0.57869
vn -0.30193 -0.84633 -0.43881
vn -0.22889 -0.91485 -0.33265
vn -0.17309 -0.95224 -0.25156
vn -0.12862 -0.97392 -0.18693
vn -0.09141 -0.98691 -0.13285
vn -0.05874 -0.99462 -0.08538
vn 0.14647 0.98912 -0.01372
vn 0.14859 0.98890 -0.00000
vn 0.14142 0.98995 0.00000
vn 0.14079 0.98995 -0.01366
vn -0.01989 0.99580 -0.08938
vn -0.03101 0.98976 -0.13932
vn -0.04376 0.97951 -0.19660
vn -0.05916 0.96221 -0.26582
vn -0.07886 0.93180 -0.35430
vn -0.10549 0.87420 -0.47397
vn -0.14270 0.75406 -0.64112
vn -0.18959 0.48836 -0.85180
vn -0.21726 -0.00000 -0.97611
vn -0.18959 -0.48836 -0.85180
vn -0.14270 -0.75406 -0.64112
vn -0.10549 -0.87420 -0.47397
vn -0.07886 -0.93180 -0.35430
vn -0.05916 -0.96221 -0.26582
vn -0.04376 -0.97951 -0.19660
vn -0.03101 -0.98976 -0.13932
vn -0.01989 -0.99580 -0.08938
vn 0.14783 0.98891 -0.01434
vn 0.14859 0.98890 -0.00000
vn 0.14142 0.98995 0.00000
vn 0.14211 0.98976 -0.01366
vn 0.01989 0.99580 -0.08938
vn 0.03101 0.98976 -0.13932
vn 0.04376 0.97951 -0.19660
vn 0.05916 0.96221 -0.26582
vn 0.07886 0.93180 -0.35430
vn 0.10549 0.87420 -0.47397
vn 0.14270 0.75406 -0.64112
vn 0.18959 0.48836 -0.85180
vn 0.21726 0.00000 -0.97611
vn 0.18959 -0.48836 -0.85180
vn 0.14270 -0.75406 -0.64112
vn 0.10549 -0.87420 -0.47397
vn 0.07886 -0.93180 -0.35430
vn 0.05916 -0.96221 -0.26582
vn 0.04376 -0.97951 -0.19660
vn 0.03101 -0.98976 -0.13932
vn 0.01989 -0.99580 -0.08938
vn 0.14923 0.98870 -0.01434
vn 0.14859 0.98890 -0.00000
vn 0.14142 0.98995 0.00000
vn 0.14341 0.98958 -0.01306
vn 0.05874 0.99462 -0.08538
vn 0.09141 0.98691 -0.13285
vn 0.12862 0.97392 -0.18693
vn 0.17309 0.95224 -0.25156
vn 0.22889 0.91485 -0.33265
vn 0.30193 0.84633 -0.43881
vn 0.39818 0.71174 -0.57869
vn 0.50823 0.44284 -0.73864
vn 0.56684 0.00000 -0.82382
vn 0.50823 -0.44284 -0.73864
vn 0.39818 -0.71174 -0.57869
vn 0.30193 -0.84633 -0.43881
vn 0.22889 -0.91485 -0.33265
vn 0.17309 -0.95224 -0.25156
vn 0.12862 -0.97392 -0.18693
vn 0.09141 -0.98691 -0.13285
vn 0.05874 -0.99462 -0.08538
vn 0.15059 0.98850 -0.01371
vn 0.14859 0.98890 -0.00000
vn 0.14142 0.98995 0.00000
vn 0.14463 0.98941 -0.01189
vn 0.09484 0.99246 -0.07757
vn 0.14713 0.98177 -0.12034
vn 0.20598 0.96394 -0.16848
vn 0.27494 0.93479 -0.22488
vn 0.35872 0.88613 -0.29340
vn 0.46274 0.80164 -0.37848
vn 0.58830 0.64991 -0.48117
vn 0.71447 0.38475 -0.58438
vn 0.77406 0.00000 -0.63311
vn 0.71447 -0.38475 -0.58438
vn 0.58830 -0.64991 -0.48117
vn 0.46274 -0.80164 -0.37848
vn 0.35872 -0.88613 -0.29340
vn 0.27494 -0.93479 -0.22488
vn 0.20598 -0.96394 -0.16848
vn 0.14713 -0.98177 -0.12034
vn 0.09484 -0.99246 -0.07757
vn 0.15186 0.98832 -0.01248
vn 0.14859 0.98890 -0.00000
vn 0.14142 0.98995 0.00000
vn 0.14571 0.98928 -0.01020
vn 0.12658 0.98973 -0.06638
vn 0.19560 0.97530 -0.10258
vn 0.27214 0.95162 -0.14272
vn 0.35968 0.91381 -0.18864
vn 0.46214 0.85304 -0.24237
vn 0.58214 0.75359 -0.30531
vn 0.71493 0.59017 -0.37495
vn 0.83421 0.33568 -0.43751
vn 0.88560 0.00000 -0.46446
vn 0.83421 -0.33568 -0.43751
vn 0.71493 -0.59017 -0.37495
vn 0.58214 -0.75359 -0.30531
vn 0.46214 -0.85304 -0.24237
vn 0.35968 -0.91381 -0.18864
vn 0.27214 -0.95162 -0.14272
vn 0.19560 -0.97530 -0.10258
vn 0.12658 -0.98973 -0.06638
vn 0.15299 0.98817 -0.01071
vn 0.14859 0.98890 -0.00000
vn 0.14142 0.98995 0.00000
vn 0.14660 0.98916 -0.00807
vn 0.15260 0.98690 -0.05236
vn 0.23488 0.96868 -0.08059
vn 0.32474 0.93922 -0.11141
vn 0.42512 0.89331 -0.14585
vn 0.53850 0.82212 -0.18475
vn 0.66459 0.71156 -0.22802
vn 0.79458 0.54251 -0.27261
vn 0.90223 0.30028 -0.30955
vn 0.94588 0.00000 -0.32452
vn 0.90223 -0.30028 -0.30955
vn 0.79458 -0.54251 -0.27261
vn 0.66459 -0.71156 -0.22802
vn 0.53850 -0.82212 -0.18475
vn 0.42512 -0.89331 -0.14585
vn 0.32474 -0.93922 -0.11141
vn 0.23488 -0.96868 -0.08059
vn 0.15260 -0.98690 -0.05236
vn 0.15392 0.98805 -0.00847
vn 0.14859 0.98890 -0.00000
vn 0.14142 0.98995 0.00000
vn 0.14726 0.98908 -0.00558
vn 0.17189 0.98445 -0.03614
vn 0.26368 0.96302 -0.05544
vn 0.36263 0.92881 -0.07624
vn 0.47103 0.87654 -0.09903
vn 0.59006 0.79777 -0.12406
vn 0.71736 0.68018 -0.15082
vn 0.84221 0.50923 -0.17707
vn 0.94027 0.27713 -0.19769
vn 0.97860 0.00000 -0.20575
vn 0.94027 -0.27713 -0.19769
vn 0.84221 -0.50923 -0.17707
vn 0.71736 -0.68018 -0.15082
vn 0.59006 -0.79777 -0.12406
vn 0.47103 -0.87654 -0.09903
vn 0.36263 -0.92881 -0.07624
vn 0.26368 -0.96302 -0.05544
vn 0.17189 -0.98445 -0.03614
vn 0.15462 0.98796 -0.00586
vn 0.14859 0.98890 -0.00000
vn 0.14142 0.98995 0.00000
vn 0.14767 0.98903 -0.00285
vn 0.18374 0.98280 -0.01844
vn 0.28122 0.95923 -0.02823
vn 0.38541 0.92194 -0.03868
vn 0.49810 0.86568 -0.05000
vn 0.61963 0.78242 -0.06220
vn 0.74655 0.66110 -0.07493
vn 0.86745 0.48985 -0.08707
vn 0.95966 0.26416 -0.09632
vn 0.99500 0.00000 -0.09987
vn 0.95966 -0.26416 -0.09632
vn 0.86745 -0.48985 -0.08707
vn 0.74655 -0.66110 -0.07493
vn 0.61963 -0.78242 -0.06220
vn 0.49810 -0.86568 -0.05000
vn 0.38541 -0.92194 -0.03868
vn 0.28122 -0.95923 -0.02823
vn 0.18374 -0.98280 -0.01844
vn 0.15505 0.98790 -0.00300
vn 0.14859 0.98890 -0.00000
vn 0.14142 0.98995 0.00000
vn 0.14781 0.98902 -0.00000
vn 0.15412 0.98805 -0.00000
vn 0.28710 0.95790 -0.00043
vn 0.39299 0.91954 -0.00058
vn 0.50702 0.86193 -0.00075
vn 0.62925 0.77720 -0.00093
vn 0.75587 0.65473 -0.00112
vn 0.87534 0.48351 -0.00130
vn 0.96561 0.25999 -0.00143
vn 1.00000 0.00000 -0.00148
vn 0.96561 -0.25999 -0.00143
vn 0.87534 -0.48351 -0.00130
vn 0.75587 -0.65473 -0.00112
vn 0.62925 -0.77720 -0.00093
vn 0.50702 -0.86193 -0.00075
vn 0.39299 -0.91954 -0.00058
vn 0.28710 -0.95790 -0.00043
vn 0.16151 0.98687 -0.00000
vn 0.15520 0.98788 -0.00000
vn 0.14859 0.98890 -0.00000
f 1/1/1 10/10/10 11/11/11
f 1/1/1 11/11/11 2/2/2
f 2/2/2 11/11/11 12/12/12
f 2/2/2 12/12/12 3/3/3
f 3/3/3 12/12/12 13/13/13
f 3/3/3 13/13/13 4/4/4
f 4/4/4 13/13/13 14/14/14
f 4/4/4 14/14/14 5/5/5
f 5/5/5 14/14/14 15/15/15
f 5/5/5 15/15/15 6/6/6
f 6/6/6 15/15/15 16/16/16
f 6/6/6 16/16/16 7/7/7
f 7/7/7 16/16/16 17/17/17
f 7/7/7 17/17/17 8/8/8
f 8/8/8 17/17/17 18/18/18
f 8/8/8 18/18/18 9/9/9
f 10/10/10 19/19/19 20/20/20
f 10/10/10 20/20/20 11/11/11
f 11/11/11 20/20/20 21/21/21
f 11/11/11 21/21/21 12/12/12
f 12/12/12 21/21/21 22/22/22
f 12/12/12 22/22/22 13/13/13
f 13/13/13 22/22/22 23/23/23
f 13/13/13 23/23/23 14/14/14
f 14/14/14 23/23/23 24/24/24
f 14/14/14 24/24/24 15/15/15
f 15/15/15 24/24/24 25/25/25
f 15/15/15 25/25/25 16/16/16
f 16/16/16 25/25/25 26/26/26
f 16/16/16 26/26/26 17/17/17
f 17/17/17 26/26/26 27/27/27
f 17/17/17 27/27/27 18/18/18
f 19/19/19 28/28/28 29/29/29
f 19/19/19 29/29/29 20/20/20
f 20/20/20 29/29/29 30/30/30
f 20/20/20 30/30/30 21/21/21
f 21/21/21 30/30/30 31/31/31
f 21/21/21 31/31/31 22/22/22
f 22/22/22 31/31/31 32/32/32
f 22/22/22 32/32/32 23/23/23
f 23/23/23 32/32/32 33/33/33
f 23/23/23 33/33/33 24/24/24
f 24/24/24 33/33/33 34/34/34
f 24/24/24 34/34/34 25/25/25
f 25/25/25 34/34/34 35/35/35
f 25/25/25 35/35/35 26/26/26
f 26/26/26 35/35/35 36/36/36
f 26/26/26 36/36/36 27/27/27
f 28/28/28 37/37/37 38/38/38
f 28/28/28 38/38/38 29/29/29
f 29/29/29 38/38/38 39/39/39
f 29/29/29 39/39/39 30/30/30
f 30/30/30 39/39/39 40/40/40
f 30/30/30 40/40/40 31/31/31
f 31/31/31 40/40/40 41/41/41
f 31/31/31 41/41/41 32/32/32
f 32/32/32 41/41/41 42/42/42
f 32/32/32 42/42/42 33/33/33
f 33/33/33 42/42/42 43/43/43
f 33/33/33 43/43/43 34/34/34
f 34/34/34 43/43/43 44/44/44
f 34/34/34 44/44/44 35/35/35
f 35/35/35 44/44/44 45/45/45
f 35/35/35 45/45/45 36/36/36
f 37/37/37 46/46/46 47/47/47
f 37/37/37 47/47/47 38/38/38
f 38/38/38 47/47/47 48/48/48
f 38/38/38 48/48/48 39/39/39
f 39/39/39 48/48/48 49/49/49
f 39/39/39 49/49/49 40/40/40
f 40/40/40 49/49/49 50/50/50
f 40/40/40 50/50/50 41/41/41
f 41/41/41 50/50/50 51/51/51
f 41/41/41 51/51/51 42/42/42
f 42/42/42 51/51/51 52/52/52
f 42/42/42 52/52/52 43/43/43
f 43/43/43 52/52/52 53/53/53
f 43/43/43 53/53/53 44/44/44
f 44/44/44 53/53/53 54/54/54
f 44/44/44 54/54/54 45/45/45
f 46/46/46 55/55/55 56/56/56
f 46/46/46 56/56/56 47/47/47
f 47/47/47 56/56/56 57/57/57
f 47/47/47 57/57/57 48/48/48
f 48/48/48 57/57/57 58/58/58
f 48/48/48 58/58/58 49/49/49
f 49/49/49 58/58/58 59/59/59
f 49/49/49 59/59/59 50/50/50
f 50/50/50 59/59/59 60/60/60
f 50/50/50 60/60/60 51/51/51
f 51/51/51 60/60/60 61/61/61
f 51/51/51 61/61/61 52/52/52
f 52/52/52 61/61/61 62/62/62
f 52/52/52 62/62/62 53/53/53
f 53/53/53 62/62/62 63/63/63
f 53/53/53 63/63/63 54/54/54
f 55/55/55 64/64/64 65/65/65
f 55/55/55 65/65/65 56/56/56
f 56/56/56 65/65/65 66/66/66
f 56/56/56 66/66/66 57/57/57
f 57/57/57 66/66/66 67/67/67
f 57/57/57 67/67/67 58/58/58
f 58/58/58 67/67/67 68/68/68
f 58/58/58 68/68/68 59/59/59
f 59/59/59 68/68/68 69/69/69
f 59/59/59 69/69/69 60/60/60
f 60/60/60 69/69/69 70/70/70
f 60/60/60 70/70/70 61/61/61
f 61/61/61 70/70/70 71/71/71
f 61/61/61 71/71/71 62/62/62
f 62/62/62 71/71/71 72/72/72
f 62/62/62 72/72/72 63/63/63
f 64/64/64 73/73/73 74/74/74
f 64/64/64 74/74/74 65/65/65
f 65/65/65 74/74/74 75/75/75
f 65/65/65 75/75/75 66/66/66
f 66/66/66 75/75/75 76/76/76
f 66/66/66 76/76/76 67/67/67
f 67/67/67 76/76/76 77/77/77
f 67/67/67 77/77/77 68/68/68
f 68/68/68 77/77/77 78/78/78
f 68/68/68 78/78/78 69/69/69
f 69/69/69 78/78/78 79/79/79
f 69/69/69 79/79/79 70/70/70
f 70/70/70 79/79/79 80/80/80
f 70/70/70 80/80/80 71/71/71
f 71/71/71 80/80/80 81/81/81
f 71/71/71 81/81/81 72/72/72
f 73/73/73 82/82/82 83/83/83
f 73/73/73 83/83/83 74/74/74
f 74/74/74 83/83/83 84/84/84
f 74/74/74 84/84/84 75/75/75
f 75/75/75 84/84/84 85/85/85
f 75/75/75 85/85/85 76/76/76
f 76/76/76 85/85/85 86/86/86
f 76/76/76 86/86/86 77/77/77
f 77/77/77 86/86/86 87/87/87
f 77/77/77 87/87/87 78/78/78
f 78/78/78 87/87/87 88/88/88
f 78/78/78 88/88/88 79/79/79
f 79/79/79 88/88/88 89/89/89
f 79/79/79 89/89/89 80/80/80
f 80/80/80 89/89/89 90/90/90
f 80/80/80 90/90/90 81/81/81
f 82/82/82 91/91/91 92/92/92
f 82/82/82 92/92/92 83/83/83
f 83/83/83 92/92/92 93/93/93
f 83/83/83 93/93/93 84/84/84
f 84/84/84 93/93/93 94/94/94
f 84/84/84 94/94/94 85/85/85
f 85/85/85 94/94/94 95/95/95
f 85/85/85 95/95/95 86/86/86
f 86/86/86 95/95/95 96/96/96
f 86/86/86 96/96/96 87/87/87
f 87/87/87 96/96/96 97/97/97
f 87/87/87 97/97/97 88/88/88
f 88/88/88 97/97/97 98/98/98
f 88/88/88 98/98/98 89/89/89
f 89/89/89 98/98/98 99/99/99
f 89/89/89 99/99/99 90/90/90
f 91/91/91 100/100/100 101/101/101
f 91/91/91 101/101/101 92/92/92
f 92/92/92 101/101/101 102/102/102
f 92/92/92 102/102/102 93/93/93
f 93/93/93 102/102/102 103/103/103
f 93/93/93 103/103/103 94/94/94
f 94/94/94 103/103/103 104/104/104
f 94/94/94 104/104/104 95/95/95
f 95/95/95 104/104/104 105/105/105
f 95/95/95 105/105/105 96/96/96
f 96/96/96 105/105/105 106/106/106
f 96/96/96 106/106/106 97/97/97
f 97/97/97 106/106/106 107/107/107
f 97/97/97 107/107/107 98/98/98
f 98/98/98 107/107/107 108/108/108
f 98/98/98 108/108/108 99/99/99
f 100/100/100 109/109/109 110/110/110
f 100/100/100 110/110/110 101/101/101
f 101/101/101 110/110/110 111/111/111
f 101/101/101 111/111/111 102/102/102
f 102/102/102 111/111/111 112/112/112
f 102/102/102 112/112/112 103/103/103
f 103/103/103 112/112/112 113/113/113
f 103/103/103 113/113/113 104/104/104
f 104/104/104 113/113/113 114/114/114
f 104/104/104 114/114/114 105/105/105
f 105/105/105 114/114/114 115/115/115
f 105/105/105 115/115/115 106/106/106
f 106/106/106 115/115/115 116/116/116
f 106/106/106 116/116/116 107/107/107
f 107/107/107 116/116/116 117/117/117
f 107/107/107 117/117/117 108/108/108
f 109/109/109 118/118/118 119/119/119
f 109/109/109 119/119/119 110/110/110
f 110/110/110 119/119/119 120/120/120
f 110/110/110 120/120/120 111/111/111
f 111/111/111 120/120/120 121/121/121
f 111/111/111 121/121/121 112/112/112
f 112/112/112 121/121/121 122/122/122
f 112/112/112 122/122/122 113/113/113
f 113/113/113 122/122/122 123/123/123
f 113/113/113 123/123/123 114/114/114
f 114/114/114 123/123/123 124/124/124
f 114/114/114 124/124/124 115/115/115
f 115/115/115 124/124/124 125/125/125
f 115/115/115 125/125/125 116/116/116
f 116/116/116 125/125/125 126/126/126
f 116/116/116 126/126/126 117/117/117
f 118/118/118 127/127/127 128/128/128
f 118/118/118 128/128/128 119/119/119
f 119/119/119 128/128/128 129/129/129
f 119/119/119 129/129/129 120/120/120
f 120/120/120 129/129/129 130/130/130
f 120/120/120 130/130/130 121/121/121
f 121/121/121 130/130/130 131/131/131
f 121/121/121 131/131/131 122/122/122
f 122/122/122 131/131/131 132/132/132
f 122/122/122 132/132/132 123/123/123
f 123/123/123 132/132/132 133/133/133
f 123/123/123 133/133/133 124/124/124
f 124/124/124 133/133/133 134/134/134
f 124/124/124 134/134/134 125/125/125
f 125/125/125 134/134/134 135/135/135
f 125/125/125 135/135/135 126/126/126
f 127/127/127 136/136/136 137/137/137
f 127/127/127 137/137/137 128/128/128
f 128/128/128 137/137/137 138/138/138
f 128/128/128 138/138/138 129/129/129
f 129/129/129 138/138/138 139/139/139
f 129/129/129 139/139/139 130/130/130
f 130/130/130 139/139/139 140/140/140
f 130/130/130 140/140/140 131/131/131
f 131/131/131 140/140/140 141/141/141
f 131/131/131 141/141/141 132/132/132
f 132/132/132 141/141/141 142/142/142
f 132/132/132 142/142/142 133/133/133
f 133/133/133 142/142/142 143/143/143
f 133/133/133 143/143/143 134/134/134
f 134/134/134 143/143/143 144/144/144
f 134/134/134 144/144/144 135/135/135
f 136/136/136 145/145/145 146/146/146
f 136/136/136 146/146/146 137/137/137
f 137/137/137 146/146/146 147/147/147
f 137/137/137 147/147/147 138/138/138
f 138/138/138 147/147/147 148/148/148
f 138/138/138 148/148/148 139/139/139
f 139/139/139 148/148/148 149/149/149
f 139/139/139 149/149/149 140/140/140
f 140/140/140 149/149/149 150/150/150
f 140/140/140 150/150/150 141/141/141
f 141/141/141 150/150/150 151/151/151
f 141/141/141 151/151/151 142/142/142
f 142/142/142 151/151/151 152/152/152
f 142/142/142 152/152/152 143/143/143
f 143/143/143 152/152/152 153/153/153
f 143/143/143 153/153/153 144/144/144
f 154/154/154 165/165/165 166/166/166
f 154/154/154 166/166/166 155/155/155
f 155/155/155 166/166/166 167/167/167
f 155/155/155 167/167/167 156/156/156
f 156/156/156 167/167/167 168/168/168
f 156/156/156 168/168/168 157/157/157
f 157/157/157 168/168/168 169/169/169
f 157/157/157 169/169/169 158/158/158
f 158/158/158 169/169/169 170/170/170
f 158/158/158 170/170/170 159/159/159
f 159/159/159 170/170/170 171/171/171
f 159/159/159 171/171/171 160/160/160
f 160/160/160 171/171/171 172/172/172
f 160/160/160 172/172/172 161/161/161
f 161/161/161 172/172/172 173/173/173
f 161/161/161 173/173/173 162/162/162
f 162/162/162 173/173/173 174/174/174
f 162/162/162 174/174/174 163/163/163
f 163/163/163 174/174/174 175/175/175
f 163/163/163 175/175/175 164/164/164
f 165/165/165 176/176/176 177/177/177
f 165/165/165 177/177/177 166/166/166
f 166/166/166 177/177/177 178/178/178
f 166/166/166 178/178/178 167/167/167
f 167/167/167 178/178/178 179/179/179
f 167/167/167 179/179/179 168/168/168
f 168/168/168 179/179/179 180/180/180
f 168/168/168 180/180/180 169/169/169
f 169/169/169 180/180/180 181/181/181
f 169/169/169 181/181/181 170/170/170
f 170/170/170 181/181/181 182/182/182
f 170/170/170 182/182/182 171/171/171
f 171/171/171 182/182/182 183/183/183
f 171/171/171 183/183/183 172/172/172
f 172/172/172 183/183/183 184/184/184
f 172/172/172 184/184/184 173/173/173
f 173/173/173 184/184/184 185/185/185
f 173/173/173 185/185/185 174/174/174
f 174/174/174 185/185/185 186/186/186
f 174/174/174 186/186/186 175/175/175
f 176/176/176 187/187/187 188/188/188
f 176/176/176 188/188/188 177/177/177
f 177/177/177 188/188/188 189/189/189
f 177/177/177 189/189/189 178/178/178
f 178/178/178 189/189/189 190/190/190
f 178/178/178 190/190/190 179/179/179
f 179/179/179 190/190/190 191/191/191
f 179/179/179 191/191/191 180/180/180
f 180/180/180 191/191/191 192/192/192
f 180/180/180 192/192/192 181/181/181
f 181/181/181 192/192/192 193/193/193
f 181/181/181 193/193/193 182/182/182
f 182/182/182 193/193/193 194/194/194
f 182/182/182 194/194/194 183/183/183
f 183/183/183 194/194/194 195/195/195
f 183/183/183 195/195/195 184/184/184
f 184/184/184 195/195/195 196/196/196
f 184/184/184 196/196/196 185/185/185
f 185/185/185 196/196/196 197/197/197
f 185/185/185 197/197/197 186/186/186
f 187/187/187 198/198/198 199/199/199
f 187/187/187 199/199/199 188/188/188
f 188/188/188 199/199/199 200/200/200
f 188/188/188 200/200/200 189/189/189
f 189/189/189 200/200/200 201/201/201
f 189/189/189 201/201/201 190/190/190
f 190/190/190 201/201/201 202/202/202
f 190/190/190 202/202/202 191/191/191
f 191/191/191 202/202/202 203/203/203
f 191/191/191 203/203/203 192/192/192
f 192/192/192 203/203/203 204/204/204
f 192/192/192 204/204/204 193/193/193
f 193/193/193 204/204/204 205/205/205
f 193/193/193 205/205/205 194/194/194
f 194/194/194 205/205/205 206/206/206
f 194/194/194 206/206/206 195/195/195
f 195/195/195 206/206/206 207/207/207
f 195/195/195 207/207/207 196/196/196
f 196/196/196 207/207/207 208/208/208
f 196/196/196 208/208/208 197/197/197
f 198/198/198 209/209/209 210/210/210
f 198/198/198 210/210/210 199/199/199
f 199/199/199 210/210/210 211/211/211
f 199/199/199 211/211/211 200/200/200
f 200/200/200 211/211/211 212/212/212
f 200/200/200 212/212/212 201/201/201
f 201/201/201 212/212/212 213/213/213
f 201/201/201 213/213/213 202/202/202
f 202/202/202 213/213/213 214/214/214
f 202/202/202 214/214/214 203/203/203
f 203/203/203 214/214/214 215/215/215
f 203/203/203 215/215/215 204/204/204
f 204/204/204 215/215/215 216/216/216
f 204/204/204 216/216/216 205/205/205
f 205/205/205 216/216/216 217/217/217
f 205/205/205 217/217/217 206/206/206
f 206/206/206 217/217/217 218/218/218
f 206/206/206 218/218/218 207/207/207
f 207/207/207 218/218/218 219/219/219
f 207/207/207 219/219/219 208/208/208
f 209/209/209 220/220/220 221/221/221
f 209/209/209 221/221/221 210/210/210
f 210/210/210 221/221/221 222/222/222
f 210/210/210 222/222/222 211/211/211
f 211/211/211 222/222/222 223/223/223
f 211/211/211 223/223/223 212/212/212
f 212/212/212 223/223/223 224/224/224
f 212/212/212 224/224/224 213/213/213
f 213/213/213 224/224/224 225/225/225
f 213/213/213 225/225/225 214/214/214
f 214/214/214 225/225/225 226/226/226
f 214/214/214 226/226/226 215/215/215
f 215/215/215 226/226/226 227/227/227
f 215/215/215 227/227/227 216/216/216
f 216/216/216 227/227/227 228/228/228
f 216/216/216 228/228/228 217/217/217
f 217/217/217 228/228/228 229/229/229
f 217/217/217 229/229/229 218/218/218
f 218/218/218 229/229/229 230/230/230
f 218/218/218 230/230/230 219/219/219
f 220/220/220 231/231/231 232/232/232
f 220/220/220 232/232/232 221/221/221
f 221/221/221 232/232/232 233/233/233
f 221/221/221 233/233/233 222/222/222
f 222/222/222 233/233/233 234/234/234
f 222/222/222 234/234/234 223/223/223
f 223/223/223 234/234/234 235/235/235
f 223/223/223 235/235/235 224/224/224
f 224/224/224 235/235/235 236/236/236
f 224/224/224 236/236/236 225/225/225
f 225/225/225 236/236/236 237/237/237
f 225/225/225 237/237/237 226/226/226
f 226/226/226 237/237/237 238/238/238
f 226/226/226 238/238/238 227/227/227
f 227/227/227 238/238/238 239/239/239
f 227/227/227 239/239/239 228/228/228
f 228/228/228 239/239/239 240/240/240
f 228/228/228 240/240/240 229/229/229
f 229/229/229 240/240/240 241/241/241
f 229/229/229 241/241/241 230/230/230
f 231/231/231 242/242/242 243/243/243
f 231/231/231 243/243/243 232/232/232
f 232/232/232 243/243/243 244/244/244
f 232/232/232 244/244/244 233/233/233
f 233/233/233 244/244/244 245/245/245
f 233/233/233 245/245/245 234/234/234
f 234/234/234 245/245/245 246/246/246
f 234/234/234 246/246/246 235/235/235
f 235/235/235 246/246/246 247/247/247
f 235/235/235 247/247/247 236/236/236
f 236/236/236 247/247/247 248/248/248
f 236/236/236 248/248/248 237/237/237
f 237/237/237 248/248/248 249/249/249
f 237/237/237 249/249/249 238/238/238
f 238/238/238 249/249/249 250/250/250
f 238/238/238 250/250/250 239/239/239
f 239/239/239 250/250/250 251/251/251
f 239/239/239 251/251/251 240/240/240
f 240/240/240 251/251/251 252/252/252
f 240/240/240 252/252/252 241/241/241
f 242/242/242 253/253/253 254/254/254
f 242/242/242 254/254/254 243/243/243
f 243/243/243 254/254/254 255/255/255
f 243/243/243 255/255/255 244/244/244
f 244/244/244 255/255/255 256/256/256
f 244/244/244 256/256/256 245/245/245
f 245/245/245 256/256/256 257/257/257
f 245/245/245 257/257/257 246/246/246
f 246/246/246 257/257/257 258/258/258
f 246/246/246 258/258/258 247/247/247
f 247/247/247 258/258/258 259/259/259
f 247/247/247 259/259/259 248/248/248
f 248/248/248 259/259/259 260/260/260
f 248/248/248 260/260/260 249/249/249
f 249/249/249 260/260/260 261/261/261
f 249/249/249 261/261/261 250/250/250
f 250/250/250 261/261/261 262/262/262
f 250/250/250 262/262/262 251/251/251
f 251/251/251 262/262/262 263/263/263
f 251/251/251 263/263/263 252/252/252
f 253/253/253 264/264/264 265/265/265
f 253/253/253 265/265/265 254/254/254
f 254/254/254 265/265/265 266/266/266
f 254/254/254 266/266/266 255/255/255
f 255/255/255 266/266/266 267/267/267
f 255/255/255 267/267/267 256/256/256
f 256/256/256 267/267/267 268/268/268
f 256/256/256 268/268/268 257/257/257
f 257/257/257 268/268/268 269/269/269
f 257/257/257 269/269/269 258/258/258
f 258/258/258 269/269/269 270/270/270
f 258/258/258 270/270/270 259/259/259
f 259/259/259 270/270/270 271/271/271
f 259/259/259 271/271/271 260/260/260
f 260/260/260 271/271/271 272/272/272
f 260/260/260 272/272/272 261/261/261
f 261/261/261 272/272/272 273/273/273
f 261/261/261 273/273/273 262/262/262
f 262/262/262 273/273/273 274/274/274
f 262/262/262 274/274/274 263/263/263
f 264/264/264 275/275/275 276/276/276
f 264/264/264 276/276/276 265/265/265
f 265/265/265 276/276/276 277/277/277
f 265/265/265 277/277/277 266/266/266
f 266/266/266 277/277/277 278/278/278
f 266/266/266 278/278/278 267/267/267
f 267/267/267 278/278/278 279/279/279
f 267/267/267 279/279/279 268/268/268
f 268/268/268 279/279/279 280/280/280
f 268/268/268 280/280/280 269/269/269
f 269/269/269 280/280/280 281/281/281
f 269/269/269 281/281/281 270/270/270
f 270/270/270 281/281/281 282/282/282
f 270/270/270 282/282/282 271/271/271
f 271/271/271 282/282/282 283/283/283
f 271/271/271 283/283/283 272/272/272
f 272/272/272 283/283/283 284/284/284
f 272/272/272 284/284/284 273/273/273
f 273/273/273 284/284/284 285/285/285
f 273/273/273 285/285/285 274/274/274
f 275/275/275 286/286/286 287/287/287
f 275/275/275 287/287/287 276/276/276
f 276/276/276 287/287/287 288/288/288
f 276/276/276 288/288/288 277/277/277
f 277/277/277 288/288/288 289/289/289
f 277/277/277 289/289/289 278/278/278
f 278/278/278 289/289/289 290/290/290
f 278/278/278 290/290/290 279/279/279
f 279/279/279 290/290/290 291/291/291
f 279/279/279 291/291/291 280/280/280
f 280/280/280 291/291/291 292/292/292
f 280/280/280 292/292/292 281/281/281
f 281/281/281 292/292/292 293/293/293
f 281/281/281 293/293/293 282/282/282
f 282/282/282 293/293/293 294/294/294
f 282/282/282 294/294/294 283/283/283
f 283/283/283 294/294/294 295/295/295
f 283/283/283 295/295/295 284/284/284
f 284/284/284 295/295/295 296/296/296
f 284/284/284 296/296/296 285/285/285
f 297/297/297 318/318/318 319/319/319
f 297/297/297 319/319/319 298/298/298
f 298/298/298 319/319/319 320/320/320
f 298/298/298 320/320/320 299/299/299
f 299/299/299 320/320/320 321/321/321
f 299/299/299 321/321/321 300/300/300
f 300/300/300 321/321/321 322/322/322
f 300/300/300 322/322/322 301/301/301
f 301/301/301 322/322/322 323/323/323
f 301/301/301 323/323/323 302/302/302
f 302/302/302 323/323/323 324/324/324
f 302/302/302 324/324/324 303/303/303
f 303/303/303 324/324/324 325/325/325
f 303/303/303 325/325/325 304/304/304
f 304/304/304 325/325/325 326/326/326
f 304/304/304 326/326/326 305/305/305
f 305/305/305 326/326/326 327/327/327
f 305/305/305 327/327/327 306/306/306
f 306/306/306 327/327/327 328/328/328
f 306/306/306 328/328/328 307/307/307
f 307/307/307 328/328/328 329/329/329
f 307/307/307 329/329/329 308/308/308
f 308/308/308 329/329/329 330/330/330
f 308/308/308 330/330/330 309/309/309
f 309/309/309 330/330/330 331/331/331
f 309/309/309 331/331/331 310/310/310
f 310/310/310 331/331/331 332/332/332
f 310/310/310 332/332/332 311/311/311
f 311/311/311 332/332/332 333/333/333
f 311/311/311 333/333/333 312/312/312
f 312/312/312 333/333/333 334/334/334
f 312/312/312 334/334/334 313/313/313
f 313/313/313 334/334/334 335/335/335
f 313/313/313 335/335/335 314/314/314
f 314/314/314 335/335/335 336/336/336
f 314/314/314 336/336/336 315/315/315
f 315/315/315 336/336/336 337/337/337
f 315/315/315 337/337/337 316/316/316
f 316/316/316 337/337/337 338/338/338
f 316/316/316 338/338/338 317/317/317
f 318/318/318 339/339/339 340/340/340
f 318/318/318 340/340/340 319/319/319
f 319/319/319 340/340/340 341/341/341
f 319/319/319 341/341/341 320/320/320
f 320/320/320 341/341/341 342/342/342
f 320/320/320 342/342/342 321/321/321
f 321/321/321 342/342/342 343/343/343
f 321/321/321 343/343/343 322/322/322
f 322/322/322 343/343/343 344/344/344
f 322/322/322 344/344/344 323/323/323
f 323/323/323 344/344/344 345/345/345
f 323/323/323 345/345/345 324/324/324
f 324/324/324 345/345/345 346/346/346
f 324/324/324 346/346/346 325/325/325
f 325/325/325 346/346/346 347/347/347
f 325/325/325 347/347/347 326/326/326
f 326/326/326 347/347/347 348/348/348
f 326/326/326 348/348/348 327/327/327
f 327/327/327 348/348/348 349/349/349
f 327/327/327 349/349/349 328/328/328
f 328/328/328 349/349/349 350/350/350
f 328/328/328 350/350/350 329/329/329
f 329/329/329 350/350/350 351/351/351
f 329/329/329 351/351/351 330/330/330
f 330/330/330 351/351/351 352/352/352
f 330/330/330 352/352/352 331/331/331
f 331/331/331 352/352/352 353/353/353
f 331/331/331 353/353/353 332/332/332
f 332/332/332 353/353/353 354/354/354
f 332/332/332 354/354/354 333/333/333
f 333/333/333 354/354/354 355/355/355
f 333/333/333 355/355/355 334/334/334
f 334/334/334 355/355/355 356/356/356
f 334/334/334 356/356/356 335/335/335
f 335/335/335 356/356/356 357/357/357
f 335/335/335 357/357/357 336/336/336
f 336/336/336 357/357/357 358/358/358
f 336/336/336 358/358/358 337/337/337
f 337/337/337 358/358/358 359/359/359
f 337/337/337 359/359/359 338/338/338
f 339/339/339 360/360/360 361/361/361
f 339/339/339 361/361/361 340/340/340
f 340/340/340 361/361/361 362/362/362
f 340/340/340 362/362/362 341/341/341
f 341/341/341 362/362/362 363/363/363
f 341/341/341 363/363/363 342/342/342
f 342/342/342 363/363/363 364/364/364
f 342/342/342 364/364/364 343/343/343
f 343/343/343 364/364/364 365/365/365
f 343/343/343 365/365/365 344/344/344
f 344/344/344 365/365/365 366/366/366
f 344/344/344 366/366/366 345/345/345
f 345/345/345 366/366/366 367/367/367
f 345/345/345 367/367/367 346/346/346
f 346/346/346 367/367/367 368/368/368
f 346/346/346 368/368/368 347/347/347
f 347/347/347 368/368/368 369/369/369
f 347/347/347 369/369/369 348/348/348
f 348/348/348 369/369/369 370/370/370
f 348/348/348 370/370/370 349/349/349
f 349/349/349 370/370/370 371/371/371
f 349/349/349 371/371/371 350/350/350
f 350/350/350 371/371/371 372/372/372
f 350/350/350 372/372/372 351/351/351
f 351/351/351 372/372/372 373/373/373
f 351/351/351 373/373/373 352/352/352
f 352/352/352 373/373/373 374/374/374
f 352/352/352 374/374/374 353/353/353
f 353/353/353 374/374/374 375/375/375
f 353/353/353 375/375/375 354/354/354
f 354/354/354 375/375/375 376/376/376
f 354/354/354 376/376/376 355/355/355
f 355/355/355 376/376/376 377/377/377
f 355/355/355 377/377/377 356/356/356
f 356/356/356 377/377/377 378/378/378
f 356/356/356 378/378/378 357/357/357
f 357/357/357 378/378/378 379/379/379
f 357/357/357 379/379/379 358/358/358
f 358/358/358 379/379/379 380/380/380
f 358/358/358 380/380/380 359/359/359
f 360/360/360 381/381/381 382/382/382
f 360/360/360 382/382/382 361/361/361
f 361/361/361 382/382/382 383/383/383
f 361/361/361 383/383/383 362/362/362
f 362/362/362 383/383/383 384/384/384
f 362/362/362 384/384/384 363/363/363
f 363/363/363 384/384/384 385/385/385
f 363/363/363 385/385/385 364/364/364
f 364/364/364 385/385/385 386/386/386
f 364/364/364 386/386/386 365/365/365
f 365/365/365 386/386/386 387/387/387
f 365/365/365 387/387/387 366/366/366
f 366/366/366 387/387/387 388/388/388
f 366/366/366 388/388/388 367/367/367
f 367/367/367 388/388/388 389/389/389
f 367/367/367 389/389/389 368/368/368
f 368/368/368 389/389/389 390/390/390
f 368/368/368 390/390/390 369/369/369
f 369/369/369 390/390/390 391/391/391
f 369/369/369 391/391/391 370/370/370
f 370/370/370 391/391/391 392/392/392
f 370/370/370 392/392/392 371/371/371
f 371/371/371 392/392/392 393/393/393
f 371/371/371 393/393/393 372/372/372
f 372/372/372 393/393/393 394/394/394
f 372/372/372 394/394/394 373/373/373
f 373/373/373 394/394/394 395/395/395
f 373/373/373 395/395/395 374/374/374
f 374/374/374 395/395/395 396/396/396
f 374/374/374 396/396/396 375/375/375
f 375/375/375 396/396/396 397/397/397
f 375/375/375 397/397/397 376/376/376
f 376/376/376 397/397/397 398/398/398
f 376/376/376 398/398/398 377/377/377
f 377/377/377 398/398/398 399/399/399
f 377/377/377 399/399/399 378/378/378
f 378/378/378 399/399/399 400/400/400
f 378/378/378 400/400/400 379/379/379
f 379/379/379 400/400/400 401/401/401
f 379/379/379 401/401/401 380/380/380
f 381/381/381 402/402/402 403/403/403
f 381/381/381 403/403/403 382/382/382
f 382/382/382 403/403/403 404/404/404
f 382/382/382 404/404/404 383/383/383
f 383/383/383 404/404/404 405/405/405
f 383/383/383 405/405/405 384/384/384
f 384/384/384 405/405/405 406/406/406
f 384/384/384 406/406/406 385/385/385
f 385/385/385 406/406/406 407/407/407
f 385/385/385 407/407/407 386/386/386
f 386/386/386 407/407/407 408/408/408
f 386/386/386 408/408/408 387/387/387
f 387/387/387 408/408/408 409/409/409
f 387/387/387 409/409/409 388/388/388
f 388/388/388 409/409/409 410/410/410
f 388/388/388 410/410/410 389/389/389
f 389/389/389 410/410/410 411/411/411
f 389/389/389 411/411/411 390/390/390
f 390/390/390 411/411/411 412/412/412
f 390/390/390 412/412/412 391/391/391
f 391/391/391 412/412/412 413/413/413
f 391/391/391 413/413/413 392/392/392
f 392/392/392 413/413/413 414/414/414
f 392/392/392 414/414/414 393/393/393
f 393/393/393 414/414/414 415/415/415
f 393/393/393 415/415/415 394/394/394
f 394/394/394 415/415/415 416/416/416
f 394/394/394 416/416/416 395/395/395
f 395/395/395 416/416/416 417/417/417
f 395/395/395 417/417/417 396/396/396
f 396/396/396 417/417/417 418/418/418
f 396/396/396 418/418/418 397/397/397
f 397/397/397 418/418/418 419/419/419
f 397/397/397 419/419/419 398/398/398
f 398/398/398 419/419/419 420/420/420
f 398/398/398 420/420/420 399/399/399
f 399/399/399 420/420/420 421/421/421
f 399/399/399 421/421/421 400/400/400
f 400/400/400 421/421/421 422/422/422
f 400/400/400 422/422/422 401/401/401
f 402/402/402 423/423/423 424/424/424
f 402/402/402 424/424/424 403/403/403
f 403/403/403 424/424/424 425/425/425
f 403/403/403 425/425/425 404/404/404
f 404/404/404 425/425/425 426/426/426
f 404/404/404 426/426/426 405/405/405
f 405/405/405 426/426/426 427/427/427
f 405/405/405 427/427/427 406/406/406
f 406/406/406 427/427/427 428/428/428
f 406/406/406 428/428/428 407/407/407
f 407/407/407 428/428/428 429/429/429
f 407/407/407 429/429/429 408/408/408
f 408/408/408 429/429/429 430/430/430
f 408/408/408 430/430/430 409/409/409
f 409/409/409 430/430/430 431/431/431
f 409/409/409 431/431/431 410/410/410
f 410/410/410 431/431/431 432/432/432
f 410/410/410 432/432/432 411/411/411
f 411/411/411 432/432/432 433/433/433
f 411/411/411 433/433/433 412/412/412
f 412/412/412 433/433/433 434/434/434
f 412/412/412 434/434/434 413/413/413
f 413/413/413 434/434/434 435/435/435
f 413/413/413 435/435/435 414/414/414
f 414/414/414 435/435/435 436/436/436
f 414/414/414 436/436/436 415/415/415
f 415/415/415 436/436/436 437/437/437
f 415/415/415 437/437/437 416/416/416
f 416/416/416 437/437/437 438/438/438
f 416/416/416 438/438/438 417/417/417
f 417/417/417 438/438/438 439/439/439
f 417/417/417 439/439/439 418/418/418
f 418/418/418 439/439/439 440/440/440
f 418/418/418 440/440/440 419/419/419
f 419/419/419 440/440/440 441/441/441
f 419/419/419 441/441/441 420/420/420
f 420/420/420 441/441/441 442/442/442
f 420/420/420 442/442/442 421/421/421
f 421/421/421 442/442/442 443/443/443
f 421/421/421 443/443/443 422/422/422
f 423/423/423 444/444/444 445/445/445
f 423/423/423 445/445/445 424/424/424
f 424/424/424 445/445/445 446/446/446
f 424/424/424 446/446/446 425/425/425
f 425/425/425 446/446/446 447/447/447
f 425/425/425 447/447/447 426/426/426
f 426/426/426 447/447/447 448/448/448
f 426/426/426 448/448/448 427/427/427
f 427/427/427 448/448/448 449/449/449
f 427/427/427 449/449/449 428/428/428
f 428/428/428 449/449/449 450/450/450
f 428/428/428 450/450/450 429/429/429
f 429/429/429 450/450/450 451/451/451
f 429/429/429 451/451/451 430/430/430
f 430/430/430 451/451/451 452/452/452
f 430/430/430 452/452/452 431/431/431
f 431/431/431 452/452/452 453/453/453
f 431/431/431 453/453/453 432/432/432
f 432/432/432 453/453/453 454/454/454
f 432/432/432 454/454/454 433/433/433
f 433/433/433 454/454/454 455/455/455
f 433/433/433 455/455/455 434/434/434
f 434/434/434 455/455/455 456/456/456
f 434/434/434 456/456/456 435/435/435
f 435/435/435 456/456/456 457/457/457
f 435/435/435 457/457/457 436/436/436
f 436/436/436 457/457/457 458/458/458
f 436/436/436 458/458/458 437/437/437
f 437/437/437 458/458/458 459/459/459
f 437/437/437 459/459/459 438/438/438
f 438/438/438 459/459/459 460/460/460
f 438/438/438 460/460/460 439/439/439
f 439/439/439 460/460/460 461/461/461
f 439/439/439 461/461/461 440/440/440
f 440/440/440 461/461/461 462/462/462
f 440/440/440 462/462/462 441/441/441
f 441/441/441 462/462/462 463/463/463
f 441/441/441 463/463/463 442/442/442
f 442/442/442 463/463/463 464/464/464
f 442/442/442 464/464/464 443/443/443
f 444/444/444 465/465/465 466/466/466
f 444/444/444 466/466/466 445/445/445
f 445/445/445 466/466/466 467/467/467
f 445/445/445 467/467/467 446/446/446
f 446/446/446 467/467/467 468/468/468
f 446/446/446 468/468/468 447/447/447
f 447/447/447 468/468/468 469/469/469
f 447/447/447 469/469/469 448/448/448
f 448/448/448 469/469/469 470/470/470
f 448/448/448 470/470/470 449/449/449
f 449/449/449 470/470/470 471/471/471
f 449/449/449 471/471/471 450/450/450
f 450/450/450 471/471/471 472/472/472
f 450/450/450 472/472/472 451/451/451
f 451/451/451 472/472/472 473/473/473
f 451/451/451 473/473/473 452/452/452
f 452/452/452 473/473/473 474/474/474
f 452/452/452 474/474/474 453/453/453
f 453/453/453 474/474/474 475/475/475
f 453/453/453 475/475/475 454/454/454
f 454/454/454 475/475/475 476/476/476
f 454/454/454 476/476/476 455/455/455
f 455/455/455 476/476/476 477/477/477
f 455/455/455 477/477/477 456/456/456
f 456/456/456 477/477/477 478/478/478
f 456/456/456 478/478/478 457/457/457
f 457/457/457 478/478/478 479/479/479
f 457/457/457 479/479/479 458/458/458
f 458/458/458 479/479/479 480/480/480
f 458/458/458 480/480/480 459/459/459
f 459/459/459 480/480/480 481/481/481
f 459/459/459 481/481/481 460/460/460
f 460/460/460 481/481/481 482/482/482
f 460/460/460 482/482/482 461/461/461
f 461/461/461 482/482/482 483/483/483
f 461/461/461 483/483/483 462/462/462
f 462/462/462 483/483/483 484/484/484
f 462/462/462 484/484/484 463/463/463
f 463/463/463 484/484/484 485/485/485
f 463/463/463 485/485/485 464/464/464
f 465/465/465 486/486/486 487/487/487
f 465/465/465 487/487/487 466/466/466
f 466/466/466 487/487/487 488/488/488
f 466/466/466 488/488/488 467/467/467
f 467/467/467 488/488/488 489/489/489
f 467/467/467 489/489/489 468/468/468
f 468/468/468 489/489/489 490/490/490
f 468/468/468 490/490/490 469/469/469
f 469/469/469 490/490/490 491/491/491
f 469/469/469 491/491/491 470/470/470
f 470/470/470 491/491/491 492/492/492
f 470/470/470 492/492/492 471/471/471
f 471/471/471 492/492/492 493/493/493
f 471/471/471 493/493/493 472/472/472
f 472/472/472 493/493/493 494/494/494
f 472/472/472 494/494/494 473/473/473
f 473/473/473 494/494/494 495/495/495
f 473/473/473 495/495/495 474/474/474
f 474/474/474 495/495/495 496/496/496
f 474/474/474 496/496/496 475/475/475
f 475/475/475 496/496/496 497/497/497
f 475/475/475 497/497/497 476/476/476
f 476/476/476 497/497/497 498/498/498
f 476/476/476 498/498/498 477/477/477
f 477/477/477 498/498/498 499/499/499
f 477/477/477 499/499/499 478/478/478
f 478/478/478 499/499/499 500/500/500
f 478/478/478 500/500/500 479/479/479
f 479/479/479 500/500/500 501/501/501
f 479/479/479 501/501/501 480/480/480
f 480/480/480 501/501/501 502/502/502
f 480/480/480 502/502/502 481/481/481
f 481/481/481 502/502/502 503/503/503
f 481/481/481 503/503/503 482/482/482
f 482/482/482 503/503/503 504/504/504
f 482/482/482 504/504/504 483/483/483
f 483/483/483 504/504/504 505/505/505
f 483/483/483 505/505/505 484/484/484
f 484/484/484 505/505/505 506/506/506
f 484/484/484 506/506/506 485/485/485
f 486/486/486 507/507/507 508/508/508
f 486/486/486 508/508/508 487/487/487
f 487/487/487 508/508/508 509/509/509
f 487/487/487 509/509/509 488/488/488
f 488/488/488 509/509/509 510/510/510
f 488/488/488 510/510/510 489/489/489
f 489/489/489 510/510/510 511/511/511
f 489/489/489 511/511/511 490/490/490
f 490/490/490 511/511/511 512/512/512
f 490/490/490 512/512/512 491/491/491
f 491/491/491 512/512/512 513/513/513
f 491/491/491 513/513/513 492/492/492
f 492/492/492 513/513/513 514/514/514
f 492/492/492 514/514/514 493/493/493
f 493/493/493 514/514/514 515/515/515
f 493/493/493 515/515/515 494/494/494
f 494/494/494 515/515/515 516/516/516
f 494/494/494 516/516/516 495/495/495
f 495/495/495 516/516/516 517/517/517
f 495/495/495 517/517/517 496/496/496
f 496/496/496 517/517/517 518/518/518
f 496/496/496 518/518/518 497/497/497
f 497/497/497 518/518/518 519/519/519
f 497/497/497 519/519/519 498/498/498
f 498/498/498 519/519/519 520/520/520
f 498/498/498 520/520/520 499/499/499
f 499/499/499 520/520/520 521/521/521
f 499/499/499 521/521/521 500/500/500
f 500/500/500 521/521/521 522/522/522
f 500/500/500 522/522/522 501/501/501
f 501/501/501 522/522/522 523/523/523
f 501/501/501 523/523/523 502/502/502
f 502/502/502 523/523/523 524/524/524
f 502/502/502 524/524/524 503/503/503
f 503/503/503 524/524/524 525/525/525
f 503/503/503 525/525/525 504/504/504
f 504/504/504 525/525/525 526/526/526
f 504/504/504 526/526/526 505/505/505
f 505/505/505 526/526/526 527/527/527
f 505/505/505 527/527/527 506/506/506
f 507/507/507 528/528/528 529/529/529
f 507/507/507 529/529/529 508/508/508
f 508/508/508 529/529/529 530/530/530
f 508/508/508 530/530/530 509/509/509
f 509/509/509 530/530/530 531/531/531
f 509/509/509 531/531/531 510/510/510
f 510/510/510 531/531/531 532/532/532
f 510/510/510 532/532/532 511/511/511
f 511/511/511 532/532/532 533/533/533
f 511/511/511 533/533/533 512/512/512
f 512/512/512 533/533/533 534/534/534
f 512/512/512 534/534/534 513/513/513
f 513/513/513 534/534/534 535/535/535
f 513/513/513 535/535/535 514/514/514
f 514/514/514 535/535/535 536/536/536
f 514/514/514 536/536/536 515/515/515
f 515/515/515 536/536/536 537/537/537
f 515/515/515 537/537/537 516/516/516
f 516/516/516 537/537/537 538/538/538
f 516/516/516 538/538/538 517/517/517
f 517/517/517 538/538/538 539/539/539
f 517/517/517 539/539/539 518/518/518
f 518/518/518 539/539/539 540/540/540
f 518/518/518 540/540/540 519/519/519
f 519/519/519 540/540/540 541/541/541
f 519/519/519 541/541/541 520/520/520
f 520/520/520 541/541/541 542/542/542
f 520/520/520 542/542/542 521/521/521
f 521/521/521 542/542/542 543/543/543
f 521/521/521 543/543/543 522/522/522
f 522/522/522 543/543/543 544/544/544
f 522/522/522 544/544/544 523/523/523
f 523/523/523 544/544/544 545/545/545
f 523/523/523 545/545/545 524/524/524
f 524/524/524 545/545/545 546/546/546
f 524/524/524 546/546/546 525/525/525
f 525/525/525 546/546/546 547/547/547
f 525/525/525 547/547/547 526/526/526
f 526/526/526 547/547/547 548/548/548
f 526/526/526 548/548/548 527/527/527
f 528/528/528 549/549/549 550/550/550
f 528/528/528 550/550/550 529/529/529
f 529/529/529 550/550/550 551/551/551
f 529/529/529 551/551/551 530/530/530
f 530/530/530 551/551/551 552/552/552
f 530/530/530 552/552/552 531/531/531
f 531/531/531 552/552/552 553/553/553
f 531/531/531 553/553/553 532/532/532
f 532/532/532 553/553/553 554/554/554
f 532/532/532 554/554/554 533/533/533
f 533/533/533 554/554/554 555/555/555
f 533/533/533 555/555/555 534/534/534
f 534/534/534 555/555/555 556/556/556
f 534/534/534 556/556/556 535/535/535
f 535/535/535 556/556/556 557/557/557
f 535/535/535 557/557/557 536/536/536
f 536/536/536 557/557/557 558/558/558
f 536/536/536 558/558/558 537/537/537
f 537/537/537 558/558/558 559/559/559
f 537/537/537 559/559/559 538/538/538
f 538/538/538 559/559/559 560/560/560
f 538/538/538 560/560/560 539/539/539
f 539/539/539 560/560/560 561/561/561
f 539/539/539 561/561/561 540/540/540
f 540/540/540 561/561/561 562/562/562
f 540/540/540 562/562/562 541/541/541
f 541/541/541 562/562/562 563/563/563
f 541/541/541 563/563/563 542/542/542
f 542/542/542 563/563/563 564/564/564
f 542/542/542 564/564/564 543/543/543
f 543/543/543 564/564/564 565/565/565
f 543/543/543 565/565/565 544/544/544
f 544/544/544 565/565/565 566/566/566
f 544/544/544 566/566/566 545/545/545
f 545/545/545 566/566/566 567/567/567
f 545/545/545 567/567/567 546/546/546
f 546/546/546 567/567/567 568/568/568
f 546/546/546 568/568/568 547/547/547
f 547/547/547 568/568/568 569/569/569
f 547/547/547 569/569/569 548/548/548
f 549/549/549 570/570/570 571/571/571
f 549/549/549 571/571/571 550/550/550
f 550/550/550 571/571/571 572/572/572
f 550/550/550 572/572/572 551/551/551
f 551/551/551 572/572/572 573/573/573
f 551/551/551 573/573/573 552/552/552
f 552/552/552 573/573/573 574/574/574
f 552/552/552 574/574/574 553/553/553
f 553/553/553 574/574/574 575/575/575
f 553/553/553 575/575/575 554/554/554
f 554/554/554 575/575/575 576/576/576
f 554/554/554 576/576/576 555/555/555
f 555/555/555 576/576/576 577/577/577
f 555/555/555 577/577/577 556/556/556
f 556/556/556 577/577/577 578/578/578
f 556/556/556 578/578/578 557/557/557
f 557/557/557 578/578/578 579/579/579
f 557/557/557 579/579/579 558/558/558
f 558/558/558 579/579/579 580/580/580
f 558/558/558 580/580/580 559/559/559
f 559/559/559 580/580/580 581/581/581
f 559/559/559 581/581/581 560/560/560
f 560/560/560 581/581/581 582/582/582
f 560/560/560 582/582/582 561/561/561
f 561/561/561 582/582/582 583/583/583
f 561/561/561 583/583/583 562/562/562
f 562/562/562 583/583/583 584/584/584
f 562/562/562 584/584/584 563/563/563
f 563/563/563 584/584/584 585/585/585
f 563/563/563 585/585/585 564/564/564
f 564/564/564 585/585/585 586/586/586
f 564/564/564 586/586/586 565/565/565
f 565/565/565 586/586/586 587/587/587
f 565/565/565 587/587/587 566/566/566
f 566/566/566 587/587/587 588/588/588
f 566/566/566 588/588/588 567/567/567
f 567/567/567 588/588/588 589/589/589
f 567/567/567 589/589/589 568/568/568
f 568/568/568 589/589/589 590/590/590
f 568/568/568 590/590/590 569/569/569
f 570/570/570 591/591/591 592/592/592
f 570/570/570 592/592/592 571/571/571
f 571/571/571 592/592/592 593/593/593
f 571/571/571 593/593/593 572/572/572
f 572/572/572 593/593/593 594/594/594
f 572/572/572 594/594/594 573/573/573
f 573/573/573 594/594/594 595/595/595
f 573/573/573 595/595/595 574/574/574
f 574/574/574 595/595/595 596/596/596
f 574/574/574 596/596/596 575/575/575
f 575/575/575 596/596/596 597/597/597
f 575/575/575 597/597/597 576/576/576
f 576/576/576 597/597/597 598/598/598
f 576/576/576 598/598/598 577/577/577
f 577/577/577 598/598/598 599/599/599
f 577/577/577 599/599/599 578/578/578
f 578/578/578 599/599/599 600/600/600
f 578/578/578 600/600/600 579/579/579
f 579/579/579 600/600/600 601/601/601
f 579/579/579 601/601/601 580/580/580
f 580/580/580 601/601/601 602/602/602
f 580/580/580 602/602/602 581/581/581
f 581/581/581 602/602/602 603/603/603
f 581/581/581 603/603/603 582/582/582
f 582/582/582 603/603/603 604/604/604
f 582/582/582 604/604/604 583/583/583
f 583/583/583 604/604/604 605/605/605
f 583/583/583 605/605/605 584/584/584
f 584/584/584 605/605/605 606/606/606
f 584/584/584 606/606/606 585/585/585
f 585/585/585 606/606/606 607/607/607
f 585/585/585 607/607/607 586/586/586
f 586/586/586 607/607/607 608/608/608
f 586/586/586 608/608/608 587/587/587
f 587/587/587 608/608/608 609/609/609
f 587/587/587 609/609/609 588/588/588
f 588/588/588 609/609/609 610/610/610
f 588/588/588 610/610/610 589/589/589
f 589/589/589 610/610/610 611/611/611
f 589/589/589 611/611/611 590/590/590
f 591/591/591 612/612/612 613/613/613
f 591/591/591 613/613/613 592/592/592
f 592/592/592 613/613/613 614/614/614
f 592/592/592 614/614/614 593/593/593
f 593/593/593 614/614/614 615/615/615
f 593/593/593 615/615/615 594/594/594
f 594/594/594 615/615/615 616/616/616
f 594/594/594 616/616/616 595/595/595
f 595/595/595 616/616/616 617/617/617
f 595/595/595 617/617/617 596/596/596
f 596/596/596 617/617/617 618/618/618
f 596/596/596 618/618/618 597/597/597
f 597/597/597 618/618/618 619/619/619
f 597/597/597 619/619/619 598/598/598
f 598/598/598 619/619/619 620/620/620
f 598/598/598 620/620/620 599/599/599
f 599/599/599 620/620/620 621/621/621
f 599/599/599 621/621/621 600/600/600
f 600/600/600 621/621/621 622/622/622
f 600/600/600 622/622/622 601/601/601
f 601/601/601 622/622/622 623/623/623
f 601/601/601 623/623/623 602/602/602
f 602/602/602 623/623/623 624/624/624
f 602/602/602 624/624/624 603/603/603
f 603/603/603 624/624/624 625/625/625
f 603/603/603 625/625/625 604/604/604
f 604/604/604 625/625/625 626/626/626
f 604/604/604 626/626/626 605/605/605
f 605/605/605 626/626/626 627/627/627
f 605/605/605 627/627/627 606/606/606
f 606/606/606 627/627/627 628/628/628
f 606/606/606 628/628/628 607/607/607
f 607/607/607 628/628/628 629/629/629
f 607/607/607 629/629/629 608/608/608
f 608/608/608 629/629/629 630/630/630
f 608/608/608 630/630/630 609/609/609
f 609/609/609 630/630/630 631/631/631
f 609/609/609 631/631/631 610/610/610
f 610/610/610 631/631/631 632/632/632
f 610/610/610 632/632/632 611/611/611
f 612/612/612 633/633/633 634/634/634
f 612/612/612 634/634/634 613/613/613
f 613/613/613 634/634/634 635/635/635
f 613/613/613 635/635/635 614/614/614
f 614/614/614 635/635/635 636/636/636
f 614/614/614 636/636/636 615/615/615
f 615/615/615 636/636/636 637/637/637
f 615/615/615 637/637/637 616/616/616
f 616/616/616 637/637/637 638/638/638
f 616/616/616 638/638/638 617/617/617
f 617/617/617 638/638/638 639/639/639
f 617/617/617 639/639/639 618/618/618
f 618/618/618 639/639/639 640/640/640
f 618/618/618 640/640/640 619/619/619
f 619/619/619 640/640/640 641/641/641
f 619/619/619 641/641/641 620/620/620
f 620/620/620 641/641/641 642/642/642
f 620/620/620 642/642/642 621/621/621
f 621/621/621 642/642/642 643/643/643
f 621/621/621 643/643/643 622/622/622
f 622/622/622 643/643/643 644/644/644
f 622/622/622 644/644/644 623/623/623
f 623/623/623 644/644/644 645/645/645
f 623/623/623 645/645/645 624/624/624
f 624/624/624 645/645/645 646/646/646
f 624/624/624 646/646/646 625/625/625
f 625/625/625 646/646/646 647/647/647
f 625/625/625 647/647/647 626/626/626
f 626/626/626 647/647/647 648/648/648
f 626/626/626 648/648/648 627/627/627
f 627/627/627 648/648/648 649/649/649
f 627/627/627 649/649/649 628/628/628
f 628/628/628 649/649/649 650/650/650
f 628/628/628 650/650/650 629/629/629
f 629/629/629 650/650/650 651/651/651
f 629/629/629 651/651/651 630/630/630
f 630/630/630 651/651/651 652/652/652
f 630/630/630 652/652/652 631/631/631
f 631/631/631 652/652/652 653/653/653
f 631/631/631 653/653/653 632/632/632
f 633/633/633 654/654/654 655/655/655
f 633/633/633 655/655/655 634/634/634
f 634/634/634 655/655/655 656/656/656
f 634/634/634 656/656/656 635/635/635
f 635/635/635 656/656/656 657/657/657
f 635/635/635 657/657/657 636/636/636
f 636/636/636 657/657/657 658/658/658
f 636/636/636 658/658/658 637/637/637
f 637/637/637 658/658/658 659/659/659
f 637/637/637 659/659/659 638/638/638
f 638/638/638 659/659/659 660/660/660
f 638/638/638 660/660/660 639/639/639
f 639/639/639 660/660/660 661/661/661
f 639/639/639 661/661/661 640/640/640
f 640/640/640 661/661/661 662/662/662
f 640/640/640 662/662/662 641/641/641
f 641/641/641 662/662/662 663/663/663
f 641/641/641 663/663/663 642/642/642
f 642/642/642 663/663/663 664/664/664
f 642/642/642 664/664/664 643/643/643
f 643/643/643 664/664/664 665/665/665
f 643/643/643 665/665/665 644/644/644
f 644/644/644 665/665/665 666/666/666
f 644/644/644 666/666/666 645/645/645
f 645/645/645 666/666/666 667/667/667
f 645/645/645 667/667/667 646/646/646
f 646/646/646 667/667/667 668/668/668
f 646/646/646 668/668/668 647/647/647
f 647/647/647 668/668/668 669/669/669
f 647/647/647 669/669/669 648/648/648
f 648/648/648 669/669/669 670/670/670
f 648/648/648 670/670/670 649/649/649
f 649/649/649 670/670/670 671/671/671
f 649/649/649 671/671/671 650/650/650
f 650/650/650 671/671/671 672/672/672
f 650/650/650 672/672/672 651/651/651
f 651/651/651 672/672/672 673/673/673
f 651/651/651 673/673/673 652/652/652
f 652/652/652 673/673/673 674/674/674
f 652/652/652 674/674/674 653/653/653
f 654/654/654 675/675/675 676/676/676
f 654/654/654 676/676/676 655/655/655
f 655/655/655 676/676/676 677/677/677
f 655/655/655 677/677/677 656/656/656
f 656/656/656 677/677/677 678/678/678
f 656/656/656 678/678/678 657/657/657
f 657/657/657 678/678/678 679/679/679
f 657/657/657 679/679/679 658/658/658
f 658/658/658 679/679/679 680/680/680
f 658/658/658 680/680/680 659/659/659
f 659/659/659 680/680/680 681/681/681
f 659/659/659 681/681/681 660/660/660
f 660/660/660 681/681/681 682/682/682
f 660/660/660 682/682/682 661/661/661
f 661/661/661 682/682/682 683/683/683
f 661/661/661 683/683/683 662/662/662
f 662/662/662 683/683/683 684/684/684
f 662/662/662 684/684/684 663/663/663
f 663/663/663 684/684/684 685/685/685
f 663/663/663 685/685/685 664/664/664
f 664/664/664 685/685/685 686/686/686
f 664/664/664 686/686/686 665/665/665
f 665/665/665 686/686/686 687/687/687
f 665/665/665 687/687/687 666/666/666
f 666/666/666 687/687/687 688/688/688
f 666/666/666 688/688/688 667/667/667
f 667/667/667 688/688/688 689/689/689
f 667/667/667 689/689/689 668/668/668
f 668/668/668 689/689/689 690/690/690
f 668/668/668 690/690/690 669/669/669
f 669/669/669 690/690/690 691/691/691
f 669/669/669 691/691/691 670/670/670
f 670/670/670 691/691/691 692/692/692
f 670/670/670 692/692/692 671/671/671
f 671/671/671 692/692/692 693/693/693
f 671/671/671 693/693/693 672/672/672
f 672/672/672 693/693/693 694/694/694
f 672/672/672 694/694/694 673/673/673
f 673/673/673 694/694/694 695/695/695
f 673/673/673 695/695/695 674/674/674
f 675/675/675 696/696/696 697/697/697
f 675/675/675 697/697/697 676/676/676
f 676/676/676 697/697/697 698/698/698
f 676/676/676 698/698/698 677/677/677
f 677/677/677 698/698/698 699/699/699
f 677/677/677 699/699/699 678/678/678
f 678/678/678 699/699/699 700/700/700
f 678/678/678 700/700/700 679/679/679
f 679/679/679 700/700/700 701/701/701
f 679/679/679 701/701/701 680/680/680
f 680/680/680 701/701/701 702/702/702
f 680/680/680 702/702/702 681/681/681
f 681/681/681 702/702/702 703/703/703
f 681/681/681 703/703/703 682/682/682
f 682/682/682 703/703/703 704/704/704
f 682/682/682 704/704/704 683/683/683
f 683/683/683 704/704/704 705/705/705
f 683/683/683 705/705/705 684/684/684
f 684/684/684 705/705/705 706/706/706
f 684/684/684 706/706/706 685/685/685
f 685/685/685 706/706/706 707/707/707
f 685/685/685 707/707/707 686/686/686
f 686/686/686 707/707/707 708/708/708
f 686/686/686 708/708/708 687/687/687
f 687/687/687 708/708/708 709/709/709
f 687/687/687 709/709/709 688/688/688
f 688/688/688 709/709/709 710/710/710
f 688/688/688 710/710/710 689/689/689
f 689/689/689 710/710/710 711/711/711
f 689/689/689 711/711/711 690/690/690
f 690/690/690 711/711/711 712/712/712
f 690/690/690 712/712/712 691/691/691
f 691/691/691 712/712/712 713/713/713
f 691/691/691 713/713/713 692/692/692
f 692/692/692 713/713/713 714/714/714
f 692/692/692 714/714/714 693/693/693
f 693/693/693 714/714/714 715/715/715
f 693/693/693 715/715/715 694/694/694
f 694/694/694 715/715/715 716/716/716
f 694/694/694 716/716/716 695/695/695
f 696/696/696 717/717/717 718/718/718
f 696/696/696 718/718/718 697/697/697
f 697/697/697 718/718/718 719/719/719
f 697/697/697 719/719/719 698/698/698
f 698/698/698 719/719/719 720/720/720
f 698/698/698 720/720/720 699/699/699
f 699/699/699 720/720/720 721/721/721
f 699/699/699 721/721/721 700/700/700
f 700/700/700 721/721/721 722/722/722
f 700/700/700 722/722/722 701/701/701
f 701/701/701 722/722/722 723/723/723
f 701/701/701 723/723/723 702/702/702
f 702/702/702 723/723/723 724/724/724
f 702/702/702 724/724/724 703/703/703
f 703/703/703 724/724/724 725/725/725
f 703/703/703 725/725/725 704/704/704
f 704/704/704 725/725/725 726/726/726
f 704/704/704 726/726/726 705/705/705
f 705/705/705 726/726/726 727/727/727
f 705/705/705 727/727/727 706/706/706
f 706/706/706 727/727/727 728/728/728
f 706/706/706 728/728/728 707/707/707
f 707/707/707 728/728/728 729/729/729
f 707/707/707 729/729/729 708/708/708
f 708/708/708 729/729/729 730/730/730
f 708/708/708 730/730/730 709/709/709
f 709/709/709 730/730/730 731/731/731
f 709/709/709 731/731/731 710/710/710
f 710/710/710 731/731/731 732/732/732
f 710/710/710 732/732/732 711/711/711
f 711/711/711 732/732/732 733/733/733
f 711/711/711 733/733/733 712/712/712
f 712/712/712 733/733/733 734/734/734
f 712/712/712 734/734/734 713/713/713
f 713/713/713 734/734/734 735/735/735
f 713/713/713 735/735/735 714/714/714
f 714/714/714 735/735/735 736/736/736
f 714/714/714 736/736/736 715/715/715
f 715/715/715 736/736/736 737/737/737
f 715/715/715 737/737/737 716/716/716
f 717/717/717 738/738/738 739/739/739
f 717/717/717 739/739/739 718/718/718
f 718/718/718 739/739/739 740/740/740
f 718/718/718 740/740/740 719/719/719
f 719/719/719 740/740/740 741/741/741
f 719/719/719 741/741/741 720/720/720
f 720/720/720 741/741/741 742/742/742
f 720/720/720 742/742/742 721/721/721
f 721/721/721 742/742/742 743/743/743
f 721/721/721 743/743/743 722/722/722
f 722/722/722 743/743/743 744/744/744
f 722/722/722 744/744/744 723/723/723
f 723/723/723 744/744/744 745/745/745
f 723/723/723 745/745/745 724/724/724
f 724/724/724 745/745/745 746/746/746
f 724/724/724 746/746/746 725/725/725
f 725/725/725 746/746/746 747/747/747
f 725/725/725 747/747/747 726/726/726
f 726/726/726 747/747/747 748/748/748
f 726/726/726 748/748/748 727/727/727
f 727/727/727 748/748/748 749/749/749
f 727/727/727 749/749/749 728/728/728
f 728/728/728 749/749/749 750/750/750
f 728/728/728 750/750/750 729/729/729
f 729/729/729 750/750/750 751/751/751
f 729/729/729 751/751/751 730/730/730
f 730/730/730 751/751/751 752/752/752
f 730/730/730 752/752/752 731/731/731
f 731/731/731 752/752/752 753/753/753
f 731/731/731 753/753/753 732/732/732
f 732/732/732 753/753/753 754/754/754
f 732/732/732 754/754/754 733/733/733
f 733/733/733 754/754/754 755/755/755
f 733/733/733 755/755/755 734/734/734
f 734/734/734 755/755/755 756/756/756
f 734/734/734 756/756/756 735/735/735
f 735/735/735 756/756/756 757/757/757
f 735/735/735 757/757/757 736/736/736
f 736/736/736 757/757/757 758/758/758
f 736/736/736 758/758/758 737/737/737
f 738/738/738 759/759/759 760/760/760
f 738/738/738 760/760/760 739/739/739
f 739/739/739 760/760/760 761/761/761
f 739/739/739 761/761/761 740/740/740
f 740/740/740 761/761/761 762/762/762
f 740/740/740 762/762/762 741/741/741
f 741/741/741 762/762/762 763/763/763
f 741/741/741 763/763/763 742/742/742
f 742/742/742 763/763/763 764/764/764
f 742/742/742 764/764/764 743/743/743
f 743/743/743 764/764/764 765/765/765
f 743/743/743 765/765/765 744/744/744
f 744/744/744 765/765/765 766/766/766
f 744/744/744 766/766/766 745/745/745
f 745/745/745 766/766/766 767/767/767
f 745/745/745 767/767/767 746/746/746
f 746/746/746 767/767/767 768/768/768
f 746/746/746 768/768/768 747/747/747
f 747/747/747 768/768/768 769/769/769
f 747/747/747 769/769/769 748/748/748
f 748/748/748 769/769/769 770/770/770
f 748/748/748 770/770/770 749/749/749
f 749/749/749 770/770/770 771/771/771
f 749/749/749 771/771/771 750/750/750
f 750/750/750 771/771/771 772/772/772
f 750/750/750 772/772/772 751/751/751
f 751/751/751 772/772/772 773/773/773
f 751/751/751 773/773/773 752/752/752
f 752/752/752 773/773/773 774/774/774
f 752/752/752 774/774/774 753/753/753
f 753/753/753 774/774/774 775/775/775
f 753/753/753 775/775/775 754/754/754
f 754/754/754 775/775/775 776/776/776
f 754/754/754 776/776/776 755/755/755
f 755/755/755 776/776/776 777/777/777
f 755/755/755 777/777/777 756/756/756
f 756/756/756 777/777/777 778/778/778
f 756/756/756 778/778/778 757/757/757
f 757/757/757 778/778/778 779/779/779
f 757/757/757 779/779/779 758/758/758
f 759/759/759 780/780/780 781/781/781
f 759/759/759 781/781/781 760/760/760
f 760/760/760 781/781/781 782/782/782
f 760/760/760 782/782/782 761/761/761
f 761/761/761 782/782/782 783/783/783
f 761/761/761 783/783/783 762/762/762
f 762/762/762 783/783/783 784/784/784
f 762/762/762 784/784/784 763/763/763
f 763/763/763 784/784/784 785/785/785
f 763/763/763 785/785/785 764/764/764
f 764/764/764 785/785/785 786/786/786
f 764/764/764 786/786/786 765/765/765
f 765/765/765 786/786/786 787/787/787
f 765/765/765 787/787/787 766/766/766
f 766/766/766 787/787/787 788/788/788
f 766/766/766 788/788/788 767/767/767
f 767/767/767 788/788/788 789/789/789
f 767/767/767 789/789/789 768/768/768
f 768/768/768 789/789/789 790/790/790
f 768/768/768 790/790/790 769/769/769
f 769/769/769 790/790/790 791/791/791
f 769/769/769 791/791/791 770/770/770
f 770/770/770 791/791/791 792/792/792
f 770/770/770 792/792/792 771/771/771
f 771/771/771 792/792/792 793/793/793
f 771/771/771 793/793/793 772/772/772
f 772/772/772 793/793/793 794/794/794
f 772/772/772 794/794/794 773/773/773
f 773/773/773 794/794/794 795/795/795
f 773/773/773 795/795/795 774/774/774
f 774/774/774 795/795/795 796/796/796
f 774/774/774 796/796/796 775/775/775
f 775/775/775 796/796/796 797/797/797
f 775/775/775 797/797/797 776/776/776
f 776/776/776 797/797/797 798/798/798
f 776/776/776 798/798/798 777/777/777
f 777/777/777 798/798/798 799/799/799
f 777/777/777 799/799/799 778/778/778
f 778/778/778 799/799/799 800/800/800
f 778/778/778 800/800/800 779/779/779
f 780/780/780 801/801/801 802/802/802
f 780/780/780 802/802/802 781/781/781
f 781/781/781 802/802/802 803/803/803
f 781/781/781 803/803/803 782/782/782
f 782/782/782 803/803/803 804/804/804
f 782/782/782 804/804/804 783/783/783
f 783/783/783 804/804/804 805/805/805
f 783/783/783 805/805/805 784/784/784
f 784/784/784 805/805/805 806/806/806
f 784/784/784 806/806/806 785/785/785
f 785/785/785 806/806/806 807/807/807
f 785/785/785 807/807/807 786/786/786
f 786/786/786 807/807/807 808/808/808
f 786/786/786 808/808/808 787/787/787
f 787/787/787 808/808/808 809/809/809
f 787/787/787 809/809/809 788/788/788
f 788/788/788 809/809/809 810/810/810
f 788/788/788 810/810/810 789/789/789
f 789/789/789 810/810/810 811/811/811
f 789/789/789 811/811/811 790/790/790
f 790/790/790 811/811/811 812/812/812
f 790/790/790 812/812/812 791/791/791
f 791/791/791 812/812/812 813/813/813
f 791/791/791 813/813/813 792/792/792
f 792/792/792 813/813/813 814/814/814
f 792/792/792 814/814/814 793/793/793
f 793/793/793 814/814/814 815/815/815
f 793/793/793 815/815/815 794/794/794
f 794/794/794 815/815/815 816/816/816
f 794/794/794 816/816/816 795/795/795
f 795/795/795 816/816/816 817/817/817
f 795/795/795 817/817/817 796/796/796
f 796/796/796 817/817/817 818/818/818
f 796/796/796 818/818/818 797/797/797
f 797/797/797 818/818/818 819/819/819
f 797/797/797 819/819/819 798/798/798
f 798/798/798 819/819/819 820/820/820
f 798/798/798 820/820/820 799/799/799
f 799/799/799 820/820/820 821/821/821
f 799/799/799 821/821/821 800/800/800
f 801/801/801 822/822/822 823/823/823
f 801/801/801 823/823/823 802/802/802
f 802/802/802 823/823/823 824/824/824
f 802/802/802 824/824/824 803/803/803
f 803/803/803 824/824/824 825/825/825
f 803/803/803 825/825/825 804/804/804
f 804/804/804 825/825/825 826/826/826
f 804/804/804 826/826/826 805/805/805
f 805/805/805 826/826/826 827/827/827
f 805/805/805 827/827/827 806/806/806
f 806/806/806 827/827/827 828/828/828
f 806/806/806 828/828/828 807/807/807
f 807/807/807 828/828/828 829/829/829
f 807/807/807 829/829/829 808/808/808
f 808/808/808 829/829/829 830/830/830
f 808/808/808 830/830/830 809/809/809
f 809/809/809 830/830/830 831/831/831
f 809/809/809 831/831/831 810/810/810
f 810/810/810 831/831/831 832/832/832
f 810/810/810 832/832/832 811/811/811
f 811/811/811 832/832/832 833/833/833
f 811/811/811 833/833/833 812/812/812
f 812/812/812 833/833/833 834/834/834
f 812/812/812 834/834/834 813/813/813
f 813/813/813 834/834/834 835/835/835
f 813/813/813 835/835/835 814/814/814
f 814/814/814 835/835/835 836/836/836
f 814/814/814 836/836/836 815/815/815
f 815/815/815 836/836/836 837/837/837
f 815/815/815 837/837/837 816/816/816
f 816/816/816 837/837/837 838/838/838
f 816/816/816 838/838/838 817/817/817
f 817/817/817 838/838/838 839/839/839
f 817/817/817 839/839/839 818/818/818
f 818/818/818 839/839/839 840/840/840
f 818/818/818 840/840/840 819/819/819
f 819/819/819 840/840/840 841/841/841
f 819/819/819 841/841/841 820/820/820
f 820/820/820 841/841/841 842/842/842
f 820/820/820 842/842/842 821/821/821
f 822/822/822 843/843/843 844/844/844
f 822/822/822 844/844/844 823/823/823
f 823/823/823 844/844/844 845/845/845
f 823/823/823 845/845/845 824/824/824
f 824/824/824 845/845/845 846/846/846
f 824/824/824 846/846/846 825/825/825
f 825/825/825 846/846/846 847/847/847
f 825/825/825 847/847/847 826/826/826
f 826/826/826 847/847/847 848/848/848
f 826/826/826 848/848/848 827/827/827
f 827/827/827 848/848/848 849/849/849
f 827/827/827 849/849/849 828/828/828
f 828/828/828 849/849/849 850/850/850
f 828/828/828 850/850/850 829/829/829
f 829/829/829 850/850/850 851/851/851
f 829/829/829 851/851/851 830/830/830
f 830/830/830 851/851/851 852/852/852
f 830/830/830 852/852/852 831/831/831
f 831/831/831 852/852/852 853/853/853
f 831/831/831 853/853/853 832/832/832
f 832/832/832 853/853/853 854/854/854
f 832/832/832 854/854/854 833/833/833
f 833/833/833 854/854/854 855/855/855
f 833/833/833 855/855/855 834/834/834
f 834/834/834 855/855/855 856/856/856
f 834/834/834 856/856/856 835/835/835
f 835/835/835 856/856/856 857/857/857
f 835/835/835 857/857/857 836/836/836
f 836/836/836 857/857/857 858/858/858
f 836/836/836 858/858/858 837/837/837
f 837/837/837 858/858/858 859/859/859
f 837/837/837 859/859/859 838/838/838
f 838/838/838 859/859/859 860/860/860
f 838/838/838 860/860/860 839/839/839
f 839/839/839 860/860/860 861/861/861
f 839/839/839 861/861/861 840/840/840
f 840/840/840 861/861/861 862/862/862
f 840/840/840 862/862/862 841/841/841
f 841/841/841 862/862/862 863/863/863
f 841/841/841 863/863/863 842/842/842
f 843/843/843 864/864/864 865/865/865
f 843/843/843 865/865/865 844/844/844
f 844/844/844 865/865/865 866/866/866
f 844/844/844 866/866/866 845/845/845
f 845/845/845 866/866/866 867/867/867
f 845/845/845 867/867/867 846/846/846
f 846/846/846 867/867/867 868/868/868
f 846/846/846 868/868/868 847/847/847
f 847/847/847 868/868/868 869/869/869
f 847/847/847 869/869/869 848/848/848
f 848/848/848 869/869/869 870/870/870
f 848/848/848 870/870/870 849/849/849
f 849/849/849 870/870/870 871/871/871
f 849/849/849 871/871/871 850/850/850
f 850/850/850 871/871/871 872/872/872
f 850/850/850 872/872/872 851/851/851
f 851/851/851 872/872/872 873/873/873
f 851/851/851 873/873/873 852/852/852
f 852/852/852 873/873/873 874/874/874
f 852/852/852 874/874/874 853/853/853
f 853/853/853 874/874/874 875/875/875
f 853/853/853 875/875/875 854/854/854
f 854/854/854 875/875/875 876/876/876
f 854/854/854 876/876/876 855/855/855
f 855/855/855 876/876/876 877/877/877
f 855/855/855 877/877/877 856/856/856
f 856/856/856 877/877/877 878/878/878
f 856/856/856 878/878/878 857/857/857
f 857/857/857 878/878/878 879/879/879
f 857/857/857 879/879/879 858/858/858
f 858/858/858 879/879/879 880/880/880
f 858/858/858 880/880/880 859/859/859
f 859/859/859 880/880/880 881/881/881
f 859/859/859 881/881/881 860/860/860
f 860/860/860 881/881/881 882/882/882
f 860/860/860 882/882/882 861/861/861
f 861/861/861 882/882/882 883/883/883
f 861/861/861 883/883/883 862/862/862
f 862/862/862 883/883/883 884/884/884
f 862/862/862 884/884/884 863/863/863
f 864/864/864 885/885/885 886/886/886
f 864/864/864 886/886/886 865/865/865
f 865/865/865 886/886/886 887/887/887
f 865/865/865 887/887/887 866/866/866
f 866/866/866 887/887/887 888/888/888
f 866/866/866 888/888/888 867/867/867
f 867/867/867 888/888/888 889/889/889
f 867/867/867 889/889/889 868/868/868
f 868/868/868 889/889/889 890/890/890
f 868/868/868 890/890/890 869/869/869
f 869/869/869 890/890/890 891/891/891
f 869/869/869 891/891/891 870/870/870
f 870/870/870 891/891/891 892/892/892
f 870/870/870 892/892/892 871/871/871
f 871/871/871 892/892/892 893/893/893
f 871/871/871 893/893/893 872/872/872
f 872/872/872 893/893/893 894/894/894
f 872/872/872 894/894/894 873/873/873
f 873/873/873 894/894/894 895/895/895
f 873/873/873 895/895/895 874/874/874
f 874/874/874 895/895/895 896/896/896
f 874/874/874 896/896/896 875/875/875
f 875/875/875 896/896/896 897/897/897
f 875/875/875 897/897/897 876/876/876
f 876/876/876 897/897/897 898/898/898
f 876/876/876 898/898/898 877/877/877
f 877/877/877 898/898/898 899/899/899
f 877/877/877 899/899/899 878/878/878
f 878/878/878 899/899/899 900/900/900
f 878/878/878 900/900/900 879/879/879
f 879/879/879 900/900/900 901/901/901
f 879/879/879 901/901/901 880/880/880
f 880/880/880 901/901/901 902/902/902
f 880/880/880 902/902/902 881/881/881
f 881/881/881 902/902/902 903/903/903
f 881/881/881 903/903/903 882/882/882
f 882/882/882 903/903/903 904/904/904
f 882/882/882 904/904/904 883/883/883
f 883/883/883 904/904/904 905/905/905
f 883/883/883 905/905/905 884/884/884
f 885/885/885 906/906/906 907/907/907
f 885/885/885 907/907/907 886/886/886
f 886/886/886 907/907/907 908/908/908
f 886/886/886 908/908/908 887/887/887
f 887/887/887 908/908/908 909/909/909
f 887/887/887 909/909/909 888/888/888
f 888/888/888 909/909/909 910/910/910
f 888/888/888 910/910/910 889/889/889
f 889/889/889 910/910/910 911/911/911
f 889/889/889 911/911/911 890/890/890
f 890/890/890 911/911/911 912/912/912
f 890/890/890 912/912/912 891/891/891
f 891/891/891 912/912/912 913/913/913
f 891/891/891 913/913/913 892/892/892
f 892/892/892 913/913/913 914/914/914
f 892/892/892 914/914/914 893/893/893
f 893/893/893 914/914/914 915/915/915
f 893/893/893 915/915/915 894/894/894
f 894/894/894 915/915/915 916/916/916
f 894/894/894 916/916/916 895/895/895
f 895/895/895 916/916/916 917/917/917
f 895/895/895 917/917/917 896/896/896
f 896/896/896 917/917/917 918/918/918
f 896/896/896 918/918/918 897/897/897
f 897/897/897 918/918/918 919/919/919
f 897/897/897 919/919/919 898/898/898
f 898/898/898 919/919/919 920/920/920
f 898/898/898 920/920/920 899/899/899
f 899/899/899 920/920/920 921/921/921
f 899/899/899 921/921/921 900/900/900
f 900/900/900 921/921/921 922/922/922
f 900/900/900 922/922/922 901/901/901
f 901/901/901 922/922/922 923/923/923
f 901/901/901 923/923/923 902/902/902
f 902/902/902 923/923/923 924/924/924
f 902/902/902 924/924/924 903/903/903
f 903/903/903 924/924/924 925/925/925
f 903/903/903 925/925/925 904/904/904
f 904/904/904 925/925/925 926/926/926
f 904/904/904 926/926/926 905/905/905
f 906/906/906 927/927/927 928/928/928
f 906/906/906 928/928/928 907/907/907
f 907/907/907 928/928/928 929/929/929
f 907/907/907 929/929/929 908/908/908
f 908/908/908 929/929/929 930/930/930
f 908/908/908 930/930/930 909/909/909
f 909/909/909 930/930/930 931/931/931
f 909/909/909 931/931/931 910/910/910
f 910/910/910 931/931/931 932/932/932
f 910/910/910 932/932/932 911/911/911
f 911/911/911 932/932/932 933/933/933
f 911/911/911 933/933/933 912/912/912
f 912/912/912 933/933/933 934/934/934
f 912/912/912 934/934/934 913/913/913
f 913/913/913 934/934/934 935/935/935
f 913/913/913 935/935/935 914/914/914
f 914/914/914 935/935/935 936/936/936
f 914/914/914 936/936/936 915/915/915
f 915/915/915 936/936/936 937/937/937
f 915/915/915 937/937/937 916/916/916
f 916/916/916 937/937/937 938/938/938
f 916/916/916 938/938/938 917/917/917
f 917/917/917 938/938/938 939/939/939
f 917/917/917 939/939/939 918/918/918
f 918/918/918 939/939/939 940/940/940
f 918/918/918 940/940/940 919/919/919
f 919/919/919 940/940/940 941/941/941
f 919/919/919 941/941/941 920/920/920
f 920/920/920 941/941/941 942/942/942
f 920/920/920 942/942/942 921/921/921
f 921/921/921 942/942/942 943/943/943
f 921/921/921 943/943/943 922/922/922
f 922/922/922 943/943/943 944/944/944
f 922/922/922 944/944/944 923/923/923
f 923/923/923 944/944/944 945/945/945
f 923/923/923 945/945/945 924/924/924
f 924/924/924 945/945/945 946/946/946
f 924/924/924 946/946/946 925/925/925
f 925/925/925 946/946/946 947/947/947
f 925/925/925 947/947/947 926/926/926
