# procedural asset
v 0.00000 0.00000 0.00000
v 0.35556 0.00000 0.00000
v 0.71111 0.00000 0.00000
v 1.06667 0.00000 0.00000
v 1.42222 0.00000 0.00000
v 1.77778 0.00000 0.00000
v 2.13333 0.00000 0.00000
v 2.38519 0.00444 0.00000
v 2.32593 0.02222 0.00000
v 2.26667 0.04000 0.00000
v 2.20741 0.05778 0.00000
v 2.14815 0.07556 0.00000
v 2.08889 0.09333 0.00000
v 2.02963 0.11111 0.00000
v 1.95556 0.40741 0.00000
v 1.86667 0.98222 0.00000
v 1.77778 1.55704 0.00000
v 1.68889 2.13185 0.00000
v 1.60000 2.70667 0.00000
v 1.51111 3.28148 0.00000
v 1.42222 3.85630 0.00000
v 1.38889 4.03333 0.00000
v 1.37407 4.07778 0.00000
v 1.35926 4.12222 0.00000
v 1.34444 4.16667 0.00000
v 1.32963 4.21111 0.00000
v 1.31481 4.25556 0.00000
v 1.30000 4.30000 0.00000
v 1.32222 4.31481 0.00000
v 1.34444 4.32963 0.00000
v 1.36667 4.34444 0.00000
v 1.38889 4.35926 0.00000
v 1.41111 4.37407 0.00000
v 1.43333 4.38889 0.00000
v 1.45000 4.42593 0.00000
v 1.45000 4.52963 0.00000
v 1.45000 4.63333 0.00000
v 1.45000 4.73704 0.00000
v 1.45000 4.84074 0.00000
v 1.45000 4.94444 0.00000
v 1.45000 5.04815 0.00000
v 1.40556 5.12963 0.00000
v 1.31667 5.18889 0.00000
v 1.22778 5.24815 0.00000
v 1.13889 5.30741 0.00000
v 1.05000 5.36667 0.00000
v 0.96111 5.42593 0.00000
v 0.87222 5.48519 0.00000
v 0.75556 5.50000 0.00000
v 0.62963 5.50000 0.00000
v 0.50370 5.50000 0.00000
v 0.37778 5.50000 0.00000
v 0.25185 5.50000 0.00000
v 0.12593 5.50000 0.00000
v 0.00000 5.50000 0.00000
v 0.00000 0.00000 0.00000
v 0.32849 0.00000 0.13607
v 0.65698 0.00000 0.27213
v 0.98547 0.00000 0.40820
v 1.31396 0.00000 0.54426
v 1.64245 0.00000 0.68033
v 1.97094 0.00000 0.81639
v 2.20362 0.00444 0.91277
v 2.14888 0.02222 0.89009
v 2.09413 0.04000 0.86742
v 2.03938 0.05778 0.84474
v 1.98463 0.07556 0.82206
v 1.92988 0.09333 0.79938
v 1.87513 0.11111 0.77671
v 1.80670 0.40741 0.74836
v 1.72458 0.98222 0.71434
v 1.64245 1.55704 0.68033
v 1.56033 2.13185 0.64631
v 1.47821 2.70667 0.61229
v 1.39608 3.28148 0.57828
v 1.31396 3.85630 0.54426
v 1.28317 4.03333 0.53150
v 1.26948 4.07778 0.52584
v 1.25579 4.12222 0.52017
v 1.24210 4.16667 0.51450
v 1.22842 4.21111 0.50883
v 1.21473 4.25556 0.50316
v 1.20104 4.30000 0.49749
v 1.22157 4.31481 0.50599
v 1.24210 4.32963 0.51450
v 1.26264 4.34444 0.52300
v 1.28317 4.35926 0.53150
v 1.30370 4.37407 0.54001
v 1.32423 4.38889 0.54851
v 1.33963 4.42593 0.55489
v 1.33963 4.52963 0.55489
v 1.33963 4.63333 0.55489
v 1.33963 4.73704 0.55489
v 1.33963 4.84074 0.55489
v 1.33963 4.94444 0.55489
v 1.33963 5.04815 0.55489
v 1.29856 5.12963 0.53788
v 1.21644 5.18889 0.50387
v 1.13432 5.24815 0.46985
v 1.05220 5.30741 0.43583
v 0.97007 5.36667 0.40182
v 0.88795 5.42593 0.36780
v 0.80583 5.48519 0.33378
v 0.69804 5.50000 0.28914
v 0.58170 5.50000 0.24095
v 0.46536 5.50000 0.19276
v 0.34902 5.50000 0.14457
v 0.23268 5.50000 0.09638
v 0.11634 5.50000 0.04819
v 0.00000 5.50000 0.00000
v 0.00000 0.00000 0.00000
v 0.25142 0.00000 0.25142
v 0.50283 0.00000 0.50283
v 0.75425 0.00000 0.75425
v 1.00566 0.00000 1.00566
v 1.25708 0.00000 1.25708
v 1.50849 0.00000 1.50849
v 1.68658 0.00444 1.68658
v 1.64468 0.02222 1.64468
v 1.60278 0.04000 1.60278
v 1.56087 0.05778 1.56087
v 1.51897 0.07556 1.51897
v 1.47707 0.09333 1.47707
v 1.43516 0.11111 1.43516
v 1.38279 0.40741 1.38279
v 1.31993 0.98222 1.31993
v 1.25708 1.55704 1.25708
v 1.19422 2.13185 1.19422
v 1.13137 2.70667 1.13137
v 1.06852 3.28148 1.06852
v 1.00566 3.85630 1.00566
v 0.98209 4.03333 0.98209
v 0.97162 4.07778 0.97162
v 0.96114 4.12222 0.96114
v 0.95067 4.16667 0.95067
v 0.94019 4.21111 0.94019
v 0.92971 4.25556 0.92971
v 0.91924 4.30000 0.91924
v 0.93495 4.31481 0.93495
v 0.95067 4.32963 0.95067
v 0.96638 4.34444 0.96638
v 0.98209 4.35926 0.98209
v 0.99781 4.37407 0.99781
v 1.01352 4.38889 1.01352
v 1.02530 4.42593 1.02530
v 1.02530 4.52963 1.02530
v 1.02530 4.63333 1.02530
v 1.02530 4.73704 1.02530
v 1.02530 4.84074 1.02530
v 1.02530 4.94444 1.02530
v 1.02530 5.04815 1.02530
v 0.99388 5.12963 0.99388
v 0.93102 5.18889 0.93102
v 0.86817 5.24815 0.86817
v 0.80532 5.30741 0.80532
v 0.74246 5.36667 0.74246
v 0.67961 5.42593 0.67961
v 0.61675 5.48519 0.61675
v 0.53426 5.50000 0.53426
v 0.44522 5.50000 0.44522
v 0.35617 5.50000 0.35617
v 0.26713 5.50000 0.26713
v 0.17809 5.50000 0.17809
v 0.08904 5.50000 0.08904
v 0.00000 5.50000 0.00000
v 0.00000 0.00000 0.00000
v 0.13607 0.00000 0.32849
v 0.27213 0.00000 0.65698
v 0.40820 0.00000 0.98547
v 0.54426 0.00000 1.31396
v 0.68033 0.00000 1.64245
v 0.81639 0.00000 1.97094
v 0.91277 0.00444 2.20362
v 0.89009 0.02222 2.14888
v 0.86742 0.04000 2.09413
v 0.84474 0.05778 2.03938
v 0.82206 0.07556 1.98463
v 0.79938 0.09333 1.92988
v 0.77671 0.11111 1.87513
v 0.74836 0.40741 1.80670
v 0.71434 0.98222 1.72458
v 0.68033 1.55704 1.64245
v 0.64631 2.13185 1.56033
v 0.61229 2.70667 1.47821
v 0.57828 3.28148 1.39608
v 0.54426 3.85630 1.31396
v 0.53150 4.03333 1.28317
v 0.52584 4.07778 1.26948
v 0.52017 4.12222 1.25579
v 0.51450 4.16667 1.24210
v 0.50883 4.21111 1.22842
v 0.50316 4.25556 1.21473
v 0.49749 4.30000 1.20104
v 0.50599 4.31481 1.22157
v 0.51450 4.32963 1.24210
v 0.52300 4.34444 1.26264
v 0.53150 4.35926 1.28317
v 0.54001 4.37407 1.30370
v 0.54851 4.38889 1.32423
v 0.55489 4.42593 1.33963
v 0.55489 4.52963 1.33963
v 0.55489 4.63333 1.33963
v 0.55489 4.73704 1.33963
v 0.55489 4.84074 1.33963
v 0.55489 4.94444 1.33963
v 0.55489 5.04815 1.33963
v 0.53788 5.12963 1.29856
v 0.50387 5.18889 1.21644
v 0.46985 5.24815 1.13432
v 0.43583 5.30741 1.05220
v 0.40182 5.36667 0.97007
v 0.36780 5.42593 0.88795
v 0.33378 5.48519 0.80583
v 0.28914 5.50000 0.69804
v 0.24095 5.50000 0.58170
v 0.19276 5.50000 0.46536
v 0.14457 5.50000 0.34902
v 0.09638 5.50000 0.23268
v 0.04819 5.50000 0.11634
v 0.00000 5.50000 0.00000
v 0.00000 0.00000 0.00000
v 0.00000 0.00000 0.35556
v 0.00000 0.00000 0.71111
v 0.00000 0.00000 1.06667
v 0.00000 0.00000 1.42222
v 0.00000 0.00000 1.77778
v 0.00000 0.00000 2.13333
v 0.00000 0.00444 2.38519
v 0.00000 0.02222 2.32593
v 0.00000 0.04000 2.26667
v 0.00000 0.05778 2.20741
v 0.00000 0.07556 2.14815
v 0.00000 0.09333 2.08889
v 0.00000 0.11111 2.02963
v 0.00000 0.40741 1.95556
v 0.00000 0.98222 1.86667
v 0.00000 1.55704 1.77778
v 0.00000 2.13185 1.68889
v 0.00000 2.70667 1.60000
v 0.00000 3.28148 1.51111
v 0.00000 3.85630 1.42222
v 0.00000 4.03333 1.38889
v 0.00000 4.07778 1.37407
v 0.00000 4.12222 1.35926
v 0.00000 4.16667 1.34444
v 0.00000 4.21111 1.32963
v 0.00000 4.25556 1.31481
v 0.00000 4.30000 1.30000
v 0.00000 4.31481 1.32222
v 0.00000 4.32963 1.34444
v 0.00000 4.34444 1.36667
v 0.00000 4.35926 1.38889
v 0.00000 4.37407 1.41111
v 0.00000 4.38889 1.43333
v 0.00000 4.42593 1.45000
v 0.00000 4.52963 1.45000
v 0.00000 4.63333 1.45000
v 0.00000 4.73704 1.45000
v 0.00000 4.84074 1.45000
v 0.00000 4.94444 1.45000
v 0.00000 5.04815 1.45000
v 0.00000 5.12963 1.40556
v 0.00000 5.18889 1.31667
v 0.00000 5.24815 1.22778
v 0.00000 5.30741 1.13889
v 0.00000 5.36667 1.05000
v 0.00000 5.42593 0.96111
v 0.00000 5.48519 0.87222
v 0.00000 5.50000 0.75556
v 0.00000 5.50000 0.62963
v 0.00000 5.50000 0.50370
v 0.00000 5.50000 0.37778
v 0.00000 5.50000 0.25185
v 0.00000 5.50000 0.12593
v 0.00000 5.50000 0.00000
v 0.00000 0.00000 0.00000
v -0.13607 0.00000 0.32849
v -0.27213 0.00000 0.65698
v -0.40820 0.00000 0.98547
v -0.54426 0.00000 1.31396
v -0.68033 0.00000 1.64245
v -0.81639 0.00000 1.97094
v -0.91277 0.00444 2.20362
v -0.89009 0.02222 2.14888
v -0.86742 0.04000 2.09413
v -0.84474 0.05778 2.03938
v -0.82206 0.07556 1.98463
v -0.79938 0.09333 1.92988
v -0.77671 0.11111 1.87513
v -0.74836 0.40741 1.80670
v -0.71434 0.98222 1.72458
v -0.68033 1.55704 1.64245
v -0.64631 2.13185 1.56033
v -0.61229 2.70667 1.47821
v -0.57828 3.28148 1.39608
v -0.54426 3.85630 1.31396
v -0.53150 4.03333 1.28317
v -0.52584 4.07778 1.26948
v -0.52017 4.12222 1.25579
v -0.51450 4.16667 1.24210
v -0.50883 4.21111 1.22842
v -0.50316 4.25556 1.21473
v -0.49749 4.30000 1.20104
v -0.50599 4.31481 1.22157
v -0.51450 4.32963 1.24210
v -0.52300 4.34444 1.26264
v -0.53150 4.35926 1.28317
v -0.54001 4.37407 1.30370
v -0.54851 4.38889 1.32423
v -0.55489 4.42593 1.33963
v -0.55489 4.52963 1.33963
v -0.55489 4.63333 1.33963
v -0.55489 4.73704 1.33963
v -0.55489 4.84074 1.33963
v -0.55489 4.94444 1.33963
v -0.55489 5.04815 1.33963
v -0.53788 5.12963 1.29856
v -0.50387 5.18889 1.21644
v -0.46985 5.24815 1.13432
v -0.43583 5.30741 1.05220
v -0.40182 5.36667 0.97007
v -0.36780 5.42593 0.88795
v -0.33378 5.48519 0.80583
v -0.28914 5.50000 0.69804
v -0.24095 5.50000 0.58170
v -0.19276 5.50000 0.46536
v -0.14457 5.50000 0.34902
v -0.09638 5.50000 0.23268
v -0.04819 5.50000 0.11634
v 0.00000 5.50000 0.00000
v 0.00000 0.00000 0.00000
v -0.25142 0.00000 0.25142
v -0.50283 0.00000 0.50283
v -0.75425 0.00000 0.75425
v -1.00566 0.00000 1.00566
v -1.25708 0.00000 1.25708
v -1.50849 0.00000 1.50849
v -1.68658 0.00444 1.68658
v -1.64468 0.02222 1.64468
v -1.60278 0.04000 1.60278
v -1.56087 0.05778 1.56087
v -1.51897 0.07556 1.51897
v -1.47707 0.09333 1.47707
v -1.43516 0.11111 1.43516
v -1.38279 0.40741 1.38279
v -1.31993 0.98222 1.31993
v -1.25708 1.55704 1.25708
v -1.19422 2.13185 1.19422
v -1.13137 2.70667 1.13137
v -1.06852 3.28148 1.06852
v -1.00566 3.85630 1.00566
v -0.98209 4.03333 0.98209
v -0.97162 4.07778 0.97162
v -0.96114 4.12222 0.96114
v -0.95067 4.16667 0.95067
v -0.94019 4.21111 0.94019
v -0.92971 4.25556 0.92971
v -0.91924 4.30000 0.91924
v -0.93495 4.31481 0.93495
v -0.95067 4.32963 0.95067
v -0.96638 4.34444 0.96638
v -0.98209 4.35926 0.98209
v -0.99781 4.37407 0.99781
v -1.01352 4.38889 1.01352
v -1.02530 4.42593 1.02530
v -1.02530 4.52963 1.02530
v -1.02530 4.63333 1.02530
v -1.02530 4.73704 1.02530
v -1.02530 4.84074 1.02530
v -1.02530 4.94444 1.02530
v -1.02530 5.04815 1.02530
v -0.99388 5.12963 0.99388
v -0.93102 5.18889 0.93102
v -0.86817 5.24815 0.86817
v -0.80532 5.30741 0.80532
v -0.74246 5.36667 0.74246
v -0.67961 5.42593 0.67961
v -0.61675 5.48519 0.61675
v -0.53426 5.50000 0.53426
v -0.44522 5.50000 0.44522
v -0.35617 5.50000 0.35617
v -0.26713 5.50000 0.26713
v -0.17809 5.50000 0.17809
v -0.08904 5.50000 0.08904
v 0.00000 5.50000 0.00000
v 0.00000 0.00000 0.00000
v -0.32849 0.00000 0.13607
v -0.65698 0.00000 0.27213
v -0.98547 0.00000 0.40820
v -1.31396 0.00000 0.54426
v -1.64245 0.00000 0.68033
v -1.97094 0.00000 0.81639
v -2.20362 0.00444 0.91277
v -2.14888 0.02222 0.89009
v -2.09413 0.04000 0.86742
v -2.03938 0.05778 0.84474
v -1.98463 0.07556 0.82206
v -1.92988 0.09333 0.79938
v -1.87513 0.11111 0.77671
v -1.80670 0.40741 0.74836
v -1.72458 0.98222 0.71434
v -1.64245 1.55704 0.68033
v -1.56033 2.13185 0.64631
v -1.47821 2.70667 0.61229
v -1.39608 3.28148 0.57828
v -1.31396 3.85630 0.54426
v -1.28317 4.03333 0.53150
v -1.26948 4.07778 0.52584
v -1.25579 4.12222 0.52017
v -1.24210 4.16667 0.51450
v -1.22842 4.21111 0.50883
v -1.21473 4.25556 0.50316
v -1.20104 4.30000 0.49749
v -1.22157 4.31481 0.50599
v -1.24210 4.32963 0.51450
v -1.26264 4.34444 0.52300
v -1.28317 4.35926 0.53150
v -1.30370 4.37407 0.54001
v -1.32423 4.38889 0.54851
v -1.33963 4.42593 0.55489
v -1.33963 4.52963 0.55489
v -1.33963 4.63333 0.55489
v -1.33963 4.73704 0.55489
v -1.33963 4.84074 0.55489
v -1.33963 4.94444 0.55489
v -1.33963 5.04815 0.55489
v -1.29856 5.12963 0.53788
v -1.21644 5.18889 0.50387
v -1.13432 5.24815 0.46985
v -1.05220 5.30741 0.43583
v -0.97007 5.36667 0.40182
v -0.88795 5.42593 0.36780
v -0.80583 5.48519 0.33378
v -0.69804 5.50000 0.28914
v -0.58170 5.50000 0.24095
v -0.46536 5.50000 0.19276
v -0.34902 5.50000 0.14457
v -0.23268 5.50000 0.09638
v -0.11634 5.50000 0.04819
v 0.00000 5.50000 0.00000
v 0.00000 0.00000 0.00000
v -0.35556 0.00000 0.00000
v -0.71111 0.00000 0.00000
v -1.06667 0.00000 0.00000
v -1.42222 0.00000 0.00000
v -1.77778 0.00000 0.00000
v -2.13333 0.00000 0.00000
v -2.38519 0.00444 0.00000
v -2.32593 0.02222 0.00000
v -2.26667 0.04000 0.00000
v -2.20741 0.05778 0.00000
v -2.14815 0.07556 0.00000
v -2.08889 0.09333 0.00000
v -2.02963 0.11111 0.00000
v -1.95556 0.40741 0.00000
v -1.86667 0.98222 0.00000
v -1.77778 1.55704 0.00000
v -1.68889 2.13185 0.00000
v -1.60000 2.70667 0.00000
v -1.51111 3.28148 0.00000
v -1.42222 3.85630 0.00000
v -1.38889 4.03333 0.00000
v -1.37407 4.07778 0.00000
v -1.35926 4.12222 0.00000
v -1.34444 4.16667 0.00000
v -1.32963 4.21111 0.00000
v -1.31481 4.25556 0.00000
v -1.30000 4.30000 0.00000
v -1.32222 4.31481 0.00000
v -1.34444 4.32963 0.00000
v -1.36667 4.34444 0.00000
v -1.38889 4.35926 0.00000
v -1.41111 4.37407 0.00000
v -1.43333 4.38889 0.00000
v -1.45000 4.42593 0.00000
v -1.45000 4.52963 0.00000
v -1.45000 4.63333 0.00000
v -1.45000 4.73704 0.00000
v -1.45000 4.84074 0.00000
v -1.45000 4.94444 0.00000
v -1.45000 5.04815 0.00000
v -1.40556 5.12963 0.00000
v -1.31667 5.18889 0.00000
v -1.22778 5.24815 0.00000
v -1.13889 5.30741 0.00000
v -1.05000 5.36667 0.00000
v -0.96111 5.42593 0.00000
v -0.87222 5.48519 0.00000
v -0.75556 5.50000 0.00000
v -0.62963 5.50000 0.00000
v -0.50370 5.50000 0.00000
v -0.37778 5.50000 0.00000
v -0.25185 5.50000 0.00000
v -0.12593 5.50000 0.00000
v 0.00000 5.50000 0.00000
v 0.00000 0.00000 0.00000
v -0.32849 0.00000 -0.13607
v -0.65698 0.00000 -0.27213
v -0.98547 0.00000 -0.40820
v -1.31396 0.00000 -0.54426
v -1.64245 0.00000 -0.68033
v -1.97094 0.00000 -0.81639
v -2.20362 0.00444 -0.91277
v -2.14888 0.02222 -0.89009
v -2.09413 0.04000 -0.86742
v -2.03938 0.05778 -0.84474
v -1.98463 0.07556 -0.82206
v -1.92988 0.09333 -0.79938
v -1.87513 0.11111 -0.77671
v -1.80670 0.40741 -0.74836
v -1.72458 0.98222 -0.71434
v -1.64245 1.55704 -0.68033
v -1.56033 2.13185 -0.64631
v -1.47821 2.70667 -0.61229
v -1.39608 3.28148 -0.57828
v -1.31396 3.85630 -0.54426
v -1.28317 4.03333 -0.53150
v -1.26948 4.07778 -0.52584
v -1.25579 4.12222 -0.52017
v -1.24210 4.16667 -0.51450
v -1.22842 4.21111 -0.50883
v -1.21473 4.25556 -0.50316
v -1.20104 4.30000 -0.49749
v -1.22157 4.31481 -0.50599
v -1.24210 4.32963 -0.51450
v -1.26264 4.34444 -0.52300
v -1.28317 4.35926 -0.53150
v -1.30370 4.37407 -0.54001
v -1.32423 4.38889 -0.54851
v -1.33963 4.42593 -0.55489
v -1.33963 4.52963 -0.55489
v -1.33963 4.63333 -0.55489
v -1.33963 4.73704 -0.55489
v -1.33963 4.84074 -0.55489
v -1.33963 4.94444 -0.55489
v -1.33963 5.04815 -0.55489
v -1.29856 5.12963 -0.53788
v -1.21644 5.18889 -0.50387
v -1.13432 5.24815 -0.46985
v -1.05220 5.30741 -0.43583
v -0.97007 5.36667 -0.40182
v -0.88795 5.42593 -0.36780
v -0.80583 5.48519 -0.33378
v -0.69804 5.50000 -0.28914
v -0.58170 5.50000 -0.24095
v -0.46536 5.50000 -0.19276
v -0.34902 5.50000 -0.14457
v -0.23268 5.50000 -0.09638
v -0.11634 5.50000 -0.04819
v 0.00000 5.50000 0.00000
v 0.00000 0.00000 0.00000
v -0.25142 0.00000 -0.25142
v -0.50283 0.00000 -0.50283
v -0.75425 0.00000 -0.75425
v -1.00566 0.00000 -1.00566
v -1.25708 0.00000 -1.25708
v -1.50849 0.00000 -1.50849
v -1.68658 0.00444 -1.68658
v -1.64468 0.02222 -1.64468
v -1.60278 0.04000 -1.60278
v -1.56087 0.05778 -1.56087
v -1.51897 0.07556 -1.51897
v -1.47707 0.09333 -1.47707
v -1.43516 0.11111 -1.43516
v -1.38279 0.40741 -1.38279
v -1.31993 0.98222 -1.31993
v -1.25708 1.55704 -1.25708
v -1.19422 2.13185 -1.19422
v -1.13137 2.70667 -1.13137
v -1.06852 3.28148 -1.06852
v -1.00566 3.85630 -1.00566
v -0.98209 4.03333 -0.98209
v -0.97162 4.07778 -0.97162
v -0.96114 4.12222 -0.96114
v -0.95067 4.16667 -0.95067
v -0.94019 4.21111 -0.94019
v -0.92971 4.25556 -0.92971
v -0.91924 4.30000 -0.91924
v -0.93495 4.31481 -0.93495
v -0.95067 4.32963 -0.95067
v -0.96638 4.34444 -0.96638
v -0.98209 4.35926 -0.98209
v -0.99781 4.37407 -0.99781
v -1.01352 4.38889 -1.01352
v -1.02530 4.42593 -1.02530
v -1.02530 4.52963 -1.02530
v -1.02530 4.63333 -1.02530
v -1.02530 4.73704 -1.02530
v -1.02530 4.84074 -1.02530
v -1.02530 4.94444 -1.02530
v -1.02530 5.04815 -1.02530
v -0.99388 5.12963 -0.99388
v -0.93102 5.18889 -0.93102
v -0.86817 5.24815 -0.86817
v -0.80532 5.30741 -0.80532
v -0.74246 5.36667 -0.74246
v -0.67961 5.42593 -0.67961
v -0.61675 5.48519 -0.61675
v -0.53426 5.50000 -0.53426
v -0.44522 5.50000 -0.44522
v -0.35617 5.50000 -0.35617
v -0.26713 5.50000 -0.26713
v -0.17809 5.50000 -0.17809
v -0.08904 5.50000 -0.08904
v 0.00000 5.50000 0.00000
v 0.00000 0.00000 0.00000
v -0.13607 0.00000 -0.32849
v -0.27213 0.00000 -0.65698
v -0.40820 0.00000 -0.98547
v -0.54426 0.00000 -1.31396
v -0.68033 0.00000 -1.64245
v -0.81639 0.00000 -1.97094
v -0.91277 0.00444 -2.20362
v -0.89009 0.02222 -2.14888
v -0.86742 0.04000 -2.09413
v -0.84474 0.05778 -2.03938
v -0.82206 0.07556 -1.98463
v -0.79938 0.09333 -1.92988
v -0.77671 0.11111 -1.87513
v -0.74836 0.40741 -1.80670
v -0.71434 0.98222 -1.72458
v -0.68033 1.55704 -1.64245
v -0.64631 2.13185 -1.56033
v -0.61229 2.70667 -1.47821
v -0.57828 3.28148 -1.39608
v -0.54426 3.85630 -1.31396
v -0.53150 4.03333 -1.28317
v -0.52584 4.07778 -1.26948
v -0.52017 4.12222 -1.25579
v -0.51450 4.16667 -1.24210
v -0.50883 4.21111 -1.22842
v -0.50316 4.25556 -1.21473
v -0.49749 4.30000 -1.20104
v -0.50599 4.31481 -1.22157
v -0.51450 4.32963 -1.24210
v -0.52300 4.34444 -1.26264
v -0.53150 4.35926 -1.28317
v -0.54001 4.37407 -1.30370
v -0.54851 4.38889 -1.32423
v -0.55489 4.42593 -1.33963
v -0.55489 4.52963 -1.33963
v -0.55489 4.63333 -1.33963
v -0.55489 4.73704 -1.33963
v -0.55489 4.84074 -1.33963
v -0.55489 4.94444 -1.33963
v -0.55489 5.04815 -1.33963
v -0.53788 5.12963 -1.29856
v -0.50387 5.18889 -1.21644
v -0.46985 5.24815 -1.13432
v -0.43583 5.30741 -1.05220
v -0.40182 5.36667 -0.97007
v -0.36780 5.42593 -0.88795
v -0.33378 5.48519 -0.80583
v -0.28914 5.50000 -0.69804
v -0.24095 5.50000 -0.58170
v -0.19276 5.50000 -0.46536
v -0.14457 5.50000 -0.34902
v -0.09638 5.50000 -0.23268
v -0.04819 5.50000 -0.11634
v 0.00000 5.50000 0.00000
v 0.00000 0.00000 0.00000
v -0.00000 0.00000 -0.35556
v -0.00000 0.00000 -0.71111
v -0.00000 0.00000 -1.06667
v -0.00000 0.00000 -1.42222
v -0.00000 0.00000 -1.77778
v -0.00000 0.00000 -2.13333
v -0.00000 0.00444 -2.38519
v -0.00000 0.02222 -2.32593
v -0.00000 0.04000 -2.26667
v -0.00000 0.05778 -2.20741
v -0.00000 0.07556 -2.14815
v -0.00000 0.09333 -2.08889
v -0.00000 0.11111 -2.02963
v -0.00000 0.40741 -1.95556
v -0.00000 0.98222 -1.86667
v -0.00000 1.55704 -1.77778
v -0.00000 2.13185 -1.68889
v -0.00000 2.70667 -1.60000
v -0.00000 3.28148 -1.51111
v -0.00000 3.85630 -1.42222
v -0.00000 4.03333 -1.38889
v -0.00000 4.07778 -1.37407
v -0.00000 4.12222 -1.35926
v -0.00000 4.16667 -1.34444
v -0.00000 4.21111 -1.32963
v -0.00000 4.25556 -1.31481
v -0.00000 4.30000 -1.30000
v -0.00000 4.31481 -1.32222
v -0.00000 4.32963 -1.34444
v -0.00000 4.34444 -1.36667
v -0.00000 4.35926 -1.38889
v -0.00000 4.37407 -1.41111
v -0.00000 4.38889 -1.43333
v -0.00000 4.42593 -1.45000
v -0.00000 4.52963 -1.45000
v -0.00000 4.63333 -1.45000
v -0.00000 4.73704 -1.45000
v -0.00000 4.84074 -1.45000
v -0.00000 4.94444 -1.45000
v -0.00000 5.04815 -1.45000
v -0.00000 5.12963 -1.40556
v -0.00000 5.18889 -1.31667
v -0.00000 5.24815 -1.22778
v -0.00000 5.30741 -1.13889
v -0.00000 5.36667 -1.05000
v -0.00000 5.42593 -0.96111
v -0.00000 5.48519 -0.87222
v -0.00000 5.50000 -0.75556
v -0.00000 5.50000 -0.62963
v -0.00000 5.50000 -0.50370
v -0.00000 5.50000 -0.37778
v -0.00000 5.50000 -0.25185
v -0.00000 5.50000 -0.12593
v 0.00000 5.50000 0.00000
v 0.00000 0.00000 0.00000
v 0.13607 0.00000 -0.32849
v 0.27213 0.00000 -0.65698
v 0.40820 0.00000 -0.98547
v 0.54426 0.00000 -1.31396
v 0.68033 0.00000 -1.64245
v 0.81639 0.00000 -1.97094
v 0.91277 0.00444 -2.20362
v 0.89009 0.02222 -2.14888
v 0.86742 0.04000 -2.09413
v 0.84474 0.05778 -2.03938
v 0.82206 0.07556 -1.98463
v 0.79938 0.09333 -1.92988
v 0.77671 0.11111 -1.87513
v 0.74836 0.40741 -1.80670
v 0.71434 0.98222 -1.72458
v 0.68033 1.55704 -1.64245
v 0.64631 2.13185 -1.56033
v 0.61229 2.70667 -1.47821
v 0.57828 3.28148 -1.39608
v 0.54426 3.85630 -1.31396
v 0.53150 4.03333 -1.28317
v 0.52584 4.07778 -1.26948
v 0.52017 4.12222 -1.25579
v 0.51450 4.16667 -1.24210
v 0.50883 4.21111 -1.22842
v 0.50316 4.25556 -1.21473
v 0.49749 4.30000 -1.20104
v 0.50599 4.31481 -1.22157
v 0.51450 4.32963 -1.24210
v 0.52300 4.34444 -1.26264
v 0.53150 4.35926 -1.28317
v 0.54001 4.37407 -1.30370
v 0.54851 4.38889 -1.32423
v 0.55489 4.42593 -1.33963
v 0.55489 4.52963 -1.33963
v 0.55489 4.63333 -1.33963
v 0.55489 4.73704 -1.33963
v 0.55489 4.84074 -1.33963
v 0.55489 4.94444 -1.33963
v 0.55489 5.04815 -1.33963
v 0.53788 5.12963 -1.29856
v 0.50387 5.18889 -1.21644
v 0.46985 5.24815 -1.13432
v 0.43583 5.30741 -1.05220
v 0.40182 5.36667 -0.97007
v 0.36780 5.42593 -0.88795
v 0.33378 5.48519 -0.80583
v 0.28914 5.50000 -0.69804
v 0.24095 5.50000 -0.58170
v 0.19276 5.50000 -0.46536
v 0.14457 5.50000 -0.34902
v 0.09638 5.50000 -0.23268
v 0.04819 5.50000 -0.11634
v 0.00000 5.50000 0.00000
v 0.00000 0.00000 0.00000
v 0.25142 0.00000 -0.25142
v 0.50283 0.00000 -0.50283
v 0.75425 0.00000 -0.75425
v 1.00566 0.00000 -1.00566
v 1.25708 0.00000 -1.25708
v 1.50849 0.00000 -1.50849
v 1.68658 0.00444 -1.68658
v 1.64468 0.02222 -1.64468
v 1.60278 0.04000 -1.60278
v 1.56087 0.05778 -1.56087
v 1.51897 0.07556 -1.51897
v 1.47707 0.09333 -1.47707
v 1.43516 0.11111 -1.43516
v 1.38279 0.40741 -1.38279
v 1.31993 0.98222 -1.31993
v 1.25708 1.55704 -1.25708
v 1.19422 2.13185 -1.19422
v 1.13137 2.70667 -1.13137
v 1.06852 3.28148 -1.06852
v 1.00566 3.85630 -1.00566
v 0.98209 4.03333 -0.98209
v 0.97162 4.07778 -0.97162
v 0.96114 4.12222 -0.96114
v 0.95067 4.16667 -0.95067
v 0.94019 4.21111 -0.94019
v 0.92971 4.25556 -0.92971
v 0.91924 4.30000 -0.91924
v 0.93495 4.31481 -0.93495
v 0.95067 4.32963 -0.95067
v 0.96638 4.34444 -0.96638
v 0.98209 4.35926 -0.98209
v 0.99781 4.37407 -0.99781
v 1.01352 4.38889 -1.01352
v 1.02530 4.42593 -1.02530
v 1.02530 4.52963 -1.02530
v 1.02530 4.63333 -1.02530
v 1.02530 4.73704 -1.02530
v 1.02530 4.84074 -1.02530
v 1.02530 4.94444 -1.02530
v 1.02530 5.04815 -1.02530
v 0.99388 5.12963 -0.99388
v 0.93102 5.18889 -0.93102
v 0.86817 5.24815 -0.86817
v 0.80532 5.30741 -0.80532
v 0.74246 5.36667 -0.74246
v 0.67961 5.42593 -0.67961
v 0.61675 5.48519 -0.61675
v 0.53426 5.50000 -0.53426
v 0.44522 5.50000 -0.44522
v 0.35617 5.50000 -0.35617
v 0.26713 5.50000 -0.26713
v 0.17809 5.50000 -0.17809
v 0.08904 5.50000 -0.08904
v 0.00000 5.50000 0.00000
v 0.00000 0.00000 0.00000
v 0.32849 0.00000 -0.13607
v 0.65698 0.00000 -0.27213
v 0.98547 0.00000 -0.40820
v 1.31396 0.00000 -0.54426
v 1.64245 0.00000 -0.68033
v 1.97094 0.00000 -0.81639
v 2.20362 0.00444 -0.91277
v 2.14888 0.02222 -0.89009
v 2.09413 0.04000 -0.86742
v 2.03938 0.05778 -0.84474
v 1.98463 0.07556 -0.82206
v 1.92988 0.09333 -0.79938
v 1.87513 0.11111 -0.77671
v 1.80670 0.40741 -0.74836
v 1.72458 0.98222 -0.71434
v 1.64245 1.55704 -0.68033
v 1.56033 2.13185 -0.64631
v 1.47821 2.70667 -0.61229
v 1.39608 3.28148 -0.57828
v 1.31396 3.85630 -0.54426
v 1.28317 4.03333 -0.53150
v 1.26948 4.07778 -0.52584
v 1.25579 4.12222 -0.52017
v 1.24210 4.16667 -0.51450
v 1.22842 4.21111 -0.50883
v 1.21473 4.25556 -0.50316
v 1.20104 4.30000 -0.49749
v 1.22157 4.31481 -0.50599
v 1.24210 4.32963 -0.51450
v 1.26264 4.34444 -0.52300
v 1.28317 4.35926 -0.53150
v 1.30370 4.37407 -0.54001
v 1.32423 4.38889 -0.54851
v 1.33963 4.42593 -0.55489
v 1.33963 4.52963 -0.55489
v 1.33963 4.63333 -0.55489
v 1.33963 4.73704 -0.55489
v 1.33963 4.84074 -0.55489
v 1.33963 4.94444 -0.55489
v 1.33963 5.04815 -0.55489
v 1.29856 5.12963 -0.53788
v 1.21644 5.18889 -0.50387
v 1.13432 5.24815 -0.46985
v 1.05220 5.30741 -0.43583
v 0.97007 5.36667 -0.40182
v 0.88795 5.42593 -0.36780
v 0.80583 5.48519 -0.33378
v 0.69804 5.50000 -0.28914
v 0.58170 5.50000 -0.24095
v 0.46536 5.50000 -0.19276
v 0.34902 5.50000 -0.14457
v 0.23268 5.50000 -0.09638
v 0.11634 5.50000 -0.04819
v 0.00000 5.50000 0.00000
v 0.00000 0.00000 0.00000
v 0.35556 0.00000 -0.00000
v 0.71111 0.00000 -0.00000
v 1.06667 0.00000 -0.00000
v 1.42222 0.00000 -0.00000
v 1.77778 0.00000 -0.00000
v 2.13333 0.00000 -0.00000
v 2.38519 0.00444 -0.00000
v 2.32593 0.02222 -0.00000
v 2.26667 0.04000 -0.00000
v 2.20741 0.05778 -0.00000
v 2.14815 0.07556 -0.00000
v 2.08889 0.09333 -0.00000
v 2.02963 0.11111 -0.00000
v 1.95556 0.40741 -0.00000
v 1.86667 0.98222 -0.00000
v 1.77778 1.55704 -0.00000
v 1.68889 2.13185 -0.00000
v 1.60000 2.70667 -0.00000
v 1.51111 3.28148 -0.00000
v 1.42222 3.85630 -0.00000
v 1.38889 4.03333 -0.00000
v 1.37407 4.07778 -0.00000
v 1.35926 4.12222 -0.00000
v 1.34444 4.16667 -0.00000
v 1.32963 4.21111 -0.00000
v 1.31481 4.25556 -0.00000
v 1.30000 4.30000 -0.00000
v 1.32222 4.31481 -0.00000
v 1.34444 4.32963 -0.00000
v 1.36667 4.34444 -0.00000
v 1.38889 4.35926 -0.00000
v 1.41111 4.37407 -0.00000
v 1.43333 4.38889 -0.00000
v 1.45000 4.42593 -0.00000
v 1.45000 4.52963 -0.00000
v 1.45000 4.63333 -0.00000
v 1.45000 4.73704 -0.00000
v 1.45000 4.84074 -0.00000
v 1.45000 4.94444 -0.00000
v 1.45000 5.04815 -0.00000
v 1.40556 5.12963 -0.00000
v 1.31667 5.18889 -0.00000
v 1.22778 5.24815 -0.00000
v 1.13889 5.30741 -0.00000
v 1.05000 5.36667 -0.00000
v 0.96111 5.42593 -0.00000
v 0.87222 5.48519 -0.00000
v 0.75556 5.50000 -0.00000
v 0.62963 5.50000 -0.00000
v 0.50370 5.50000 -0.00000
v 0.37778 5.50000 -0.00000
v 0.25185 5.50000 -0.00000
v 0.12593 5.50000 -0.00000
v 0.00000 5.50000 0.00000
v 0.00000 6.30000 0.00000
v 0.08604 6.29384 0.00000
v 0.16996 6.27553 0.00000
v 0.24969 6.24550 0.00000
v 0.32328 6.20451 0.00000
v 0.38891 6.15355 0.00000
v 0.44496 6.09389 0.00000
v 0.49005 6.02700 0.00000
v 0.52308 5.95451 0.00000
v 0.54323 5.87822 0.00000
v 0.55000 5.80000 0.00000
v 0.54323 5.72178 0.00000
v 0.52308 5.64549 0.00000
v 0.49005 5.57300 0.00000
v 0.44496 5.50611 0.00000
v 0.38891 5.44645 0.00000
v 0.32328 5.39549 0.00000
v 0.24969 5.35450 0.00000
v 0.16996 5.32447 0.00000
v 0.08604 5.30616 0.00000
v 0.00000 5.30000 0.00000
v 0.00000 6.30000 0.00000
v 0.08416 6.29384 0.01789
v 0.16625 6.27553 0.03534
v 0.24424 6.24550 0.05191
v 0.31622 6.20451 0.06721
v 0.38041 6.15355 0.08086
v 0.43524 6.09389 0.09251
v 0.47934 6.02700 0.10189
v 0.51165 5.95451 0.10875
v 0.53136 5.87822 0.11294
v 0.53798 5.80000 0.11435
v 0.53136 5.72178 0.11294
v 0.51165 5.64549 0.10875
v 0.47934 5.57300 0.10189
v 0.43524 5.50611 0.09251
v 0.38041 5.44645 0.08086
v 0.31622 5.39549 0.06721
v 0.24424 5.35450 0.05191
v 0.16625 5.32447 0.03534
v 0.08416 5.30616 0.01789
v 0.00000 5.30000 0.00000
v 0.00000 6.30000 0.00000
v 0.07860 6.29384 0.03500
v 0.15527 6.27553 0.06913
v 0.22811 6.24550 0.10156
v 0.29533 6.20451 0.13149
v 0.35529 6.15355 0.15818
v 0.40649 6.09389 0.18098
v 0.44769 6.02700 0.19932
v 0.47786 5.95451 0.21276
v 0.49626 5.87822 0.22095
v 0.50245 5.80000 0.22371
v 0.49626 5.72178 0.22095
v 0.47786 5.64549 0.21276
v 0.44769 5.57300 0.19932
v 0.40649 5.50611 0.18098
v 0.35529 5.44645 0.15818
v 0.29533 5.39549 0.13149
v 0.22811 5.35450 0.10156
v 0.15527 5.32447 0.06913
v 0.07860 5.30616 0.03500
v 0.00000 5.30000 0.00000
v 0.00000 6.30000 0.00000
v 0.06961 6.29384 0.05057
v 0.13750 6.27553 0.09990
v 0.20201 6.24550 0.14677
v 0.26154 6.20451 0.19002
v 0.31463 6.15355 0.22859
v 0.35998 6.09389 0.26154
v 0.39646 6.02700 0.28805
v 0.42318 5.95451 0.30746
v 0.43948 5.87822 0.31930
v 0.44496 5.80000 0.32328
v 0.43948 5.72178 0.31930
v 0.42318 5.64549 0.30746
v 0.39646 5.57300 0.28805
v 0.35998 5.50611 0.26154
v 0.31463 5.44645 0.22859
v 0.26154 5.39549 0.19002
v 0.20201 5.35450 0.14677
v 0.13750 5.32447 0.09990
v 0.06961 5.30616 0.05057
v 0.00000 5.30000 0.00000
v 0.00000 6.30000 0.00000
v 0.05757 6.29384 0.06394
v 0.11373 6.27553 0.12630
v 0.16708 6.24550 0.18556
v 0.21632 6.20451 0.24025
v 0.26023 6.15355 0.28902
v 0.29774 6.09389 0.33067
v 0.32791 6.02700 0.36418
v 0.35001 5.95451 0.38873
v 0.36349 5.87822 0.40370
v 0.36802 5.80000 0.40873
v 0.36349 5.72178 0.40370
v 0.35001 5.64549 0.38873
v 0.32791 5.57300 0.36418
v 0.29774 5.50611 0.33067
v 0.26023 5.44645 0.28902
v 0.21632 5.39549 0.24025
v 0.16708 5.35450 0.18556
v 0.11373 5.32447 0.12630
v 0.05757 5.30616 0.06394
v 0.00000 5.30000 0.00000
v 0.00000 6.30000 0.00000
v 0.04302 6.29384 0.07451
v 0.08498 6.27553 0.14719
v 0.12485 6.24550 0.21624
v 0.16164 6.20451 0.27997
v 0.19445 6.15355 0.33680
v 0.22248 6.09389 0.38535
v 0.24503 6.02700 0.42440
v 0.26154 5.95451 0.45300
v 0.27161 5.87822 0.47045
v 0.27500 5.80000 0.47631
v 0.27161 5.72178 0.47045
v 0.26154 5.64549 0.45300
v 0.24503 5.57300 0.42440
v 0.22248 5.50611 0.38535
v 0.19445 5.44645 0.33680
v 0.16164 5.39549 0.27997
v 0.12485 5.35450 0.21624
v 0.08498 5.32447 0.14719
v 0.04302 5.30616 0.07451
v 0.00000 5.30000 0.00000
v 0.00000 6.30000 0.00000
v 0.02659 6.29384 0.08183
v 0.05252 6.27553 0.16164
v 0.07716 6.24550 0.23747
v 0.09990 6.20451 0.30746
v 0.12018 6.15355 0.36987
v 0.13750 6.09389 0.42318
v 0.15143 6.02700 0.46607
v 0.16164 5.95451 0.49748
v 0.16787 5.87822 0.51664
v 0.16996 5.80000 0.52308
v 0.16787 5.72178 0.51664
v 0.16164 5.64549 0.49748
v 0.15143 5.57300 0.46607
v 0.13750 5.50611 0.42318
v 0.12018 5.44645 0.36987
v 0.09990 5.39549 0.30746
v 0.07716 5.35450 0.23747
v 0.05252 5.32447 0.16164
v 0.02659 5.30616 0.08183
v 0.00000 5.30000 0.00000
v 0.00000 6.30000 0.00000
v 0.00899 6.29384 0.08557
v 0.01777 6.27553 0.16903
v 0.02610 6.24550 0.24833
v 0.03379 6.20451 0.32151
v 0.04065 6.15355 0.38678
v 0.04651 6.09389 0.44252
v 0.05122 6.02700 0.48737
v 0.05468 5.95451 0.52022
v 0.05678 5.87822 0.54025
v 0.05749 5.80000 0.54699
v 0.05678 5.72178 0.54025
v 0.05468 5.64549 0.52022
v 0.05122 5.57300 0.48737
v 0.04651 5.50611 0.44252
v 0.04065 5.44645 0.38678
v 0.03379 5.39549 0.32151
v 0.02610 5.35450 0.24833
v 0.01777 5.32447 0.16903
v 0.00899 5.30616 0.08557
v 0.00000 5.30000 0.00000
v 0.00000 6.30000 0.00000
v -0.00899 6.29384 0.08557
v -0.01777 6.27553 0.16903
v -0.02610 6.24550 0.24833
v -0.03379 6.20451 0.32151
v -0.04065 6.15355 0.38678
v -0.04651 6.09389 0.44252
v -0.05122 6.02700 0.48737
v -0.05468 5.95451 0.52022
v -0.05678 5.87822 0.54025
v -0.05749 5.80000 0.54699
v -0.05678 5.72178 0.54025
v -0.05468 5.64549 0.52022
v -0.05122 5.57300 0.48737
v -0.04651 5.50611 0.44252
v -0.04065 5.44645 0.38678
v -0.03379 5.39549 0.32151
v -0.02610 5.35450 0.24833
v -0.01777 5.32447 0.16903
v -0.00899 5.30616 0.08557
v -0.00000 5.30000 0.00000
v 0.00000 6.30000 0.00000
v -0.02659 6.29384 0.08183
v -0.05252 6.27553 0.16164
v -0.07716 6.24550 0.23747
v -0.09990 6.20451 0.30746
v -0.12018 6.15355 0.36987
v -0.13750 6.09389 0.42318
v -0.15143 6.02700 0.46607
v -0.16164 5.95451 0.49748
v -0.16787 5.87822 0.51664
v -0.16996 5.80000 0.52308
v -0.16787 5.72178 0.51664
v -0.16164 5.64549 0.49748
v -0.15143 5.57300 0.46607
v -0.13750 5.50611 0.42318
v -0.12018 5.44645 0.36987
v -0.09990 5.39549 0.30746
v -0.07716 5.35450 0.23747
v -0.05252 5.32447 0.16164
v -0.02659 5.30616 0.08183
v -0.00000 5.30000 0.00000
v 0.00000 6.30000 0.00000
v -0.04302 6.29384 0.07451
v -0.08498 6.27553 0.14719
v -0.12485 6.24550 0.21624
v -0.16164 6.20451 0.27997
v -0.19445 6.15355 0.33680
v -0.22248 6.09389 0.38535
v -0.24503 6.02700 0.42440
v -0.26154 5.95451 0.45300
v -0.27161 5.87822 0.47045
v -0.27500 5.80000 0.47631
v -0.27161 5.72178 0.47045
v -0.26154 5.64549 0.45300
v -0.24503 5.57300 0.42440
v -0.22248 5.50611 0.38535
v -0.19445 5.44645 0.33680
v -0.16164 5.39549 0.27997
v -0.12485 5.35450 0.21624
v -0.08498 5.32447 0.14719
v -0.04302 5.30616 0.07451
v -0.00000 5.30000 0.00000
v 0.00000 6.30000 0.00000
v -0.05757 6.29384 0.06394
v -0.11373 6.27553 0.12630
v -0.16708 6.24550 0.18556
v -0.21632 6.20451 0.24025
v -0.26023 6.15355 0.28902
v -0.29774 6.09389 0.33067
v -0.32791 6.02700 0.36418
v -0.35001 5.95451 0.38873
v -0.36349 5.87822 0.40370
v -0.36802 5.80000 0.40873
v -0.36349 5.72178 0.40370
v -0.35001 5.64549 0.38873
v -0.32791 5.57300 0.36418
v -0.29774 5.50611 0.33067
v -0.26023 5.44645 0.28902
v -0.21632 5.39549 0.24025
v -0.16708 5.35450 0.18556
v -0.11373 5.32447 0.12630
v -0.05757 5.30616 0.06394
v -0.00000 5.30000 0.00000
v 0.00000 6.30000 0.00000
v -0.06961 6.29384 0.05057
v -0.13750 6.27553 0.09990
v -0.20201 6.24550 0.14677
v -0.26154 6.20451 0.19002
v -0.31463 6.15355 0.22859
v -0.35998 6.09389 0.26154
v -0.39646 6.02700 0.28805
v -0.42318 5.95451 0.30746
v -0.43948 5.87822 0.31930
v -0.44496 5.80000 0.32328
v -0.43948 5.72178 0.31930
v -0.42318 5.64549 0.30746
v -0.39646 5.57300 0.28805
v -0.35998 5.50611 0.26154
v -0.31463 5.44645 0.22859
v -0.26154 5.39549 0.19002
v -0.20201 5.35450 0.14677
v -0.13750 5.32447 0.09990
v -0.06961 5.30616 0.05057
v -0.00000 5.30000 0.00000
v 0.00000 6.30000 0.00000
v -0.07860 6.29384 0.03500
v -0.15527 6.27553 0.06913
v -0.22811 6.24550 0.10156
v -0.29533 6.20451 0.13149
v -0.35529 6.15355 0.15818
v -0.40649 6.09389 0.18098
v -0.44769 6.02700 0.19932
v -0.47786 5.95451 0.21276
v -0.49626 5.87822 0.22095
v -0.50245 5.80000 0.22371
v -0.49626 5.72178 0.22095
v -0.47786 5.64549 0.21276
v -0.44769 5.57300 0.19932
v -0.40649 5.50611 0.18098
v -0.35529 5.44645 0.15818
v -0.29533 5.39549 0.13149
v -0.22811 5.35450 0.10156
v -0.15527 5.32447 0.06913
v -0.07860 5.30616 0.03500
v -0.00000 5.30000 0.00000
v 0.00000 6.30000 0.00000
v -0.08416 6.29384 0.01789
v -0.16625 6.27553 0.03534
v -0.24424 6.24550 0.05191
v -0.31622 6.20451 0.06721
v -0.38041 6.15355 0.08086
v -0.43524 6.09389 0.09251
v -0.47934 6.02700 0.10189
v -0.51165 5.95451 0.10875
v -0.53136 5.87822 0.11294
v -0.53798 5.80000 0.11435
v -0.53136 5.72178 0.11294
v -0.51165 5.64549 0.10875
v -0.47934 5.57300 0.10189
v -0.43524 5.50611 0.09251
v -0.38041 5.44645 0.08086
v -0.31622 5.39549 0.06721
v -0.24424 5.35450 0.05191
v -0.16625 5.32447 0.03534
v -0.08416 5.30616 0.01789
v -0.00000 5.30000 0.00000
v 0.00000 6.30000 0.00000
v -0.08604 6.29384 0.00000
v -0.16996 6.27553 0.00000
v -0.24969 6.24550 0.00000
v -0.32328 6.20451 0.00000
v -0.38891 6.15355 0.00000
v -0.44496 6.09389 0.00000
v -0.49005 6.02700 0.00000
v -0.52308 5.95451 0.00000
v -0.54323 5.87822 0.00000
v -0.55000 5.80000 0.00000
v -0.54323 5.72178 0.00000
v -0.52308 5.64549 0.00000
v -0.49005 5.57300 0.00000
v -0.44496 5.50611 0.00000
v -0.38891 5.44645 0.00000
v -0.32328 5.39549 0.00000
v -0.24969 5.35450 0.00000
v -0.16996 5.32447 0.00000
v -0.08604 5.30616 0.00000
v -0.00000 5.30000 0.00000
v 0.00000 6.30000 0.00000
v -0.08416 6.29384 -0.01789
v -0.16625 6.27553 -0.03534
v -0.24424 6.24550 -0.05191
v -0.31622 6.20451 -0.06721
v -0.38041 6.15355 -0.08086
v -0.43524 6.09389 -0.09251
v -0.47934 6.02700 -0.10189
v -0.51165 5.95451 -0.10875
v -0.53136 5.87822 -0.11294
v -0.53798 5.80000 -0.11435
v -0.53136 5.72178 -0.11294
v -0.51165 5.64549 -0.10875
v -0.47934 5.57300 -0.10189
v -0.43524 5.50611 -0.09251
v -0.38041 5.44645 -0.08086
v -0.31622 5.39549 -0.06721
v -0.24424 5.35450 -0.05191
v -0.16625 5.32447 -0.03534
v -0.08416 5.30616 -0.01789
v -0.00000 5.30000 -0.00000
v 0.00000 6.30000 0.00000
v -0.07860 6.29384 -0.03500
v -0.15527 6.27553 -0.06913
v -0.22811 6.24550 -0.10156
v -0.29533 6.20451 -0.13149
v -0.35529 6.15355 -0.15818
v -0.40649 6.09389 -0.18098
v -0.44769 6.02700 -0.19932
v -0.47786 5.95451 -0.21276
v -0.49626 5.87822 -0.22095
v -0.50245 5.80000 -0.22371
v -0.49626 5.72178 -0.22095
v -0.47786 5.64549 -0.21276
v -0.44769 5.57300 -0.19932
v -0.40649 5.50611 -0.18098
v -0.35529 5.44645 -0.15818
v -0.29533 5.39549 -0.13149
v -0.22811 5.35450 -0.10156
v -0.15527 5.32447 -0.06913
v -0.07860 5.30616 -0.03500
v -0.00000 5.30000 -0.00000
v 0.00000 6.30000 0.00000
v -0.06961 6.29384 -0.05057
v -0.13750 6.27553 -0.09990
v -0.20201 6.24550 -0.14677
v -0.26154 6.20451 -0.19002
v -0.31463 6.15355 -0.22859
v -0.35998 6.09389 -0.26154
v -0.39646 6.02700 -0.28805
v -0.42318 5.95451 -0.30746
v -0.43948 5.87822 -0.31930
v -0.44496 5.80000 -0.32328
v -0.43948 5.72178 -0.31930
v -0.42318 5.64549 -0.30746
v -0.39646 5.57300 -0.28805
v -0.35998 5.50611 -0.26154
v -0.31463 5.44645 -0.22859
v -0.26154 5.39549 -0.19002
v -0.20201 5.35450 -0.14677
v -0.13750 5.32447 -0.09990
v -0.06961 5.30616 -0.05057
v -0.00000 5.30000 -0.00000
v 0.00000 6.30000 0.00000
v -0.05757 6.29384 -0.06394
v -0.11373 6.27553 -0.12630
v -0.16708 6.24550 -0.18556
v -0.21632 6.20451 -0.24025
v -0.26023 6.15355 -0.28902
v -0.29774 6.09389 -0.33067
v -0.32791 6.02700 -0.36418
v -0.35001 5.95451 -0.38873
v -0.36349 5.87822 -0.40370
v -0.36802 5.80000 -0.40873
v -0.36349 5.72178 -0.40370
v -0.35001 5.64549 -0.38873
v -0.32791 5.57300 -0.36418
v -0.29774 5.50611 -0.33067
v -0.26023 5.44645 -0.28902
v -0.21632 5.39549 -0.24025
v -0.16708 5.35450 -0.18556
v -0.11373 5.32447 -0.12630
v -0.05757 5.30616 -0.06394
v -0.00000 5.30000 -0.00000
v 0.00000 6.30000 0.00000
v -0.04302 6.29384 -0.07451
v -0.08498 6.27553 -0.14719
v -0.12485 6.24550 -0.21624
v -0.16164 6.20451 -0.27997
v -0.19445 6.15355 -0.33680
v -0.22248 6.09389 -0.38535
v -0.24503 6.02700 -0.42440
v -0.26154 5.95451 -0.45300
v -0.27161 5.87822 -0.47045
v -0.27500 5.80000 -0.47631
v -0.27161 5.72178 -0.47045
v -0.26154 5.64549 -0.45300
v -0.24503 5.57300 -0.42440
v -0.22248 5.50611 -0.38535
v -0.19445 5.44645 -0.33680
v -0.16164 5.39549 -0.27997
v -0.12485 5.35450 -0.21624
v -0.08498 5.32447 -0.14719
v -0.04302 5.30616 -0.07451
v -0.00000 5.30000 -0.00000
v 0.00000 6.30000 0.00000
v -0.02659 6.29384 -0.08183
v -0.05252 6.27553 -0.16164
v -0.07716 6.24550 -0.23747
v -0.09990 6.20451 -0.30746
v -0.12018 6.15355 -0.36987
v -0.13750 6.09389 -0.42318
v -0.15143 6.02700 -0.46607
v -0.16164 5.95451 -0.49748
v -0.16787 5.87822 -0.51664
v -0.16996 5.80000 -0.52308
v -0.16787 5.72178 -0.51664
v -0.16164 5.64549 -0.49748
v -0.15143 5.57300 -0.46607
v -0.13750 5.50611 -0.42318
v -0.12018 5.44645 -0.36987
v -0.09990 5.39549 -0.30746
v -0.07716 5.35450 -0.23747
v -0.05252 5.32447 -0.16164
v -0.02659 5.30616 -0.08183
v -0.00000 5.30000 -0.00000
v 0.00000 6.30000 0.00000
v -0.00899 6.29384 -0.08557
v -0.01777 6.27553 -0.16903
v -0.02610 6.24550 -0.24833
v -0.03379 6.20451 -0.32151
v -0.04065 6.15355 -0.38678
v -0.04651 6.09389 -0.44252
v -0.05122 6.02700 -0.48737
v -0.05468 5.95451 -0.52022
v -0.05678 5.87822 -0.54025
v -0.05749 5.80000 -0.54699
v -0.05678 5.72178 -0.54025
v -0.05468 5.64549 -0.52022
v -0.05122 5.57300 -0.48737
v -0.04651 5.50611 -0.44252
v -0.04065 5.44645 -0.38678
v -0.03379 5.39549 -0.32151
v -0.02610 5.35450 -0.24833
v -0.01777 5.32447 -0.16903
v -0.00899 5.30616 -0.08557
v -0.00000 5.30000 -0.00000
v 0.00000 6.30000 0.00000
v 0.00899 6.29384 -0.08557
v 0.01777 6.27553 -0.16903
v 0.02610 6.24550 -0.24833
v 0.03379 6.20451 -0.32151
v 0.04065 6.15355 -0.38678
v 0.04651 6.09389 -0.44252
v 0.05122 6.02700 -0.48737
v 0.05468 5.95451 -0.52022
v 0.05678 5.87822 -0.54025
v 0.05749 5.80000 -0.54699
v 0.05678 5.72178 -0.54025
v 0.05468 5.64549 -0.52022
v 0.05122 5.57300 -0.48737
v 0.04651 5.50611 -0.44252
v 0.04065 5.44645 -0.38678
v 0.03379 5.39549 -0.32151
v 0.02610 5.35450 -0.24833
v 0.01777 5.32447 -0.16903
v 0.00899 5.30616 -0.08557
v 0.00000 5.30000 -0.00000
v 0.00000 6.30000 0.00000
v 0.02659 6.29384 -0.08183
v 0.05252 6.27553 -0.16164
v 0.07716 6.24550 -0.23747
v 0.09990 6.20451 -0.30746
v 0.12018 6.15355 -0.36987
v 0.13750 6.09389 -0.42318
v 0.15143 6.02700 -0.46607
v 0.16164 5.95451 -0.49748
v 0.16787 5.87822 -0.51664
v 0.16996 5.80000 -0.52308
v 0.16787 5.72178 -0.51664
v 0.16164 5.64549 -0.49748
v 0.15143 5.57300 -0.46607
v 0.13750 5.50611 -0.42318
v 0.12018 5.44645 -0.36987
v 0.09990 5.39549 -0.30746
v 0.07716 5.35450 -0.23747
v 0.05252 5.32447 -0.16164
v 0.02659 5.30616 -0.08183
v 0.00000 5.30000 -0.00000
v 0.00000 6.30000 0.00000
v 0.04302 6.29384 -0.07451
v 0.08498 6.27553 -0.14719
v 0.12485 6.24550 -0.21624
v 0.16164 6.20451 -0.27997
v 0.19445 6.15355 -0.33680
v 0.22248 6.09389 -0.38535
v 0.24503 6.02700 -0.42440
v 0.26154 5.95451 -0.45300
v 0.27161 5.87822 -0.47045
v 0.27500 5.80000 -0.47631
v 0.27161 5.72178 -0.47045
v 0.26154 5.64549 -0.45300
v 0.24503 5.57300 -0.42440
v 0.22248 5.50611 -0.38535
v 0.19445 5.44645 -0.33680
v 0.16164 5.39549 -0.27997
v 0.12485 5.35450 -0.21624
v 0.08498 5.32447 -0.14719
v 0.04302 5.30616 -0.07451
v 0.00000 5.30000 -0.00000
v 0.00000 6.30000 0.00000
v 0.05757 6.29384 -0.06394
v 0.11373 6.27553 -0.12630
v 0.16708 6.24550 -0.18556
v 0.21632 6.20451 -0.24025
v 0.26023 6.15355 -0.28902
v 0.29774 6.09389 -0.33067
v 0.32791 6.02700 -0.36418
v 0.35001 5.95451 -0.38873
v 0.36349 5.87822 -0.40370
v 0.36802 5.80000 -0.40873
v 0.36349 5.72178 -0.40370
v 0.35001 5.64549 -0.38873
v 0.32791 5.57300 -0.36418
v 0.29774 5.50611 -0.33067
v 0.26023 5.44645 -0.28902
v 0.21632 5.39549 -0.24025
v 0.16708 5.35450 -0.18556
v 0.11373 5.32447 -0.12630
v 0.05757 5.30616 -0.06394
v 0.00000 5.30000 -0.00000
v 0.00000 6.30000 0.00000
v 0.06961 6.29384 -0.05057
v 0.13750 6.27553 -0.09990
v 0.20201 6.24550 -0.14677
v 0.26154 6.20451 -0.19002
v 0.31463 6.15355 -0.22859
v 0.35998 6.09389 -0.26154
v 0.39646 6.02700 -0.28805
v 0.42318 5.95451 -0.30746
v 0.43948 5.87822 -0.31930
v 0.44496 5.80000 -0.32328
v 0.43948 5.72178 -0.31930
v 0.42318 5.64549 -0.30746
v 0.39646 5.57300 -0.28805
v 0.35998 5.50611 -0.26154
v 0.31463 5.44645 -0.22859
v 0.26154 5.39549 -0.19002
v 0.20201 5.35450 -0.14677
v 0.13750 5.32447 -0.09990
v 0.06961 5.30616 -0.05057
v 0.00000 5.30000 -0.00000
v 0.00000 6.30000 0.00000
v 0.07860 6.29384 -0.03500
v 0.15527 6.27553 -0.06913
v 0.22811 6.24550 -0.10156
v 0.29533 6.20451 -0.13149
v 0.35529 6.15355 -0.15818
v 0.40649 6.09389 -0.18098
v 0.44769 6.02700 -0.19932
v 0.47786 5.95451 -0.21276
v 0.49626 5.87822 -0.22095
v 0.50245 5.80000 -0.22371
v 0.49626 5.72178 -0.22095
v 0.47786 5.64549 -0.21276
v 0.44769 5.57300 -0.19932
v 0.40649 5.50611 -0.18098
v 0.35529 5.44645 -0.15818
v 0.29533 5.39549 -0.13149
v 0.22811 5.35450 -0.10156
v 0.15527 5.32447 -0.06913
v 0.07860 5.30616 -0.03500
v 0.00000 5.30000 -0.00000
v 0.00000 6.30000 0.00000
v 0.08416 6.29384 -0.01789
v 0.16625 6.27553 -0.03534
v 0.24424 6.24550 -0.05191
v 0.31622 6.20451 -0.06721
v 0.38041 6.15355 -0.08086
v 0.43524 6.09389 -0.09251
v 0.47934 6.02700 -0.10189
v 0.51165 5.95451 -0.10875
v 0.53136 5.87822 -0.11294
v 0.53798 5.80000 -0.11435
v 0.53136 5.72178 -0.11294
v 0.51165 5.64549 -0.10875
v 0.47934 5.57300 -0.10189
v 0.43524 5.50611 -0.09251
v 0.38041 5.44645 -0.08086
v 0.31622 5.39549 -0.06721
v 0.24424 5.35450 -0.05191
v 0.16625 5.32447 -0.03534
v 0.08416 5.30616 -0.01789
v 0.00000 5.30000 -0.00000
v 0.00000 6.30000 0.00000
v 0.08604 6.29384 -0.00000
v 0.16996 6.27553 -0.00000
v 0.24969 6.24550 -0.00000
v 0.32328 6.20451 -0.00000
v 0.38891 6.15355 -0.00000
v 0.44496 6.09389 -0.00000
v 0.49005 6.02700 -0.00000
v 0.52308 5.95451 -0.00000
v 0.54323 5.87822 -0.00000
v 0.55000 5.80000 -0.00000
v 0.54323 5.72178 -0.00000
v 0.52308 5.64549 -0.00000
v 0.49005 5.57300 -0.00000
v 0.44496 5.50611 -0.00000
v 0.38891 5.44645 -0.00000
v 0.32328 5.39549 -0.00000
v 0.24969 5.35450 -0.00000
v 0.16996 5.32447 -0.00000
v 0.08604 5.30616 -0.00000
v 0.00000 5.30000 -0.00000
v 0.00000 6.20000 0.00000
v 0.10556 6.20000 0.00000
v 0.21111 6.20000 0.00000
v 0.31667 6.20000 0.00000
v 0.42222 6.20000 0.00000
v 0.52778 6.20000 0.00000
v 0.63333 6.20000 0.00000
v 0.73889 6.20000 0.00000
v 0.84444 6.20000 0.00000
v 0.95000 6.20000 0.00000
v 0.84444 6.28889 0.00000
v 0.73889 6.37778 0.00000
v 0.63333 6.46667 0.00000
v 0.52778 6.55556 0.00000
v 0.42222 6.64444 0.00000
v 0.31667 6.73333 0.00000
v 0.21111 6.82222 0.00000
v 0.10556 6.91111 0.00000
v 0.00000 7.00000 0.00000
v 0.00000 6.20000 0.00000
v 0.09510 6.20000 0.04580
v 0.19020 6.20000 0.09160
v 0.28531 6.20000 0.13740
v 0.38041 6.20000 0.18320
v 0.47551 6.20000 0.22899
v 0.57061 6.20000 0.27479
v 0.66572 6.20000 0.32059
v 0.76082 6.20000 0.36639
v 0.85592 6.20000 0.41219
v 0.76082 6.28889 0.36639
v 0.66572 6.37778 0.32059
v 0.57061 6.46667 0.27479
v 0.47551 6.55556 0.22899
v 0.38041 6.64444 0.18320
v 0.28531 6.73333 0.13740
v 0.19020 6.82222 0.09160
v 0.09510 6.91111 0.04580
v 0.00000 7.00000 0.00000
v 0.00000 6.20000 0.00000
v 0.06581 6.20000 0.08253
v 0.13163 6.20000 0.16505
v 0.19744 6.20000 0.24758
v 0.26325 6.20000 0.33011
v 0.32906 6.20000 0.41263
v 0.39488 6.20000 0.49516
v 0.46069 6.20000 0.57769
v 0.52650 6.20000 0.66021
v 0.59232 6.20000 0.74274
v 0.52650 6.28889 0.66021
v 0.46069 6.37778 0.57769
v 0.39488 6.46667 0.49516
v 0.32906 6.55556 0.41263
v 0.26325 6.64444 0.33011
v 0.19744 6.73333 0.24758
v 0.13163 6.82222 0.16505
v 0.06581 6.91111 0.08253
v 0.00000 7.00000 0.00000
v 0.00000 6.20000 0.00000
v 0.02349 6.20000 0.10291
v 0.04698 6.20000 0.20582
v 0.07046 6.20000 0.30873
v 0.09395 6.20000 0.41164
v 0.11744 6.20000 0.51455
v 0.14093 6.20000 0.61745
v 0.16442 6.20000 0.72036
v 0.18791 6.20000 0.82327
v 0.21139 6.20000 0.92618
v 0.18791 6.28889 0.82327
v 0.16442 6.37778 0.72036
v 0.14093 6.46667 0.61745
v 0.11744 6.55556 0.51455
v 0.09395 6.64444 0.41164
v 0.07046 6.73333 0.30873
v 0.04698 6.82222 0.20582
v 0.02349 6.91111 0.10291
v 0.00000 7.00000 0.00000
v 0.00000 6.20000 0.00000
v -0.02349 6.20000 0.10291
v -0.04698 6.20000 0.20582
v -0.07046 6.20000 0.30873
v -0.09395 6.20000 0.41164
v -0.11744 6.20000 0.51455
v -0.14093 6.20000 0.61745
v -0.16442 6.20000 0.72036
v -0.18791 6.20000 0.82327
v -0.21139 6.20000 0.92618
v -0.18791 6.28889 0.82327
v -0.16442 6.37778 0.72036
v -0.14093 6.46667 0.61745
v -0.11744 6.55556 0.51455
v -0.09395 6.64444 0.41164
v -0.07046 6.73333 0.30873
v -0.04698 6.82222 0.20582
v -0.02349 6.91111 0.10291
v 0.00000 7.00000 0.00000
v 0.00000 6.20000 0.00000
v -0.06581 6.20000 0.08253
v -0.13163 6.20000 0.16505
v -0.19744 6.20000 0.24758
v -0.26325 6.20000 0.33011
v -0.32906 6.20000 0.41263
v -0.39488 6.20000 0.49516
v -0.46069 6.20000 0.57769
v -0.52650 6.20000 0.66021
v -0.59232 6.20000 0.74274
v -0.52650 6.28889 0.66021
v -0.46069 6.37778 0.57769
v -0.39488 6.46667 0.49516
v -0.32906 6.55556 0.41263
v -0.26325 6.64444 0.33011
v -0.19744 6.73333 0.24758
v -0.13163 6.82222 0.16505
v -0.06581 6.91111 0.08253
v 0.00000 7.00000 0.00000
v 0.00000 6.20000 0.00000
v -0.09510 6.20000 0.04580
v -0.19020 6.20000 0.09160
v -0.28531 6.20000 0.13740
v -0.38041 6.20000 0.18320
v -0.47551 6.20000 0.22899
v -0.57061 6.20000 0.27479
v -0.66572 6.20000 0.32059
v -0.76082 6.20000 0.36639
v -0.85592 6.20000 0.41219
v -0.76082 6.28889 0.36639
v -0.66572 6.37778 0.32059
v -0.57061 6.46667 0.27479
v -0.47551 6.55556 0.22899
v -0.38041 6.64444 0.18320
v -0.28531 6.73333 0.13740
v -0.19020 6.82222 0.09160
v -0.09510 6.91111 0.04580
v 0.00000 7.00000 0.00000
v 0.00000 6.20000 0.00000
v -0.10556 6.20000 0.00000
v -0.21111 6.20000 0.00000
v -0.31667 6.20000 0.00000
v -0.42222 6.20000 0.00000
v -0.52778 6.20000 0.00000
v -0.63333 6.20000 0.00000
v -0.73889 6.20000 0.00000
v -0.84444 6.20000 0.00000
v -0.95000 6.20000 0.00000
v -0.84444 6.28889 0.00000
v -0.73889 6.37778 0.00000
v -0.63333 6.46667 0.00000
v -0.52778 6.55556 0.00000
v -0.42222 6.64444 0.00000
v -0.31667 6.73333 0.00000
v -0.21111 6.82222 0.00000
v -0.10556 6.91111 0.00000
v 0.00000 7.00000 0.00000
v 0.00000 6.20000 0.00000
v -0.09510 6.20000 -0.04580
v -0.19020 6.20000 -0.09160
v -0.28531 6.20000 -0.13740
v -0.38041 6.20000 -0.18320
v -0.47551 6.20000 -0.22899
v -0.57061 6.20000 -0.27479
v -0.66572 6.20000 -0.32059
v -0.76082 6.20000 -0.36639
v -0.85592 6.20000 -0.41219
v -0.76082 6.28889 -0.36639
v -0.66572 6.37778 -0.32059
v -0.57061 6.46667 -0.27479
v -0.47551 6.55556 -0.22899
v -0.38041 6.64444 -0.18320
v -0.28531 6.73333 -0.13740
v -0.19020 6.82222 -0.09160
v -0.09510 6.91111 -0.04580
v 0.00000 7.00000 0.00000
v 0.00000 6.20000 0.00000
v -0.06581 6.20000 -0.08253
v -0.13163 6.20000 -0.16505
v -0.19744 6.20000 -0.24758
v -0.26325 6.20000 -0.33011
v -0.32906 6.20000 -0.41263
v -0.39488 6.20000 -0.49516
v -0.46069 6.20000 -0.57769
v -0.52650 6.20000 -0.66021
v -0.59232 6.20000 -0.74274
v -0.52650 6.28889 -0.66021
v -0.46069 6.37778 -0.57769
v -0.39488 6.46667 -0.49516
v -0.32906 6.55556 -0.41263
v -0.26325 6.64444 -0.33011
v -0.19744 6.73333 -0.24758
v -0.13163 6.82222 -0.16505
v -0.06581 6.91111 -0.08253
v 0.00000 7.00000 0.00000
v 0.00000 6.20000 0.00000
v -0.02349 6.20000 -0.10291
v -0.04698 6.20000 -0.20582
v -0.07046 6.20000 -0.30873
v -0.09395 6.20000 -0.41164
v -0.11744 6.20000 -0.51455
v -0.14093 6.20000 -0.61745
v -0.16442 6.20000 -0.72036
v -0.18791 6.20000 -0.82327
v -0.21139 6.20000 -0.92618
v -0.18791 6.28889 -0.82327
v -0.16442 6.37778 -0.72036
v -0.14093 6.46667 -0.61745
v -0.11744 6.55556 -0.51455
v -0.09395 6.64444 -0.41164
v -0.07046 6.73333 -0.30873
v -0.04698 6.82222 -0.20582
v -0.02349 6.91111 -0.10291
v 0.00000 7.00000 0.00000
v 0.00000 6.20000 0.00000
v 0.02349 6.20000 -0.10291
v 0.04698 6.20000 -0.20582
v 0.07046 6.20000 -0.30873
v 0.09395 6.20000 -0.41164
v 0.11744 6.20000 -0.51455
v 0.14093 6.20000 -0.61745
v 0.16442 6.20000 -0.72036
v 0.18791 6.20000 -0.82327
v 0.21139 6.20000 -0.92618
v 0.18791 6.28889 -0.82327
v 0.16442 6.37778 -0.72036
v 0.14093 6.46667 -0.61745
v 0.11744 6.55556 -0.51455
v 0.09395 6.64444 -0.41164
v 0.07046 6.73333 -0.30873
v 0.04698 6.82222 -0.20582
v 0.02349 6.91111 -0.10291
v 0.00000 7.00000 0.00000
v 0.00000 6.20000 0.00000
v 0.06581 6.20000 -0.08253
v 0.13163 6.20000 -0.16505
v 0.19744 6.20000 -0.24758
v 0.26325 6.20000 -0.33011
v 0.32906 6.20000 -0.41263
v 0.39488 6.20000 -0.49516
v 0.46069 6.20000 -0.57769
v 0.52650 6.20000 -0.66021
v 0.59232 6.20000 -0.74274
v 0.52650 6.28889 -0.66021
v 0.46069 6.37778 -0.57769
v 0.39488 6.46667 -0.49516
v 0.32906 6.55556 -0.41263
v 0.26325 6.64444 -0.33011
v 0.19744 6.73333 -0.24758
v 0.13163 6.82222 -0.16505
v 0.06581 6.91111 -0.08253
v 0.00000 7.00000 0.00000
v 0.00000 6.20000 0.00000
v 0.09510 6.20000 -0.04580
v 0.19020 6.20000 -0.09160
v 0.28531 6.20000 -0.13740
v 0.38041 6.20000 -0.18320
v 0.47551 6.20000 -0.22899
v 0.57061 6.20000 -0.27479
v 0.66572 6.20000 -0.32059
v 0.76082 6.20000 -0.36639
v 0.85592 6.20000 -0.41219
v 0.76082 6.28889 -0.36639
v 0.66572 6.37778 -0.32059
v 0.57061 6.46667 -0.27479
v 0.47551 6.55556 -0.22899
v 0.38041 6.64444 -0.18320
v 0.28531 6.73333 -0.13740
v 0.19020 6.82222 -0.09160
v 0.09510 6.91111 -0.04580
v 0.00000 7.00000 0.00000
v 0.00000 6.20000 0.00000
v 0.10556 6.20000 -0.00000
v 0.21111 6.20000 -0.00000
v 0.31667 6.20000 -0.00000
v 0.42222 6.20000 -0.00000
v 0.52778 6.20000 -0.00000
v 0.63333 6.20000 -0.00000
v 0.73889 6.20000 -0.00000
v 0.84444 6.20000 -0.00000
v 0.95000 6.20000 -0.00000
v 0.84444 6.28889 -0.00000
v 0.73889 6.37778 -0.00000
v 0.63333 6.46667 -0.00000
v 0.52778 6.55556 -0.00000
v 0.42222 6.64444 -0.00000
v 0.31667 6.73333 -0.00000
v 0.21111 6.82222 -0.00000
v 0.10556 6.91111 -0.00000
v 0.00000 7.00000 0.00000
vt 0.00000 0.00000
vt 0.00000 0.01852
vt 0.00000 0.03704
vt 0.00000 0.05556
vt 0.00000 0.07407
vt 0.00000 0.09259
vt 0.00000 0.11111
vt 0.00000 0.12963
vt 0.00000 0.14815
vt 0.00000 0.16667
vt 0.00000 0.18519
vt 0.00000 0.20370
vt 0.00000 0.22222
vt 0.00000 0.24074
vt 0.00000 0.25926
vt 0.00000 0.27778
vt 0.00000 0.29630
vt 0.00000 0.31481
vt 0.00000 0.33333
vt 0.00000 0.35185
vt 0.00000 0.37037
vt 0.00000 0.38889
vt 0.00000 0.40741
vt 0.00000 0.42593
vt 0.00000 0.44444
vt 0.00000 0.46296
vt 0.00000 0.48148
vt 0.00000 0.50000
vt 0.00000 0.51852
vt 0.00000 0.53704
vt 0.00000 0.55556
vt 0.00000 0.57407
vt 0.00000 0.59259
vt 0.00000 0.61111
vt 0.00000 0.62963
vt 0.00000 0.64815
vt 0.00000 0.66667
vt 0.00000 0.68519
vt 0.00000 0.70370
vt 0.00000 0.72222
vt 0.00000 0.74074
vt 0.00000 0.75926
vt 0.00000 0.77778
vt 0.00000 0.79630
vt 0.00000 0.81481
vt 0.00000 0.83333
vt 0.00000 0.85185
vt 0.00000 0.87037
vt 0.00000 0.88889
vt 0.00000 0.90741
vt 0.00000 0.92593
vt 0.00000 0.94444
vt 0.00000 0.96296
vt 0.00000 0.98148
vt 0.00000 1.00000
vt 0.06250 0.00000
vt 0.06250 0.01852
vt 0.06250 0.03704
vt 0.06250 0.05556
vt 0.06250 0.07407
vt 0.06250 0.09259
vt 0.06250 0.11111
vt 0.06250 0.12963
vt 0.06250 0.14815
vt 0.06250 0.16667
vt 0.06250 0.18519
vt 0.06250 0.20370
vt 0.06250 0.22222
vt 0.06250 0.24074
vt 0.06250 0.25926
vt 0.06250 0.27778
vt 0.06250 0.29630
vt 0.06250 0.31481
vt 0.06250 0.33333
vt 0.06250 0.35185
vt 0.06250 0.37037
vt 0.06250 0.38889
vt 0.06250 0.40741
vt 0.06250 0.42593
vt 0.06250 0.44444
vt 0.06250 0.46296
vt 0.06250 0.48148
vt 0.06250 0.50000
vt 0.06250 0.51852
vt 0.06250 0.53704
vt 0.06250 0.55556
vt 0.06250 0.57407
vt 0.06250 0.59259
vt 0.06250 0.61111
vt 0.06250 0.62963
vt 0.06250 0.64815
vt 0.06250 0.66667
vt 0.06250 0.68519
vt 0.06250 0.70370
vt 0.06250 0.72222
vt 0.06250 0.74074
vt 0.06250 0.75926
vt 0.06250 0.77778
vt 0.06250 0.79630
vt 0.06250 0.81481
vt 0.06250 0.83333
vt 0.06250 0.85185
vt 0.06250 0.87037
vt 0.06250 0.88889
vt 0.06250 0.90741
vt 0.06250 0.92593
vt 0.06250 0.94444
vt 0.06250 0.96296
vt 0.06250 0.98148
vt 0.06250 1.00000
vt 0.12500 0.00000
vt 0.12500 0.01852
vt 0.12500 0.03704
vt 0.12500 0.05556
vt 0.12500 0.07407
vt 0.12500 0.09259
vt 0.12500 0.11111
vt 0.12500 0.12963
vt 0.12500 0.14815
vt 0.12500 0.16667
vt 0.12500 0.18519
vt 0.12500 0.20370
vt 0.12500 0.22222
vt 0.12500 0.24074
vt 0.12500 0.25926
vt 0.12500 0.27778
vt 0.12500 0.29630
vt 0.12500 0.31481
vt 0.12500 0.33333
vt 0.12500 0.35185
vt 0.12500 0.37037
vt 0.12500 0.38889
vt 0.12500 0.40741
vt 0.12500 0.42593
vt 0.12500 0.44444
vt 0.12500 0.46296
vt 0.12500 0.48148
vt 0.12500 0.50000
vt 0.12500 0.51852
vt 0.12500 0.53704
vt 0.12500 0.55556
vt 0.12500 0.57407
vt 0.12500 0.59259
vt 0.12500 0.61111
vt 0.12500 0.62963
vt 0.12500 0.64815
vt 0.12500 0.66667
vt 0.12500 0.68519
vt 0.12500 0.70370
vt 0.12500 0.72222
vt 0.12500 0.74074
vt 0.12500 0.75926
vt 0.12500 0.77778
vt 0.12500 0.79630
vt 0.12500 0.81481
vt 0.12500 0.83333
vt 0.12500 0.85185
vt 0.12500 0.87037
vt 0.12500 0.88889
vt 0.12500 0.90741
vt 0.12500 0.92593
vt 0.12500 0.94444
vt 0.12500 0.96296
vt 0.12500 0.98148
vt 0.12500 1.00000
vt 0.18750 0.00000
vt 0.18750 0.01852
vt 0.18750 0.03704
vt 0.18750 0.05556
vt 0.18750 0.07407
vt 0.18750 0.09259
vt 0.18750 0.11111
vt 0.18750 0.12963
vt 0.18750 0.14815
vt 0.18750 0.16667
vt 0.18750 0.18519
vt 0.18750 0.20370
vt 0.18750 0.22222
vt 0.18750 0.24074
vt 0.18750 0.25926
vt 0.18750 0.27778
vt 0.18750 0.29630
vt 0.18750 0.31481
vt 0.18750 0.33333
vt 0.18750 0.35185
vt 0.18750 0.37037
vt 0.18750 0.38889
vt 0.18750 0.40741
vt 0.18750 0.42593
vt 0.18750 0.44444
vt 0.18750 0.46296
vt 0.18750 0.48148
vt 0.18750 0.50000
vt 0.18750 0.51852
vt 0.18750 0.53704
vt 0.18750 0.55556
vt 0.18750 0.57407
vt 0.18750 0.59259
vt 0.18750 0.61111
vt 0.18750 0.62963
vt 0.18750 0.64815
vt 0.18750 0.66667
vt 0.18750 0.68519
vt 0.18750 0.70370
vt 0.18750 0.72222
vt 0.18750 0.74074
vt 0.18750 0.75926
vt 0.18750 0.77778
vt 0.18750 0.79630
vt 0.18750 0.81481
vt 0.18750 0.83333
vt 0.18750 0.85185
vt 0.18750 0.87037
vt 0.18750 0.88889
vt 0.18750 0.90741
vt 0.18750 0.92593
vt 0.18750 0.94444
vt 0.18750 0.96296
vt 0.18750 0.98148
vt 0.18750 1.00000
vt 0.25000 0.00000
vt 0.25000 0.01852
vt 0.25000 0.03704
vt 0.25000 0.05556
vt 0.25000 0.07407
vt 0.25000 0.09259
vt 0.25000 0.11111
vt 0.25000 0.12963
vt 0.25000 0.14815
vt 0.25000 0.16667
vt 0.25000 0.18519
vt 0.25000 0.20370
vt 0.25000 0.22222
vt 0.25000 0.24074
vt 0.25000 0.25926
vt 0.25000 0.27778
vt 0.25000 0.29630
vt 0.25000 0.31481
vt 0.25000 0.33333
vt 0.25000 0.35185
vt 0.25000 0.37037
vt 0.25000 0.38889
vt 0.25000 0.40741
vt 0.25000 0.42593
vt 0.25000 0.44444
vt 0.25000 0.46296
vt 0.25000 0.48148
vt 0.25000 0.50000
vt 0.25000 0.51852
vt 0.25000 0.53704
vt 0.25000 0.55556
vt 0.25000 0.57407
vt 0.25000 0.59259
vt 0.25000 0.61111
vt 0.25000 0.62963
vt 0.25000 0.64815
vt 0.25000 0.66667
vt 0.25000 0.68519
vt 0.25000 0.70370
vt 0.25000 0.72222
vt 0.25000 0.74074
vt 0.25000 0.75926
vt 0.25000 0.77778
vt 0.25000 0.79630
vt 0.25000 0.81481
vt 0.25000 0.83333
vt 0.25000 0.85185
vt 0.25000 0.87037
vt 0.25000 0.88889
vt 0.25000 0.90741
vt 0.25000 0.92593
vt 0.25000 0.94444
vt 0.25000 0.96296
vt 0.25000 0.98148
vt 0.25000 1.00000
vt 0.31250 0.00000
vt 0.31250 0.01852
vt 0.31250 0.03704
vt 0.31250 0.05556
vt 0.31250 0.07407
vt 0.31250 0.09259
vt 0.31250 0.11111
vt 0.31250 0.12963
vt 0.31250 0.14815
vt 0.31250 0.16667
vt 0.31250 0.18519
vt 0.31250 0.20370
vt 0.31250 0.22222
vt 0.31250 0.24074
vt 0.31250 0.25926
vt 0.31250 0.27778
vt 0.31250 0.29630
vt 0.31250 0.31481
vt 0.31250 0.33333
vt 0.31250 0.35185
vt 0.31250 0.37037
vt 0.31250 0.38889
vt 0.31250 0.40741
vt 0.31250 0.42593
vt 0.31250 0.44444
vt 0.31250 0.46296
vt 0.31250 0.48148
vt 0.31250 0.50000
vt 0.31250 0.51852
vt 0.31250 0.53704
vt 0.31250 0.55556
vt 0.31250 0.57407
vt 0.31250 0.59259
vt 0.31250 0.61111
vt 0.31250 0.62963
vt 0.31250 0.64815
vt 0.31250 0.66667
vt 0.31250 0.68519
vt 0.31250 0.70370
vt 0.31250 0.72222
vt 0.31250 0.74074
vt 0.31250 0.75926
vt 0.31250 0.77778
vt 0.31250 0.79630
vt 0.31250 0.81481
vt 0.31250 0.83333
vt 0.31250 0.85185
vt 0.31250 0.87037
vt 0.31250 0.88889
vt 0.31250 0.90741
vt 0.31250 0.92593
vt 0.31250 0.94444
vt 0.31250 0.96296
vt 0.31250 0.98148
vt 0.31250 1.00000
vt 0.37500 0.00000
vt 0.37500 0.01852
vt 0.37500 0.03704
vt 0.37500 0.05556
vt 0.37500 0.07407
vt 0.37500 0.09259
vt 0.37500 0.11111
vt 0.37500 0.12963
vt 0.37500 0.14815
vt 0.37500 0.16667
vt 0.37500 0.18519
vt 0.37500 0.20370
vt 0.37500 0.22222
vt 0.37500 0.24074
vt 0.37500 0.25926
vt 0.37500 0.27778
vt 0.37500 0.29630
vt 0.37500 0.31481
vt 0.37500 0.33333
vt 0.37500 0.35185
vt 0.37500 0.37037
vt 0.37500 0.38889
vt 0.37500 0.40741
vt 0.37500 0.42593
vt 0.37500 0.44444
vt 0.37500 0.46296
vt 0.37500 0.48148
vt 0.37500 0.50000
vt 0.37500 0.51852
vt 0.37500 0.53704
vt 0.37500 0.55556
vt 0.37500 0.57407
vt 0.37500 0.59259
vt 0.37500 0.61111
vt 0.37500 0.62963
vt 0.37500 0.64815
vt 0.37500 0.66667
vt 0.37500 0.68519
vt 0.37500 0.70370
vt 0.37500 0.72222
vt 0.37500 0.74074
vt 0.37500 0.75926
vt 0.37500 0.77778
vt 0.37500 0.79630
vt 0.37500 0.81481
vt 0.37500 0.83333
vt 0.37500 0.85185
vt 0.37500 0.87037
vt 0.37500 0.88889
vt 0.37500 0.90741
vt 0.37500 0.92593
vt 0.37500 0.94444
vt 0.37500 0.96296
vt 0.37500 0.98148
vt 0.37500 1.00000
vt 0.43750 0.00000
vt 0.43750 0.01852
vt 0.43750 0.03704
vt 0.43750 0.05556
vt 0.43750 0.07407
vt 0.43750 0.09259
vt 0.43750 0.11111
vt 0.43750 0.12963
vt 0.43750 0.14815
vt 0.43750 0.16667
vt 0.43750 0.18519
vt 0.43750 0.20370
vt 0.43750 0.22222
vt 0.43750 0.24074
vt 0.43750 0.25926
vt 0.43750 0.27778
vt 0.43750 0.29630
vt 0.43750 0.31481
vt 0.43750 0.33333
vt 0.43750 0.35185
vt 0.43750 0.37037
vt 0.43750 0.38889
vt 0.43750 0.40741
vt 0.43750 0.42593
vt 0.43750 0.44444
vt 0.43750 0.46296
vt 0.43750 0.48148
vt 0.43750 0.50000
vt 0.43750 0.51852
vt 0.43750 0.53704
vt 0.43750 0.55556
vt 0.43750 0.57407
vt 0.43750 0.59259
vt 0.43750 0.61111
vt 0.43750 0.62963
vt 0.43750 0.64815
vt 0.43750 0.66667
vt 0.43750 0.68519
vt 0.43750 0.70370
vt 0.43750 0.72222
vt 0.43750 0.74074
vt 0.43750 0.75926
vt 0.43750 0.77778
vt 0.43750 0.79630
vt 0.43750 0.81481
vt 0.43750 0.83333
vt 0.43750 0.85185
vt 0.43750 0.87037
vt 0.43750 0.88889
vt 0.43750 0.90741
vt 0.43750 0.92593
vt 0.43750 0.94444
vt 0.43750 0.96296
vt 0.43750 0.98148
vt 0.43750 1.00000
vt 0.50000 0.00000
vt 0.50000 0.01852
vt 0.50000 0.03704
vt 0.50000 0.05556
vt 0.50000 0.07407
vt 0.50000 0.09259
vt 0.50000 0.11111
vt 0.50000 0.12963
vt 0.50000 0.14815
vt 0.50000 0.16667
vt 0.50000 0.18519
vt 0.50000 0.20370
vt 0.50000 0.22222
vt 0.50000 0.24074
vt 0.50000 0.25926
vt 0.50000 0.27778
vt 0.50000 0.29630
vt 0.50000 0.31481
vt 0.50000 0.33333
vt 0.50000 0.35185
vt 0.50000 0.37037
vt 0.50000 0.38889
vt 0.50000 0.40741
vt 0.50000 0.42593
vt 0.50000 0.44444
vt 0.50000 0.46296
vt 0.50000 0.48148
vt 0.50000 0.50000
vt 0.50000 0.51852
vt 0.50000 0.53704
vt 0.50000 0.55556
vt 0.50000 0.57407
vt 0.50000 0.59259
vt 0.50000 0.61111
vt 0.50000 0.62963
vt 0.50000 0.64815
vt 0.50000 0.66667
vt 0.50000 0.68519
vt 0.50000 0.70370
vt 0.50000 0.72222
vt 0.50000 0.74074
vt 0.50000 0.75926
vt 0.50000 0.77778
vt 0.50000 0.79630
vt 0.50000 0.81481
vt 0.50000 0.83333
vt 0.50000 0.85185
vt 0.50000 0.87037
vt 0.50000 0.88889
vt 0.50000 0.90741
vt 0.50000 0.92593
vt 0.50000 0.94444
vt 0.50000 0.96296
vt 0.50000 0.98148
vt 0.50000 1.00000
vt 0.56250 0.00000
vt 0.56250 0.01852
vt 0.56250 0.03704
vt 0.56250 0.05556
vt 0.56250 0.07407
vt 0.56250 0.09259
vt 0.56250 0.11111
vt 0.56250 0.12963
vt 0.56250 0.14815
vt 0.56250 0.16667
vt 0.56250 0.18519
vt 0.56250 0.20370
vt 0.56250 0.22222
vt 0.56250 0.24074
vt 0.56250 0.25926
vt 0.56250 0.27778
vt 0.56250 0.29630
vt 0.56250 0.31481
vt 0.56250 0.33333
vt 0.56250 0.35185
vt 0.56250 0.37037
vt 0.56250 0.38889
vt 0.56250 0.40741
vt 0.56250 0.42593
vt 0.56250 0.44444
vt 0.56250 0.46296
vt 0.56250 0.48148
vt 0.56250 0.50000
vt 0.56250 0.51852
vt 0.56250 0.53704
vt 0.56250 0.55556
vt 0.56250 0.57407
vt 0.56250 0.59259
vt 0.56250 0.61111
vt 0.56250 0.62963
vt 0.56250 0.64815
vt 0.56250 0.66667
vt 0.56250 0.68519
vt 0.56250 0.70370
vt 0.56250 0.72222
vt 0.56250 0.74074
vt 0.56250 0.75926
vt 0.56250 0.77778
vt 0.56250 0.79630
vt 0.56250 0.81481
vt 0.56250 0.83333
vt 0.56250 0.85185
vt 0.56250 0.87037
vt 0.56250 0.88889
vt 0.56250 0.90741
vt 0.56250 0.92593
vt 0.56250 0.94444
vt 0.56250 0.96296
vt 0.56250 0.98148
vt 0.56250 1.00000
vt 0.62500 0.00000
vt 0.62500 0.01852
vt 0.62500 0.03704
vt 0.62500 0.05556
vt 0.62500 0.07407
vt 0.62500 0.09259
vt 0.62500 0.11111
vt 0.62500 0.12963
vt 0.62500 0.14815
vt 0.62500 0.16667
vt 0.62500 0.18519
vt 0.62500 0.20370
vt 0.62500 0.22222
vt 0.62500 0.24074
vt 0.62500 0.25926
vt 0.62500 0.27778
vt 0.62500 0.29630
vt 0.62500 0.31481
vt 0.62500 0.33333
vt 0.62500 0.35185
vt 0.62500 0.37037
vt 0.62500 0.38889
vt 0.62500 0.40741
vt 0.62500 0.42593
vt 0.62500 0.44444
vt 0.62500 0.46296
vt 0.62500 0.48148
vt 0.62500 0.50000
vt 0.62500 0.51852
vt 0.62500 0.53704
vt 0.62500 0.55556
vt 0.62500 0.57407
vt 0.62500 0.59259
vt 0.62500 0.61111
vt 0.62500 0.62963
vt 0.62500 0.64815
vt 0.62500 0.66667
vt 0.62500 0.68519
vt 0.62500 0.70370
vt 0.62500 0.72222
vt 0.62500 0.74074
vt 0.62500 0.75926
vt 0.62500 0.77778
vt 0.62500 0.79630
vt 0.62500 0.81481
vt 0.62500 0.83333
vt 0.62500 0.85185
vt 0.62500 0.87037
vt 0.62500 0.88889
vt 0.62500 0.90741
vt 0.62500 0.92593
vt 0.62500 0.94444
vt 0.62500 0.96296
vt 0.62500 0.98148
vt 0.62500 1.00000
vt 0.68750 0.00000
vt 0.68750 0.01852
vt 0.68750 0.03704
vt 0.68750 0.05556
vt 0.68750 0.07407
vt 0.68750 0.09259
vt 0.68750 0.11111
vt 0.68750 0.12963
vt 0.68750 0.14815
vt 0.68750 0.16667
vt 0.68750 0.18519
vt 0.68750 0.20370
vt 0.68750 0.22222
vt 0.68750 0.24074
vt 0.68750 0.25926
vt 0.68750 0.27778
vt 0.68750 0.29630
vt 0.68750 0.31481
vt 0.68750 0.33333
vt 0.68750 0.35185
vt 0.68750 0.37037
vt 0.68750 0.38889
vt 0.68750 0.40741
vt 0.68750 0.42593
vt 0.68750 0.44444
vt 0.68750 0.46296
vt 0.68750 0.48148
vt 0.68750 0.50000
vt 0.68750 0.51852
vt 0.68750 0.53704
vt 0.68750 0.55556
vt 0.68750 0.57407
vt 0.68750 0.59259
vt 0.68750 0.61111
vt 0.68750 0.62963
vt 0.68750 0.64815
vt 0.68750 0.66667
vt 0.68750 0.68519
vt 0.68750 0.70370
vt 0.68750 0.72222
vt 0.68750 0.74074
vt 0.68750 0.75926
vt 0.68750 0.77778
vt 0.68750 0.79630
vt 0.68750 0.81481
vt 0.68750 0.83333
vt 0.68750 0.85185
vt 0.68750 0.87037
vt 0.68750 0.88889
vt 0.68750 0.90741
vt 0.68750 0.92593
vt 0.68750 0.94444
vt 0.68750 0.96296
vt 0.68750 0.98148
vt 0.68750 1.00000
vt 0.75000 0.00000
vt 0.75000 0.01852
vt 0.75000 0.03704
vt 0.75000 0.05556
vt 0.75000 0.07407
vt 0.75000 0.09259
vt 0.75000 0.11111
vt 0.75000 0.12963
vt 0.75000 0.14815
vt 0.75000 0.16667
vt 0.75000 0.18519
vt 0.75000 0.20370
vt 0.75000 0.22222
vt 0.75000 0.24074
vt 0.75000 0.25926
vt 0.75000 0.27778
vt 0.75000 0.29630
vt 0.75000 0.31481
vt 0.75000 0.33333
vt 0.75000 0.35185
vt 0.75000 0.37037
vt 0.75000 0.38889
vt 0.75000 0.40741
vt 0.75000 0.42593
vt 0.75000 0.44444
vt 0.75000 0.46296
vt 0.75000 0.48148
vt 0.75000 0.50000
vt 0.75000 0.51852
vt 0.75000 0.53704
vt 0.75000 0.55556
vt 0.75000 0.57407
vt 0.75000 0.59259
vt 0.75000 0.61111
vt 0.75000 0.62963
vt 0.75000 0.64815
vt 0.75000 0.66667
vt 0.75000 0.68519
vt 0.75000 0.70370
vt 0.75000 0.72222
vt 0.75000 0.74074
vt 0.75000 0.75926
vt 0.75000 0.77778
vt 0.75000 0.79630
vt 0.75000 0.81481
vt 0.75000 0.83333
vt 0.75000 0.85185
vt 0.75000 0.87037
vt 0.75000 0.88889
vt 0.75000 0.90741
vt 0.75000 0.92593
vt 0.75000 0.94444
vt 0.75000 0.96296
vt 0.75000 0.98148
vt 0.75000 1.00000
vt 0.81250 0.00000
vt 0.81250 0.01852
vt 0.81250 0.03704
vt 0.81250 0.05556
vt 0.81250 0.07407
vt 0.81250 0.09259
vt 0.81250 0.11111
vt 0.81250 0.12963
vt 0.81250 0.14815
vt 0.81250 0.16667
vt 0.81250 0.18519
vt 0.81250 0.20370
vt 0.81250 0.22222
vt 0.81250 0.24074
vt 0.81250 0.25926
vt 0.81250 0.27778
vt 0.81250 0.29630
vt 0.81250 0.31481
vt 0.81250 0.33333
vt 0.81250 0.35185
vt 0.81250 0.37037
vt 0.81250 0.38889
vt 0.81250 0.40741
vt 0.81250 0.42593
vt 0.81250 0.44444
vt 0.81250 0.46296
vt 0.81250 0.48148
vt 0.81250 0.50000
vt 0.81250 0.51852
vt 0.81250 0.53704
vt 0.81250 0.55556
vt 0.81250 0.57407
vt 0.81250 0.59259
vt 0.81250 0.61111
vt 0.81250 0.62963
vt 0.81250 0.64815
vt 0.81250 0.66667
vt 0.81250 0.68519
vt 0.81250 0.70370
vt 0.81250 0.72222
vt 0.81250 0.74074
vt 0.81250 0.75926
vt 0.81250 0.77778
vt 0.81250 0.79630
vt 0.81250 0.81481
vt 0.81250 0.83333
vt 0.81250 0.85185
vt 0.81250 0.87037
vt 0.81250 0.88889
vt 0.81250 0.90741
vt 0.81250 0.92593
vt 0.81250 0.94444
vt 0.81250 0.96296
vt 0.81250 0.98148
vt 0.81250 1.00000
vt 0.87500 0.00000
vt 0.87500 0.01852
vt 0.87500 0.03704
vt 0.87500 0.05556
vt 0.87500 0.07407
vt 0.87500 0.09259
vt 0.87500 0.11111
vt 0.87500 0.12963
vt 0.87500 0.14815
vt 0.87500 0.16667
vt 0.87500 0.18519
vt 0.87500 0.20370
vt 0.87500 0.22222
vt 0.87500 0.24074
vt 0.87500 0.25926
vt 0.87500 0.27778
vt 0.87500 0.29630
vt 0.87500 0.31481
vt 0.87500 0.33333
vt 0.87500 0.35185
vt 0.87500 0.37037
vt 0.87500 0.38889
vt 0.87500 0.40741
vt 0.87500 0.42593
vt 0.87500 0.44444
vt 0.87500 0.46296
vt 0.87500 0.48148
vt 0.87500 0.50000
vt 0.87500 0.51852
vt 0.87500 0.53704
vt 0.87500 0.55556
vt 0.87500 0.57407
vt 0.87500 0.59259
vt 0.87500 0.61111
vt 0.87500 0.62963
vt 0.87500 0.64815
vt 0.87500 0.66667
vt 0.87500 0.68519
vt 0.87500 0.70370
vt 0.87500 0.72222
vt 0.87500 0.74074
vt 0.87500 0.75926
vt 0.87500 0.77778
vt 0.87500 0.79630
vt 0.87500 0.81481
vt 0.87500 0.83333
vt 0.87500 0.85185
vt 0.87500 0.87037
vt 0.87500 0.88889
vt 0.87500 0.90741
vt 0.87500 0.92593
vt 0.87500 0.94444
vt 0.87500 0.96296
vt 0.87500 0.98148
vt 0.87500 1.00000
vt 0.93750 0.00000
vt 0.93750 0.01852
vt 0.93750 0.03704
vt 0.93750 0.05556
vt 0.93750 0.07407
vt 0.93750 0.09259
vt 0.93750 0.11111
vt 0.93750 0.12963
vt 0.93750 0.14815
vt 0.93750 0.16667
vt 0.93750 0.18519
vt 0.93750 0.20370
vt 0.93750 0.22222
vt 0.93750 0.24074
vt 0.93750 0.25926
vt 0.93750 0.27778
vt 0.93750 0.29630
vt 0.93750 0.31481
vt 0.93750 0.33333
vt 0.93750 0.35185
vt 0.93750 0.37037
vt 0.93750 0.38889
vt 0.93750 0.40741
vt 0.93750 0.42593
vt 0.93750 0.44444
vt 0.93750 0.46296
vt 0.93750 0.48148
vt 0.93750 0.50000
vt 0.93750 0.51852
vt 0.93750 0.53704
vt 0.93750 0.55556
vt 0.93750 0.57407
vt 0.93750 0.59259
vt 0.93750 0.61111
vt 0.93750 0.62963
vt 0.93750 0.64815
vt 0.93750 0.66667
vt 0.93750 0.68519
vt 0.93750 0.70370
vt 0.93750 0.72222
vt 0.93750 0.74074
vt 0.93750 0.75926
vt 0.93750 0.77778
vt 0.93750 0.79630
vt 0.93750 0.81481
vt 0.93750 0.83333
vt 0.93750 0.85185
vt 0.93750 0.87037
vt 0.93750 0.88889
vt 0.93750 0.90741
vt 0.93750 0.92593
vt 0.93750 0.94444
vt 0.93750 0.96296
vt 0.93750 0.98148
vt 0.93750 1.00000
vt 1.00000 0.00000
vt 1.00000 0.01852
vt 1.00000 0.03704
vt 1.00000 0.05556
vt 1.00000 0.07407
vt 1.00000 0.09259
vt 1.00000 0.11111
vt 1.00000 0.12963
vt 1.00000 0.14815
vt 1.00000 0.16667
vt 1.00000 0.18519
vt 1.00000 0.20370
vt 1.00000 0.22222
vt 1.00000 0.24074
vt 1.00000 0.25926
vt 1.00000 0.27778
vt 1.00000 0.29630
vt 1.00000 0.31481
vt 1.00000 0.33333
vt 1.00000 0.35185
vt 1.00000 0.37037
vt 1.00000 0.38889
vt 1.00000 0.40741
vt 1.00000 0.42593
vt 1.00000 0.44444
vt 1.00000 0.46296
vt 1.00000 0.48148
vt 1.00000 0.50000
vt 1.00000 0.51852
vt 1.00000 0.53704
vt 1.00000 0.55556
vt 1.00000 0.57407
vt 1.00000 0.59259
vt 1.00000 0.61111
vt 1.00000 0.62963
vt 1.00000 0.64815
vt 1.00000 0.66667
vt 1.00000 0.68519
vt 1.00000 0.70370
vt 1.00000 0.72222
vt 1.00000 0.74074
vt 1.00000 0.75926
vt 1.00000 0.77778
vt 1.00000 0.79630
vt 1.00000 0.81481
vt 1.00000 0.83333
vt 1.00000 0.85185
vt 1.00000 0.87037
vt 1.00000 0.88889
vt 1.00000 0.90741
vt 1.00000 0.92593
vt 1.00000 0.94444
vt 1.00000 0.96296
vt 1.00000 0.98148
vt 1.00000 1.00000
vt 0.00000 0.00000
vt 0.00000 0.05000
vt 0.00000 0.10000
vt 0.00000 0.15000
vt 0.00000 0.20000
vt 0.00000 0.25000
vt 0.00000 0.30000
vt 0.00000 0.35000
vt 0.00000 0.40000
vt 0.00000 0.45000
vt 0.00000 0.50000
vt 0.00000 0.55000
vt 0.00000 0.60000
vt 0.00000 0.65000
vt 0.00000 0.70000
vt 0.00000 0.75000
vt 0.00000 0.80000
vt 0.00000 0.85000
vt 0.00000 0.90000
vt 0.00000 0.95000
vt 0.00000 1.00000
vt 0.03333 0.00000
vt 0.03333 0.05000
vt 0.03333 0.10000
vt 0.03333 0.15000
vt 0.03333 0.20000
vt 0.03333 0.25000
vt 0.03333 0.30000
vt 0.03333 0.35000
vt 0.03333 0.40000
vt 0.03333 0.45000
vt 0.03333 0.50000
vt 0.03333 0.55000
vt 0.03333 0.60000
vt 0.03333 0.65000
vt 0.03333 0.70000
vt 0.03333 0.75000
vt 0.03333 0.80000
vt 0.03333 0.85000
vt 0.03333 0.90000
vt 0.03333 0.95000
vt 0.03333 1.00000
vt 0.06667 0.00000
vt 0.06667 0.05000
vt 0.06667 0.10000
vt 0.06667 0.15000
vt 0.06667 0.20000
vt 0.06667 0.25000
vt 0.06667 0.30000
vt 0.06667 0.35000
vt 0.06667 0.40000
vt 0.06667 0.45000
vt 0.06667 0.50000
vt 0.06667 0.55000
vt 0.06667 0.60000
vt 0.06667 0.65000
vt 0.06667 0.70000
vt 0.06667 0.75000
vt 0.06667 0.80000
vt 0.06667 0.85000
vt 0.06667 0.90000
vt 0.06667 0.95000
vt 0.06667 1.00000
vt 0.10000 0.00000
vt 0.10000 0.05000
vt 0.10000 0.10000
vt 0.10000 0.15000
vt 0.10000 0.20000
vt 0.10000 0.25000
vt 0.10000 0.30000
vt 0.10000 0.35000
vt 0.10000 0.40000
vt 0.10000 0.45000
vt 0.10000 0.50000
vt 0.10000 0.55000
vt 0.10000 0.60000
vt 0.10000 0.65000
vt 0.10000 0.70000
vt 0.10000 0.75000
vt 0.10000 0.80000
vt 0.10000 0.85000
vt 0.10000 0.90000
vt 0.10000 0.95000
vt 0.10000 1.00000
vt 0.13333 0.00000
vt 0.13333 0.05000
vt 0.13333 0.10000
vt 0.13333 0.15000
vt 0.13333 0.20000
vt 0.13333 0.25000
vt 0.13333 0.30000
vt 0.13333 0.35000
vt 0.13333 0.40000
vt 0.13333 0.45000
vt 0.13333 0.50000
vt 0.13333 0.55000
vt 0.13333 0.60000
vt 0.13333 0.65000
vt 0.13333 0.70000
vt 0.13333 0.75000
vt 0.13333 0.80000
vt 0.13333 0.85000
vt 0.13333 0.90000
vt 0.13333 0.95000
vt 0.13333 1.00000
vt 0.16667 0.00000
vt 0.16667 0.05000
vt 0.16667 0.10000
vt 0.16667 0.15000
vt 0.16667 0.20000
vt 0.16667 0.25000
vt 0.16667 0.30000
vt 0.16667 0.35000
vt 0.16667 0.40000
vt 0.16667 0.45000
vt 0.16667 0.50000
vt 0.16667 0.55000
vt 0.16667 0.60000
vt 0.16667 0.65000
vt 0.16667 0.70000
vt 0.16667 0.75000
vt 0.16667 0.80000
vt 0.16667 0.85000
vt 0.16667 0.90000
vt 0.16667 0.95000
vt 0.16667 1.00000
vt 0.20000 0.00000
vt 0.20000 0.05000
vt 0.20000 0.10000
vt 0.20000 0.15000
vt 0.20000 0.20000
vt 0.20000 0.25000
vt 0.20000 0.30000
vt 0.20000 0.35000
vt 0.20000 0.40000
vt 0.20000 0.45000
vt 0.20000 0.50000
vt 0.20000 0.55000
vt 0.20000 0.60000
vt 0.20000 0.65000
vt 0.20000 0.70000
vt 0.20000 0.75000
vt 0.20000 0.80000
vt 0.20000 0.85000
vt 0.20000 0.90000
vt 0.20000 0.95000
vt 0.20000 1.00000
vt 0.23333 0.00000
vt 0.23333 0.05000
vt 0.23333 0.10000
vt 0.23333 0.15000
vt 0.23333 0.20000
vt 0.23333 0.25000
vt 0.23333 0.30000
vt 0.23333 0.35000
vt 0.23333 0.40000
vt 0.23333 0.45000
vt 0.23333 0.50000
vt 0.23333 0.55000
vt 0.23333 0.60000
vt 0.23333 0.65000
vt 0.23333 0.70000
vt 0.23333 0.75000
vt 0.23333 0.80000
vt 0.23333 0.85000
vt 0.23333 0.90000
vt 0.23333 0.95000
vt 0.23333 1.00000
vt 0.26667 0.00000
vt 0.26667 0.05000
vt 0.26667 0.10000
vt 0.26667 0.15000
vt 0.26667 0.20000
vt 0.26667 0.25000
vt 0.26667 0.30000
vt 0.26667 0.35000
vt 0.26667 0.40000
vt 0.26667 0.45000
vt 0.26667 0.50000
vt 0.26667 0.55000
vt 0.26667 0.60000
vt 0.26667 0.65000
vt 0.26667 0.70000
vt 0.26667 0.75000
vt 0.26667 0.80000
vt 0.26667 0.85000
vt 0.26667 0.90000
vt 0.26667 0.95000
vt 0.26667 1.00000
vt 0.30000 0.00000
vt 0.30000 0.05000
vt 0.30000 0.10000
vt 0.30000 0.15000
vt 0.30000 0.20000
vt 0.30000 0.25000
vt 0.30000 0.30000
vt 0.30000 0.35000
vt 0.30000 0.40000
vt 0.30000 0.45000
vt 0.30000 0.50000
vt 0.30000 0.55000
vt 0.30000 0.60000
vt 0.30000 0.65000
vt 0.30000 0.70000
vt 0.30000 0.75000
vt 0.30000 0.80000
vt 0.30000 0.85000
vt 0.30000 0.90000
vt 0.30000 0.95000
vt 0.30000 1.00000
vt 0.33333 0.00000
vt 0.33333 0.05000
vt 0.33333 0.10000
vt 0.33333 0.15000
vt 0.33333 0.20000
vt 0.33333 0.25000
vt 0.33333 0.30000
vt 0.33333 0.35000
vt 0.33333 0.40000
vt 0.33333 0.45000
vt 0.33333 0.50000
vt 0.33333 0.55000
vt 0.33333 0.60000
vt 0.33333 0.65000
vt 0.33333 0.70000
vt 0.33333 0.75000
vt 0.33333 0.80000
vt 0.33333 0.85000
vt 0.33333 0.90000
vt 0.33333 0.95000
vt 0.33333 1.00000
vt 0.36667 0.00000
vt 0.36667 0.05000
vt 0.36667 0.10000
vt 0.36667 0.15000
vt 0.36667 0.20000
vt 0.36667 0.25000
vt 0.36667 0.30000
vt 0.36667 0.35000
vt 0.36667 0.40000
vt 0.36667 0.45000
vt 0.36667 0.50000
vt 0.36667 0.55000
vt 0.36667 0.60000
vt 0.36667 0.65000
vt 0.36667 0.70000
vt 0.36667 0.75000
vt 0.36667 0.80000
vt 0.36667 0.85000
vt 0.36667 0.90000
vt 0.36667 0.95000
vt 0.36667 1.00000
vt 0.40000 0.00000
vt 0.40000 0.05000
vt 0.40000 0.10000
vt 0.40000 0.15000
vt 0.40000 0.20000
vt 0.40000 0.25000
vt 0.40000 0.30000
vt 0.40000 0.35000
vt 0.40000 0.40000
vt 0.40000 0.45000
vt 0.40000 0.50000
vt 0.40000 0.55000
vt 0.40000 0.60000
vt 0.40000 0.65000
vt 0.40000 0.70000
vt 0.40000 0.75000
vt 0.40000 0.80000
vt 0.40000 0.85000
vt 0.40000 0.90000
vt 0.40000 0.95000
vt 0.40000 1.00000
vt 0.43333 0.00000
vt 0.43333 0.05000
vt 0.43333 0.10000
vt 0.43333 0.15000
vt 0.43333 0.20000
vt 0.43333 0.25000
vt 0.43333 0.30000
vt 0.43333 0.35000
vt 0.43333 0.40000
vt 0.43333 0.45000
vt 0.43333 0.50000
vt 0.43333 0.55000
vt 0.43333 0.60000
vt 0.43333 0.65000
vt 0.43333 0.70000
vt 0.43333 0.75000
vt 0.43333 0.80000
vt 0.43333 0.85000
vt 0.43333 0.90000
vt 0.43333 0.95000
vt 0.43333 1.00000
vt 0.46667 0.00000
vt 0.46667 0.05000
vt 0.46667 0.10000
vt 0.46667 0.15000
vt 0.46667 0.20000
vt 0.46667 0.25000
vt 0.46667 0.30000
vt 0.46667 0.35000
vt 0.46667 0.40000
vt 0.46667 0.45000
vt 0.46667 0.50000
vt 0.46667 0.55000
vt 0.46667 0.60000
vt 0.46667 0.65000
vt 0.46667 0.70000
vt 0.46667 0.75000
vt 0.46667 0.80000
vt 0.46667 0.85000
vt 0.46667 0.90000
vt 0.46667 0.95000
vt 0.46667 1.00000
vt 0.50000 0.00000
vt 0.50000 0.05000
vt 0.50000 0.10000
vt 0.50000 0.15000
vt 0.50000 0.20000
vt 0.50000 0.25000
vt 0.50000 0.30000
vt 0.50000 0.35000
vt 0.50000 0.40000
vt 0.50000 0.45000
vt 0.50000 0.50000
vt 0.50000 0.55000
vt 0.50000 0.60000
vt 0.50000 0.65000
vt 0.50000 0.70000
vt 0.50000 0.75000
vt 0.50000 0.80000
vt 0.50000 0.85000
vt 0.50000 0.90000
vt 0.50000 0.95000
vt 0.50000 1.00000
vt 0.53333 0.00000
vt 0.53333 0.05000
vt 0.53333 0.10000
vt 0.53333 0.15000
vt 0.53333 0.20000
vt 0.53333 0.25000
vt 0.53333 0.30000
vt 0.53333 0.35000
vt 0.53333 0.40000
vt 0.53333 0.45000
vt 0.53333 0.50000
vt 0.53333 0.55000
vt 0.53333 0.60000
vt 0.53333 0.65000
vt 0.53333 0.70000
vt 0.53333 0.75000
vt 0.53333 0.80000
vt 0.53333 0.85000
vt 0.53333 0.90000
vt 0.53333 0.95000
vt 0.53333 1.00000
vt 0.56667 0.00000
vt 0.56667 0.05000
vt 0.56667 0.10000
vt 0.56667 0.15000
vt 0.56667 0.20000
vt 0.56667 0.25000
vt 0.56667 0.30000
vt 0.56667 0.35000
vt 0.56667 0.40000
vt 0.56667 0.45000
vt 0.56667 0.50000
vt 0.56667 0.55000
vt 0.56667 0.60000
vt 0.56667 0.65000
vt 0.56667 0.70000
vt 0.56667 0.75000
vt 0.56667 0.80000
vt 0.56667 0.85000
vt 0.56667 0.90000
vt 0.56667 0.95000
vt 0.56667 1.00000
vt 0.60000 0.00000
vt 0.60000 0.05000
vt 0.60000 0.10000
vt 0.60000 0.15000
vt 0.60000 0.20000
vt 0.60000 0.25000
vt 0.60000 0.30000
vt 0.60000 0.35000
vt 0.60000 0.40000
vt 0.60000 0.45000
vt 0.60000 0.50000
vt 0.60000 0.55000
vt 0.60000 0.60000
vt 0.60000 0.65000
vt 0.60000 0.70000
vt 0.60000 0.75000
vt 0.60000 0.80000
vt 0.60000 0.85000
vt 0.60000 0.90000
vt 0.60000 0.95000
vt 0.60000 1.00000
vt 0.63333 0.00000
vt 0.63333 0.05000
vt 0.63333 0.10000
vt 0.63333 0.15000
vt 0.63333 0.20000
vt 0.63333 0.25000
vt 0.63333 0.30000
vt 0.63333 0.35000
vt 0.63333 0.40000
vt 0.63333 0.45000
vt 0.63333 0.50000
vt 0.63333 0.55000
vt 0.63333 0.60000
vt 0.63333 0.65000
vt 0.63333 0.70000
vt 0.63333 0.75000
vt 0.63333 0.80000
vt 0.63333 0.85000
vt 0.63333 0.90000
vt 0.63333 0.95000
vt 0.63333 1.00000
vt 0.66667 0.00000
vt 0.66667 0.05000
vt 0.66667 0.10000
vt 0.66667 0.15000
vt 0.66667 0.20000
vt 0.66667 0.25000
vt 0.66667 0.30000
vt 0.66667 0.35000
vt 0.66667 0.40000
vt 0.66667 0.45000
vt 0.66667 0.50000
vt 0.66667 0.55000
vt 0.66667 0.60000
vt 0.66667 0.65000
vt 0.66667 0.70000
vt 0.66667 0.75000
vt 0.66667 0.80000
vt 0.66667 0.85000
vt 0.66667 0.90000
vt 0.66667 0.95000
vt 0.66667 1.00000
vt 0.70000 0.00000
vt 0.70000 0.05000
vt 0.70000 0.10000
vt 0.70000 0.15000
vt 0.70000 0.20000
vt 0.70000 0.25000
vt 0.70000 0.30000
vt 0.70000 0.35000
vt 0.70000 0.40000
vt 0.70000 0.45000
vt 0.70000 0.50000
vt 0.70000 0.55000
vt 0.70000 0.60000
vt 0.70000 0.65000
vt 0.70000 0.70000
vt 0.70000 0.75000
vt 0.70000 0.80000
vt 0.70000 0.85000
vt 0.70000 0.90000
vt 0.70000 0.95000
vt 0.70000 1.00000
vt 0.73333 0.00000
vt 0.73333 0.05000
vt 0.73333 0.10000
vt 0.73333 0.15000
vt 0.73333 0.20000
vt 0.73333 0.25000
vt 0.73333 0.30000
vt 0.73333 0.35000
vt 0.73333 0.40000
vt 0.73333 0.45000
vt 0.73333 0.50000
vt 0.73333 0.55000
vt 0.73333 0.60000
vt 0.73333 0.65000
vt 0.73333 0.70000
vt 0.73333 0.75000
vt 0.73333 0.80000
vt 0.73333 0.85000
vt 0.73333 0.90000
vt 0.73333 0.95000
vt 0.73333 1.00000
vt 0.76667 0.00000
vt 0.76667 0.05000
vt 0.76667 0.10000
vt 0.76667 0.15000
vt 0.76667 0.20000
vt 0.76667 0.25000
vt 0.76667 0.30000
vt 0.76667 0.35000
vt 0.76667 0.40000
vt 0.76667 0.45000
vt 0.76667 0.50000
vt 0.76667 0.55000
vt 0.76667 0.60000
vt 0.76667 0.65000
vt 0.76667 0.70000
vt 0.76667 0.75000
vt 0.76667 0.80000
vt 0.76667 0.85000
vt 0.76667 0.90000
vt 0.76667 0.95000
vt 0.76667 1.00000
vt 0.80000 0.00000
vt 0.80000 0.05000
vt 0.80000 0.10000
vt 0.80000 0.15000
vt 0.80000 0.20000
vt 0.80000 0.25000
vt 0.80000 0.30000
vt 0.80000 0.35000
vt 0.80000 0.40000
vt 0.80000 0.45000
vt 0.80000 0.50000
vt 0.80000 0.55000
vt 0.80000 0.60000
vt 0.80000 0.65000
vt 0.80000 0.70000
vt 0.80000 0.75000
vt 0.80000 0.80000
vt 0.80000 0.85000
vt 0.80000 0.90000
vt 0.80000 0.95000
vt 0.80000 1.00000
vt 0.83333 0.00000
vt 0.83333 0.05000
vt 0.83333 0.10000
vt 0.83333 0.15000
vt 0.83333 0.20000
vt 0.83333 0.25000
vt 0.83333 0.30000
vt 0.83333 0.35000
vt 0.83333 0.40000
vt 0.83333 0.45000
vt 0.83333 0.50000
vt 0.83333 0.55000
vt 0.83333 0.60000
vt 0.83333 0.65000
vt 0.83333 0.70000
vt 0.83333 0.75000
vt 0.83333 0.80000
vt 0.83333 0.85000
vt 0.83333 0.90000
vt 0.83333 0.95000
vt 0.83333 1.00000
vt 0.86667 0.00000
vt 0.86667 0.05000
vt 0.86667 0.10000
vt 0.86667 0.15000
vt 0.86667 0.20000
vt 0.86667 0.25000
vt 0.86667 0.30000
vt 0.86667 0.35000
vt 0.86667 0.40000
vt 0.86667 0.45000
vt 0.86667 0.50000
vt 0.86667 0.55000
vt 0.86667 0.60000
vt 0.86667 0.65000
vt 0.86667 0.70000
vt 0.86667 0.75000
vt 0.86667 0.80000
vt 0.86667 0.85000
vt 0.86667 0.90000
vt 0.86667 0.95000
vt 0.86667 1.00000
vt 0.90000 0.00000
vt 0.90000 0.05000
vt 0.90000 0.10000
vt 0.90000 0.15000
vt 0.90000 0.20000
vt 0.90000 0.25000
vt 0.90000 0.30000
vt 0.90000 0.35000
vt 0.90000 0.40000
vt 0.90000 0.45000
vt 0.90000 0.50000
vt 0.90000 0.55000
vt 0.90000 0.60000
vt 0.90000 0.65000
vt 0.90000 0.70000
vt 0.90000 0.75000
vt 0.90000 0.80000
vt 0.90000 0.85000
vt 0.90000 0.90000
vt 0.90000 0.95000
vt 0.90000 1.00000
vt 0.93333 0.00000
vt 0.93333 0.05000
vt 0.93333 0.10000
vt 0.93333 0.15000
vt 0.93333 0.20000
vt 0.93333 0.25000
vt 0.93333 0.30000
vt 0.93333 0.35000
vt 0.93333 0.40000
vt 0.93333 0.45000
vt 0.93333 0.50000
vt 0.93333 0.55000
vt 0.93333 0.60000
vt 0.93333 0.65000
vt 0.93333 0.70000
vt 0.93333 0.75000
vt 0.93333 0.80000
vt 0.93333 0.85000
vt 0.93333 0.90000
vt 0.93333 0.95000
vt 0.93333 1.00000
vt 0.96667 0.00000
vt 0.96667 0.05000
vt 0.96667 0.10000
vt 0.96667 0.15000
vt 0.96667 0.20000
vt 0.96667 0.25000
vt 0.96667 0.30000
vt 0.96667 0.35000
vt 0.96667 0.40000
vt 0.96667 0.45000
vt 0.96667 0.50000
vt 0.96667 0.55000
vt 0.96667 0.60000
vt 0.96667 0.65000
vt 0.96667 0.70000
vt 0.96667 0.75000
vt 0.96667 0.80000
vt 0.96667 0.85000
vt 0.96667 0.90000
vt 0.96667 0.95000
vt 0.96667 1.00000
vt 1.00000 0.00000
vt 1.00000 0.05000
vt 1.00000 0.10000
vt 1.00000 0.15000
vt 1.00000 0.20000
vt 1.00000 0.25000
vt 1.00000 0.30000
vt 1.00000 0.35000
vt 1.00000 0.40000
vt 1.00000 0.45000
vt 1.00000 0.50000
vt 1.00000 0.55000
vt 1.00000 0.60000
vt 1.00000 0.65000
vt 1.00000 0.70000
vt 1.00000 0.75000
vt 1.00000 0.80000
vt 1.00000 0.85000
vt 1.00000 0.90000
vt 1.00000 0.95000
vt 1.00000 1.00000
vt 0.00000 0.00000
vt 0.00000 0.05556
vt 0.00000 0.11111
vt 0.00000 0.16667
vt 0.00000 0.22222
vt 0.00000 0.27778
vt 0.00000 0.33333
vt 0.00000 0.38889
vt 0.00000 0.44444
vt 0.00000 0.50000
vt 0.00000 0.55556
vt 0.00000 0.61111
vt 0.00000 0.66667
vt 0.00000 0.72222
vt 0.00000 0.77778
vt 0.00000 0.83333
vt 0.00000 0.88889
vt 0.00000 0.94444
vt 0.00000 1.00000
vt 0.07143 0.00000
vt 0.07143 0.05556
vt 0.07143 0.11111
vt 0.07143 0.16667
vt 0.07143 0.22222
vt 0.07143 0.27778
vt 0.07143 0.33333
vt 0.07143 0.38889
vt 0.07143 0.44444
vt 0.07143 0.50000
vt 0.07143 0.55556
vt 0.07143 0.61111
vt 0.07143 0.66667
vt 0.07143 0.72222
vt 0.07143 0.77778
vt 0.07143 0.83333
vt 0.07143 0.88889
vt 0.07143 0.94444
vt 0.07143 1.00000
vt 0.14286 0.00000
vt 0.14286 0.05556
vt 0.14286 0.11111
vt 0.14286 0.16667
vt 0.14286 0.22222
vt 0.14286 0.27778
vt 0.14286 0.33333
vt 0.14286 0.38889
vt 0.14286 0.44444
vt 0.14286 0.50000
vt 0.14286 0.55556
vt 0.14286 0.61111
vt 0.14286 0.66667
vt 0.14286 0.72222
vt 0.14286 0.77778
vt 0.14286 0.83333
vt 0.14286 0.88889
vt 0.14286 0.94444
vt 0.14286 1.00000
vt 0.21429 0.00000
vt 0.21429 0.05556
vt 0.21429 0.11111
vt 0.21429 0.16667
vt 0.21429 0.22222
vt 0.21429 0.27778
vt 0.21429 0.33333
vt 0.21429 0.38889
vt 0.21429 0.44444
vt 0.21429 0.50000
vt 0.21429 0.55556
vt 0.21429 0.61111
vt 0.21429 0.66667
vt 0.21429 0.72222
vt 0.21429 0.77778
vt 0.21429 0.83333
vt 0.21429 0.88889
vt 0.21429 0.94444
vt 0.21429 1.00000
vt 0.28571 0.00000
vt 0.28571 0.05556
vt 0.28571 0.11111
vt 0.28571 0.16667
vt 0.28571 0.22222
vt 0.28571 0.27778
vt 0.28571 0.33333
vt 0.28571 0.38889
vt 0.28571 0.44444
vt 0.28571 0.50000
vt 0.28571 0.55556
vt 0.28571 0.61111
vt 0.28571 0.66667
vt 0.28571 0.72222
vt 0.28571 0.77778
vt 0.28571 0.83333
vt 0.28571 0.88889
vt 0.28571 0.94444
vt 0.28571 1.00000
vt 0.35714 0.00000
vt 0.35714 0.05556
vt 0.35714 0.11111
vt 0.35714 0.16667
vt 0.35714 0.22222
vt 0.35714 0.27778
vt 0.35714 0.33333
vt 0.35714 0.38889
vt 0.35714 0.44444
vt 0.35714 0.50000
vt 0.35714 0.55556
vt 0.35714 0.61111
vt 0.35714 0.66667
vt 0.35714 0.72222
vt 0.35714 0.77778
vt 0.35714 0.83333
vt 0.35714 0.88889
vt 0.35714 0.94444
vt 0.35714 1.00000
vt 0.42857 0.00000
vt 0.42857 0.05556
vt 0.42857 0.11111
vt 0.42857 0.16667
vt 0.42857 0.22222
vt 0.42857 0.27778
vt 0.42857 0.33333
vt 0.42857 0.38889
vt 0.42857 0.44444
vt 0.42857 0.50000
vt 0.42857 0.55556
vt 0.42857 0.61111
vt 0.42857 0.66667
vt 0.42857 0.72222
vt 0.42857 0.77778
vt 0.42857 0.83333
vt 0.42857 0.88889
vt 0.42857 0.94444
vt 0.42857 1.00000
vt 0.50000 0.00000
vt 0.50000 0.05556
vt 0.50000 0.11111
vt 0.50000 0.16667
vt 0.50000 0.22222
vt 0.50000 0.27778
vt 0.50000 0.33333
vt 0.50000 0.38889
vt 0.50000 0.44444
vt 0.50000 0.50000
vt 0.50000 0.55556
vt 0.50000 0.61111
vt 0.50000 0.66667
vt 0.50000 0.72222
vt 0.50000 0.77778
vt 0.50000 0.83333
vt 0.50000 0.88889
vt 0.50000 0.94444
vt 0.50000 1.00000
vt 0.57143 0.00000
vt 0.57143 0.05556
vt 0.57143 0.11111
vt 0.57143 0.16667
vt 0.57143 0.22222
vt 0.57143 0.27778
vt 0.57143 0.33333
vt 0.57143 0.38889
vt 0.57143 0.44444
vt 0.57143 0.50000
vt 0.57143 0.55556
vt 0.57143 0.61111
vt 0.57143 0.66667
vt 0.57143 0.72222
vt 0.57143 0.77778
vt 0.57143 0.83333
vt 0.57143 0.88889
vt 0.57143 0.94444
vt 0.57143 1.00000
vt 0.64286 0.00000
vt 0.64286 0.05556
vt 0.64286 0.11111
vt 0.64286 0.16667
vt 0.64286 0.22222
vt 0.64286 0.27778
vt 0.64286 0.33333
vt 0.64286 0.38889
vt 0.64286 0.44444
vt 0.64286 0.50000
vt 0.64286 0.55556
vt 0.64286 0.61111
vt 0.64286 0.66667
vt 0.64286 0.72222
vt 0.64286 0.77778
vt 0.64286 0.83333
vt 0.64286 0.88889
vt 0.64286 0.94444
vt 0.64286 1.00000
vt 0.71429 0.00000
vt 0.71429 0.05556
vt 0.71429 0.11111
vt 0.71429 0.16667
vt 0.71429 0.22222
vt 0.71429 0.27778
vt 0.71429 0.33333
vt 0.71429 0.38889
vt 0.71429 0.44444
vt 0.71429 0.50000
vt 0.71429 0.55556
vt 0.71429 0.61111
vt 0.71429 0.66667
vt 0.71429 0.72222
vt 0.71429 0.77778
vt 0.71429 0.83333
vt 0.71429 0.88889
vt 0.71429 0.94444
vt 0.71429 1.00000
vt 0.78571 0.00000
vt 0.78571 0.05556
vt 0.78571 0.11111
vt 0.78571 0.16667
vt 0.78571 0.22222
vt 0.78571 0.27778
vt 0.78571 0.33333
vt 0.78571 0.38889
vt 0.78571 0.44444
vt 0.78571 0.50000
vt 0.78571 0.55556
vt 0.78571 0.61111
vt 0.78571 0.66667
vt 0.78571 0.72222
vt 0.78571 0.77778
vt 0.78571 0.83333
vt 0.78571 0.88889
vt 0.78571 0.94444
vt 0.78571 1.00000
vt 0.85714 0.00000
vt 0.85714 0.05556
vt 0.85714 0.11111
vt 0.85714 0.16667
vt 0.85714 0.22222
vt 0.85714 0.27778
vt 0.85714 0.33333
vt 0.85714 0.38889
vt 0.85714 0.44444
vt 0.85714 0.50000
vt 0.85714 0.55556
vt 0.85714 0.61111
vt 0.85714 0.66667
vt 0.85714 0.72222
vt 0.85714 0.77778
vt 0.85714 0.83333
vt 0.85714 0.88889
vt 0.85714 0.94444
vt 0.85714 1.00000
vt 0.92857 0.00000
vt 0.92857 0.05556
vt 0.92857 0.11111
vt 0.92857 0.16667
vt 0.92857 0.22222
vt 0.92857 0.27778
vt 0.92857 0.33333
vt 0.92857 0.38889
vt 0.92857 0.44444
vt 0.92857 0.50000
vt 0.92857 0.55556
vt 0.92857 0.61111
vt 0.92857 0.66667
vt 0.92857 0.72222
vt 0.92857 0.77778
vt 0.92857 0.83333
vt 0.92857 0.88889
vt 0.92857 0.94444
vt 0.92857 1.00000
vt 1.00000 0.00000
vt 1.00000 0.05556
vt 1.00000 0.11111
vt 1.00000 0.16667
vt 1.00000 0.22222
vt 1.00000 0.27778
vt 1.00000 0.33333
vt 1.00000 0.38889
vt 1.00000 0.44444
vt 1.00000 0.50000
vt 1.00000 0.55556
vt 1.00000 0.61111
vt 1.00000 0.66667
vt 1.00000 0.72222
vt 1.00000 0.77778
vt 1.00000 0.83333
vt 1.00000 0.88889
vt 1.00000 0.94444
vt 1.00000 1.00000
vn 0.00000 0.00000 0.00000
vn 0.00000 1.00000 -0.00000
vn 0.00000 1.00000 -0.00000
vn 0.00000 1.00000 -0.00000
vn 0.00000 1.00000 -0.00000
vn 0.00000 1.00000 -0.00000
vn 0.00000 1.00000 -0.00000
vn -0.28735 -0.95783 -0.00090
vn -0.28735 -0.95783 -0.00090
vn -0.28735 -0.95783 -0.00090
vn -0.28735 -0.95783 -0.00090
vn -0.28735 -0.95783 -0.00090
vn -0.28735 -0.95783 -0.00090
vn -0.28735 -0.95783 -0.00090
vn -0.98825 -0.15282 -0.00310
vn -0.98825 -0.15282 -0.00310
vn -0.98825 -0.15282 -0.00310
vn -0.98825 -0.15282 -0.00310
vn -0.98825 -0.15282 -0.00310
vn -0.98825 -0.15282 -0.00310
vn -0.98825 -0.15282 -0.00310
vn -0.94868 -0.31623 -0.00298
vn -0.94868 -0.31623 -0.00298
vn -0.94868 -0.31623 -0.00298
vn -0.94868 -0.31623 -0.00298
vn -0.94868 -0.31623 -0.00298
vn -0.94868 -0.31623 -0.00298
vn -0.99227 0.12403 -0.00312
vn -0.55470 0.83205 -0.00174
vn -0.55470 0.83205 -0.00174
vn -0.55470 0.83205 -0.00174
vn -0.55470 0.83205 -0.00174
vn -0.55470 0.83205 -0.00174
vn -0.55470 0.83205 -0.00174
vn -1.00000 0.00000 -0.00314
vn -1.00000 0.00000 -0.00314
vn -1.00000 0.00000 -0.00314
vn -1.00000 0.00000 -0.00314
vn -1.00000 0.00000 -0.00314
vn -1.00000 0.00000 -0.00314
vn -1.00000 0.00000 -0.00314
vn -0.55470 -0.83205 -0.00174
vn -0.55470 -0.83205 -0.00174
vn -0.55470 -0.83205 -0.00174
vn -0.55470 -0.83205 -0.00174
vn -0.55470 -0.83205 -0.00174
vn -0.55470 -0.83205 -0.00174
vn -0.55470 -0.83205 -0.00174
vn 0.00000 -1.00000 0.00000
vn 0.00000 -1.00000 0.00000
vn 0.00000 -1.00000 0.00000
vn 0.00000 -1.00000 0.00000
vn 0.00000 -1.00000 0.00000
vn 0.00000 -1.00000 0.00000
vn 0.00000 1.00000 0.00000
vn 0.00000 0.00000 0.00000
vn 0.00000 1.00000 -0.00000
vn 0.00000 1.00000 -0.00000
vn 0.00000 1.00000 -0.00000
vn 0.00000 1.00000 -0.00000
vn 0.00000 1.00000 -0.00000
vn 0.00000 1.00000 -0.00000
vn -0.26547 -0.95783 -0.10996
vn -0.26547 -0.95783 -0.10996
vn -0.26547 -0.95783 -0.10996
vn -0.26547 -0.95783 -0.10996
vn -0.26547 -0.95783 -0.10996
vn -0.26547 -0.95783 -0.10996
vn -0.26547 -0.95783 -0.10996
vn -0.91303 -0.15282 -0.37819
vn -0.91303 -0.15282 -0.37819
vn -0.91303 -0.15282 -0.37819
vn -0.91303 -0.15282 -0.37819
vn -0.91303 -0.15282 -0.37819
vn -0.91303 -0.15282 -0.37819
vn -0.91303 -0.15282 -0.37819
vn -0.87647 -0.31623 -0.36305
vn -0.87647 -0.31623 -0.36305
vn -0.87647 -0.31623 -0.36305
vn -0.87647 -0.31623 -0.36305
vn -0.87647 -0.31623 -0.36305
vn -0.87647 -0.31623 -0.36305
vn -0.91675 0.12403 -0.37973
vn -0.51248 0.83205 -0.21227
vn -0.51248 0.83205 -0.21227
vn -0.51248 0.83205 -0.21227
vn -0.51248 0.83205 -0.21227
vn -0.51248 0.83205 -0.21227
vn -0.51248 0.83205 -0.21227
vn -0.92388 0.00000 -0.38268
vn -0.92388 0.00000 -0.38268
vn -0.92388 0.00000 -0.38268
vn -0.92388 0.00000 -0.38268
vn -0.92388 0.00000 -0.38268
vn -0.92388 0.00000 -0.38268
vn -0.92388 0.00000 -0.38268
vn -0.51248 -0.83205 -0.21227
vn -0.51248 -0.83205 -0.21227
vn -0.51248 -0.83205 -0.21227
vn -0.51248 -0.83205 -0.21227
vn -0.51248 -0.83205 -0.21227
vn -0.51248 -0.83205 -0.21227
vn -0.51248 -0.83205 -0.21227
vn -0.00000 -1.00000 0.00000
vn -0.00000 -1.00000 0.00000
vn -0.00000 -1.00000 0.00000
vn -0.00000 -1.00000 0.00000
vn -0.00000 -1.00000 0.00000
vn -0.00000 -1.00000 0.00000
vn 0.00000 1.00000 0.00000
vn 0.00000 0.00000 0.00000
vn 0.00000 1.00000 -0.00000
vn 0.00000 1.00000 -0.00000
vn 0.00000 1.00000 -0.00000
vn 0.00000 1.00000 -0.00000
vn 0.00000 1.00000 -0.00000
vn 0.00000 1.00000 -0.00000
vn -0.20319 -0.95783 -0.20319
vn -0.20319 -0.95783 -0.20319
vn -0.20319 -0.95783 -0.20319
vn -0.20319 -0.95783 -0.20319
vn -0.20319 -0.95783 -0.20319
vn -0.20319 -0.95783 -0.20319
vn -0.20319 -0.95783 -0.20319
vn -0.69880 -0.15282 -0.69880
vn -0.69880 -0.15282 -0.69880
vn -0.69880 -0.15282 -0.69880
vn -0.69880 -0.15282 -0.69880
vn -0.69880 -0.15282 -0.69880
vn -0.69880 -0.15282 -0.69880
vn -0.69880 -0.15282 -0.69880
vn -0.67082 -0.31623 -0.67082
vn -0.67082 -0.31623 -0.67082
vn -0.67082 -0.31623 -0.67082
vn -0.67082 -0.31623 -0.67082
vn -0.67082 -0.31623 -0.67082
vn -0.67082 -0.31623 -0.67082
vn -0.70165 0.12403 -0.70165
vn -0.39223 0.83205 -0.39223
vn -0.39223 0.83205 -0.39223
vn -0.39223 0.83205 -0.39223
vn -0.39223 0.83205 -0.39223
vn -0.39223 0.83205 -0.39223
vn -0.39223 0.83205 -0.39223
vn -0.70711 0.00000 -0.70711
vn -0.70711 0.00000 -0.70711
vn -0.70711 0.00000 -0.70711
vn -0.70711 0.00000 -0.70711
vn -0.70711 0.00000 -0.70711
vn -0.70711 0.00000 -0.70711
vn -0.70711 0.00000 -0.70711
vn -0.39223 -0.83205 -0.39223
vn -0.39223 -0.83205 -0.39223
vn -0.39223 -0.83205 -0.39223
vn -0.39223 -0.83205 -0.39223
vn -0.39223 -0.83205 -0.39223
vn -0.39223 -0.83205 -0.39223
vn -0.39223 -0.83205 -0.39223
vn -0.00000 -1.00000 0.00000
vn -0.00000 -1.00000 0.00000
vn -0.00000 -1.00000 0.00000
vn -0.00000 -1.00000 0.00000
vn -0.00000 -1.00000 0.00000
vn -0.00000 -1.00000 0.00000
vn 0.00000 1.00000 0.00000
vn 0.00000 0.00000 0.00000
vn 0.00000 1.00000 -0.00000
vn 0.00000 1.00000 -0.00000
vn 0.00000 1.00000 -0.00000
vn 0.00000 1.00000 -0.00000
vn 0.00000 1.00000 -0.00000
vn 0.00000 1.00000 -0.00000
vn -0.10996 -0.95783 -0.26547
vn -0.10996 -0.95783 -0.26547
vn -0.10996 -0.95783 -0.26547
vn -0.10996 -0.95783 -0.26547
vn -0.10996 -0.95783 -0.26547
vn -0.10996 -0.95783 -0.26547
vn -0.10996 -0.95783 -0.26547
vn -0.37819 -0.15282 -0.91303
vn -0.37819 -0.15282 -0.91303
vn -0.37819 -0.15282 -0.91303
vn -0.37819 -0.15282 -0.91303
vn -0.37819 -0.15282 -0.91303
vn -0.37819 -0.15282 -0.91303
vn -0.37819 -0.15282 -0.91303
vn -0.36305 -0.31623 -0.87647
vn -0.36305 -0.31623 -0.87647
vn -0.36305 -0.31623 -0.87647
vn -0.36305 -0.31623 -0.87647
vn -0.36305 -0.31623 -0.87647
vn -0.36305 -0.31623 -0.87647
vn -0.37973 0.12403 -0.91675
vn -0.21227 0.83205 -0.51248
vn -0.21227 0.83205 -0.51248
vn -0.21227 0.83205 -0.51248
vn -0.21227 0.83205 -0.51248
vn -0.21227 0.83205 -0.51248
vn -0.21227 0.83205 -0.51248
vn -0.38268 0.00000 -0.92388
vn -0.38268 0.00000 -0.92388
vn -0.38268 0.00000 -0.92388
vn -0.38268 0.00000 -0.92388
vn -0.38268 0.00000 -0.92388
vn -0.38268 0.00000 -0.92388
vn -0.38268 0.00000 -0.92388
vn -0.21227 -0.83205 -0.51248
vn -0.21227 -0.83205 -0.51248
vn -0.21227 -0.83205 -0.51248
vn -0.21227 -0.83205 -0.51248
vn -0.21227 -0.83205 -0.51248
vn -0.21227 -0.83205 -0.51248
vn -0.21227 -0.83205 -0.51248
vn -0.00000 -1.00000 0.00000
vn -0.00000 -1.00000 0.00000
vn -0.00000 -1.00000 0.00000
vn -0.00000 -1.00000 0.00000
vn -0.00000 -1.00000 0.00000
vn -0.00000 -1.00000 0.00000
vn 0.00000 1.00000 0.00000
vn 0.00000 0.00000 0.00000
vn 0.00000 1.00000 -0.00000
vn 0.00000 1.00000 -0.00000
vn 0.00000 1.00000 -0.00000
vn 0.00000 1.00000 -0.00000
vn 0.00000 1.00000 -0.00000
vn 0.00000 1.00000 -0.00000
vn -0.00000 -0.95783 -0.28735
vn -0.00000 -0.95783 -0.28735
vn -0.00000 -0.95783 -0.28735
vn -0.00000 -0.95783 -0.28735
vn -0.00000 -0.95783 -0.28735
vn -0.00000 -0.95783 -0.28735
vn -0.00000 -0.95783 -0.28735
vn -0.00000 -0.15282 -0.98825
vn -0.00000 -0.15282 -0.98825
vn -0.00000 -0.15282 -0.98825
vn -0.00000 -0.15282 -0.98825
vn -0.00000 -0.15282 -0.98825
vn -0.00000 -0.15282 -0.98825
vn -0.00000 -0.15282 -0.98825
vn -0.00000 -0.31623 -0.94868
vn -0.00000 -0.31623 -0.94868
vn -0.00000 -0.31623 -0.94868
vn -0.00000 -0.31623 -0.94868
vn -0.00000 -0.31623 -0.94868
vn -0.00000 -0.31623 -0.94868
vn 0.00000 0.12403 -0.99228
vn 0.00000 0.83205 -0.55470
vn 0.00000 0.83205 -0.55470
vn 0.00000 0.83205 -0.55470
vn 0.00000 0.83205 -0.55470
vn 0.00000 0.83205 -0.55470
vn 0.00000 0.83205 -0.55470
vn 0.00000 0.00000 -1.00000
vn 0.00000 0.00000 -1.00000
vn 0.00000 0.00000 -1.00000
vn 0.00000 0.00000 -1.00000
vn 0.00000 0.00000 -1.00000
vn 0.00000 0.00000 -1.00000
vn 0.00000 0.00000 -1.00000
vn -0.00000 -0.83205 -0.55470
vn -0.00000 -0.83205 -0.55470
vn -0.00000 -0.83205 -0.55470
vn -0.00000 -0.83205 -0.55470
vn -0.00000 -0.83205 -0.55470
vn -0.00000 -0.83205 -0.55470
vn -0.00000 -0.83205 -0.55470
vn -0.00000 -1.00000 0.00000
vn -0.00000 -1.00000 0.00000
vn -0.00000 -1.00000 0.00000
vn -0.00000 -1.00000 0.00000
vn -0.00000 -1.00000 0.00000
vn -0.00000 -1.00000 0.00000
vn 0.00000 1.00000 0.00000
vn 0.00000 0.00000 0.00000
vn 0.00000 1.00000 0.00000
vn 0.00000 1.00000 0.00000
vn 0.00000 1.00000 0.00000
vn 0.00000 1.00000 0.00000
vn 0.00000 1.00000 0.00000
vn 0.00000 1.00000 0.00000
vn 0.10996 -0.95783 -0.26547
vn 0.10996 -0.95783 -0.26547
vn 0.10996 -0.95783 -0.26547
vn 0.10996 -0.95783 -0.26547
vn 0.10996 -0.95783 -0.26547
vn 0.10996 -0.95783 -0.26547
vn 0.10996 -0.95783 -0.26547
vn 0.37819 -0.15282 -0.91303
vn 0.37819 -0.15282 -0.91303
vn 0.37819 -0.15282 -0.91303
vn 0.37819 -0.15282 -0.91303
vn 0.37819 -0.15282 -0.91303
vn 0.37819 -0.15282 -0.91303
vn 0.37819 -0.15282 -0.91303
vn 0.36305 -0.31623 -0.87647
vn 0.36305 -0.31623 -0.87647
vn 0.36305 -0.31623 -0.87647
vn 0.36305 -0.31623 -0.87647
vn 0.36305 -0.31623 -0.87647
vn 0.36305 -0.31623 -0.87647
vn 0.37973 0.12403 -0.91675
vn 0.21227 0.83205 -0.51248
vn 0.21227 0.83205 -0.51248
vn 0.21227 0.83205 -0.51248
vn 0.21227 0.83205 -0.51248
vn 0.21227 0.83205 -0.51248
vn 0.21227 0.83205 -0.51248
vn 0.38268 0.00000 -0.92388
vn 0.38268 0.00000 -0.92388
vn 0.38268 0.00000 -0.92388
vn 0.38268 0.00000 -0.92388
vn 0.38268 0.00000 -0.92388
vn 0.38268 0.00000 -0.92388
vn 0.38268 0.00000 -0.92388
vn 0.21227 -0.83205 -0.51248
vn 0.21227 -0.83205 -0.51248
vn 0.21227 -0.83205 -0.51248
vn 0.21227 -0.83205 -0.51248
vn 0.21227 -0.83205 -0.51248
vn 0.21227 -0.83205 -0.51248
vn 0.21227 -0.83205 -0.51248
vn 0.00000 -1.00000 -0.00000
vn 0.00000 -1.00000 -0.00000
vn 0.00000 -1.00000 -0.00000
vn 0.00000 -1.00000 -0.00000
vn 0.00000 -1.00000 -0.00000
vn 0.00000 -1.00000 -0.00000
vn 0.00000 1.00000 0.00000
vn 0.00000 0.00000 0.00000
vn 0.00000 1.00000 0.00000
vn 0.00000 1.00000 0.00000
vn 0.00000 1.00000 0.00000
vn 0.00000 1.00000 0.00000
vn 0.00000 1.00000 0.00000
vn 0.00000 1.00000 0.00000
vn 0.20319 -0.95783 -0.20319
vn 0.20319 -0.95783 -0.20319
vn 0.20319 -0.95783 -0.20319
vn 0.20319 -0.95783 -0.20319
vn 0.20319 -0.95783 -0.20319
vn 0.20319 -0.95783 -0.20319
vn 0.20319 -0.95783 -0.20319
vn 0.69880 -0.15282 -0.69880
vn 0.69880 -0.15282 -0.69880
vn 0.69880 -0.15282 -0.69880
vn 0.69880 -0.15282 -0.69880
vn 0.69880 -0.15282 -0.69880
vn 0.69880 -0.15282 -0.69880
vn 0.69880 -0.15282 -0.69880
vn 0.67082 -0.31623 -0.67082
vn 0.67082 -0.31623 -0.67082
vn 0.67082 -0.31623 -0.67082
vn 0.67082 -0.31623 -0.67082
vn 0.67082 -0.31623 -0.67082
vn 0.67082 -0.31623 -0.67082
vn 0.70165 0.12403 -0.70165
vn 0.39223 0.83205 -0.39223
vn 0.39223 0.83205 -0.39223
vn 0.39223 0.83205 -0.39223
vn 0.39223 0.83205 -0.39223
vn 0.39223 0.83205 -0.39223
vn 0.39223 0.83205 -0.39223
vn 0.70711 0.00000 -0.70711
vn 0.70711 0.00000 -0.70711
vn 0.70711 0.00000 -0.70711
vn 0.70711 0.00000 -0.70711
vn 0.70711 0.00000 -0.70711
vn 0.70711 0.00000 -0.70711
vn 0.70711 0.00000 -0.70711
vn 0.39223 -0.83205 -0.39223
vn 0.39223 -0.83205 -0.39223
vn 0.39223 -0.83205 -0.39223
vn 0.39223 -0.83205 -0.39223
vn 0.39223 -0.83205 -0.39223
vn 0.39223 -0.83205 -0.39223
vn 0.39223 -0.83205 -0.39223
vn 0.00000 -1.00000 -0.00000
vn 0.00000 -1.00000 -0.00000
vn 0.00000 -1.00000 -0.00000
vn 0.00000 -1.00000 -0.00000
vn 0.00000 -1.00000 -0.00000
vn 0.00000 -1.00000 -0.00000
vn 0.00000 1.00000 0.00000
vn 0.00000 0.00000 0.00000
vn 0.00000 1.00000 0.00000
vn 0.00000 1.00000 0.00000
vn 0.00000 1.00000 0.00000
vn 0.00000 1.00000 0.00000
vn 0.00000 1.00000 0.00000
vn 0.00000 1.00000 0.00000
vn 0.26547 -0.95783 -0.10996
vn 0.26547 -0.95783 -0.10996
vn 0.26547 -0.95783 -0.10996
vn 0.26547 -0.95783 -0.10996
vn 0.26547 -0.95783 -0.10996
vn 0.26547 -0.95783 -0.10996
vn 0.26547 -0.95783 -0.10996
vn 0.91303 -0.15282 -0.37819
vn 0.91303 -0.15282 -0.37819
vn 0.91303 -0.15282 -0.37819
vn 0.91303 -0.15282 -0.37819
vn 0.91303 -0.15282 -0.37819
vn 0.91303 -0.15282 -0.37819
vn 0.91303 -0.15282 -0.37819
vn 0.87647 -0.31623 -0.36305
vn 0.87647 -0.31623 -0.36305
vn 0.87647 -0.31623 -0.36305
vn 0.87647 -0.31623 -0.36305
vn 0.87647 -0.31623 -0.36305
vn 0.87647 -0.31623 -0.36305
vn 0.91675 0.12403 -0.37973
vn 0.51248 0.83205 -0.21227
vn 0.51248 0.83205 -0.21227
vn 0.51248 0.83205 -0.21227
vn 0.51248 0.83205 -0.21227
vn 0.51248 0.83205 -0.21227
vn 0.51248 0.83205 -0.21227
vn 0.92388 0.00000 -0.38268
vn 0.92388 0.00000 -0.38268
vn 0.92388 0.00000 -0.38268
vn 0.92388 0.00000 -0.38268
vn 0.92388 0.00000 -0.38268
vn 0.92388 0.00000 -0.38268
vn 0.92388 0.00000 -0.38268
vn 0.51248 -0.83205 -0.21227
vn 0.51248 -0.83205 -0.21227
vn 0.51248 -0.83205 -0.21227
vn 0.51248 -0.83205 -0.21227
vn 0.51248 -0.83205 -0.21227
vn 0.51248 -0.83205 -0.21227
vn 0.51248 -0.83205 -0.21227
vn 0.00000 -1.00000 -0.00000
vn 0.00000 -1.00000 -0.00000
vn 0.00000 -1.00000 -0.00000
vn 0.00000 -1.00000 -0.00000
vn 0.00000 -1.00000 -0.00000
vn 0.00000 -1.00000 -0.00000
vn 0.00000 1.00000 0.00000
vn 0.00000 0.00000 0.00000
vn 0.00000 1.00000 0.00000
vn 0.00000 1.00000 0.00000
vn 0.00000 1.00000 0.00000
vn 0.00000 1.00000 0.00000
vn 0.00000 1.00000 0.00000
vn 0.00000 1.00000 0.00000
vn 0.28735 -0.95783 0.00000
vn 0.28735 -0.95783 0.00000
vn 0.28735 -0.95783 0.00000
vn 0.28735 -0.95783 0.00000
vn 0.28735 -0.95783 0.00000
vn 0.28735 -0.95783 0.00000
vn 0.28735 -0.95783 0.00000
vn 0.98825 -0.15282 0.00000
vn 0.98825 -0.15282 0.00000
vn 0.98825 -0.15282 0.00000
vn 0.98825 -0.15282 0.00000
vn 0.98825 -0.15282 0.00000
vn 0.98825 -0.15282 0.00000
vn 0.98825 -0.15282 0.00000
vn 0.94868 -0.31623 0.00000
vn 0.94868 -0.31623 0.00000
vn 0.94868 -0.31623 0.00000
vn 0.94868 -0.31623 0.00000
vn 0.94868 -0.31623 0.00000
vn 0.94868 -0.31623 0.00000
vn 0.99228 0.12403 0.00000
vn 0.55470 0.83205 0.00000
vn 0.55470 0.83205 0.00000
vn 0.55470 0.83205 0.00000
vn 0.55470 0.83205 0.00000
vn 0.55470 0.83205 0.00000
vn 0.55470 0.83205 0.00000
vn 1.00000 -0.00000 0.00000
vn 1.00000 -0.00000 0.00000
vn 1.00000 -0.00000 0.00000
vn 1.00000 -0.00000 0.00000
vn 1.00000 -0.00000 0.00000
vn 1.00000 -0.00000 0.00000
vn 1.00000 -0.00000 0.00000
vn 0.55470 -0.83205 0.00000
vn 0.55470 -0.83205 0.00000
vn 0.55470 -0.83205 0.00000
vn 0.55470 -0.83205 0.00000
vn 0.55470 -0.83205 0.00000
vn 0.55470 -0.83205 0.00000
vn 0.55470 -0.83205 0.00000
vn 0.00000 -1.00000 0.00000
vn 0.00000 -1.00000 0.00000
vn 0.00000 -1.00000 0.00000
vn 0.00000 -1.00000 0.00000
vn 0.00000 -1.00000 0.00000
vn 0.00000 -1.00000 0.00000
vn 0.00000 1.00000 0.00000
vn 0.00000 0.00000 0.00000
vn 0.00000 1.00000 0.00000
vn 0.00000 1.00000 0.00000
vn 0.00000 1.00000 0.00000
vn 0.00000 1.00000 0.00000
vn 0.00000 1.00000 0.00000
vn 0.00000 1.00000 0.00000
vn 0.26547 -0.95783 0.10996
vn 0.26547 -0.95783 0.10996
vn 0.26547 -0.95783 0.10996
vn 0.26547 -0.95783 0.10996
vn 0.26547 -0.95783 0.10996
vn 0.26547 -0.95783 0.10996
vn 0.26547 -0.95783 0.10996
vn 0.91303 -0.15282 0.37819
vn 0.91303 -0.15282 0.37819
vn 0.91303 -0.15282 0.37819
vn 0.91303 -0.15282 0.37819
vn 0.91303 -0.15282 0.37819
vn 0.91303 -0.15282 0.37819
vn 0.91303 -0.15282 0.37819
vn 0.87647 -0.31623 0.36305
vn 0.87647 -0.31623 0.36305
vn 0.87647 -0.31623 0.36305
vn 0.87647 -0.31623 0.36305
vn 0.87647 -0.31623 0.36305
vn 0.87647 -0.31623 0.36305
vn 0.91675 0.12403 0.37973
vn 0.51248 0.83205 0.21227
vn 0.51248 0.83205 0.21227
vn 0.51248 0.83205 0.21227
vn 0.51248 0.83205 0.21227
vn 0.51248 0.83205 0.21227
vn 0.51248 0.83205 0.21227
vn 0.92388 -0.00000 0.38268
vn 0.92388 -0.00000 0.38268
vn 0.92388 -0.00000 0.38268
vn 0.92388 -0.00000 0.38268
vn 0.92388 -0.00000 0.38268
vn 0.92388 -0.00000 0.38268
vn 0.92388 -0.00000 0.38268
vn 0.51248 -0.83205 0.21227
vn 0.51248 -0.83205 0.21227
vn 0.51248 -0.83205 0.21227
vn 0.51248 -0.83205 0.21227
vn 0.51248 -0.83205 0.21227
vn 0.51248 -0.83205 0.21227
vn 0.51248 -0.83205 0.21227
vn 0.00000 -1.00000 0.00000
vn 0.00000 -1.00000 0.00000
vn 0.00000 -1.00000 0.00000
vn 0.00000 -1.00000 0.00000
vn 0.00000 -1.00000 0.00000
vn 0.00000 -1.00000 0.00000
vn 0.00000 1.00000 0.00000
vn 0.00000 0.00000 0.00000
vn 0.00000 1.00000 0.00000
vn 0.00000 1.00000 0.00000
vn 0.00000 1.00000 0.00000
vn 0.00000 1.00000 0.00000
vn 0.00000 1.00000 0.00000
vn 0.00000 1.00000 0.00000
vn 0.20319 -0.95783 0.20319
vn 0.20319 -0.95783 0.20319
vn 0.20319 -0.95783 0.20319
vn 0.20319 -0.95783 0.20319
vn 0.20319 -0.95783 0.20319
vn 0.20319 -0.95783 0.20319
vn 0.20319 -0.95783 0.20319
vn 0.69880 -0.15282 0.69880
vn 0.69880 -0.15282 0.69880
vn 0.69880 -0.15282 0.69880
vn 0.69880 -0.15282 0.69880
vn 0.69880 -0.15282 0.69880
vn 0.69880 -0.15282 0.69880
vn 0.69880 -0.15282 0.69880
vn 0.67082 -0.31623 0.67082
vn 0.67082 -0.31623 0.67082
vn 0.67082 -0.31623 0.67082
vn 0.67082 -0.31623 0.67082
vn 0.67082 -0.31623 0.67082
vn 0.67082 -0.31623 0.67082
vn 0.70165 0.12403 0.70165
vn 0.39223 0.83205 0.39223
vn 0.39223 0.83205 0.39223
vn 0.39223 0.83205 0.39223
vn 0.39223 0.83205 0.39223
vn 0.39223 0.83205 0.39223
vn 0.39223 0.83205 0.39223
vn 0.70711 -0.00000 0.70711
vn 0.70711 -0.00000 0.70711
vn 0.70711 -0.00000 0.70711
vn 0.70711 -0.00000 0.70711
vn 0.70711 -0.00000 0.70711
vn 0.70711 -0.00000 0.70711
vn 0.70711 -0.00000 0.70711
vn 0.39223 -0.83205 0.39223
vn 0.39223 -0.83205 0.39223
vn 0.39223 -0.83205 0.39223
vn 0.39223 -0.83205 0.39223
vn 0.39223 -0.83205 0.39223
vn 0.39223 -0.83205 0.39223
vn 0.39223 -0.83205 0.39223
vn 0.00000 -1.00000 0.00000
vn 0.00000 -1.00000 0.00000
vn 0.00000 -1.00000 0.00000
vn 0.00000 -1.00000 0.00000
vn 0.00000 -1.00000 0.00000
vn 0.00000 -1.00000 0.00000
vn 0.00000 1.00000 0.00000
vn 0.00000 0.00000 0.00000
vn 0.00000 1.00000 0.00000
vn 0.00000 1.00000 0.00000
vn 0.00000 1.00000 0.00000
vn 0.00000 1.00000 0.00000
vn 0.00000 1.00000 0.00000
vn 0.00000 1.00000 0.00000
vn 0.10996 -0.95783 0.26547
vn 0.10996 -0.95783 0.26547
vn 0.10996 -0.95783 0.26547
vn 0.10996 -0.95783 0.26547
vn 0.10996 -0.95783 0.26547
vn 0.10996 -0.95783 0.26547
vn 0.10996 -0.95783 0.26547
vn 0.37819 -0.15282 0.91303
vn 0.37819 -0.15282 0.91303
vn 0.37819 -0.15282 0.91303
vn 0.37819 -0.15282 0.91303
vn 0.37819 -0.15282 0.91303
vn 0.37819 -0.15282 0.91303
vn 0.37819 -0.15282 0.91303
vn 0.36305 -0.31623 0.87647
vn 0.36305 -0.31623 0.87647
vn 0.36305 -0.31623 0.87647
vn 0.36305 -0.31623 0.87647
vn 0.36305 -0.31623 0.87647
vn 0.36305 -0.31623 0.87647
vn 0.37973 0.12403 0.91675
vn 0.21227 0.83205 0.51248
vn 0.21227 0.83205 0.51248
vn 0.21227 0.83205 0.51248
vn 0.21227 0.83205 0.51248
vn 0.21227 0.83205 0.51248
vn 0.21227 0.83205 0.51248
vn 0.38268 -0.00000 0.92388
vn 0.38268 -0.00000 0.92388
vn 0.38268 -0.00000 0.92388
vn 0.38268 -0.00000 0.92388
vn 0.38268 -0.00000 0.92388
vn 0.38268 -0.00000 0.92388
vn 0.38268 -0.00000 0.92388
vn 0.21227 -0.83205 0.51248
vn 0.21227 -0.83205 0.51248
vn 0.21227 -0.83205 0.51248
vn 0.21227 -0.83205 0.51248
vn 0.21227 -0.83205 0.51248
vn 0.21227 -0.83205 0.51248
vn 0.21227 -0.83205 0.51248
vn 0.00000 -1.00000 0.00000
vn 0.00000 -1.00000 0.00000
vn 0.00000 -1.00000 0.00000
vn 0.00000 -1.00000 0.00000
vn 0.00000 -1.00000 0.00000
vn 0.00000 -1.00000 0.00000
vn 0.00000 1.00000 0.00000
vn 0.00000 0.00000 0.00000
vn -0.00000 1.00000 0.00000
vn -0.00000 1.00000 0.00000
vn -0.00000 1.00000 0.00000
vn -0.00000 1.00000 0.00000
vn -0.00000 1.00000 0.00000
vn -0.00000 1.00000 0.00000
vn 0.00000 -0.95783 0.28735
vn 0.00000 -0.95783 0.28735
vn 0.00000 -0.95783 0.28735
vn 0.00000 -0.95783 0.28735
vn 0.00000 -0.95783 0.28735
vn 0.00000 -0.95783 0.28735
vn 0.00000 -0.95783 0.28735
vn 0.00000 -0.15282 0.98825
vn 0.00000 -0.15282 0.98825
vn 0.00000 -0.15282 0.98825
vn 0.00000 -0.15282 0.98825
vn 0.00000 -0.15282 0.98825
vn 0.00000 -0.15282 0.98825
vn 0.00000 -0.15282 0.98825
vn 0.00000 -0.31623 0.94868
vn 0.00000 -0.31623 0.94868
vn 0.00000 -0.31623 0.94868
vn 0.00000 -0.31623 0.94868
vn 0.00000 -0.31623 0.94868
vn 0.00000 -0.31623 0.94868
vn -0.00000 0.12403 0.99228
vn -0.00000 0.83205 0.55470
vn -0.00000 0.83205 0.55470
vn -0.00000 0.83205 0.55470
vn -0.00000 0.83205 0.55470
vn -0.00000 0.83205 0.55470
vn -0.00000 0.83205 0.55470
vn 0.00000 0.00000 1.00000
vn 0.00000 0.00000 1.00000
vn 0.00000 0.00000 1.00000
vn 0.00000 0.00000 1.00000
vn 0.00000 0.00000 1.00000
vn 0.00000 0.00000 1.00000
vn 0.00000 0.00000 1.00000
vn 0.00000 -0.83205 0.55470
vn 0.00000 -0.83205 0.55470
vn 0.00000 -0.83205 0.55470
vn 0.00000 -0.83205 0.55470
vn 0.00000 -0.83205 0.55470
vn 0.00000 -0.83205 0.55470
vn 0.00000 -0.83205 0.55470
vn 0.00000 -1.00000 0.00000
vn 0.00000 -1.00000 0.00000
vn 0.00000 -1.00000 0.00000
vn 0.00000 -1.00000 0.00000
vn 0.00000 -1.00000 0.00000
vn 0.00000 -1.00000 0.00000
vn 0.00000 1.00000 0.00000
vn 0.00000 0.00000 0.00000
vn -0.00000 1.00000 0.00000
vn -0.00000 1.00000 0.00000
vn -0.00000 1.00000 0.00000
vn -0.00000 1.00000 0.00000
vn -0.00000 1.00000 0.00000
vn -0.00000 1.00000 0.00000
vn -0.10996 -0.95783 0.26547
vn -0.10996 -0.95783 0.26547
vn -0.10996 -0.95783 0.26547
vn -0.10996 -0.95783 0.26547
vn -0.10996 -0.95783 0.26547
vn -0.10996 -0.95783 0.26547
vn -0.10996 -0.95783 0.26547
vn -0.37819 -0.15282 0.91303
vn -0.37819 -0.15282 0.91303
vn -0.37819 -0.15282 0.91303
vn -0.37819 -0.15282 0.91303
vn -0.37819 -0.15282 0.91303
vn -0.37819 -0.15282 0.91303
vn -0.37819 -0.15282 0.91303
vn -0.36305 -0.31623 0.87647
vn -0.36305 -0.31623 0.87647
vn -0.36305 -0.31623 0.87647
vn -0.36305 -0.31623 0.87647
vn -0.36305 -0.31623 0.87647
vn -0.36305 -0.31623 0.87647
vn -0.37973 0.12403 0.91675
vn -0.21227 0.83205 0.51248
vn -0.21227 0.83205 0.51248
vn -0.21227 0.83205 0.51248
vn -0.21227 0.83205 0.51248
vn -0.21227 0.83205 0.51248
vn -0.21227 0.83205 0.51248
vn -0.38268 0.00000 0.92388
vn -0.38268 0.00000 0.92388
vn -0.38268 0.00000 0.92388
vn -0.38268 0.00000 0.92388
vn -0.38268 0.00000 0.92388
vn -0.38268 0.00000 0.92388
vn -0.38268 0.00000 0.92388
vn -0.21227 -0.83205 0.51248
vn -0.21227 -0.83205 0.51248
vn -0.21227 -0.83205 0.51248
vn -0.21227 -0.83205 0.51248
vn -0.21227 -0.83205 0.51248
vn -0.21227 -0.83205 0.51248
vn -0.21227 -0.83205 0.51248
vn 0.00000 -1.00000 0.00000
vn 0.00000 -1.00000 0.00000
vn 0.00000 -1.00000 0.00000
vn 0.00000 -1.00000 0.00000
vn 0.00000 -1.00000 0.00000
vn 0.00000 -1.00000 0.00000
vn 0.00000 1.00000 0.00000
vn 0.00000 0.00000 0.00000
vn -0.00000 1.00000 0.00000
vn -0.00000 1.00000 0.00000
vn -0.00000 1.00000 0.00000
vn -0.00000 1.00000 0.00000
vn -0.00000 1.00000 0.00000
vn -0.00000 1.00000 0.00000
vn -0.20319 -0.95783 0.20319
vn -0.20319 -0.95783 0.20319
vn -0.20319 -0.95783 0.20319
vn -0.20319 -0.95783 0.20319
vn -0.20319 -0.95783 0.20319
vn -0.20319 -0.95783 0.20319
vn -0.20319 -0.95783 0.20319
vn -0.69880 -0.15282 0.69880
vn -0.69880 -0.15282 0.69880
vn -0.69880 -0.15282 0.69880
vn -0.69880 -0.15282 0.69880
vn -0.69880 -0.15282 0.69880
vn -0.69880 -0.15282 0.69880
vn -0.69880 -0.15282 0.69880
vn -0.67082 -0.31623 0.67082
vn -0.67082 -0.31623 0.67082
vn -0.67082 -0.31623 0.67082
vn -0.67082 -0.31623 0.67082
vn -0.67082 -0.31623 0.67082
vn -0.67082 -0.31623 0.67082
vn -0.70165 0.12403 0.70165
vn -0.39223 0.83205 0.39223
vn -0.39223 0.83205 0.39223
vn -0.39223 0.83205 0.39223
vn -0.39223 0.83205 0.39223
vn -0.39223 0.83205 0.39223
vn -0.39223 0.83205 0.39223
vn -0.70711 0.00000 0.70711
vn -0.70711 0.00000 0.70711
vn -0.70711 0.00000 0.70711
vn -0.70711 0.00000 0.70711
vn -0.70711 0.00000 0.70711
vn -0.70711 0.00000 0.70711
vn -0.70711 0.00000 0.70711
vn -0.39223 -0.83205 0.39223
vn -0.39223 -0.83205 0.39223
vn -0.39223 -0.83205 0.39223
vn -0.39223 -0.83205 0.39223
vn -0.39223 -0.83205 0.39223
vn -0.39223 -0.83205 0.39223
vn -0.39223 -0.83205 0.39223
vn 0.00000 -1.00000 0.00000
vn 0.00000 -1.00000 0.00000
vn 0.00000 -1.00000 0.00000
vn 0.00000 -1.00000 0.00000
vn 0.00000 -1.00000 0.00000
vn 0.00000 -1.00000 0.00000
vn 0.00000 1.00000 0.00000
vn 0.00000 0.00000 0.00000
vn -0.00000 1.00000 0.00000
vn -0.00000 1.00000 0.00000
vn -0.00000 1.00000 0.00000
vn -0.00000 1.00000 0.00000
vn -0.00000 1.00000 0.00000
vn -0.00000 1.00000 0.00000
vn -0.26547 -0.95783 0.10996
vn -0.26547 -0.95783 0.10996
vn -0.26547 -0.95783 0.10996
vn -0.26547 -0.95783 0.10996
vn -0.26547 -0.95783 0.10996
vn -0.26547 -0.95783 0.10996
vn -0.26547 -0.95783 0.10996
vn -0.91303 -0.15282 0.37819
vn -0.91303 -0.15282 0.37819
vn -0.91303 -0.15282 0.37819
vn -0.91303 -0.15282 0.37819
vn -0.91303 -0.15282 0.37819
vn -0.91303 -0.15282 0.37819
vn -0.91303 -0.15282 0.37819
vn -0.87647 -0.31623 0.36305
vn -0.87647 -0.31623 0.36305
vn -0.87647 -0.31623 0.36305
vn -0.87647 -0.31623 0.36305
vn -0.87647 -0.31623 0.36305
vn -0.87647 -0.31623 0.36305
vn -0.91675 0.12403 0.37973
vn -0.51248 0.83205 0.21227
vn -0.51248 0.83205 0.21227
vn -0.51248 0.83205 0.21227
vn -0.51248 0.83205 0.21227
vn -0.51248 0.83205 0.21227
vn -0.51248 0.83205 0.21227
vn -0.92388 0.00000 0.38268
vn -0.92388 0.00000 0.38268
vn -0.92388 0.00000 0.38268
vn -0.92388 0.00000 0.38268
vn -0.92388 0.00000 0.38268
vn -0.92388 0.00000 0.38268
vn -0.92388 0.00000 0.38268
vn -0.51248 -0.83205 0.21227
vn -0.51248 -0.83205 0.21227
vn -0.51248 -0.83205 0.21227
vn -0.51248 -0.83205 0.21227
vn -0.51248 -0.83205 0.21227
vn -0.51248 -0.83205 0.21227
vn -0.51248 -0.83205 0.21227
vn 0.00000 -1.00000 0.00000
vn 0.00000 -1.00000 0.00000
vn 0.00000 -1.00000 0.00000
vn 0.00000 -1.00000 0.00000
vn 0.00000 -1.00000 0.00000
vn 0.00000 -1.00000 0.00000
vn 0.00000 1.00000 0.00000
vn 0.00000 0.00000 0.00000
vn -0.00000 1.00000 0.00000
vn -0.00000 1.00000 0.00000
vn -0.00000 1.00000 0.00000
vn -0.00000 1.00000 0.00000
vn -0.00000 1.00000 0.00000
vn -0.00000 1.00000 0.00000
vn -0.28735 -0.95783 0.00090
vn -0.28735 -0.95783 0.00090
vn -0.28735 -0.95783 0.00090
vn -0.28735 -0.95783 0.00090
vn -0.28735 -0.95783 0.00090
vn -0.28735 -0.95783 0.00090
vn -0.28735 -0.95783 0.00090
vn -0.98825 -0.15282 0.00310
vn -0.98825 -0.15282 0.00310
vn -0.98825 -0.15282 0.00310
vn -0.98825 -0.15282 0.00310
vn -0.98825 -0.15282 0.00310
vn -0.98825 -0.15282 0.00310
vn -0.98825 -0.15282 0.00310
vn -0.94868 -0.31623 0.00298
vn -0.94868 -0.31623 0.00298
vn -0.94868 -0.31623 0.00298
vn -0.94868 -0.31623 0.00298
vn -0.94868 -0.31623 0.00298
vn -0.94868 -0.31623 0.00298
vn -0.99227 0.12403 0.00312
vn -0.55470 0.83205 0.00174
vn -0.55470 0.83205 0.00174
vn -0.55470 0.83205 0.00174
vn -0.55470 0.83205 0.00174
vn -0.55470 0.83205 0.00174
vn -0.55470 0.83205 0.00174
vn -1.00000 0.00000 0.00314
vn -1.00000 0.00000 0.00314
vn -1.00000 0.00000 0.00314
vn -1.00000 0.00000 0.00314
vn -1.00000 0.00000 0.00314
vn -1.00000 0.00000 0.00314
vn -1.00000 0.00000 0.00314
vn -0.55470 -0.83205 0.00174
vn -0.55470 -0.83205 0.00174
vn -0.55470 -0.83205 0.00174
vn -0.55470 -0.83205 0.00174
vn -0.55470 -0.83205 0.00174
vn -0.55470 -0.83205 0.00174
vn -0.55470 -0.83205 0.00174
vn 0.00000 -1.00000 0.00000
vn 0.00000 -1.00000 0.00000
vn 0.00000 -1.00000 0.00000
vn 0.00000 -1.00000 0.00000
vn 0.00000 -1.00000 0.00000
vn 0.00000 -1.00000 0.00000
vn 0.00000 1.00000 0.00000
vn 0.00000 1.00000 0.00000
vn 0.14252 0.98979 0.00045
vn 0.28328 0.95904 0.00089
vn 0.42030 0.90738 0.00132
vn 0.55113 0.83442 0.00173
vn 0.67267 0.73994 0.00211
vn 0.78117 0.62431 0.00245
vn 0.87232 0.48892 0.00274
vn 0.94166 0.33656 0.00296
vn 0.98516 0.17164 0.00309
vn 1.00000 0.00000 0.00314
vn 0.98516 -0.17164 0.00309
vn 0.94166 -0.33656 0.00296
vn 0.87232 -0.48892 0.00274
vn 0.78117 -0.62431 0.00245
vn 0.67267 -0.73994 0.00211
vn 0.55113 -0.83442 0.00173
vn 0.42030 -0.90738 0.00132
vn 0.28328 -0.95904 0.00089
vn 0.14252 -0.98979 0.00045
vn 0.00000 1.00000 0.00000
vn 0.00000 1.00000 0.00000
vn 0.13940 0.98979 0.02963
vn 0.27709 0.95904 0.05890
vn 0.41112 0.90738 0.08739
vn 0.53909 0.83442 0.11459
vn 0.65797 0.73994 0.13986
vn 0.76410 0.62431 0.16242
vn 0.85327 0.48892 0.18137
vn 0.92108 0.33656 0.19578
vn 0.96363 0.17164 0.20483
vn 0.97815 0.00000 0.20791
vn 0.96363 -0.17164 0.20483
vn 0.92108 -0.33656 0.19578
vn 0.85327 -0.48892 0.18137
vn 0.76410 -0.62431 0.16242
vn 0.65797 -0.73994 0.13986
vn 0.53909 -0.83442 0.11459
vn 0.41112 -0.90738 0.08739
vn 0.27709 -0.95904 0.05890
vn 0.13940 -0.98979 0.02963
vn 0.00000 1.00000 0.00000
vn 0.00000 1.00000 0.00000
vn 0.13019 0.98979 0.05797
vn 0.25879 0.95904 0.11522
vn 0.38397 0.90738 0.17095
vn 0.50348 0.83442 0.22416
vn 0.61452 0.73994 0.27360
vn 0.71364 0.62431 0.31773
vn 0.79691 0.48892 0.35481
vn 0.86025 0.33656 0.38301
vn 0.89999 0.17164 0.40070
vn 0.91355 0.00000 0.40674
vn 0.89999 -0.17164 0.40070
vn 0.86025 -0.33656 0.38301
vn 0.79691 -0.48892 0.35481
vn 0.71364 -0.62431 0.31773
vn 0.61452 -0.73994 0.27360
vn 0.50348 -0.83442 0.22416
vn 0.38397 -0.90738 0.17095
vn 0.25879 -0.95904 0.11522
vn 0.13019 -0.98979 0.05797
vn 0.00000 1.00000 0.00000
vn 0.00000 1.00000 0.00000
vn 0.11530 0.98979 0.08377
vn 0.22918 0.95904 0.16651
vn 0.34003 0.90738 0.24705
vn 0.44587 0.83442 0.32395
vn 0.54420 0.73994 0.39539
vn 0.63198 0.62431 0.45916
vn 0.70573 0.48892 0.51274
vn 0.76182 0.33656 0.55349
vn 0.79701 0.17164 0.57906
vn 0.80902 0.00000 0.58779
vn 0.79701 -0.17164 0.57906
vn 0.76182 -0.33656 0.55349
vn 0.70573 -0.48892 0.51274
vn 0.63198 -0.62431 0.45916
vn 0.54420 -0.73994 0.39539
vn 0.44587 -0.83442 0.32395
vn 0.34003 -0.90738 0.24705
vn 0.22918 -0.95904 0.16651
vn 0.11530 -0.98979 0.08377
vn 0.00000 1.00000 0.00000
vn 0.00000 1.00000 0.00000
vn 0.09536 0.98979 0.10591
vn 0.18955 0.95904 0.21052
vn 0.28124 0.90738 0.31235
vn 0.36878 0.83442 0.40957
vn 0.45011 0.73994 0.49989
vn 0.52271 0.62431 0.58053
vn 0.58370 0.48892 0.64827
vn 0.63009 0.33656 0.69979
vn 0.65920 0.17164 0.73212
vn 0.66913 0.00000 0.74314
vn 0.65920 -0.17164 0.73212
vn 0.63009 -0.33656 0.69979
vn 0.58370 -0.48892 0.64827
vn 0.52271 -0.62431 0.58053
vn 0.45011 -0.73994 0.49989
vn 0.36878 -0.83442 0.40957
vn 0.28124 -0.90738 0.31235
vn 0.18955 -0.95904 0.21052
vn 0.09536 -0.98979 0.10591
vn 0.00000 1.00000 0.00000
vn 0.00000 1.00000 0.00000
vn 0.07126 0.98979 0.12342
vn 0.14164 0.95904 0.24533
vn 0.21015 0.90738 0.36399
vn 0.27556 0.83442 0.47729
vn 0.33634 0.73994 0.58255
vn 0.39059 0.62431 0.67652
vn 0.43616 0.48892 0.75546
vn 0.47083 0.33656 0.81550
vn 0.49258 0.17164 0.85317
vn 0.50000 0.00000 0.86603
vn 0.49258 -0.17164 0.85317
vn 0.47083 -0.33656 0.81550
vn 0.43616 -0.48892 0.75546
vn 0.39059 -0.62431 0.67652
vn 0.33634 -0.73994 0.58255
vn 0.27556 -0.83442 0.47729
vn 0.21015 -0.90738 0.36399
vn 0.14164 -0.95904 0.24533
vn 0.07126 -0.98979 0.12342
vn 0.00000 1.00000 0.00000
vn 0.00000 1.00000 0.00000
vn 0.04404 0.98979 0.13554
vn 0.08754 0.95904 0.26942
vn 0.12988 0.90738 0.39973
vn 0.17031 0.83442 0.52415
vn 0.20787 0.73994 0.63975
vn 0.24140 0.62431 0.74294
vn 0.26956 0.48892 0.82963
vn 0.29099 0.33656 0.89557
vn 0.30443 0.17164 0.93694
vn 0.30902 0.00000 0.95106
vn 0.30443 -0.17164 0.93694
vn 0.29099 -0.33656 0.89557
vn 0.26956 -0.48892 0.82963
vn 0.24140 -0.62431 0.74294
vn 0.20787 -0.73994 0.63975
vn 0.17031 -0.83442 0.52415
vn 0.12988 -0.90738 0.39973
vn 0.08754 -0.95904 0.26942
vn 0.04404 -0.98979 0.13554
vn 0.00000 1.00000 0.00000
vn 0.00000 1.00000 0.00000
vn 0.01490 0.98979 0.14174
vn 0.02961 0.95904 0.28173
vn 0.04393 0.90738 0.41800
vn 0.05761 0.83442 0.54811
vn 0.07031 0.73994 0.66899
vn 0.08166 0.62431 0.77690
vn 0.09118 0.48892 0.86755
vn 0.09843 0.33656 0.93650
vn 0.10298 0.17164 0.97976
vn 0.10453 0.00000 0.99452
vn 0.10298 -0.17164 0.97976
vn 0.09843 -0.33656 0.93650
vn 0.09118 -0.48892 0.86755
vn 0.08166 -0.62431 0.77690
vn 0.07031 -0.73994 0.66899
vn 0.05761 -0.83442 0.54811
vn 0.04393 -0.90738 0.41800
vn 0.02961 -0.95904 0.28173
vn 0.01490 -0.98979 0.14174
vn 0.00000 1.00000 0.00000
vn 0.00000 1.00000 0.00000
vn -0.01490 0.98979 0.14174
vn -0.02961 0.95904 0.28173
vn -0.04393 0.90738 0.41800
vn -0.05761 0.83442 0.54811
vn -0.07031 0.73994 0.66899
vn -0.08166 0.62431 0.77690
vn -0.09118 0.48892 0.86755
vn -0.09843 0.33656 0.93650
vn -0.10298 0.17164 0.97976
vn -0.10453 0.00000 0.99452
vn -0.10298 -0.17164 0.97976
vn -0.09843 -0.33656 0.93650
vn -0.09118 -0.48892 0.86755
vn -0.08166 -0.62431 0.77690
vn -0.07031 -0.73994 0.66899
vn -0.05761 -0.83442 0.54811
vn -0.04393 -0.90738 0.41800
vn -0.02961 -0.95904 0.28173
vn -0.01490 -0.98979 0.14174
vn -0.00000 1.00000 0.00000
vn 0.00000 1.00000 0.00000
vn -0.04404 0.98979 0.13554
vn -0.08754 0.95904 0.26942
vn -0.12988 0.90738 0.39973
vn -0.17031 0.83442 0.52415
vn -0.20787 0.73994 0.63975
vn -0.24140 0.62431 0.74294
vn -0.26956 0.48892 0.82963
vn -0.29099 0.33656 0.89557
vn -0.30443 0.17164 0.93694
vn -0.30902 0.00000 0.95106
vn -0.30443 -0.17164 0.93694
vn -0.29099 -0.33656 0.89557
vn -0.26956 -0.48892 0.82963
vn -0.24140 -0.62431 0.74294
vn -0.20787 -0.73994 0.63975
vn -0.17031 -0.83442 0.52415
vn -0.12988 -0.90738 0.39973
vn -0.08754 -0.95904 0.26942
vn -0.04404 -0.98979 0.13554
vn -0.00000 1.00000 0.00000
vn 0.00000 1.00000 0.00000
vn -0.07126 0.98979 0.12342
vn -0.14164 0.95904 0.24533
vn -0.21015 0.90738 0.36399
vn -0.27556 0.83442 0.47729
vn -0.33634 0.73994 0.58255
vn -0.39059 0.62431 0.67652
vn -0.43616 0.48892 0.75546
vn -0.47083 0.33656 0.81550
vn -0.49258 0.17164 0.85317
vn -0.50000 0.00000 0.86603
vn -0.49258 -0.17164 0.85317
vn -0.47083 -0.33656 0.81550
vn -0.43616 -0.48892 0.75546
vn -0.39059 -0.62431 0.67652
vn -0.33634 -0.73994 0.58255
vn -0.27556 -0.83442 0.47729
vn -0.21015 -0.90738 0.36399
vn -0.14164 -0.95904 0.24533
vn -0.07126 -0.98979 0.12342
vn -0.00000 1.00000 0.00000
vn 0.00000 1.00000 0.00000
vn -0.09536 0.98979 0.10591
vn -0.18955 0.95904 0.21052
vn -0.28124 0.90738 0.31235
vn -0.36878 0.83442 0.40957
vn -0.45011 0.73994 0.49989
vn -0.52271 0.62431 0.58053
vn -0.58370 0.48892 0.64827
vn -0.63009 0.33656 0.69979
vn -0.65920 0.17164 0.73212
vn -0.66913 0.00000 0.74314
vn -0.65920 -0.17164 0.73212
vn -0.63009 -0.33656 0.69979
vn -0.58370 -0.48892 0.64827
vn -0.52271 -0.62431 0.58053
vn -0.45011 -0.73994 0.49989
vn -0.36878 -0.83442 0.40957
vn -0.28124 -0.90738 0.31235
vn -0.18955 -0.95904 0.21052
vn -0.09536 -0.98979 0.10591
vn -0.00000 1.00000 0.00000
vn 0.00000 1.00000 0.00000
vn -0.11530 0.98979 0.08377
vn -0.22918 0.95904 0.16651
vn -0.34003 0.90738 0.24705
vn -0.44587 0.83442 0.32395
vn -0.54420 0.73994 0.39539
vn -0.63198 0.62431 0.45916
vn -0.70573 0.48892 0.51274
vn -0.76182 0.33656 0.55349
vn -0.79701 0.17164 0.57906
vn -0.80902 0.00000 0.58779
vn -0.79701 -0.17164 0.57906
vn -0.76182 -0.33656 0.55349
vn -0.70573 -0.48892 0.51274
vn -0.63198 -0.62431 0.45916
vn -0.54420 -0.73994 0.39539
vn -0.44587 -0.83442 0.32395
vn -0.34003 -0.90738 0.24705
vn -0.22918 -0.95904 0.16651
vn -0.11530 -0.98979 0.08377
vn -0.00000 1.00000 0.00000
vn 0.00000 1.00000 0.00000
vn -0.13019 0.98979 0.05797
vn -0.25879 0.95904 0.11522
vn -0.38397 0.90738 0.17095
vn -0.50348 0.83442 0.22416
vn -0.61452 0.73994 0.27360
vn -0.71364 0.62431 0.31773
vn -0.79691 0.48892 0.35481
vn -0.86025 0.33656 0.38301
vn -0.89999 0.17164 0.40070
vn -0.91355 0.00000 0.40674
vn -0.89999 -0.17164 0.40070
vn -0.86025 -0.33656 0.38301
vn -0.79691 -0.48892 0.35481
vn -0.71364 -0.62431 0.31773
vn -0.61452 -0.73994 0.27360
vn -0.50348 -0.83442 0.22416
vn -0.38397 -0.90738 0.17095
vn -0.25879 -0.95904 0.11522
vn -0.13019 -0.98979 0.05797
vn -0.00000 1.00000 0.00000
vn 0.00000 1.00000 0.00000
vn -0.13940 0.98979 0.02963
vn -0.27709 0.95904 0.05890
vn -0.41112 0.90738 0.08739
vn -0.53909 0.83442 0.11459
vn -0.65797 0.73994 0.13986
vn -0.76410 0.62431 0.16242
vn -0.85327 0.48892 0.18137
vn -0.92108 0.33656 0.19578
vn -0.96363 0.17164 0.20483
vn -0.97815 0.00000 0.20791
vn -0.96363 -0.17164 0.20483
vn -0.92108 -0.33656 0.19578
vn -0.85327 -0.48892 0.18137
vn -0.76410 -0.62431 0.16242
vn -0.65797 -0.73994 0.13986
vn -0.53909 -0.83442 0.11459
vn -0.41112 -0.90738 0.08739
vn -0.27709 -0.95904 0.05890
vn -0.13940 -0.98979 0.02963
vn -0.00000 1.00000 0.00000
vn 0.00000 1.00000 0.00000
vn -0.14252 0.98979 0.00000
vn -0.28328 0.95904 0.00000
vn -0.42030 0.90738 0.00000
vn -0.55113 0.83442 0.00000
vn -0.67267 0.73994 0.00000
vn -0.78117 0.62431 0.00000
vn -0.87233 0.48892 0.00000
vn -0.94166 0.33656 0.00000
vn -0.98516 0.17164 0.00000
vn -1.00000 -0.00000 -0.00000
vn -0.98516 -0.17164 -0.00000
vn -0.94166 -0.33656 -0.00000
vn -0.87233 -0.48892 -0.00000
vn -0.78117 -0.62431 -0.00000
vn -0.67267 -0.73994 -0.00000
vn -0.55113 -0.83442 -0.00000
vn -0.42030 -0.90738 -0.00000
vn -0.28328 -0.95904 -0.00000
vn -0.14252 -0.98979 -0.00000
vn -0.00000 1.00000 0.00000
vn 0.00000 1.00000 0.00000
vn -0.13940 0.98979 -0.02963
vn -0.27709 0.95904 -0.05890
vn -0.41112 0.90738 -0.08739
vn -0.53909 0.83442 -0.11459
vn -0.65797 0.73994 -0.13986
vn -0.76410 0.62431 -0.16242
vn -0.85327 0.48892 -0.18137
vn -0.92108 0.33656 -0.19578
vn -0.96363 0.17164 -0.20483
vn -0.97815 -0.00000 -0.20791
vn -0.96363 -0.17164 -0.20483
vn -0.92108 -0.33656 -0.19578
vn -0.85327 -0.48892 -0.18137
vn -0.76410 -0.62431 -0.16242
vn -0.65797 -0.73994 -0.13986
vn -0.53909 -0.83442 -0.11459
vn -0.41112 -0.90738 -0.08739
vn -0.27709 -0.95904 -0.05890
vn -0.13940 -0.98979 -0.02963
vn -0.00000 1.00000 -0.00000
vn 0.00000 1.00000 0.00000
vn -0.13019 0.98979 -0.05797
vn -0.25879 0.95904 -0.11522
vn -0.38397 0.90738 -0.17095
vn -0.50348 0.83442 -0.22416
vn -0.61452 0.73994 -0.27360
vn -0.71364 0.62431 -0.31773
vn -0.79691 0.48892 -0.35481
vn -0.86025 0.33656 -0.38301
vn -0.89999 0.17164 -0.40070
vn -0.91355 -0.00000 -0.40674
vn -0.89999 -0.17164 -0.40070
vn -0.86025 -0.33656 -0.38301
vn -0.79691 -0.48892 -0.35481
vn -0.71364 -0.62431 -0.31773
vn -0.61452 -0.73994 -0.27360
vn -0.50348 -0.83442 -0.22416
vn -0.38397 -0.90738 -0.17095
vn -0.25879 -0.95904 -0.11522
vn -0.13019 -0.98979 -0.05797
vn -0.00000 1.00000 -0.00000
vn 0.00000 1.00000 0.00000
vn -0.11530 0.98979 -0.08377
vn -0.22918 0.95904 -0.16651
vn -0.34003 0.90738 -0.24705
vn -0.44587 0.83442 -0.32395
vn -0.54420 0.73994 -0.39539
vn -0.63198 0.62431 -0.45916
vn -0.70573 0.48892 -0.51274
vn -0.76182 0.33656 -0.55349
vn -0.79701 0.17164 -0.57906
vn -0.80902 -0.00000 -0.58779
vn -0.79701 -0.17164 -0.57906
vn -0.76182 -0.33656 -0.55349
vn -0.70573 -0.48892 -0.51274
vn -0.63198 -0.62431 -0.45916
vn -0.54420 -0.73994 -0.39539
vn -0.44587 -0.83442 -0.32395
vn -0.34003 -0.90738 -0.24705
vn -0.22918 -0.95904 -0.16651
vn -0.11530 -0.98979 -0.08377
vn -0.00000 1.00000 -0.00000
vn 0.00000 1.00000 0.00000
vn -0.09536 0.98979 -0.10591
vn -0.18955 0.95904 -0.21052
vn -0.28124 0.90738 -0.31235
vn -0.36878 0.83442 -0.40957
vn -0.45011 0.73994 -0.49989
vn -0.52271 0.62431 -0.58053
vn -0.58370 0.48892 -0.64827
vn -0.63009 0.33656 -0.69979
vn -0.65920 0.17164 -0.73212
vn -0.66913 -0.00000 -0.74314
vn -0.65920 -0.17164 -0.73212
vn -0.63009 -0.33656 -0.69979
vn -0.58370 -0.48892 -0.64827
vn -0.52271 -0.62431 -0.58053
vn -0.45011 -0.73994 -0.49989
vn -0.36878 -0.83442 -0.40957
vn -0.28124 -0.90738 -0.31235
vn -0.18955 -0.95904 -0.21052
vn -0.09536 -0.98979 -0.10591
vn -0.00000 1.00000 -0.00000
vn 0.00000 1.00000 0.00000
vn -0.07126 0.98979 -0.12342
vn -0.14164 0.95904 -0.24533
vn -0.21015 0.90738 -0.36399
vn -0.27556 0.83442 -0.47729
vn -0.33634 0.73994 -0.58255
vn -0.39059 0.62431 -0.67652
vn -0.43616 0.48892 -0.75546
vn -0.47083 0.33656 -0.81550
vn -0.49258 0.17164 -0.85317
vn -0.50000 -0.00000 -0.86603
vn -0.49258 -0.17164 -0.85317
vn -0.47083 -0.33656 -0.81550
vn -0.43616 -0.48892 -0.75546
vn -0.39059 -0.62431 -0.67652
vn -0.33634 -0.73994 -0.58255
vn -0.27556 -0.83442 -0.47729
vn -0.21015 -0.90738 -0.36399
vn -0.14164 -0.95904 -0.24533
vn -0.07126 -0.98979 -0.12342
vn -0.00000 1.00000 -0.00000
vn 0.00000 1.00000 0.00000
vn -0.04404 0.98979 -0.13554
vn -0.08754 0.95904 -0.26942
vn -0.12988 0.90738 -0.39973
vn -0.17031 0.83442 -0.52415
vn -0.20787 0.73994 -0.63975
vn -0.24140 0.62431 -0.74294
vn -0.26956 0.48892 -0.82963
vn -0.29099 0.33656 -0.89557
vn -0.30443 0.17164 -0.93694
vn -0.30902 -0.00000 -0.95106
vn -0.30443 -0.17164 -0.93694
vn -0.29099 -0.33656 -0.89557
vn -0.26956 -0.48892 -0.82963
vn -0.24140 -0.62431 -0.74294
vn -0.20787 -0.73994 -0.63975
vn -0.17031 -0.83442 -0.52415
vn -0.12988 -0.90738 -0.39973
vn -0.08754 -0.95904 -0.26942
vn -0.04404 -0.98979 -0.13554
vn -0.00000 1.00000 -0.00000
vn 0.00000 1.00000 0.00000
vn -0.01490 0.98979 -0.14174
vn -0.02961 0.95904 -0.28173
vn -0.04393 0.90738 -0.41800
vn -0.05761 0.83442 -0.54811
vn -0.07031 0.73994 -0.66899
vn -0.08166 0.62431 -0.77690
vn -0.09118 0.48892 -0.86755
vn -0.09843 0.33656 -0.93650
vn -0.10298 0.17164 -0.97976
vn -0.10453 -0.00000 -0.99452
vn -0.10298 -0.17164 -0.97976
vn -0.09843 -0.33656 -0.93650
vn -0.09118 -0.48892 -0.86755
vn -0.08166 -0.62431 -0.77690
vn -0.07031 -0.73994 -0.66899
vn -0.05761 -0.83442 -0.54811
vn -0.04393 -0.90738 -0.41800
vn -0.02961 -0.95904 -0.28173
vn -0.01490 -0.98979 -0.14174
vn -0.00000 1.00000 -0.00000
vn 0.00000 1.00000 0.00000
vn 0.01490 0.98979 -0.14174
vn 0.02961 0.95904 -0.28173
vn 0.04393 0.90738 -0.41800
vn 0.05761 0.83442 -0.54811
vn 0.07031 0.73994 -0.66899
vn 0.08166 0.62431 -0.77690
vn 0.09118 0.48892 -0.86755
vn 0.09843 0.33656 -0.93650
vn 0.10298 0.17164 -0.97976
vn 0.10453 0.00000 -0.99452
vn 0.10298 -0.17164 -0.97976
vn 0.09843 -0.33656 -0.93650
vn 0.09118 -0.48892 -0.86755
vn 0.08166 -0.62431 -0.77690
vn 0.07031 -0.73994 -0.66899
vn 0.05761 -0.83442 -0.54811
vn 0.04393 -0.90738 -0.41800
vn 0.02961 -0.95904 -0.28173
vn 0.01490 -0.98979 -0.14174
vn 0.00000 1.00000 -0.00000
vn 0.00000 1.00000 0.00000
vn 0.04404 0.98979 -0.13554
vn 0.08754 0.95904 -0.26942
vn 0.12988 0.90738 -0.39973
vn 0.17031 0.83442 -0.52415
vn 0.20787 0.73994 -0.63975
vn 0.24140 0.62431 -0.74294
vn 0.26956 0.48892 -0.82963
vn 0.29099 0.33656 -0.89557
vn 0.30443 0.17164 -0.93694
vn 0.30902 0.00000 -0.95106
vn 0.30443 -0.17164 -0.93694
vn 0.29099 -0.33656 -0.89557
vn 0.26956 -0.48892 -0.82963
vn 0.24140 -0.62431 -0.74294
vn 0.20787 -0.73994 -0.63975
vn 0.17031 -0.83442 -0.52415
vn 0.12988 -0.90738 -0.39973
vn 0.08754 -0.95904 -0.26942
vn 0.04404 -0.98979 -0.13554
vn 0.00000 1.00000 -0.00000
vn 0.00000 1.00000 0.00000
vn 0.07126 0.98979 -0.12342
vn 0.14164 0.95904 -0.24533
vn 0.21015 0.90738 -0.36399
vn 0.27556 0.83442 -0.47729
vn 0.33634 0.73994 -0.58255
vn 0.39059 0.62431 -0.67652
vn 0.43616 0.48892 -0.75546
vn 0.47083 0.33656 -0.81550
vn 0.49258 0.17164 -0.85317
vn 0.50000 0.00000 -0.86603
vn 0.49258 -0.17164 -0.85317
vn 0.47083 -0.33656 -0.81550
vn 0.43616 -0.48892 -0.75546
vn 0.39059 -0.62431 -0.67652
vn 0.33634 -0.73994 -0.58255
vn 0.27556 -0.83442 -0.47729
vn 0.21015 -0.90738 -0.36399
vn 0.14164 -0.95904 -0.24533
vn 0.07126 -0.98979 -0.12342
vn 0.00000 1.00000 -0.00000
vn 0.00000 1.00000 0.00000
vn 0.09536 0.98979 -0.10591
vn 0.18955 0.95904 -0.21052
vn 0.28124 0.90738 -0.31235
vn 0.36878 0.83442 -0.40957
vn 0.45011 0.73994 -0.49989
vn 0.52271 0.62431 -0.58053
vn 0.58370 0.48892 -0.64827
vn 0.63009 0.33656 -0.69979
vn 0.65920 0.17164 -0.73212
vn 0.66913 0.00000 -0.74314
vn 0.65920 -0.17164 -0.73212
vn 0.63009 -0.33656 -0.69979
vn 0.58370 -0.48892 -0.64827
vn 0.52271 -0.62431 -0.58053
vn 0.45011 -0.73994 -0.49989
vn 0.36878 -0.83442 -0.40957
vn 0.28124 -0.90738 -0.31235
vn 0.18955 -0.95904 -0.21052
vn 0.09536 -0.98979 -0.10591
vn 0.00000 1.00000 -0.00000
vn 0.00000 1.00000 0.00000
vn 0.11530 0.98979 -0.08377
vn 0.22918 0.95904 -0.16651
vn 0.34003 0.90738 -0.24705
vn 0.44587 0.83442 -0.32395
vn 0.54420 0.73994 -0.39539
vn 0.63198 0.62431 -0.45916
vn 0.70573 0.48892 -0.51274
vn 0.76182 0.33656 -0.55349
vn 0.79701 0.17164 -0.57906
vn 0.80902 0.00000 -0.58779
vn 0.79701 -0.17164 -0.57906
vn 0.76182 -0.33656 -0.55349
vn 0.70573 -0.48892 -0.51274
vn 0.63198 -0.62431 -0.45916
vn 0.54420 -0.73994 -0.39539
vn 0.44587 -0.83442 -0.32395
vn 0.34003 -0.90738 -0.24705
vn 0.22918 -0.95904 -0.16651
vn 0.11530 -0.98979 -0.08377
vn 0.00000 1.00000 -0.00000
vn 0.00000 1.00000 0.00000
vn 0.13019 0.98979 -0.05797
vn 0.25879 0.95904 -0.11522
vn 0.38397 0.90738 -0.17095
vn 0.50348 0.83442 -0.22416
vn 0.61452 0.73994 -0.27360
vn 0.71364 0.62431 -0.31773
vn 0.79691 0.48892 -0.35481
vn 0.86025 0.33656 -0.38301
vn 0.89999 0.17164 -0.40070
vn 0.91355 0.00000 -0.40674
vn 0.89999 -0.17164 -0.40070
vn 0.86025 -0.33656 -0.38301
vn 0.79691 -0.48892 -0.35481
vn 0.71364 -0.62431 -0.31773
vn 0.61452 -0.73994 -0.27360
vn 0.50348 -0.83442 -0.22416
vn 0.38397 -0.90738 -0.17095
vn 0.25879 -0.95904 -0.11522
vn 0.13019 -0.98979 -0.05797
vn 0.00000 1.00000 -0.00000
vn 0.00000 1.00000 0.00000
vn 0.13940 0.98979 -0.02963
vn 0.27709 0.95904 -0.05890
vn 0.41112 0.90738 -0.08739
vn 0.53909 0.83442 -0.11459
vn 0.65797 0.73994 -0.13986
vn 0.76410 0.62431 -0.16242
vn 0.85327 0.48892 -0.18137
vn 0.92108 0.33656 -0.19578
vn 0.96363 0.17164 -0.20483
vn 0.97815 0.00000 -0.20791
vn 0.96363 -0.17164 -0.20483
vn 0.92108 -0.33656 -0.19578
vn 0.85327 -0.48892 -0.18137
vn 0.76410 -0.62431 -0.16242
vn 0.65797 -0.73994 -0.13986
vn 0.53909 -0.83442 -0.11459
vn 0.41112 -0.90738 -0.08739
vn 0.27709 -0.95904 -0.05890
vn 0.13940 -0.98979 -0.02963
vn 0.00000 1.00000 -0.00000
vn 0.00000 1.00000 0.00000
vn 0.14252 0.98979 -0.00045
vn 0.28328 0.95904 -0.00089
vn 0.42030 0.90738 -0.00132
vn 0.55113 0.83442 -0.00173
vn 0.67267 0.73994 -0.00211
vn 0.78117 0.62431 -0.00245
vn 0.87232 0.48892 -0.00274
vn 0.94166 0.33656 -0.00296
vn 0.98516 0.17164 -0.00309
vn 1.00000 0.00000 -0.00314
vn 0.98516 -0.17164 -0.00309
vn 0.94166 -0.33656 -0.00296
vn 0.87232 -0.48892 -0.00274
vn 0.78117 -0.62431 -0.00245
vn 0.67267 -0.73994 -0.00211
vn 0.55113 -0.83442 -0.00173
vn 0.42030 -0.90738 -0.00132
vn 0.28328 -0.95904 -0.00089
vn 0.14252 -0.98979 -0.00045
vn 0.00000 1.00000 -0.00000
vn 0.00000 1.00000 0.00000
vn 0.00000 1.00000 -0.00000
vn 0.00000 1.00000 -0.00000
vn 0.00000 1.00000 -0.00000
vn 0.00000 1.00000 -0.00000
vn 0.00000 1.00000 -0.00000
vn 0.00000 1.00000 -0.00000
vn 0.00000 1.00000 -0.00000
vn 0.00000 1.00000 -0.00000
vn -1.00000 0.00000 -0.00314
vn -0.64413 -0.76491 -0.00202
vn -0.64413 -0.76491 -0.00202
vn -0.64413 -0.76491 -0.00202
vn -0.64413 -0.76491 -0.00202
vn -0.64413 -0.76491 -0.00202
vn -0.64413 -0.76491 -0.00202
vn -0.64413 -0.76491 -0.00202
vn -0.64413 -0.76491 -0.00202
vn 0.00000 1.00000 0.00000
vn 0.00000 1.00000 0.00000
vn 0.00000 1.00000 -0.00000
vn 0.00000 1.00000 -0.00000
vn 0.00000 1.00000 -0.00000
vn 0.00000 1.00000 -0.00000
vn 0.00000 1.00000 -0.00000
vn 0.00000 1.00000 -0.00000
vn 0.00000 1.00000 -0.00000
vn 0.00000 1.00000 -0.00000
vn -0.90097 0.00000 -0.43388
vn -0.58035 -0.76491 -0.27948
vn -0.58035 -0.76491 -0.27948
vn -0.58035 -0.76491 -0.27948
vn -0.58035 -0.76491 -0.27948
vn -0.58035 -0.76491 -0.27948
vn -0.58035 -0.76491 -0.27948
vn -0.58035 -0.76491 -0.27948
vn -0.58035 -0.76491 -0.27948
vn 0.00000 1.00000 0.00000
vn 0.00000 1.00000 0.00000
vn 0.00000 1.00000 -0.00000
vn 0.00000 1.00000 -0.00000
vn 0.00000 1.00000 -0.00000
vn 0.00000 1.00000 -0.00000
vn 0.00000 1.00000 -0.00000
vn 0.00000 1.00000 -0.00000
vn 0.00000 1.00000 -0.00000
vn 0.00000 1.00000 -0.00000
vn -0.62349 0.00000 -0.78183
vn -0.40161 -0.76491 -0.50361
vn -0.40161 -0.76491 -0.50361
vn -0.40161 -0.76491 -0.50361
vn -0.40161 -0.76491 -0.50361
vn -0.40161 -0.76491 -0.50361
vn -0.40161 -0.76491 -0.50361
vn -0.40161 -0.76491 -0.50361
vn -0.40161 -0.76491 -0.50361
vn 0.00000 1.00000 0.00000
vn 0.00000 1.00000 0.00000
vn 0.00000 1.00000 -0.00000
vn 0.00000 1.00000 -0.00000
vn 0.00000 1.00000 -0.00000
vn 0.00000 1.00000 -0.00000
vn 0.00000 1.00000 -0.00000
vn 0.00000 1.00000 -0.00000
vn 0.00000 1.00000 -0.00000
vn 0.00000 1.00000 -0.00000
vn -0.22252 0.00000 -0.97493
vn -0.14333 -0.76491 -0.62799
vn -0.14333 -0.76491 -0.62799
vn -0.14333 -0.76491 -0.62799
vn -0.14333 -0.76491 -0.62799
vn -0.14333 -0.76491 -0.62799
vn -0.14333 -0.76491 -0.62799
vn -0.14333 -0.76491 -0.62799
vn -0.14333 -0.76491 -0.62799
vn 0.00000 1.00000 0.00000
vn 0.00000 1.00000 0.00000
vn 0.00000 1.00000 0.00000
vn 0.00000 1.00000 0.00000
vn 0.00000 1.00000 0.00000
vn 0.00000 1.00000 0.00000
vn 0.00000 1.00000 0.00000
vn 0.00000 1.00000 0.00000
vn 0.00000 1.00000 0.00000
vn 0.00000 1.00000 0.00000
vn 0.22252 0.00000 -0.97493
vn 0.14333 -0.76491 -0.62799
vn 0.14333 -0.76491 -0.62799
vn 0.14333 -0.76491 -0.62799
vn 0.14333 -0.76491 -0.62799
vn 0.14333 -0.76491 -0.62799
vn 0.14333 -0.76491 -0.62799
vn 0.14333 -0.76491 -0.62799
vn 0.14333 -0.76491 -0.62799
vn 0.00000 1.00000 0.00000
vn 0.00000 1.00000 0.00000
vn 0.00000 1.00000 0.00000
vn 0.00000 1.00000 0.00000
vn 0.00000 1.00000 0.00000
vn 0.00000 1.00000 0.00000
vn 0.00000 1.00000 0.00000
vn 0.00000 1.00000 0.00000
vn 0.00000 1.00000 0.00000
vn 0.00000 1.00000 0.00000
vn 0.62349 0.00000 -0.78183
vn 0.40161 -0.76491 -0.50361
vn 0.40161 -0.76491 -0.50361
vn 0.40161 -0.76491 -0.50361
vn 0.40161 -0.76491 -0.50361
vn 0.40161 -0.76491 -0.50361
vn 0.40161 -0.76491 -0.50361
vn 0.40161 -0.76491 -0.50361
vn 0.40161 -0.76491 -0.50361
vn 0.00000 1.00000 0.00000
vn 0.00000 1.00000 0.00000
vn 0.00000 1.00000 0.00000
vn 0.00000 1.00000 0.00000
vn 0.00000 1.00000 0.00000
vn 0.00000 1.00000 0.00000
vn 0.00000 1.00000 0.00000
vn 0.00000 1.00000 0.00000
vn 0.00000 1.00000 0.00000
vn 0.00000 1.00000 0.00000
vn 0.90097 0.00000 -0.43388
vn 0.58035 -0.76491 -0.27948
vn 0.58035 -0.76491 -0.27948
vn 0.58035 -0.76491 -0.27948
vn 0.58035 -0.76491 -0.27948
vn 0.58035 -0.76491 -0.27948
vn 0.58035 -0.76491 -0.27948
vn 0.58035 -0.76491 -0.27948
vn 0.58035 -0.76491 -0.27948
vn 0.00000 1.00000 0.00000
vn 0.00000 1.00000 0.00000
vn 0.00000 1.00000 0.00000
vn 0.00000 1.00000 0.00000
vn 0.00000 1.00000 0.00000
vn 0.00000 1.00000 0.00000
vn 0.00000 1.00000 0.00000
vn 0.00000 1.00000 0.00000
vn 0.00000 1.00000 0.00000
vn 0.00000 1.00000 0.00000
vn 1.00000 -0.00000 0.00000
vn 0.64414 -0.76491 0.00000
vn 0.64414 -0.76491 0.00000
vn 0.64414 -0.76491 0.00000
vn 0.64414 -0.76491 0.00000
vn 0.64414 -0.76491 0.00000
vn 0.64414 -0.76491 0.00000
vn 0.64414 -0.76491 0.00000
vn 0.64414 -0.76491 0.00000
vn 0.00000 1.00000 0.00000
vn 0.00000 1.00000 0.00000
vn 0.00000 1.00000 0.00000
vn 0.00000 1.00000 0.00000
vn 0.00000 1.00000 0.00000
vn 0.00000 1.00000 0.00000
vn 0.00000 1.00000 0.00000
vn 0.00000 1.00000 0.00000
vn 0.00000 1.00000 0.00000
vn 0.00000 1.00000 0.00000
vn 0.90097 -0.00000 0.43388
vn 0.58035 -0.76491 0.27948
vn 0.58035 -0.76491 0.27948
vn 0.58035 -0.76491 0.27948
vn 0.58035 -0.76491 0.27948
vn 0.58035 -0.76491 0.27948
vn 0.58035 -0.76491 0.27948
vn 0.58035 -0.76491 0.27948
vn 0.58035 -0.76491 0.27948
vn 0.00000 1.00000 0.00000
vn 0.00000 1.00000 0.00000
vn 0.00000 1.00000 0.00000
vn 0.00000 1.00000 0.00000
vn 0.00000 1.00000 0.00000
vn 0.00000 1.00000 0.00000
vn 0.00000 1.00000 0.00000
vn 0.00000 1.00000 0.00000
vn 0.00000 1.00000 0.00000
vn 0.00000 1.00000 0.00000
vn 0.62349 -0.00000 0.78183
vn 0.40161 -0.76491 0.50361
vn 0.40161 -0.76491 0.50361
vn 0.40161 -0.76491 0.50361
vn 0.40161 -0.76491 0.50361
vn 0.40161 -0.76491 0.50361
vn 0.40161 -0.76491 0.50361
vn 0.40161 -0.76491 0.50361
vn 0.40161 -0.76491 0.50361
vn 0.00000 1.00000 0.00000
vn 0.00000 1.00000 0.00000
vn 0.00000 1.00000 0.00000
vn 0.00000 1.00000 0.00000
vn 0.00000 1.00000 0.00000
vn 0.00000 1.00000 0.00000
vn 0.00000 1.00000 0.00000
vn 0.00000 1.00000 0.00000
vn 0.00000 1.00000 0.00000
vn 0.00000 1.00000 0.00000
vn 0.22252 -0.00000 0.97493
vn 0.14333 -0.76491 0.62799
vn 0.14333 -0.76491 0.62799
vn 0.14333 -0.76491 0.62799
vn 0.14333 -0.76491 0.62799
vn 0.14333 -0.76491 0.62799
vn 0.14333 -0.76491 0.62799
vn 0.14333 -0.76491 0.62799
vn 0.14333 -0.76491 0.62799
vn 0.00000 1.00000 0.00000
vn 0.00000 1.00000 0.00000
vn -0.00000 1.00000 0.00000
vn -0.00000 1.00000 0.00000
vn -0.00000 1.00000 0.00000
vn -0.00000 1.00000 0.00000
vn -0.00000 1.00000 0.00000
vn -0.00000 1.00000 0.00000
vn -0.00000 1.00000 0.00000
vn -0.00000 1.00000 0.00000
vn -0.22252 0.00000 0.97493
vn -0.14333 -0.76491 0.62799
vn -0.14333 -0.76491 0.62799
vn -0.14333 -0.76491 0.62799
vn -0.14333 -0.76491 0.62799
vn -0.14333 -0.76491 0.62799
vn -0.14333 -0.76491 0.62799
vn -0.14333 -0.76491 0.62799
vn -0.14333 -0.76491 0.62799
vn 0.00000 1.00000 0.00000
vn 0.00000 1.00000 0.00000
vn -0.00000 1.00000 0.00000
vn -0.00000 1.00000 0.00000
vn -0.00000 1.00000 0.00000
vn -0.00000 1.00000 0.00000
vn -0.00000 1.00000 0.00000
vn -0.00000 1.00000 0.00000
vn -0.00000 1.00000 0.00000
vn -0.00000 1.00000 0.00000
vn -0.62349 0.00000 0.78183
vn -0.40161 -0.76491 0.50361
vn -0.40161 -0.76491 0.50361
vn -0.40161 -0.76491 0.50361
vn -0.40161 -0.76491 0.50361
vn -0.40161 -0.76491 0.50361
vn -0.40161 -0.76491 0.50361
vn -0.40161 -0.76491 0.50361
vn -0.40161 -0.76491 0.50361
vn 0.00000 1.00000 0.00000
vn 0.00000 1.00000 0.00000
vn -0.00000 1.00000 0.00000
vn -0.00000 1.00000 0.00000
vn -0.00000 1.00000 0.00000
vn -0.00000 1.00000 0.00000
vn -0.00000 1.00000 0.00000
vn -0.00000 1.00000 0.00000
vn -0.00000 1.00000 0.00000
vn -0.00000 1.00000 0.00000
vn -0.90097 0.00000 0.43388
vn -0.58035 -0.76491 0.27948
vn -0.58035 -0.76491 0.27948
vn -0.58035 -0.76491 0.27948
vn -0.58035 -0.76491 0.27948
vn -0.58035 -0.76491 0.27948
vn -0.58035 -0.76491 0.27948
vn -0.58035 -0.76491 0.27948
vn -0.58035 -0.76491 0.27948
vn 0.00000 1.00000 0.00000
vn 0.00000 1.00000 0.00000
vn -0.00000 1.00000 0.00000
vn -0.00000 1.00000 0.00000
vn -0.00000 1.00000 0.00000
vn -0.00000 1.00000 0.00000
vn -0.00000 1.00000 0.00000
vn -0.00000 1.00000 0.00000
vn -0.00000 1.00000 0.00000
vn -0.00000 1.00000 0.00000
vn -1.00000 0.00000 0.00314
vn -0.64413 -0.76491 0.00202
vn -0.64413 -0.76491 0.00202
vn -0.64413 -0.76491 0.00202
vn -0.64413 -0.76491 0.00202
vn -0.64413 -0.76491 0.00202
vn -0.64413 -0.76491 0.00202
vn -0.64413 -0.76491 0.00202
vn -0.64413 -0.76491 0.00202
vn 0.00000 1.00000 0.00000
f 1/1/1 56/56/56 57/57/57
f 1/1/1 57/57/57 2/2/2
f 2/2/2 57/57/57 58/58/58
f 2/2/2 58/58/58 3/3/3
f 3/3/3 58/58/58 59/59/59
f 3/3/3 59/59/59 4/4/4
f 4/4/4 59/59/59 60/60/60
f 4/4/4 60/60/60 5/5/5
f 5/5/5 60/60/60 61/61/61
f 5/5/5 61/61/61 6/6/6
f 6/6/6 61/61/61 62/62/62
f 6/6/6 62/62/62 7/7/7
f 7/7/7 62/62/62 63/63/63
f 7/7/7 63/63/63 8/8/8
f 8/8/8 63/63/63 64/64/64
f 8/8/8 64/64/64 9/9/9
f 9/9/9 64/64/64 65/65/65
f 9/9/9 65/65/65 10/10/10
f 10/10/10 65/65/65 66/66/66
f 10/10/10 66/66/66 11/11/11
f 11/11/11 66/66/66 67/67/67
f 11/11/11 67/67/67 12/12/12
f 12/12/12 67/67/67 68/68/68
f 12/12/12 68/68/68 13/13/13
f 13/13/13 68/68/68 69/69/69
f 13/13/13 69/69/69 14/14/14
f 14/14/14 69/69/69 70/70/70
f 14/14/14 70/70/70 15/15/15
f 15/15/15 70/70/70 71/71/71
f 15/15/15 71/71/71 16/16/16
f 16/16/16 71/71/71 72/72/72
f 16/16/16 72/72/72 17/17/17
f 17/17/17 72/72/72 73/73/73
f 17/17/17 73/73/73 18/18/18
f 18/18/18 73/73/73 74/74/74
f 18/18/18 74/74/74 19/19/19
f 19/19/19 74/74/74 75/75/75
f 19/19/19 75/75/75 20/20/20
f 20/20/20 75/75/75 76/76/76
f 20/20/20 76/76/76 21/21/21
f 21/21/21 76/76/76 77/77/77
f 21/21/21 77/77/77 22/22/22
f 22/22/22 77/77/77 78/78/78
f 22/22/22 78/78/78 23/23/23
f 23/23/23 78/78/78 79/79/79
f 23/23/23 79/79/79 24/24/24
f 24/24/24 79/79/79 80/80/80
f 24/24/24 80/80/80 25/25/25
f 25/25/25 80/80/80 81/81/81
f 25/25/25 81/81/81 26/26/26
f 26/26/26 81/81/81 82/82/82
f 26/26/26 82/82/82 27/27/27
f 27/27/27 82/82/82 83/83/83
f 27/27/27 83/83/83 28/28/28
f 28/28/28 83/83/83 84/84/84
f 28/28/28 84/84/84 29/29/29
f 29/29/29 84/84/84 85/85/85
f 29/29/29 85/85/85 30/30/30
f 30/30/30 85/85/85 86/86/86
f 30/30/30 86/86/86 31/31/31
f 31/31/31 86/86/86 87/87/87
f 31/31/31 87/87/87 32/32/32
f 32/32/32 87/87/87 88/88/88
f 32/32/32 88/88/88 33/33/33
f 33/33/33 88/88/88 89/89/89
f 33/33/33 89/89/89 34/34/34
f 34/34/34 89/89/89 90/90/90
f 34/34/34 90/90/90 35/35/35
f 35/35/35 90/90/90 91/91/91
f 35/35/35 91/91/91 36/36/36
f 36/36/36 91/91/91 92/92/92
f 36/36/36 92/92/92 37/37/37
f 37/37/37 92/92/92 93/93/93
f 37/37/37 93/93/93 38/38/38
f 38/38/38 93/93/93 94/94/94
f 38/38/38 94/94/94 39/39/39
f 39/39/39 94/94/94 95/95/95
f 39/39/39 95/95/95 40/40/40
f 40/40/40 95/95/95 96/96/96
f 40/40/40 96/96/96 41/41/41
f 41/41/41 96/96/96 97/97/97
f 41/41/41 97/97/97 42/42/42
f 42/42/42 97/97/97 98/98/98
f 42/42/42 98/98/98 43/43/43
f 43/43/43 98/98/98 99/99/99
f 43/43/43 99/99/99 44/44/44
f 44/44/44 99/99/99 100/100/100
f 44/44/44 100/100/100 45/45/45
f 45/45/45 100/100/100 101/101/101
f 45/45/45 101/101/101 46/46/46
f 46/46/46 101/101/101 102/102/102
f 46/46/46 102/102/102 47/47/47
f 47/47/47 102/102/102 103/103/103
f 47/47/47 103/103/103 48/48/48
f 48/48/48 103/103/103 104/104/104
f 48/48/48 104/104/104 49/49/49
f 49/49/49 104/104/104 105/105/105
f 49/49/49 105/105/105 50/50/50
f 50/50/50 105/105/105 106/106/106
f 50/50/50 106/106/106 51/51/51
f 51/51/51 106/106/106 107/107/107
f 51/51/51 107/107/107 52/52/52
f 52/52/52 107/107/107 108/108/108
f 52/52/52 108/108/108 53/53/53
f 53/53/53 108/108/108 109/109/109
f 53/53/53 109/109/109 54/54/54
f 54/54/54 109/109/109 110/110/110
f 54/54/54 110/110/110 55/55/55
f 56/56/56 111/111/111 112/112/112
f 56/56/56 112/112/112 57/57/57
f 57/57/57 112/112/112 113/113/113
f 57/57/57 113/113/113 58/58/58
f 58/58/58 113/113/113 114/114/114
f 58/58/58 114/114/114 59/59/59
f 59/59/59 114/114/114 115/115/115
f 59/59/59 115/115/115 60/60/60
f 60/60/60 115/115/115 116/116/116
f 60/60/60 116/116/116 61/61/61
f 61/61/61 116/116/116 117/117/117
f 61/61/61 117/117/117 62/62/62
f 62/62/62 117/117/117 118/118/118
f 62/62/62 118/118/118 63/63/63
f 63/63/63 118/118/118 119/119/119
f 63/63/63 119/119/119 64/64/64
f 64/64/64 119/119/119 120/120/120
f 64/64/64 120/120/120 65/65/65
f 65/65/65 120/120/120 121/121/121
f 65/65/65 121/121/121 66/66/66
f 66/66/66 121/121/121 122/122/122
f 66/66/66 122/122/122 67/67/67
f 67/67/67 122/122/122 123/123/123
f 67/67/67 123/123/123 68/68/68
f 68/68/68 123/123/123 124/124/124
f 68/68/68 124/124/124 69/69/69
f 69/69/69 124/124/124 125/125/125
f 69/69/69 125/125/125 70/70/70
f 70/70/70 125/125/125 126/126/126
f 70/70/70 126/126/126 71/71/71
f 71/71/71 126/126/126 127/127/127
f 71/71/71 127/127/127 72/72/72
f 72/72/72 127/127/127 128/128/128
f 72/72/72 128/128/128 73/73/73
f 73/73/73 128/128/128 129/129/129
f 73/73/73 129/129/129 74/74/74
f 74/74/74 129/129/129 130/130/130
f 74/74/74 130/130/130 75/75/75
f 75/75/75 130/130/130 131/131/131
f 75/75/75 131/131/131 76/76/76
f 76/76/76 131/131/131 132/132/132
f 76/76/76 132/132/132 77/77/77
f 77/77/77 132/132/132 133/133/133
f 77/77/77 133/133/133 78/78/78
f 78/78/78 133/133/133 134/134/134
f 78/78/78 134/134/134 79/79/79
f 79/79/79 134/134/134 135/135/135
f 79/79/79 135/135/135 80/80/80
f 80/80/80 135/135/135 136/136/136
f 80/80/80 136/136/136 81/81/81
f 81/81/81 136/136/136 137/137/137
f 81/81/81 137/137/137 82/82/82
f 82/82/82 137/137/137 138/138/138
f 82/82/82 138/138/138 83/83/83
f 83/83/83 138/138/138 139/139/139
f 83/83/83 139/139/139 84/84/84
f 84/84/84 139/139/139 140/140/140
f 84/84/84 140/140/140 85/85/85
f 85/85/85 140/140/140 141/141/141
f 85/85/85 141/141/141 86/86/86
f 86/86/86 141/141/141 142/142/142
f 86/86/86 142/142/142 87/87/87
f 87/87/87 142/142/142 143/143/143
f 87/87/87 143/143/143 88/88/88
f 88/88/88 143/143/143 144/144/144
f 88/88/88 144/144/144 89/89/89
f 89/89/89 144/144/144 145/145/145
f 89/89/89 145/145/145 90/90/90
f 90/90/90 145/145/145 146/146/146
f 90/90/90 146/146/146 91/91/91
f 91/91/91 146/146/146 147/147/147
f 91/91/91 147/147/147 92/92/92
f 92/92/92 147/147/147 148/148/148
f 92/92/92 148/148/148 93/93/93
f 93/93/93 148/148/148 149/149/149
f 93/93/93 149/149/149 94/94/94
f 94/94/94 149/149/149 150/150/150
f 94/94/94 150/150/150 95/95/95
f 95/95/95 150/150/150 151/151/151
f 95/95/95 151/151/151 96/96/96
f 96/96/96 151/151/151 152/152/152
f 96/96/96 152/152/152 97/97/97
f 97/97/97 152/152/152 153/153/153
f 97/97/97 153/153/153 98/98/98
f 98/98/98 153/153/153 154/154/154
f 98/98/98 154/154/154 99/99/99
f 99/99/99 154/154/154 155/155/155
f 99/99/99 155/155/155 100/100/100
f 100/100/100 155/155/155 156/156/156
f 100/100/100 156/156/156 101/101/101
f 101/101/101 156/156/156 157/157/157
f 101/101/101 157/157/157 102/102/102
f 102/102/102 157/157/157 158/158/158
f 102/102/102 158/158/158 103/103/103
f 103/103/103 158/158/158 159/159/159
f 103/103/103 159/159/159 104/104/104
f 104/104/104 159/159/159 160/160/160
f 104/104/104 160/160/160 105/105/105
f 105/105/105 160/160/160 161/161/161
f 105/105/105 161/161/161 106/106/106
f 106/106/106 161/161/161 162/162/162
f 106/106/106 162/162/162 107/107/107
f 107/107/107 162/162/162 163/163/163
f 107/107/107 163/163/163 108/108/108
f 108/108/108 163/163/163 164/164/164
f 108/108/108 164/164/164 109/109/109
f 109/109/109 164/164/164 165/165/165
f 109/109/109 165/165/165 110/110/110
f 111/111/111 166/166/166 167/167/167
f 111/111/111 167/167/167 112/112/112
f 112/112/112 167/167/167 168/168/168
f 112/112/112 168/168/168 113/113/113
f 113/113/113 168/168/168 169/169/169
f 113/113/113 169/169/169 114/114/114
f 114/114/114 169/169/169 170/170/170
f 114/114/114 170/170/170 115/115/115
f 115/115/115 170/170/170 171/171/171
f 115/115/115 171/171/171 116/116/116
f 116/116/116 171/171/171 172/172/172
f 116/116/116 172/172/172 117/117/117
f 117/117/117 172/172/172 173/173/173
f 117/117/117 173/173/173 118/118/118
f 118/118/118 173/173/173 174/174/174
f 118/118/118 174/174/174 119/119/119
f 119/119/119 174/174/174 175/175/175
f 119/119/119 175/175/175 120/120/120
f 120/120/120 175/175/175 176/176/176
f 120/120/120 176/176/176 121/121/121
f 121/121/121 176/176/176 177/177/177
f 121/121/121 177/177/177 122/122/122
f 122/122/122 177/177/177 178/178/178
f 122/122/122 178/178/178 123/123/123
f 123/123/123 178/178/178 179/179/179
f 123/123/123 179/179/179 124/124/124
f 124/124/124 179/179/179 180/180/180
f 124/124/124 180/180/180 125/125/125
f 125/125/125 180/180/180 181/181/181
f 125/125/125 181/181/181 126/126/126
f 126/126/126 181/181/181 182/182/182
f 126/126/126 182/182/182 127/127/127
f 127/127/127 182/182/182 183/183/183
f 127/127/127 183/183/183 128/128/128
f 128/128/128 183/183/183 184/184/184
f 128/128/128 184/184/184 129/129/129
f 129/129/129 184/184/184 185/185/185
f 129/129/129 185/185/185 130/130/130
f 130/130/130 185/185/185 186/186/186
f 130/130/130 186/186/186 131/131/131
f 131/131/131 186/186/186 187/187/187
f 131/131/131 187/187/187 132/132/132
f 132/132/132 187/187/187 188/188/188
f 132/132/132 188/188/188 133/133/133
f 133/133/133 188/188/188 189/189/189
f 133/133/133 189/189/189 134/134/134
f 134/134/134 189/189/189 190/190/190
f 134/134/134 190/190/190 135/135/135
f 135/135/135 190/190/190 191/191/191
f 135/135/135 191/191/191 136/136/136
f 136/136/136 191/191/191 192/192/192
f 136/136/136 192/192/192 137/137/137
f 137/137/137 192/192/192 193/193/193
f 137/137/137 193/193/193 138/138/138
f 138/138/138 193/193/193 194/194/194
f 138/138/138 194/194/194 139/139/139
f 139/139/139 194/194/194 195/195/195
f 139/139/139 195/195/195 140/140/140
f 140/140/140 195/195/195 196/196/196
f 140/140/140 196/196/196 141/141/141
f 141/141/141 196/196/196 197/197/197
f 141/141/141 197/197/197 142/142/142
f 142/142/142 197/197/197 198/198/198
f 142/142/142 198/198/198 143/143/143
f 143/143/143 198/198/198 199/199/199
f 143/143/143 199/199/199 144/144/144
f 144/144/144 199/199/199 200/200/200
f 144/144/144 200/200/200 145/145/145
f 145/145/145 200/200/200 201/201/201
f 145/145/145 201/201/201 146/146/146
f 146/146/146 201/201/201 202/202/202
f 146/146/146 202/202/202 147/147/147
f 147/147/147 202/202/202 203/203/203
f 147/147/147 203/203/203 148/148/148
f 148/148/148 203/203/203 204/204/204
f 148/148/148 204/204/204 149/149/149
f 149/149/149 204/204/204 205/205/205
f 149/149/149 205/205/205 150/150/150
f 150/150/150 205/205/205 206/206/206
f 150/150/150 206/206/206 151/151/151
f 151/151/151 206/206/206 207/207/207
f 151/151/151 207/207/207 152/152/152
f 152/152/152 207/207/207 208/208/208
f 152/152/152 208/208/208 153/153/153
f 153/153/153 208/208/208 209/209/209
f 153/153/153 209/209/209 154/154/154
f 154/154/154 209/209/209 210/210/210
f 154/154/154 210/210/210 155/155/155
f 155/155/155 210/210/210 211/211/211
f 155/155/155 211/211/211 156/156/156
f 156/156/156 211/211/211 212/212/212
f 156/156/156 212/212/212 157/157/157
f 157/157/157 212/212/212 213/213/213
f 157/157/157 213/213/213 158/158/158
f 158/158/158 213/213/213 214/214/214
f 158/158/158 214/214/214 159/159/159
f 159/159/159 214/214/214 215/215/215
f 159/159/159 215/215/215 160/160/160
f 160/160/160 215/215/215 216/216/216
f 160/160/160 216/216/216 161/161/161
f 161/161/161 216/216/216 217/217/217
f 161/161/161 217/217/217 162/162/162
f 162/162/162 217/217/217 218/218/218
f 162/162/162 218/218/218 163/163/163
f 163/163/163 218/218/218 219/219/219
f 163/163/163 219/219/219 164/164/164
f 164/164/164 219/219/219 220/220/220
f 164/164/164 220/220/220 165/165/165
f 166/166/166 221/221/221 222/222/222
f 166/166/166 222/222/222 167/167/167
f 167/167/167 222/222/222 223/223/223
f 167/167/167 223/223/223 168/168/168
f 168/168/168 223/223/223 224/224/224
f 168/168/168 224/224/224 169/169/169
f 169/169/169 224/224/224 225/225/225
f 169/169/169 225/225/225 170/170/170
f 170/170/170 225/225/225 226/226/226
f 170/170/170 226/226/226 171/171/171
f 171/171/171 226/226/226 227/227/227
f 171/171/171 227/227/227 172/172/172
f 172/172/172 227/227/227 228/228/228
f 172/172/172 228/228/228 173/173/173
f 173/173/173 228/228/228 229/229/229
f 173/173/173 229/229/229 174/174/174
f 174/174/174 229/229/229 230/230/230
f 174/174/174 230/230/230 175/175/175
f 175/175/175 230/230/230 231/231/231
f 175/175/175 231/231/231 176/176/176
f 176/176/176 231/231/231 232/232/232
f 176/176/176 232/232/232 177/177/177
f 177/177/177 232/232/232 233/233/233
f 177/177/177 233/233/233 178/178/178
f 178/178/178 233/233/233 234/234/234
f 178/178/178 234/234/234 179/179/179
f 179/179/179 234/234/234 235/235/235
f 179/179/179 235/235/235 180/180/180
f 180/180/180 235/235/235 236/236/236
f 180/180/180 236/236/236 181/181/181
f 181/181/181 236/236/236 237/237/237
f 181/181/181 237/237/237 182/182/182
f 182/182/182 237/237/237 238/238/238
f 182/182/182 238/238/238 183/183/183
f 183/183/183 238/238/238 239/239/239
f 183/183/183 239/239/239 184/184/184
f 184/184/184 239/239/239 240/240/240
f 184/184/184 240/240/240 185/185/185
f 185/185/185 240/240/240 241/241/241
f 185/185/185 241/241/241 186/186/186
f 186/186/186 241/241/241 242/242/242
f 186/186/186 242/242/242 187/187/187
f 187/187/187 242/242/242 243/243/243
f 187/187/187 243/243/243 188/188/188
f 188/188/188 243/243/243 244/244/244
f 188/188/188 244/244/244 189/189/189
f 189/189/189 244/244/244 245/245/245
f 189/189/189 245/245/245 190/190/190
f 190/190/190 245/245/245 246/246/246
f 190/190/190 246/246/246 191/191/191
f 191/191/191 246/246/246 247/247/247
f 191/191/191 247/247/247 192/192/192
f 192/192/192 247/247/247 248/248/248
f 192/192/192 248/248/248 193/193/193
f 193/193/193 248/248/248 249/249/249
f 193/193/193 249/249/249 194/194/194
f 194/194/194 249/249/249 250/250/250
f 194/194/194 250/250/250 195/195/195
f 195/195/195 250/250/250 251/251/251
f 195/195/195 251/251/251 196/196/196
f 196/196/196 251/251/251 252/252/252
f 196/196/196 252/252/252 197/197/197
f 197/197/197 252/252/252 253/253/253
f 197/197/197 253/253/253 198/198/198
f 198/198/198 253/253/253 254/254/254
f 198/198/198 254/254/254 199/199/199
f 199/199/199 254/254/254 255/255/255
f 199/199/199 255/255/255 200/200/200
f 200/200/200 255/255/255 256/256/256
f 200/200/200 256/256/256 201/201/201
f 201/201/201 256/256/256 257/257/257
f 201/201/201 257/257/257 202/202/202
f 202/202/202 257/257/257 258/258/258
f 202/202/202 258/258/258 203/203/203
f 203/203/203 258/258/258 259/259/259
f 203/203/203 259/259/259 204/204/204
f 204/204/204 259/259/259 260/260/260
f 204/204/204 260/260/260 205/205/205
f 205/205/205 260/260/260 261/261/261
f 205/205/205 261/261/261 206/206/206
f 206/206/206 261/261/261 262/262/262
f 206/206/206 262/262/262 207/207/207
f 207/207/207 262/262/262 263/263/263
f 207/207/207 263/263/263 208/208/208
f 208/208/208 263/263/263 264/264/264
f 208/208/208 264/264/264 209/209/209
f 209/209/209 264/264/264 265/265/265
f 209/209/209 265/265/265 210/210/210
f 210/210/210 265/265/265 266/266/266
f 210/210/210 266/266/266 211/211/211
f 211/211/211 266/266/266 267/267/267
f 211/211/211 267/267/267 212/212/212
f 212/212/212 267/267/267 268/268/268
f 212/212/212 268/268/268 213/213/213
f 213/213/213 268/268/268 269/269/269
f 213/213/213 269/269/269 214/214/214
f 214/214/214 269/269/269 270/270/270
f 214/214/214 270/270/270 215/215/215
f 215/215/215 270/270/270 271/271/271
f 215/215/215 271/271/271 216/216/216
f 216/216/216 271/271/271 272/272/272
f 216/216/216 272/272/272 217/217/217
f 217/217/217 272/272/272 273/273/273
f 217/217/217 273/273/273 218/218/218
f 218/218/218 273/273/273 274/274/274
f 218/218/218 274/274/274 219/219/219
f 219/219/219 274/274/274 275/275/275
f 219/219/219 275/275/275 220/220/220
f 221/221/221 276/276/276 277/277/277
f 221/221/221 277/277/277 222/222/222
f 222/222/222 277/277/277 278/278/278
f 222/222/222 278/278/278 223/223/223
f 223/223/223 278/278/278 279/279/279
f 223/223/223 279/279/279 224/224/224
f 224/224/224 279/279/279 280/280/280
f 224/224/224 280/280/280 225/225/225
f 225/225/225 280/280/280 281/281/281
f 225/225/225 281/281/281 226/226/226
f 226/226/226 281/281/281 282/282/282
f 226/226/226 282/282/282 227/227/227
f 227/227/227 282/282/282 283/283/283
f 227/227/227 283/283/283 228/228/228
f 228/228/228 283/283/283 284/284/284
f 228/228/228 284/284/284 229/229/229
f 229/229/229 284/284/284 285/285/285
f 229/229/229 285/285/285 230/230/230
f 230/230/230 285/285/285 286/286/286
f 230/230/230 286/286/286 231/231/231
f 231/231/231 286/286/286 287/287/287
f 231/231/231 287/287/287 232/232/232
f 232/232/232 287/287/287 288/288/288
f 232/232/232 288/288/288 233/233/233
f 233/233/233 288/288/288 289/289/289
f 233/233/233 289/289/289 234/234/234
f 234/234/234 289/289/289 290/290/290
f 234/234/234 290/290/290 235/235/235
f 235/235/235 290/290/290 291/291/291
f 235/235/235 291/291/291 236/236/236
f 236/236/236 291/291/291 292/292/292
f 236/236/236 292/292/292 237/237/237
f 237/237/237 292/292/292 293/293/293
f 237/237/237 293/293/293 238/238/238
f 238/238/238 293/293/293 294/294/294
f 238/238/238 294/294/294 239/239/239
f 239/239/239 294/294/294 295/295/295
f 239/239/239 295/295/295 240/240/240
f 240/240/240 295/295/295 296/296/296
f 240/240/240 296/296/296 241/241/241
f 241/241/241 296/296/296 297/297/297
f 241/241/241 297/297/297 242/242/242
f 242/242/242 297/297/297 298/298/298
f 242/242/242 298/298/298 243/243/243
f 243/243/243 298/298/298 299/299/299
f 243/243/243 299/299/299 244/244/244
f 244/244/244 299/299/299 300/300/300
f 244/244/244 300/300/300 245/245/245
f 245/245/245 300/300/300 301/301/301
f 245/245/245 301/301/301 246/246/246
f 246/246/246 301/301/301 302/302/302
f 246/246/246 302/302/302 247/247/247
f 247/247/247 302/302/302 303/303/303
f 247/247/247 303/303/303 248/248/248
f 248/248/248 303/303/303 304/304/304
f 248/248/248 304/304/304 249/249/249
f 249/249/249 304/304/304 305/305/305
f 249/249/249 305/305/305 250/250/250
f 250/250/250 305/305/305 306/306/306
f 250/250/250 306/306/306 251/251/251
f 251/251/251 306/306/306 307/307/307
f 251/251/251 307/307/307 252/252/252
f 252/252/252 307/307/307 308/308/308
f 252/252/252 308/308/308 253/253/253
f 253/253/253 308/308/308 309/309/309
f 253/253/253 309/309/309 254/254/254
f 254/254/254 309/309/309 310/310/310
f 254/254/254 310/310/310 255/255/255
f 255/255/255 310/310/310 311/311/311
f 255/255/255 311/311/311 256/256/256
f 256/256/256 311/311/311 312/312/312
f 256/256/256 312/312/312 257/257/257
f 257/257/257 312/312/312 313/313/313
f 257/257/257 313/313/313 258/258/258
f 258/258/258 313/313/313 314/314/314
f 258/258/258 314/314/314 259/259/259
f 259/259/259 314/314/314 315/315/315
f 259/259/259 315/315/315 260/260/260
f 260/260/260 315/315/315 316/316/316
f 260/260/260 316/316/316 261/261/261
f 261/261/261 316/316/316 317/317/317
f 261/261/261 317/317/317 262/262/262
f 262/262/262 317/317/317 318/318/318
f 262/262/262 318/318/318 263/263/263
f 263/263/263 318/318/318 319/319/319
f 263/263/263 319/319/319 264/264/264
f 264/264/264 319/319/319 320/320/320
f 264/264/264 320/320/320 265/265/265
f 265/265/265 320/320/320 321/321/321
f 265/265/265 321/321/321 266/266/266
f 266/266/266 321/321/321 322/322/322
f 266/266/266 322/322/322 267/267/267
f 267/267/267 322/322/322 323/323/323
f 267/267/267 323/323/323 268/268/268
f 268/268/268 323/323/323 324/324/324
f 268/268/268 324/324/324 269/269/269
f 269/269/269 324/324/324 325/325/325
f 269/269/269 325/325/325 270/270/270
f 270/270/270 325/325/325 326/326/326
f 270/270/270 326/326/326 271/271/271
f 271/271/271 326/326/326 327/327/327
f 271/271/271 327/327/327 272/272/272
f 272/272/272 327/327/327 328/328/328
f 272/272/272 328/328/328 273/273/273
f 273/273/273 328/328/328 329/329/329
f 273/273/273 329/329/329 274/274/274
f 274/274/274 329/329/329 330/330/330
f 274/274/274 330/330/330 275/275/275
f 276/276/276 331/331/331 332/332/332
f 276/276/276 332/332/332 277/277/277
f 277/277/277 332/332/332 333/333/333
f 277/277/277 333/333/333 278/278/278
f 278/278/278 333/333/333 334/334/334
f 278/278/278 334/334/334 279/279/279
f 279/279/279 334/334/334 335/335/335
f 279/279/279 335/335/335 280/280/280
f 280/280/280 335/335/335 336/336/336
f 280/280/280 336/336/336 281/281/281
f 281/281/281 336/336/336 337/337/337
f 281/281/281 337/337/337 282/282/282
f 282/282/282 337/337/337 338/338/338
f 282/282/282 338/338/338 283/283/283
f 283/283/283 338/338/338 339/339/339
f 283/283/283 339/339/339 284/284/284
f 284/284/284 339/339/339 340/340/340
f 284/284/284 340/340/340 285/285/285
f 285/285/285 340/340/340 341/341/341
f 285/285/285 341/341/341 286/286/286
f 286/286/286 341/341/341 342/342/342
f 286/286/286 342/342/342 287/287/287
f 287/287/287 342/342/342 343/343/343
f 287/287/287 343/343/343 288/288/288
f 288/288/288 343/343/343 344/344/344
f 288/288/288 344/344/344 289/289/289
f 289/289/289 344/344/344 345/345/345
f 289/289/289 345/345/345 290/290/290
f 290/290/290 345/345/345 346/346/346
f 290/290/290 346/346/346 291/291/291
f 291/291/291 346/346/346 347/347/347
f 291/291/291 347/347/347 292/292/292
f 292/292/292 347/347/347 348/348/348
f 292/292/292 348/348/348 293/293/293
f 293/293/293 348/348/348 349/349/349
f 293/293/293 349/349/349 294/294/294
f 294/294/294 349/349/349 350/350/350
f 294/294/294 350/350/350 295/295/295
f 295/295/295 350/350/350 351/351/351
f 295/295/295 351/351/351 296/296/296
f 296/296/296 351/351/351 352/352/352
f 296/296/296 352/352/352 297/297/297
f 297/297/297 352/352/352 353/353/353
f 297/297/297 353/353/353 298/298/298
f 298/298/298 353/353/353 354/354/354
f 298/298/298 354/354/354 299/299/299
f 299/299/299 354/354/354 355/355/355
f 299/299/299 355/355/355 300/300/300
f 300/300/300 355/355/355 356/356/356
f 300/300/300 356/356/356 301/301/301
f 301/301/301 356/356/356 357/357/357
f 301/301/301 357/357/357 302/302/302
f 302/302/302 357/357/357 358/358/358
f 302/302/302 358/358/358 303/303/303
f 303/303/303 358/358/358 359/359/359
f 303/303/303 359/359/359 304/304/304
f 304/304/304 359/359/359 360/360/360
f 304/304/304 360/360/360 305/305/305
f 305/305/305 360/360/360 361/361/361
f 305/305/305 361/361/361 306/306/306
f 306/306/306 361/361/361 362/362/362
f 306/306/306 362/362/362 307/307/307
f 307/307/307 362/362/362 363/363/363
f 307/307/307 363/363/363 308/308/308
f 308/308/308 363/363/363 364/364/364
f 308/308/308 364/364/364 309/309/309
f 309/309/309 364/364/364 365/365/365
f 309/309/309 365/365/365 310/310/310
f 310/310/310 365/365/365 366/366/366
f 310/310/310 366/366/366 311/311/311
f 311/311/311 366/366/366 367/367/367
f 311/311/311 367/367/367 312/312/312
f 312/312/312 367/367/367 368/368/368
f 312/312/312 368/368/368 313/313/313
f 313/313/313 368/368/368 369/369/369
f 313/313/313 369/369/369 314/314/314
f 314/314/314 369/369/369 370/370/370
f 314/314/314 370/370/370 315/315/315
f 315/315/315 370/370/370 371/371/371
f 315/315/315 371/371/371 316/316/316
f 316/316/316 371/371/371 372/372/372
f 316/316/316 372/372/372 317/317/317
f 317/317/317 372/372/372 373/373/373
f 317/317/317 373/373/373 318/318/318
f 318/318/318 373/373/373 374/374/374
f 318/318/318 374/374/374 319/319/319
f 319/319/319 374/374/374 375/375/375
f 319/319/319 375/375/375 320/320/320
f 320/320/320 375/375/375 376/376/376
f 320/320/320 376/376/376 321/321/321
f 321/321/321 376/376/376 377/377/377
f 321/321/321 377/377/377 322/322/322
f 322/322/322 377/377/377 378/378/378
f 322/322/322 378/378/378 323/323/323
f 323/323/323 378/378/378 379/379/379
f 323/323/323 379/379/379 324/324/324
f 324/324/324 379/379/379 380/380/380
f 324/324/324 380/380/380 325/325/325
f 325/325/325 380/380/380 381/381/381
f 325/325/325 381/381/381 326/326/326
f 326/326/326 381/381/381 382/382/382
f 326/326/326 382/382/382 327/327/327
f 327/327/327 382/382/382 383/383/383
f 327/327/327 383/383/383 328/328/328
f 328/328/328 383/383/383 384/384/384
f 328/328/328 384/384/384 329/329/329
f 329/329/329 384/384/384 385/385/385
f 329/329/329 385/385/385 330/330/330
f 331/331/331 386/386/386 387/387/387
f 331/331/331 387/387/387 332/332/332
f 332/332/332 387/387/387 388/388/388
f 332/332/332 388/388/388 333/333/333
f 333/333/333 388/388/388 389/389/389
f 333/333/333 389/389/389 334/334/334
f 334/334/334 389/389/389 390/390/390
f 334/334/334 390/390/390 335/335/335
f 335/335/335 390/390/390 391/391/391
f 335/335/335 391/391/391 336/336/336
f 336/336/336 391/391/391 392/392/392
f 336/336/336 392/392/392 337/337/337
f 337/337/337 392/392/392 393/393/393
f 337/337/337 393/393/393 338/338/338
f 338/338/338 393/393/393 394/394/394
f 338/338/338 394/394/394 339/339/339
f 339/339/339 394/394/394 395/395/395
f 339/339/339 395/395/395 340/340/340
f 340/340/340 395/395/395 396/396/396
f 340/340/340 396/396/396 341/341/341
f 341/341/341 396/396/396 397/397/397
f 341/341/341 397/397/397 342/342/342
f 342/342/342 397/397/397 398/398/398
f 342/342/342 398/398/398 343/343/343
f 343/343/343 398/398/398 399/399/399
f 343/343/343 399/399/399 344/344/344
f 344/344/344 399/399/399 400/400/400
f 344/344/344 400/400/400 345/345/345
f 345/345/345 400/400/400 401/401/401
f 345/345/345 401/401/401 346/346/346
f 346/346/346 401/401/401 402/402/402
f 346/346/346 402/402/402 347/347/347
f 347/347/347 402/402/402 403/403/403
f 347/347/347 403/403/403 348/348/348
f 348/348/348 403/403/403 404/404/404
f 348/348/348 404/404/404 349/349/349
f 349/349/349 404/404/404 405/405/405
f 349/349/349 405/405/405 350/350/350
f 350/350/350 405/405/405 406/406/406
f 350/350/350 406/406/406 351/351/351
f 351/351/351 406/406/406 407/407/407
f 351/351/351 407/407/407 352/352/352
f 352/352/352 407/407/407 408/408/408
f 352/352/352 408/408/408 353/353/353
f 353/353/353 408/408/408 409/409/409
f 353/353/353 409/409/409 354/354/354
f 354/354/354 409/409/409 410/410/410
f 354/354/354 410/410/410 355/355/355
f 355/355/355 410/410/410 411/411/411
f 355/355/355 411/411/411 356/356/356
f 356/356/356 411/411/411 412/412/412
f 356/356/356 412/412/412 357/357/357
f 357/357/357 412/412/412 413/413/413
f 357/357/357 413/413/413 358/358/358
f 358/358/358 413/413/413 414/414/414
f 358/358/358 414/414/414 359/359/359
f 359/359/359 414/414/414 415/415/415
f 359/359/359 415/415/415 360/360/360
f 360/360/360 415/415/415 416/416/416
f 360/360/360 416/416/416 361/361/361
f 361/361/361 416/416/416 417/417/417
f 361/361/361 417/417/417 362/362/362
f 362/362/362 417/417/417 418/418/418
f 362/362/362 418/418/418 363/363/363
f 363/363/363 418/418/418 419/419/419
f 363/363/363 419/419/419 364/364/364
f 364/364/364 419/419/419 420/420/420
f 364/364/364 420/420/420 365/365/365
f 365/365/365 420/420/420 421/421/421
f 365/365/365 421/421/421 366/366/366
f 366/366/366 421/421/421 422/422/422
f 366/366/366 422/422/422 367/367/367
f 367/367/367 422/422/422 423/423/423
f 367/367/367 423/423/423 368/368/368
f 368/368/368 423/423/423 424/424/424
f 368/368/368 424/424/424 369/369/369
f 369/369/369 424/424/424 425/425/425
f 369/369/369 425/425/425 370/370/370
f 370/370/370 425/425/425 426/426/426
f 370/370/370 426/426/426 371/371/371
f 371/371/371 426/426/426 427/427/427
f 371/371/371 427/427/427 372/372/372
f 372/372/372 427/427/427 428/428/428
f 372/372/372 428/428/428 373/373/373
f 373/373/373 428/428/428 429/429/429
f 373/373/373 429/429/429 374/374/374
f 374/374/374 429/429/429 430/430/430
f 374/374/374 430/430/430 375/375/375
f 375/375/375 430/430/430 431/431/431
f 375/375/375 431/431/431 376/376/376
f 376/376/376 431/431/431 432/432/432
f 376/376/376 432/432/432 377/377/377
f 377/377/377 432/432/432 433/433/433
f 377/377/377 433/433/433 378/378/378
f 378/378/378 433/433/433 434/434/434
f 378/378/378 434/434/434 379/379/379
f 379/379/379 434/434/434 435/435/435
f 379/379/379 435/435/435 380/380/380
f 380/380/380 435/435/435 436/436/436
f 380/380/380 436/436/436 381/381/381
f 381/381/381 436/436/436 437/437/437
f 381/381/381 437/437/437 382/382/382
f 382/382/382 437/437/437 438/438/438
f 382/382/382 438/438/438 383/383/383
f 383/383/383 438/438/438 439/439/439
f 383/383/383 439/439/439 384/384/384
f 384/384/384 439/439/439 440/440/440
f 384/384/384 440/440/440 385/385/385
f 386/386/386 441/441/441 442/442/442
f 386/386/386 442/442/442 387/387/387
f 387/387/387 442/442/442 443/443/443
f 387/387/387 443/443/443 388/388/388
f 388/388/388 443/443/443 444/444/444
f 388/388/388 444/444/444 389/389/389
f 389/389/389 444/444/444 445/445/445
f 389/389/389 445/445/445 390/390/390
f 390/390/390 445/445/445 446/446/446
f 390/390/390 446/446/446 391/391/391
f 391/391/391 446/446/446 447/447/447
f 391/391/391 447/447/447 392/392/392
f 392/392/392 447/447/447 448/448/448
f 392/392/392 448/448/448 393/393/393
f 393/393/393 448/448/448 449/449/449
f 393/393/393 449/449/449 394/394/394
f 394/394/394 449/449/449 450/450/450
f 394/394/394 450/450/450 395/395/395
f 395/395/395 450/450/450 451/451/451
f 395/395/395 451/451/451 396/396/396
f 396/396/396 451/451/451 452/452/452
f 396/396/396 452/452/452 397/397/397
f 397/397/397 452/452/452 453/453/453
f 397/397/397 453/453/453 398/398/398
f 398/398/398 453/453/453 454/454/454
f 398/398/398 454/454/454 399/399/399
f 399/399/399 454/454/454 455/455/455
f 399/399/399 455/455/455 400/400/400
f 400/400/400 455/455/455 456/456/456
f 400/400/400 456/456/456 401/401/401
f 401/401/401 456/456/456 457/457/457
f 401/401/401 457/457/457 402/402/402
f 402/402/402 457/457/457 458/458/458
f 402/402/402 458/458/458 403/403/403
f 403/403/403 458/458/458 459/459/459
f 403/403/403 459/459/459 404/404/404
f 404/404/404 459/459/459 460/460/460
f 404/404/404 460/460/460 405/405/405
f 405/405/405 460/460/460 461/461/461
f 405/405/405 461/461/461 406/406/406
f 406/406/406 461/461/461 462/462/462
f 406/406/406 462/462/462 407/407/407
f 407/407/407 462/462/462 463/463/463
f 407/407/407 463/463/463 408/408/408
f 408/408/408 463/463/463 464/464/464
f 408/408/408 464/464/464 409/409/409
f 409/409/409 464/464/464 465/465/465
f 409/409/409 465/465/465 410/410/410
f 410/410/410 465/465/465 466/466/466
f 410/410/410 466/466/466 411/411/411
f 411/411/411 466/466/466 467/467/467
f 411/411/411 467/467/467 412/412/412
f 412/412/412 467/467/467 468/468/468
f 412/412/412 468/468/468 413/413/413
f 413/413/413 468/468/468 469/469/469
f 413/413/413 469/469/469 414/414/414
f 414/414/414 469/469/469 470/470/470
f 414/414/414 470/470/470 415/415/415
f 415/415/415 470/470/470 471/471/471
f 415/415/415 471/471/471 416/416/416
f 416/416/416 471/471/471 472/472/472
f 416/416/416 472/472/472 417/417/417
f 417/417/417 472/472/472 473/473/473
f 417/417/417 473/473/473 418/418/418
f 418/418/418 473/473/473 474/474/474
f 418/418/418 474/474/474 419/419/419
f 419/419/419 474/474/474 475/475/475
f 419/419/419 475/475/475 420/420/420
f 420/420/420 475/475/475 476/476/476
f 420/420/420 476/476/476 421/421/421
f 421/421/421 476/476/476 477/477/477
f 421/421/421 477/477/477 422/422/422
f 422/422/422 477/477/477 478/478/478
f 422/422/422 478/478/478 423/423/423
f 423/423/423 478/478/478 479/479/479
f 423/423/423 479/479/479 424/424/424
f 424/424/424 479/479/479 480/480/480
f 424/424/424 480/480/480 425/425/425
f 425/425/425 480/480/480 481/481/481
f 425/425/425 481/481/481 426/426/426
f 426/426/426 481/481/481 482/482/482
f 426/426/426 482/482/482 427/427/427
f 427/427/427 482/482/482 483/483/483
f 427/427/427 483/483/483 428/428/428
f 428/428/428 483/483/483 484/484/484
f 428/428/428 484/484/484 429/429/429
f 429/429/429 484/484/484 485/485/485
f 429/429/429 485/485/485 430/430/430
f 430/430/430 485/485/485 486/486/486
f 430/430/430 486/486/486 431/431/431
f 431/431/431 486/486/486 487/487/487
f 431/431/431 487/487/487 432/432/432
f 432/432/432 487/487/487 488/488/488
f 432/432/432 488/488/488 433/433/433
f 433/433/433 488/488/488 489/489/489
f 433/433/433 489/489/489 434/434/434
f 434/434/434 489/489/489 490/490/490
f 434/434/434 490/490/490 435/435/435
f 435/435/435 490/490/490 491/491/491
f 435/435/435 491/491/491 436/436/436
f 436/436/436 491/491/491 492/492/492
f 436/436/436 492/492/492 437/437/437
f 437/437/437 492/492/492 493/493/493
f 437/437/437 493/493/493 438/438/438
f 438/438/438 493/493/493 494/494/494
f 438/438/438 494/494/494 439/439/439
f 439/439/439 494/494/494 495/495/495
f 439/439/439 495/495/495 440/440/440
f 441/441/441 496/496/496 497/497/497
f 441/441/441 497/497/497 442/442/442
f 442/442/442 497/497/497 498/498/498
f 442/442/442 498/498/498 443/443/443
f 443/443/443 498/498/498 499/499/499
f 443/443/443 499/499/499 444/444/444
f 444/444/444 499/499/499 500/500/500
f 444/444/444 500/500/500 445/445/445
f 445/445/445 500/500/500 501/501/501
f 445/445/445 501/501/501 446/446/446
f 446/446/446 501/501/501 502/502/502
f 446/446/446 502/502/502 447/447/447
f 447/447/447 502/502/502 503/503/503
f 447/447/447 503/503/503 448/448/448
f 448/448/448 503/503/503 504/504/504
f 448/448/448 504/504/504 449/449/449
f 449/449/449 504/504/504 505/505/505
f 449/449/449 505/505/505 450/450/450
f 450/450/450 505/505/505 506/506/506
f 450/450/450 506/506/506 451/451/451
f 451/451/451 506/506/506 507/507/507
f 451/451/451 507/507/507 452/452/452
f 452/452/452 507/507/507 508/508/508
f 452/452/452 508/508/508 453/453/453
f 453/453/453 508/508/508 509/509/509
f 453/453/453 509/509/509 454/454/454
f 454/454/454 509/509/509 510/510/510
f 454/454/454 510/510/510 455/455/455
f 455/455/455 510/510/510 511/511/511
f 455/455/455 511/511/511 456/456/456
f 456/456/456 511/511/511 512/512/512
f 456/456/456 512/512/512 457/457/457
f 457/457/457 512/512/512 513/513/513
f 457/457/457 513/513/513 458/458/458
f 458/458/458 513/513/513 514/514/514
f 458/458/458 514/514/514 459/459/459
f 459/459/459 514/514/514 515/515/515
f 459/459/459 515/515/515 460/460/460
f 460/460/460 515/515/515 516/516/516
f 460/460/460 516/516/516 461/461/461
f 461/461/461 516/516/516 517/517/517
f 461/461/461 517/517/517 462/462/462
f 462/462/462 517/517/517 518/518/518
f 462/462/462 518/518/518 463/463/463
f 463/463/463 518/518/518 519/519/519
f 463/463/463 519/519/519 464/464/464
f 464/464/464 519/519/519 520/520/520
f 464/464/464 520/520/520 465/465/465
f 465/465/465 520/520/520 521/521/521
f 465/465/465 521/521/521 466/466/466
f 466/466/466 521/521/521 522/522/522
f 466/466/466 522/522/522 467/467/467
f 467/467/467 522/522/522 523/523/523
f 467/467/467 523/523/523 468/468/468
f 468/468/468 523/523/523 524/524/524
f 468/468/468 524/524/524 469/469/469
f 469/469/469 524/524/524 525/525/525
f 469/469/469 525/525/525 470/470/470
f 470/470/470 525/525/525 526/526/526
f 470/470/470 526/526/526 471/471/471
f 471/471/471 526/526/526 527/527/527
f 471/471/471 527/527/527 472/472/472
f 472/472/472 527/527/527 528/528/528
f 472/472/472 528/528/528 473/473/473
f 473/473/473 528/528/528 529/529/529
f 473/473/473 529/529/529 474/474/474
f 474/474/474 529/529/529 530/530/530
f 474/474/474 530/530/530 475/475/475
f 475/475/475 530/530/530 531/531/531
f 475/475/475 531/531/531 476/476/476
f 476/476/476 531/531/531 532/532/532
f 476/476/476 532/532/532 477/477/477
f 477/477/477 532/532/532 533/533/533
f 477/477/477 533/533/533 478/478/478
f 478/478/478 533/533/533 534/534/534
f 478/478/478 534/534/534 479/479/479
f 479/479/479 534/534/534 535/535/535
f 479/479/479 535/535/535 480/480/480
f 480/480/480 535/535/535 536/536/536
f 480/480/480 536/536/536 481/481/481
f 481/481/481 536/536/536 537/537/537
f 481/481/481 537/537/537 482/482/482
f 482/482/482 537/537/537 538/538/538
f 482/482/482 538/538/538 483/483/483
f 483/483/483 538/538/538 539/539/539
f 483/483/483 539/539/539 484/484/484
f 484/484/484 539/539/539 540/540/540
f 484/484/484 540/540/540 485/485/485
f 485/485/485 540/540/540 541/541/541
f 485/485/485 541/541/541 486/486/486
f 486/486/486 541/541/541 542/542/542
f 486/486/486 542/542/542 487/487/487
f 487/487/487 542/542/542 543/543/543
f 487/487/487 543/543/543 488/488/488
f 488/488/488 543/543/543 544/544/544
f 488/488/488 544/544/544 489/489/489
f 489/489/489 544/544/544 545/545/545
f 489/489/489 545/545/545 490/490/490
f 490/490/490 545/545/545 546/546/546
f 490/490/490 546/546/546 491/491/491
f 491/491/491 546/546/546 547/547/547
f 491/491/491 547/547/547 492/492/492
f 492/492/492 547/547/547 548/548/548
f 492/492/492 548/548/548 493/493/493
f 493/493/493 548/548/548 549/549/549
f 493/493/493 549/549/549 494/494/494
f 494/494/494 549/549/549 550/550/550
f 494/494/494 550/550/550 495/495/495
f 496/496/496 551/551/551 552/552/552
f 496/496/496 552/552/552 497/497/497
f 497/497/497 552/552/552 553/553/553
f 497/497/497 553/553/553 498/498/498
f 498/498/498 553/553/553 554/554/554
f 498/498/498 554/554/554 499/499/499
f 499/499/499 554/554/554 555/555/555
f 499/499/499 555/555/555 500/500/500
f 500/500/500 555/555/555 556/556/556
f 500/500/500 556/556/556 501/501/501
f 501/501/501 556/556/556 557/557/557
f 501/501/501 557/557/557 502/502/502
f 502/502/502 557/557/557 558/558/558
f 502/502/502 558/558/558 503/503/503
f 503/503/503 558/558/558 559/559/559
f 503/503/503 559/559/559 504/504/504
f 504/504/504 559/559/559 560/560/560
f 504/504/504 560/560/560 505/505/505
f 505/505/505 560/560/560 561/561/561
f 505/505/505 561/561/561 506/506/506
f 506/506/506 561/561/561 562/562/562
f 506/506/506 562/562/562 507/507/507
f 507/507/507 562/562/562 563/563/563
f 507/507/507 563/563/563 508/508/508
f 508/508/508 563/563/563 564/564/564
f 508/508/508 564/564/564 509/509/509
f 509/509/509 564/564/564 565/565/565
f 509/509/509 565/565/565 510/510/510
f 510/510/510 565/565/565 566/566/566
f 510/510/510 566/566/566 511/511/511
f 511/511/511 566/566/566 567/567/567
f 511/511/511 567/567/567 512/512/512
f 512/512/512 567/567/567 568/568/568
f 512/512/512 568/568/568 513/513/513
f 513/513/513 568/568/568 569/569/569
f 513/513/513 569/569/569 514/514/514
f 514/514/514 569/569/569 570/570/570
f 514/514/514 570/570/570 515/515/515
f 515/515/515 570/570/570 571/571/571
f 515/515/515 571/571/571 516/516/516
f 516/516/516 571/571/571 572/572/572
f 516/516/516 572/572/572 517/517/517
f 517/517/517 572/572/572 573/573/573
f 517/517/517 573/573/573 518/518/518
f 518/518/518 573/573/573 574/574/574
f 518/518/518 574/574/574 519/519/519
f 519/519/519 574/574/574 575/575/575
f 519/519/519 575/575/575 520/520/520
f 520/520/520 575/575/575 576/576/576
f 520/520/520 576/576/576 521/521/521
f 521/521/521 576/576/576 577/577/577
f 521/521/521 577/577/577 522/522/522
f 522/522/522 577/577/577 578/578/578
f 522/522/522 578/578/578 523/523/523
f 523/523/523 578/578/578 579/579/579
f 523/523/523 579/579/579 524/524/524
f 524/524/524 579/579/579 580/580/580
f 524/524/524 580/580/580 525/525/525
f 525/525/525 580/580/580 581/581/581
f 525/525/525 581/581/581 526/526/526
f 526/526/526 581/581/581 582/582/582
f 526/526/526 582/582/582 527/527/527
f 527/527/527 582/582/582 583/583/583
f 527/527/527 583/583/583 528/528/528
f 528/528/528 583/583/583 584/584/584
f 528/528/528 584/584/584 529/529/529
f 529/529/529 584/584/584 585/585/585
f 529/529/529 585/585/585 530/530/530
f 530/530/530 585/585/585 586/586/586
f 530/530/530 586/586/586 531/531/531
f 531/531/531 586/586/586 587/587/587
f 531/531/531 587/587/587 532/532/532
f 532/532/532 587/587/587 588/588/588
f 532/532/532 588/588/588 533/533/533
f 533/533/533 588/588/588 589/589/589
f 533/533/533 589/589/589 534/534/534
f 534/534/534 589/589/589 590/590/590
f 534/534/534 590/590/590 535/535/535
f 535/535/535 590/590/590 591/591/591
f 535/535/535 591/591/591 536/536/536
f 536/536/536 591/591/591 592/592/592
f 536/536/536 592/592/592 537/537/537
f 537/537/537 592/592/592 593/593/593
f 537/537/537 593/593/593 538/538/538
f 538/538/538 593/593/593 594/594/594
f 538/538/538 594/594/594 539/539/539
f 539/539/539 594/594/594 595/595/595
f 539/539/539 595/595/595 540/540/540
f 540/540/540 595/595/595 596/596/596
f 540/540/540 596/596/596 541/541/541
f 541/541/541 596/596/596 597/597/597
f 541/541/541 597/597/597 542/542/542
f 542/542/542 597/597/597 598/598/598
f 542/542/542 598/598/598 543/543/543
f 543/543/543 598/598/598 599/599/599
f 543/543/543 599/599/599 544/544/544
f 544/544/544 599/599/599 600/600/600
f 544/544/544 600/600/600 545/545/545
f 545/545/545 600/600/600 601/601/601
f 545/545/545 601/601/601 546/546/546
f 546/546/546 601/601/601 602/602/602
f 546/546/546 602/602/602 547/547/547
f 547/547/547 602/602/602 603/603/603
f 547/547/547 603/603/603 548/548/548
f 548/548/548 603/603/603 604/604/604
f 548/548/548 604/604/604 549/549/549
f 549/549/549 604/604/604 605/605/605
f 549/549/549 605/605/605 550/550/550
f 551/551/551 606/606/606 607/607/607
f 551/551/551 607/607/607 552/552/552
f 552/552/552 607/607/607 608/608/608
f 552/552/552 608/608/608 553/553/553
f 553/553/553 608/608/608 609/609/609
f 553/553/553 609/609/609 554/554/554
f 554/554/554 609/609/609 610/610/610
f 554/554/554 610/610/610 555/555/555
f 555/555/555 610/610/610 611/611/611
f 555/555/555 611/611/611 556/556/556
f 556/556/556 611/611/611 612/612/612
f 556/556/556 612/612/612 557/557/557
f 557/557/557 612/612/612 613/613/613
f 557/557/557 613/613/613 558/558/558
f 558/558/558 613/613/613 614/614/614
f 558/558/558 614/614/614 559/559/559
f 559/559/559 614/614/614 615/615/615
f 559/559/559 615/615/615 560/560/560
f 560/560/560 615/615/615 616/616/616
f 560/560/560 616/616/616 561/561/561
f 561/561/561 616/616/616 617/617/617
f 561/561/561 617/617/617 562/562/562
f 562/562/562 617/617/617 618/618/618
f 562/562/562 618/618/618 563/563/563
f 563/563/563 618/618/618 619/619/619
f 563/563/563 619/619/619 564/564/564
f 564/564/564 619/619/619 620/620/620
f 564/564/564 620/620/620 565/565/565
f 565/565/565 620/620/620 621/621/621
f 565/565/565 621/621/621 566/566/566
f 566/566/566 621/621/621 622/622/622
f 566/566/566 622/622/622 567/567/567
f 567/567/567 622/622/622 623/623/623
f 567/567/567 623/623/623 568/568/568
f 568/568/568 623/623/623 624/624/624
f 568/568/568 624/624/624 569/569/569
f 569/569/569 624/624/624 625/625/625
f 569/569/569 625/625/625 570/570/570
f 570/570/570 625/625/625 626/626/626
f 570/570/570 626/626/626 571/571/571
f 571/571/571 626/626/626 627/627/627
f 571/571/571 627/627/627 572/572/572
f 572/572/572 627/627/627 628/628/628
f 572/572/572 628/628/628 573/573/573
f 573/573/573 628/628/628 629/629/629
f 573/573/573 629/629/629 574/574/574
f 574/574/574 629/629/629 630/630/630
f 574/574/574 630/630/630 575/575/575
f 575/575/575 630/630/630 631/631/631
f 575/575/575 631/631/631 576/576/576
f 576/576/576 631/631/631 632/632/632
f 576/576/576 632/632/632 577/577/577
f 577/577/577 632/632/632 633/633/633
f 577/577/577 633/633/633 578/578/578
f 578/578/578 633/633/633 634/634/634
f 578/578/578 634/634/634 579/579/579
f 579/579/579 634/634/634 635/635/635
f 579/579/579 635/635/635 580/580/580
f 580/580/580 635/635/635 636/636/636
f 580/580/580 636/636/636 581/581/581
f 581/581/581 636/636/636 637/637/637
f 581/581/581 637/637/637 582/582/582
f 582/582/582 637/637/637 638/638/638
f 582/582/582 638/638/638 583/583/583
f 583/583/583 638/638/638 639/639/639
f 583/583/583 639/639/639 584/584/584
f 584/584/584 639/639/639 640/640/640
f 584/584/584 640/640/640 585/585/585
f 585/585/585 640/640/640 641/641/641
f 585/585/585 641/641/641 586/586/586
f 586/586/586 641/641/641 642/642/642
f 586/586/586 642/642/642 587/587/587
f 587/587/587 642/642/642 643/643/643
f 587/587/587 643/643/643 588/588/588
f 588/588/588 643/643/643 644/644/644
f 588/588/588 644/644/644 589/589/589
f 589/589/589 644/644/644 645/645/645
f 589/589/589 645/645/645 590/590/590
f 590/590/590 645/645/645 646/646/646
f 590/590/590 646/646/646 591/591/591
f 591/591/591 646/646/646 647/647/647
f 591/591/591 647/647/647 592/592/592
f 592/592/592 647/647/647 648/648/648
f 592/592/592 648/648/648 593/593/593
f 593/593/593 648/648/648 649/649/649
f 593/593/593 649/649/649 594/594/594
f 594/594/594 649/649/649 650/650/650
f 594/594/594 650/650/650 595/595/595
f 595/595/595 650/650/650 651/651/651
f 595/595/595 651/651/651 596/596/596
f 596/596/596 651/651/651 652/652/652
f 596/596/596 652/652/652 597/597/597
f 597/597/597 652/652/652 653/653/653
f 597/597/597 653/653/653 598/598/598
f 598/598/598 653/653/653 654/654/654
f 598/598/598 654/654/654 599/599/599
f 599/599/599 654/654/654 655/655/655
f 599/599/599 655/655/655 600/600/600
f 600/600/600 655/655/655 656/656/656
f 600/600/600 656/656/656 601/601/601
f 601/601/601 656/656/656 657/657/657
f 601/601/601 657/657/657 602/602/602
f 602/602/602 657/657/657 658/658/658
f 602/602/602 658/658/658 603/603/603
f 603/603/603 658/658/658 659/659/659
f 603/603/603 659/659/659 604/604/604
f 604/604/604 659/659/659 660/660/660
f 604/604/604 660/660/660 605/605/605
f 606/606/606 661/661/661 662/662/662
f 606/606/606 662/662/662 607/607/607
f 607/607/607 662/662/662 663/663/663
f 607/607/607 663/663/663 608/608/608
f 608/608/608 663/663/663 664/664/664
f 608/608/608 664/664/664 609/609/609
f 609/609/609 664/664/664 665/665/665
f 609/609/609 665/665/665 610/610/610
f 610/610/610 665/665/665 666/666/666
f 610/610/610 666/666/666 611/611/611
f 611/611/611 666/666/666 667/667/667
f 611/611/611 667/667/667 612/612/612
f 612/612/612 667/667/667 668/668/668
f 612/612/612 668/668/668 613/613/613
f 613/613/613 668/668/668 669/669/669
f 613/613/613 669/669/669 614/614/614
f 614/614/614 669/669/669 670/670/670
f 614/614/614 670/670/670 615/615/615
f 615/615/615 670/670/670 671/671/671
f 615/615/615 671/671/671 616/616/616
f 616/616/616 671/671/671 672/672/672
f 616/616/616 672/672/672 617/617/617
f 617/617/617 672/672/672 673/673/673
f 617/617/617 673/673/673 618/618/618
f 618/618/618 673/673/673 674/674/674
f 618/618/618 674/674/674 619/619/619
f 619/619/619 674/674/674 675/675/675
f 619/619/619 675/675/675 620/620/620
f 620/620/620 675/675/675 676/676/676
f 620/620/620 676/676/676 621/621/621
f 621/621/621 676/676/676 677/677/677
f 621/621/621 677/677/677 622/622/622
f 622/622/622 677/677/677 678/678/678
f 622/622/622 678/678/678 623/623/623
f 623/623/623 678/678/678 679/679/679
f 623/623/623 679/679/679 624/624/624
f 624/624/624 679/679/679 680/680/680
f 624/624/624 680/680/680 625/625/625
f 625/625/625 680/680/680 681/681/681
f 625/625/625 681/681/681 626/626/626
f 626/626/626 681/681/681 682/682/682
f 626/626/626 682/682/682 627/627/627
f 627/627/627 682/682/682 683/683/683
f 627/627/627 683/683/683 628/628/628
f 628/628/628 683/683/683 684/684/684
f 628/628/628 684/684/684 629/629/629
f 629/629/629 684/684/684 685/685/685
f 629/629/629 685/685/685 630/630/630
f 630/630/630 685/685/685 686/686/686
f 630/630/630 686/686/686 631/631/631
f 631/631/631 686/686/686 687/687/687
f 631/631/631 687/687/687 632/632/632
f 632/632/632 687/687/687 688/688/688
f 632/632/632 688/688/688 633/633/633
f 633/633/633 688/688/688 689/689/689
f 633/633/633 689/689/689 634/634/634
f 634/634/634 689/689/689 690/690/690
f 634/634/634 690/690/690 635/635/635
f 635/635/635 690/690/690 691/691/691
f 635/635/635 691/691/691 636/636/636
f 636/636/636 691/691/691 692/692/692
f 636/636/636 692/692/692 637/637/637
f 637/637/637 692/692/692 693/693/693
f 637/637/637 693/693/693 638/638/638
f 638/638/638 693/693/693 694/694/694
f 638/638/638 694/694/694 639/639/639
f 639/639/639 694/694/694 695/695/695
f 639/639/639 695/695/695 640/640/640
f 640/640/640 695/695/695 696/696/696
f 640/640/640 696/696/696 641/641/641
f 641/641/641 696/696/696 697/697/697
f 641/641/641 697/697/697 642/642/642
f 642/642/642 697/697/697 698/698/698
f 642/642/642 698/698/698 643/643/643
f 643/643/643 698/698/698 699/699/699
f 643/643/643 699/699/699 644/644/644
f 644/644/644 699/699/699 700/700/700
f 644/644/644 700/700/700 645/645/645
f 645/645/645 700/700/700 701/701/701
f 645/645/645 701/701/701 646/646/646
f 646/646/646 701/701/701 702/702/702
f 646/646/646 702/702/702 647/647/647
f 647/647/647 702/702/702 703/703/703
f 647/647/647 703/703/703 648/648/648
f 648/648/648 703/703/703 704/704/704
f 648/648/648 704/704/704 649/649/649
f 649/649/649 704/704/704 705/705/705
f 649/649/649 705/705/705 650/650/650
f 650/650/650 705/705/705 706/706/706
f 650/650/650 706/706/706 651/651/651
f 651/651/651 706/706/706 707/707/707
f 651/651/651 707/707/707 652/652/652
f 652/652/652 707/707/707 708/708/708
f 652/652/652 708/708/708 653/653/653
f 653/653/653 708/708/708 709/709/709
f 653/653/653 709/709/709 654/654/654
f 654/654/654 709/709/709 710/710/710
f 654/654/654 710/710/710 655/655/655
f 655/655/655 710/710/710 711/711/711
f 655/655/655 711/711/711 656/656/656
f 656/656/656 711/711/711 712/712/712
f 656/656/656 712/712/712 657/657/657
f 657/657/657 712/712/712 713/713/713
f 657/657/657 713/713/713 658/658/658
f 658/658/658 713/713/713 714/714/714
f 658/658/658 714/714/714 659/659/659
f 659/659/659 714/714/714 715/715/715
f 659/659/659 715/715/715 660/660/660
f 661/661/661 716/716/716 717/717/717
f 661/661/661 717/717/717 662/662/662
f 662/662/662 717/717/717 718/718/718
f 662/662/662 718/718/718 663/663/663
f 663/663/663 718/718/718 719/719/719
f 663/663/663 719/719/719 664/664/664
f 664/664/664 719/719/719 720/720/720
f 664/664/664 720/720/720 665/665/665
f 665/665/665 720/720/720 721/721/721
f 665/665/665 721/721/721 666/666/666
f 666/666/666 721/721/721 722/722/722
f 666/666/666 722/722/722 667/667/667
f 667/667/667 722/722/722 723/723/723
f 667/667/667 723/723/723 668/668/668
f 668/668/668 723/723/723 724/724/724
f 668/668/668 724/724/724 669/669/669
f 669/669/669 724/724/724 725/725/725
f 669/669/669 725/725/725 670/670/670
f 670/670/670 725/725/725 726/726/726
f 670/670/670 726/726/726 671/671/671
f 671/671/671 726/726/726 727/727/727
f 671/671/671 727/727/727 672/672/672
f 672/672/672 727/727/727 728/728/728
f 672/672/672 728/728/728 673/673/673
f 673/673/673 728/728/728 729/729/729
f 673/673/673 729/729/729 674/674/674
f 674/674/674 729/729/729 730/730/730
f 674/674/674 730/730/730 675/675/675
f 675/675/675 730/730/730 731/731/731
f 675/675/675 731/731/731 676/676/676
f 676/676/676 731/731/731 732/732/732
f 676/676/676 732/732/732 677/677/677
f 677/677/677 732/732/732 733/733/733
f 677/677/677 733/733/733 678/678/678
f 678/678/678 733/733/733 734/734/734
f 678/678/678 734/734/734 679/679/679
f 679/679/679 734/734/734 735/735/735
f 679/679/679 735/735/735 680/680/680
f 680/680/680 735/735/735 736/736/736
f 680/680/680 736/736/736 681/681/681
f 681/681/681 736/736/736 737/737/737
f 681/681/681 737/737/737 682/682/682
f 682/682/682 737/737/737 738/738/738
f 682/682/682 738/738/738 683/683/683
f 683/683/683 738/738/738 739/739/739
f 683/683/683 739/739/739 684/684/684
f 684/684/684 739/739/739 740/740/740
f 684/684/684 740/740/740 685/685/685
f 685/685/685 740/740/740 741/741/741
f 685/685/685 741/741/741 686/686/686
f 686/686/686 741/741/741 742/742/742
f 686/686/686 742/742/742 687/687/687
f 687/687/687 742/742/742 743/743/743
f 687/687/687 743/743/743 688/688/688
f 688/688/688 743/743/743 744/744/744
f 688/688/688 744/744/744 689/689/689
f 689/689/689 744/744/744 745/745/745
f 689/689/689 745/745/745 690/690/690
f 690/690/690 745/745/745 746/746/746
f 690/690/690 746/746/746 691/691/691
f 691/691/691 746/746/746 747/747/747
f 691/691/691 747/747/747 692/692/692
f 692/692/692 747/747/747 748/748/748
f 692/692/692 748/748/748 693/693/693
f 693/693/693 748/748/748 749/749/749
f 693/693/693 749/749/749 694/694/694
f 694/694/694 749/749/749 750/750/750
f 694/694/694 750/750/750 695/695/695
f 695/695/695 750/750/750 751/751/751
f 695/695/695 751/751/751 696/696/696
f 696/696/696 751/751/751 752/752/752
f 696/696/696 752/752/752 697/697/697
f 697/697/697 752/752/752 753/753/753
f 697/697/697 753/753/753 698/698/698
f 698/698/698 753/753/753 754/754/754
f 698/698/698 754/754/754 699/699/699
f 699/699/699 754/754/754 755/755/755
f 699/699/699 755/755/755 700/700/700
f 700/700/700 755/755/755 756/756/756
f 700/700/700 756/756/756 701/701/701
f 701/701/701 756/756/756 757/757/757
f 701/701/701 757/757/757 702/702/702
f 702/702/702 757/757/757 758/758/758
f 702/702/702 758/758/758 703/703/703
f 703/703/703 758/758/758 759/759/759
f 703/703/703 759/759/759 704/704/704
f 704/704/704 759/759/759 760/760/760
f 704/704/704 760/760/760 705/705/705
f 705/705/705 760/760/760 761/761/761
f 705/705/705 761/761/761 706/706/706
f 706/706/706 761/761/761 762/762/762
f 706/706/706 762/762/762 707/707/707
f 707/707/707 762/762/762 763/763/763
f 707/707/707 763/763/763 708/708/708
f 708/708/708 763/763/763 764/764/764
f 708/708/708 764/764/764 709/709/709
f 709/709/709 764/764/764 765/765/765
f 709/709/709 765/765/765 710/710/710
f 710/710/710 765/765/765 766/766/766
f 710/710/710 766/766/766 711/711/711
f 711/711/711 766/766/766 767/767/767
f 711/711/711 767/767/767 712/712/712
f 712/712/712 767/767/767 768/768/768
f 712/712/712 768/768/768 713/713/713
f 713/713/713 768/768/768 769/769/769
f 713/713/713 769/769/769 714/714/714
f 714/714/714 769/769/769 770/770/770
f 714/714/714 770/770/770 715/715/715
f 716/716/716 771/771/771 772/772/772
f 716/716/716 772/772/772 717/717/717
f 717/717/717 772/772/772 773/773/773
f 717/717/717 773/773/773 718/718/718
f 718/718/718 773/773/773 774/774/774
f 718/718/718 774/774/774 719/719/719
f 719/719/719 774/774/774 775/775/775
f 719/719/719 775/775/775 720/720/720
f 720/720/720 775/775/775 776/776/776
f 720/720/720 776/776/776 721/721/721
f 721/721/721 776/776/776 777/777/777
f 721/721/721 777/777/777 722/722/722
f 722/722/722 777/777/777 778/778/778
f 722/722/722 778/778/778 723/723/723
f 723/723/723 778/778/778 779/779/779
f 723/723/723 779/779/779 724/724/724
f 724/724/724 779/779/779 780/780/780
f 724/724/724 780/780/780 725/725/725
f 725/725/725 780/780/780 781/781/781
f 725/725/725 781/781/781 726/726/726
f 726/726/726 781/781/781 782/782/782
f 726/726/726 782/782/782 727/727/727
f 727/727/727 782/782/782 783/783/783
f 727/727/727 783/783/783 728/728/728
f 728/728/728 783/783/783 784/784/784
f 728/728/728 784/784/784 729/729/729
f 729/729/729 784/784/784 785/785/785
f 729/729/729 785/785/785 730/730/730
f 730/730/730 785/785/785 786/786/786
f 730/730/730 786/786/786 731/731/731
f 731/731/731 786/786/786 787/787/787
f 731/731/731 787/787/787 732/732/732
f 732/732/732 787/787/787 788/788/788
f 732/732/732 788/788/788 733/733/733
f 733/733/733 788/788/788 789/789/789
f 733/733/733 789/789/789 734/734/734
f 734/734/734 789/789/789 790/790/790
f 734/734/734 790/790/790 735/735/735
f 735/735/735 790/790/790 791/791/791
f 735/735/735 791/791/791 736/736/736
f 736/736/736 791/791/791 792/792/792
f 736/736/736 792/792/792 737/737/737
f 737/737/737 792/792/792 793/793/793
f 737/737/737 793/793/793 738/738/738
f 738/738/738 793/793/793 794/794/794
f 738/738/738 794/794/794 739/739/739
f 739/739/739 794/794/794 795/795/795
f 739/739/739 795/795/795 740/740/740
f 740/740/740 795/795/795 796/796/796
f 740/740/740 796/796/796 741/741/741
f 741/741/741 796/796/796 797/797/797
f 741/741/741 797/797/797 742/742/742
f 742/742/742 797/797/797 798/798/798
f 742/742/742 798/798/798 743/743/743
f 743/743/743 798/798/798 799/799/799
f 743/743/743 799/799/799 744/744/744
f 744/744/744 799/799/799 800/800/800
f 744/744/744 800/800/800 745/745/745
f 745/745/745 800/800/800 801/801/801
f 745/745/745 801/801/801 746/746/746
f 746/746/746 801/801/801 802/802/802
f 746/746/746 802/802/802 747/747/747
f 747/747/747 802/802/802 803/803/803
f 747/747/747 803/803/803 748/748/748
f 748/748/748 803/803/803 804/804/804
f 748/748/748 804/804/804 749/749/749
f 749/749/749 804/804/804 805/805/805
f 749/749/749 805/805/805 750/750/750
f 750/750/750 805/805/805 806/806/806
f 750/750/750 806/806/806 751/751/751
f 751/751/751 806/806/806 807/807/807
f 751/751/751 807/807/807 752/752/752
f 752/752/752 807/807/807 808/808/808
f 752/752/752 808/808/808 753/753/753
f 753/753/753 808/808/808 809/809/809
f 753/753/753 809/809/809 754/754/754
f 754/754/754 809/809/809 810/810/810
f 754/754/754 810/810/810 755/755/755
f 755/755/755 810/810/810 811/811/811
f 755/755/755 811/811/811 756/756/756
f 756/756/756 811/811/811 812/812/812
f 756/756/756 812/812/812 757/757/757
f 757/757/757 812/812/812 813/813/813
f 757/757/757 813/813/813 758/758/758
f 758/758/758 813/813/813 814/814/814
f 758/758/758 814/814/814 759/759/759
f 759/759/759 814/814/814 815/815/815
f 759/759/759 815/815/815 760/760/760
f 760/760/760 815/815/815 816/816/816
f 760/760/760 816/816/816 761/761/761
f 761/761/761 816/816/816 817/817/817
f 761/761/761 817/817/817 762/762/762
f 762/762/762 817/817/817 818/818/818
f 762/762/762 818/818/818 763/763/763
f 763/763/763 818/818/818 819/819/819
f 763/763/763 819/819/819 764/764/764
f 764/764/764 819/819/819 820/820/820
f 764/764/764 820/820/820 765/765/765
f 765/765/765 820/820/820 821/821/821
f 765/765/765 821/821/821 766/766/766
f 766/766/766 821/821/821 822/822/822
f 766/766/766 822/822/822 767/767/767
f 767/767/767 822/822/822 823/823/823
f 767/767/767 823/823/823 768/768/768
f 768/768/768 823/823/823 824/824/824
f 768/768/768 824/824/824 769/769/769
f 769/769/769 824/824/824 825/825/825
f 769/769/769 825/825/825 770/770/770
f 771/771/771 826/826/826 827/827/827
f 771/771/771 827/827/827 772/772/772
f 772/772/772 827/827/827 828/828/828
f 772/772/772 828/828/828 773/773/773
f 773/773/773 828/828/828 829/829/829
f 773/773/773 829/829/829 774/774/774
f 774/774/774 829/829/829 830/830/830
f 774/774/774 830/830/830 775/775/775
f 775/775/775 830/830/830 831/831/831
f 775/775/775 831/831/831 776/776/776
f 776/776/776 831/831/831 832/832/832
f 776/776/776 832/832/832 777/777/777
f 777/777/777 832/832/832 833/833/833
f 777/777/777 833/833/833 778/778/778
f 778/778/778 833/833/833 834/834/834
f 778/778/778 834/834/834 779/779/779
f 779/779/779 834/834/834 835/835/835
f 779/779/779 835/835/835 780/780/780
f 780/780/780 835/835/835 836/836/836
f 780/780/780 836/836/836 781/781/781
f 781/781/781 836/836/836 837/837/837
f 781/781/781 837/837/837 782/782/782
f 782/782/782 837/837/837 838/838/838
f 782/782/782 838/838/838 783/783/783
f 783/783/783 838/838/838 839/839/839
f 783/783/783 839/839/839 784/784/784
f 784/784/784 839/839/839 840/840/840
f 784/784/784 840/840/840 785/785/785
f 785/785/785 840/840/840 841/841/841
f 785/785/785 841/841/841 786/786/786
f 786/786/786 841/841/841 842/842/842
f 786/786/786 842/842/842 787/787/787
f 787/787/787 842/842/842 843/843/843
f 787/787/787 843/843/843 788/788/788
f 788/788/788 843/843/843 844/844/844
f 788/788/788 844/844/844 789/789/789
f 789/789/789 844/844/844 845/845/845
f 789/789/789 845/845/845 790/790/790
f 790/790/790 845/845/845 846/846/846
f 790/790/790 846/846/846 791/791/791
f 791/791/791 846/846/846 847/847/847
f 791/791/791 847/847/847 792/792/792
f 792/792/792 847/847/847 848/848/848
f 792/792/792 848/848/848 793/793/793
f 793/793/793 848/848/848 849/849/849
f 793/793/793 849/849/849 794/794/794
f 794/794/794 849/849/849 850/850/850
f 794/794/794 850/850/850 795/795/795
f 795/795/795 850/850/850 851/851/851
f 795/795/795 851/851/851 796/796/796
f 796/796/796 851/851/851 852/852/852
f 796/796/796 852/852/852 797/797/797
f 797/797/797 852/852/852 853/853/853
f 797/797/797 853/853/853 798/798/798
f 798/798/798 853/853/853 854/854/854
f 798/798/798 854/854/854 799/799/799
f 799/799/799 854/854/854 855/855/855
f 799/799/799 855/855/855 800/800/800
f 800/800/800 855/855/855 856/856/856
f 800/800/800 856/856/856 801/801/801
f 801/801/801 856/856/856 857/857/857
f 801/801/801 857/857/857 802/802/802
f 802/802/802 857/857/857 858/858/858
f 802/802/802 858/858/858 803/803/803
f 803/803/803 858/858/858 859/859/859
f 803/803/803 859/859/859 804/804/804
f 804/804/804 859/859/859 860/860/860
f 804/804/804 860/860/860 805/805/805
f 805/805/805 860/860/860 861/861/861
f 805/805/805 861/861/861 806/806/806
f 806/806/806 861/861/861 862/862/862
f 806/806/806 862/862/862 807/807/807
f 807/807/807 862/862/862 863/863/863
f 807/807/807 863/863/863 808/808/808
f 808/808/808 863/863/863 864/864/864
f 808/808/808 864/864/864 809/809/809
f 809/809/809 864/864/864 865/865/865
f 809/809/809 865/865/865 810/810/810
f 810/810/810 865/865/865 866/866/866
f 810/810/810 866/866/866 811/811/811
f 811/811/811 866/866/866 867/867/867
f 811/811/811 867/867/867 812/812/812
f 812/812/812 867/867/867 868/868/868
f 812/812/812 868/868/868 813/813/813
f 813/813/813 868/868/868 869/869/869
f 813/813/813 869/869/869 814/814/814
f 814/814/814 869/869/869 870/870/870
f 814/814/814 870/870/870 815/815/815
f 815/815/815 870/870/870 871/871/871
f 815/815/815 871/871/871 816/816/816
f 816/816/816 871/871/871 872/872/872
f 816/816/816 872/872/872 817/817/817
f 817/817/817 872/872/872 873/873/873
f 817/817/817 873/873/873 818/818/818
f 818/818/818 873/873/873 874/874/874
f 818/818/818 874/874/874 819/819/819
f 819/819/819 874/874/874 875/875/875
f 819/819/819 875/875/875 820/820/820
f 820/820/820 875/875/875 876/876/876
f 820/820/820 876/876/876 821/821/821
f 821/821/821 876/876/876 877/877/877
f 821/821/821 877/877/877 822/822/822
f 822/822/822 877/877/877 878/878/878
f 822/822/822 878/878/878 823/823/823
f 823/823/823 878/878/878 879/879/879
f 823/823/823 879/879/879 824/824/824
f 824/824/824 879/879/879 880/880/880
f 824/824/824 880/880/880 825/825/825
f 826/826/826 881/881/881 882/882/882
f 826/826/826 882/882/882 827/827/827
f 827/827/827 882/882/882 883/883/883
f 827/827/827 883/883/883 828/828/828
f 828/828/828 883/883/883 884/884/884
f 828/828/828 884/884/884 829/829/829
f 829/829/829 884/884/884 885/885/885
f 829/829/829 885/885/885 830/830/830
f 830/830/830 885/885/885 886/886/886
f 830/830/830 886/886/886 831/831/831
f 831/831/831 886/886/886 887/887/887
f 831/831/831 887/887/887 832/832/832
f 832/832/832 887/887/887 888/888/888
f 832/832/832 888/888/888 833/833/833
f 833/833/833 888/888/888 889/889/889
f 833/833/833 889/889/889 834/834/834
f 834/834/834 889/889/889 890/890/890
f 834/834/834 890/890/890 835/835/835
f 835/835/835 890/890/890 891/891/891
f 835/835/835 891/891/891 836/836/836
f 836/836/836 891/891/891 892/892/892
f 836/836/836 892/892/892 837/837/837
f 837/837/837 892/892/892 893/893/893
f 837/837/837 893/893/893 838/838/838
f 838/838/838 893/893/893 894/894/894
f 838/838/838 894/894/894 839/839/839
f 839/839/839 894/894/894 895/895/895
f 839/839/839 895/895/895 840/840/840
f 840/840/840 895/895/895 896/896/896
f 840/840/840 896/896/896 841/841/841
f 841/841/841 896/896/896 897/897/897
f 841/841/841 897/897/897 842/842/842
f 842/842/842 897/897/897 898/898/898
f 842/842/842 898/898/898 843/843/843
f 843/843/843 898/898/898 899/899/899
f 843/843/843 899/899/899 844/844/844
f 844/844/844 899/899/899 900/900/900
f 844/844/844 900/900/900 845/845/845
f 845/845/845 900/900/900 901/901/901
f 845/845/845 901/901/901 846/846/846
f 846/846/846 901/901/901 902/902/902
f 846/846/846 902/902/902 847/847/847
f 847/847/847 902/902/902 903/903/903
f 847/847/847 903/903/903 848/848/848
f 848/848/848 903/903/903 904/904/904
f 848/848/848 904/904/904 849/849/849
f 849/849/849 904/904/904 905/905/905
f 849/849/849 905/905/905 850/850/850
f 850/850/850 905/905/905 906/906/906
f 850/850/850 906/906/906 851/851/851
f 851/851/851 906/906/906 907/907/907
f 851/851/851 907/907/907 852/852/852
f 852/852/852 907/907/907 908/908/908
f 852/852/852 908/908/908 853/853/853
f 853/853/853 908/908/908 909/909/909
f 853/853/853 909/909/909 854/854/854
f 854/854/854 909/909/909 910/910/910
f 854/854/854 910/910/910 855/855/855
f 855/855/855 910/910/910 911/911/911
f 855/855/855 911/911/911 856/856/856
f 856/856/856 911/911/911 912/912/912
f 856/856/856 912/912/912 857/857/857
f 857/857/857 912/912/912 913/913/913
f 857/857/857 913/913/913 858/858/858
f 858/858/858 913/913/913 914/914/914
f 858/858/858 914/914/914 859/859/859
f 859/859/859 914/914/914 915/915/915
f 859/859/859 915/915/915 860/860/860
f 860/860/860 915/915/915 916/916/916
f 860/860/860 916/916/916 861/861/861
f 861/861/861 916/916/916 917/917/917
f 861/861/861 917/917/917 862/862/862
f 862/862/862 917/917/917 918/918/918
f 862/862/862 918/918/918 863/863/863
f 863/863/863 918/918/918 919/919/919
f 863/863/863 919/919/919 864/864/864
f 864/864/864 919/919/919 920/920/920
f 864/864/864 920/920/920 865/865/865
f 865/865/865 920/920/920 921/921/921
f 865/865/865 921/921/921 866/866/866
f 866/866/866 921/921/921 922/922/922
f 866/866/866 922/922/922 867/867/867
f 867/867/867 922/922/922 923/923/923
f 867/867/867 923/923/923 868/868/868
f 868/868/868 923/923/923 924/924/924
f 868/868/868 924/924/924 869/869/869
f 869/869/869 924/924/924 925/925/925
f 869/869/869 925/925/925 870/870/870
f 870/870/870 925/925/925 926/926/926
f 870/870/870 926/926/926 871/871/871
f 871/871/871 926/926/926 927/927/927
f 871/871/871 927/927/927 872/872/872
f 872/872/872 927/927/927 928/928/928
f 872/872/872 928/928/928 873/873/873
f 873/873/873 928/928/928 929/929/929
f 873/873/873 929/929/929 874/874/874
f 874/874/874 929/929/929 930/930/930
f 874/874/874 930/930/930 875/875/875
f 875/875/875 930/930/930 931/931/931
f 875/875/875 931/931/931 876/876/876
f 876/876/876 931/931/931 932/932/932
f 876/876/876 932/932/932 877/877/877
f 877/877/877 932/932/932 933/933/933
f 877/877/877 933/933/933 878/878/878
f 878/878/878 933/933/933 934/934/934
f 878/878/878 934/934/934 879/879/879
f 879/879/879 934/934/934 935/935/935
f 879/879/879 935/935/935 880/880/880
f 936/936/936 957/957/957 958/958/958
f 936/936/936 958/958/958 937/937/937
f 937/937/937 958/958/958 959/959/959
f 937/937/937 959/959/959 938/938/938
f 938/938/938 959/959/959 960/960/960
f 938/938/938 960/960/960 939/939/939
f 939/939/939 960/960/960 961/961/961
f 939/939/939 961/961/961 940/940/940
f 940/940/940 961/961/961 962/962/962
f 940/940/940 962/962/962 941/941/941
f 941/941/941 962/962/962 963/963/963
f 941/941/941 963/963/963 942/942/942
f 942/942/942 963/963/963 964/964/964
f 942/942/942 964/964/964 943/943/943
f 943/943/943 964/964/964 965/965/965
f 943/943/943 965/965/965 944/944/944
f 944/944/944 965/965/965 966/966/966
f 944/944/944 966/966/966 945/945/945
f 945/945/945 966/966/966 967/967/967
f 945/945/945 967/967/967 946/946/946
f 946/946/946 967/967/967 968/968/968
f 946/946/946 968/968/968 947/947/947
f 947/947/947 968/968/968 969/969/969
f 947/947/947 969/969/969 948/948/948
f 948/948/948 969/969/969 970/970/970
f 948/948/948 970/970/970 949/949/949
f 949/949/949 970/970/970 971/971/971
f 949/949/949 971/971/971 950/950/950
f 950/950/950 971/971/971 972/972/972
f 950/950/950 972/972/972 951/951/951
f 951/951/951 972/972/972 973/973/973
f 951/951/951 973/973/973 952/952/952
f 952/952/952 973/973/973 974/974/974
f 952/952/952 974/974/974 953/953/953
f 953/953/953 974/974/974 975/975/975
f 953/953/953 975/975/975 954/954/954
f 954/954/954 975/975/975 976/976/976
f 954/954/954 976/976/976 955/955/955
f 955/955/955 976/976/976 977/977/977
f 955/955/955 977/977/977 956/956/956
f 957/957/957 978/978/978 979/979/979
f 957/957/957 979/979/979 958/958/958
f 958/958/958 979/979/979 980/980/980
f 958/958/958 980/980/980 959/959/959
f 959/959/959 980/980/980 981/981/981
f 959/959/959 981/981/981 960/960/960
f 960/960/960 981/981/981 982/982/982
f 960/960/960 982/982/982 961/961/961
f 961/961/961 982/982/982 983/983/983
f 961/961/961 983/983/983 962/962/962
f 962/962/962 983/983/983 984/984/984
f 962/962/962 984/984/984 963/963/963
f 963/963/963 984/984/984 985/985/985
f 963/963/963 985/985/985 964/964/964
f 964/964/964 985/985/985 986/986/986
f 964/964/964 986/986/986 965/965/965
f 965/965/965 986/986/986 987/987/987
f 965/965/965 987/987/987 966/966/966
f 966/966/966 987/987/987 988/988/988
f 966/966/966 988/988/988 967/967/967
f 967/967/967 988/988/988 989/989/989
f 967/967/967 989/989/989 968/968/968
f 968/968/968 989/989/989 990/990/990
f 968/968/968 990/990/990 969/969/969
f 969/969/969 990/990/990 991/991/991
f 969/969/969 991/991/991 970/970/970
f 970/970/970 991/991/991 992/992/992
f 970/970/970 992/992/992 971/971/971
f 971/971/971 992/992/992 993/993/993
f 971/971/971 993/993/993 972/972/972
f 972/972/972 993/993/993 994/994/994
f 972/972/972 994/994/994 973/973/973
f 973/973/973 994/994/994 995/995/995
f 973/973/973 995/995/995 974/974/974
f 974/974/974 995/995/995 996/996/996
f 974/974/974 996/996/996 975/975/975
f 975/975/975 996/996/996 997/997/997
f 975/975/975 997/997/997 976/976/976
f 976/976/976 997/997/997 998/998/998
f 976/976/976 998/998/998 977/977/977
f 978/978/978 999/999/999 1000/1000/1000
f 978/978/978 1000/1000/1000 979/979/979
f 979/979/979 1000/1000/1000 1001/1001/1001
f 979/979/979 1001/1001/1001 980/980/980
f 980/980/980 1001/1001/1001 1002/1002/1002
f 980/980/980 1002/1002/1002 981/981/981
f 981/981/981 1002/1002/1002 1003/1003/1003
f 981/981/981 1003/1003/1003 982/982/982
f 982/982/982 1003/1003/1003 1004/1004/1004
f 982/982/982 1004/1004/1004 983/983/983
f 983/983/983 1004/1004/1004 1005/1005/1005
f 983/983/983 1005/1005/1005 984/984/984
f 984/984/984 1005/1005/1005 1006/1006/1006
f 984/984/984 1006/1006/1006 985/985/985
f 985/985/985 1006/1006/1006 1007/1007/1007
f 985/985/985 1007/1007/1007 986/986/986
f 986/986/986 1007/1007/1007 1008/1008/1008
f 986/986/986 1008/1008/1008 987/987/987
f 987/987/987 1008/1008/1008 1009/1009/1009
f 987/987/987 1009/1009/1009 988/988/988
f 988/988/988 1009/1009/1009 1010/1010/1010
f 988/988/988 1010/1010/1010 989/989/989
f 989/989/989 1010/1010/1010 1011/1011/1011
f 989/989/989 1011/1011/1011 990/990/990
f 990/990/990 1011/1011/1011 1012/1012/1012
f 990/990/990 1012/1012/1012 991/991/991
f 991/991/991 1012/1012/1012 1013/1013/1013
f 991/991/991 1013/1013/1013 992/992/992
f 992/992/992 1013/1013/1013 1014/1014/1014
f 992/992/992 1014/1014/1014 993/993/993
f 993/993/993 1014/1014/1014 1015/1015/1015
f 993/993/993 1015/1015/1015 994/994/994
f 994/994/994 1015/1015/1015 1016/1016/1016
f 994/994/994 1016/1016/1016 995/995/995
f 995/995/995 1016/1016/1016 1017/1017/1017
f 995/995/995 1017/1017/1017 996/996/996
f 996/996/996 1017/1017/1017 1018/1018/1018
f 996/996/996 1018/1018/1018 997/997/997
f 997/997/997 1018/1018/1018 1019/1019/1019
f 997/997/997 1019/1019/1019 998/998/998
f 999/999/999 1020/1020/1020 1021/1021/1021
f 999/999/999 1021/1021/1021 1000/1000/1000
f 1000/1000/1000 1021/1021/1021 1022/1022/1022
f 1000/1000/1000 1022/1022/1022 1001/1001/1001
f 1001/1001/1001 1022/1022/1022 1023/1023/1023
f 1001/1001/1001 1023/1023/1023 1002/1002/1002
f 1002/1002/1002 1023/1023/1023 1024/1024/1024
f 1002/1002/1002 1024/1024/1024 1003/1003/1003
f 1003/1003/1003 1024/1024/1024 1025/1025/1025
f 1003/1003/1003 1025/1025/1025 1004/1004/1004
f 1004/1004/1004 1025/1025/1025 1026/1026/1026
f 1004/1004/1004 1026/1026/1026 1005/1005/1005
f 1005/1005/1005 1026/1026/1026 1027/1027/1027
f 1005/1005/1005 1027/1027/1027 1006/1006/1006
f 1006/1006/1006 1027/1027/1027 1028/1028/1028
f 1006/1006/1006 1028/1028/1028 1007/1007/1007
f 1007/1007/1007 1028/1028/1028 1029/1029/1029
f 1007/1007/1007 1029/1029/1029 1008/1008/1008
f 1008/1008/1008 1029/1029/1029 1030/1030/1030
f 1008/1008/1008 1030/1030/1030 1009/1009/1009
f 1009/1009/1009 1030/1030/1030 1031/1031/1031
f 1009/1009/1009 1031/1031/1031 1010/1010/1010
f 1010/1010/1010 1031/1031/1031 1032/1032/1032
f 1010/1010/1010 1032/1032/1032 1011/1011/1011
f 1011/1011/1011 1032/1032/1032 1033/1033/1033
f 1011/1011/1011 1033/1033/1033 1012/1012/1012
f 1012/1012/1012 1033/1033/1033 1034/1034/1034
f 1012/1012/1012 1034/1034/1034 1013/1013/1013
f 1013/1013/1013 1034/1034/1034 1035/1035/1035
f 1013/1013/1013 1035/1035/1035 1014/1014/1014
f 1014/1014/1014 1035/1035/1035 1036/1036/1036
f 1014/1014/1014 1036/1036/1036 1015/1015/1015
f 1015/1015/1015 1036/1036/1036 1037/1037/1037
f 1015/1015/1015 1037/1037/1037 1016/1016/1016
f 1016/1016/1016 1037/1037/1037 1038/1038/1038
f 1016/1016/1016 1038/1038/1038 1017/1017/1017
f 1017/1017/1017 1038/1038/1038 1039/1039/1039
f 1017/1017/1017 1039/1039/1039 1018/1018/1018
f 1018/1018/1018 1039/1039/1039 1040/1040/1040
f 1018/1018/1018 1040/1040/1040 1019/1019/1019
f 1020/1020/1020 1041/1041/1041 1042/1042/1042
f 1020/1020/1020 1042/1042/1042 1021/1021/1021
f 1021/1021/1021 1042/1042/1042 1043/1043/1043
f 1021/1021/1021 1043/1043/1043 1022/1022/1022
f 1022/1022/1022 1043/1043/1043 1044/1044/1044
f 1022/1022/1022 1044/1044/1044 1023/1023/1023
f 1023/1023/1023 1044/1044/1044 1045/1045/1045
f 1023/1023/1023 1045/1045/1045 1024/1024/1024
f 1024/1024/1024 1045/1045/1045 1046/1046/1046
f 1024/1024/1024 1046/1046/1046 1025/1025/1025
f 1025/1025/1025 1046/1046/1046 1047/1047/1047
f 1025/1025/1025 1047/1047/1047 1026/1026/1026
f 1026/1026/1026 1047/1047/1047 1048/1048/1048
f 1026/1026/1026 1048/1048/1048 1027/1027/1027
f 1027/1027/1027 1048/1048/1048 1049/1049/1049
f 1027/1027/1027 1049/1049/1049 1028/1028/1028
f 1028/1028/1028 1049/1049/1049 1050/1050/1050
f 1028/1028/1028 1050/1050/1050 1029/1029/1029
f 1029/1029/1029 1050/1050/1050 1051/1051/1051
f 1029/1029/1029 1051/1051/1051 1030/1030/1030
f 1030/1030/1030 1051/1051/1051 1052/1052/1052
f 1030/1030/1030 1052/1052/1052 1031/1031/1031
f 1031/1031/1031 1052/1052/1052 1053/1053/1053
f 1031/1031/1031 1053/1053/1053 1032/1032/1032
f 1032/1032/1032 1053/1053/1053 1054/1054/1054
f 1032/1032/1032 1054/1054/1054 1033/1033/1033
f 1033/1033/1033 1054/1054/1054 1055/1055/1055
f 1033/1033/1033 1055/1055/1055 1034/1034/1034
f 1034/1034/1034 1055/1055/1055 1056/1056/1056
f 1034/1034/1034 1056/1056/1056 1035/1035/1035
f 1035/1035/1035 1056/1056/1056 1057/1057/1057
f 1035/1035/1035 1057/1057/1057 1036/1036/1036
f 1036/1036/1036 1057/1057/1057 1058/1058/1058
f 1036/1036/1036 1058/1058/1058 1037/1037/1037
f 1037/1037/1037 1058/1058/1058 1059/1059/1059
f 1037/1037/1037 1059/1059/1059 1038/1038/1038
f 1038/1038/1038 1059/1059/1059 1060/1060/1060
f 1038/1038/1038 1060/1060/1060 1039/1039/1039
f 1039/1039/1039 1060/1060/1060 1061/1061/1061
f 1039/1039/1039 1061/1061/1061 1040/1040/1040
f 1041/1041/1041 1062/1062/1062 1063/1063/1063
f 1041/1041/1041 1063/1063/1063 1042/1042/1042
f 1042/1042/1042 1063/1063/1063 1064/1064/1064
f 1042/1042/1042 1064/1064/1064 1043/1043/1043
f 1043/1043/1043 1064/1064/1064 1065/1065/1065
f 1043/1043/1043 1065/1065/1065 1044/1044/1044
f 1044/1044/1044 1065/1065/1065 1066/1066/1066
f 1044/1044/1044 1066/1066/1066 1045/1045/1045
f 1045/1045/1045 1066/1066/1066 1067/1067/1067
f 1045/1045/1045 1067/1067/1067 1046/1046/1046
f 1046/1046/1046 1067/1067/1067 1068/1068/1068
f 1046/1046/1046 1068/1068/1068 1047/1047/1047
f 1047/1047/1047 1068/1068/1068 1069/1069/1069
f 1047/1047/1047 1069/1069/1069 1048/1048/1048
f 1048/1048/1048 1069/1069/1069 1070/1070/1070
f 1048/1048/1048 1070/1070/1070 1049/1049/1049
f 1049/1049/1049 1070/1070/1070 1071/1071/1071
f 1049/1049/1049 1071/1071/1071 1050/1050/1050
f 1050/1050/1050 1071/1071/1071 1072/1072/1072
f 1050/1050/1050 1072/1072/1072 1051/1051/1051
f 1051/1051/1051 1072/1072/1072 1073/1073/1073
f 1051/1051/1051 1073/1073/1073 1052/1052/1052
f 1052/1052/1052 1073/1073/1073 1074/1074/1074
f 1052/1052/1052 1074/1074/1074 1053/1053/1053
f 1053/1053/1053 1074/1074/1074 1075/1075/1075
f 1053/1053/1053 1075/1075/1075 1054/1054/1054
f 1054/1054/1054 1075/1075/1075 1076/1076/1076
f 1054/1054/1054 1076/1076/1076 1055/1055/1055
f 1055/1055/1055 1076/1076/1076 1077/1077/1077
f 1055/1055/1055 1077/1077/1077 1056/1056/1056
f 1056/1056/1056 1077/1077/1077 1078/1078/1078
f 1056/1056/1056 1078/1078/1078 1057/1057/1057
f 1057/1057/1057 1078/1078/1078 1079/1079/1079
f 1057/1057/1057 1079/1079/1079 1058/1058/1058
f 1058/1058/1058 1079/1079/1079 1080/1080/1080
f 1058/1058/1058 1080/1080/1080 1059/1059/1059
f 1059/1059/1059 1080/1080/1080 1081/1081/1081
f 1059/1059/1059 1081/1081/1081 1060/1060/1060
f 1060/1060/1060 1081/1081/1081 1082/1082/1082
f 1060/1060/1060 1082/1082/1082 1061/1061/1061
f 1062/1062/1062 1083/1083/1083 1084/1084/1084
f 1062/1062/1062 1084/1084/1084 1063/1063/1063
f 1063/1063/1063 1084/1084/1084 1085/1085/1085
f 1063/1063/1063 1085/1085/1085 1064/1064/1064
f 1064/1064/1064 1085/1085/1085 1086/1086/1086
f 1064/1064/1064 1086/1086/1086 1065/1065/1065
f 1065/1065/1065 1086/1086/1086 1087/1087/1087
f 1065/1065/1065 1087/1087/1087 1066/1066/1066
f 1066/1066/1066 1087/1087/1087 1088/1088/1088
f 1066/1066/1066 1088/1088/1088 1067/1067/1067
f 1067/1067/1067 1088/1088/1088 1089/1089/1089
f 1067/1067/1067 1089/1089/1089 1068/1068/1068
f 1068/1068/1068 1089/1089/1089 1090/1090/1090
f 1068/1068/1068 1090/1090/1090 1069/1069/1069
f 1069/1069/1069 1090/1090/1090 1091/1091/1091
f 1069/1069/1069 1091/1091/1091 1070/1070/1070
f 1070/1070/1070 1091/1091/1091 1092/1092/1092
f 1070/1070/1070 1092/1092/1092 1071/1071/1071
f 1071/1071/1071 1092/1092/1092 1093/1093/1093
f 1071/1071/1071 1093/1093/1093 1072/1072/1072
f 1072/1072/1072 1093/1093/1093 1094/1094/1094
f 1072/1072/1072 1094/1094/1094 1073/1073/1073
f 1073/1073/1073 1094/1094/1094 1095/1095/1095
f 1073/1073/1073 1095/1095/1095 1074/1074/1074
f 1074/1074/1074 1095/1095/1095 1096/1096/1096
f 1074/1074/1074 1096/1096/1096 1075/1075/1075
f 1075/1075/1075 1096/1096/1096 1097/1097/1097
f 1075/1075/1075 1097/1097/1097 1076/1076/1076
f 1076/1076/1076 1097/1097/1097 1098/1098/1098
f 1076/1076/1076 1098/1098/1098 1077/1077/1077
f 1077/1077/1077 1098/1098/1098 1099/1099/1099
f 1077/1077/1077 1099/1099/1099 1078/1078/1078
f 1078/1078/1078 1099/1099/1099 1100/1100/1100
f 1078/1078/1078 1100/1100/1100 1079/1079/1079
f 1079/1079/1079 1100/1100/1100 1101/1101/1101
f 1079/1079/1079 1101/1101/1101 1080/1080/1080
f 1080/1080/1080 1101/1101/1101 1102/1102/1102
f 1080/1080/1080 1102/1102/1102 1081/1081/1081
f 1081/1081/1081 1102/1102/1102 1103/1103/1103
f 1081/1081/1081 1103/1103/1103 1082/1082/1082
f 1083/1083/1083 1104/1104/1104 1105/1105/1105
f 1083/1083/1083 1105/1105/1105 1084/1084/1084
f 1084/1084/1084 1105/1105/1105 1106/1106/1106
f 1084/1084/1084 1106/1106/1106 1085/1085/1085
f 1085/1085/1085 1106/1106/1106 1107/1107/1107
f 1085/1085/1085 1107/1107/1107 1086/1086/1086
f 1086/1086/1086 1107/1107/1107 1108/1108/1108
f 1086/1086/1086 1108/1108/1108 1087/1087/1087
f 1087/1087/1087 1108/1108/1108 1109/1109/1109
f 1087/1087/1087 1109/1109/1109 1088/1088/1088
f 1088/1088/1088 1109/1109/1109 1110/1110/1110
f 1088/1088/1088 1110/1110/1110 1089/1089/1089
f 1089/1089/1089 1110/1110/1110 1111/1111/1111
f 1089/1089/1089 1111/1111/1111 1090/1090/1090
f 1090/1090/1090 1111/1111/1111 1112/1112/1112
f 1090/1090/1090 1112/1112/1112 1091/1091/1091
f 1091/1091/1091 1112/1112/1112 1113/1113/1113
f 1091/1091/1091 1113/1113/1113 1092/1092/1092
f 1092/1092/1092 1113/1113/1113 1114/1114/1114
f 1092/1092/1092 1114/1114/1114 1093/1093/1093
f 1093/1093/1093 1114/1114/1114 1115/1115/1115
f 1093/1093/1093 1115/1115/1115 1094/1094/1094
f 1094/1094/1094 1115/1115/1115 1116/1116/1116
f 1094/1094/1094 1116/1116/1116 1095/1095/1095
f 1095/1095/1095 1116/1116/1116 1117/1117/1117
f 1095/1095/1095 1117/1117/1117 1096/1096/1096
f 1096/1096/1096 1117/1117/1117 1118/1118/1118
f 1096/1096/1096 1118/1118/1118 1097/1097/1097
f 1097/1097/1097 1118/1118/1118 1119/1119/1119
f 1097/1097/1097 1119/1119/1119 1098/1098/1098
f 1098/1098/1098 1119/1119/1119 1120/1120/1120
f 1098/1098/1098 1120/1120/1120 1099/1099/1099
f 1099/1099/1099 1120/1120/1120 1121/1121/1121
f 1099/1099/1099 1121/1121/1121 1100/1100/1100
f 1100/1100/1100 1121/1121/1121 1122/1122/1122
f 1100/1100/1100 1122/1122/1122 1101/1101/1101
f 1101/1101/1101 1122/1122/1122 1123/1123/1123
f 1101/1101/1101 1123/1123/1123 1102/1102/1102
f 1102/1102/1102 1123/1123/1123 1124/1124/1124
f 1102/1102/1102 1124/1124/1124 1103/1103/1103
f 1104/1104/1104 1125/1125/1125 1126/1126/1126
f 1104/1104/1104 1126/1126/1126 1105/1105/1105
f 1105/1105/1105 1126/1126/1126 1127/1127/1127
f 1105/1105/1105 1127/1127/1127 1106/1106/1106
f 1106/1106/1106 1127/1127/1127 1128/1128/1128
f 1106/1106/1106 1128/1128/1128 1107/1107/1107
f 1107/1107/1107 1128/1128/1128 1129/1129/1129
f 1107/1107/1107 1129/1129/1129 1108/1108/1108
f 1108/1108/1108 1129/1129/1129 1130/1130/1130
f 1108/1108/1108 1130/1130/1130 1109/1109/1109
f 1109/1109/1109 1130/1130/1130 1131/1131/1131
f 1109/1109/1109 1131/1131/1131 1110/1110/1110
f 1110/1110/1110 1131/1131/1131 1132/1132/1132
f 1110/1110/1110 1132/1132/1132 1111/1111/1111
f 1111/1111/1111 1132/1132/1132 1133/1133/1133
f 1111/1111/1111 1133/1133/1133 1112/1112/1112
f 1112/1112/1112 1133/1133/1133 1134/1134/1134
f 1112/1112/1112 1134/1134/1134 1113/1113/1113
f 1113/1113/1113 1134/1134/1134 1135/1135/1135
f 1113/1113/1113 1135/1135/1135 1114/1114/1114
f 1114/1114/1114 1135/1135/1135 1136/1136/1136
f 1114/1114/1114 1136/1136/1136 1115/1115/1115
f 1115/1115/1115 1136/1136/1136 1137/1137/1137
f 1115/1115/1115 1137/1137/1137 1116/1116/1116
f 1116/1116/1116 1137/1137/1137 1138/1138/1138
f 1116/1116/1116 1138/1138/1138 1117/1117/1117
f 1117/1117/1117 1138/1138/1138 1139/1139/1139
f 1117/1117/1117 1139/1139/1139 1118/1118/1118
f 1118/1118/1118 1139/1139/1139 1140/1140/1140
f 1118/1118/1118 1140/1140/1140 1119/1119/1119
f 1119/1119/1119 1140/1140/1140 1141/1141/1141
f 1119/1119/1119 1141/1141/1141 1120/1120/1120
f 1120/1120/1120 1141/1141/1141 1142/1142/1142
f 1120/1120/1120 1142/1142/1142 1121/1121/1121
f 1121/1121/1121 1142/1142/1142 1143/1143/1143
f 1121/1121/1121 1143/1143/1143 1122/1122/1122
f 1122/1122/1122 1143/1143/1143 1144/1144/1144
f 1122/1122/1122 1144/1144/1144 1123/1123/1123
f 1123/1123/1123 1144/1144/1144 1145/1145/1145
f 1123/1123/1123 1145/1145/1145 1124/1124/1124
f 1125/1125/1125 1146/1146/1146 1147/1147/1147
f 1125/1125/1125 1147/1147/1147 1126/1126/1126
f 1126/1126/1126 1147/1147/1147 1148/1148/1148
f 1126/1126/1126 1148/1148/1148 1127/1127/1127
f 1127/1127/1127 1148/1148/1148 1149/1149/1149
f 1127/1127/1127 1149/1149/1149 1128/1128/1128
f 1128/1128/1128 1149/1149/1149 1150/1150/1150
f 1128/1128/1128 1150/1150/1150 1129/1129/1129
f 1129/1129/1129 1150/1150/1150 1151/1151/1151
f 1129/1129/1129 1151/1151/1151 1130/1130/1130
f 1130/1130/1130 1151/1151/1151 1152/1152/1152
f 1130/1130/1130 1152/1152/1152 1131/1131/1131
f 1131/1131/1131 1152/1152/1152 1153/1153/1153
f 1131/1131/1131 1153/1153/1153 1132/1132/1132
f 1132/1132/1132 1153/1153/1153 1154/1154/1154
f 1132/1132/1132 1154/1154/1154 1133/1133/1133
f 1133/1133/1133 1154/1154/1154 1155/1155/1155
f 1133/1133/1133 1155/1155/1155 1134/1134/1134
f 1134/1134/1134 1155/1155/1155 1156/1156/1156
f 1134/1134/1134 1156/1156/1156 1135/1135/1135
f 1135/1135/1135 1156/1156/1156 1157/1157/1157
f 1135/1135/1135 1157/1157/1157 1136/1136/1136
f 1136/1136/1136 1157/1157/1157 1158/1158/1158
f 1136/1136/1136 1158/1158/1158 1137/1137/1137
f 1137/1137/1137 1158/1158/1158 1159/1159/1159
f 1137/1137/1137 1159/1159/1159 1138/1138/1138
f 1138/1138/1138 1159/1159/1159 1160/1160/1160
f 1138/1138/1138 1160/1160/1160 1139/1139/1139
f 1139/1139/1139 1160/1160/1160 1161/1161/1161
f 1139/1139/1139 1161/1161/1161 1140/1140/1140
f 1140/1140/1140 1161/1161/1161 1162/1162/1162
f 1140/1140/1140 1162/1162/1162 1141/1141/1141
f 1141/1141/1141 1162/1162/1162 1163/1163/1163
f 1141/1141/1141 1163/1163/1163 1142/1142/1142
f 1142/1142/1142 1163/1163/1163 1164/1164/1164
f 1142/1142/1142 1164/1164/1164 1143/1143/1143
f 1143/1143/1143 1164/1164/1164 1165/1165/1165
f 1143/1143/1143 1165/1165/1165 1144/1144/1144
f 1144/1144/1144 1165/1165/1165 1166/1166/1166
f 1144/1144/1144 1166/1166/1166 1145/1145/1145
f 1146/1146/1146 1167/1167/1167 1168/1168/1168
f 1146/1146/1146 1168/1168/1168 1147/1147/1147
f 1147/1147/1147 1168/1168/1168 1169/1169/1169
f 1147/1147/1147 1169/1169/1169 1148/1148/1148
f 1148/1148/1148 1169/1169/1169 1170/1170/1170
f 1148/1148/1148 1170/1170/1170 1149/1149/1149
f 1149/1149/1149 1170/1170/1170 1171/1171/1171
f 1149/1149/1149 1171/1171/1171 1150/1150/1150
f 1150/1150/1150 1171/1171/1171 1172/1172/1172
f 1150/1150/1150 1172/1172/1172 1151/1151/1151
f 1151/1151/1151 1172/1172/1172 1173/1173/1173
f 1151/1151/1151 1173/1173/1173 1152/1152/1152
f 1152/1152/1152 1173/1173/1173 1174/1174/1174
f 1152/1152/1152 1174/1174/1174 1153/1153/1153
f 1153/1153/1153 1174/1174/1174 1175/1175/1175
f 1153/1153/1153 1175/1175/1175 1154/1154/1154
f 1154/1154/1154 1175/1175/1175 1176/1176/1176
f 1154/1154/1154 1176/1176/1176 1155/1155/1155
f 1155/1155/1155 1176/1176/1176 1177/1177/1177
f 1155/1155/1155 1177/1177/1177 1156/1156/1156
f 1156/1156/1156 1177/1177/1177 1178/1178/1178
f 1156/1156/1156 1178/1178/1178 1157/1157/1157
f 1157/1157/1157 1178/1178/1178 1179/1179/1179
f 1157/1157/1157 1179/1179/1179 1158/1158/1158
f 1158/1158/1158 1179/1179/1179 1180/1180/1180
f 1158/1158/1158 1180/1180/1180 1159/1159/1159
f 1159/1159/1159 1180/1180/1180 1181/1181/1181
f 1159/1159/1159 1181/1181/1181 1160/1160/1160
f 1160/1160/1160 1181/1181/1181 1182/1182/1182
f 1160/1160/1160 1182/1182/1182 1161/1161/1161
f 1161/1161/1161 1182/1182/1182 1183/1183/1183
f 1161/1161/1161 1183/1183/1183 1162/1162/1162
f 1162/1162/1162 1183/1183/1183 1184/1184/1184
f 1162/1162/1162 1184/1184/1184 1163/1163/1163
f 1163/1163/1163 1184/1184/1184 1185/1185/1185
f 1163/1163/1163 1185/1185/1185 1164/1164/1164
f 1164/1164/1164 1185/1185/1185 1186/1186/1186
f 1164/1164/1164 1186/1186/1186 1165/1165/1165
f 1165/1165/1165 1186/1186/1186 1187/1187/1187
f 1165/1165/1165 1187/1187/1187 1166/1166/1166
f 1167/1167/1167 1188/1188/1188 1189/1189/1189
f 1167/1167/1167 1189/1189/1189 1168/1168/1168
f 1168/1168/1168 1189/1189/1189 1190/1190/1190
f 1168/1168/1168 1190/1190/1190 1169/1169/1169
f 1169/1169/1169 1190/1190/1190 1191/1191/1191
f 1169/1169/1169 1191/1191/1191 1170/1170/1170
f 1170/1170/1170 1191/1191/1191 1192/1192/1192
f 1170/1170/1170 1192/1192/1192 1171/1171/1171
f 1171/1171/1171 1192/1192/1192 1193/1193/1193
f 1171/1171/1171 1193/1193/1193 1172/1172/1172
f 1172/1172/1172 1193/1193/1193 1194/1194/1194
f 1172/1172/1172 1194/1194/1194 1173/1173/1173
f 1173/1173/1173 1194/1194/1194 1195/1195/1195
f 1173/1173/1173 1195/1195/1195 1174/1174/1174
f 1174/1174/1174 1195/1195/1195 1196/1196/1196
f 1174/1174/1174 1196/1196/1196 1175/1175/1175
f 1175/1175/1175 1196/1196/1196 1197/1197/1197
f 1175/1175/1175 1197/1197/1197 1176/1176/1176
f 1176/1176/1176 1197/1197/1197 1198/1198/1198
f 1176/1176/1176 1198/1198/1198 1177/1177/1177
f 1177/1177/1177 1198/1198/1198 1199/1199/1199
f 1177/1177/1177 1199/1199/1199 1178/1178/1178
f 1178/1178/1178 1199/1199/1199 1200/1200/1200
f 1178/1178/1178 1200/1200/1200 1179/1179/1179
f 1179/1179/1179 1200/1200/1200 1201/1201/1201
f 1179/1179/1179 1201/1201/1201 1180/1180/1180
f 1180/1180/1180 1201/1201/1201 1202/1202/1202
f 1180/1180/1180 1202/1202/1202 1181/1181/1181
f 1181/1181/1181 1202/1202/1202 1203/1203/1203
f 1181/1181/1181 1203/1203/1203 1182/1182/1182
f 1182/1182/1182 1203/1203/1203 1204/1204/1204
f 1182/1182/1182 1204/1204/1204 1183/1183/1183
f 1183/1183/1183 1204/1204/1204 1205/1205/1205
f 1183/1183/1183 1205/1205/1205 1184/1184/1184
f 1184/1184/1184 1205/1205/1205 1206/1206/1206
f 1184/1184/1184 1206/1206/1206 1185/1185/1185
f 1185/1185/1185 1206/1206/1206 1207/1207/1207
f 1185/1185/1185 1207/1207/1207 1186/1186/1186
f 1186/1186/1186 1207/1207/1207 1208/1208/1208
f 1186/1186/1186 1208/1208/1208 1187/1187/1187
f 1188/1188/1188 1209/1209/1209 1210/1210/1210
f 1188/1188/1188 1210/1210/1210 1189/1189/1189
f 1189/1189/1189 1210/1210/1210 1211/1211/1211
f 1189/1189/1189 1211/1211/1211 1190/1190/1190
f 1190/1190/1190 1211/1211/1211 1212/1212/1212
f 1190/1190/1190 1212/1212/1212 1191/1191/1191
f 1191/1191/1191 1212/1212/1212 1213/1213/1213
f 1191/1191/1191 1213/1213/1213 1192/1192/1192
f 1192/1192/1192 1213/1213/1213 1214/1214/1214
f 1192/1192/1192 1214/1214/1214 1193/1193/1193
f 1193/1193/1193 1214/1214/1214 1215/1215/1215
f 1193/1193/1193 1215/1215/1215 1194/1194/1194
f 1194/1194/1194 1215/1215/1215 1216/1216/1216
f 1194/1194/1194 1216/1216/1216 1195/1195/1195
f 1195/1195/1195 1216/1216/1216 1217/1217/1217
f 1195/1195/1195 1217/1217/1217 1196/1196/1196
f 1196/1196/1196 1217/1217/1217 1218/1218/1218
f 1196/1196/1196 1218/1218/1218 1197/1197/1197
f 1197/1197/1197 1218/1218/1218 1219/1219/1219
f 1197/1197/1197 1219/1219/1219 1198/1198/1198
f 1198/1198/1198 1219/1219/1219 1220/1220/1220
f 1198/1198/1198 1220/1220/1220 1199/1199/1199
f 1199/1199/1199 1220/1220/1220 1221/1221/1221
f 1199/1199/1199 1221/1221/1221 1200/1200/1200
f 1200/1200/1200 1221/1221/1221 1222/1222/1222
f 1200/1200/1200 1222/1222/1222 1201/1201/1201
f 1201/1201/1201 1222/1222/1222 1223/1223/1223
f 1201/1201/1201 1223/1223/1223 1202/1202/1202
f 1202/1202/1202 1223/1223/1223 1224/1224/1224
f 1202/1202/1202 1224/1224/1224 1203/1203/1203
f 1203/1203/1203 1224/1224/1224 1225/1225/1225
f 1203/1203/1203 1225/1225/1225 1204/1204/1204
f 1204/1204/1204 1225/1225/1225 1226/1226/1226
f 1204/1204/1204 1226/1226/1226 1205/1205/1205
f 1205/1205/1205 1226/1226/1226 1227/1227/1227
f 1205/1205/1205 1227/1227/1227 1206/1206/1206
f 1206/1206/1206 1227/1227/1227 1228/1228/1228
f 1206/1206/1206 1228/1228/1228 1207/1207/1207
f 1207/1207/1207 1228/1228/1228 1229/1229/1229
f 1207/1207/1207 1229/1229/1229 1208/1208/1208
f 1209/1209/1209 1230/1230/1230 1231/1231/1231
f 1209/1209/1209 1231/1231/1231 1210/1210/1210
f 1210/1210/1210 1231/1231/1231 1232/1232/1232
f 1210/1210/1210 1232/1232/1232 1211/1211/1211
f 1211/1211/1211 1232/1232/1232 1233/1233/1233
f 1211/1211/1211 1233/1233/1233 1212/1212/1212
f 1212/1212/1212 1233/1233/1233 1234/1234/1234
f 1212/1212/1212 1234/1234/1234 1213/1213/1213
f 1213/1213/1213 1234/1234/1234 1235/1235/1235
f 1213/1213/1213 1235/1235/1235 1214/1214/1214
f 1214/1214/1214 1235/1235/1235 1236/1236/1236
f 1214/1214/1214 1236/1236/1236 1215/1215/1215
f 1215/1215/1215 1236/1236/1236 1237/1237/1237
f 1215/1215/1215 1237/1237/1237 1216/1216/1216
f 1216/1216/1216 1237/1237/1237 1238/1238/1238
f 1216/1216/1216 1238/1238/1238 1217/1217/1217
f 1217/1217/1217 1238/1238/1238 1239/1239/1239
f 1217/1217/1217 1239/1239/1239 1218/1218/1218
f 1218/1218/1218 1239/1239/1239 1240/1240/1240
f 1218/1218/1218 1240/1240/1240 1219/1219/1219
f 1219/1219/1219 1240/1240/1240 1241/1241/1241
f 1219/1219/1219 1241/1241/1241 1220/1220/1220
f 1220/1220/1220 1241/1241/1241 1242/1242/1242
f 1220/1220/1220 1242/1242/1242 1221/1221/1221
f 1221/1221/1221 1242/1242/1242 1243/1243/1243
f 1221/1221/1221 1243/1243/1243 1222/1222/1222
f 1222/1222/1222 1243/1243/1243 1244/1244/1244
f 1222/1222/1222 1244/1244/1244 1223/1223/1223
f 1223/1223/1223 1244/1244/1244 1245/1245/1245
f 1223/1223/1223 1245/1245/1245 1224/1224/1224
f 1224/1224/1224 1245/1245/1245 1246/1246/1246
f 1224/1224/1224 1246/1246/1246 1225/1225/1225
f 1225/1225/1225 1246/1246/1246 1247/1247/1247
f 1225/1225/1225 1247/1247/1247 1226/1226/1226
f 1226/1226/1226 1247/1247/1247 1248/1248/1248
f 1226/1226/1226 1248/1248/1248 1227/1227/1227
f 1227/1227/1227 1248/1248/1248 1249/1249/1249
f 1227/1227/1227 1249/1249/1249 1228/1228/1228
f 1228/1228/1228 1249/1249/1249 1250/1250/1250
f 1228/1228/1228 1250/1250/1250 1229/1229/1229
f 1230/1230/1230 1251/1251/1251 1252/1252/1252
f 1230/1230/1230 1252/1252/1252 1231/1231/1231
f 1231/1231/1231 1252/1252/1252 1253/1253/1253
f 1231/1231/1231 1253/1253/1253 1232/1232/1232
f 1232/1232/1232 1253/1253/1253 1254/1254/1254
f 1232/1232/1232 1254/1254/1254 1233/1233/1233
f 1233/1233/1233 1254/1254/1254 1255/1255/1255
f 1233/1233/1233 1255/1255/1255 1234/1234/1234
f 1234/1234/1234 1255/1255/1255 1256/1256/1256
f 1234/1234/1234 1256/1256/1256 1235/1235/1235
f 1235/1235/1235 1256/1256/1256 1257/1257/1257
f 1235/1235/1235 1257/1257/1257 1236/1236/1236
f 1236/1236/1236 1257/1257/1257 1258/1258/1258
f 1236/1236/1236 1258/1258/1258 1237/1237/1237
f 1237/1237/1237 1258/1258/1258 1259/1259/1259
f 1237/1237/1237 1259/1259/1259 1238/1238/1238
f 1238/1238/1238 1259/1259/1259 1260/1260/1260
f 1238/1238/1238 1260/1260/1260 1239/1239/1239
f 1239/1239/1239 1260/1260/1260 1261/1261/1261
f 1239/1239/1239 1261/1261/1261 1240/1240/1240
f 1240/1240/1240 1261/1261/1261 1262/1262/1262
f 1240/1240/1240 1262/1262/1262 1241/1241/1241
f 1241/1241/1241 1262/1262/1262 1263/1263/1263
f 1241/1241/1241 1263/1263/1263 1242/1242/1242
f 1242/1242/1242 1263/1263/1263 1264/1264/1264
f 1242/1242/1242 1264/1264/1264 1243/1243/1243
f 1243/1243/1243 1264/1264/1264 1265/1265/1265
f 1243/1243/1243 1265/1265/1265 1244/1244/1244
f 1244/1244/1244 1265/1265/1265 1266/1266/1266
f 1244/1244/1244 1266/1266/1266 1245/1245/1245
f 1245/1245/1245 1266/1266/1266 1267/1267/1267
f 1245/1245/1245 1267/1267/1267 1246/1246/1246
f 1246/1246/1246 1267/1267/1267 1268/1268/1268
f 1246/1246/1246 1268/1268/1268 1247/1247/1247
f 1247/1247/1247 1268/1268/1268 1269/1269/1269
f 1247/1247/1247 1269/1269/1269 1248/1248/1248
f 1248/1248/1248 1269/1269/1269 1270/1270/1270
f 1248/1248/1248 1270/1270/1270 1249/1249/1249
f 1249/1249/1249 1270/1270/1270 1271/1271/1271
f 1249/1249/1249 1271/1271/1271 1250/1250/1250
f 1251/1251/1251 1272/1272/1272 1273/1273/1273
f 1251/1251/1251 1273/1273/1273 1252/1252/1252
f 1252/1252/1252 1273/1273/1273 1274/1274/1274
f 1252/1252/1252 1274/1274/1274 1253/1253/1253
f 1253/1253/1253 1274/1274/1274 1275/1275/1275
f 1253/1253/1253 1275/1275/1275 1254/1254/1254
f 1254/1254/1254 1275/1275/1275 1276/1276/1276
f 1254/1254/1254 1276/1276/1276 1255/1255/1255
f 1255/1255/1255 1276/1276/1276 1277/1277/1277
f 1255/1255/1255 1277/1277/1277 1256/1256/1256
f 1256/1256/1256 1277/1277/1277 1278/1278/1278
f 1256/1256/1256 1278/1278/1278 1257/1257/1257
f 1257/1257/1257 1278/1278/1278 1279/1279/1279
f 1257/1257/1257 1279/1279/1279 1258/1258/1258
f 1258/1258/1258 1279/1279/1279 1280/1280/1280
f 1258/1258/1258 1280/1280/1280 1259/1259/1259
f 1259/1259/1259 1280/1280/1280 1281/1281/1281
f 1259/1259/1259 1281/1281/1281 1260/1260/1260
f 1260/1260/1260 1281/1281/1281 1282/1282/1282
f 1260/1260/1260 1282/1282/1282 1261/1261/1261
f 1261/1261/1261 1282/1282/1282 1283/1283/1283
f 1261/1261/1261 1283/1283/1283 1262/1262/1262
f 1262/1262/1262 1283/1283/1283 1284/1284/1284
f 1262/1262/1262 1284/1284/1284 1263/1263/1263
f 1263/1263/1263 1284/1284/1284 1285/1285/1285
f 1263/1263/1263 1285/1285/1285 1264/1264/1264
f 1264/1264/1264 1285/1285/1285 1286/1286/1286
f 1264/1264/1264 1286/1286/1286 1265/1265/1265
f 1265/1265/1265 1286/1286/1286 1287/1287/1287
f 1265/1265/1265 1287/1287/1287 1266/1266/1266
f 1266/1266/1266 1287/1287/1287 1288/1288/1288
f 1266/1266/1266 1288/1288/1288 1267/1267/1267
f 1267/1267/1267 1288/1288/1288 1289/1289/1289
f 1267/1267/1267 1289/1289/1289 1268/1268/1268
f 1268/1268/1268 1289/1289/1289 1290/1290/1290
f 1268/1268/1268 1290/1290/1290 1269/1269/1269
f 1269/1269/1269 1290/1290/1290 1291/1291/1291
f 1269/1269/1269 1291/1291/1291 1270/1270/1270
f 1270/1270/1270 1291/1291/1291 1292/1292/1292
f 1270/1270/1270 1292/1292/1292 1271/1271/1271
f 1272/1272/1272 1293/1293/1293 1294/1294/1294
f 1272/1272/1272 1294/1294/1294 1273/1273/1273
f 1273/1273/1273 1294/1294/1294 1295/1295/1295
f 1273/1273/1273 1295/1295/1295 1274/1274/1274
f 1274/1274/1274 1295/1295/1295 1296/1296/1296
f 1274/1274/1274 1296/1296/1296 1275/1275/1275
f 1275/1275/1275 1296/1296/1296 1297/1297/1297
f 1275/1275/1275 1297/1297/1297 1276/1276/1276
f 1276/1276/1276 1297/1297/1297 1298/1298/1298
f 1276/1276/1276 1298/1298/1298 1277/1277/1277
f 1277/1277/1277 1298/1298/1298 1299/1299/1299
f 1277/1277/1277 1299/1299/1299 1278/1278/1278
f 1278/1278/1278 1299/1299/1299 1300/1300/1300
f 1278/1278/1278 1300/1300/1300 1279/1279/1279
f 1279/1279/1279 1300/1300/1300 1301/1301/1301
f 1279/1279/1279 1301/1301/1301 1280/1280/1280
f 1280/1280/1280 1301/1301/1301 1302/1302/1302
f 1280/1280/1280 1302/1302/1302 1281/1281/1281
f 1281/1281/1281 1302/1302/1302 1303/1303/1303
f 1281/1281/1281 1303/1303/1303 1282/1282/1282
f 1282/1282/1282 1303/1303/1303 1304/1304/1304
f 1282/1282/1282 1304/1304/1304 1283/1283/1283
f 1283/1283/1283 1304/1304/1304 1305/1305/1305
f 1283/1283/1283 1305/1305/1305 1284/1284/1284
f 1284/1284/1284 1305/1305/1305 1306/1306/1306
f 1284/1284/1284 1306/1306/1306 1285/1285/1285
f 1285/1285/1285 1306/1306/1306 1307/1307/1307
f 1285/1285/1285 1307/1307/1307 1286/1286/1286
f 1286/1286/1286 1307/1307/1307 1308/1308/1308
f 1286/1286/1286 1308/1308/1308 1287/1287/1287
f 1287/1287/1287 1308/1308/1308 1309/1309/1309
f 1287/1287/1287 1309/1309/1309 1288/1288/1288
f 1288/1288/1288 1309/1309/1309 1310/1310/1310
f 1288/1288/1288 1310/1310/1310 1289/1289/1289
f 1289/1289/1289 1310/1310/1310 1311/1311/1311
f 1289/1289/1289 1311/1311/1311 1290/1290/1290
f 1290/1290/1290 1311/1311/1311 1312/1312/1312
f 1290/1290/1290 1312/1312/1312 1291/1291/1291
f 1291/1291/1291 1312/1312/1312 1313/1313/1313
f 1291/1291/1291 1313/1313/1313 1292/1292/1292
f 1293/1293/1293 1314/1314/1314 1315/1315/1315
f 1293/1293/1293 1315/1315/1315 1294/1294/1294
f 1294/1294/1294 1315/1315/1315 1316/1316/1316
f 1294/1294/1294 1316/1316/1316 1295/1295/1295
f 1295/1295/1295 1316/1316/1316 1317/1317/1317
f 1295/1295/1295 1317/1317/1317 1296/1296/1296
f 1296/1296/1296 1317/1317/1317 1318/1318/1318
f 1296/1296/1296 1318/1318/1318 1297/1297/1297
f 1297/1297/1297 1318/1318/1318 1319/1319/1319
f 1297/1297/1297 1319/1319/1319 1298/1298/1298
f 1298/1298/1298 1319/1319/1319 1320/1320/1320
f 1298/1298/1298 1320/1320/1320 1299/1299/1299
f 1299/1299/1299 1320/1320/1320 1321/1321/1321
f 1299/1299/1299 1321/1321/1321 1300/1300/1300
f 1300/1300/1300 1321/1321/1321 1322/1322/1322
f 1300/1300/1300 1322/1322/1322 1301/1301/1301
f 1301/1301/1301 1322/1322/1322 1323/1323/1323
f 1301/1301/1301 1323/1323/1323 1302/1302/1302
f 1302/1302/1302 1323/1323/1323 1324/1324/1324
f 1302/1302/1302 1324/1324/1324 1303/1303/1303
f 1303/1303/1303 1324/1324/1324 1325/1325/1325
f 1303/1303/1303 1325/1325/1325 1304/1304/1304
f 1304/1304/1304 1325/1325/1325 1326/1326/1326
f 1304/1304/1304 1326/1326/1326 1305/1305/1305
f 1305/1305/1305 1326/1326/1326 1327/1327/1327
f 1305/1305/1305 1327/1327/1327 1306/1306/1306
f 1306/1306/1306 1327/1327/1327 1328/1328/1328
f 1306/1306/1306 1328/1328/1328 1307/1307/1307
f 1307/1307/1307 1328/1328/1328 1329/1329/1329
f 1307/1307/1307 1329/1329/1329 1308/1308/1308
f 1308/1308/1308 1329/1329/1329 1330/1330/1330
f 1308/1308/1308 1330/1330/1330 1309/1309/1309
f 1309/1309/1309 1330/1330/1330 1331/1331/1331
f 1309/1309/1309 1331/1331/1331 1310/1310/1310
f 1310/1310/1310 1331/1331/1331 1332/1332/1332
f 1310/1310/1310 1332/1332/1332 1311/1311/1311
f 1311/1311/1311 1332/1332/1332 1333/1333/1333
f 1311/1311/1311 1333/1333/1333 1312/1312/1312
f 1312/1312/1312 1333/1333/1333 1334/1334/1334
f 1312/1312/1312 1334/1334/1334 1313/1313/1313
f 1314/1314/1314 1335/1335/1335 1336/1336/1336
f 1314/1314/1314 1336/1336/1336 1315/1315/1315
f 1315/1315/1315 1336/1336/1336 1337/1337/1337
f 1315/1315/1315 1337/1337/1337 1316/1316/1316
f 1316/1316/1316 1337/1337/1337 1338/1338/1338
f 1316/1316/1316 1338/1338/1338 1317/1317/1317
f 1317/1317/1317 1338/1338/1338 1339/1339/1339
f 1317/1317/1317 1339/1339/1339 1318/1318/1318
f 1318/1318/1318 1339/1339/1339 1340/1340/1340
f 1318/1318/1318 1340/1340/1340 1319/1319/1319
f 1319/1319/1319 1340/1340/1340 1341/1341/1341
f 1319/1319/1319 1341/1341/1341 1320/1320/1320
f 1320/1320/1320 1341/1341/1341 1342/1342/1342
f 1320/1320/1320 1342/1342/1342 1321/1321/1321
f 1321/1321/1321 1342/1342/1342 1343/1343/1343
f 1321/1321/1321 1343/1343/1343 1322/1322/1322
f 1322/1322/1322 1343/1343/1343 1344/1344/1344
f 1322/1322/1322 1344/1344/1344 1323/1323/1323
f 1323/1323/1323 1344/1344/1344 1345/1345/1345
f 1323/1323/1323 1345/1345/1345 1324/1324/1324
f 1324/1324/1324 1345/1345/1345 1346/1346/1346
f 1324/1324/1324 1346/1346/1346 1325/1325/1325
f 1325/1325/1325 1346/1346/1346 1347/1347/1347
f 1325/1325/1325 1347/1347/1347 1326/1326/1326
f 1326/1326/1326 1347/1347/1347 1348/1348/1348
f 1326/1326/1326 1348/1348/1348 1327/1327/1327
f 1327/1327/1327 1348/1348/1348 1349/1349/1349
f 1327/1327/1327 1349/1349/1349 1328/1328/1328
f 1328/1328/1328 1349/1349/1349 1350/1350/1350
f 1328/1328/1328 1350/1350/1350 1329/1329/1329
f 1329/1329/1329 1350/1350/1350 1351/1351/1351
f 1329/1329/1329 1351/1351/1351 1330/1330/1330
f 1330/1330/1330 1351/1351/1351 1352/1352/1352
f 1330/1330/1330 1352/1352/1352 1331/1331/1331
f 1331/1331/1331 1352/1352/1352 1353/1353/1353
f 1331/1331/1331 1353/1353/1353 1332/1332/1332
f 1332/1332/1332 1353/1353/1353 1354/1354/1354
f 1332/1332/1332 1354/1354/1354 1333/1333/1333
f 1333/1333/1333 1354/1354/1354 1355/1355/1355
f 1333/1333/1333 1355/1355/1355 1334/1334/1334
f 1335/1335/1335 1356/1356/1356 1357/1357/1357
f 1335/1335/1335 1357/1357/1357 1336/1336/1336
f 1336/1336/1336 1357/1357/1357 1358/1358/1358
f 1336/1336/1336 1358/1358/1358 1337/1337/1337
f 1337/1337/1337 1358/1358/1358 1359/1359/1359
f 1337/1337/1337 1359/1359/1359 1338/1338/1338
f 1338/1338/1338 1359/1359/1359 1360/1360/1360
f 1338/1338/1338 1360/1360/1360 1339/1339/1339
f 1339/1339/1339 1360/1360/1360 1361/1361/1361
f 1339/1339/1339 1361/1361/1361 1340/1340/1340
f 1340/1340/1340 1361/1361/1361 1362/1362/1362
f 1340/1340/1340 1362/1362/1362 1341/1341/1341
f 1341/1341/1341 1362/1362/1362 1363/1363/1363
f 1341/1341/1341 1363/1363/1363 1342/1342/1342
f 1342/1342/1342 1363/1363/1363 1364/1364/1364
f 1342/1342/1342 1364/1364/1364 1343/1343/1343
f 1343/1343/1343 1364/1364/1364 1365/1365/1365
f 1343/1343/1343 1365/1365/1365 1344/1344/1344
f 1344/1344/1344 1365/1365/1365 1366/1366/1366
f 1344/1344/1344 1366/1366/1366 1345/1345/1345
f 1345/1345/1345 1366/1366/1366 1367/1367/1367
f 1345/1345/1345 1367/1367/1367 1346/1346/1346
f 1346/1346/1346 1367/1367/1367 1368/1368/1368
f 1346/1346/1346 1368/1368/1368 1347/1347/1347
f 1347/1347/1347 1368/1368/1368 1369/1369/1369
f 1347/1347/1347 1369/1369/1369 1348/1348/1348
f 1348/1348/1348 1369/1369/1369 1370/1370/1370
f 1348/1348/1348 1370/1370/1370 1349/1349/1349
f 1349/1349/1349 1370/1370/1370 1371/1371/1371
f 1349/1349/1349 1371/1371/1371 1350/1350/1350
f 1350/1350/1350 1371/1371/1371 1372/1372/1372
f 1350/1350/1350 1372/1372/1372 1351/1351/1351
f 1351/1351/1351 1372/1372/1372 1373/1373/1373
f 1351/1351/1351 1373/1373/1373 1352/1352/1352
f 1352/1352/1352 1373/1373/1373 1374/1374/1374
f 1352/1352/1352 1374/1374/1374 1353/1353/1353
f 1353/1353/1353 1374/1374/1374 1375/1375/1375
f 1353/1353/1353 1375/1375/1375 1354/1354/1354
f 1354/1354/1354 1375/1375/1375 1376/1376/1376
f 1354/1354/1354 1376/1376/1376 1355/1355/1355
f 1356/1356/1356 1377/1377/1377 1378/1378/1378
f 1356/1356/1356 1378/1378/1378 1357/1357/1357
f 1357/1357/1357 1378/1378/1378 1379/1379/1379
f 1357/1357/1357 1379/1379/1379 1358/1358/1358
f 1358/1358/1358 1379/1379/1379 1380/1380/1380
f 1358/1358/1358 1380/1380/1380 1359/1359/1359
f 1359/1359/1359 1380/1380/1380 1381/1381/1381
f 1359/1359/1359 1381/1381/1381 1360/1360/1360
f 1360/1360/1360 1381/1381/1381 1382/1382/1382
f 1360/1360/1360 1382/1382/1382 1361/1361/1361
f 1361/1361/1361 1382/1382/1382 1383/1383/1383
f 1361/1361/1361 1383/1383/1383 1362/1362/1362
f 1362/1362/1362 1383/1383/1383 1384/1384/1384
f 1362/1362/1362 1384/1384/1384 1363/1363/1363
f 1363/1363/1363 1384/1384/1384 1385/1385/1385
f 1363/1363/1363 1385/1385/1385 1364/1364/1364
f 1364/1364/1364 1385/1385/1385 1386/1386/1386
f 1364/1364/1364 1386/1386/1386 1365/1365/1365
f 1365/1365/1365 1386/1386/1386 1387/1387/1387
f 1365/1365/1365 1387/1387/1387 1366/1366/1366
f 1366/1366/1366 1387/1387/1387 1388/1388/1388
f 1366/1366/1366 1388/1388/1388 1367/1367/1367
f 1367/1367/1367 1388/1388/1388 1389/1389/1389
f 1367/1367/1367 1389/1389/1389 1368/1368/1368
f 1368/1368/1368 1389/1389/1389 1390/1390/1390
f 1368/1368/1368 1390/1390/1390 1369/1369/1369
f 1369/1369/1369 1390/1390/1390 1391/1391/1391
f 1369/1369/1369 1391/1391/1391 1370/1370/1370
f 1370/1370/1370 1391/1391/1391 1392/1392/1392
f 1370/1370/1370 1392/1392/1392 1371/1371/1371
f 1371/1371/1371 1392/1392/1392 1393/1393/1393
f 1371/1371/1371 1393/1393/1393 1372/1372/1372
f 1372/1372/1372 1393/1393/1393 1394/1394/1394
f 1372/1372/1372 1394/1394/1394 1373/1373/1373
f 1373/1373/1373 1394/1394/1394 1395/1395/1395
f 1373/1373/1373 1395/1395/1395 1374/1374/1374
f 1374/1374/1374 1395/1395/1395 1396/1396/1396
f 1374/1374/1374 1396/1396/1396 1375/1375/1375
f 1375/1375/1375 1396/1396/1396 1397/1397/1397
f 1375/1375/1375 1397/1397/1397 1376/1376/1376
f 1377/1377/1377 1398/1398/1398 1399/1399/1399
f 1377/1377/1377 1399/1399/1399 1378/1378/1378
f 1378/1378/1378 1399/1399/1399 1400/1400/1400
f 1378/1378/1378 1400/1400/1400 1379/1379/1379
f 1379/1379/1379 1400/1400/1400 1401/1401/1401
f 1379/1379/1379 1401/1401/1401 1380/1380/1380
f 1380/1380/1380 1401/1401/1401 1402/1402/1402
f 1380/1380/1380 1402/1402/1402 1381/1381/1381
f 1381/1381/1381 1402/1402/1402 1403/1403/1403
f 1381/1381/1381 1403/1403/1403 1382/1382/1382
f 1382/1382/1382 1403/1403/1403 1404/1404/1404
f 1382/1382/1382 1404/1404/1404 1383/1383/1383
f 1383/1383/1383 1404/1404/1404 1405/1405/1405
f 1383/1383/1383 1405/1405/1405 1384/1384/1384
f 1384/1384/1384 1405/1405/1405 1406/1406/1406
f 1384/1384/1384 1406/1406/1406 1385/1385/1385
f 1385/1385/1385 1406/1406/1406 1407/1407/1407
f 1385/1385/1385 1407/1407/1407 1386/1386/1386
f 1386/1386/1386 1407/1407/1407 1408/1408/1408
f 1386/1386/1386 1408/1408/1408 1387/1387/1387
f 1387/1387/1387 1408/1408/1408 1409/1409/1409
f 1387/1387/1387 1409/1409/1409 1388/1388/1388
f 1388/1388/1388 1409/1409/1409 1410/1410/1410
f 1388/1388/1388 1410/1410/1410 1389/1389/1389
f 1389/1389/1389 1410/1410/1410 1411/1411/1411
f 1389/1389/1389 1411/1411/1411 1390/1390/1390
f 1390/1390/1390 1411/1411/1411 1412/1412/1412
f 1390/1390/1390 1412/1412/1412 1391/1391/1391
f 1391/1391/1391 1412/1412/1412 1413/1413/1413
f 1391/1391/1391 1413/1413/1413 1392/1392/1392
f 1392/1392/1392 1413/1413/1413 1414/1414/1414
f 1392/1392/1392 1414/1414/1414 1393/1393/1393
f 1393/1393/1393 1414/1414/1414 1415/1415/1415
f 1393/1393/1393 1415/1415/1415 1394/1394/1394
f 1394/1394/1394 1415/1415/1415 1416/1416/1416
f 1394/1394/1394 1416/1416/1416 1395/1395/1395
f 1395/1395/1395 1416/1416/1416 1417/1417/1417
f 1395/1395/1395 1417/1417/1417 1396/1396/1396
f 1396/1396/1396 1417/1417/1417 1418/1418/1418
f 1396/1396/1396 1418/1418/1418 1397/1397/1397
f 1398/1398/1398 1419/1419/1419 1420/1420/1420
f 1398/1398/1398 1420/1420/1420 1399/1399/1399
f 1399/1399/1399 1420/1420/1420 1421/1421/1421
f 1399/1399/1399 1421/1421/1421 1400/1400/1400
f 1400/1400/1400 1421/1421/1421 1422/1422/1422
f 1400/1400/1400 1422/1422/1422 1401/1401/1401
f 1401/1401/1401 1422/1422/1422 1423/1423/1423
f 1401/1401/1401 1423/1423/1423 1402/1402/1402
f 1402/1402/1402 1423/1423/1423 1424/1424/1424
f 1402/1402/1402 1424/1424/1424 1403/1403/1403
f 1403/1403/1403 1424/1424/1424 1425/1425/1425
f 1403/1403/1403 1425/1425/1425 1404/1404/1404
f 1404/1404/1404 1425/1425/1425 1426/1426/1426
f 1404/1404/1404 1426/1426/1426 1405/1405/1405
f 1405/1405/1405 1426/1426/1426 1427/1427/1427
f 1405/1405/1405 1427/1427/1427 1406/1406/1406
f 1406/1406/1406 1427/1427/1427 1428/1428/1428
f 1406/1406/1406 1428/1428/1428 1407/1407/1407
f 1407/1407/1407 1428/1428/1428 1429/1429/1429
f 1407/1407/1407 1429/1429/1429 1408/1408/1408
f 1408/1408/1408 1429/1429/1429 1430/1430/1430
f 1408/1408/1408 1430/1430/1430 1409/1409/1409
f 1409/1409/1409 1430/1430/1430 1431/1431/1431
f 1409/1409/1409 1431/1431/1431 1410/1410/1410
f 1410/1410/1410 1431/1431/1431 1432/1432/1432
f 1410/1410/1410 1432/1432/1432 1411/1411/1411
f 1411/1411/1411 1432/1432/1432 1433/1433/1433
f 1411/1411/1411 1433/1433/1433 1412/1412/1412
f 1412/1412/1412 1433/1433/1433 1434/1434/1434
f 1412/1412/1412 1434/1434/1434 1413/1413/1413
f 1413/1413/1413 1434/1434/1434 1435/1435/1435
f 1413/1413/1413 1435/1435/1435 1414/1414/1414
f 1414/1414/1414 1435/1435/1435 1436/1436/1436
f 1414/1414/1414 1436/1436/1436 1415/1415/1415
f 1415/1415/1415 1436/1436/1436 1437/1437/1437
f 1415/1415/1415 1437/1437/1437 1416/1416/1416
f 1416/1416/1416 1437/1437/1437 1438/1438/1438
f 1416/1416/1416 1438/1438/1438 1417/1417/1417
f 1417/1417/1417 1438/1438/1438 1439/1439/1439
f 1417/1417/1417 1439/1439/1439 1418/1418/1418
f 1419/1419/1419 1440/1440/1440 1441/1441/1441
f 1419/1419/1419 1441/1441/1441 1420/1420/1420
f 1420/1420/1420 1441/1441/1441 1442/1442/1442
f 1420/1420/1420 1442/1442/1442 1421/1421/1421
f 1421/1421/1421 1442/1442/1442 1443/1443/1443
f 1421/1421/1421 1443/1443/1443 1422/1422/1422
f 1422/1422/1422 1443/1443/1443 1444/1444/1444
f 1422/1422/1422 1444/1444/1444 1423/1423/1423
f 1423/1423/1423 1444/1444/1444 1445/1445/1445
f 1423/1423/1423 1445/1445/1445 1424/1424/1424
f 1424/1424/1424 1445/1445/1445 1446/1446/1446
f 1424/1424/1424 1446/1446/1446 1425/1425/1425
f 1425/1425/1425 1446/1446/1446 1447/1447/1447
f 1425/1425/1425 1447/1447/1447 1426/1426/1426
f 1426/1426/1426 1447/1447/1447 1448/1448/1448
f 1426/1426/1426 1448/1448/1448 1427/1427/1427
f 1427/1427/1427 1448/1448/1448 1449/1449/1449
f 1427/1427/1427 1449/1449/1449 1428/1428/1428
f 1428/1428/1428 1449/1449/1449 1450/1450/1450
f 1428/1428/1428 1450/1450/1450 1429/1429/1429
f 1429/1429/1429 1450/1450/1450 1451/1451/1451
f 1429/1429/1429 1451/1451/1451 1430/1430/1430
f 1430/1430/1430 1451/1451/1451 1452/1452/1452
f 1430/1430/1430 1452/1452/1452 1431/1431/1431
f 1431/1431/1431 1452/1452/1452 1453/1453/1453
f 1431/1431/1431 1453/1453/1453 1432/1432/1432
f 1432/1432/1432 1453/1453/1453 1454/1454/1454
f 1432/1432/1432 1454/1454/1454 1433/1433/1433
f 1433/1433/1433 1454/1454/1454 1455/1455/1455
f 1433/1433/1433 1455/1455/1455 1434/1434/1434
f 1434/1434/1434 1455/1455/1455 1456/1456/1456
f 1434/1434/1434 1456/1456/1456 1435/1435/1435
f 1435/1435/1435 1456/1456/1456 1457/1457/1457
f 1435/1435/1435 1457/1457/1457 1436/1436/1436
f 1436/1436/1436 1457/1457/1457 1458/1458/1458
f 1436/1436/1436 1458/1458/1458 1437/1437/1437
f 1437/1437/1437 1458/1458/1458 1459/1459/1459
f 1437/1437/1437 1459/1459/1459 1438/1438/1438
f 1438/1438/1438 1459/1459/1459 1460/1460/1460
f 1438/1438/1438 1460/1460/1460 1439/1439/1439
f 1440/1440/1440 1461/1461/1461 1462/1462/1462
f 1440/1440/1440 1462/1462/1462 1441/1441/1441
f 1441/1441/1441 1462/1462/1462 1463/1463/1463
f 1441/1441/1441 1463/1463/1463 1442/1442/1442
f 1442/1442/1442 1463/1463/1463 1464/1464/1464
f 1442/1442/1442 1464/1464/1464 1443/1443/1443
f 1443/1443/1443 1464/1464/1464 1465/1465/1465
f 1443/1443/1443 1465/1465/1465 1444/1444/1444
f 1444/1444/1444 1465/1465/1465 1466/1466/1466
f 1444/1444/1444 1466/1466/1466 1445/1445/1445
f 1445/1445/1445 1466/1466/1466 1467/1467/1467
f 1445/1445/1445 1467/1467/1467 1446/1446/1446
f 1446/1446/1446 1467/1467/1467 1468/1468/1468
f 1446/1446/1446 1468/1468/1468 1447/1447/1447
f 1447/1447/1447 1468/1468/1468 1469/1469/1469
f 1447/1447/1447 1469/1469/1469 1448/1448/1448
f 1448/1448/1448 1469/1469/1469 1470/1470/1470
f 1448/1448/1448 1470/1470/1470 1449/1449/1449
f 1449/1449/1449 1470/1470/1470 1471/1471/1471
f 1449/1449/1449 1471/1471/1471 1450/1450/1450
f 1450/1450/1450 1471/1471/1471 1472/1472/1472
f 1450/1450/1450 1472/1472/1472 1451/1451/1451
f 1451/1451/1451 1472/1472/1472 1473/1473/1473
f 1451/1451/1451 1473/1473/1473 1452/1452/1452
f 1452/1452/1452 1473/1473/1473 1474/1474/1474
f 1452/1452/1452 1474/1474/1474 1453/1453/1453
f 1453/1453/1453 1474/1474/1474 1475/1475/1475
f 1453/1453/1453 1475/1475/1475 1454/1454/1454
f 1454/1454/1454 1475/1475/1475 1476/1476/1476
f 1454/1454/1454 1476/1476/1476 1455/1455/1455
f 1455/1455/1455 1476/1476/1476 1477/1477/1477
f 1455/1455/1455 1477/1477/1477 1456/1456/1456
f 1456/1456/1456 1477/1477/1477 1478/1478/1478
f 1456/1456/1456 1478/1478/1478 1457/1457/1457
f 1457/1457/1457 1478/1478/1478 1479/1479/1479
f 1457/1457/1457 1479/1479/1479 1458/1458/1458
f 1458/1458/1458 1479/1479/1479 1480/1480/1480
f 1458/1458/1458 1480/1480/1480 1459/1459/1459
f 1459/1459/1459 1480/1480/1480 1481/1481/1481
f 1459/1459/1459 1481/1481/1481 1460/1460/1460
f 1461/1461/1461 1482/1482/1482 1483/1483/1483
f 1461/1461/1461 1483/1483/1483 1462/1462/1462
f 1462/1462/1462 1483/1483/1483 1484/1484/1484
f 1462/1462/1462 1484/1484/1484 1463/1463/1463
f 1463/1463/1463 1484/1484/1484 1485/1485/1485
f 1463/1463/1463 1485/1485/1485 1464/1464/1464
f 1464/1464/1464 1485/1485/1485 1486/1486/1486
f 1464/1464/1464 1486/1486/1486 1465/1465/1465
f 1465/1465/1465 1486/1486/1486 1487/1487/1487
f 1465/1465/1465 1487/1487/1487 1466/1466/1466
f 1466/1466/1466 1487/1487/1487 1488/1488/1488
f 1466/1466/1466 1488/1488/1488 1467/1467/1467
f 1467/1467/1467 1488/1488/1488 1489/1489/1489
f 1467/1467/1467 1489/1489/1489 1468/1468/1468
f 1468/1468/1468 1489/1489/1489 1490/1490/1490
f 1468/1468/1468 1490/1490/1490 1469/1469/1469
f 1469/1469/1469 1490/1490/1490 1491/1491/1491
f 1469/1469/1469 1491/1491/1491 1470/1470/1470
f 1470/1470/1470 1491/1491/1491 1492/1492/1492
f 1470/1470/1470 1492/1492/1492 1471/1471/1471
f 1471/1471/1471 1492/1492/1492 1493/1493/1493
f 1471/1471/1471 1493/1493/1493 1472/1472/1472
f 1472/1472/1472 1493/1493/1493 1494/1494/1494
f 1472/1472/1472 1494/1494/1494 1473/1473/1473
f 1473/1473/1473 1494/1494/1494 1495/1495/1495
f 1473/1473/1473 1495/1495/1495 1474/1474/1474
f 1474/1474/1474 1495/1495/1495 1496/1496/1496
f 1474/1474/1474 1496/1496/1496 1475/1475/1475
f 1475/1475/1475 1496/1496/1496 1497/1497/1497
f 1475/1475/1475 1497/1497/1497 1476/1476/1476
f 1476/1476/1476 1497/1497/1497 1498/1498/1498
f 1476/1476/1476 1498/1498/1498 1477/1477/1477
f 1477/1477/1477 1498/1498/1498 1499/1499/1499
f 1477/1477/1477 1499/1499/1499 1478/1478/1478
f 1478/1478/1478 1499/1499/1499 1500/1500/1500
f 1478/1478/1478 1500/1500/1500 1479/1479/1479
f 1479/1479/1479 1500/1500/1500 1501/1501/1501
f 1479/1479/1479 1501/1501/1501 1480/1480/1480
f 1480/1480/1480 1501/1501/1501 1502/1502/1502
f 1480/1480/1480 1502/1502/1502 1481/1481/1481
f 1482/1482/1482 1503/1503/1503 1504/1504/1504
f 1482/1482/1482 1504/1504/1504 1483/1483/1483
f 1483/1483/1483 1504/1504/1504 1505/1505/1505
f 1483/1483/1483 1505/1505/1505 1484/1484/1484
f 1484/1484/1484 1505/1505/1505 1506/1506/1506
f 1484/1484/1484 1506/1506/1506 1485/1485/1485
f 1485/1485/1485 1506/1506/1506 1507/1507/1507
f 1485/1485/1485 1507/1507/1507 1486/1486/1486
f 1486/1486/1486 1507/1507/1507 1508/1508/1508
f 1486/1486/1486 1508/1508/1508 1487/1487/1487
f 1487/1487/1487 1508/1508/1508 1509/1509/1509
f 1487/1487/1487 1509/1509/1509 1488/1488/1488
f 1488/1488/1488 1509/1509/1509 1510/1510/1510
f 1488/1488/1488 1510/1510/1510 1489/1489/1489
f 1489/1489/1489 1510/1510/1510 1511/1511/1511
f 1489/1489/1489 1511/1511/1511 1490/1490/1490
f 1490/1490/1490 1511/1511/1511 1512/1512/1512
f 1490/1490/1490 1512/1512/1512 1491/1491/1491
f 1491/1491/1491 1512/1512/1512 1513/1513/1513
f 1491/1491/1491 1513/1513/1513 1492/1492/1492
f 1492/1492/1492 1513/1513/1513 1514/1514/1514
f 1492/1492/1492 1514/1514/1514 1493/1493/1493
f 1493/1493/1493 1514/1514/1514 1515/1515/1515
f 1493/1493/1493 1515/1515/1515 1494/1494/1494
f 1494/1494/1494 1515/1515/1515 1516/1516/1516
f 1494/1494/1494 1516/1516/1516 1495/1495/1495
f 1495/1495/1495 1516/1516/1516 1517/1517/1517
f 1495/1495/1495 1517/1517/1517 1496/1496/1496
f 1496/1496/1496 1517/1517/1517 1518/1518/1518
f 1496/1496/1496 1518/1518/1518 1497/1497/1497
f 1497/1497/1497 1518/1518/1518 1519/1519/1519
f 1497/1497/1497 1519/1519/1519 1498/1498/1498
f 1498/1498/1498 1519/1519/1519 1520/1520/1520
f 1498/1498/1498 1520/1520/1520 1499/1499/1499
f 1499/1499/1499 1520/1520/1520 1521/1521/1521
f 1499/1499/1499 1521/1521/1521 1500/1500/1500
f 1500/1500/1500 1521/1521/1521 1522/1522/1522
f 1500/1500/1500 1522/1522/1522 1501/1501/1501
f 1501/1501/1501 1522/1522/1522 1523/1523/1523
f 1501/1501/1501 1523/1523/1523 1502/1502/1502
f 1503/1503/1503 1524/1524/1524 1525/1525/1525
f 1503/1503/1503 1525/1525/1525 1504/1504/1504
f 1504/1504/1504 1525/1525/1525 1526/1526/1526
f 1504/1504/1504 1526/1526/1526 1505/1505/1505
f 1505/1505/1505 1526/1526/1526 1527/1527/1527
f 1505/1505/1505 1527/1527/1527 1506/1506/1506
f 1506/1506/1506 1527/1527/1527 1528/1528/1528
f 1506/1506/1506 1528/1528/1528 1507/1507/1507
f 1507/1507/1507 1528/1528/1528 1529/1529/1529
f 1507/1507/1507 1529/1529/1529 1508/1508/1508
f 1508/1508/1508 1529/1529/1529 1530/1530/1530
f 1508/1508/1508 1530/1530/1530 1509/1509/1509
f 1509/1509/1509 1530/1530/1530 1531/1531/1531
f 1509/1509/1509 1531/1531/1531 1510/1510/1510
f 1510/1510/1510 1531/1531/1531 1532/1532/1532
f 1510/1510/1510 1532/1532/1532 1511/1511/1511
f 1511/1511/1511 1532/1532/1532 1533/1533/1533
f 1511/1511/1511 1533/1533/1533 1512/1512/1512
f 1512/1512/1512 1533/1533/1533 1534/1534/1534
f 1512/1512/1512 1534/1534/1534 1513/1513/1513
f 1513/1513/1513 1534/1534/1534 1535/1535/1535
f 1513/1513/1513 1535/1535/1535 1514/1514/1514
f 1514/1514/1514 1535/1535/1535 1536/1536/1536
f 1514/1514/1514 1536/1536/1536 1515/1515/1515
f 1515/1515/1515 1536/1536/1536 1537/1537/1537
f 1515/1515/1515 1537/1537/1537 1516/1516/1516
f 1516/1516/1516 1537/1537/1537 1538/1538/1538
f 1516/1516/1516 1538/1538/1538 1517/1517/1517
f 1517/1517/1517 1538/1538/1538 1539/1539/1539
f 1517/1517/1517 1539/1539/1539 1518/1518/1518
f 1518/1518/1518 1539/1539/1539 1540/1540/1540
f 1518/1518/1518 1540/1540/1540 1519/1519/1519
f 1519/1519/1519 1540/1540/1540 1541/1541/1541
f 1519/1519/1519 1541/1541/1541 1520/1520/1520
f 1520/1520/1520 1541/1541/1541 1542/1542/1542
f 1520/1520/1520 1542/1542/1542 1521/1521/1521
f 1521/1521/1521 1542/1542/1542 1543/1543/1543
f 1521/1521/1521 1543/1543/1543 1522/1522/1522
f 1522/1522/1522 1543/1543/1543 1544/1544/1544
f 1522/1522/1522 1544/1544/1544 1523/1523/1523
f 1524/1524/1524 1545/1545/1545 1546/1546/1546
f 1524/1524/1524 1546/1546/1546 1525/1525/1525
f 1525/1525/1525 1546/1546/1546 1547/1547/1547
f 1525/1525/1525 1547/1547/1547 1526/1526/1526
f 1526/1526/1526 1547/1547/1547 1548/1548/1548
f 1526/1526/1526 1548/1548/1548 1527/1527/1527
f 1527/1527/1527 1548/1548/1548 1549/1549/1549
f 1527/1527/1527 1549/1549/1549 1528/1528/1528
f 1528/1528/1528 1549/1549/1549 1550/1550/1550
f 1528/1528/1528 1550/1550/1550 1529/1529/1529
f 1529/1529/1529 1550/1550/1550 1551/1551/1551
f 1529/1529/1529 1551/1551/1551 1530/1530/1530
f 1530/1530/1530 1551/1551/1551 1552/1552/1552
f 1530/1530/1530 1552/1552/1552 1531/1531/1531
f 1531/1531/1531 1552/1552/1552 1553/1553/1553
f 1531/1531/1531 1553/1553/1553 1532/1532/1532
f 1532/1532/1532 1553/1553/1553 1554/1554/1554
f 1532/1532/1532 1554/1554/1554 1533/1533/1533
f 1533/1533/1533 1554/1554/1554 1555/1555/1555
f 1533/1533/1533 1555/1555/1555 1534/1534/1534
f 1534/1534/1534 1555/1555/1555 1556/1556/1556
f 1534/1534/1534 1556/1556/1556 1535/1535/1535
f 1535/1535/1535 1556/1556/1556 1557/1557/1557
f 1535/1535/1535 1557/1557/1557 1536/1536/1536
f 1536/1536/1536 1557/1557/1557 1558/1558/1558
f 1536/1536/1536 1558/1558/1558 1537/1537/1537
f 1537/1537/1537 1558/1558/1558 1559/1559/1559
f 1537/1537/1537 1559/1559/1559 1538/1538/1538
f 1538/1538/1538 1559/1559/1559 1560/1560/1560
f 1538/1538/1538 1560/1560/1560 1539/1539/1539
f 1539/1539/1539 1560/1560/1560 1561/1561/1561
f 1539/1539/1539 1561/1561/1561 1540/1540/1540
f 1540/1540/1540 1561/1561/1561 1562/1562/1562
f 1540/1540/1540 1562/1562/1562 1541/1541/1541
f 1541/1541/1541 1562/1562/1562 1563/1563/1563
f 1541/1541/1541 1563/1563/1563 1542/1542/1542
f 1542/1542/1542 1563/1563/1563 1564/1564/1564
f 1542/1542/1542 1564/1564/1564 1543/1543/1543
f 1543/1543/1543 1564/1564/1564 1565/1565/1565
f 1543/1543/1543 1565/1565/1565 1544/1544/1544
f 1545/1545/1545 1566/1566/1566 1567/1567/1567
f 1545/1545/1545 1567/1567/1567 1546/1546/1546
f 1546/1546/1546 1567/1567/1567 1568/1568/1568
f 1546/1546/1546 1568/1568/1568 1547/1547/1547
f 1547/1547/1547 1568/1568/1568 1569/1569/1569
f 1547/1547/1547 1569/1569/1569 1548/1548/1548
f 1548/1548/1548 1569/1569/1569 1570/1570/1570
f 1548/1548/1548 1570/1570/1570 1549/1549/1549
f 1549/1549/1549 1570/1570/1570 1571/1571/1571
f 1549/1549/1549 1571/1571/1571 1550/1550/1550
f 1550/1550/1550 1571/1571/1571 1572/1572/1572
f 1550/1550/1550 1572/1572/1572 1551/1551/1551
f 1551/1551/1551 1572/1572/1572 1573/1573/1573
f 1551/1551/1551 1573/1573/1573 1552/1552/1552
f 1552/1552/1552 1573/1573/1573 1574/1574/1574
f 1552/1552/1552 1574/1574/1574 1553/1553/1553
f 1553/1553/1553 1574/1574/1574 1575/1575/1575
f 1553/1553/1553 1575/1575/1575 1554/1554/1554
f 1554/1554/1554 1575/1575/1575 1576/1576/1576
f 1554/1554/1554 1576/1576/1576 1555/1555/1555
f 1555/1555/1555 1576/1576/1576 1577/1577/1577
f 1555/1555/1555 1577/1577/1577 1556/1556/1556
f 1556/1556/1556 1577/1577/1577 1578/1578/1578
f 1556/1556/1556 1578/1578/1578 1557/1557/1557
f 1557/1557/1557 1578/1578/1578 1579/1579/1579
f 1557/1557/1557 1579/1579/1579 1558/1558/1558
f 1558/1558/1558 1579/1579/1579 1580/1580/1580
f 1558/1558/1558 1580/1580/1580 1559/1559/1559
f 1559/1559/1559 1580/1580/1580 1581/1581/1581
f 1559/1559/1559 1581/1581/1581 1560/1560/1560
f 1560/1560/1560 1581/1581/1581 1582/1582/1582
f 1560/1560/1560 1582/1582/1582 1561/1561/1561
f 1561/1561/1561 1582/1582/1582 1583/1583/1583
f 1561/1561/1561 1583/1583/1583 1562/1562/1562
f 1562/1562/1562 1583/1583/1583 1584/1584/1584
f 1562/1562/1562 1584/1584/1584 1563/1563/1563
f 1563/1563/1563 1584/1584/1584 1585/1585/1585
f 1563/1563/1563 1585/1585/1585 1564/1564/1564
f 1564/1564/1564 1585/1585/1585 1586/1586/1586
f 1564/1564/1564 1586/1586/1586 1565/1565/1565
f 1587/1587/1587 1606/1606/1606 1607/1607/1607
f 1587/1587/1587 1607/1607/1607 1588/1588/1588
f 1588/1588/1588 1607/1607/1607 1608/1608/1608
f 1588/1588/1588 1608/1608/1608 1589/1589/1589
f 1589/1589/1589 1608/1608/1608 1609/1609/1609
f 1589/1589/1589 1609/1609/1609 1590/1590/1590
f 1590/1590/1590 1609/1609/1609 1610/1610/1610
f 1590/1590/1590 1610/1610/1610 1591/1591/1591
f 1591/1591/1591 1610/1610/1610 1611/1611/1611
f 1591/1591/1591 1611/1611/1611 1592/1592/1592
f 1592/1592/1592 1611/1611/1611 1612/1612/1612
f 1592/1592/1592 1612/1612/1612 1593/1593/1593
f 1593/1593/1593 1612/1612/1612 1613/1613/1613
f 1593/1593/1593 1613/1613/1613 1594/1594/1594
f 1594/1594/1594 1613/1613/1613 1614/1614/1614
f 1594/1594/1594 1614/1614/1614 1595/1595/1595
f 1595/1595/1595 1614/1614/1614 1615/1615/1615
f 1595/1595/1595 1615/1615/1615 1596/1596/1596
f 1596/1596/1596 1615/1615/1615 1616/1616/1616
f 1596/1596/1596 1616/1616/1616 1597/1597/1597
f 1597/1597/1597 1616/1616/1616 1617/1617/1617
f 1597/1597/1597 1617/1617/1617 1598/1598/1598
f 1598/1598/1598 1617/1617/1617 1618/1618/1618
f 1598/1598/1598 1618/1618/1618 1599/1599/1599
f 1599/1599/1599 1618/1618/1618 1619/1619/1619
f 1599/1599/1599 1619/1619/1619 1600/1600/1600
f 1600/1600/1600 1619/1619/1619 1620/1620/1620
f 1600/1600/1600 1620/1620/1620 1601/1601/1601
f 1601/1601/1601 1620/1620/1620 1621/1621/1621
f 1601/1601/1601 1621/1621/1621 1602/1602/1602
f 1602/1602/1602 1621/1621/1621 1622/1622/1622
f 1602/1602/1602 1622/1622/1622 1603/1603/1603
f 1603/1603/1603 1622/1622/1622 1623/1623/1623
f 1603/1603/1603 1623/1623/1623 1604/1604/1604
f 1604/1604/1604 1623/1623/1623 1624/1624/1624
f 1604/1604/1604 1624/1624/1624 1605/1605/1605
f 1606/1606/1606 1625/1625/1625 1626/1626/1626
f 1606/1606/1606 1626/1626/1626 1607/1607/1607
f 1607/1607/1607 1626/1626/1626 1627/1627/1627
f 1607/1607/1607 1627/1627/1627 1608/1608/1608
f 1608/1608/1608 1627/1627/1627 1628/1628/1628
f 1608/1608/1608 1628/1628/1628 1609/1609/1609
f 1609/1609/1609 1628/1628/1628 1629/1629/1629
f 1609/1609/1609 1629/1629/1629 1610/1610/1610
f 1610/1610/1610 1629/1629/1629 1630/1630/1630
f 1610/1610/1610 1630/1630/1630 1611/1611/1611
f 1611/1611/1611 1630/1630/1630 1631/1631/1631
f 1611/1611/1611 1631/1631/1631 1612/1612/1612
f 1612/1612/1612 1631/1631/1631 1632/1632/1632
f 1612/1612/1612 1632/1632/1632 1613/1613/1613
f 1613/1613/1613 1632/1632/1632 1633/1633/1633
f 1613/1613/1613 1633/1633/1633 1614/1614/1614
f 1614/1614/1614 1633/1633/1633 1634/1634/1634
f 1614/1614/1614 1634/1634/1634 1615/1615/1615
f 1615/1615/1615 1634/1634/1634 1635/1635/1635
f 1615/1615/1615 1635/1635/1635 1616/1616/1616
f 1616/1616/1616 1635/1635/1635 1636/1636/1636
f 1616/1616/1616 1636/1636/1636 1617/1617/1617
f 1617/1617/1617 1636/1636/1636 1637/1637/1637
f 1617/1617/1617 1637/1637/1637 1618/1618/1618
f 1618/1618/1618 1637/1637/1637 1638/1638/1638
f 1618/1618/1618 1638/1638/1638 1619/1619/1619
f 1619/1619/1619 1638/1638/1638 1639/1639/1639
f 1619/1619/1619 1639/1639/1639 1620/1620/1620
f 1620/1620/1620 1639/1639/1639 1640/1640/1640
f 1620/1620/1620 1640/1640/1640 1621/1621/1621
f 1621/1621/1621 1640/1640/1640 1641/1641/1641
f 1621/1621/1621 1641/1641/1641 1622/1622/1622
f 1622/1622/1622 1641/1641/1641 1642/1642/1642
f 1622/1622/1622 1642/1642/1642 1623/1623/1623
f 1623/1623/1623 1642/1642/1642 1643/1643/1643
f 1623/1623/1623 1643/1643/1643 1624/1624/1624
f 1625/1625/1625 1644/1644/1644 1645/1645/1645
f 1625/1625/1625 1645/1645/1645 1626/1626/1626
f 1626/1626/1626 1645/1645/1645 1646/1646/1646
f 1626/1626/1626 1646/1646/1646 1627/1627/1627
f 1627/1627/1627 1646/1646/1646 1647/1647/1647
f 1627/1627/1627 1647/1647/1647 1628/1628/1628
f 1628/1628/1628 1647/1647/1647 1648/1648/1648
f 1628/1628/1628 1648/1648/1648 1629/1629/1629
f 1629/1629/1629 1648/1648/1648 1649/1649/1649
f 1629/1629/1629 1649/1649/1649 1630/1630/1630
f 1630/1630/1630 1649/1649/1649 1650/1650/1650
f 1630/1630/1630 1650/1650/1650 1631/1631/1631
f 1631/1631/1631 1650/1650/1650 1651/1651/1651
f 1631/1631/1631 1651/1651/1651 1632/1632/1632
f 1632/1632/1632 1651/1651/1651 1652/1652/1652
f 1632/1632/1632 1652/1652/1652 1633/1633/1633
f 1633/1633/1633 1652/1652/1652 1653/1653/1653
f 1633/1633/1633 1653/1653/1653 1634/1634/1634
f 1634/1634/1634 1653/1653/1653 1654/1654/1654
f 1634/1634/1634 1654/1654/1654 1635/1635/1635
f 1635/1635/1635 1654/1654/1654 1655/1655/1655
f 1635/1635/1635 1655/1655/1655 1636/1636/1636
f 1636/1636/1636 1655/1655/1655 1656/1656/1656
f 1636/1636/1636 1656/1656/1656 1637/1637/1637
f 1637/1637/1637 1656/1656/1656 1657/1657/1657
f 1637/1637/1637 1657/1657/1657 1638/1638/1638
f 1638/1638/1638 1657/1657/1657 1658/1658/1658
f 1638/1638/1638 1658/1658/1658 1639/1639/1639
f 1639/1639/1639 1658/1658/1658 1659/1659/1659
f 1639/1639/1639 1659/1659/1659 1640/1640/1640
f 1640/1640/1640 1659/1659/1659 1660/1660/1660
f 1640/1640/1640 1660/1660/1660 1641/1641/1641
f 1641/1641/1641 1660/1660/1660 1661/1661/1661
f 1641/1641/1641 1661/1661/1661 1642/1642/1642
f 1642/1642/1642 1661/1661/1661 1662/1662/1662
f 1642/1642/1642 1662/1662/1662 1643/1643/1643
f 1644/1644/1644 1663/1663/1663 1664/1664/1664
f 1644/1644/1644 1664/1664/1664 1645/1645/1645
f 1645/1645/1645 1664/1664/1664 1665/1665/1665
f 1645/1645/1645 1665/1665/1665 1646/1646/1646
f 1646/1646/1646 1665/1665/1665 1666/1666/1666
f 1646/1646/1646 1666/1666/1666 1647/1647/1647
f 1647/1647/1647 1666/1666/1666 1667/1667/1667
f 1647/1647/1647 1667/1667/1667 1648/1648/1648
f 1648/1648/1648 1667/1667/1667 1668/1668/1668
f 1648/1648/1648 1668/1668/1668 1649/1649/1649
f 1649/1649/1649 1668/1668/1668 1669/1669/1669
f 1649/1649/1649 1669/1669/1669 1650/1650/1650
f 1650/1650/1650 1669/1669/1669 1670/1670/1670
f 1650/1650/1650 1670/1670/1670 1651/1651/1651
f 1651/1651/1651 1670/1670/1670 1671/1671/1671
f 1651/1651/1651 1671/1671/1671 1652/1652/1652
f 1652/1652/1652 1671/1671/1671 1672/1672/1672
f 1652/1652/1652 1672/1672/1672 1653/1653/1653
f 1653/1653/1653 1672/1672/1672 1673/1673/1673
f 1653/1653/1653 1673/1673/1673 1654/1654/1654
f 1654/1654/1654 1673/1673/1673 1674/1674/1674
f 1654/1654/1654 1674/1674/1674 1655/1655/1655
f 1655/1655/1655 1674/1674/1674 1675/1675/1675
f 1655/1655/1655 1675/1675/1675 1656/1656/1656
f 1656/1656/1656 1675/1675/1675 1676/1676/1676
f 1656/1656/1656 1676/1676/1676 1657/1657/1657
f 1657/1657/1657 1676/1676/1676 1677/1677/1677
f 1657/1657/1657 1677/1677/1677 1658/1658/1658
f 1658/1658/1658 1677/1677/1677 1678/1678/1678
f 1658/1658/1658 1678/1678/1678 1659/1659/1659
f 1659/1659/1659 1678/1678/1678 1679/1679/1679
f 1659/1659/1659 1679/1679/1679 1660/1660/1660
f 1660/1660/1660 1679/1679/1679 1680/1680/1680
f 1660/1660/1660 1680/1680/1680 1661/1661/1661
f 1661/1661/1661 1680/1680/1680 1681/1681/1681
f 1661/1661/1661 1681/1681/1681 1662/1662/1662
f 1663/1663/1663 1682/1682/1682 1683/1683/1683
f 1663/1663/1663 1683/1683/1683 1664/1664/1664
f 1664/1664/1664 1683/1683/1683 1684/1684/1684
f 1664/1664/1664 1684/1684/1684 1665/1665/1665
f 1665/1665/1665 1684/1684/1684 1685/1685/1685
f 1665/1665/1665 1685/1685/1685 1666/1666/1666
f 1666/1666/1666 1685/1685/1685 1686/1686/1686
f 1666/1666/1666 1686/1686/1686 1667/1667/1667
f 1667/1667/1667 1686/1686/1686 1687/1687/1687
f 1667/1667/1667 1687/1687/1687 1668/1668/1668
f 1668/1668/1668 1687/1687/1687 1688/1688/1688
f 1668/1668/1668 1688/1688/1688 1669/1669/1669
f 1669/1669/1669 1688/1688/1688 1689/1689/1689
f 1669/1669/1669 1689/1689/1689 1670/1670/1670
f 1670/1670/1670 1689/1689/1689 1690/1690/1690
f 1670/1670/1670 1690/1690/1690 1671/1671/1671
f 1671/1671/1671 1690/1690/1690 1691/1691/1691
f 1671/1671/1671 1691/1691/1691 1672/1672/1672
f 1672/1672/1672 1691/1691/1691 1692/1692/1692
f 1672/1672/1672 1692/1692/1692 1673/1673/1673
f 1673/1673/1673 1692/1692/1692 1693/1693/1693
f 1673/1673/1673 1693/1693/1693 1674/1674/1674
f 1674/1674/1674 1693/1693/1693 1694/1694/1694
f 1674/1674/1674 1694/1694/1694 1675/1675/1675
f 1675/1675/1675 1694/1694/1694 1695/1695/1695
f 1675/1675/1675 1695/1695/1695 1676/1676/1676
f 1676/1676/1676 1695/1695/1695 1696/1696/1696
f 1676/1676/1676 1696/1696/1696 1677/1677/1677
f 1677/1677/1677 1696/1696/1696 1697/1697/1697
f 1677/1677/1677 1697/1697/1697 1678/1678/1678
f 1678/1678/1678 1697/1697/1697 1698/1698/1698
f 1678/1678/1678 1698/1698/1698 1679/1679/1679
f 1679/1679/1679 1698/1698/1698 1699/1699/1699
f 1679/1679/1679 1699/1699/1699 1680/1680/1680
f 1680/1680/1680 1699/1699/1699 1700/1700/1700
f 1680/1680/1680 1700/1700/1700 1681/1681/1681
f 1682/1682/1682 1701/1701/1701 1702/1702/1702
f 1682/1682/1682 1702/1702/1702 1683/1683/1683
f 1683/1683/1683 1702/1702/1702 1703/1703/1703
f 1683/1683/1683 1703/1703/1703 1684/1684/1684
f 1684/1684/1684 1703/1703/1703 1704/1704/1704
f 1684/1684/1684 1704/1704/1704 1685/1685/1685
f 1685/1685/1685 1704/1704/1704 1705/1705/1705
f 1685/1685/1685 1705/1705/1705 1686/1686/1686
f 1686/1686/1686 1705/1705/1705 1706/1706/1706
f 1686/1686/1686 1706/1706/1706 1687/1687/1687
f 1687/1687/1687 1706/1706/1706 1707/1707/1707
f 1687/1687/1687 1707/1707/1707 1688/1688/1688
f 1688/1688/1688 1707/1707/1707 1708/1708/1708
f 1688/1688/1688 1708/1708/1708 1689/1689/1689
f 1689/1689/1689 1708/1708/1708 1709/1709/1709
f 1689/1689/1689 1709/1709/1709 1690/1690/1690
f 1690/1690/1690 1709/1709/1709 1710/1710/1710
f 1690/1690/1690 1710/1710/1710 1691/1691/1691
f 1691/1691/1691 1710/1710/1710 1711/1711/1711
f 1691/1691/1691 1711/1711/1711 1692/1692/1692
f 1692/1692/1692 1711/1711/1711 1712/1712/1712
f 1692/1692/1692 1712/1712/1712 1693/1693/1693
f 1693/1693/1693 1712/1712/1712 1713/1713/1713
f 1693/1693/1693 1713/1713/1713 1694/1694/1694
f 1694/1694/1694 1713/1713/1713 1714/1714/1714
f 1694/1694/1694 1714/1714/1714 1695/1695/1695
f 1695/1695/1695 1714/1714/1714 1715/1715/1715
f 1695/1695/1695 1715/1715/1715 1696/1696/1696
f 1696/1696/1696 1715/1715/1715 1716/1716/1716
f 1696/1696/1696 1716/1716/1716 1697/1697/1697
f 1697/1697/1697 1716/1716/1716 1717/1717/1717
f 1697/1697/1697 1717/1717/1717 1698/1698/1698
f 1698/1698/1698 1717/1717/1717 1718/1718/1718
f 1698/1698/1698 1718/1718/1718 1699/1699/1699
f 1699/1699/1699 1718/1718/1718 1719/1719/1719
f 1699/1699/1699 1719/1719/1719 1700/1700/1700
f 1701/1701/1701 1720/1720/1720 1721/1721/1721
f 1701/1701/1701 1721/1721/1721 1702/1702/1702
f 1702/1702/1702 1721/1721/1721 1722/1722/1722
f 1702/1702/1702 1722/1722/1722 1703/1703/1703
f 1703/1703/1703 1722/1722/1722 1723/1723/1723
f 1703/1703/1703 1723/1723/1723 1704/1704/1704
f 1704/1704/1704 1723/1723/1723 1724/1724/1724
f 1704/1704/1704 1724/1724/1724 1705/1705/1705
f 1705/1705/1705 1724/1724/1724 1725/1725/1725
f 1705/1705/1705 1725/1725/1725 1706/1706/1706
f 1706/1706/1706 1725/1725/1725 1726/1726/1726
f 1706/1706/1706 1726/1726/1726 1707/1707/1707
f 1707/1707/1707 1726/1726/1726 1727/1727/1727
f 1707/1707/1707 1727/1727/1727 1708/1708/1708
f 1708/1708/1708 1727/1727/1727 1728/1728/1728
f 1708/1708/1708 1728/1728/1728 1709/1709/1709
f 1709/1709/1709 1728/1728/1728 1729/1729/1729
f 1709/1709/1709 1729/1729/1729 1710/1710/1710
f 1710/1710/1710 1729/1729/1729 1730/1730/1730
f 1710/1710/1710 1730/1730/1730 1711/1711/1711
f 1711/1711/1711 1730/1730/1730 1731/1731/1731
f 1711/1711/1711 1731/1731/1731 1712/1712/1712
f 1712/1712/1712 1731/1731/1731 1732/1732/1732
f 1712/1712/1712 1732/1732/1732 1713/1713/1713
f 1713/1713/1713 1732/1732/1732 1733/1733/1733
f 1713/1713/1713 1733/1733/1733 1714/1714/1714
f 1714/1714/1714 1733/1733/1733 1734/1734/1734
f 1714/1714/1714 1734/1734/1734 1715/1715/1715
f 1715/1715/1715 1734/1734/1734 1735/1735/1735
f 1715/1715/1715 1735/1735/1735 1716/1716/1716
f 1716/1716/1716 1735/1735/1735 1736/1736/1736
f 1716/1716/1716 1736/1736/1736 1717/1717/1717
f 1717/1717/1717 1736/1736/1736 1737/1737/1737
f 1717/1717/1717 1737/1737/1737 1718/1718/1718
f 1718/1718/1718 1737/1737/1737 1738/1738/1738
f 1718/1718/1718 1738/1738/1738 1719/1719/1719
f 1720/1720/1720 1739/1739/1739 1740/1740/1740
f 1720/1720/1720 1740/1740/1740 1721/1721/1721
f 1721/1721/1721 1740/1740/1740 1741/1741/1741
f 1721/1721/1721 1741/1741/1741 1722/1722/1722
f 1722/1722/1722 1741/1741/1741 1742/1742/1742
f 1722/1722/1722 1742/1742/1742 1723/1723/1723
f 1723/1723/1723 1742/1742/1742 1743/1743/1743
f 1723/1723/1723 1743/1743/1743 1724/1724/1724
f 1724/1724/1724 1743/1743/1743 1744/1744/1744
f 1724/1724/1724 1744/1744/1744 1725/1725/1725
f 1725/1725/1725 1744/1744/1744 1745/1745/1745
f 1725/1725/1725 1745/1745/1745 1726/1726/1726
f 1726/1726/1726 1745/1745/1745 1746/1746/1746
f 1726/1726/1726 1746/1746/1746 1727/1727/1727
f 1727/1727/1727 1746/1746/1746 1747/1747/1747
f 1727/1727/1727 1747/1747/1747 1728/1728/1728
f 1728/1728/1728 1747/1747/1747 1748/1748/1748
f 1728/1728/1728 1748/1748/1748 1729/1729/1729
f 1729/1729/1729 1748/1748/1748 1749/1749/1749
f 1729/1729/1729 1749/1749/1749 1730/1730/1730
f 1730/1730/1730 1749/1749/1749 1750/1750/1750
f 1730/1730/1730 1750/1750/1750 1731/1731/1731
f 1731/1731/1731 1750/1750/1750 1751/1751/1751
f 1731/1731/1731 1751/1751/1751 1732/1732/1732
f 1732/1732/1732 1751/1751/1751 1752/1752/1752
f 1732/1732/1732 1752/1752/1752 1733/1733/1733
f 1733/1733/1733 1752/1752/1752 1753/1753/1753
f 1733/1733/1733 1753/1753/1753 1734/1734/1734
f 1734/1734/1734 1753/1753/1753 1754/1754/1754
f 1734/1734/1734 1754/1754/1754 1735/1735/1735
f 1735/1735/1735 1754/1754/1754 1755/1755/1755
f 1735/1735/1735 1755/1755/1755 1736/1736/1736
f 1736/1736/1736 1755/1755/1755 1756/1756/1756
f 1736/1736/1736 1756/1756/1756 1737/1737/1737
f 1737/1737/1737 1756/1756/1756 1757/1757/1757
f 1737/1737/1737 1757/1757/1757 1738/1738/1738
f 1739/1739/1739 1758/1758/1758 1759/1759/1759
f 1739/1739/1739 1759/1759/1759 1740/1740/1740
f 1740/1740/1740 1759/1759/1759 1760/1760/1760
f 1740/1740/1740 1760/1760/1760 1741/1741/1741
f 1741/1741/1741 1760/1760/1760 1761/1761/1761
f 1741/1741/1741 1761/1761/1761 1742/1742/1742
f 1742/1742/1742 1761/1761/1761 1762/1762/1762
f 1742/1742/1742 1762/1762/1762 1743/1743/1743
f 1743/1743/1743 1762/1762/1762 1763/1763/1763
f 1743/1743/1743 1763/1763/1763 1744/1744/1744
f 1744/1744/1744 1763/1763/1763 1764/1764/1764
f 1744/1744/1744 1764/1764/1764 1745/1745/1745
f 1745/1745/1745 1764/1764/1764 1765/1765/1765
f 1745/1745/1745 1765/1765/1765 1746/1746/1746
f 1746/1746/1746 1765/1765/1765 1766/1766/1766
f 1746/1746/1746 1766/1766/1766 1747/1747/1747
f 1747/1747/1747 1766/1766/1766 1767/1767/1767
f 1747/1747/1747 1767/1767/1767 1748/1748/1748
f 1748/1748/1748 1767/1767/1767 1768/1768/1768
f 1748/1748/1748 1768/1768/1768 1749/1749/1749
f 1749/1749/1749 1768/1768/1768 1769/1769/1769
f 1749/1749/1749 1769/1769/1769 1750/1750/1750
f 1750/1750/1750 1769/1769/1769 1770/1770/1770
f 1750/1750/1750 1770/1770/1770 1751/1751/1751
f 1751/1751/1751 1770/1770/1770 1771/1771/1771
f 1751/1751/1751 1771/1771/1771 1752/1752/1752
f 1752/1752/1752 1771/1771/1771 1772/1772/1772
f 1752/1752/1752 1772/1772/1772 1753/1753/1753
f 1753/1753/1753 1772/1772/1772 1773/1773/1773
f 1753/1753/1753 1773/1773/1773 1754/1754/1754
f 1754/1754/1754 1773/1773/1773 1774/1774/1774
f 1754/1754/1754 1774/1774/1774 1755/1755/1755
f 1755/1755/1755 1774/1774/1774 1775/1775/1775
f 1755/1755/1755 1775/1775/1775 1756/1756/1756
f 1756/1756/1756 1775/1775/1775 1776/1776/1776
f 1756/1756/1756 1776/1776/1776 1757/1757/1757
f 1758/1758/1758 1777/1777/1777 1778/1778/1778
f 1758/1758/1758 1778/1778/1778 1759/1759/1759
f 1759/1759/1759 1778/1778/1778 1779/1779/1779
f 1759/1759/1759 1779/1779/1779 1760/1760/1760
f 1760/1760/1760 1779/1779/1779 1780/1780/1780
f 1760/1760/1760 1780/1780/1780 1761/1761/1761
f 1761/1761/1761 1780/1780/1780 1781/1781/1781
f 1761/1761/1761 1781/1781/1781 1762/1762/1762
f 1762/1762/1762 1781/1781/1781 1782/1782/1782
f 1762/1762/1762 1782/1782/1782 1763/1763/1763
f 1763/1763/1763 1782/1782/1782 1783/1783/1783
f 1763/1763/1763 1783/1783/1783 1764/1764/1764
f 1764/1764/1764 1783/1783/1783 1784/1784/1784
f 1764/1764/1764 1784/1784/1784 1765/1765/1765
f 1765/1765/1765 1784/1784/1784 1785/1785/1785
f 1765/1765/1765 1785/1785/1785 1766/1766/1766
f 1766/1766/1766 1785/1785/1785 1786/1786/1786
f 1766/1766/1766 1786/1786/1786 1767/1767/1767
f 1767/1767/1767 1786/1786/1786 1787/1787/1787
f 1767/1767/1767 1787/1787/1787 1768/1768/1768
f 1768/1768/1768 1787/1787/1787 1788/1788/1788
f 1768/1768/1768 1788/1788/1788 1769/1769/1769
f 1769/1769/1769 1788/1788/1788 1789/1789/1789
f 1769/1769/1769 1789/1789/1789 1770/1770/1770
f 1770/1770/1770 1789/1789/1789 1790/1790/1790
f 1770/1770/1770 1790/1790/1790 1771/1771/1771
f 1771/1771/1771 1790/1790/1790 1791/1791/1791
f 1771/1771/1771 1791/1791/1791 1772/1772/1772
f 1772/1772/1772 1791/1791/1791 1792/1792/1792
f 1772/1772/1772 1792/1792/1792 1773/1773/1773
f 1773/1773/1773 1792/1792/1792 1793/1793/1793
f 1773/1773/1773 1793/1793/1793 1774/1774/1774
f 1774/1774/1774 1793/1793/1793 1794/1794/1794
f 1774/1774/1774 1794/1794/1794 1775/1775/1775
f 1775/1775/1775 1794/1794/1794 1795/1795/1795
f 1775/1775/1775 1795/1795/1795 1776/1776/1776
f 1777/1777/1777 1796/1796/1796 1797/1797/1797
f 1777/1777/1777 1797/1797/1797 1778/1778/1778
f 1778/1778/1778 1797/1797/1797 1798/1798/1798
f 1778/1778/1778 1798/1798/1798 1779/1779/1779
f 1779/1779/1779 1798/1798/1798 1799/1799/1799
f 1779/1779/1779 1799/1799/1799 1780/1780/1780
f 1780/1780/1780 1799/1799/1799 1800/1800/1800
f 1780/1780/1780 1800/1800/1800 1781/1781/1781
f 1781/1781/1781 1800/1800/1800 1801/1801/1801
f 1781/1781/1781 1801/1801/1801 1782/1782/1782
f 1782/1782/1782 1801/1801/1801 1802/1802/1802
f 1782/1782/1782 1802/1802/1802 1783/1783/1783
f 1783/1783/1783 1802/1802/1802 1803/1803/1803
f 1783/1783/1783 1803/1803/1803 1784/1784/1784
f 1784/1784/1784 1803/1803/1803 1804/1804/1804
f 1784/1784/1784 1804/1804/1804 1785/1785/1785
f 1785/1785/1785 1804/1804/1804 1805/1805/1805
f 1785/1785/1785 1805/1805/1805 1786/1786/1786
f 1786/1786/1786 1805/1805/1805 1806/1806/1806
f 1786/1786/1786 1806/1806/1806 1787/1787/1787
f 1787/1787/1787 1806/1806/1806 1807/1807/1807
f 1787/1787/1787 1807/1807/1807 1788/1788/1788
f 1788/1788/1788 1807/1807/1807 1808/1808/1808
f 1788/1788/1788 1808/1808/1808 1789/1789/1789
f 1789/1789/1789 1808/1808/1808 1809/1809/1809
f 1789/1789/1789 1809/1809/1809 1790/1790/1790
f 1790/1790/1790 1809/1809/1809 1810/1810/1810
f 1790/1790/1790 1810/1810/1810 1791/1791/1791
f 1791/1791/1791 1810/1810/1810 1811/1811/1811
f 1791/1791/1791 1811/1811/1811 1792/1792/1792
f 1792/1792/1792 1811/1811/1811 1812/1812/1812
f 1792/1792/1792 1812/1812/1812 1793/1793/1793
f 1793/1793/1793 1812/1812/1812 1813/1813/1813
f 1793/1793/1793 1813/1813/1813 1794/1794/1794
f 1794/1794/1794 1813/1813/1813 1814/1814/1814
f 1794/1794/1794 1814/1814/1814 1795/1795/1795
f 1796/1796/1796 1815/1815/1815 1816/1816/1816
f 1796/1796/1796 1816/1816/1816 1797/1797/1797
f 1797/1797/1797 1816/1816/1816 1817/1817/1817
f 1797/1797/1797 1817/1817/1817 1798/1798/1798
f 1798/1798/1798 1817/1817/1817 1818/1818/1818
f 1798/1798/1798 1818/1818/1818 1799/1799/1799
f 1799/1799/1799 1818/1818/1818 1819/1819/1819
f 1799/1799/1799 1819/1819/1819 1800/1800/1800
f 1800/1800/1800 1819/1819/1819 1820/1820/1820
f 1800/1800/1800 1820/1820/1820 1801/1801/1801
f 1801/1801/1801 1820/1820/1820 1821/1821/1821
f 1801/1801/1801 1821/1821/1821 1802/1802/1802
f 1802/1802/1802 1821/1821/1821 1822/1822/1822
f 1802/1802/1802 1822/1822/1822 1803/1803/1803
f 1803/1803/1803 1822/1822/1822 1823/1823/1823
f 1803/1803/1803 1823/1823/1823 1804/1804/1804
f 1804/1804/1804 1823/1823/1823 1824/1824/1824
f 1804/1804/1804 1824/1824/1824 1805/1805/1805
f 1805/1805/1805 1824/1824/1824 1825/1825/1825
f 1805/1805/1805 1825/1825/1825 1806/1806/1806
f 1806/1806/1806 1825/1825/1825 1826/1826/1826
f 1806/1806/1806 1826/1826/1826 1807/1807/1807
f 1807/1807/1807 1826/1826/1826 1827/1827/1827
f 1807/1807/1807 1827/1827/1827 1808/1808/1808
f 1808/1808/1808 1827/1827/1827 1828/1828/1828
f 1808/1808/1808 1828/1828/1828 1809/1809/1809
f 1809/1809/1809 1828/1828/1828 1829/1829/1829
f 1809/1809/1809 1829/1829/1829 1810/1810/1810
f 1810/1810/1810 1829/1829/1829 1830/1830/1830
f 1810/1810/1810 1830/1830/1830 1811/1811/1811
f 1811/1811/1811 1830/1830/1830 1831/1831/1831
f 1811/1811/1811 1831/1831/1831 1812/1812/1812
f 1812/1812/1812 1831/1831/1831 1832/1832/1832
f 1812/1812/1812 1832/1832/1832 1813/1813/1813
f 1813/1813/1813 1832/1832/1832 1833/1833/1833
f 1813/1813/1813 1833/1833/1833 1814/1814/1814
f 1815/1815/1815 1834/1834/1834 1835/1835/1835
f 1815/1815/1815 1835/1835/1835 1816/1816/1816
f 1816/1816/1816 1835/1835/1835 1836/1836/1836
f 1816/1816/1816 1836/1836/1836 1817/1817/1817
f 1817/1817/1817 1836/1836/1836 1837/1837/1837
f 1817/1817/1817 1837/1837/1837 1818/1818/1818
f 1818/1818/1818 1837/1837/1837 1838/1838/1838
f 1818/1818/1818 1838/1838/1838 1819/1819/1819
f 1819/1819/1819 1838/1838/1838 1839/1839/1839
f 1819/1819/1819 1839/1839/1839 1820/1820/1820
f 1820/1820/1820 1839/1839/1839 1840/1840/1840
f 1820/1820/1820 1840/1840/1840 1821/1821/1821
f 1821/1821/1821 1840/1840/1840 1841/1841/1841
f 1821/1821/1821 1841/1841/1841 1822/1822/1822
f 1822/1822/1822 1841/1841/1841 1842/1842/1842
f 1822/1822/1822 1842/1842/1842 1823/1823/1823
f 1823/1823/1823 1842/1842/1842 1843/1843/1843
f 1823/1823/1823 1843/1843/1843 1824/1824/1824
f 1824/1824/1824 1843/1843/1843 1844/1844/1844
f 1824/1824/1824 1844/1844/1844 1825/1825/1825
f 1825/1825/1825 1844/1844/1844 1845/1845/1845
f 1825/1825/1825 1845/1845/1845 1826/1826/1826
f 1826/1826/1826 1845/1845/1845 1846/1846/1846
f 1826/1826/1826 1846/1846/1846 1827/1827/1827
f 1827/1827/1827 1846/1846/1846 1847/1847/1847
f 1827/1827/1827 1847/1847/1847 1828/1828/1828
f 1828/1828/1828 1847/1847/1847 1848/1848/1848
f 1828/1828/1828 1848/1848/1848 1829/1829/1829
f 1829/1829/1829 1848/1848/1848 1849/1849/1849
f 1829/1829/1829 1849/1849/1849 1830/1830/1830
f 1830/1830/1830 1849/1849/1849 1850/1850/1850
f 1830/1830/1830 1850/1850/1850 1831/1831/1831
f 1831/1831/1831 1850/1850/1850 1851/1851/1851
f 1831/1831/1831 1851/1851/1851 1832/1832/1832
f 1832/1832/1832 1851/1851/1851 1852/1852/1852
f 1832/1832/1832 1852/1852/1852 1833/1833/1833
f 1834/1834/1834 1853/1853/1853 1854/1854/1854
f 1834/1834/1834 1854/1854/1854 1835/1835/1835
f 1835/1835/1835 1854/1854/1854 1855/1855/1855
f 1835/1835/1835 1855/1855/1855 1836/1836/1836
f 1836/1836/1836 1855/1855/1855 1856/1856/1856
f 1836/1836/1836 1856/1856/1856 1837/1837/1837
f 1837/1837/1837 1856/1856/1856 1857/1857/1857
f 1837/1837/1837 1857/1857/1857 1838/1838/1838
f 1838/1838/1838 1857/1857/1857 1858/1858/1858
f 1838/1838/1838 1858/1858/1858 1839/1839/1839
f 1839/1839/1839 1858/1858/1858 1859/1859/1859
f 1839/1839/1839 1859/1859/1859 1840/1840/1840
f 1840/1840/1840 1859/1859/1859 1860/1860/1860
f 1840/1840/1840 1860/1860/1860 1841/1841/1841
f 1841/1841/1841 1860/1860/1860 1861/1861/1861
f 1841/1841/1841 1861/1861/1861 1842/1842/1842
f 1842/1842/1842 1861/1861/1861 1862/1862/1862
f 1842/1842/1842 1862/1862/1862 1843/1843/1843
f 1843/1843/1843 1862/1862/1862 1863/1863/1863
f 1843/1843/1843 1863/1863/1863 1844/1844/1844
f 1844/1844/1844 1863/1863/1863 1864/1864/1864
f 1844/1844/1844 1864/1864/1864 1845/1845/1845
f 1845/1845/1845 1864/1864/1864 1865/1865/1865
f 1845/1845/1845 1865/1865/1865 1846/1846/1846
f 1846/1846/1846 1865/1865/1865 1866/1866/1866
f 1846/1846/1846 1866/1866/1866 1847/1847/1847
f 1847/1847/1847 1866/1866/1866 1867/1867/1867
f 1847/1847/1847 1867/1867/1867 1848/1848/1848
f 1848/1848/1848 1867/1867/1867 1868/1868/1868
f 1848/1848/1848 1868/1868/1868 1849/1849/1849
f 1849/1849/1849 1868/1868/1868 1869/1869/1869
f 1849/1849/1849 1869/1869/1869 1850/1850/1850
f 1850/1850/1850 1869/1869/1869 1870/1870/1870
f 1850/1850/1850 1870/1870/1870 1851/1851/1851
f 1851/1851/1851 1870/1870/1870 1871/1871/1871
f 1851/1851/1851 1871/1871/1871 1852/1852/1852
