# procedural asset
v 0.00000 0.40000 0.00000
v 0.08604 0.39729 0.00000
v 0.16996 0.38923 0.00000
v 0.24969 0.37602 0.00000
v 0.32328 0.35798 0.00000
v 0.38891 0.33556 0.00000
v 0.44496 0.30931 0.00000
v 0.49005 0.27988 0.00000
v 0.52308 0.24798 0.00000
v 0.54323 0.21442 0.00000
v 0.55000 0.18000 0.00000
v 0.54323 0.14558 0.00000
v 0.52308 0.11202 0.00000
v 0.49005 0.08012 0.00000
v 0.44496 0.05069 0.00000
v 0.38891 0.02444 0.00000
v 0.32328 0.00202 0.00000
v 0.24969 -0.01602 0.00000
v 0.16996 -0.02923 0.00000
v 0.08604 -0.03729 0.00000
v 0.00000 -0.04000 0.00000
v 0.00000 0.40000 0.00000
v 0.08416 0.39729 0.04879
v 0.16625 0.38923 0.09637
v 0.24424 0.37602 0.14158
v 0.31622 0.35798 0.18331
v 0.38041 0.33556 0.22052
v 0.43524 0.30931 0.25231
v 0.47934 0.27988 0.27788
v 0.51165 0.24798 0.29660
v 0.53136 0.21442 0.30803
v 0.53798 0.18000 0.31187
v 0.53136 0.14558 0.30803
v 0.51165 0.11202 0.29660
v 0.47934 0.08012 0.27788
v 0.43524 0.05069 0.25231
v 0.38041 0.02444 0.22052
v 0.31622 0.00202 0.18331
v 0.24424 -0.01602 0.14158
v 0.16625 -0.02923 0.09637
v 0.08416 -0.03729 0.04879
v 0.00000 -0.04000 0.00000
v 0.00000 0.40000 0.00000
v 0.07860 0.39729 0.09544
v 0.15527 0.38923 0.18853
v 0.22811 0.37602 0.27698
v 0.29533 0.35798 0.35861
v 0.35529 0.33556 0.43141
v 0.40649 0.30931 0.49359
v 0.44769 0.27988 0.54361
v 0.47786 0.24798 0.58024
v 0.49626 0.21442 0.60259
v 0.50245 0.18000 0.61010
v 0.49626 0.14558 0.60259
v 0.47786 0.11202 0.58024
v 0.44769 0.08012 0.54361
v 0.40649 0.05069 0.49359
v 0.35529 0.02444 0.43141
v 0.29533 0.00202 0.35861
v 0.22811 -0.01602 0.27698
v 0.15527 -0.02923 0.18853
v 0.07860 -0.03729 0.09544
v 0.00000 -0.04000 0.00000
v 0.00000 0.40000 0.00000
v 0.06961 0.39729 0.13792
v 0.13750 0.38923 0.27245
v 0.20201 0.37602 0.40027
v 0.26154 0.35798 0.51824
v 0.31463 0.33556 0.62344
v 0.35998 0.30931 0.71329
v 0.39646 0.27988 0.78558
v 0.42318 0.24798 0.83853
v 0.43948 0.21442 0.87082
v 0.44496 0.18000 0.88168
v 0.43948 0.14558 0.87082
v 0.42318 0.11202 0.83853
v 0.39646 0.08012 0.78558
v 0.35998 0.05069 0.71329
v 0.31463 0.02444 0.62344
v 0.26154 0.00202 0.51824
v 0.20201 -0.01602 0.40027
v 0.13750 -0.02923 0.27245
v 0.06961 -0.03729 0.13792
v 0.00000 -0.04000 0.00000
v 0.00000 0.40000 0.00000
v 0.05757 0.39729 0.17438
v 0.11373 0.38923 0.34447
v 0.16708 0.37602 0.50607
v 0.21632 0.35798 0.65521
v 0.26023 0.33556 0.78822
v 0.29774 0.30931 0.90183
v 0.32791 0.27988 0.99322
v 0.35001 0.24798 1.06016
v 0.36349 0.21442 1.10099
v 0.36802 0.18000 1.11472
v 0.36349 0.14558 1.10099
v 0.35001 0.11202 1.06016
v 0.32791 0.08012 0.99322
v 0.29774 0.05069 0.90183
v 0.26023 0.02444 0.78822
v 0.21632 0.00202 0.65521
v 0.16708 -0.01602 0.50607
v 0.11373 -0.02923 0.34447
v 0.05757 -0.03729 0.17438
v 0.00000 -0.04000 0.00000
v 0.00000 0.40000 0.00000
v 0.04302 0.39729 0.20321
v 0.08498 0.38923 0.40142
v 0.12485 0.37602 0.58975
v 0.16164 0.35798 0.76356
v 0.19445 0.33556 0.91856
v 0.22248 0.30931 1.05094
v 0.24503 0.27988 1.15745
v 0.26154 0.24798 1.23546
v 0.27161 0.21442 1.28304
v 0.27500 0.18000 1.29904
v 0.27161 0.14558 1.28304
v 0.26154 0.11202 1.23546
v 0.24503 0.08012 1.15745
v 0.22248 0.05069 1.05094
v 0.19445 0.02444 0.91856
v 0.16164 0.00202 0.76356
v 0.12485 -0.01602 0.58975
v 0.08498 -0.02923 0.40142
v 0.04302 -0.03729 0.20321
v 0.00000 -0.04000 0.00000
v 0.00000 0.40000 0.00000
v 0.02659 0.39729 0.22317
v 0.05252 0.38923 0.44084
v 0.07716 0.37602 0.64766
v 0.09990 0.35798 0.83853
v 0.12018 0.33556 1.00875
v 0.13750 0.30931 1.15413
v 0.15143 0.27988 1.27110
v 0.16164 0.24798 1.35676
v 0.16787 0.21442 1.40902
v 0.16996 0.18000 1.42658
v 0.16787 0.14558 1.40902
v 0.16164 0.11202 1.35676
v 0.15143 0.08012 1.27110
v 0.13750 0.05069 1.15413
v 0.12018 0.02444 1.00875
v 0.09990 0.00202 0.83853
v 0.07716 -0.01602 0.64766
v 0.05252 -0.02923 0.44084
v 0.02659 -0.03729 0.22317
v 0.00000 -0.04000 0.00000
v 0.00000 0.40000 0.00000
v 0.00899 0.39729 0.23337
v 0.01777 0.38923 0.46099
v 0.02610 0.37602 0.67726
v 0.03379 0.35798 0.87685
v 0.04065 0.33556 1.05485
v 0.04651 0.30931 1.20688
v 0.05122 0.27988 1.32919
v 0.05468 0.24798 1.41877
v 0.05678 0.21442 1.47342
v 0.05749 0.18000 1.49178
v 0.05678 0.14558 1.47342
v 0.05468 0.11202 1.41877
v 0.05122 0.08012 1.32919
v 0.04651 0.05069 1.20688
v 0.04065 0.02444 1.05485
v 0.03379 0.00202 0.87685
v 0.02610 -0.01602 0.67726
v 0.01777 -0.02923 0.46099
v 0.00899 -0.03729 0.23337
v 0.00000 -0.04000 0.00000
v 0.00000 0.40000 0.00000
v -0.00899 0.39729 0.23337
v -0.01777 0.38923 0.46099
v -0.02610 0.37602 0.67726
v -0.03379 0.35798 0.87685
v -0.04065 0.33556 1.05485
v -0.04651 0.30931 1.20688
v -0.05122 0.27988 1.32919
v -0.05468 0.24798 1.41877
v -0.05678 0.21442 1.47342
v -0.05749 0.18000 1.49178
v -0.05678 0.14558 1.47342
v -0.05468 0.11202 1.41877
v -0.05122 0.08012 1.32919
v -0.04651 0.05069 1.20688
v -0.04065 0.02444 1.05485
v -0.03379 0.00202 0.87685
v -0.02610 -0.01602 0.67726
v -0.01777 -0.02923 0.46099
v -0.00899 -0.03729 0.23337
v -0.00000 -0.04000 0.00000
v 0.00000 0.40000 0.00000
v -0.02659 0.39729 0.22317
v -0.05252 0.38923 0.44084
v -0.07716 0.37602 0.64766
v -0.09990 0.35798 0.83853
v -0.12018 0.33556 1.00875
v -0.13750 0.30931 1.15413
v -0.15143 0.27988 1.27110
v -0.16164 0.24798 1.35676
v -0.16787 0.21442 1.40902
v -0.16996 0.18000 1.42658
v -0.16787 0.14558 1.40902
v -0.16164 0.11202 1.35676
v -0.15143 0.08012 1.27110
v -0.13750 0.05069 1.15413
v -0.12018 0.02444 1.00875
v -0.09990 0.00202 0.83853
v -0.07716 -0.01602 0.64766
v -0.05252 -0.02923 0.44084
v -0.02659 -0.03729 0.22317
v -0.00000 -0.04000 0.00000
v 0.00000 0.40000 0.00000
v -0.04302 0.39729 0.20321
v -0.08498 0.38923 0.40142
v -0.12485 0.37602 0.58975
v -0.16164 0.35798 0.76356
v -0.19445 0.33556 0.91856
v -0.22248 0.30931 1.05094
v -0.24503 0.27988 1.15745
v -0.26154 0.24798 1.23546
v -0.27161 0.21442 1.28304
v -0.27500 0.18000 1.29904
v -0.27161 0.14558 1.28304
v -0.26154 0.11202 1.23546
v -0.24503 0.08012 1.15745
v -0.22248 0.05069 1.05094
v -0.19445 0.02444 0.91856
v -0.16164 0.00202 0.76356
v -0.12485 -0.01602 0.58975
v -0.08498 -0.02923 0.40142
v -0.04302 -0.03729 0.20321
v -0.00000 -0.04000 0.00000
v 0.00000 0.40000 0.00000
v -0.05757 0.39729 0.17438
v -0.11373 0.38923 0.34447
v -0.16708 0.37602 0.50607
v -0.21632 0.35798 0.65521
v -0.26023 0.33556 0.78822
v -0.29774 0.30931 0.90183
v -0.32791 0.27988 0.99322
v -0.35001 0.24798 1.06016
v -0.36349 0.21442 1.10099
v -0.36802 0.18000 1.11472
v -0.36349 0.14558 1.10099
v -0.35001 0.11202 1.06016
v -0.32791 0.08012 0.99322
v -0.29774 0.05069 0.90183
v -0.26023 0.02444 0.78822
v -0.21632 0.00202 0.65521
v -0.16708 -0.01602 0.50607
v -0.11373 -0.02923 0.34447
v -0.05757 -0.03729 0.17438
v -0.00000 -0.04000 0.00000
v 0.00000 0.40000 0.00000
v -0.06961 0.39729 0.13792
v -0.13750 0.38923 0.27245
v -0.20201 0.37602 0.40027
v -0.26154 0.35798 0.51824
v -0.31463 0.33556 0.62344
v -0.35998 0.30931 0.71329
v -0.39646 0.27988 0.78558
v -0.42318 0.24798 0.83853
v -0.43948 0.21442 0.87082
v -0.44496 0.18000 0.88168
v -0.43948 0.14558 0.87082
v -0.42318 0.11202 0.83853
v -0.39646 0.08012 0.78558
v -0.35998 0.05069 0.71329
v -0.31463 0.02444 0.62344
v -0.26154 0.00202 0.51824
v -0.20201 -0.01602 0.40027
v -0.13750 -0.02923 0.27245
v -0.06961 -0.03729 0.13792
v -0.00000 -0.04000 0.00000
v 0.00000 0.40000 0.00000
v -0.07860 0.39729 0.09544
v -0.15527 0.38923 0.18853
v -0.22811 0.37602 0.27698
v -0.29533 0.35798 0.35861
v -0.35529 0.33556 0.43141
v -0.40649 0.30931 0.49359
v -0.44769 0.27988 0.54361
v -0.47786 0.24798 0.58024
v -0.49626 0.21442 0.60259
v -0.50245 0.18000 0.61010
v -0.49626 0.14558 0.60259
v -0.47786 0.11202 0.58024
v -0.44769 0.08012 0.54361
v -0.40649 0.05069 0.49359
v -0.35529 0.02444 0.43141
v -0.29533 0.00202 0.35861
v -0.22811 -0.01602 0.27698
v -0.15527 -0.02923 0.18853
v -0.07860 -0.03729 0.09544
v -0.00000 -0.04000 0.00000
v 0.00000 0.40000 0.00000
v -0.08416 0.39729 0.04879
v -0.16625 0.38923 0.09637
v -0.24424 0.37602 0.14158
v -0.31622 0.35798 0.18331
v -0.38041 0.33556 0.22052
v -0.43524 0.30931 0.25231
v -0.47934 0.27988 0.27788
v -0.51165 0.24798 0.29660
v -0.53136 0.21442 0.30803
v -0.53798 0.18000 0.31187
v -0.53136 0.14558 0.30803
v -0.51165 0.11202 0.29660
v -0.47934 0.08012 0.27788
v -0.43524 0.05069 0.25231
v -0.38041 0.02444 0.22052
v -0.31622 0.00202 0.18331
v -0.24424 -0.01602 0.14158
v -0.16625 -0.02923 0.09637
v -0.08416 -0.03729 0.04879
v -0.00000 -0.04000 0.00000
v 0.00000 0.40000 0.00000
v -0.08604 0.39729 0.00000
v -0.16996 0.38923 0.00000
v -0.24969 0.37602 0.00000
v -0.32328 0.35798 0.00000
v -0.38891 0.33556 0.00000
v -0.44496 0.30931 0.00000
v -0.49005 0.27988 0.00000
v -0.52308 0.24798 0.00000
v -0.54323 0.21442 0.00000
v -0.55000 0.18000 0.00000
v -0.54323 0.14558 0.00000
v -0.52308 0.11202 0.00000
v -0.49005 0.08012 0.00000
v -0.44496 0.05069 0.00000
v -0.38891 0.02444 0.00000
v -0.32328 0.00202 0.00000
v -0.24969 -0.01602 0.00000
v -0.16996 -0.02923 0.00000
v -0.08604 -0.03729 0.00000
v -0.00000 -0.04000 0.00000
v 0.00000 0.40000 0.00000
v -0.08416 0.39729 -0.04879
v -0.16625 0.38923 -0.09637
v -0.24424 0.37602 -0.14158
v -0.31622 0.35798 -0.18331
v -0.38041 0.33556 -0.22052
v -0.43524 0.30931 -0.25231
v -0.47934 0.27988 -0.27788
v -0.51165 0.24798 -0.29660
v -0.53136 0.21442 -0.30803
v -0.53798 0.18000 -0.31187
v -0.53136 0.14558 -0.30803
v -0.51165 0.11202 -0.29660
v -0.47934 0.08012 -0.27788
v -0.43524 0.05069 -0.25231
v -0.38041 0.02444 -0.22052
v -0.31622 0.00202 -0.18331
v -0.24424 -0.01602 -0.14158
v -0.16625 -0.02923 -0.09637
v -0.08416 -0.03729 -0.04879
v -0.00000 -0.04000 -0.00000
v 0.00000 0.40000 0.00000
v -0.07860 0.39729 -0.09544
v -0.15527 0.38923 -0.18853
v -0.22811 0.37602 -0.27698
v -0.29533 0.35798 -0.35861
v -0.35529 0.33556 -0.43141
v -0.40649 0.30931 -0.49359
v -0.44769 0.27988 -0.54361
v -0.47786 0.24798 -0.58024
v -0.49626 0.21442 -0.60259
v -0.50245 0.18000 -0.61010
v -0.49626 0.14558 -0.60259
v -0.47786 0.11202 -0.58024
v -0.44769 0.08012 -0.54361
v -0.40649 0.05069 -0.49359
v -0.35529 0.02444 -0.43141
v -0.29533 0.00202 -0.35861
v -0.22811 -0.01602 -0.27698
v -0.15527 -0.02923 -0.18853
v -0.07860 -0.03729 -0.09544
v -0.00000 -0.04000 -0.00000
v 0.00000 0.40000 0.00000
v -0.06961 0.39729 -0.13792
v -0.13750 0.38923 -0.27245
v -0.20201 0.37602 -0.40027
v -0.26154 0.35798 -0.51824
v -0.31463 0.33556 -0.62344
v -0.35998 0.30931 -0.71329
v -0.39646 0.27988 -0.78558
v -0.42318 0.24798 -0.83853
v -0.43948 0.21442 -0.87082
v -0.44496 0.18000 -0.88168
v -0.43948 0.14558 -0.87082
v -0.42318 0.11202 -0.83853
v -0.39646 0.08012 -0.78558
v -0.35998 0.05069 -0.71329
v -0.31463 0.02444 -0.62344
v -0.26154 0.00202 -0.51824
v -0.20201 -0.01602 -0.40027
v -0.13750 -0.02923 -0.27245
v -0.06961 -0.03729 -0.13792
v -0.00000 -0.04000 -0.00000
v 0.00000 0.40000 0.00000
v -0.05757 0.39729 -0.17438
v -0.11373 0.38923 -0.34447
v -0.16708 0.37602 -0.50607
v -0.21632 0.35798 -0.65521
v -0.26023 0.33556 -0.78822
v -0.29774 0.30931 -0.90183
v -0.32791 0.27988 -0.99322
v -0.35001 0.24798 -1.06016
v -0.36349 0.21442 -1.10099
v -0.36802 0.18000 -1.11472
v -0.36349 0.14558 -1.10099
v -0.35001 0.11202 -1.06016
v -0.32791 0.08012 -0.99322
v -0.29774 0.05069 -0.90183
v -0.26023 0.02444 -0.78822
v -0.21632 0.00202 -0.65521
v -0.16708 -0.01602 -0.50607
v -0.11373 -0.02923 -0.34447
v -0.05757 -0.03729 -0.17438
v -0.00000 -0.04000 -0.00000
v 0.00000 0.40000 0.00000
v -0.04302 0.39729 -0.20321
v -0.08498 0.38923 -0.40142
v -0.12485 0.37602 -0.58975
v -0.16164 0.35798 -0.76356
v -0.19445 0.33556 -0.91856
v -0.22248 0.30931 -1.05094
v -0.24503 0.27988 -1.15745
v -0.26154 0.24798 -1.23546
v -0.27161 0.21442 -1.28304
v -0.27500 0.18000 -1.29904
v -0.27161 0.14558 -1.28304
v -0.26154 0.11202 -1.23546
v -0.24503 0.08012 -1.15745
v -0.22248 0.05069 -1.05094
v -0.19445 0.02444 -0.91856
v -0.16164 0.00202 -0.76356
v -0.12485 -0.01602 -0.58975
v -0.08498 -0.02923 -0.40142
v -0.04302 -0.03729 -0.20321
v -0.00000 -0.04000 -0.00000
v 0.00000 0.40000 0.00000
v -0.02659 0.39729 -0.22317
v -0.05252 0.38923 -0.44084
v -0.07716 0.37602 -0.64766
v -0.09990 0.35798 -0.83853
v -0.12018 0.33556 -1.00875
v -0.13750 0.30931 -1.15413
v -0.15143 0.27988 -1.27110
v -0.16164 0.24798 -1.35676
v -0.16787 0.21442 -1.40902
v -0.16996 0.18000 -1.42658
v -0.16787 0.14558 -1.40902
v -0.16164 0.11202 -1.35676
v -0.15143 0.08012 -1.27110
v -0.13750 0.05069 -1.15413
v -0.12018 0.02444 -1.00875
v -0.09990 0.00202 -0.83853
v -0.07716 -0.01602 -0.64766
v -0.05252 -0.02923 -0.44084
v -0.02659 -0.03729 -0.22317
v -0.00000 -0.04000 -0.00000
v 0.00000 0.40000 0.00000
v -0.00899 0.39729 -0.23337
v -0.01777 0.38923 -0.46099
v -0.02610 0.37602 -0.67726
v -0.03379 0.35798 -0.87685
v -0.04065 0.33556 -1.05485
v -0.04651 0.30931 -1.20688
v -0.05122 0.27988 -1.32919
v -0.05468 0.24798 -1.41877
v -0.05678 0.21442 -1.47342
v -0.05749 0.18000 -1.49178
v -0.05678 0.14558 -1.47342
v -0.05468 0.11202 -1.41877
v -0.05122 0.08012 -1.32919
v -0.04651 0.05069 -1.20688
v -0.04065 0.02444 -1.05485
v -0.03379 0.00202 -0.87685
v -0.02610 -0.01602 -0.67726
v -0.01777 -0.02923 -0.46099
v -0.00899 -0.03729 -0.23337
v -0.00000 -0.04000 -0.00000
v 0.00000 0.40000 0.00000
v 0.00899 0.39729 -0.23337
v 0.01777 0.38923 -0.46099
v 0.02610 0.37602 -0.67726
v 0.03379 0.35798 -0.87685
v 0.04065 0.33556 -1.05485
v 0.04651 0.30931 -1.20688
v 0.05122 0.27988 -1.32919
v 0.05468 0.24798 -1.41877
v 0.05678 0.21442 -1.47342
v 0.05749 0.18000 -1.49178
v 0.05678 0.14558 -1.47342
v 0.05468 0.11202 -1.41877
v 0.05122 0.08012 -1.32919
v 0.04651 0.05069 -1.20688
v 0.04065 0.02444 -1.05485
v 0.03379 0.00202 -0.87685
v 0.02610 -0.01602 -0.67726
v 0.01777 -0.02923 -0.46099
v 0.00899 -0.03729 -0.23337
v 0.00000 -0.04000 -0.00000
v 0.00000 0.40000 0.00000
v 0.02659 0.39729 -0.22317
v 0.05252 0.38923 -0.44084
v 0.07716 0.37602 -0.64766
v 0.09990 0.35798 -0.83853
v 0.12018 0.33556 -1.00875
v 0.13750 0.30931 -1.15413
v 0.15143 0.27988 -1.27110
v 0.16164 0.24798 -1.35676
v 0.16787 0.21442 -1.40902
v 0.16996 0.18000 -1.42658
v 0.16787 0.14558 -1.40902
v 0.16164 0.11202 -1.35676
v 0.15143 0.08012 -1.27110
v 0.13750 0.05069 -1.15413
v 0.12018 0.02444 -1.00875
v 0.09990 0.00202 -0.83853
v 0.07716 -0.01602 -0.64766
v 0.05252 -0.02923 -0.44084
v 0.02659 -0.03729 -0.22317
v 0.00000 -0.04000 -0.00000
v 0.00000 0.40000 0.00000
v 0.04302 0.39729 -0.20321
v 0.08498 0.38923 -0.40142
v 0.12485 0.37602 -0.58975
v 0.16164 0.35798 -0.76356
v 0.19445 0.33556 -0.91856
v 0.22248 0.30931 -1.05094
v 0.24503 0.27988 -1.15745
v 0.26154 0.24798 -1.23546
v 0.27161 0.21442 -1.28304
v 0.27500 0.18000 -1.29904
v 0.27161 0.14558 -1.28304
v 0.26154 0.11202 -1.23546
v 0.24503 0.08012 -1.15745
v 0.22248 0.05069 -1.05094
v 0.19445 0.02444 -0.91856
v 0.16164 0.00202 -0.76356
v 0.12485 -0.01602 -0.58975
v 0.08498 -0.02923 -0.40142
v 0.04302 -0.03729 -0.20321
v 0.00000 -0.04000 -0.00000
v 0.00000 0.40000 0.00000
v 0.05757 0.39729 -0.17438
v 0.11373 0.38923 -0.34447
v 0.16708 0.37602 -0.50607
v 0.21632 0.35798 -0.65521
v 0.26023 0.33556 -0.78822
v 0.29774 0.30931 -0.90183
v 0.32791 0.27988 -0.99322
v 0.35001 0.24798 -1.06016
v 0.36349 0.21442 -1.10099
v 0.36802 0.18000 -1.11472
v 0.36349 0.14558 -1.10099
v 0.35001 0.11202 -1.06016
v 0.32791 0.08012 -0.99322
v 0.29774 0.05069 -0.90183
v 0.26023 0.02444 -0.78822
v 0.21632 0.00202 -0.65521
v 0.16708 -0.01602 -0.50607
v 0.11373 -0.02923 -0.34447
v 0.05757 -0.03729 -0.17438
v 0.00000 -0.04000 -0.00000
v 0.00000 0.40000 0.00000
v 0.06961 0.39729 -0.13792
v 0.13750 0.38923 -0.27245
v 0.20201 0.37602 -0.40027
v 0.26154 0.35798 -0.51824
v 0.31463 0.33556 -0.62344
v 0.35998 0.30931 -0.71329
v 0.39646 0.27988 -0.78558
v 0.42318 0.24798 -0.83853
v 0.43948 0.21442 -0.87082
v 0.44496 0.18000 -0.88168
v 0.43948 0.14558 -0.87082
v 0.42318 0.11202 -0.83853
v 0.39646 0.08012 -0.78558
v 0.35998 0.05069 -0.71329
v 0.31463 0.02444 -0.62344
v 0.26154 0.00202 -0.51824
v 0.20201 -0.01602 -0.40027
v 0.13750 -0.02923 -0.27245
v 0.06961 -0.03729 -0.13792
v 0.00000 -0.04000 -0.00000
v 0.00000 0.40000 0.00000
v 0.07860 0.39729 -0.09544
v 0.15527 0.38923 -0.18853
v 0.22811 0.37602 -0.27698
v 0.29533 0.35798 -0.35861
v 0.35529 0.33556 -0.43141
v 0.40649 0.30931 -0.49359
v 0.44769 0.27988 -0.54361
v 0.47786 0.24798 -0.58024
v 0.49626 0.21442 -0.60259
v 0.50245 0.18000 -0.61010
v 0.49626 0.14558 -0.60259
v 0.47786 0.11202 -0.58024
v 0.44769 0.08012 -0.54361
v 0.40649 0.05069 -0.49359
v 0.35529 0.02444 -0.43141
v 0.29533 0.00202 -0.35861
v 0.22811 -0.01602 -0.27698
v 0.15527 -0.02923 -0.18853
v 0.07860 -0.03729 -0.09544
v 0.00000 -0.04000 -0.00000
v 0.00000 0.40000 0.00000
v 0.08416 0.39729 -0.04879
v 0.16625 0.38923 -0.09637
v 0.24424 0.37602 -0.14158
v 0.31622 0.35798 -0.18331
v 0.38041 0.33556 -0.22052
v 0.43524 0.30931 -0.25231
v 0.47934 0.27988 -0.27788
v 0.51165 0.24798 -0.29660
v 0.53136 0.21442 -0.30803
v 0.53798 0.18000 -0.31187
v 0.53136 0.14558 -0.30803
v 0.51165 0.11202 -0.29660
v 0.47934 0.08012 -0.27788
v 0.43524 0.05069 -0.25231
v 0.38041 0.02444 -0.22052
v 0.31622 0.00202 -0.18331
v 0.24424 -0.01602 -0.14158
v 0.16625 -0.02923 -0.09637
v 0.08416 -0.03729 -0.04879
v 0.00000 -0.04000 -0.00000
v 0.00000 0.40000 0.00000
v 0.08604 0.39729 -0.00000
v 0.16996 0.38923 -0.00000
v 0.24969 0.37602 -0.00000
v 0.32328 0.35798 -0.00000
v 0.38891 0.33556 -0.00000
v 0.44496 0.30931 -0.00000
v 0.49005 0.27988 -0.00000
v 0.52308 0.24798 -0.00000
v 0.54323 0.21442 -0.00000
v 0.55000 0.18000 -0.00000
v 0.54323 0.14558 -0.00000
v 0.52308 0.11202 -0.00000
v 0.49005 0.08012 -0.00000
v 0.44496 0.05069 -0.00000
v 0.38891 0.02444 -0.00000
v 0.32328 0.00202 -0.00000
v 0.24969 -0.01602 -0.00000
v 0.16996 -0.02923 -0.00000
v 0.08604 -0.03729 -0.00000
v 0.00000 -0.04000 -0.00000
v 0.00000 0.30000 -0.04500
v 0.00000 0.70000 -0.04500
v 0.00000 1.10000 -0.04500
v 0.00000 1.50000 -0.04500
v 0.00000 1.90000 -0.04500
v 0.03182 0.30000 -0.03182
v 0.03182 0.70000 -0.03182
v 0.03182 1.10000 -0.03182
v 0.03182 1.50000 -0.03182
v 0.03182 1.90000 -0.03182
v 0.04500 0.30000 -0.00000
v 0.04500 0.70000 -0.00000
v 0.04500 1.10000 -0.00000
v 0.04500 1.50000 -0.00000
v 0.04500 1.90000 -0.00000
v 0.03182 0.30000 0.03182
v 0.03182 0.70000 0.03182
v 0.03182 1.10000 0.03182
v 0.03182 1.50000 0.03182
v 0.03182 1.90000 0.03182
v 0.00000 0.30000 0.04500
v 0.00000 0.70000 0.04500
v 0.00000 1.10000 0.04500
v 0.00000 1.50000 0.04500
v 0.00000 1.90000 0.04500
v -0.03182 0.30000 0.03182
v -0.03182 0.70000 0.03182
v -0.03182 1.10000 0.03182
v -0.03182 1.50000 0.03182
v -0.03182 1.90000 0.03182
v -0.04500 0.30000 0.00000
v -0.04500 0.70000 0.00000
v -0.04500 1.10000 0.00000
v -0.04500 1.50000 0.00000
v -0.04500 1.90000 0.00000
v -0.03182 0.30000 -0.03182
v -0.03182 0.70000 -0.03182
v -0.03182 1.10000 -0.03182
v -0.03182 1.50000 -0.03182
v -0.03182 1.90000 -0.03182
v -0.00000 0.30000 -0.04500
v -0.00000 0.70000 -0.04500
v -0.00000 1.10000 -0.04500
v -0.00000 1.50000 -0.04500
v -0.00000 1.90000 -0.04500
v 0.00000 0.42000 0.00000
v 0.00000 0.42250 0.00000
v 0.00000 0.42500 0.00000
v 0.00000 0.42750 0.00000
v 0.00000 0.43000 0.00000
v 0.00000 0.43250 0.00000
v 0.00000 0.43500 0.00000
v 0.00000 0.43750 0.00000
v 0.00000 0.44000 0.00000
v 0.10625 0.50625 0.00000
v 0.21250 0.57250 0.00000
v 0.31875 0.63875 0.00000
v 0.42500 0.70500 0.00000
v 0.53125 0.77125 0.00000
v 0.63750 0.83750 0.00000
v 0.74375 0.90375 0.00000
v 0.85000 0.97000 0.00000
v 0.74375 1.07000 0.00000
v 0.63750 1.17000 0.00000
v 0.53125 1.27000 0.00000
v 0.42500 1.37000 0.00000
v 0.31875 1.47000 0.00000
v 0.21250 1.57000 0.00000
v 0.10625 1.67000 0.00000
v 0.00000 1.77000 0.00000
v 0.00000 0.42000 0.00000
v 0.00000 0.42250 0.00000
v 0.00000 0.42500 0.00000
v 0.00000 0.42750 0.00000
v 0.00000 0.43000 0.00000
v 0.00000 0.43250 0.00000
v 0.00000 0.43500 0.00000
v 0.00000 0.43750 0.00000
v 0.00000 0.44000 0.00000
v -0.05312 0.50625 0.09202
v -0.10625 0.57250 0.18403
v -0.15937 0.63875 0.27605
v -0.21250 0.70500 0.36806
v -0.26562 0.77125 0.46008
v -0.31875 0.83750 0.55209
v -0.37187 0.90375 0.64411
v -0.42500 0.97000 0.73612
v -0.37187 1.07000 0.64411
v -0.31875 1.17000 0.55209
v -0.26562 1.27000 0.46008
v -0.21250 1.37000 0.36806
v -0.15937 1.47000 0.27605
v -0.10625 1.57000 0.18403
v -0.05312 1.67000 0.09202
v 0.00000 1.77000 0.00000
v 0.00000 0.42000 0.00000
v 0.00000 0.42250 0.00000
v 0.00000 0.42500 0.00000
v 0.00000 0.42750 0.00000
v 0.00000 0.43000 0.00000
v 0.00000 0.43250 0.00000
v 0.00000 0.43500 0.00000
v 0.00000 0.43750 0.00000
v 0.00000 0.44000 0.00000
v -0.05313 0.50625 -0.09202
v -0.10625 0.57250 -0.18403
v -0.15938 0.63875 -0.27605
v -0.21250 0.70500 -0.36806
v -0.26563 0.77125 -0.46008
v -0.31875 0.83750 -0.55209
v -0.37188 0.90375 -0.64411
v -0.42500 0.97000 -0.73612
v -0.37188 1.07000 -0.64411
v -0.31875 1.17000 -0.55209
v -0.26563 1.27000 -0.46008
v -0.21250 1.37000 -0.36806
v -0.15938 1.47000 -0.27605
v -0.10625 1.57000 -0.18403
v -0.05313 1.67000 -0.09202
v 0.00000 1.77000 0.00000
v 0.00000 0.42000 0.00000
v 0.00000 0.42250 0.00000
v 0.00000 0.42500 0.00000
v 0.00000 0.42750 0.00000
v 0.00000 0.43000 0.00000
v 0.00000 0.43250 0.00000
v 0.00000 0.43500 0.00000
v 0.00000 0.43750 0.00000
v 0.00000 0.44000 0.00000
v 0.10625 0.50625 -0.00000
v 0.21250 0.57250 -0.00000
v 0.31875 0.63875 -0.00000
v 0.42500 0.70500 -0.00000
v 0.53125 0.77125 -0.00000
v 0.63750 0.83750 -0.00000
v 0.74375 0.90375 -0.00000
v 0.85000 0.97000 -0.00000
v 0.74375 1.07000 -0.00000
v 0.63750 1.17000 -0.00000
v 0.53125 1.27000 -0.00000
v 0.42500 1.37000 -0.00000
v 0.31875 1.47000 -0.00000
v 0.21250 1.57000 -0.00000
v 0.10625 1.67000 -0.00000
v 0.00000 1.77000 0.00000
vt 0.00000 0.00000
vt 0.00000 0.05000
vt 0.00000 0.10000
vt 0.00000 0.15000
vt 0.00000 0.20000
vt 0.00000 0.25000
vt 0.00000 0.30000
vt 0.00000 0.35000
vt 0.00000 0.40000
vt 0.00000 0.45000
vt 0.00000 0.50000
vt 0.00000 0.55000
vt 0.00000 0.60000
vt 0.00000 0.65000
vt 0.00000 0.70000
vt 0.00000 0.75000
vt 0.00000 0.80000
vt 0.00000 0.85000
vt 0.00000 0.90000
vt 0.00000 0.95000
vt 0.00000 1.00000
vt 0.03333 0.00000
vt 0.03333 0.05000
vt 0.03333 0.10000
vt 0.03333 0.15000
vt 0.03333 0.20000
vt 0.03333 0.25000
vt 0.03333 0.30000
vt 0.03333 0.35000
vt 0.03333 0.40000
vt 0.03333 0.45000
vt 0.03333 0.50000
vt 0.03333 0.55000
vt 0.03333 0.60000
vt 0.03333 0.65000
vt 0.03333 0.70000
vt 0.03333 0.75000
vt 0.03333 0.80000
vt 0.03333 0.85000
vt 0.03333 0.90000
vt 0.03333 0.95000
vt 0.03333 1.00000
vt 0.06667 0.00000
vt 0.06667 0.05000
vt 0.06667 0.10000
vt 0.06667 0.15000
vt 0.06667 0.20000
vt 0.06667 0.25000
vt 0.06667 0.30000
vt 0.06667 0.35000
vt 0.06667 0.40000
vt 0.06667 0.45000
vt 0.06667 0.50000
vt 0.06667 0.55000
vt 0.06667 0.60000
vt 0.06667 0.65000
vt 0.06667 0.70000
vt 0.06667 0.75000
vt 0.06667 0.80000
vt 0.06667 0.85000
vt 0.06667 0.90000
vt 0.06667 0.95000
vt 0.06667 1.00000
vt 0.10000 0.00000
vt 0.10000 0.05000
vt 0.10000 0.10000
vt 0.10000 0.15000
vt 0.10000 0.20000
vt 0.10000 0.25000
vt 0.10000 0.30000
vt 0.10000 0.35000
vt 0.10000 0.40000
vt 0.10000 0.45000
vt 0.10000 0.50000
vt 0.10000 0.55000
vt 0.10000 0.60000
vt 0.10000 0.65000
vt 0.10000 0.70000
vt 0.10000 0.75000
vt 0.10000 0.80000
vt 0.10000 0.85000
vt 0.10000 0.90000
vt 0.10000 0.95000
vt 0.10000 1.00000
vt 0.13333 0.00000
vt 0.13333 0.05000
vt 0.13333 0.10000
vt 0.13333 0.15000
vt 0.13333 0.20000
vt 0.13333 0.25000
vt 0.13333 0.30000
vt 0.13333 0.35000
vt 0.13333 0.40000
vt 0.13333 0.45000
vt 0.13333 0.50000
vt 0.13333 0.55000
vt 0.13333 0.60000
vt 0.13333 0.65000
vt 0.13333 0.70000
vt 0.13333 0.75000
vt 0.13333 0.80000
vt 0.13333 0.85000
vt 0.13333 0.90000
vt 0.13333 0.95000
vt 0.13333 1.00000
vt 0.16667 0.00000
vt 0.16667 0.05000
vt 0.16667 0.10000
vt 0.16667 0.15000
vt 0.16667 0.20000
vt 0.16667 0.25000
vt 0.16667 0.30000
vt 0.16667 0.35000
vt 0.16667 0.40000
vt 0.16667 0.45000
vt 0.16667 0.50000
vt 0.16667 0.55000
vt 0.16667 0.60000
vt 0.16667 0.65000
vt 0.16667 0.70000
vt 0.16667 0.75000
vt 0.16667 0.80000
vt 0.16667 0.85000
vt 0.16667 0.90000
vt 0.16667 0.95000
vt 0.16667 1.00000
vt 0.20000 0.00000
vt 0.20000 0.05000
vt 0.20000 0.10000
vt 0.20000 0.15000
vt 0.20000 0.20000
vt 0.20000 0.25000
vt 0.20000 0.30000
vt 0.20000 0.35000
vt 0.20000 0.40000
vt 0.20000 0.45000
vt 0.20000 0.50000
vt 0.20000 0.55000
vt 0.20000 0.60000
vt 0.20000 0.65000
vt 0.20000 0.70000
vt 0.20000 0.75000
vt 0.20000 0.80000
vt 0.20000 0.85000
vt 0.20000 0.90000
vt 0.20000 0.95000
vt 0.20000 1.00000
vt 0.23333 0.00000
vt 0.23333 0.05000
vt 0.23333 0.10000
vt 0.23333 0.15000
vt 0.23333 0.20000
vt 0.23333 0.25000
vt 0.23333 0.30000
vt 0.23333 0.35000
vt 0.23333 0.40000
vt 0.23333 0.45000
vt 0.23333 0.50000
vt 0.23333 0.55000
vt 0.23333 0.60000
vt 0.23333 0.65000
vt 0.23333 0.70000
vt 0.23333 0.75000
vt 0.23333 0.80000
vt 0.23333 0.85000
vt 0.23333 0.90000
vt 0.23333 0.95000
vt 0.23333 1.00000
vt 0.26667 0.00000
vt 0.26667 0.05000
vt 0.26667 0.10000
vt 0.26667 0.15000
vt 0.26667 0.20000
vt 0.26667 0.25000
vt 0.26667 0.30000
vt 0.26667 0.35000
vt 0.26667 0.40000
vt 0.26667 0.45000
vt 0.26667 0.50000
vt 0.26667 0.55000
vt 0.26667 0.60000
vt 0.26667 0.65000
vt 0.26667 0.70000
vt 0.26667 0.75000
vt 0.26667 0.80000
vt 0.26667 0.85000
vt 0.26667 0.90000
vt 0.26667 0.95000
vt 0.26667 1.00000
vt 0.30000 0.00000
vt 0.30000 0.05000
vt 0.30000 0.10000
vt 0.30000 0.15000
vt 0.30000 0.20000
vt 0.30000 0.25000
vt 0.30000 0.30000
vt 0.30000 0.35000
vt 0.30000 0.40000
vt 0.30000 0.45000
vt 0.30000 0.50000
vt 0.30000 0.55000
vt 0.30000 0.60000
vt 0.30000 0.65000
vt 0.30000 0.70000
vt 0.30000 0.75000
vt 0.30000 0.80000
vt 0.30000 0.85000
vt 0.30000 0.90000
vt 0.30000 0.95000
vt 0.30000 1.00000
vt 0.33333 0.00000
vt 0.33333 0.05000
vt 0.33333 0.10000
vt 0.33333 0.15000
vt 0.33333 0.20000
vt 0.33333 0.25000
vt 0.33333 0.30000
vt 0.33333 0.35000
vt 0.33333 0.40000
vt 0.33333 0.45000
vt 0.33333 0.50000
vt 0.33333 0.55000
vt 0.33333 0.60000
vt 0.33333 0.65000
vt 0.33333 0.70000
vt 0.33333 0.75000
vt 0.33333 0.80000
vt 0.33333 0.85000
vt 0.33333 0.90000
vt 0.33333 0.95000
vt 0.33333 1.00000
vt 0.36667 0.00000
vt 0.36667 0.05000
vt 0.36667 0.10000
vt 0.36667 0.15000
vt 0.36667 0.20000
vt 0.36667 0.25000
vt 0.36667 0.30000
vt 0.36667 0.35000
vt 0.36667 0.40000
vt 0.36667 0.45000
vt 0.36667 0.50000
vt 0.36667 0.55000
vt 0.36667 0.60000
vt 0.36667 0.65000
vt 0.36667 0.70000
vt 0.36667 0.75000
vt 0.36667 0.80000
vt 0.36667 0.85000
vt 0.36667 0.90000
vt 0.36667 0.95000
vt 0.36667 1.00000
vt 0.40000 0.00000
vt 0.40000 0.05000
vt 0.40000 0.10000
vt 0.40000 0.15000
vt 0.40000 0.20000
vt 0.40000 0.25000
vt 0.40000 0.30000
vt 0.40000 0.35000
vt 0.40000 0.40000
vt 0.40000 0.45000
vt 0.40000 0.50000
vt 0.40000 0.55000
vt 0.40000 0.60000
vt 0.40000 0.65000
vt 0.40000 0.70000
vt 0.40000 0.75000
vt 0.40000 0.80000
vt 0.40000 0.85000
vt 0.40000 0.90000
vt 0.40000 0.95000
vt 0.40000 1.00000
vt 0.43333 0.00000
vt 0.43333 0.05000
vt 0.43333 0.10000
vt 0.43333 0.15000
vt 0.43333 0.20000
vt 0.43333 0.25000
vt 0.43333 0.30000
vt 0.43333 0.35000
vt 0.43333 0.40000
vt 0.43333 0.45000
vt 0.43333 0.50000
vt 0.43333 0.55000
vt 0.43333 0.60000
vt 0.43333 0.65000
vt 0.43333 0.70000
vt 0.43333 0.75000
vt 0.43333 0.80000
vt 0.43333 0.85000
vt 0.43333 0.90000
vt 0.43333 0.95000
vt 0.43333 1.00000
vt 0.46667 0.00000
vt 0.46667 0.05000
vt 0.46667 0.10000
vt 0.46667 0.15000
vt 0.46667 0.20000
vt 0.46667 0.25000
vt 0.46667 0.30000
vt 0.46667 0.35000
vt 0.46667 0.40000
vt 0.46667 0.45000
vt 0.46667 0.50000
vt 0.46667 0.55000
vt 0.46667 0.60000
vt 0.46667 0.65000
vt 0.46667 0.70000
vt 0.46667 0.75000
vt 0.46667 0.80000
vt 0.46667 0.85000
vt 0.46667 0.90000
vt 0.46667 0.95000
vt 0.46667 1.00000
vt 0.50000 0.00000
vt 0.50000 0.05000
vt 0.50000 0.10000
vt 0.50000 0.15000
vt 0.50000 0.20000
vt 0.50000 0.25000
vt 0.50000 0.30000
vt 0.50000 0.35000
vt 0.50000 0.40000
vt 0.50000 0.45000
vt 0.50000 0.50000
vt 0.50000 0.55000
vt 0.50000 0.60000
vt 0.50000 0.65000
vt 0.50000 0.70000
vt 0.50000 0.75000
vt 0.50000 0.80000
vt 0.50000 0.85000
vt 0.50000 0.90000
vt 0.50000 0.95000
vt 0.50000 1.00000
vt 0.53333 0.00000
vt 0.53333 0.05000
vt 0.53333 0.10000
vt 0.53333 0.15000
vt 0.53333 0.20000
vt 0.53333 0.25000
vt 0.53333 0.30000
vt 0.53333 0.35000
vt 0.53333 0.40000
vt 0.53333 0.45000
vt 0.53333 0.50000
vt 0.53333 0.55000
vt 0.53333 0.60000
vt 0.53333 0.65000
vt 0.53333 0.70000
vt 0.53333 0.75000
vt 0.53333 0.80000
vt 0.53333 0.85000
vt 0.53333 0.90000
vt 0.53333 0.95000
vt 0.53333 1.00000
vt 0.56667 0.00000
vt 0.56667 0.05000
vt 0.56667 0.10000
vt 0.56667 0.15000
vt 0.56667 0.20000
vt 0.56667 0.25000
vt 0.56667 0.30000
vt 0.56667 0.35000
vt 0.56667 0.40000
vt 0.56667 0.45000
vt 0.56667 0.50000
vt 0.56667 0.55000
vt 0.56667 0.60000
vt 0.56667 0.65000
vt 0.56667 0.70000
vt 0.56667 0.75000
vt 0.56667 0.80000
vt 0.56667 0.85000
vt 0.56667 0.90000
vt 0.56667 0.95000
vt 0.56667 1.00000
vt 0.60000 0.00000
vt 0.60000 0.05000
vt 0.60000 0.10000
vt 0.60000 0.15000
vt 0.60000 0.20000
vt 0.60000 0.25000
vt 0.60000 0.30000
vt 0.60000 0.35000
vt 0.60000 0.40000
vt 0.60000 0.45000
vt 0.60000 0.50000
vt 0.60000 0.55000
vt 0.60000 0.60000
vt 0.60000 0.65000
vt 0.60000 0.70000
vt 0.60000 0.75000
vt 0.60000 0.80000
vt 0.60000 0.85000
vt 0.60000 0.90000
vt 0.60000 0.95000
vt 0.60000 1.00000
vt 0.63333 0.00000
vt 0.63333 0.05000
vt 0.63333 0.10000
vt 0.63333 0.15000
vt 0.63333 0.20000
vt 0.63333 0.25000
vt 0.63333 0.30000
vt 0.63333 0.35000
vt 0.63333 0.40000
vt 0.63333 0.45000
vt 0.63333 0.50000
vt 0.63333 0.55000
vt 0.63333 0.60000
vt 0.63333 0.65000
vt 0.63333 0.70000
vt 0.63333 0.75000
vt 0.63333 0.80000
vt 0.63333 0.85000
vt 0.63333 0.90000
vt 0.63333 0.95000
vt 0.63333 1.00000
vt 0.66667 0.00000
vt 0.66667 0.05000
vt 0.66667 0.10000
vt 0.66667 0.15000
vt 0.66667 0.20000
vt 0.66667 0.25000
vt 0.66667 0.30000
vt 0.66667 0.35000
vt 0.66667 0.40000
vt 0.66667 0.45000
vt 0.66667 0.50000
vt 0.66667 0.55000
vt 0.66667 0.60000
vt 0.66667 0.65000
vt 0.66667 0.70000
vt 0.66667 0.75000
vt 0.66667 0.80000
vt 0.66667 0.85000
vt 0.66667 0.90000
vt 0.66667 0.95000
vt 0.66667 1.00000
vt 0.70000 0.00000
vt 0.70000 0.05000
vt 0.70000 0.10000
vt 0.70000 0.15000
vt 0.70000 0.20000
vt 0.70000 0.25000
vt 0.70000 0.30000
vt 0.70000 0.35000
vt 0.70000 0.40000
vt 0.70000 0.45000
vt 0.70000 0.50000
vt 0.70000 0.55000
vt 0.70000 0.60000
vt 0.70000 0.65000
vt 0.70000 0.70000
vt 0.70000 0.75000
vt 0.70000 0.80000
vt 0.70000 0.85000
vt 0.70000 0.90000
vt 0.70000 0.95000
vt 0.70000 1.00000
vt 0.73333 0.00000
vt 0.73333 0.05000
vt 0.73333 0.10000
vt 0.73333 0.15000
vt 0.73333 0.20000
vt 0.73333 0.25000
vt 0.73333 0.30000
vt 0.73333 0.35000
vt 0.73333 0.40000
vt 0.73333 0.45000
vt 0.73333 0.50000
vt 0.73333 0.55000
vt 0.73333 0.60000
vt 0.73333 0.65000
vt 0.73333 0.70000
vt 0.73333 0.75000
vt 0.73333 0.80000
vt 0.73333 0.85000
vt 0.73333 0.90000
vt 0.73333 0.95000
vt 0.73333 1.00000
vt 0.76667 0.00000
vt 0.76667 0.05000
vt 0.76667 0.10000
vt 0.76667 0.15000
vt 0.76667 0.20000
vt 0.76667 0.25000
vt 0.76667 0.30000
vt 0.76667 0.35000
vt 0.76667 0.40000
vt 0.76667 0.45000
vt 0.76667 0.50000
vt 0.76667 0.55000
vt 0.76667 0.60000
vt 0.76667 0.65000
vt 0.76667 0.70000
vt 0.76667 0.75000
vt 0.76667 0.80000
vt 0.76667 0.85000
vt 0.76667 0.90000
vt 0.76667 0.95000
vt 0.76667 1.00000
vt 0.80000 0.00000
vt 0.80000 0.05000
vt 0.80000 0.10000
vt 0.80000 0.15000
vt 0.80000 0.20000
vt 0.80000 0.25000
vt 0.80000 0.30000
vt 0.80000 0.35000
vt 0.80000 0.40000
vt 0.80000 0.45000
vt 0.80000 0.50000
vt 0.80000 0.55000
vt 0.80000 0.60000
vt 0.80000 0.65000
vt 0.80000 0.70000
vt 0.80000 0.75000
vt 0.80000 0.80000
vt 0.80000 0.85000
vt 0.80000 0.90000
vt 0.80000 0.95000
vt 0.80000 1.00000
vt 0.83333 0.00000
vt 0.83333 0.05000
vt 0.83333 0.10000
vt 0.83333 0.15000
vt 0.83333 0.20000
vt 0.83333 0.25000
vt 0.83333 0.30000
vt 0.83333 0.35000
vt 0.83333 0.40000
vt 0.83333 0.45000
vt 0.83333 0.50000
vt 0.83333 0.55000
vt 0.83333 0.60000
vt 0.83333 0.65000
vt 0.83333 0.70000
vt 0.83333 0.75000
vt 0.83333 0.80000
vt 0.83333 0.85000
vt 0.83333 0.90000
vt 0.83333 0.95000
vt 0.83333 1.00000
vt 0.86667 0.00000
vt 0.86667 0.05000
vt 0.86667 0.10000
vt 0.86667 0.15000
vt 0.86667 0.20000
vt 0.86667 0.25000
vt 0.86667 0.30000
vt 0.86667 0.35000
vt 0.86667 0.40000
vt 0.86667 0.45000
vt 0.86667 0.50000
vt 0.86667 0.55000
vt 0.86667 0.60000
vt 0.86667 0.65000
vt 0.86667 0.70000
vt 0.86667 0.75000
vt 0.86667 0.80000
vt 0.86667 0.85000
vt 0.86667 0.90000
vt 0.86667 0.95000
vt 0.86667 1.00000
vt 0.90000 0.00000
vt 0.90000 0.05000
vt 0.90000 0.10000
vt 0.90000 0.15000
vt 0.90000 0.20000
vt 0.90000 0.25000
vt 0.90000 0.30000
vt 0.90000 0.35000
vt 0.90000 0.40000
vt 0.90000 0.45000
vt 0.90000 0.50000
vt 0.90000 0.55000
vt 0.90000 0.60000
vt 0.90000 0.65000
vt 0.90000 0.70000
vt 0.90000 0.75000
vt 0.90000 0.80000
vt 0.90000 0.85000
vt 0.90000 0.90000
vt 0.90000 0.95000
vt 0.90000 1.00000
vt 0.93333 0.00000
vt 0.93333 0.05000
vt 0.93333 0.10000
vt 0.93333 0.15000
vt 0.93333 0.20000
vt 0.93333 0.25000
vt 0.93333 0.30000
vt 0.93333 0.35000
vt 0.93333 0.40000
vt 0.93333 0.45000
vt 0.93333 0.50000
vt 0.93333 0.55000
vt 0.93333 0.60000
vt 0.93333 0.65000
vt 0.93333 0.70000
vt 0.93333 0.75000
vt 0.93333 0.80000
vt 0.93333 0.85000
vt 0.93333 0.90000
vt 0.93333 0.95000
vt 0.93333 1.00000
vt 0.96667 0.00000
vt 0.96667 0.05000
vt 0.96667 0.10000
vt 0.96667 0.15000
vt 0.96667 0.20000
vt 0.96667 0.25000
vt 0.96667 0.30000
vt 0.96667 0.35000
vt 0.96667 0.40000
vt 0.96667 0.45000
vt 0.96667 0.50000
vt 0.96667 0.55000
vt 0.96667 0.60000
vt 0.96667 0.65000
vt 0.96667 0.70000
vt 0.96667 0.75000
vt 0.96667 0.80000
vt 0.96667 0.85000
vt 0.96667 0.90000
vt 0.96667 0.95000
vt 0.96667 1.00000
vt 1.00000 0.00000
vt 1.00000 0.05000
vt 1.00000 0.10000
vt 1.00000 0.15000
vt 1.00000 0.20000
vt 1.00000 0.25000
vt 1.00000 0.30000
vt 1.00000 0.35000
vt 1.00000 0.40000
vt 1.00000 0.45000
vt 1.00000 0.50000
vt 1.00000 0.55000
vt 1.00000 0.60000
vt 1.00000 0.65000
vt 1.00000 0.70000
vt 1.00000 0.75000
vt 1.00000 0.80000
vt 1.00000 0.85000
vt 1.00000 0.90000
vt 1.00000 0.95000
vt 1.00000 1.00000
vt 0.00000 0.00000
vt 0.00000 0.25000
vt 0.00000 0.50000
vt 0.00000 0.75000
vt 0.00000 1.00000
vt 0.12500 0.00000
vt 0.12500 0.25000
vt 0.12500 0.50000
vt 0.12500 0.75000
vt 0.12500 1.00000
vt 0.25000 0.00000
vt 0.25000 0.25000
vt 0.25000 0.50000
vt 0.25000 0.75000
vt 0.25000 1.00000
vt 0.37500 0.00000
vt 0.37500 0.25000
vt 0.37500 0.50000
vt 0.37500 0.75000
vt 0.37500 1.00000
vt 0.50000 0.00000
vt 0.50000 0.25000
vt 0.50000 0.50000
vt 0.50000 0.75000
vt 0.50000 1.00000
vt 0.62500 0.00000
vt 0.62500 0.25000
vt 0.62500 0.50000
vt 0.62500 0.75000
vt 0.62500 1.00000
vt 0.75000 0.00000
vt 0.75000 0.25000
vt 0.75000 0.50000
vt 0.75000 0.75000
vt 0.75000 1.00000
vt 0.87500 0.00000
vt 0.87500 0.25000
vt 0.87500 0.50000
vt 0.87500 0.75000
vt 0.87500 1.00000
vt 1.00000 0.00000
vt 1.00000 0.25000
vt 1.00000 0.50000
vt 1.00000 0.75000
vt 1.00000 1.00000
vt 0.00000 0.00000
vt 0.00000 0.04167
vt 0.00000 0.08333
vt 0.00000 0.12500
vt 0.00000 0.16667
vt 0.00000 0.20833
vt 0.00000 0.25000
vt 0.00000 0.29167
vt 0.00000 0.33333
vt 0.00000 0.37500
vt 0.00000 0.41667
vt 0.00000 0.45833
vt 0.00000 0.50000
vt 0.00000 0.54167
vt 0.00000 0.58333
vt 0.00000 0.62500
vt 0.00000 0.66667
vt 0.00000 0.70833
vt 0.00000 0.75000
vt 0.00000 0.79167
vt 0.00000 0.83333
vt 0.00000 0.87500
vt 0.00000 0.91667
vt 0.00000 0.95833
vt 0.00000 1.00000
vt 0.33333 0.00000
vt 0.33333 0.04167
vt 0.33333 0.08333
vt 0.33333 0.12500
vt 0.33333 0.16667
vt 0.33333 0.20833
vt 0.33333 0.25000
vt 0.33333 0.29167
vt 0.33333 0.33333
vt 0.33333 0.37500
vt 0.33333 0.41667
vt 0.33333 0.45833
vt 0.33333 0.50000
vt 0.33333 0.54167
vt 0.33333 0.58333
vt 0.33333 0.62500
vt 0.33333 0.66667
vt 0.33333 0.70833
vt 0.33333 0.75000
vt 0.33333 0.79167
vt 0.33333 0.83333
vt 0.33333 0.87500
vt 0.33333 0.91667
vt 0.33333 0.95833
vt 0.33333 1.00000
vt 0.66667 0.00000
vt 0.66667 0.04167
vt 0.66667 0.08333
vt 0.66667 0.12500
vt 0.66667 0.16667
vt 0.66667 0.20833
vt 0.66667 0.25000
vt 0.66667 0.29167
vt 0.66667 0.33333
vt 0.66667 0.37500
vt 0.66667 0.41667
vt 0.66667 0.45833
vt 0.66667 0.50000
vt 0.66667 0.54167
vt 0.66667 0.58333
vt 0.66667 0.62500
vt 0.66667 0.66667
vt 0.66667 0.70833
vt 0.66667 0.75000
vt 0.66667 0.79167
vt 0.66667 0.83333
vt 0.66667 0.87500
vt 0.66667 0.91667
vt 0.66667 0.95833
vt 0.66667 1.00000
vt 1.00000 0.00000
vt 1.00000 0.04167
vt 1.00000 0.08333
vt 1.00000 0.12500
vt 1.00000 0.16667
vt 1.00000 0.20833
vt 1.00000 0.25000
vt 1.00000 0.29167
vt 1.00000 0.33333
vt 1.00000 0.37500
vt 1.00000 0.41667
vt 1.00000 0.45833
vt 1.00000 0.50000
vt 1.00000 0.54167
vt 1.00000 0.58333
vt 1.00000 0.62500
vt 1.00000 0.66667
vt 1.00000 0.70833
vt 1.00000 0.75000
vt 1.00000 0.79167
vt 1.00000 0.83333
vt 1.00000 0.87500
vt 1.00000 0.91667
vt 1.00000 0.95833
vt 1.00000 1.00000
vn 0.00000 1.00000 0.00000
vn 0.06323 0.99800 0.00007
vn 0.12888 0.99166 0.00015
vn 0.19970 0.97986 0.00023
vn 0.27907 0.96027 0.00032
vn 0.37139 0.92848 0.00043
vn 0.48229 0.87601 0.00056
vn 0.61750 0.78657 0.00071
vn 0.77619 0.63050 0.00089
vn 0.92977 0.36815 0.00107
vn 1.00000 0.00000 0.00115
vn 0.92977 -0.36815 0.00107
vn 0.77619 -0.63050 0.00089
vn 0.61750 -0.78657 0.00071
vn 0.48229 -0.87601 0.00056
vn 0.37139 -0.92848 0.00043
vn 0.27907 -0.96027 0.00032
vn 0.19970 -0.97986 0.00023
vn 0.12888 -0.99166 0.00015
vn 0.06323 -0.99800 0.00007
vn 0.00000 -1.00000 0.00000
vn 0.00000 1.00000 0.00000
vn 0.06185 0.99807 0.00482
vn 0.12611 0.99197 0.00983
vn 0.19549 0.98059 0.01524
vn 0.27337 0.96167 0.02131
vn 0.36422 0.93088 0.02839
vn 0.47382 0.87985 0.03693
vn 0.60836 0.79225 0.04741
vn 0.76793 0.63773 0.05985
vn 0.92452 0.37425 0.07205
vn 0.99698 0.00000 0.07770
vn 0.92452 -0.37425 0.07205
vn 0.76793 -0.63773 0.05985
vn 0.60836 -0.79225 0.04741
vn 0.47382 -0.87985 0.03693
vn 0.36422 -0.93088 0.02839
vn 0.27337 -0.96167 0.02131
vn 0.19549 -0.98059 0.01524
vn 0.12611 -0.99197 0.00983
vn 0.06185 -0.99807 0.00482
vn 0.00000 -1.00000 0.00000
vn 0.00000 1.00000 0.00000
vn 0.05778 0.99828 0.00943
vn 0.11788 0.99284 0.01924
vn 0.18296 0.98267 0.02987
vn 0.25638 0.96567 0.04185
vn 0.34268 0.93778 0.05594
vn 0.44812 0.89097 0.07316
vn 0.58017 0.80897 0.09471
vn 0.74180 0.65959 0.12110
vn 0.90740 0.39330 0.14813
vn 0.98694 0.00000 0.16112
vn 0.90740 -0.39330 0.14813
vn 0.74180 -0.65959 0.12110
vn 0.58017 -0.80897 0.09471
vn 0.44812 -0.89097 0.07316
vn 0.34268 -0.93778 0.05594
vn 0.25638 -0.96567 0.04185
vn 0.18296 -0.98267 0.02987
vn 0.11788 -0.99284 0.01924
vn 0.05778 -0.99828 0.00943
vn 0.00000 -1.00000 0.00000
vn 0.00000 1.00000 0.00000
vn 0.05118 0.99860 0.01363
vn 0.10453 0.99413 0.02785
vn 0.16254 0.98575 0.04330
vn 0.22845 0.97165 0.06086
vn 0.30686 0.94824 0.08175
vn 0.40450 0.90817 0.10776
vn 0.53074 0.83566 0.14139
vn 0.69353 0.69634 0.18475
vn 0.87353 0.42754 0.23271
vn 0.96630 0.00000 0.25742
vn 0.87353 -0.42754 0.23271
vn 0.69353 -0.69634 0.18475
vn 0.53074 -0.83566 0.14139
vn 0.40450 -0.90817 0.10776
vn 0.30686 -0.94824 0.08175
vn 0.22845 -0.97165 0.06086
vn 0.16254 -0.98575 0.04330
vn 0.10453 -0.99413 0.02785
vn 0.05118 -0.99860 0.01363
vn 0.00000 -1.00000 0.00000
vn 0.00000 1.00000 0.00000
vn 0.04235 0.99895 0.01724
vn 0.08658 0.99562 0.03526
vn 0.13492 0.98933 0.05494
vn 0.19031 0.97866 0.07750
vn 0.25713 0.96069 0.10471
vn 0.34231 0.92919 0.13940
vn 0.45692 0.86983 0.18607
vn 0.61551 0.74721 0.25065
vn 0.81218 0.48061 0.33074
vn 0.92615 0.00000 0.37715
vn 0.81218 -0.48061 0.33074
vn 0.61551 -0.74721 0.25065
vn 0.45692 -0.86983 0.18607
vn 0.34231 -0.92919 0.13940
vn 0.25713 -0.96069 0.10471
vn 0.19031 -0.97866 0.07750
vn 0.13492 -0.98933 0.05494
vn 0.08658 -0.99562 0.03526
vn 0.04235 -0.99895 0.01724
vn 0.00000 -1.00000 0.00000
vn 0.00000 1.00000 0.00000
vn 0.03165 0.99930 0.02010
vn 0.06479 0.99705 0.04115
vn 0.10117 0.99279 0.06425
vn 0.14320 0.98551 0.09095
vn 0.19461 0.97306 0.12360
vn 0.26171 0.95073 0.16621
vn 0.35593 0.90676 0.22604
vn 0.49736 0.80800 0.31586
vn 0.70178 0.55576 0.44569
vn 0.84415 0.00000 0.53611
vn 0.70178 -0.55576 0.44569
vn 0.49736 -0.80800 0.31586
vn 0.35593 -0.90676 0.22604
vn 0.26171 -0.95073 0.16621
vn 0.19461 -0.97306 0.12360
vn 0.14320 -0.98551 0.09095
vn 0.10117 -0.99279 0.06425
vn 0.06479 -0.99705 0.04115
vn 0.03165 -0.99930 0.02010
vn 0.00000 -1.00000 0.00000
vn 0.00000 1.00000 0.00000
vn 0.01957 0.99956 0.02208
vn 0.04009 0.99817 0.04524
vn 0.06270 0.99552 0.07075
vn 0.08899 0.99096 0.10043
vn 0.12151 0.98307 0.13713
vn 0.16479 0.96864 0.18597
vn 0.22783 0.93914 0.25710
vn 0.32999 0.86743 0.37239
vn 0.50538 0.64757 0.57031
vn 0.66322 0.00000 0.74843
vn 0.50538 -0.64757 0.57031
vn 0.32999 -0.86743 0.37239
vn 0.22783 -0.93914 0.25710
vn 0.16479 -0.96864 0.18597
vn 0.12151 -0.98307 0.13713
vn 0.08899 -0.99096 0.10043
vn 0.06270 -0.99552 0.07075
vn 0.04009 -0.99817 0.04524
vn 0.01957 -0.99956 0.02208
vn 0.00000 -1.00000 0.00000
vn 0.00000 1.00000 0.00000
vn 0.00662 0.99971 0.02310
vn 0.01357 0.99879 0.04734
vn 0.02124 0.99702 0.07410
vn 0.03019 0.99398 0.10534
vn 0.04134 0.98868 0.14421
vn 0.05633 0.97888 0.19652
vn 0.07865 0.95840 0.27436
vn 0.11659 0.90607 0.40675
vn 0.19062 0.72210 0.66501
vn 0.27555 0.00000 0.96129
vn 0.19062 -0.72210 0.66501
vn 0.11659 -0.90607 0.40675
vn 0.07865 -0.95840 0.27436
vn 0.05633 -0.97888 0.19652
vn 0.04134 -0.98868 0.14421
vn 0.03019 -0.99398 0.10534
vn 0.02124 -0.99702 0.07410
vn 0.01357 -0.99879 0.04734
vn 0.00662 -0.99971 0.02310
vn 0.00000 -1.00000 0.00000
vn 0.00000 1.00000 0.00000
vn -0.00662 0.99971 0.02310
vn -0.01357 0.99879 0.04734
vn -0.02124 0.99702 0.07410
vn -0.03019 0.99398 0.10534
vn -0.04134 0.98868 0.14421
vn -0.05633 0.97888 0.19652
vn -0.07865 0.95840 0.27436
vn -0.11659 0.90607 0.40675
vn -0.19062 0.72210 0.66501
vn -0.27555 0.00000 0.96129
vn -0.19062 -0.72210 0.66501
vn -0.11659 -0.90607 0.40675
vn -0.07865 -0.95840 0.27436
vn -0.05633 -0.97888 0.19652
vn -0.04134 -0.98868 0.14421
vn -0.03019 -0.99398 0.10534
vn -0.02124 -0.99702 0.07410
vn -0.01357 -0.99879 0.04734
vn -0.00662 -0.99971 0.02310
vn -0.00000 -1.00000 0.00000
vn 0.00000 1.00000 0.00000
vn -0.01957 0.99956 0.02208
vn -0.04009 0.99817 0.04524
vn -0.06270 0.99552 0.07075
vn -0.08899 0.99096 0.10043
vn -0.12151 0.98307 0.13713
vn -0.16479 0.96864 0.18597
vn -0.22783 0.93914 0.25710
vn -0.32999 0.86743 0.37239
vn -0.50538 0.64757 0.57031
vn -0.66322 0.00000 0.74843
vn -0.50538 -0.64757 0.57031
vn -0.32999 -0.86743 0.37239
vn -0.22783 -0.93914 0.25710
vn -0.16479 -0.96864 0.18597
vn -0.12151 -0.98307 0.13713
vn -0.08899 -0.99096 0.10043
vn -0.06270 -0.99552 0.07075
vn -0.04009 -0.99817 0.04524
vn -0.01957 -0.99956 0.02208
vn -0.00000 -1.00000 0.00000
vn 0.00000 1.00000 0.00000
vn -0.03165 0.99930 0.02010
vn -0.06479 0.99705 0.04115
vn -0.10117 0.99279 0.06425
vn -0.14320 0.98551 0.09095
vn -0.19461 0.97306 0.12360
vn -0.26171 0.95073 0.16621
vn -0.35593 0.90676 0.22604
vn -0.49736 0.80800 0.31586
vn -0.70178 0.55576 0.44569
vn -0.84415 0.00000 0.53611
vn -0.70178 -0.55576 0.44569
vn -0.49736 -0.80800 0.31586
vn -0.35593 -0.90676 0.22604
vn -0.26171 -0.95073 0.16621
vn -0.19461 -0.97306 0.12360
vn -0.14320 -0.98551 0.09095
vn -0.10117 -0.99279 0.06425
vn -0.06479 -0.99705 0.04115
vn -0.03165 -0.99930 0.02010
vn -0.00000 -1.00000 0.00000
vn 0.00000 1.00000 0.00000
vn -0.04235 0.99895 0.01724
vn -0.08658 0.99562 0.03526
vn -0.13492 0.98933 0.05494
vn -0.19031 0.97866 0.07750
vn -0.25713 0.96069 0.10471
vn -0.34231 0.92919 0.13940
vn -0.45692 0.86983 0.18607
vn -0.61551 0.74721 0.25065
vn -0.81218 0.48061 0.33074
vn -0.92615 0.00000 0.37715
vn -0.81218 -0.48061 0.33074
vn -0.61551 -0.74721 0.25065
vn -0.45692 -0.86983 0.18607
vn -0.34231 -0.92919 0.13940
vn -0.25713 -0.96069 0.10471
vn -0.19031 -0.97866 0.07750
vn -0.13492 -0.98933 0.05494
vn -0.08658 -0.99562 0.03526
vn -0.04235 -0.99895 0.01724
vn -0.00000 -1.00000 0.00000
vn 0.00000 1.00000 0.00000
vn -0.05118 0.99860 0.01363
vn -0.10453 0.99413 0.02785
vn -0.16254 0.98575 0.04330
vn -0.22845 0.97165 0.06086
vn -0.30686 0.94824 0.08175
vn -0.40450 0.90817 0.10776
vn -0.53074 0.83566 0.14139
vn -0.69353 0.69634 0.18475
vn -0.87353 0.42754 0.23271
vn -0.96630 0.00000 0.25742
vn -0.87353 -0.42754 0.23271
vn -0.69353 -0.69634 0.18475
vn -0.53074 -0.83566 0.14139
vn -0.40450 -0.90817 0.10776
vn -0.30686 -0.94824 0.08175
vn -0.22845 -0.97165 0.06086
vn -0.16254 -0.98575 0.04330
vn -0.10453 -0.99413 0.02785
vn -0.05118 -0.99860 0.01363
vn -0.00000 -1.00000 0.00000
vn 0.00000 1.00000 0.00000
vn -0.05778 0.99828 0.00943
vn -0.11788 0.99284 0.01924
vn -0.18296 0.98267 0.02987
vn -0.25638 0.96567 0.04185
vn -0.34268 0.93778 0.05594
vn -0.44812 0.89097 0.07316
vn -0.58017 0.80897 0.09471
vn -0.74180 0.65959 0.12110
vn -0.90740 0.39330 0.14813
vn -0.98694 0.00000 0.16112
vn -0.90740 -0.39330 0.14813
vn -0.74180 -0.65959 0.12110
vn -0.58017 -0.80897 0.09471
vn -0.44812 -0.89097 0.07316
vn -0.34268 -0.93778 0.05594
vn -0.25638 -0.96567 0.04185
vn -0.18296 -0.98267 0.02987
vn -0.11788 -0.99284 0.01924
vn -0.05778 -0.99828 0.00943
vn -0.00000 -1.00000 0.00000
vn 0.00000 1.00000 0.00000
vn -0.06185 0.99807 0.00482
vn -0.12611 0.99197 0.00983
vn -0.19549 0.98059 0.01524
vn -0.27337 0.96167 0.02131
vn -0.36422 0.93088 0.02839
vn -0.47382 0.87985 0.03693
vn -0.60836 0.79225 0.04741
vn -0.76793 0.63773 0.05985
vn -0.92452 0.37425 0.07205
vn -0.99698 0.00000 0.07770
vn -0.92452 -0.37425 0.07205
vn -0.76793 -0.63773 0.05985
vn -0.60836 -0.79225 0.04741
vn -0.47382 -0.87985 0.03693
vn -0.36422 -0.93088 0.02839
vn -0.27337 -0.96167 0.02131
vn -0.19549 -0.98059 0.01524
vn -0.12611 -0.99197 0.00983
vn -0.06185 -0.99807 0.00482
vn -0.00000 -1.00000 0.00000
vn 0.00000 1.00000 0.00000
vn -0.06323 0.99800 0.00000
vn -0.12888 0.99166 0.00000
vn -0.19970 0.97986 0.00000
vn -0.27907 0.96027 0.00000
vn -0.37139 0.92848 0.00000
vn -0.48229 0.87601 0.00000
vn -0.61750 0.78657 0.00000
vn -0.77619 0.63050 0.00000
vn -0.92977 0.36815 0.00000
vn -1.00000 -0.00000 -0.00000
vn -0.92977 -0.36815 -0.00000
vn -0.77619 -0.63050 -0.00000
vn -0.61750 -0.78657 -0.00000
vn -0.48229 -0.87601 -0.00000
vn -0.37139 -0.92848 -0.00000
vn -0.27907 -0.96027 -0.00000
vn -0.19970 -0.97986 -0.00000
vn -0.12888 -0.99166 -0.00000
vn -0.06323 -0.99800 -0.00000
vn -0.00000 -1.00000 0.00000
vn 0.00000 1.00000 0.00000
vn -0.06185 0.99807 -0.00482
vn -0.12611 0.99197 -0.00983
vn -0.19549 0.98059 -0.01524
vn -0.27337 0.96167 -0.02131
vn -0.36422 0.93088 -0.02839
vn -0.47382 0.87985 -0.03693
vn -0.60836 0.79225 -0.04741
vn -0.76793 0.63773 -0.05985
vn -0.92452 0.37425 -0.07205
vn -0.99698 -0.00000 -0.07770
vn -0.92452 -0.37425 -0.07205
vn -0.76793 -0.63773 -0.05985
vn -0.60836 -0.79225 -0.04741
vn -0.47382 -0.87985 -0.03693
vn -0.36422 -0.93088 -0.02839
vn -0.27337 -0.96167 -0.02131
vn -0.19549 -0.98059 -0.01524
vn -0.12611 -0.99197 -0.00983
vn -0.06185 -0.99807 -0.00482
vn -0.00000 -1.00000 -0.00000
vn 0.00000 1.00000 0.00000
vn -0.05778 0.99828 -0.00943
vn -0.11788 0.99284 -0.01924
vn -0.18296 0.98267 -0.02987
vn -0.25638 0.96567 -0.04185
vn -0.34268 0.93778 -0.05594
vn -0.44812 0.89097 -0.07316
vn -0.58017 0.80897 -0.09471
vn -0.74180 0.65959 -0.12110
vn -0.90740 0.39330 -0.14813
vn -0.98694 -0.00000 -0.16112
vn -0.90740 -0.39330 -0.14813
vn -0.74180 -0.65959 -0.12110
vn -0.58017 -0.80897 -0.09471
vn -0.44812 -0.89097 -0.07316
vn -0.34268 -0.93778 -0.05594
vn -0.25638 -0.96567 -0.04185
vn -0.18296 -0.98267 -0.02987
vn -0.11788 -0.99284 -0.01924
vn -0.05778 -0.99828 -0.00943
vn -0.00000 -1.00000 -0.00000
vn 0.00000 1.00000 0.00000
vn -0.05118 0.99860 -0.01363
vn -0.10453 0.99413 -0.02785
vn -0.16254 0.98575 -0.04330
vn -0.22845 0.97165 -0.06086
vn -0.30686 0.94824 -0.08175
vn -0.40450 0.90817 -0.10776
vn -0.53074 0.83566 -0.14139
vn -0.69353 0.69634 -0.18475
vn -0.87353 0.42754 -0.23271
vn -0.96630 -0.00000 -0.25742
vn -0.87353 -0.42754 -0.23271
vn -0.69353 -0.69634 -0.18475
vn -0.53074 -0.83566 -0.14139
vn -0.40450 -0.90817 -0.10776
vn -0.30686 -0.94824 -0.08175
vn -0.22845 -0.97165 -0.06086
vn -0.16254 -0.98575 -0.04330
vn -0.10453 -0.99413 -0.02785
vn -0.05118 -0.99860 -0.01363
vn -0.00000 -1.00000 -0.00000
vn 0.00000 1.00000 0.00000
vn -0.04235 0.99895 -0.01724
vn -0.08658 0.99562 -0.03526
vn -0.13492 0.98933 -0.05494
vn -0.19031 0.97866 -0.07750
vn -0.25713 0.96069 -0.10471
vn -0.34231 0.92919 -0.13940
vn -0.45692 0.86983 -0.18607
vn -0.61551 0.74721 -0.25065
vn -0.81218 0.48061 -0.33074
vn -0.92615 -0.00000 -0.37715
vn -0.81218 -0.48061 -0.33074
vn -0.61551 -0.74721 -0.25065
vn -0.45692 -0.86983 -0.18607
vn -0.34231 -0.92919 -0.13940
vn -0.25713 -0.96069 -0.10471
vn -0.19031 -0.97866 -0.07750
vn -0.13492 -0.98933 -0.05494
vn -0.08658 -0.99562 -0.03526
vn -0.04235 -0.99895 -0.01724
vn -0.00000 -1.00000 -0.00000
vn 0.00000 1.00000 0.00000
vn -0.03165 0.99930 -0.02010
vn -0.06479 0.99705 -0.04115
vn -0.10117 0.99279 -0.06425
vn -0.14320 0.98551 -0.09095
vn -0.19461 0.97306 -0.12360
vn -0.26171 0.95073 -0.16621
vn -0.35593 0.90676 -0.22604
vn -0.49736 0.80800 -0.31586
vn -0.70178 0.55576 -0.44569
vn -0.84415 -0.00000 -0.53611
vn -0.70178 -0.55576 -0.44569
vn -0.49736 -0.80800 -0.31586
vn -0.35593 -0.90676 -0.22604
vn -0.26171 -0.95073 -0.16621
vn -0.19461 -0.97306 -0.12360
vn -0.14320 -0.98551 -0.09095
vn -0.10117 -0.99279 -0.06425
vn -0.06479 -0.99705 -0.04115
vn -0.03165 -0.99930 -0.02010
vn -0.00000 -1.00000 -0.00000
vn 0.00000 1.00000 0.00000
vn -0.01957 0.99956 -0.02208
vn -0.04009 0.99817 -0.04524
vn -0.06270 0.99552 -0.07075
vn -0.08899 0.99096 -0.10043
vn -0.12151 0.98307 -0.13713
vn -0.16479 0.96864 -0.18597
vn -0.22783 0.93914 -0.25710
vn -0.32999 0.86743 -0.37239
vn -0.50538 0.64757 -0.57031
vn -0.66322 -0.00000 -0.74843
vn -0.50538 -0.64757 -0.57031
vn -0.32999 -0.86743 -0.37239
vn -0.22783 -0.93914 -0.25710
vn -0.16479 -0.96864 -0.18597
vn -0.12151 -0.98307 -0.13713
vn -0.08899 -0.99096 -0.10043
vn -0.06270 -0.99552 -0.07075
vn -0.04009 -0.99817 -0.04524
vn -0.01957 -0.99956 -0.02208
vn -0.00000 -1.00000 -0.00000
vn 0.00000 1.00000 0.00000
vn -0.00662 0.99971 -0.02310
vn -0.01357 0.99879 -0.04734
vn -0.02124 0.99702 -0.07410
vn -0.03019 0.99398 -0.10534
vn -0.04134 0.98868 -0.14421
vn -0.05633 0.97888 -0.19652
vn -0.07865 0.95840 -0.27436
vn -0.11659 0.90607 -0.40675
vn -0.19062 0.72210 -0.66501
vn -0.27555 -0.00000 -0.96129
vn -0.19062 -0.72210 -0.66501
vn -0.11659 -0.90607 -0.40675
vn -0.07865 -0.95840 -0.27436
vn -0.05633 -0.97888 -0.19652
vn -0.04134 -0.98868 -0.14421
vn -0.03019 -0.99398 -0.10534
vn -0.02124 -0.99702 -0.07410
vn -0.01357 -0.99879 -0.04734
vn -0.00662 -0.99971 -0.02310
vn -0.00000 -1.00000 -0.00000
vn 0.00000 1.00000 0.00000
vn 0.00662 0.99971 -0.02310
vn 0.01357 0.99879 -0.04734
vn 0.02124 0.99702 -0.07410
vn 0.03019 0.99398 -0.10534
vn 0.04134 0.98868 -0.14421
vn 0.05633 0.97888 -0.19652
vn 0.07865 0.95840 -0.27436
vn 0.11659 0.90607 -0.40675
vn 0.19062 0.72210 -0.66501
vn 0.27555 0.00000 -0.96129
vn 0.19062 -0.72210 -0.66501
vn 0.11659 -0.90607 -0.40675
vn 0.07865 -0.95840 -0.27436
vn 0.05633 -0.97888 -0.19652
vn 0.04134 -0.98868 -0.14421
vn 0.03019 -0.99398 -0.10534
vn 0.02124 -0.99702 -0.07410
vn 0.01357 -0.99879 -0.04734
vn 0.00662 -0.99971 -0.02310
vn 0.00000 -1.00000 -0.00000
vn 0.00000 1.00000 0.00000
vn 0.01957 0.99956 -0.02208
vn 0.04009 0.99817 -0.04524
vn 0.06270 0.99552 -0.07075
vn 0.08899 0.99096 -0.10043
vn 0.12151 0.98307 -0.13713
vn 0.16479 0.96864 -0.18597
vn 0.22783 0.93914 -0.25710
vn 0.32999 0.86743 -0.37239
vn 0.50538 0.64757 -0.57031
vn 0.66322 0.00000 -0.74843
vn 0.50538 -0.64757 -0.57031
vn 0.32999 -0.86743 -0.37239
vn 0.22783 -0.93914 -0.25710
vn 0.16479 -0.96864 -0.18597
vn 0.12151 -0.98307 -0.13713
vn 0.08899 -0.99096 -0.10043
vn 0.06270 -0.99552 -0.07075
vn 0.04009 -0.99817 -0.04524
vn 0.01957 -0.99956 -0.02208
vn 0.00000 -1.00000 -0.00000
vn 0.00000 1.00000 0.00000
vn 0.03165 0.99930 -0.02010
vn 0.06479 0.99705 -0.04115
vn 0.10117 0.99279 -0.06425
vn 0.14320 0.98551 -0.09095
vn 0.19461 0.97306 -0.12360
vn 0.26171 0.95073 -0.16621
vn 0.35593 0.90676 -0.22604
vn 0.49736 0.80800 -0.31586
vn 0.70178 0.55576 -0.44569
vn 0.84415 0.00000 -0.53611
vn 0.70178 -0.55576 -0.44569
vn 0.49736 -0.80800 -0.31586
vn 0.35593 -0.90676 -0.22604
vn 0.26171 -0.95073 -0.16621
vn 0.19461 -0.97306 -0.12360
vn 0.14320 -0.98551 -0.09095
vn 0.10117 -0.99279 -0.06425
vn 0.06479 -0.99705 -0.04115
vn 0.03165 -0.99930 -0.02010
vn 0.00000 -1.00000 -0.00000
vn 0.00000 1.00000 0.00000
vn 0.04235 0.99895 -0.01724
vn 0.08658 0.99562 -0.03526
vn 0.13492 0.98933 -0.05494
vn 0.19031 0.97866 -0.07750
vn 0.25713 0.96069 -0.10471
vn 0.34231 0.92919 -0.13940
vn 0.45692 0.86983 -0.18607
vn 0.61551 0.74721 -0.25065
vn 0.81218 0.48061 -0.33074
vn 0.92615 0.00000 -0.37715
vn 0.81218 -0.48061 -0.33074
vn 0.61551 -0.74721 -0.25065
vn 0.45692 -0.86983 -0.18607
vn 0.34231 -0.92919 -0.13940
vn 0.25713 -0.96069 -0.10471
vn 0.19031 -0.97866 -0.07750
vn 0.13492 -0.98933 -0.05494
vn 0.08658 -0.99562 -0.03526
vn 0.04235 -0.99895 -0.01724
vn 0.00000 -1.00000 -0.00000
vn 0.00000 1.00000 0.00000
vn 0.05118 0.99860 -0.01363
vn 0.10453 0.99413 -0.02785
vn 0.16254 0.98575 -0.04330
vn 0.22845 0.97165 -0.06086
vn 0.30686 0.94824 -0.08175
vn 0.40450 0.90817 -0.10776
vn 0.53074 0.83566 -0.14139
vn 0.69353 0.69634 -0.18475
vn 0.87353 0.42754 -0.23271
vn 0.96630 0.00000 -0.25742
vn 0.87353 -0.42754 -0.23271
vn 0.69353 -0.69634 -0.18475
vn 0.53074 -0.83566 -0.14139
vn 0.40450 -0.90817 -0.10776
vn 0.30686 -0.94824 -0.08175
vn 0.22845 -0.97165 -0.06086
vn 0.16254 -0.98575 -0.04330
vn 0.10453 -0.99413 -0.02785
vn 0.05118 -0.99860 -0.01363
vn 0.00000 -1.00000 -0.00000
vn 0.00000 1.00000 0.00000
vn 0.05778 0.99828 -0.00943
vn 0.11788 0.99284 -0.01924
vn 0.18296 0.98267 -0.02987
vn 0.25638 0.96567 -0.04185
vn 0.34268 0.93778 -0.05594
vn 0.44812 0.89097 -0.07316
vn 0.58017 0.80897 -0.09471
vn 0.74180 0.65959 -0.12110
vn 0.90740 0.39330 -0.14813
vn 0.98694 0.00000 -0.16112
vn 0.90740 -0.39330 -0.14813
vn 0.74180 -0.65959 -0.12110
vn 0.58017 -0.80897 -0.09471
vn 0.44812 -0.89097 -0.07316
vn 0.34268 -0.93778 -0.05594
vn 0.25638 -0.96567 -0.04185
vn 0.18296 -0.98267 -0.02987
vn 0.11788 -0.99284 -0.01924
vn 0.05778 -0.99828 -0.00943
vn 0.00000 -1.00000 -0.00000
vn 0.00000 1.00000 0.00000
vn 0.06185 0.99807 -0.00482
vn 0.12611 0.99197 -0.00983
vn 0.19549 0.98059 -0.01524
vn 0.27337 0.96167 -0.02131
vn 0.36422 0.93088 -0.02839
vn 0.47382 0.87985 -0.03693
vn 0.60836 0.79225 -0.04741
vn 0.76793 0.63773 -0.05985
vn 0.92452 0.37425 -0.07205
vn 0.99698 0.00000 -0.07770
vn 0.92452 -0.37425 -0.07205
vn 0.76793 -0.63773 -0.05985
vn 0.60836 -0.79225 -0.04741
vn 0.47382 -0.87985 -0.03693
vn 0.36422 -0.93088 -0.02839
vn 0.27337 -0.96167 -0.02131
vn 0.19549 -0.98059 -0.01524
vn 0.12611 -0.99197 -0.00983
vn 0.06185 -0.99807 -0.00482
vn 0.00000 -1.00000 -0.00000
vn 0.00000 1.00000 0.00000
vn 0.06323 0.99800 -0.00007
vn 0.12888 0.99166 -0.00015
vn 0.19970 0.97986 -0.00023
vn 0.27907 0.96027 -0.00032
vn 0.37139 0.92848 -0.00043
vn 0.48229 0.87601 -0.00056
vn 0.61750 0.78657 -0.00071
vn 0.77619 0.63050 -0.00089
vn 0.92977 0.36815 -0.00107
vn 1.00000 0.00000 -0.00115
vn 0.92977 -0.36815 -0.00107
vn 0.77619 -0.63050 -0.00089
vn 0.61750 -0.78657 -0.00071
vn 0.48229 -0.87601 -0.00056
vn 0.37139 -0.92848 -0.00043
vn 0.27907 -0.96027 -0.00032
vn 0.19970 -0.97986 -0.00023
vn 0.12888 -0.99166 -0.00015
vn 0.06323 -0.99800 -0.00007
vn 0.00000 -1.00000 -0.00000
vn 0.00000 0.98894 -0.14834
vn 0.00000 0.99794 -0.06415
vn 0.00000 0.99916 -0.04087
vn 0.00000 0.99955 -0.02999
vn 0.00000 0.99972 -0.02368
vn 0.10489 0.98894 -0.10489
vn -0.70711 0.00000 0.70711
vn -0.70711 0.00000 0.70711
vn -0.70711 0.00000 0.70711
vn 0.01674 0.99972 -0.01674
vn 0.14834 0.98894 -0.00000
vn -1.00000 0.00000 0.00000
vn -1.00000 0.00000 0.00000
vn -1.00000 0.00000 0.00000
vn 0.02368 0.99972 -0.00000
vn 0.10489 0.98894 0.10489
vn -0.70711 0.00000 -0.70711
vn -0.70711 0.00000 -0.70711
vn -0.70711 0.00000 -0.70711
vn 0.01674 0.99972 0.01674
vn 0.00000 0.98894 0.14834
vn 0.00000 0.00000 -1.00000
vn 0.00000 0.00000 -1.00000
vn 0.00000 0.00000 -1.00000
vn 0.00000 0.99972 0.02368
vn -0.10489 0.98894 0.10489
vn 0.70711 0.00000 -0.70711
vn 0.70711 0.00000 -0.70711
vn 0.70711 0.00000 -0.70711
vn -0.01674 0.99972 0.01674
vn -0.14834 0.98894 0.00000
vn 1.00000 -0.00000 0.00000
vn 1.00000 -0.00000 0.00000
vn 1.00000 -0.00000 0.00000
vn -0.02368 0.99972 0.00000
vn -0.10489 0.98894 -0.10489
vn 0.70711 -0.00000 0.70711
vn 0.70711 -0.00000 0.70711
vn 0.70711 -0.00000 0.70711
vn -0.01674 0.99972 -0.01674
vn -0.00000 0.98894 -0.14834
vn -0.00000 0.99794 -0.06415
vn -0.00000 0.99916 -0.04087
vn -0.00000 0.99955 -0.02999
vn -0.00000 0.99972 -0.02368
vn 0.00000 1.00000 0.00000
vn 0.00000 1.00000 0.00000
vn 0.00000 1.00000 0.00000
vn 0.00000 1.00000 0.00000
vn 0.00000 1.00000 0.00000
vn 0.00000 1.00000 0.00000
vn 0.00000 1.00000 0.00000
vn 0.00000 1.00000 0.00000
vn 0.00000 1.00000 0.00000
vn -0.52910 0.84856 -0.00166
vn -0.52910 0.84856 -0.00166
vn -0.52910 0.84856 -0.00166
vn -0.52910 0.84856 -0.00166
vn -0.52910 0.84856 -0.00166
vn -0.52910 0.84856 -0.00166
vn -0.52910 0.84856 -0.00166
vn -1.00000 0.00000 -0.00314
vn -0.68536 -0.72820 -0.00215
vn -0.68536 -0.72820 -0.00215
vn -0.68536 -0.72820 -0.00215
vn -0.68536 -0.72820 -0.00215
vn -0.68536 -0.72820 -0.00215
vn -0.68536 -0.72820 -0.00215
vn -0.68536 -0.72820 -0.00215
vn 0.00000 1.00000 0.00000
vn 0.00000 1.00000 0.00000
vn 0.00000 1.00000 0.00000
vn 0.00000 1.00000 0.00000
vn 0.00000 1.00000 0.00000
vn 0.00000 1.00000 0.00000
vn 0.00000 1.00000 0.00000
vn 0.00000 1.00000 0.00000
vn 0.00000 1.00000 0.00000
vn 0.00000 1.00000 0.00000
vn 0.26455 0.84856 -0.45822
vn 0.26455 0.84856 -0.45822
vn 0.26455 0.84856 -0.45822
vn 0.26455 0.84856 -0.45822
vn 0.26455 0.84856 -0.45822
vn 0.26455 0.84856 -0.45822
vn 0.26455 0.84856 -0.45822
vn 0.50000 0.00000 -0.86603
vn 0.34268 -0.72820 -0.59354
vn 0.34268 -0.72820 -0.59354
vn 0.34268 -0.72820 -0.59354
vn 0.34268 -0.72820 -0.59354
vn 0.34268 -0.72820 -0.59354
vn 0.34268 -0.72820 -0.59354
vn 0.34268 -0.72820 -0.59354
vn 0.00000 1.00000 0.00000
vn 0.00000 1.00000 0.00000
vn 0.00000 1.00000 0.00000
vn 0.00000 1.00000 0.00000
vn 0.00000 1.00000 0.00000
vn 0.00000 1.00000 0.00000
vn 0.00000 1.00000 0.00000
vn 0.00000 1.00000 0.00000
vn 0.00000 1.00000 0.00000
vn 0.00000 1.00000 0.00000
vn 0.26455 0.84856 0.45822
vn 0.26455 0.84856 0.45822
vn 0.26455 0.84856 0.45822
vn 0.26455 0.84856 0.45822
vn 0.26455 0.84856 0.45822
vn 0.26455 0.84856 0.45822
vn 0.26455 0.84856 0.45822
vn 0.50000 -0.00000 0.86603
vn 0.34268 -0.72820 0.59354
vn 0.34268 -0.72820 0.59354
vn 0.34268 -0.72820 0.59354
vn 0.34268 -0.72820 0.59354
vn 0.34268 -0.72820 0.59354
vn 0.34268 -0.72820 0.59354
vn 0.34268 -0.72820 0.59354
vn 0.00000 1.00000 0.00000
vn 0.00000 1.00000 0.00000
vn 0.00000 1.00000 0.00000
vn 0.00000 1.00000 0.00000
vn 0.00000 1.00000 0.00000
vn 0.00000 1.00000 0.00000
vn 0.00000 1.00000 0.00000
vn 0.00000 1.00000 0.00000
vn 0.00000 1.00000 0.00000
vn 0.00000 1.00000 0.00000
vn -0.52910 0.84856 0.00166
vn -0.52910 0.84856 0.00166
vn -0.52910 0.84856 0.00166
vn -0.52910 0.84856 0.00166
vn -0.52910 0.84856 0.00166
vn -0.52910 0.84856 0.00166
vn -0.52910 0.84856 0.00166
vn -1.00000 0.00000 0.00314
vn -0.68536 -0.72820 0.00215
vn -0.68536 -0.72820 0.00215
vn -0.68536 -0.72820 0.00215
vn -0.68536 -0.72820 0.00215
vn -0.68536 -0.72820 0.00215
vn -0.68536 -0.72820 0.00215
vn -0.68536 -0.72820 0.00215
vn 0.00000 1.00000 0.00000
f 1/1/1 22/22/22 23/23/23
f 1/1/1 23/23/23 2/2/2
f 2/2/2 23/23/23 24/24/24
f 2/2/2 24/24/24 3/3/3
f 3/3/3 24/24/24 25/25/25
f 3/3/3 25/25/25 4/4/4
f 4/4/4 25/25/25 26/26/26
f 4/4/4 26/26/26 5/5/5
f 5/5/5 26/26/26 27/27/27
f 5/5/5 27/27/27 6/6/6
f 6/6/6 27/27/27 28/28/28
f 6/6/6 28/28/28 7/7/7
f 7/7/7 28/28/28 29/29/29
f 7/7/7 29/29/29 8/8/8
f 8/8/8 29/29/29 30/30/30
f 8/8/8 30/30/30 9/9/9
f 9/9/9 30/30/30 31/31/31
f 9/9/9 31/31/31 10/10/10
f 10/10/10 31/31/31 32/32/32
f 10/10/10 32/32/32 11/11/11
f 11/11/11 32/32/32 33/33/33
f 11/11/11 33/33/33 12/12/12
f 12/12/12 33/33/33 34/34/34
f 12/12/12 34/34/34 13/13/13
f 13/13/13 34/34/34 35/35/35
f 13/13/13 35/35/35 14/14/14
f 14/14/14 35/35/35 36/36/36
f 14/14/14 36/36/36 15/15/15
f 15/15/15 36/36/36 37/37/37
f 15/15/15 37/37/37 16/16/16
f 16/16/16 37/37/37 38/38/38
f 16/16/16 38/38/38 17/17/17
f 17/17/17 38/38/38 39/39/39
f 17/17/17 39/39/39 18/18/18
f 18/18/18 39/39/39 40/40/40
f 18/18/18 40/40/40 19/19/19
f 19/19/19 40/40/40 41/41/41
f 19/19/19 41/41/41 20/20/20
f 20/20/20 41/41/41 42/42/42
f 20/20/20 42/42/42 21/21/21
f 22/22/22 43/43/43 44/44/44
f 22/22/22 44/44/44 23/23/23
f 23/23/23 44/44/44 45/45/45
f 23/23/23 45/45/45 24/24/24
f 24/24/24 45/45/45 46/46/46
f 24/24/24 46/46/46 25/25/25
f 25/25/25 46/46/46 47/47/47
f 25/25/25 47/47/47 26/26/26
f 26/26/26 47/47/47 48/48/48
f 26/26/26 48/48/48 27/27/27
f 27/27/27 48/48/48 49/49/49
f 27/27/27 49/49/49 28/28/28
f 28/28/28 49/49/49 50/50/50
f 28/28/28 50/50/50 29/29/29
f 29/29/29 50/50/50 51/51/51
f 29/29/29 51/51/51 30/30/30
f 30/30/30 51/51/51 52/52/52
f 30/30/30 52/52/52 31/31/31
f 31/31/31 52/52/52 53/53/53
f 31/31/31 53/53/53 32/32/32
f 32/32/32 53/53/53 54/54/54
f 32/32/32 54/54/54 33/33/33
f 33/33/33 54/54/54 55/55/55
f 33/33/33 55/55/55 34/34/34
f 34/34/34 55/55/55 56/56/56
f 34/34/34 56/56/56 35/35/35
f 35/35/35 56/56/56 57/57/57
f 35/35/35 57/57/57 36/36/36
f 36/36/36 57/57/57 58/58/58
f 36/36/36 58/58/58 37/37/37
f 37/37/37 58/58/58 59/59/59
f 37/37/37 59/59/59 38/38/38
f 38/38/38 59/59/59 60/60/60
f 38/38/38 60/60/60 39/39/39
f 39/39/39 60/60/60 61/61/61
f 39/39/39 61/61/61 40/40/40
f 40/40/40 61/61/61 62/62/62
f 40/40/40 62/62/62 41/41/41
f 41/41/41 62/62/62 63/63/63
f 41/41/41 63/63/63 42/42/42
f 43/43/43 64/64/64 65/65/65
f 43/43/43 65/65/65 44/44/44
f 44/44/44 65/65/65 66/66/66
f 44/44/44 66/66/66 45/45/45
f 45/45/45 66/66/66 67/67/67
f 45/45/45 67/67/67 46/46/46
f 46/46/46 67/67/67 68/68/68
f 46/46/46 68/68/68 47/47/47
f 47/47/47 68/68/68 69/69/69
f 47/47/47 69/69/69 48/48/48
f 48/48/48 69/69/69 70/70/70
f 48/48/48 70/70/70 49/49/49
f 49/49/49 70/70/70 71/71/71
f 49/49/49 71/71/71 50/50/50
f 50/50/50 71/71/71 72/72/72
f 50/50/50 72/72/72 51/51/51
f 51/51/51 72/72/72 73/73/73
f 51/51/51 73/73/73 52/52/52
f 52/52/52 73/73/73 74/74/74
f 52/52/52 74/74/74 53/53/53
f 53/53/53 74/74/74 75/75/75
f 53/53/53 75/75/75 54/54/54
f 54/54/54 75/75/75 76/76/76
f 54/54/54 76/76/76 55/55/55
f 55/55/55 76/76/76 77/77/77
f 55/55/55 77/77/77 56/56/56
f 56/56/56 77/77/77 78/78/78
f 56/56/56 78/78/78 57/57/57
f 57/57/57 78/78/78 79/79/79
f 57/57/57 79/79/79 58/58/58
f 58/58/58 79/79/79 80/80/80
f 58/58/58 80/80/80 59/59/59
f 59/59/59 80/80/80 81/81/81
f 59/59/59 81/81/81 60/60/60
f 60/60/60 81/81/81 82/82/82
f 60/60/60 82/82/82 61/61/61
f 61/61/61 82/82/82 83/83/83
f 61/61/61 83/83/83 62/62/62
f 62/62/62 83/83/83 84/84/84
f 62/62/62 84/84/84 63/63/63
f 64/64/64 85/85/85 86/86/86
f 64/64/64 86/86/86 65/65/65
f 65/65/65 86/86/86 87/87/87
f 65/65/65 87/87/87 66/66/66
f 66/66/66 87/87/87 88/88/88
f 66/66/66 88/88/88 67/67/67
f 67/67/67 88/88/88 89/89/89
f 67/67/67 89/89/89 68/68/68
f 68/68/68 89/89/89 90/90/90
f 68/68/68 90/90/90 69/69/69
f 69/69/69 90/90/90 91/91/91
f 69/69/69 91/91/91 70/70/70
f 70/70/70 91/91/91 92/92/92
f 70/70/70 92/92/92 71/71/71
f 71/71/71 92/92/92 93/93/93
f 71/71/71 93/93/93 72/72/72
f 72/72/72 93/93/93 94/94/94
f 72/72/72 94/94/94 73/73/73
f 73/73/73 94/94/94 95/95/95
f 73/73/73 95/95/95 74/74/74
f 74/74/74 95/95/95 96/96/96
f 74/74/74 96/96/96 75/75/75
f 75/75/75 96/96/96 97/97/97
f 75/75/75 97/97/97 76/76/76
f 76/76/76 97/97/97 98/98/98
f 76/76/76 98/98/98 77/77/77
f 77/77/77 98/98/98 99/99/99
f 77/77/77 99/99/99 78/78/78
f 78/78/78 99/99/99 100/100/100
f 78/78/78 100/100/100 79/79/79
f 79/79/79 100/100/100 101/101/101
f 79/79/79 101/101/101 80/80/80
f 80/80/80 101/101/101 102/102/102
f 80/80/80 102/102/102 81/81/81
f 81/81/81 102/102/102 103/103/103
f 81/81/81 103/103/103 82/82/82
f 82/82/82 103/103/103 104/104/104
f 82/82/82 104/104/104 83/83/83
f 83/83/83 104/104/104 105/105/105
f 83/83/83 105/105/105 84/84/84
f 85/85/85 106/106/106 107/107/107
f 85/85/85 107/107/107 86/86/86
f 86/86/86 107/107/107 108/108/108
f 86/86/86 108/108/108 87/87/87
f 87/87/87 108/108/108 109/109/109
f 87/87/87 109/109/109 88/88/88
f 88/88/88 109/109/109 110/110/110
f 88/88/88 110/110/110 89/89/89
f 89/89/89 110/110/110 111/111/111
f 89/89/89 111/111/111 90/90/90
f 90/90/90 111/111/111 112/112/112
f 90/90/90 112/112/112 91/91/91
f 91/91/91 112/112/112 113/113/113
f 91/91/91 113/113/113 92/92/92
f 92/92/92 113/113/113 114/114/114
f 92/92/92 114/114/114 93/93/93
f 93/93/93 114/114/114 115/115/115
f 93/93/93 115/115/115 94/94/94
f 94/94/94 115/115/115 116/116/116
f 94/94/94 116/116/116 95/95/95
f 95/95/95 116/116/116 117/117/117
f 95/95/95 117/117/117 96/96/96
f 96/96/96 117/117/117 118/118/118
f 96/96/96 118/118/118 97/97/97
f 97/97/97 118/118/118 119/119/119
f 97/97/97 119/119/119 98/98/98
f 98/98/98 119/119/119 120/120/120
f 98/98/98 120/120/120 99/99/99
f 99/99/99 120/120/120 121/121/121
f 99/99/99 121/121/121 100/100/100
f 100/100/100 121/121/121 122/122/122
f 100/100/100 122/122/122 101/101/101
f 101/101/101 122/122/122 123/123/123
f 101/101/101 123/123/123 102/102/102
f 102/102/102 123/123/123 124/124/124
f 102/102/102 124/124/124 103/103/103
f 103/103/103 124/124/124 125/125/125
f 103/103/103 125/125/125 104/104/104
f 104/104/104 125/125/125 126/126/126
f 104/104/104 126/126/126 105/105/105
f 106/106/106 127/127/127 128/128/128
f 106/106/106 128/128/128 107/107/107
f 107/107/107 128/128/128 129/129/129
f 107/107/107 129/129/129 108/108/108
f 108/108/108 129/129/129 130/130/130
f 108/108/108 130/130/130 109/109/109
f 109/109/109 130/130/130 131/131/131
f 109/109/109 131/131/131 110/110/110
f 110/110/110 131/131/131 132/132/132
f 110/110/110 132/132/132 111/111/111
f 111/111/111 132/132/132 133/133/133
f 111/111/111 133/133/133 112/112/112
f 112/112/112 133/133/133 134/134/134
f 112/112/112 134/134/134 113/113/113
f 113/113/113 134/134/134 135/135/135
f 113/113/113 135/135/135 114/114/114
f 114/114/114 135/135/135 136/136/136
f 114/114/114 136/136/136 115/115/115
f 115/115/115 136/136/136 137/137/137
f 115/115/115 137/137/137 116/116/116
f 116/116/116 137/137/137 138/138/138
f 116/116/116 138/138/138 117/117/117
f 117/117/117 138/138/138 139/139/139
f 117/117/117 139/139/139 118/118/118
f 118/118/118 139/139/139 140/140/140
f 118/118/118 140/140/140 119/119/119
f 119/119/119 140/140/140 141/141/141
f 119/119/119 141/141/141 120/120/120
f 120/120/120 141/141/141 142/142/142
f 120/120/120 142/142/142 121/121/121
f 121/121/121 142/142/142 143/143/143
f 121/121/121 143/143/143 122/122/122
f 122/122/122 143/143/143 144/144/144
f 122/122/122 144/144/144 123/123/123
f 123/123/123 144/144/144 145/145/145
f 123/123/123 145/145/145 124/124/124
f 124/124/124 145/145/145 146/146/146
f 124/124/124 146/146/146 125/125/125
f 125/125/125 146/146/146 147/147/147
f 125/125/125 147/147/147 126/126/126
f 127/127/127 148/148/148 149/149/149
f 127/127/127 149/149/149 128/128/128
f 128/128/128 149/149/149 150/150/150
f 128/128/128 150/150/150 129/129/129
f 129/129/129 150/150/150 151/151/151
f 129/129/129 151/151/151 130/130/130
f 130/130/130 151/151/151 152/152/152
f 130/130/130 152/152/152 131/131/131
f 131/131/131 152/152/152 153/153/153
f 131/131/131 153/153/153 132/132/132
f 132/132/132 153/153/153 154/154/154
f 132/132/132 154/154/154 133/133/133
f 133/133/133 154/154/154 155/155/155
f 133/133/133 155/155/155 134/134/134
f 134/134/134 155/155/155 156/156/156
f 134/134/134 156/156/156 135/135/135
f 135/135/135 156/156/156 157/157/157
f 135/135/135 157/157/157 136/136/136
f 136/136/136 157/157/157 158/158/158
f 136/136/136 158/158/158 137/137/137
f 137/137/137 158/158/158 159/159/159
f 137/137/137 159/159/159 138/138/138
f 138/138/138 159/159/159 160/160/160
f 138/138/138 160/160/160 139/139/139
f 139/139/139 160/160/160 161/161/161
f 139/139/139 161/161/161 140/140/140
f 140/140/140 161/161/161 162/162/162
f 140/140/140 162/162/162 141/141/141
f 141/141/141 162/162/162 163/163/163
f 141/141/141 163/163/163 142/142/142
f 142/142/142 163/163/163 164/164/164
f 142/142/142 164/164/164 143/143/143
f 143/143/143 164/164/164 165/165/165
f 143/143/143 165/165/165 144/144/144
f 144/144/144 165/165/165 166/166/166
f 144/144/144 166/166/166 145/145/145
f 145/145/145 166/166/166 167/167/167
f 145/145/145 167/167/167 146/146/146
f 146/146/146 167/167/167 168/168/168
f 146/146/146 168/168/168 147/147/147
f 148/148/148 169/169/169 170/170/170
f 148/148/148 170/170/170 149/149/149
f 149/149/149 170/170/170 171/171/171
f 149/149/149 171/171/171 150/150/150
f 150/150/150 171/171/171 172/172/172
f 150/150/150 172/172/172 151/151/151
f 151/151/151 172/172/172 173/173/173
f 151/151/151 173/173/173 152/152/152
f 152/152/152 173/173/173 174/174/174
f 152/152/152 174/174/174 153/153/153
f 153/153/153 174/174/174 175/175/175
f 153/153/153 175/175/175 154/154/154
f 154/154/154 175/175/175 176/176/176
f 154/154/154 176/176/176 155/155/155
f 155/155/155 176/176/176 177/177/177
f 155/155/155 177/177/177 156/156/156
f 156/156/156 177/177/177 178/178/178
f 156/156/156 178/178/178 157/157/157
f 157/157/157 178/178/178 179/179/179
f 157/157/157 179/179/179 158/158/158
f 158/158/158 179/179/179 180/180/180
f 158/158/158 180/180/180 159/159/159
f 159/159/159 180/180/180 181/181/181
f 159/159/159 181/181/181 160/160/160
f 160/160/160 181/181/181 182/182/182
f 160/160/160 182/182/182 161/161/161
f 161/161/161 182/182/182 183/183/183
f 161/161/161 183/183/183 162/162/162
f 162/162/162 183/183/183 184/184/184
f 162/162/162 184/184/184 163/163/163
f 163/163/163 184/184/184 185/185/185
f 163/163/163 185/185/185 164/164/164
f 164/164/164 185/185/185 186/186/186
f 164/164/164 186/186/186 165/165/165
f 165/165/165 186/186/186 187/187/187
f 165/165/165 187/187/187 166/166/166
f 166/166/166 187/187/187 188/188/188
f 166/166/166 188/188/188 167/167/167
f 167/167/167 188/188/188 189/189/189
f 167/167/167 189/189/189 168/168/168
f 169/169/169 190/190/190 191/191/191
f 169/169/169 191/191/191 170/170/170
f 170/170/170 191/191/191 192/192/192
f 170/170/170 192/192/192 171/171/171
f 171/171/171 192/192/192 193/193/193
f 171/171/171 193/193/193 172/172/172
f 172/172/172 193/193/193 194/194/194
f 172/172/172 194/194/194 173/173/173
f 173/173/173 194/194/194 195/195/195
f 173/173/173 195/195/195 174/174/174
f 174/174/174 195/195/195 196/196/196
f 174/174/174 196/196/196 175/175/175
f 175/175/175 196/196/196 197/197/197
f 175/175/175 197/197/197 176/176/176
f 176/176/176 197/197/197 198/198/198
f 176/176/176 198/198/198 177/177/177
f 177/177/177 198/198/198 199/199/199
f 177/177/177 199/199/199 178/178/178
f 178/178/178 199/199/199 200/200/200
f 178/178/178 200/200/200 179/179/179
f 179/179/179 200/200/200 201/201/201
f 179/179/179 201/201/201 180/180/180
f 180/180/180 201/201/201 202/202/202
f 180/180/180 202/202/202 181/181/181
f 181/181/181 202/202/202 203/203/203
f 181/181/181 203/203/203 182/182/182
f 182/182/182 203/203/203 204/204/204
f 182/182/182 204/204/204 183/183/183
f 183/183/183 204/204/204 205/205/205
f 183/183/183 205/205/205 184/184/184
f 184/184/184 205/205/205 206/206/206
f 184/184/184 206/206/206 185/185/185
f 185/185/185 206/206/206 207/207/207
f 185/185/185 207/207/207 186/186/186
f 186/186/186 207/207/207 208/208/208
f 186/186/186 208/208/208 187/187/187
f 187/187/187 208/208/208 209/209/209
f 187/187/187 209/209/209 188/188/188
f 188/188/188 209/209/209 210/210/210
f 188/188/188 210/210/210 189/189/189
f 190/190/190 211/211/211 212/212/212
f 190/190/190 212/212/212 191/191/191
f 191/191/191 212/212/212 213/213/213
f 191/191/191 213/213/213 192/192/192
f 192/192/192 213/213/213 214/214/214
f 192/192/192 214/214/214 193/193/193
f 193/193/193 214/214/214 215/215/215
f 193/193/193 215/215/215 194/194/194
f 194/194/194 215/215/215 216/216/216
f 194/194/194 216/216/216 195/195/195
f 195/195/195 216/216/216 217/217/217
f 195/195/195 217/217/217 196/196/196
f 196/196/196 217/217/217 218/218/218
f 196/196/196 218/218/218 197/197/197
f 197/197/197 218/218/218 219/219/219
f 197/197/197 219/219/219 198/198/198
f 198/198/198 219/219/219 220/220/220
f 198/198/198 220/220/220 199/199/199
f 199/199/199 220/220/220 221/221/221
f 199/199/199 221/221/221 200/200/200
f 200/200/200 221/221/221 222/222/222
f 200/200/200 222/222/222 201/201/201
f 201/201/201 222/222/222 223/223/223
f 201/201/201 223/223/223 202/202/202
f 202/202/202 223/223/223 224/224/224
f 202/202/202 224/224/224 203/203/203
f 203/203/203 224/224/224 225/225/225
f 203/203/203 225/225/225 204/204/204
f 204/204/204 225/225/225 226/226/226
f 204/204/204 226/226/226 205/205/205
f 205/205/205 226/226/226 227/227/227
f 205/205/205 227/227/227 206/206/206
f 206/206/206 227/227/227 228/228/228
f 206/206/206 228/228/228 207/207/207
f 207/207/207 228/228/228 229/229/229
f 207/207/207 229/229/229 208/208/208
f 208/208/208 229/229/229 230/230/230
f 208/208/208 230/230/230 209/209/209
f 209/209/209 230/230/230 231/231/231
f 209/209/209 231/231/231 210/210/210
f 211/211/211 232/232/232 233/233/233
f 211/211/211 233/233/233 212/212/212
f 212/212/212 233/233/233 234/234/234
f 212/212/212 234/234/234 213/213/213
f 213/213/213 234/234/234 235/235/235
f 213/213/213 235/235/235 214/214/214
f 214/214/214 235/235/235 236/236/236
f 214/214/214 236/236/236 215/215/215
f 215/215/215 236/236/236 237/237/237
f 215/215/215 237/237/237 216/216/216
f 216/216/216 237/237/237 238/238/238
f 216/216/216 238/238/238 217/217/217
f 217/217/217 238/238/238 239/239/239
f 217/217/217 239/239/239 218/218/218
f 218/218/218 239/239/239 240/240/240
f 218/218/218 240/240/240 219/219/219
f 219/219/219 240/240/240 241/241/241
f 219/219/219 241/241/241 220/220/220
f 220/220/220 241/241/241 242/242/242
f 220/220/220 242/242/242 221/221/221
f 221/221/221 242/242/242 243/243/243
f 221/221/221 243/243/243 222/222/222
f 222/222/222 243/243/243 244/244/244
f 222/222/222 244/244/244 223/223/223
f 223/223/223 244/244/244 245/245/245
f 223/223/223 245/245/245 224/224/224
f 224/224/224 245/245/245 246/246/246
f 224/224/224 246/246/246 225/225/225
f 225/225/225 246/246/246 247/247/247
f 225/225/225 247/247/247 226/226/226
f 226/226/226 247/247/247 248/248/248
f 226/226/226 248/248/248 227/227/227
f 227/227/227 248/248/248 249/249/249
f 227/227/227 249/249/249 228/228/228
f 228/228/228 249/249/249 250/250/250
f 228/228/228 250/250/250 229/229/229
f 229/229/229 250/250/250 251/251/251
f 229/229/229 251/251/251 230/230/230
f 230/230/230 251/251/251 252/252/252
f 230/230/230 252/252/252 231/231/231
f 232/232/232 253/253/253 254/254/254
f 232/232/232 254/254/254 233/233/233
f 233/233/233 254/254/254 255/255/255
f 233/233/233 255/255/255 234/234/234
f 234/234/234 255/255/255 256/256/256
f 234/234/234 256/256/256 235/235/235
f 235/235/235 256/256/256 257/257/257
f 235/235/235 257/257/257 236/236/236
f 236/236/236 257/257/257 258/258/258
f 236/236/236 258/258/258 237/237/237
f 237/237/237 258/258/258 259/259/259
f 237/237/237 259/259/259 238/238/238
f 238/238/238 259/259/259 260/260/260
f 238/238/238 260/260/260 239/239/239
f 239/239/239 260/260/260 261/261/261
f 239/239/239 261/261/261 240/240/240
f 240/240/240 261/261/261 262/262/262
f 240/240/240 262/262/262 241/241/241
f 241/241/241 262/262/262 263/263/263
f 241/241/241 263/263/263 242/242/242
f 242/242/242 263/263/263 264/264/264
f 242/242/242 264/264/264 243/243/243
f 243/243/243 264/264/264 265/265/265
f 243/243/243 265/265/265 244/244/244
f 244/244/244 265/265/265 266/266/266
f 244/244/244 266/266/266 245/245/245
f 245/245/245 266/266/266 267/267/267
f 245/245/245 267/267/267 246/246/246
f 246/246/246 267/267/267 268/268/268
f 246/246/246 268/268/268 247/247/247
f 247/247/247 268/268/268 269/269/269
f 247/247/247 269/269/269 248/248/248
f 248/248/248 269/269/269 270/270/270
f 248/248/248 270/270/270 249/249/249
f 249/249/249 270/270/270 271/271/271
f 249/249/249 271/271/271 250/250/250
f 250/250/250 271/271/271 272/272/272
f 250/250/250 272/272/272 251/251/251
f 251/251/251 272/272/272 273/273/273
f 251/251/251 273/273/273 252/252/252
f 253/253/253 274/274/274 275/275/275
f 253/253/253 275/275/275 254/254/254
f 254/254/254 275/275/275 276/276/276
f 254/254/254 276/276/276 255/255/255
f 255/255/255 276/276/276 277/277/277
f 255/255/255 277/277/277 256/256/256
f 256/256/256 277/277/277 278/278/278
f 256/256/256 278/278/278 257/257/257
f 257/257/257 278/278/278 279/279/279
f 257/257/257 279/279/279 258/258/258
f 258/258/258 279/279/279 280/280/280
f 258/258/258 280/280/280 259/259/259
f 259/259/259 280/280/280 281/281/281
f 259/259/259 281/281/281 260/260/260
f 260/260/260 281/281/281 282/282/282
f 260/260/260 282/282/282 261/261/261
f 261/261/261 282/282/282 283/283/283
f 261/261/261 283/283/283 262/262/262
f 262/262/262 283/283/283 284/284/284
f 262/262/262 284/284/284 263/263/263
f 263/263/263 284/284/284 285/285/285
f 263/263/263 285/285/285 264/264/264
f 264/264/264 285/285/285 286/286/286
f 264/264/264 286/286/286 265/265/265
f 265/265/265 286/286/286 287/287/287
f 265/265/265 287/287/287 266/266/266
f 266/266/266 287/287/287 288/288/288
f 266/266/266 288/288/288 267/267/267
f 267/267/267 288/288/288 289/289/289
f 267/267/267 289/289/289 268/268/268
f 268/268/268 289/289/289 290/290/290
f 268/268/268 290/290/290 269/269/269
f 269/269/269 290/290/290 291/291/291
f 269/269/269 291/291/291 270/270/270
f 270/270/270 291/291/291 292/292/292
f 270/270/270 292/292/292 271/271/271
f 271/271/271 292/292/292 293/293/293
f 271/271/271 293/293/293 272/272/272
f 272/272/272 293/293/293 294/294/294
f 272/272/272 294/294/294 273/273/273
f 274/274/274 295/295/295 296/296/296
f 274/274/274 296/296/296 275/275/275
f 275/275/275 296/296/296 297/297/297
f 275/275/275 297/297/297 276/276/276
f 276/276/276 297/297/297 298/298/298
f 276/276/276 298/298/298 277/277/277
f 277/277/277 298/298/298 299/299/299
f 277/277/277 299/299/299 278/278/278
f 278/278/278 299/299/299 300/300/300
f 278/278/278 300/300/300 279/279/279
f 279/279/279 300/300/300 301/301/301
f 279/279/279 301/301/301 280/280/280
f 280/280/280 301/301/301 302/302/302
f 280/280/280 302/302/302 281/281/281
f 281/281/281 302/302/302 303/303/303
f 281/281/281 303/303/303 282/282/282
f 282/282/282 303/303/303 304/304/304
f 282/282/282 304/304/304 283/283/283
f 283/283/283 304/304/304 305/305/305
f 283/283/283 305/305/305 284/284/284
f 284/284/284 305/305/305 306/306/306
f 284/284/284 306/306/306 285/285/285
f 285/285/285 306/306/306 307/307/307
f 285/285/285 307/307/307 286/286/286
f 286/286/286 307/307/307 308/308/308
f 286/286/286 308/308/308 287/287/287
f 287/287/287 308/308/308 309/309/309
f 287/287/287 309/309/309 288/288/288
f 288/288/288 309/309/309 310/310/310
f 288/288/288 310/310/310 289/289/289
f 289/289/289 310/310/310 311/311/311
f 289/289/289 311/311/311 290/290/290
f 290/290/290 311/311/311 312/312/312
f 290/290/290 312/312/312 291/291/291
f 291/291/291 312/312/312 313/313/313
f 291/291/291 313/313/313 292/292/292
f 292/292/292 313/313/313 314/314/314
f 292/292/292 314/314/314 293/293/293
f 293/293/293 314/314/314 315/315/315
f 293/293/293 315/315/315 294/294/294
f 295/295/295 316/316/316 317/317/317
f 295/295/295 317/317/317 296/296/296
f 296/296/296 317/317/317 318/318/318
f 296/296/296 318/318/318 297/297/297
f 297/297/297 318/318/318 319/319/319
f 297/297/297 319/319/319 298/298/298
f 298/298/298 319/319/319 320/320/320
f 298/298/298 320/320/320 299/299/299
f 299/299/299 320/320/320 321/321/321
f 299/299/299 321/321/321 300/300/300
f 300/300/300 321/321/321 322/322/322
f 300/300/300 322/322/322 301/301/301
f 301/301/301 322/322/322 323/323/323
f 301/301/301 323/323/323 302/302/302
f 302/302/302 323/323/323 324/324/324
f 302/302/302 324/324/324 303/303/303
f 303/303/303 324/324/324 325/325/325
f 303/303/303 325/325/325 304/304/304
f 304/304/304 325/325/325 326/326/326
f 304/304/304 326/326/326 305/305/305
f 305/305/305 326/326/326 327/327/327
f 305/305/305 327/327/327 306/306/306
f 306/306/306 327/327/327 328/328/328
f 306/306/306 328/328/328 307/307/307
f 307/307/307 328/328/328 329/329/329
f 307/307/307 329/329/329 308/308/308
f 308/308/308 329/329/329 330/330/330
f 308/308/308 330/330/330 309/309/309
f 309/309/309 330/330/330 331/331/331
f 309/309/309 331/331/331 310/310/310
f 310/310/310 331/331/331 332/332/332
f 310/310/310 332/332/332 311/311/311
f 311/311/311 332/332/332 333/333/333
f 311/311/311 333/333/333 312/312/312
f 312/312/312 333/333/333 334/334/334
f 312/312/312 334/334/334 313/313/313
f 313/313/313 334/334/334 335/335/335
f 313/313/313 335/335/335 314/314/314
f 314/314/314 335/335/335 336/336/336
f 314/314/314 336/336/336 315/315/315
f 316/316/316 337/337/337 338/338/338
f 316/316/316 338/338/338 317/317/317
f 317/317/317 338/338/338 339/339/339
f 317/317/317 339/339/339 318/318/318
f 318/318/318 339/339/339 340/340/340
f 318/318/318 340/340/340 319/319/319
f 319/319/319 340/340/340 341/341/341
f 319/319/319 341/341/341 320/320/320
f 320/320/320 341/341/341 342/342/342
f 320/320/320 342/342/342 321/321/321
f 321/321/321 342/342/342 343/343/343
f 321/321/321 343/343/343 322/322/322
f 322/322/322 343/343/343 344/344/344
f 322/322/322 344/344/344 323/323/323
f 323/323/323 344/344/344 345/345/345
f 323/323/323 345/345/345 324/324/324
f 324/324/324 345/345/345 346/346/346
f 324/324/324 346/346/346 325/325/325
f 325/325/325 346/346/346 347/347/347
f 325/325/325 347/347/347 326/326/326
f 326/326/326 347/347/347 348/348/348
f 326/326/326 348/348/348 327/327/327
f 327/327/327 348/348/348 349/349/349
f 327/327/327 349/349/349 328/328/328
f 328/328/328 349/349/349 350/350/350
f 328/328/328 350/350/350 329/329/329
f 329/329/329 350/350/350 351/351/351
f 329/329/329 351/351/351 330/330/330
f 330/330/330 351/351/351 352/352/352
f 330/330/330 352/352/352 331/331/331
f 331/331/331 352/352/352 353/353/353
f 331/331/331 353/353/353 332/332/332
f 332/332/332 353/353/353 354/354/354
f 332/332/332 354/354/354 333/333/333
f 333/333/333 354/354/354 355/355/355
f 333/333/333 355/355/355 334/334/334
f 334/334/334 355/355/355 356/356/356
f 334/334/334 356/356/356 335/335/335
f 335/335/335 356/356/356 357/357/357
f 335/335/335 357/357/357 336/336/336
f 337/337/337 358/358/358 359/359/359
f 337/337/337 359/359/359 338/338/338
f 338/338/338 359/359/359 360/360/360
f 338/338/338 360/360/360 339/339/339
f 339/339/339 360/360/360 361/361/361
f 339/339/339 361/361/361 340/340/340
f 340/340/340 361/361/361 362/362/362
f 340/340/340 362/362/362 341/341/341
f 341/341/341 362/362/362 363/363/363
f 341/341/341 363/363/363 342/342/342
f 342/342/342 363/363/363 364/364/364
f 342/342/342 364/364/364 343/343/343
f 343/343/343 364/364/364 365/365/365
f 343/343/343 365/365/365 344/344/344
f 344/344/344 365/365/365 366/366/366
f 344/344/344 366/366/366 345/345/345
f 345/345/345 366/366/366 367/367/367
f 345/345/345 367/367/367 346/346/346
f 346/346/346 367/367/367 368/368/368
f 346/346/346 368/368/368 347/347/347
f 347/347/347 368/368/368 369/369/369
f 347/347/347 369/369/369 348/348/348
f 348/348/348 369/369/369 370/370/370
f 348/348/348 370/370/370 349/349/349
f 349/349/349 370/370/370 371/371/371
f 349/349/349 371/371/371 350/350/350
f 350/350/350 371/371/371 372/372/372
f 350/350/350 372/372/372 351/351/351
f 351/351/351 372/372/372 373/373/373
f 351/351/351 373/373/373 352/352/352
f 352/352/352 373/373/373 374/374/374
f 352/352/352 374/374/374 353/353/353
f 353/353/353 374/374/374 375/375/375
f 353/353/353 375/375/375 354/354/354
f 354/354/354 375/375/375 376/376/376
f 354/354/354 376/376/376 355/355/355
f 355/355/355 376/376/376 377/377/377
f 355/355/355 377/377/377 356/356/356
f 356/356/356 377/377/377 378/378/378
f 356/356/356 378/378/378 357/357/357
f 358/358/358 379/379/379 380/380/380
f 358/358/358 380/380/380 359/359/359
f 359/359/359 380/380/380 381/381/381
f 359/359/359 381/381/381 360/360/360
f 360/360/360 381/381/381 382/382/382
f 360/360/360 382/382/382 361/361/361
f 361/361/361 382/382/382 383/383/383
f 361/361/361 383/383/383 362/362/362
f 362/362/362 383/383/383 384/384/384
f 362/362/362 384/384/384 363/363/363
f 363/363/363 384/384/384 385/385/385
f 363/363/363 385/385/385 364/364/364
f 364/364/364 385/385/385 386/386/386
f 364/364/364 386/386/386 365/365/365
f 365/365/365 386/386/386 387/387/387
f 365/365/365 387/387/387 366/366/366
f 366/366/366 387/387/387 388/388/388
f 366/366/366 388/388/388 367/367/367
f 367/367/367 388/388/388 389/389/389
f 367/367/367 389/389/389 368/368/368
f 368/368/368 389/389/389 390/390/390
f 368/368/368 390/390/390 369/369/369
f 369/369/369 390/390/390 391/391/391
f 369/369/369 391/391/391 370/370/370
f 370/370/370 391/391/391 392/392/392
f 370/370/370 392/392/392 371/371/371
f 371/371/371 392/392/392 393/393/393
f 371/371/371 393/393/393 372/372/372
f 372/372/372 393/393/393 394/394/394
f 372/372/372 394/394/394 373/373/373
f 373/373/373 394/394/394 395/395/395
f 373/373/373 395/395/395 374/374/374
f 374/374/374 395/395/395 396/396/396
f 374/374/374 396/396/396 375/375/375
f 375/375/375 396/396/396 397/397/397
f 375/375/375 397/397/397 376/376/376
f 376/376/376 397/397/397 398/398/398
f 376/376/376 398/398/398 377/377/377
f 377/377/377 398/398/398 399/399/399
f 377/377/377 399/399/399 378/378/378
f 379/379/379 400/400/400 401/401/401
f 379/379/379 401/401/401 380/380/380
f 380/380/380 401/401/401 402/402/402
f 380/380/380 402/402/402 381/381/381
f 381/381/381 402/402/402 403/403/403
f 381/381/381 403/403/403 382/382/382
f 382/382/382 403/403/403 404/404/404
f 382/382/382 404/404/404 383/383/383
f 383/383/383 404/404/404 405/405/405
f 383/383/383 405/405/405 384/384/384
f 384/384/384 405/405/405 406/406/406
f 384/384/384 406/406/406 385/385/385
f 385/385/385 406/406/406 407/407/407
f 385/385/385 407/407/407 386/386/386
f 386/386/386 407/407/407 408/408/408
f 386/386/386 408/408/408 387/387/387
f 387/387/387 408/408/408 409/409/409
f 387/387/387 409/409/409 388/388/388
f 388/388/388 409/409/409 410/410/410
f 388/388/388 410/410/410 389/389/389
f 389/389/389 410/410/410 411/411/411
f 389/389/389 411/411/411 390/390/390
f 390/390/390 411/411/411 412/412/412
f 390/390/390 412/412/412 391/391/391
f 391/391/391 412/412/412 413/413/413
f 391/391/391 413/413/413 392/392/392
f 392/392/392 413/413/413 414/414/414
f 392/392/392 414/414/414 393/393/393
f 393/393/393 414/414/414 415/415/415
f 393/393/393 415/415/415 394/394/394
f 394/394/394 415/415/415 416/416/416
f 394/394/394 416/416/416 395/395/395
f 395/395/395 416/416/416 417/417/417
f 395/395/395 417/417/417 396/396/396
f 396/396/396 417/417/417 418/418/418
f 396/396/396 418/418/418 397/397/397
f 397/397/397 418/418/418 419/419/419
f 397/397/397 419/419/419 398/398/398
f 398/398/398 419/419/419 420/420/420
f 398/398/398 420/420/420 399/399/399
f 400/400/400 421/421/421 422/422/422
f 400/400/400 422/422/422 401/401/401
f 401/401/401 422/422/422 423/423/423
f 401/401/401 423/423/423 402/402/402
f 402/402/402 423/423/423 424/424/424
f 402/402/402 424/424/424 403/403/403
f 403/403/403 424/424/424 425/425/425
f 403/403/403 425/425/425 404/404/404
f 404/404/404 425/425/425 426/426/426
f 404/404/404 426/426/426 405/405/405
f 405/405/405 426/426/426 427/427/427
f 405/405/405 427/427/427 406/406/406
f 406/406/406 427/427/427 428/428/428
f 406/406/406 428/428/428 407/407/407
f 407/407/407 428/428/428 429/429/429
f 407/407/407 429/429/429 408/408/408
f 408/408/408 429/429/429 430/430/430
f 408/408/408 430/430/430 409/409/409
f 409/409/409 430/430/430 431/431/431
f 409/409/409 431/431/431 410/410/410
f 410/410/410 431/431/431 432/432/432
f 410/410/410 432/432/432 411/411/411
f 411/411/411 432/432/432 433/433/433
f 411/411/411 433/433/433 412/412/412
f 412/412/412 433/433/433 434/434/434
f 412/412/412 434/434/434 413/413/413
f 413/413/413 434/434/434 435/435/435
f 413/413/413 435/435/435 414/414/414
f 414/414/414 435/435/435 436/436/436
f 414/414/414 436/436/436 415/415/415
f 415/415/415 436/436/436 437/437/437
f 415/415/415 437/437/437 416/416/416
f 416/416/416 437/437/437 438/438/438
f 416/416/416 438/438/438 417/417/417
f 417/417/417 438/438/438 439/439/439
f 417/417/417 439/439/439 418/418/418
f 418/418/418 439/439/439 440/440/440
f 418/418/418 440/440/440 419/419/419
f 419/419/419 440/440/440 441/441/441
f 419/419/419 441/441/441 420/420/420
f 421/421/421 442/442/442 443/443/443
f 421/421/421 443/443/443 422/422/422
f 422/422/422 443/443/443 444/444/444
f 422/422/422 444/444/444 423/423/423
f 423/423/423 444/444/444 445/445/445
f 423/423/423 445/445/445 424/424/424
f 424/424/424 445/445/445 446/446/446
f 424/424/424 446/446/446 425/425/425
f 425/425/425 446/446/446 447/447/447
f 425/425/425 447/447/447 426/426/426
f 426/426/426 447/447/447 448/448/448
f 426/426/426 448/448/448 427/427/427
f 427/427/427 448/448/448 449/449/449
f 427/427/427 449/449/449 428/428/428
f 428/428/428 449/449/449 450/450/450
f 428/428/428 450/450/450 429/429/429
f 429/429/429 450/450/450 451/451/451
f 429/429/429 451/451/451 430/430/430
f 430/430/430 451/451/451 452/452/452
f 430/430/430 452/452/452 431/431/431
f 431/431/431 452/452/452 453/453/453
f 431/431/431 453/453/453 432/432/432
f 432/432/432 453/453/453 454/454/454
f 432/432/432 454/454/454 433/433/433
f 433/433/433 454/454/454 455/455/455
f 433/433/433 455/455/455 434/434/434
f 434/434/434 455/455/455 456/456/456
f 434/434/434 456/456/456 435/435/435
f 435/435/435 456/456/456 457/457/457
f 435/435/435 457/457/457 436/436/436
f 436/436/436 457/457/457 458/458/458
f 436/436/436 458/458/458 437/437/437
f 437/437/437 458/458/458 459/459/459
f 437/437/437 459/459/459 438/438/438
f 438/438/438 459/459/459 460/460/460
f 438/438/438 460/460/460 439/439/439
f 439/439/439 460/460/460 461/461/461
f 439/439/439 461/461/461 440/440/440
f 440/440/440 461/461/461 462/462/462
f 440/440/440 462/462/462 441/441/441
f 442/442/442 463/463/463 464/464/464
f 442/442/442 464/464/464 443/443/443
f 443/443/443 464/464/464 465/465/465
f 443/443/443 465/465/465 444/444/444
f 444/444/444 465/465/465 466/466/466
f 444/444/444 466/466/466 445/445/445
f 445/445/445 466/466/466 467/467/467
f 445/445/445 467/467/467 446/446/446
f 446/446/446 467/467/467 468/468/468
f 446/446/446 468/468/468 447/447/447
f 447/447/447 468/468/468 469/469/469
f 447/447/447 469/469/469 448/448/448
f 448/448/448 469/469/469 470/470/470
f 448/448/448 470/470/470 449/449/449
f 449/449/449 470/470/470 471/471/471
f 449/449/449 471/471/471 450/450/450
f 450/450/450 471/471/471 472/472/472
f 450/450/450 472/472/472 451/451/451
f 451/451/451 472/472/472 473/473/473
f 451/451/451 473/473/473 452/452/452
f 452/452/452 473/473/473 474/474/474
f 452/452/452 474/474/474 453/453/453
f 453/453/453 474/474/474 475/475/475
f 453/453/453 475/475/475 454/454/454
f 454/454/454 475/475/475 476/476/476
f 454/454/454 476/476/476 455/455/455
f 455/455/455 476/476/476 477/477/477
f 455/455/455 477/477/477 456/456/456
f 456/456/456 477/477/477 478/478/478
f 456/456/456 478/478/478 457/457/457
f 457/457/457 478/478/478 479/479/479
f 457/457/457 479/479/479 458/458/458
f 458/458/458 479/479/479 480/480/480
f 458/458/458 480/480/480 459/459/459
f 459/459/459 480/480/480 481/481/481
f 459/459/459 481/481/481 460/460/460
f 460/460/460 481/481/481 482/482/482
f 460/460/460 482/482/482 461/461/461
f 461/461/461 482/482/482 483/483/483
f 461/461/461 483/483/483 462/462/462
f 463/463/463 484/484/484 485/485/485
f 463/463/463 485/485/485 464/464/464
f 464/464/464 485/485/485 486/486/486
f 464/464/464 486/486/486 465/465/465
f 465/465/465 486/486/486 487/487/487
f 465/465/465 487/487/487 466/466/466
f 466/466/466 487/487/487 488/488/488
f 466/466/466 488/488/488 467/467/467
f 467/467/467 488/488/488 489/489/489
f 467/467/467 489/489/489 468/468/468
f 468/468/468 489/489/489 490/490/490
f 468/468/468 490/490/490 469/469/469
f 469/469/469 490/490/490 491/491/491
f 469/469/469 491/491/491 470/470/470
f 470/470/470 491/491/491 492/492/492
f 470/470/470 492/492/492 471/471/471
f 471/471/471 492/492/492 493/493/493
f 471/471/471 493/493/493 472/472/472
f 472/472/472 493/493/493 494/494/494
f 472/472/472 494/494/494 473/473/473
f 473/473/473 494/494/494 495/495/495
f 473/473/473 495/495/495 474/474/474
f 474/474/474 495/495/495 496/496/496
f 474/474/474 496/496/496 475/475/475
f 475/475/475 496/496/496 497/497/497
f 475/475/475 497/497/497 476/476/476
f 476/476/476 497/497/497 498/498/498
f 476/476/476 498/498/498 477/477/477
f 477/477/477 498/498/498 499/499/499
f 477/477/477 499/499/499 478/478/478
f 478/478/478 499/499/499 500/500/500
f 478/478/478 500/500/500 479/479/479
f 479/479/479 500/500/500 501/501/501
f 479/479/479 501/501/501 480/480/480
f 480/480/480 501/501/501 502/502/502
f 480/480/480 502/502/502 481/481/481
f 481/481/481 502/502/502 503/503/503
f 481/481/481 503/503/503 482/482/482
f 482/482/482 503/503/503 504/504/504
f 482/482/482 504/504/504 483/483/483
f 484/484/484 505/505/505 506/506/506
f 484/484/484 506/506/506 485/485/485
f 485/485/485 506/506/506 507/507/507
f 485/485/485 507/507/507 486/486/486
f 486/486/486 507/507/507 508/508/508
f 486/486/486 508/508/508 487/487/487
f 487/487/487 508/508/508 509/509/509
f 487/487/487 509/509/509 488/488/488
f 488/488/488 509/509/509 510/510/510
f 488/488/488 510/510/510 489/489/489
f 489/489/489 510/510/510 511/511/511
f 489/489/489 511/511/511 490/490/490
f 490/490/490 511/511/511 512/512/512
f 490/490/490 512/512/512 491/491/491
f 491/491/491 512/512/512 513/513/513
f 491/491/491 513/513/513 492/492/492
f 492/492/492 513/513/513 514/514/514
f 492/492/492 514/514/514 493/493/493
f 493/493/493 514/514/514 515/515/515
f 493/493/493 515/515/515 494/494/494
f 494/494/494 515/515/515 516/516/516
f 494/494/494 516/516/516 495/495/495
f 495/495/495 516/516/516 517/517/517
f 495/495/495 517/517/517 496/496/496
f 496/496/496 517/517/517 518/518/518
f 496/496/496 518/518/518 497/497/497
f 497/497/497 518/518/518 519/519/519
f 497/497/497 519/519/519 498/498/498
f 498/498/498 519/519/519 520/520/520
f 498/498/498 520/520/520 499/499/499
f 499/499/499 520/520/520 521/521/521
f 499/499/499 521/521/521 500/500/500
f 500/500/500 521/521/521 522/522/522
f 500/500/500 522/522/522 501/501/501
f 501/501/501 522/522/522 523/523/523
f 501/501/501 523/523/523 502/502/502
f 502/502/502 523/523/523 524/524/524
f 502/502/502 524/524/524 503/503/503
f 503/503/503 524/524/524 525/525/525
f 503/503/503 525/525/525 504/504/504
f 505/505/505 526/526/526 527/527/527
f 505/505/505 527/527/527 506/506/506
f 506/506/506 527/527/527 528/528/528
f 506/506/506 528/528/528 507/507/507
f 507/507/507 528/528/528 529/529/529
f 507/507/507 529/529/529 508/508/508
f 508/508/508 529/529/529 530/530/530
f 508/508/508 530/530/530 509/509/509
f 509/509/509 530/530/530 531/531/531
f 509/509/509 531/531/531 510/510/510
f 510/510/510 531/531/531 532/532/532
f 510/510/510 532/532/532 511/511/511
f 511/511/511 532/532/532 533/533/533
f 511/511/511 533/533/533 512/512/512
f 512/512/512 533/533/533 534/534/534
f 512/512/512 534/534/534 513/513/513
f 513/513/513 534/534/534 535/535/535
f 513/513/513 535/535/535 514/514/514
f 514/514/514 535/535/535 536/536/536
f 514/514/514 536/536/536 515/515/515
f 515/515/515 536/536/536 537/537/537
f 515/515/515 537/537/537 516/516/516
f 516/516/516 537/537/537 538/538/538
f 516/516/516 538/538/538 517/517/517
f 517/517/517 538/538/538 539/539/539
f 517/517/517 539/539/539 518/518/518
f 518/518/518 539/539/539 540/540/540
f 518/518/518 540/540/540 519/519/519
f 519/519/519 540/540/540 541/541/541
f 519/519/519 541/541/541 520/520/520
f 520/520/520 541/541/541 542/542/542
f 520/520/520 542/542/542 521/521/521
f 521/521/521 542/542/542 543/543/543
f 521/521/521 543/543/543 522/522/522
f 522/522/522 543/543/543 544/544/544
f 522/522/522 544/544/544 523/523/523
f 523/523/523 544/544/544 545/545/545
f 523/523/523 545/545/545 524/524/524
f 524/524/524 545/545/545 546/546/546
f 524/524/524 546/546/546 525/525/525
f 526/526/526 547/547/547 548/548/548
f 526/526/526 548/548/548 527/527/527
f 527/527/527 548/548/548 549/549/549
f 527/527/527 549/549/549 528/528/528
f 528/528/528 549/549/549 550/550/550
f 528/528/528 550/550/550 529/529/529
f 529/529/529 550/550/550 551/551/551
f 529/529/529 551/551/551 530/530/530
f 530/530/530 551/551/551 552/552/552
f 530/530/530 552/552/552 531/531/531
f 531/531/531 552/552/552 553/553/553
f 531/531/531 553/553/553 532/532/532
f 532/532/532 553/553/553 554/554/554
f 532/532/532 554/554/554 533/533/533
f 533/533/533 554/554/554 555/555/555
f 533/533/533 555/555/555 534/534/534
f 534/534/534 555/555/555 556/556/556
f 534/534/534 556/556/556 535/535/535
f 535/535/535 556/556/556 557/557/557
f 535/535/535 557/557/557 536/536/536
f 536/536/536 557/557/557 558/558/558
f 536/536/536 558/558/558 537/537/537
f 537/537/537 558/558/558 559/559/559
f 537/537/537 559/559/559 538/538/538
f 538/538/538 559/559/559 560/560/560
f 538/538/538 560/560/560 539/539/539
f 539/539/539 560/560/560 561/561/561
f 539/539/539 561/561/561 540/540/540
f 540/540/540 561/561/561 562/562/562
f 540/540/540 562/562/562 541/541/541
f 541/541/541 562/562/562 563/563/563
f 541/541/541 563/563/563 542/542/542
f 542/542/542 563/563/563 564/564/564
f 542/542/542 564/564/564 543/543/543
f 543/543/543 564/564/564 565/565/565
f 543/543/543 565/565/565 544/544/544
f 544/544/544 565/565/565 566/566/566
f 544/544/544 566/566/566 545/545/545
f 545/545/545 566/566/566 567/567/567
f 545/545/545 567/567/567 546/546/546
f 547/547/547 568/568/568 569/569/569
f 547/547/547 569/569/569 548/548/548
f 548/548/548 569/569/569 570/570/570
f 548/548/548 570/570/570 549/549/549
f 549/549/549 570/570/570 571/571/571
f 549/549/549 571/571/571 550/550/550
f 550/550/550 571/571/571 572/572/572
f 550/550/550 572/572/572 551/551/551
f 551/551/551 572/572/572 573/573/573
f 551/551/551 573/573/573 552/552/552
f 552/552/552 573/573/573 574/574/574
f 552/552/552 574/574/574 553/553/553
f 553/553/553 574/574/574 575/575/575
f 553/553/553 575/575/575 554/554/554
f 554/554/554 575/575/575 576/576/576
f 554/554/554 576/576/576 555/555/555
f 555/555/555 576/576/576 577/577/577
f 555/555/555 577/577/577 556/556/556
f 556/556/556 577/577/577 578/578/578
f 556/556/556 578/578/578 557/557/557
f 557/557/557 578/578/578 579/579/579
f 557/557/557 579/579/579 558/558/558
f 558/558/558 579/579/579 580/580/580
f 558/558/558 580/580/580 559/559/559
f 559/559/559 580/580/580 581/581/581
f 559/559/559 581/581/581 560/560/560
f 560/560/560 581/581/581 582/582/582
f 560/560/560 582/582/582 561/561/561
f 561/561/561 582/582/582 583/583/583
f 561/561/561 583/583/583 562/562/562
f 562/562/562 583/583/583 584/584/584
f 562/562/562 584/584/584 563/563/563
f 563/563/563 584/584/584 585/585/585
f 563/563/563 585/585/585 564/564/564
f 564/564/564 585/585/585 586/586/586
f 564/564/564 586/586/586 565/565/565
f 565/565/565 586/586/586 587/587/587
f 565/565/565 587/587/587 566/566/566
f 566/566/566 587/587/587 588/588/588
f 566/566/566 588/588/588 567/567/567
f 568/568/568 589/589/589 590/590/590
f 568/568/568 590/590/590 569/569/569
f 569/569/569 590/590/590 591/591/591
f 569/569/569 591/591/591 570/570/570
f 570/570/570 591/591/591 592/592/592
f 570/570/570 592/592/592 571/571/571
f 571/571/571 592/592/592 593/593/593
f 571/571/571 593/593/593 572/572/572
f 572/572/572 593/593/593 594/594/594
f 572/572/572 594/594/594 573/573/573
f 573/573/573 594/594/594 595/595/595
f 573/573/573 595/595/595 574/574/574
f 574/574/574 595/595/595 596/596/596
f 574/574/574 596/596/596 575/575/575
f 575/575/575 596/596/596 597/597/597
f 575/575/575 597/597/597 576/576/576
f 576/576/576 597/597/597 598/598/598
f 576/576/576 598/598/598 577/577/577
f 577/577/577 598/598/598 599/599/599
f 577/577/577 599/599/599 578/578/578
f 578/578/578 599/599/599 600/600/600
f 578/578/578 600/600/600 579/579/579
f 579/579/579 600/600/600 601/601/601
f 579/579/579 601/601/601 580/580/580
f 580/580/580 601/601/601 602/602/602
f 580/580/580 602/602/602 581/581/581
f 581/581/581 602/602/602 603/603/603
f 581/581/581 603/603/603 582/582/582
f 582/582/582 603/603/603 604/604/604
f 582/582/582 604/604/604 583/583/583
f 583/583/583 604/604/604 605/605/605
f 583/583/583 605/605/605 584/584/584
f 584/584/584 605/605/605 606/606/606
f 584/584/584 606/606/606 585/585/585
f 585/585/585 606/606/606 607/607/607
f 585/585/585 607/607/607 586/586/586
f 586/586/586 607/607/607 608/608/608
f 586/586/586 608/608/608 587/587/587
f 587/587/587 608/608/608 609/609/609
f 587/587/587 609/609/609 588/588/588
f 589/589/589 610/610/610 611/611/611
f 589/589/589 611/611/611 590/590/590
f 590/590/590 611/611/611 612/612/612
f 590/590/590 612/612/612 591/591/591
f 591/591/591 612/612/612 613/613/613
f 591/591/591 613/613/613 592/592/592
f 592/592/592 613/613/613 614/614/614
f 592/592/592 614/614/614 593/593/593
f 593/593/593 614/614/614 615/615/615
f 593/593/593 615/615/615 594/594/594
f 594/594/594 615/615/615 616/616/616
f 594/594/594 616/616/616 595/595/595
f 595/595/595 616/616/616 617/617/617
f 595/595/595 617/617/617 596/596/596
f 596/596/596 617/617/617 618/618/618
f 596/596/596 618/618/618 597/597/597
f 597/597/597 618/618/618 619/619/619
f 597/597/597 619/619/619 598/598/598
f 598/598/598 619/619/619 620/620/620
f 598/598/598 620/620/620 599/599/599
f 599/599/599 620/620/620 621/621/621
f 599/599/599 621/621/621 600/600/600
f 600/600/600 621/621/621 622/622/622
f 600/600/600 622/622/622 601/601/601
f 601/601/601 622/622/622 623/623/623
f 601/601/601 623/623/623 602/602/602
f 602/602/602 623/623/623 624/624/624
f 602/602/602 624/624/624 603/603/603
f 603/603/603 624/624/624 625/625/625
f 603/603/603 625/625/625 604/604/604
f 604/604/604 625/625/625 626/626/626
f 604/604/604 626/626/626 605/605/605
f 605/605/605 626/626/626 627/627/627
f 605/605/605 627/627/627 606/606/606
f 606/606/606 627/627/627 628/628/628
f 606/606/606 628/628/628 607/607/607
f 607/607/607 628/628/628 629/629/629
f 607/607/607 629/629/629 608/608/608
f 608/608/608 629/629/629 630/630/630
f 608/608/608 630/630/630 609/609/609
f 610/610/610 631/631/631 632/632/632
f 610/610/610 632/632/632 611/611/611
f 611/611/611 632/632/632 633/633/633
f 611/611/611 633/633/633 612/612/612
f 612/612/612 633/633/633 634/634/634
f 612/612/612 634/634/634 613/613/613
f 613/613/613 634/634/634 635/635/635
f 613/613/613 635/635/635 614/614/614
f 614/614/614 635/635/635 636/636/636
f 614/614/614 636/636/636 615/615/615
f 615/615/615 636/636/636 637/637/637
f 615/615/615 637/637/637 616/616/616
f 616/616/616 637/637/637 638/638/638
f 616/616/616 638/638/638 617/617/617
f 617/617/617 638/638/638 639/639/639
f 617/617/617 639/639/639 618/618/618
f 618/618/618 639/639/639 640/640/640
f 618/618/618 640/640/640 619/619/619
f 619/619/619 640/640/640 641/641/641
f 619/619/619 641/641/641 620/620/620
f 620/620/620 641/641/641 642/642/642
f 620/620/620 642/642/642 621/621/621
f 621/621/621 642/642/642 643/643/643
f 621/621/621 643/643/643 622/622/622
f 622/622/622 643/643/643 644/644/644
f 622/622/622 644/644/644 623/623/623
f 623/623/623 644/644/644 645/645/645
f 623/623/623 645/645/645 624/624/624
f 624/624/624 645/645/645 646/646/646
f 624/624/624 646/646/646 625/625/625
f 625/625/625 646/646/646 647/647/647
f 625/625/625 647/647/647 626/626/626
f 626/626/626 647/647/647 648/648/648
f 626/626/626 648/648/648 627/627/627
f 627/627/627 648/648/648 649/649/649
f 627/627/627 649/649/649 628/628/628
f 628/628/628 649/649/649 650/650/650
f 628/628/628 650/650/650 629/629/629
f 629/629/629 650/650/650 651/651/651
f 629/629/629 651/651/651 630/630/630
f 652/652/652 657/657/657 658/658/658
f 652/652/652 658/658/658 653/653/653
f 653/653/653 658/658/658 659/659/659
f 653/653/653 659/659/659 654/654/654
f 654/654/654 659/659/659 660/660/660
f 654/654/654 660/660/660 655/655/655
f 655/655/655 660/660/660 661/661/661
f 655/655/655 661/661/661 656/656/656
f 657/657/657 662/662/662 663/663/663
f 657/657/657 663/663/663 658/658/658
f 658/658/658 663/663/663 664/664/664
f 658/658/658 664/664/664 659/659/659
f 659/659/659 664/664/664 665/665/665
f 659/659/659 665/665/665 660/660/660
f 660/660/660 665/665/665 666/666/666
f 660/660/660 666/666/666 661/661/661
f 662/662/662 667/667/667 668/668/668
f 662/662/662 668/668/668 663/663/663
f 663/663/663 668/668/668 669/669/669
f 663/663/663 669/669/669 664/664/664
f 664/664/664 669/669/669 670/670/670
f 664/664/664 670/670/670 665/665/665
f 665/665/665 670/670/670 671/671/671
f 665/665/665 671/671/671 666/666/666
f 667/667/667 672/672/672 673/673/673
f 667/667/667 673/673/673 668/668/668
f 668/668/668 673/673/673 674/674/674
f 668/668/668 674/674/674 669/669/669
f 669/669/669 674/674/674 675/675/675
f 669/669/669 675/675/675 670/670/670
f 670/670/670 675/675/675 676/676/676
f 670/670/670 676/676/676 671/671/671
f 672/672/672 677/677/677 678/678/678
f 672/672/672 678/678/678 673/673/673
f 673/673/673 678/678/678 679/679/679
f 673/673/673 679/679/679 674/674/674
f 674/674/674 679/679/679 680/680/680
f 674/674/674 680/680/680 675/675/675
f 675/675/675 680/680/680 681/681/681
f 675/675/675 681/681/681 676/676/676
f 677/677/677 682/682/682 683/683/683
f 677/677/677 683/683/683 678/678/678
f 678/678/678 683/683/683 684/684/684
f 678/678/678 684/684/684 679/679/679
f 679/679/679 684/684/684 685/685/685
f 679/679/679 685/685/685 680/680/680
f 680/680/680 685/685/685 686/686/686
f 680/680/680 686/686/686 681/681/681
f 682/682/682 687/687/687 688/688/688
f 682/682/682 688/688/688 683/683/683
f 683/683/683 688/688/688 689/689/689
f 683/683/683 689/689/689 684/684/684
f 684/684/684 689/689/689 690/690/690
f 684/684/684 690/690/690 685/685/685
f 685/685/685 690/690/690 691/691/691
f 685/685/685 691/691/691 686/686/686
f 687/687/687 692/692/692 693/693/693
f 687/687/687 693/693/693 688/688/688
f 688/688/688 693/693/693 694/694/694
f 688/688/688 694/694/694 689/689/689
f 689/689/689 694/694/694 695/695/695
f 689/689/689 695/695/695 690/690/690
f 690/690/690 695/695/695 696/696/696
f 690/690/690 696/696/696 691/691/691
f 697/697/697 722/722/722 723/723/723
f 697/697/697 723/723/723 698/698/698
f 698/698/698 723/723/723 724/724/724
f 698/698/698 724/724/724 699/699/699
f 699/699/699 724/724/724 725/725/725
f 699/699/699 725/725/725 700/700/700
f 700/700/700 725/725/725 726/726/726
f 700/700/700 726/726/726 701/701/701
f 701/701/701 726/726/726 727/727/727
f 701/701/701 727/727/727 702/702/702
f 702/702/702 727/727/727 728/728/728
f 702/702/702 728/728/728 703/703/703
f 703/703/703 728/728/728 729/729/729
f 703/703/703 729/729/729 704/704/704
f 704/704/704 729/729/729 730/730/730
f 704/704/704 730/730/730 705/705/705
f 705/705/705 730/730/730 731/731/731
f 705/705/705 731/731/731 706/706/706
f 706/706/706 731/731/731 732/732/732
f 706/706/706 732/732/732 707/707/707
f 707/707/707 732/732/732 733/733/733
f 707/707/707 733/733/733 708/708/708
f 708/708/708 733/733/733 734/734/734
f 708/708/708 734/734/734 709/709/709
f 709/709/709 734/734/734 735/735/735
f 709/709/709 735/735/735 710/710/710
f 710/710/710 735/735/735 736/736/736
f 710/710/710 736/736/736 711/711/711
f 711/711/711 736/736/736 737/737/737
f 711/711/711 737/737/737 712/712/712
f 712/712/712 737/737/737 738/738/738
f 712/712/712 738/738/738 713/713/713
f 713/713/713 738/738/738 739/739/739
f 713/713/713 739/739/739 714/714/714
f 714/714/714 739/739/739 740/740/740
f 714/714/714 740/740/740 715/715/715
f 715/715/715 740/740/740 741/741/741
f 715/715/715 741/741/741 716/716/716
f 716/716/716 741/741/741 742/742/742
f 716/716/716 742/742/742 717/717/717
f 717/717/717 742/742/742 743/743/743
f 717/717/717 743/743/743 718/718/718
f 718/718/718 743/743/743 744/744/744
f 718/718/718 744/744/744 719/719/719
f 719/719/719 744/744/744 745/745/745
f 719/719/719 745/745/745 720/720/720
f 720/720/720 745/745/745 746/746/746
f 720/720/720 746/746/746 721/721/721
f 722/722/722 747/747/747 748/748/748
f 722/722/722 748/748/748 723/723/723
f 723/723/723 748/748/748 749/749/749
f 723/723/723 749/749/749 724/724/724
f 724/724/724 749/749/749 750/750/750
f 724/724/724 750/750/750 725/725/725
f 725/725/725 750/750/750 751/751/751
f 725/725/725 751/751/751 726/726/726
f 726/726/726 751/751/751 752/752/752
f 726/726/726 752/752/752 727/727/727
f 727/727/727 752/752/752 753/753/753
f 727/727/727 753/753/753 728/728/728
f 728/728/728 753/753/753 754/754/754
f 728/728/728 754/754/754 729/729/729
f 729/729/729 754/754/754 755/755/755
f 729/729/729 755/755/755 730/730/730
f 730/730/730 755/755/755 756/756/756
f 730/730/730 756/756/756 731/731/731
f 731/731/731 756/756/756 757/757/757
f 731/731/731 757/757/757 732/732/732
f 732/732/732 757/757/757 758/758/758
f 732/732/732 758/758/758 733/733/733
f 733/733/733 758/758/758 759/759/759
f 733/733/733 759/759/759 734/734/734
f 734/734/734 759/759/759 760/760/760
f 734/734/734 760/760/760 735/735/735
f 735/735/735 760/760/760 761/761/761
f 735/735/735 761/761/761 736/736/736
f 736/736/736 761/761/761 762/762/762
f 736/736/736 762/762/762 737/737/737
f 737/737/737 762/762/762 763/763/763
f 737/737/737 763/763/763 738/738/738
f 738/738/738 763/763/763 764/764/764
f 738/738/738 764/764/764 739/739/739
f 739/739/739 764/764/764 765/765/765
f 739/739/739 765/765/765 740/740/740
f 740/740/740 765/765/765 766/766/766
f 740/740/740 766/766/766 741/741/741
f 741/741/741 766/766/766 767/767/767
f 741/741/741 767/767/767 742/742/742
f 742/742/742 767/767/767 768/768/768
f 742/742/742 768/768/768 743/743/743
f 743/743/743 768/768/768 769/769/769
f 743/743/743 769/769/769 744/744/744
f 744/744/744 769/769/769 770/770/770
f 744/744/744 770/770/770 745/745/745
f 745/745/745 770/770/770 771/771/771
f 745/745/745 771/771/771 746/746/746
f 747/747/747 772/772/772 773/773/773
f 747/747/747 773/773/773 748/748/748
f 748/748/748 773/773/773 774/774/774
f 748/748/748 774/774/774 749/749/749
f 749/749/749 774/774/774 775/775/775
f 749/749/749 775/775/775 750/750/750
f 750/750/750 775/775/775 776/776/776
f 750/750/750 776/776/776 751/751/751
f 751/751/751 776/776/776 777/777/777
f 751/751/751 777/777/777 752/752/752
f 752/752/752 777/777/777 778/778/778
f 752/752/752 778/778/778 753/753/753
f 753/753/753 778/778/778 779/779/779
f 753/753/753 779/779/779 754/754/754
f 754/754/754 779/779/779 780/780/780
f 754/754/754 780/780/780 755/755/755
f 755/755/755 780/780/780 781/781/781
f 755/755/755 781/781/781 756/756/756
f 756/756/756 781/781/781 782/782/782
f 756/756/756 782/782/782 757/757/757
f 757/757/757 782/782/782 783/783/783
f 757/757/757 783/783/783 758/758/758
f 758/758/758 783/783/783 784/784/784
f 758/758/758 784/784/784 759/759/759
f 759/759/759 784/784/784 785/785/785
f 759/759/759 785/785/785 760/760/760
f 760/760/760 785/785/785 786/786/786
f 760/760/760 786/786/786 761/761/761
f 761/761/761 786/786/786 787/787/787
f 761/761/761 787/787/787 762/762/762
f 762/762/762 787/787/787 788/788/788
f 762/762/762 788/788/788 763/763/763
f 763/763/763 788/788/788 789/789/789
f 763/763/763 789/789/789 764/764/764
f 764/764/764 789/789/789 790/790/790
f 764/764/764 790/790/790 765/765/765
f 765/765/765 790/790/790 791/791/791
f 765/765/765 791/791/791 766/766/766
f 766/766/766 791/791/791 792/792/792
f 766/766/766 792/792/792 767/767/767
f 767/767/767 792/792/792 793/793/793
f 767/767/767 793/793/793 768/768/768
f 768/768/768 793/793/793 794/794/794
f 768/768/768 794/794/794 769/769/769
f 769/769/769 794/794/794 795/795/795
f 769/769/769 795/795/795 770/770/770
f 770/770/770 795/795/795 796/796/796
f 770/770/770 796/796/796 771/771/771
