# procedural asset
v 0.42000 0.12000 0.00000
v 0.39708 0.19053 0.00000
v 0.33708 0.23413 0.00000
v 0.26292 0.23413 0.00000
v 0.20292 0.19053 0.00000
v 0.18000 0.12000 0.00000
v 0.20292 0.04947 0.00000
v 0.26292 0.00587 0.00000
v 0.33708 0.00587 0.00000
v 0.39708 0.04947 0.00000
v 0.42000 0.12000 0.00000
v 0.40569 0.12000 0.10870
v 0.38355 0.19053 0.10277
v 0.32560 0.23413 0.08724
v 0.25396 0.23413 0.06805
v 0.19600 0.19053 0.05252
v 0.17387 0.12000 0.04659
v 0.19600 0.04947 0.05252
v 0.25396 0.00587 0.06805
v 0.32560 0.00587 0.08724
v 0.38355 0.04947 0.10277
v 0.40569 0.12000 0.10870
v 0.36373 0.12000 0.21000
v 0.34388 0.19053 0.19854
v 0.29192 0.23413 0.16854
v 0.22769 0.23413 0.13146
v 0.17573 0.19053 0.10146
v 0.15588 0.12000 0.09000
v 0.17573 0.04947 0.10146
v 0.22769 0.00587 0.13146
v 0.29192 0.00587 0.16854
v 0.34388 0.04947 0.19854
v 0.36373 0.12000 0.21000
v 0.29698 0.12000 0.29698
v 0.28078 0.19053 0.28078
v 0.23835 0.23413 0.23835
v 0.18591 0.23413 0.18591
v 0.14348 0.19053 0.14348
v 0.12728 0.12000 0.12728
v 0.14348 0.04947 0.14348
v 0.18591 0.00587 0.18591
v 0.23835 0.00587 0.23835
v 0.28078 0.04947 0.28078
v 0.29698 0.12000 0.29698
v 0.21000 0.12000 0.36373
v 0.19854 0.19053 0.34388
v 0.16854 0.23413 0.29192
v 0.13146 0.23413 0.22769
v 0.10146 0.19053 0.17573
v 0.09000 0.12000 0.15588
v 0.10146 0.04947 0.17573
v 0.13146 0.00587 0.22769
v 0.16854 0.00587 0.29192
v 0.19854 0.04947 0.34388
v 0.21000 0.12000 0.36373
v 0.10870 0.12000 0.40569
v 0.10277 0.19053 0.38355
v 0.08724 0.23413 0.32560
v 0.06805 0.23413 0.25396
v 0.05252 0.19053 0.19600
v 0.04659 0.12000 0.17387
v 0.05252 0.04947 0.19600
v 0.06805 0.00587 0.25396
v 0.08724 0.00587 0.32560
v 0.10277 0.04947 0.38355
v 0.10870 0.12000 0.40569
v 0.00000 0.12000 0.42000
v 0.00000 0.19053 0.39708
v 0.00000 0.23413 0.33708
v 0.00000 0.23413 0.26292
v 0.00000 0.19053 0.20292
v 0.00000 0.12000 0.18000
v 0.00000 0.04947 0.20292
v 0.00000 0.00587 0.26292
v 0.00000 0.00587 0.33708
v 0.00000 0.04947 0.39708
v 0.00000 0.12000 0.42000
v -0.10870 0.12000 0.40569
v -0.10277 0.19053 0.38355
v -0.08724 0.23413 0.32560
v -0.06805 0.23413 0.25396
v -0.05252 0.19053 0.19600
v -0.04659 0.12000 0.17387
v -0.05252 0.04947 0.19600
v -0.06805 0.00587 0.25396
v -0.08724 0.00587 0.32560
v -0.10277 0.04947 0.38355
v -0.10870 0.12000 0.40569
v -0.21000 0.12000 0.36373
v -0.19854 0.19053 0.34388
v -0.16854 0.23413 0.29192
v -0.13146 0.23413 0.22769
v -0.10146 0.19053 0.17573
v -0.09000 0.12000 0.15588
v -0.10146 0.04947 0.17573
v -0.13146 0.00587 0.22769
v -0.16854 0.00587 0.29192
v -0.19854 0.04947 0.34388
v -0.21000 0.12000 0.36373
v -0.29698 0.12000 0.29698
v -0.28078 0.19053 0.28078
v -0.23835 0.23413 0.23835
v -0.18591 0.23413 0.18591
v -0.14348 0.19053 0.14348
v -0.12728 0.12000 0.12728
v -0.14348 0.04947 0.14348
v -0.18591 0.00587 0.18591
v -0.23835 0.00587 0.23835
v -0.28078 0.04947 0.28078
v -0.29698 0.12000 0.29698
v -0.36373 0.12000 0.21000
v -0.34388 0.19053 0.19854
v -0.29192 0.23413 0.16854
v -0.22769 0.23413 0.13146
v -0.17573 0.19053 0.10146
v -0.15588 0.12000 0.09000
v -0.17573 0.04947 0.10146
v -0.22769 0.00587 0.13146
v -0.29192 0.00587 0.16854
v -0.34388 0.04947 0.19854
v -0.36373 0.12000 0.21000
v -0.40569 0.12000 0.10870
v -0.38355 0.19053 0.10277
v -0.32560 0.23413 0.08724
v -0.25396 0.23413 0.06805
v -0.19600 0.19053 0.05252
v -0.17387 0.12000 0.04659
v -0.19600 0.04947 0.05252
v -0.25396 0.00587 0.06805
v -0.32560 0.00587 0.08724
v -0.38355 0.04947 0.10277
v -0.40569 0.12000 0.10870
v -0.42000 0.12000 0.00000
v -0.39708 0.19053 0.00000
v -0.33708 0.23413 0.00000
v -0.26292 0.23413 0.00000
v -0.20292 0.19053 0.00000
v -0.18000 0.12000 0.00000
v -0.20292 0.04947 0.00000
v -0.26292 0.00587 0.00000
v -0.33708 0.00587 0.00000
v -0.39708 0.04947 0.00000
v -0.42000 0.12000 0.00000
v -0.40569 0.12000 -0.10870
v -0.38355 0.19053 -0.10277
v -0.32560 0.23413 -0.08724
v -0.25396 0.23413 -0.06805
v -0.19600 0.19053 -0.05252
v -0.17387 0.12000 -0.04659
v -0.19600 0.04947 -0.05252
v -0.25396 0.00587 -0.06805
v -0.32560 0.00587 -0.08724
v -0.38355 0.04947 -0.10277
v -0.40569 0.12000 -0.10870
v -0.36373 0.12000 -0.21000
v -0.34388 0.19053 -0.19854
v -0.29192 0.23413 -0.16854
v -0.22769 0.23413 -0.13146
v -0.17573 0.19053 -0.10146
v -0.15588 0.12000 -0.09000
v -0.17573 0.04947 -0.10146
v -0.22769 0.00587 -0.13146
v -0.29192 0.00587 -0.16854
v -0.34388 0.04947 -0.19854
v -0.36373 0.12000 -0.21000
v -0.29698 0.12000 -0.29698
v -0.28078 0.19053 -0.28078
v -0.23835 0.23413 -0.23835
v -0.18591 0.23413 -0.18591
v -0.14348 0.19053 -0.14348
v -0.12728 0.12000 -0.12728
v -0.14348 0.04947 -0.14348
v -0.18591 0.00587 -0.18591
v -0.23835 0.00587 -0.23835
v -0.28078 0.04947 -0.28078
v -0.29698 0.12000 -0.29698
v -0.21000 0.12000 -0.36373
v -0.19854 0.19053 -0.34388
v -0.16854 0.23413 -0.29192
v -0.13146 0.23413 -0.22769
v -0.10146 0.19053 -0.17573
v -0.09000 0.12000 -0.15588
v -0.10146 0.04947 -0.17573
v -0.13146 0.00587 -0.22769
v -0.16854 0.00587 -0.29192
v -0.19854 0.04947 -0.34388
v -0.21000 0.12000 -0.36373
v -0.10870 0.12000 -0.40569
v -0.10277 0.19053 -0.38355
v -0.08724 0.23413 -0.32560
v -0.06805 0.23413 -0.25396
v -0.05252 0.19053 -0.19600
v -0.04659 0.12000 -0.17387
v -0.05252 0.04947 -0.19600
v -0.06805 0.00587 -0.25396
v -0.08724 0.00587 -0.32560
v -0.10277 0.04947 -0.38355
v -0.10870 0.12000 -0.40569
v -0.00000 0.12000 -0.42000
v -0.00000 0.19053 -0.39708
v -0.00000 0.23413 -0.33708
v -0.00000 0.23413 -0.26292
v -0.00000 0.19053 -0.20292
v -0.00000 0.12000 -0.18000
v -0.00000 0.04947 -0.20292
v -0.00000 0.00587 -0.26292
v -0.00000 0.00587 -0.33708
v -0.00000 0.04947 -0.39708
v -0.00000 0.12000 -0.42000
v 0.10870 0.12000 -0.40569
v 0.10277 0.19053 -0.38355
v 0.08724 0.23413 -0.32560
v 0.06805 0.23413 -0.25396
v 0.05252 0.19053 -0.19600
v 0.04659 0.12000 -0.17387
v 0.05252 0.04947 -0.19600
v 0.06805 0.00587 -0.25396
v 0.08724 0.00587 -0.32560
v 0.10277 0.04947 -0.38355
v 0.10870 0.12000 -0.40569
v 0.21000 0.12000 -0.36373
v 0.19854 0.19053 -0.34388
v 0.16854 0.23413 -0.29192
v 0.13146 0.23413 -0.22769
v 0.10146 0.19053 -0.17573
v 0.09000 0.12000 -0.15588
v 0.10146 0.04947 -0.17573
v 0.13146 0.00587 -0.22769
v 0.16854 0.00587 -0.29192
v 0.19854 0.04947 -0.34388
v 0.21000 0.12000 -0.36373
v 0.29698 0.12000 -0.29698
v 0.28078 0.19053 -0.28078
v 0.23835 0.23413 -0.23835
v 0.18591 0.23413 -0.18591
v 0.14348 0.19053 -0.14348
v 0.12728 0.12000 -0.12728
v 0.14348 0.04947 -0.14348
v 0.18591 0.00587 -0.18591
v 0.23835 0.00587 -0.23835
v 0.28078 0.04947 -0.28078
v 0.29698 0.12000 -0.29698
v 0.36373 0.12000 -0.21000
v 0.34388 0.19053 -0.19854
v 0.29192 0.23413 -0.16854
v 0.22769 0.23413 -0.13146
v 0.17573 0.19053 -0.10146
v 0.15588 0.12000 -0.09000
v 0.17573 0.04947 -0.10146
v 0.22769 0.00587 -0.13146
v 0.29192 0.00587 -0.16854
v 0.34388 0.04947 -0.19854
v 0.36373 0.12000 -0.21000
v 0.40569 0.12000 -0.10870
v 0.38355 0.19053 -0.10277
v 0.32560 0.23413 -0.08724
v 0.25396 0.23413 -0.06805
v 0.19600 0.19053 -0.05252
v 0.17387 0.12000 -0.04659
v 0.19600 0.04947 -0.05252
v 0.25396 0.00587 -0.06805
v 0.32560 0.00587 -0.08724
v 0.38355 0.04947 -0.10277
v 0.40569 0.12000 -0.10870
v 0.42000 0.12000 -0.00000
v 0.39708 0.19053 -0.00000
v 0.33708 0.23413 -0.00000
v 0.26292 0.23413 -0.00000
v 0.20292 0.19053 -0.00000
v 0.18000 0.12000 -0.00000
v 0.20292 0.04947 -0.00000
v 0.26292 0.00587 -0.00000
v 0.33708 0.00587 -0.00000
v 0.39708 0.04947 -0.00000
v 0.42000 0.12000 -0.00000
v 0.45000 0.35000 0.02000
v 0.42708 0.42053 0.02000
v 0.36708 0.46413 0.02000
v 0.29292 0.46413 0.02000
v 0.23292 0.42053 0.02000
v 0.21000 0.35000 0.02000
v 0.23292 0.27947 0.02000
v 0.29292 0.23587 0.02000
v 0.36708 0.23587 0.02000
v 0.42708 0.27947 0.02000
v 0.45000 0.35000 0.02000
v 0.43569 0.35000 0.12870
v 0.41355 0.42053 0.12277
v 0.35560 0.46413 0.10724
v 0.28396 0.46413 0.08805
v 0.22600 0.42053 0.07252
v 0.20387 0.35000 0.06659
v 0.22600 0.27947 0.07252
v 0.28396 0.23587 0.08805
v 0.35560 0.23587 0.10724
v 0.41355 0.27947 0.12277
v 0.43569 0.35000 0.12870
v 0.39373 0.35000 0.23000
v 0.37388 0.42053 0.21854
v 0.32192 0.46413 0.18854
v 0.25769 0.46413 0.15146
v 0.20573 0.42053 0.12146
v 0.18588 0.35000 0.11000
v 0.20573 0.27947 0.12146
v 0.25769 0.23587 0.15146
v 0.32192 0.23587 0.18854
v 0.37388 0.27947 0.21854
v 0.39373 0.35000 0.23000
v 0.32698 0.35000 0.31698
v 0.31078 0.42053 0.30078
v 0.26835 0.46413 0.25835
v 0.21591 0.46413 0.20591
v 0.17348 0.42053 0.16348
v 0.15728 0.35000 0.14728
v 0.17348 0.27947 0.16348
v 0.21591 0.23587 0.20591
v 0.26835 0.23587 0.25835
v 0.31078 0.27947 0.30078
v 0.32698 0.35000 0.31698
v 0.24000 0.35000 0.38373
v 0.22854 0.42053 0.36388
v 0.19854 0.46413 0.31192
v 0.16146 0.46413 0.24769
v 0.13146 0.42053 0.19573
v 0.12000 0.35000 0.17588
v 0.13146 0.27947 0.19573
v 0.16146 0.23587 0.24769
v 0.19854 0.23587 0.31192
v 0.22854 0.27947 0.36388
v 0.24000 0.35000 0.38373
v 0.13870 0.35000 0.42569
v 0.13277 0.42053 0.40355
v 0.11724 0.46413 0.34560
v 0.09805 0.46413 0.27396
v 0.08252 0.42053 0.21600
v 0.07659 0.35000 0.19387
v 0.08252 0.27947 0.21600
v 0.09805 0.23587 0.27396
v 0.11724 0.23587 0.34560
v 0.13277 0.27947 0.40355
v 0.13870 0.35000 0.42569
v 0.03000 0.35000 0.44000
v 0.03000 0.42053 0.41708
v 0.03000 0.46413 0.35708
v 0.03000 0.46413 0.28292
v 0.03000 0.42053 0.22292
v 0.03000 0.35000 0.20000
v 0.03000 0.27947 0.22292
v 0.03000 0.23587 0.28292
v 0.03000 0.23587 0.35708
v 0.03000 0.27947 0.41708
v 0.03000 0.35000 0.44000
v -0.07870 0.35000 0.42569
v -0.07277 0.42053 0.40355
v -0.05724 0.46413 0.34560
v -0.03805 0.46413 0.27396
v -0.02252 0.42053 0.21600
v -0.01659 0.35000 0.19387
v -0.02252 0.27947 0.21600
v -0.03805 0.23587 0.27396
v -0.05724 0.23587 0.34560
v -0.07277 0.27947 0.40355
v -0.07870 0.35000 0.42569
v -0.18000 0.35000 0.38373
v -0.16854 0.42053 0.36388
v -0.13854 0.46413 0.31192
v -0.10146 0.46413 0.24769
v -0.07146 0.42053 0.19573
v -0.06000 0.35000 0.17588
v -0.07146 0.27947 0.19573
v -0.10146 0.23587 0.24769
v -0.13854 0.23587 0.31192
v -0.16854 0.27947 0.36388
v -0.18000 0.35000 0.38373
v -0.26698 0.35000 0.31698
v -0.25078 0.42053 0.30078
v -0.20835 0.46413 0.25835
v -0.15591 0.46413 0.20591
v -0.11348 0.42053 0.16348
v -0.09728 0.35000 0.14728
v -0.11348 0.27947 0.16348
v -0.15591 0.23587 0.20591
v -0.20835 0.23587 0.25835
v -0.25078 0.27947 0.30078
v -0.26698 0.35000 0.31698
v -0.33373 0.35000 0.23000
v -0.31388 0.42053 0.21854
v -0.26192 0.46413 0.18854
v -0.19769 0.46413 0.15146
v -0.14573 0.42053 0.12146
v -0.12588 0.35000 0.11000
v -0.14573 0.27947 0.12146
v -0.19769 0.23587 0.15146
v -0.26192 0.23587 0.18854
v -0.31388 0.27947 0.21854
v -0.33373 0.35000 0.23000
v -0.37569 0.35000 0.12870
v -0.35355 0.42053 0.12277
v -0.29560 0.46413 0.10724
v -0.22396 0.46413 0.08805
v -0.16600 0.42053 0.07252
v -0.14387 0.35000 0.06659
v -0.16600 0.27947 0.07252
v -0.22396 0.23587 0.08805
v -0.29560 0.23587 0.10724
v -0.35355 0.27947 0.12277
v -0.37569 0.35000 0.12870
v -0.39000 0.35000 0.02000
v -0.36708 0.42053 0.02000
v -0.30708 0.46413 0.02000
v -0.23292 0.46413 0.02000
v -0.17292 0.42053 0.02000
v -0.15000 0.35000 0.02000
v -0.17292 0.27947 0.02000
v -0.23292 0.23587 0.02000
v -0.30708 0.23587 0.02000
v -0.36708 0.27947 0.02000
v -0.39000 0.35000 0.02000
v -0.37569 0.35000 -0.08870
v -0.35355 0.42053 -0.08277
v -0.29560 0.46413 -0.06724
v -0.22396 0.46413 -0.04805
v -0.16600 0.42053 -0.03252
v -0.14387 0.35000 -0.02659
v -0.16600 0.27947 -0.03252
v -0.22396 0.23587 -0.04805
v -0.29560 0.23587 -0.06724
v -0.35355 0.27947 -0.08277
v -0.37569 0.35000 -0.08870
v -0.33373 0.35000 -0.19000
v -0.31388 0.42053 -0.17854
v -0.26192 0.46413 -0.14854
v -0.19769 0.46413 -0.11146
v -0.14573 0.42053 -0.08146
v -0.12588 0.35000 -0.07000
v -0.14573 0.27947 -0.08146
v -0.19769 0.23587 -0.11146
v -0.26192 0.23587 -0.14854
v -0.31388 0.27947 -0.17854
v -0.33373 0.35000 -0.19000
v -0.26698 0.35000 -0.27698
v -0.25078 0.42053 -0.26078
v -0.20835 0.46413 -0.21835
v -0.15591 0.46413 -0.16591
v -0.11348 0.42053 -0.12348
v -0.09728 0.35000 -0.10728
v -0.11348 0.27947 -0.12348
v -0.15591 0.23587 -0.16591
v -0.20835 0.23587 -0.21835
v -0.25078 0.27947 -0.26078
v -0.26698 0.35000 -0.27698
v -0.18000 0.35000 -0.34373
v -0.16854 0.42053 -0.32388
v -0.13854 0.46413 -0.27192
v -0.10146 0.46413 -0.20769
v -0.07146 0.42053 -0.15573
v -0.06000 0.35000 -0.13588
v -0.07146 0.27947 -0.15573
v -0.10146 0.23587 -0.20769
v -0.13854 0.23587 -0.27192
v -0.16854 0.27947 -0.32388
v -0.18000 0.35000 -0.34373
v -0.07870 0.35000 -0.38569
v -0.07277 0.42053 -0.36355
v -0.05724 0.46413 -0.30560
v -0.03805 0.46413 -0.23396
v -0.02252 0.42053 -0.17600
v -0.01659 0.35000 -0.15387
v -0.02252 0.27947 -0.17600
v -0.03805 0.23587 -0.23396
v -0.05724 0.23587 -0.30560
v -0.07277 0.27947 -0.36355
v -0.07870 0.35000 -0.38569
v 0.03000 0.35000 -0.40000
v 0.03000 0.42053 -0.37708
v 0.03000 0.46413 -0.31708
v 0.03000 0.46413 -0.24292
v 0.03000 0.42053 -0.18292
v 0.03000 0.35000 -0.16000
v 0.03000 0.27947 -0.18292
v 0.03000 0.23587 -0.24292
v 0.03000 0.23587 -0.31708
v 0.03000 0.27947 -0.37708
v 0.03000 0.35000 -0.40000
v 0.13870 0.35000 -0.38569
v 0.13277 0.42053 -0.36355
v 0.11724 0.46413 -0.30560
v 0.09805 0.46413 -0.23396
v 0.08252 0.42053 -0.17600
v 0.07659 0.35000 -0.15387
v 0.08252 0.27947 -0.17600
v 0.09805 0.23587 -0.23396
v 0.11724 0.23587 -0.30560
v 0.13277 0.27947 -0.36355
v 0.13870 0.35000 -0.38569
v 0.24000 0.35000 -0.34373
v 0.22854 0.42053 -0.32388
v 0.19854 0.46413 -0.27192
v 0.16146 0.46413 -0.20769
v 0.13146 0.42053 -0.15573
v 0.12000 0.35000 -0.13588
v 0.13146 0.27947 -0.15573
v 0.16146 0.23587 -0.20769
v 0.19854 0.23587 -0.27192
v 0.22854 0.27947 -0.32388
v 0.24000 0.35000 -0.34373
v 0.32698 0.35000 -0.27698
v 0.31078 0.42053 -0.26078
v 0.26835 0.46413 -0.21835
v 0.21591 0.46413 -0.16591
v 0.17348 0.42053 -0.12348
v 0.15728 0.35000 -0.10728
v 0.17348 0.27947 -0.12348
v 0.21591 0.23587 -0.16591
v 0.26835 0.23587 -0.21835
v 0.31078 0.27947 -0.26078
v 0.32698 0.35000 -0.27698
v 0.39373 0.35000 -0.19000
v 0.37388 0.42053 -0.17854
v 0.32192 0.46413 -0.14854
v 0.25769 0.46413 -0.11146
v 0.20573 0.42053 -0.08146
v 0.18588 0.35000 -0.07000
v 0.20573 0.27947 -0.08146
v 0.25769 0.23587 -0.11146
v 0.32192 0.23587 -0.14854
v 0.37388 0.27947 -0.17854
v 0.39373 0.35000 -0.19000
v 0.43569 0.35000 -0.08870
v 0.41355 0.42053 -0.08277
v 0.35560 0.46413 -0.06724
v 0.28396 0.46413 -0.04805
v 0.22600 0.42053 -0.03252
v 0.20387 0.35000 -0.02659
v 0.22600 0.27947 -0.03252
v 0.28396 0.23587 -0.04805
v 0.35560 0.23587 -0.06724
v 0.41355 0.27947 -0.08277
v 0.43569 0.35000 -0.08870
v 0.45000 0.35000 0.02000
v 0.42708 0.42053 0.02000
v 0.36708 0.46413 0.02000
v 0.29292 0.46413 0.02000
v 0.23292 0.42053 0.02000
v 0.21000 0.35000 0.02000
v 0.23292 0.27947 0.02000
v 0.29292 0.23587 0.02000
v 0.36708 0.23587 0.02000
v 0.42708 0.27947 0.02000
v 0.45000 0.35000 0.02000
v 0.44000 0.56000 0.03000
v 0.41899 0.62466 0.03000
v 0.36399 0.66462 0.03000
v 0.29601 0.66462 0.03000
v 0.24101 0.62466 0.03000
v 0.22000 0.56000 0.03000
v 0.24101 0.49534 0.03000
v 0.29601 0.45538 0.03000
v 0.36399 0.45538 0.03000
v 0.41899 0.49534 0.03000
v 0.44000 0.56000 0.03000
v 0.42671 0.56000 0.13094
v 0.40642 0.62466 0.12550
v 0.35329 0.66462 0.11127
v 0.28763 0.66462 0.09367
v 0.23450 0.62466 0.07944
v 0.21421 0.56000 0.07400
v 0.23450 0.49534 0.07944
v 0.28763 0.45538 0.09367
v 0.35329 0.45538 0.11127
v 0.40642 0.49534 0.12550
v 0.42671 0.56000 0.13094
v 0.38775 0.56000 0.22500
v 0.36956 0.62466 0.21450
v 0.32192 0.66462 0.18700
v 0.26305 0.66462 0.15300
v 0.21542 0.62466 0.12550
v 0.19722 0.56000 0.11500
v 0.21542 0.49534 0.12550
v 0.26305 0.45538 0.15300
v 0.32192 0.45538 0.18700
v 0.36956 0.49534 0.21450
v 0.38775 0.56000 0.22500
v 0.32577 0.56000 0.30577
v 0.31092 0.62466 0.29092
v 0.27203 0.66462 0.25203
v 0.22395 0.66462 0.20395
v 0.18506 0.62466 0.16506
v 0.17021 0.56000 0.15021
v 0.18506 0.49534 0.16506
v 0.22395 0.45538 0.20395
v 0.27203 0.45538 0.25203
v 0.31092 0.49534 0.29092
v 0.32577 0.56000 0.30577
v 0.24500 0.56000 0.36775
v 0.23450 0.62466 0.34956
v 0.20700 0.66462 0.30192
v 0.17300 0.66462 0.24305
v 0.14550 0.62466 0.19542
v 0.13500 0.56000 0.17722
v 0.14550 0.49534 0.19542
v 0.17300 0.45538 0.24305
v 0.20700 0.45538 0.30192
v 0.23450 0.49534 0.34956
v 0.24500 0.56000 0.36775
v 0.15094 0.56000 0.40671
v 0.14550 0.62466 0.38642
v 0.13127 0.66462 0.33329
v 0.11367 0.66462 0.26763
v 0.09944 0.62466 0.21450
v 0.09400 0.56000 0.19421
v 0.09944 0.49534 0.21450
v 0.11367 0.45538 0.26763
v 0.13127 0.45538 0.33329
v 0.14550 0.49534 0.38642
v 0.15094 0.56000 0.40671
v 0.05000 0.56000 0.42000
v 0.05000 0.62466 0.39899
v 0.05000 0.66462 0.34399
v 0.05000 0.66462 0.27601
v 0.05000 0.62466 0.22101
v 0.05000 0.56000 0.20000
v 0.05000 0.49534 0.22101
v 0.05000 0.45538 0.27601
v 0.05000 0.45538 0.34399
v 0.05000 0.49534 0.39899
v 0.05000 0.56000 0.42000
v -0.05094 0.56000 0.40671
v -0.04550 0.62466 0.38642
v -0.03127 0.66462 0.33329
v -0.01367 0.66462 0.26763
v 0.00056 0.62466 0.21450
v 0.00600 0.56000 0.19421
v 0.00056 0.49534 0.21450
v -0.01367 0.45538 0.26763
v -0.03127 0.45538 0.33329
v -0.04550 0.49534 0.38642
v -0.05094 0.56000 0.40671
v -0.14500 0.56000 0.36775
v -0.13450 0.62466 0.34956
v -0.10700 0.66462 0.30192
v -0.07300 0.66462 0.24305
v -0.04550 0.62466 0.19542
v -0.03500 0.56000 0.17722
v -0.04550 0.49534 0.19542
v -0.07300 0.45538 0.24305
v -0.10700 0.45538 0.30192
v -0.13450 0.49534 0.34956
v -0.14500 0.56000 0.36775
v -0.22577 0.56000 0.30577
v -0.21092 0.62466 0.29092
v -0.17203 0.66462 0.25203
v -0.12395 0.66462 0.20395
v -0.08506 0.62466 0.16506
v -0.07021 0.56000 0.15021
v -0.08506 0.49534 0.16506
v -0.12395 0.45538 0.20395
v -0.17203 0.45538 0.25203
v -0.21092 0.49534 0.29092
v -0.22577 0.56000 0.30577
v -0.28775 0.56000 0.22500
v -0.26956 0.62466 0.21450
v -0.22192 0.66462 0.18700
v -0.16305 0.66462 0.15300
v -0.11542 0.62466 0.12550
v -0.09722 0.56000 0.11500
v -0.11542 0.49534 0.12550
v -0.16305 0.45538 0.15300
v -0.22192 0.45538 0.18700
v -0.26956 0.49534 0.21450
v -0.28775 0.56000 0.22500
v -0.32671 0.56000 0.13094
v -0.30642 0.62466 0.12550
v -0.25329 0.66462 0.11127
v -0.18763 0.66462 0.09367
v -0.13450 0.62466 0.07944
v -0.11421 0.56000 0.07400
v -0.13450 0.49534 0.07944
v -0.18763 0.45538 0.09367
v -0.25329 0.45538 0.11127
v -0.30642 0.49534 0.12550
v -0.32671 0.56000 0.13094
v -0.34000 0.56000 0.03000
v -0.31899 0.62466 0.03000
v -0.26399 0.66462 0.03000
v -0.19601 0.66462 0.03000
v -0.14101 0.62466 0.03000
v -0.12000 0.56000 0.03000
v -0.14101 0.49534 0.03000
v -0.19601 0.45538 0.03000
v -0.26399 0.45538 0.03000
v -0.31899 0.49534 0.03000
v -0.34000 0.56000 0.03000
v -0.32671 0.56000 -0.07094
v -0.30642 0.62466 -0.06550
v -0.25329 0.66462 -0.05127
v -0.18763 0.66462 -0.03367
v -0.13450 0.62466 -0.01944
v -0.11421 0.56000 -0.01400
v -0.13450 0.49534 -0.01944
v -0.18763 0.45538 -0.03367
v -0.25329 0.45538 -0.05127
v -0.30642 0.49534 -0.06550
v -0.32671 0.56000 -0.07094
v -0.28775 0.56000 -0.16500
v -0.26956 0.62466 -0.15450
v -0.22192 0.66462 -0.12700
v -0.16305 0.66462 -0.09300
v -0.11542 0.62466 -0.06550
v -0.09722 0.56000 -0.05500
v -0.11542 0.49534 -0.06550
v -0.16305 0.45538 -0.09300
v -0.22192 0.45538 -0.12700
v -0.26956 0.49534 -0.15450
v -0.28775 0.56000 -0.16500
v -0.22577 0.56000 -0.24577
v -0.21092 0.62466 -0.23092
v -0.17203 0.66462 -0.19203
v -0.12395 0.66462 -0.14395
v -0.08506 0.62466 -0.10506
v -0.07021 0.56000 -0.09021
v -0.08506 0.49534 -0.10506
v -0.12395 0.45538 -0.14395
v -0.17203 0.45538 -0.19203
v -0.21092 0.49534 -0.23092
v -0.22577 0.56000 -0.24577
v -0.14500 0.56000 -0.30775
v -0.13450 0.62466 -0.28956
v -0.10700 0.66462 -0.24192
v -0.07300 0.66462 -0.18305
v -0.04550 0.62466 -0.13542
v -0.03500 0.56000 -0.11722
v -0.04550 0.49534 -0.13542
v -0.07300 0.45538 -0.18305
v -0.10700 0.45538 -0.24192
v -0.13450 0.49534 -0.28956
v -0.14500 0.56000 -0.30775
v -0.05094 0.56000 -0.34671
v -0.04550 0.62466 -0.32642
v -0.03127 0.66462 -0.27329
v -0.01367 0.66462 -0.20763
v 0.00056 0.62466 -0.15450
v 0.00600 0.56000 -0.13421
v 0.00056 0.49534 -0.15450
v -0.01367 0.45538 -0.20763
v -0.03127 0.45538 -0.27329
v -0.04550 0.49534 -0.32642
v -0.05094 0.56000 -0.34671
v 0.05000 0.56000 -0.36000
v 0.05000 0.62466 -0.33899
v 0.05000 0.66462 -0.28399
v 0.05000 0.66462 -0.21601
v 0.05000 0.62466 -0.16101
v 0.05000 0.56000 -0.14000
v 0.05000 0.49534 -0.16101
v 0.05000 0.45538 -0.21601
v 0.05000 0.45538 -0.28399
v 0.05000 0.49534 -0.33899
v 0.05000 0.56000 -0.36000
v 0.15094 0.56000 -0.34671
v 0.14550 0.62466 -0.32642
v 0.13127 0.66462 -0.27329
v 0.11367 0.66462 -0.20763
v 0.09944 0.62466 -0.15450
v 0.09400 0.56000 -0.13421
v 0.09944 0.49534 -0.15450
v 0.11367 0.45538 -0.20763
v 0.13127 0.45538 -0.27329
v 0.14550 0.49534 -0.32642
v 0.15094 0.56000 -0.34671
v 0.24500 0.56000 -0.30775
v 0.23450 0.62466 -0.28956
v 0.20700 0.66462 -0.24192
v 0.17300 0.66462 -0.18305
v 0.14550 0.62466 -0.13542
v 0.13500 0.56000 -0.11722
v 0.14550 0.49534 -0.13542
v 0.17300 0.45538 -0.18305
v 0.20700 0.45538 -0.24192
v 0.23450 0.49534 -0.28956
v 0.24500 0.56000 -0.30775
v 0.32577 0.56000 -0.24577
v 0.31092 0.62466 -0.23092
v 0.27203 0.66462 -0.19203
v 0.22395 0.66462 -0.14395
v 0.18506 0.62466 -0.10506
v 0.17021 0.56000 -0.09021
v 0.18506 0.49534 -0.10506
v 0.22395 0.45538 -0.14395
v 0.27203 0.45538 -0.19203
v 0.31092 0.49534 -0.23092
v 0.32577 0.56000 -0.24577
v 0.38775 0.56000 -0.16500
v 0.36956 0.62466 -0.15450
v 0.32192 0.66462 -0.12700
v 0.26305 0.66462 -0.09300
v 0.21542 0.62466 -0.06550
v 0.19722 0.56000 -0.05500
v 0.21542 0.49534 -0.06550
v 0.26305 0.45538 -0.09300
v 0.32192 0.45538 -0.12700
v 0.36956 0.49534 -0.15450
v 0.38775 0.56000 -0.16500
v 0.42671 0.56000 -0.07094
v 0.40642 0.62466 -0.06550
v 0.35329 0.66462 -0.05127
v 0.28763 0.66462 -0.03367
v 0.23450 0.62466 -0.01944
v 0.21421 0.56000 -0.01400
v 0.23450 0.49534 -0.01944
v 0.28763 0.45538 -0.03367
v 0.35329 0.45538 -0.05127
v 0.40642 0.49534 -0.06550
v 0.42671 0.56000 -0.07094
v 0.44000 0.56000 0.03000
v 0.41899 0.62466 0.03000
v 0.36399 0.66462 0.03000
v 0.29601 0.66462 0.03000
v 0.24101 0.62466 0.03000
v 0.22000 0.56000 0.03000
v 0.24101 0.49534 0.03000
v 0.29601 0.45538 0.03000
v 0.36399 0.45538 0.03000
v 0.41899 0.49534 0.03000
v 0.44000 0.56000 0.03000
vt 0.00000 0.00000
vt 0.00000 0.10000
vt 0.00000 0.20000
vt 0.00000 0.30000
vt 0.00000 0.40000
vt 0.00000 0.50000
vt 0.00000 0.60000
vt 0.00000 0.70000
vt 0.00000 0.80000
vt 0.00000 0.90000
vt 0.00000 1.00000
vt 0.04167 0.00000
vt 0.04167 0.10000
vt 0.04167 0.20000
vt 0.04167 0.30000
vt 0.04167 0.40000
vt 0.04167 0.50000
vt 0.04167 0.60000
vt 0.04167 0.70000
vt 0.04167 0.80000
vt 0.04167 0.90000
vt 0.04167 1.00000
vt 0.08333 0.00000
vt 0.08333 0.10000
vt 0.08333 0.20000
vt 0.08333 0.30000
vt 0.08333 0.40000
vt 0.08333 0.50000
vt 0.08333 0.60000
vt 0.08333 0.70000
vt 0.08333 0.80000
vt 0.08333 0.90000
vt 0.08333 1.00000
vt 0.12500 0.00000
vt 0.12500 0.10000
vt 0.12500 0.20000
vt 0.12500 0.30000
vt 0.12500 0.40000
vt 0.12500 0.50000
vt 0.12500 0.60000
vt 0.12500 0.70000
vt 0.12500 0.80000
vt 0.12500 0.90000
vt 0.12500 1.00000
vt 0.16667 0.00000
vt 0.16667 0.10000
vt 0.16667 0.20000
vt 0.16667 0.30000
vt 0.16667 0.40000
vt 0.16667 0.50000
vt 0.16667 0.60000
vt 0.16667 0.70000
vt 0.16667 0.80000
vt 0.16667 0.90000
vt 0.16667 1.00000
vt 0.20833 0.00000
vt 0.20833 0.10000
vt 0.20833 0.20000
vt 0.20833 0.30000
vt 0.20833 0.40000
vt 0.20833 0.50000
vt 0.20833 0.60000
vt 0.20833 0.70000
vt 0.20833 0.80000
vt 0.20833 0.90000
vt 0.20833 1.00000
vt 0.25000 0.00000
vt 0.25000 0.10000
vt 0.25000 0.20000
vt 0.25000 0.30000
vt 0.25000 0.40000
vt 0.25000 0.50000
vt 0.25000 0.60000
vt 0.25000 0.70000
vt 0.25000 0.80000
vt 0.25000 0.90000
vt 0.25000 1.00000
vt 0.29167 0.00000
vt 0.29167 0.10000
vt 0.29167 0.20000
vt 0.29167 0.30000
vt 0.29167 0.40000
vt 0.29167 0.50000
vt 0.29167 0.60000
vt 0.29167 0.70000
vt 0.29167 0.80000
vt 0.29167 0.90000
vt 0.29167 1.00000
vt 0.33333 0.00000
vt 0.33333 0.10000
vt 0.33333 0.20000
vt 0.33333 0.30000
vt 0.33333 0.40000
vt 0.33333 0.50000
vt 0.33333 0.60000
vt 0.33333 0.70000
vt 0.33333 0.80000
vt 0.33333 0.90000
vt 0.33333 1.00000
vt 0.37500 0.00000
vt 0.37500 0.10000
vt 0.37500 0.20000
vt 0.37500 0.30000
vt 0.37500 0.40000
vt 0.37500 0.50000
vt 0.37500 0.60000
vt 0.37500 0.70000
vt 0.37500 0.80000
vt 0.37500 0.90000
vt 0.37500 1.00000
vt 0.41667 0.00000
vt 0.41667 0.10000
vt 0.41667 0.20000
vt 0.41667 0.30000
vt 0.41667 0.40000
vt 0.41667 0.50000
vt 0.41667 0.60000
vt 0.41667 0.70000
vt 0.41667 0.80000
vt 0.41667 0.90000
vt 0.41667 1.00000
vt 0.45833 0.00000
vt 0.45833 0.10000
vt 0.45833 0.20000
vt 0.45833 0.30000
vt 0.45833 0.40000
vt 0.45833 0.50000
vt 0.45833 0.60000
vt 0.45833 0.70000
vt 0.45833 0.80000
vt 0.45833 0.90000
vt 0.45833 1.00000
vt 0.50000 0.00000
vt 0.50000 0.10000
vt 0.50000 0.20000
vt 0.50000 0.30000
vt 0.50000 0.40000
vt 0.50000 0.50000
vt 0.50000 0.60000
vt 0.50000 0.70000
vt 0.50000 0.80000
vt 0.50000 0.90000
vt 0.50000 1.00000
vt 0.54167 0.00000
vt 0.54167 0.10000
vt 0.54167 0.20000
vt 0.54167 0.30000
vt 0.54167 0.40000
vt 0.54167 0.50000
vt 0.54167 0.60000
vt 0.54167 0.70000
vt 0.54167 0.80000
vt 0.54167 0.90000
vt 0.54167 1.00000
vt 0.58333 0.00000
vt 0.58333 0.10000
vt 0.58333 0.20000
vt 0.58333 0.30000
vt 0.58333 0.40000
vt 0.58333 0.50000
vt 0.58333 0.60000
vt 0.58333 0.70000
vt 0.58333 0.80000
vt 0.58333 0.90000
vt 0.58333 1.00000
vt 0.62500 0.00000
vt 0.62500 0.10000
vt 0.62500 0.20000
vt 0.62500 0.30000
vt 0.62500 0.40000
vt 0.62500 0.50000
vt 0.62500 0.60000
vt 0.62500 0.70000
vt 0.62500 0.80000
vt 0.62500 0.90000
vt 0.62500 1.00000
vt 0.66667 0.00000
vt 0.66667 0.10000
vt 0.66667 0.20000
vt 0.66667 0.30000
vt 0.66667 0.40000
vt 0.66667 0.50000
vt 0.66667 0.60000
vt 0.66667 0.70000
vt 0.66667 0.80000
vt 0.66667 0.90000
vt 0.66667 1.00000
vt 0.70833 0.00000
vt 0.70833 0.10000
vt 0.70833 0.20000
vt 0.70833 0.30000
vt 0.70833 0.40000
vt 0.70833 0.50000
vt 0.70833 0.60000
vt 0.70833 0.70000
vt 0.70833 0.80000
vt 0.70833 0.90000
vt 0.70833 1.00000
vt 0.75000 0.00000
vt 0.75000 0.10000
vt 0.75000 0.20000
vt 0.75000 0.30000
vt 0.75000 0.40000
vt 0.75000 0.50000
vt 0.75000 0.60000
vt 0.75000 0.70000
vt 0.75000 0.80000
vt 0.75000 0.90000
vt 0.75000 1.00000
vt 0.79167 0.00000
vt 0.79167 0.10000
vt 0.79167 0.20000
vt 0.79167 0.30000
vt 0.79167 0.40000
vt 0.79167 0.50000
vt 0.79167 0.60000
vt 0.79167 0.70000
vt 0.79167 0.80000
vt 0.79167 0.90000
vt 0.79167 1.00000
vt 0.83333 0.00000
vt 0.83333 0.10000
vt 0.83333 0.20000
vt 0.83333 0.30000
vt 0.83333 0.40000
vt 0.83333 0.50000
vt 0.83333 0.60000
vt 0.83333 0.70000
vt 0.83333 0.80000
vt 0.83333 0.90000
vt 0.83333 1.00000
vt 0.87500 0.00000
vt 0.87500 0.10000
vt 0.87500 0.20000
vt 0.87500 0.30000
vt 0.87500 0.40000
vt 0.87500 0.50000
vt 0.87500 0.60000
vt 0.87500 0.70000
vt 0.87500 0.80000
vt 0.87500 0.90000
vt 0.87500 1.00000
vt 0.91667 0.00000
vt 0.91667 0.10000
vt 0.91667 0.20000
vt 0.91667 0.30000
vt 0.91667 0.40000
vt 0.91667 0.50000
vt 0.91667 0.60000
vt 0.91667 0.70000
vt 0.91667 0.80000
vt 0.91667 0.90000
vt 0.91667 1.00000
vt 0.95833 0.00000
vt 0.95833 0.10000
vt 0.95833 0.20000
vt 0.95833 0.30000
vt 0.95833 0.40000
vt 0.95833 0.50000
vt 0.95833 0.60000
vt 0.95833 0.70000
vt 0.95833 0.80000
vt 0.95833 0.90000
vt 0.95833 1.00000
vt 1.00000 0.00000
vt 1.00000 0.10000
vt 1.00000 0.20000
vt 1.00000 0.30000
vt 1.00000 0.40000
vt 1.00000 0.50000
vt 1.00000 0.60000
vt 1.00000 0.70000
vt 1.00000 0.80000
vt 1.00000 0.90000
vt 1.00000 1.00000
vt 0.00000 0.00000
vt 0.00000 0.10000
vt 0.00000 0.20000
vt 0.00000 0.30000
vt 0.00000 0.40000
vt 0.00000 0.50000
vt 0.00000 0.60000
vt 0.00000 0.70000
vt 0.00000 0.80000
vt 0.00000 0.90000
vt 0.00000 1.00000
vt 0.04167 0.00000
vt 0.04167 0.10000
vt 0.04167 0.20000
vt 0.04167 0.30000
vt 0.04167 0.40000
vt 0.04167 0.50000
vt 0.04167 0.60000
vt 0.04167 0.70000
vt 0.04167 0.80000
vt 0.04167 0.90000
vt 0.04167 1.00000
vt 0.08333 0.00000
vt 0.08333 0.10000
vt 0.08333 0.20000
vt 0.08333 0.30000
vt 0.08333 0.40000
vt 0.08333 0.50000
vt 0.08333 0.60000
vt 0.08333 0.70000
vt 0.08333 0.80000
vt 0.08333 0.90000
vt 0.08333 1.00000
vt 0.12500 0.00000
vt 0.12500 0.10000
vt 0.12500 0.20000
vt 0.12500 0.30000
vt 0.12500 0.40000
vt 0.12500 0.50000
vt 0.12500 0.60000
vt 0.12500 0.70000
vt 0.12500 0.80000
vt 0.12500 0.90000
vt 0.12500 1.00000
vt 0.16667 0.00000
vt 0.16667 0.10000
vt 0.16667 0.20000
vt 0.16667 0.30000
vt 0.16667 0.40000
vt 0.16667 0.50000
vt 0.16667 0.60000
vt 0.16667 0.70000
vt 0.16667 0.80000
vt 0.16667 0.90000
vt 0.16667 1.00000
vt 0.20833 0.00000
vt 0.20833 0.10000
vt 0.20833 0.20000
vt 0.20833 0.30000
vt 0.20833 0.40000
vt 0.20833 0.50000
vt 0.20833 0.60000
vt 0.20833 0.70000
vt 0.20833 0.80000
vt 0.20833 0.90000
vt 0.20833 1.00000
vt 0.25000 0.00000
vt 0.25000 0.10000
vt 0.25000 0.20000
vt 0.25000 0.30000
vt 0.25000 0.40000
vt 0.25000 0.50000
vt 0.25000 0.60000
vt 0.25000 0.70000
vt 0.25000 0.80000
vt 0.25000 0.90000
vt 0.25000 1.00000
vt 0.29167 0.00000
vt 0.29167 0.10000
vt 0.29167 0.20000
vt 0.29167 0.30000
vt 0.29167 0.40000
vt 0.29167 0.50000
vt 0.29167 0.60000
vt 0.29167 0.70000
vt 0.29167 0.80000
vt 0.29167 0.90000
vt 0.29167 1.00000
vt 0.33333 0.00000
vt 0.33333 0.10000
vt 0.33333 0.20000
vt 0.33333 0.30000
vt 0.33333 0.40000
vt 0.33333 0.50000
vt 0.33333 0.60000
vt 0.33333 0.70000
vt 0.33333 0.80000
vt 0.33333 0.90000
vt 0.33333 1.00000
vt 0.37500 0.00000
vt 0.37500 0.10000
vt 0.37500 0.20000
vt 0.37500 0.30000
vt 0.37500 0.40000
vt 0.37500 0.50000
vt 0.37500 0.60000
vt 0.37500 0.70000
vt 0.37500 0.80000
vt 0.37500 0.90000
vt 0.37500 1.00000
vt 0.41667 0.00000
vt 0.41667 0.10000
vt 0.41667 0.20000
vt 0.41667 0.30000
vt 0.41667 0.40000
vt 0.41667 0.50000
vt 0.41667 0.60000
vt 0.41667 0.70000
vt 0.41667 0.80000
vt 0.41667 0.90000
vt 0.41667 1.00000
vt 0.45833 0.00000
vt 0.45833 0.10000
vt 0.45833 0.20000
vt 0.45833 0.30000
vt 0.45833 0.40000
vt 0.45833 0.50000
vt 0.45833 0.60000
vt 0.45833 0.70000
vt 0.45833 0.80000
vt 0.45833 0.90000
vt 0.45833 1.00000
vt 0.50000 0.00000
vt 0.50000 0.10000
vt 0.50000 0.20000
vt 0.50000 0.30000
vt 0.50000 0.40000
vt 0.50000 0.50000
vt 0.50000 0.60000
vt 0.50000 0.70000
vt 0.50000 0.80000
vt 0.50000 0.90000
vt 0.50000 1.00000
vt 0.54167 0.00000
vt 0.54167 0.10000
vt 0.54167 0.20000
vt 0.54167 0.30000
vt 0.54167 0.40000
vt 0.54167 0.50000
vt 0.54167 0.60000
vt 0.54167 0.70000
vt 0.54167 0.80000
vt 0.54167 0.90000
vt 0.54167 1.00000
vt 0.58333 0.00000
vt 0.58333 0.10000
vt 0.58333 0.20000
vt 0.58333 0.30000
vt 0.58333 0.40000
vt 0.58333 0.50000
vt 0.58333 0.60000
vt 0.58333 0.70000
vt 0.58333 0.80000
vt 0.58333 0.90000
vt 0.58333 1.00000
vt 0.62500 0.00000
vt 0.62500 0.10000
vt 0.62500 0.20000
vt 0.62500 0.30000
vt 0.62500 0.40000
vt 0.62500 0.50000
vt 0.62500 0.60000
vt 0.62500 0.70000
vt 0.62500 0.80000
vt 0.62500 0.90000
vt 0.62500 1.00000
vt 0.66667 0.00000
vt 0.66667 0.10000
vt 0.66667 0.20000
vt 0.66667 0.30000
vt 0.66667 0.40000
vt 0.66667 0.50000
vt 0.66667 0.60000
vt 0.66667 0.70000
vt 0.66667 0.80000
vt 0.66667 0.90000
vt 0.66667 1.00000
vt 0.70833 0.00000
vt 0.70833 0.10000
vt 0.70833 0.20000
vt 0.70833 0.30000
vt 0.70833 0.40000
vt 0.70833 0.50000
vt 0.70833 0.60000
vt 0.70833 0.70000
vt 0.70833 0.80000
vt 0.70833 0.90000
vt 0.70833 1.00000
vt 0.75000 0.00000
vt 0.75000 0.10000
vt 0.75000 0.20000
vt 0.75000 0.30000
vt 0.75000 0.40000
vt 0.75000 0.50000
vt 0.75000 0.60000
vt 0.75000 0.70000
vt 0.75000 0.80000
vt 0.75000 0.90000
vt 0.75000 1.00000
vt 0.79167 0.00000
vt 0.79167 0.10000
vt 0.79167 0.20000
vt 0.79167 0.30000
vt 0.79167 0.40000
vt 0.79167 0.50000
vt 0.79167 0.60000
vt 0.79167 0.70000
vt 0.79167 0.80000
vt 0.79167 0.90000
vt 0.79167 1.00000
vt 0.83333 0.00000
vt 0.83333 0.10000
vt 0.83333 0.20000
vt 0.83333 0.30000
vt 0.83333 0.40000
vt 0.83333 0.50000
vt 0.83333 0.60000
vt 0.83333 0.70000
vt 0.83333 0.80000
vt 0.83333 0.90000
vt 0.83333 1.00000
vt 0.87500 0.00000
vt 0.87500 0.10000
vt 0.87500 0.20000
vt 0.87500 0.30000
vt 0.87500 0.40000
vt 0.87500 0.50000
vt 0.87500 0.60000
vt 0.87500 0.70000
vt 0.87500 0.80000
vt 0.87500 0.90000
vt 0.87500 1.00000
vt 0.91667 0.00000
vt 0.91667 0.10000
vt 0.91667 0.20000
vt 0.91667 0.30000
vt 0.91667 0.40000
vt 0.91667 0.50000
vt 0.91667 0.60000
vt 0.91667 0.70000
vt 0.91667 0.80000
vt 0.91667 0.90000
vt 0.91667 1.00000
vt 0.95833 0.00000
vt 0.95833 0.10000
vt 0.95833 0.20000
vt 0.95833 0.30000
vt 0.95833 0.40000
vt 0.95833 0.50000
vt 0.95833 0.60000
vt 0.95833 0.70000
vt 0.95833 0.80000
vt 0.95833 0.90000
vt 0.95833 1.00000
vt 1.00000 0.00000
vt 1.00000 0.10000
vt 1.00000 0.20000
vt 1.00000 0.30000
vt 1.00000 0.40000
vt 1.00000 0.50000
vt 1.00000 0.60000
vt 1.00000 0.70000
vt 1.00000 0.80000
vt 1.00000 0.90000
vt 1.00000 1.00000
vt 0.00000 0.00000
vt 0.00000 0.10000
vt 0.00000 0.20000
vt 0.00000 0.30000
vt 0.00000 0.40000
vt 0.00000 0.50000
vt 0.00000 0.60000
vt 0.00000 0.70000
vt 0.00000 0.80000
vt 0.00000 0.90000
vt 0.00000 1.00000
vt 0.04167 0.00000
vt 0.04167 0.10000
vt 0.04167 0.20000
vt 0.04167 0.30000
vt 0.04167 0.40000
vt 0.04167 0.50000
vt 0.04167 0.60000
vt 0.04167 0.70000
vt 0.04167 0.80000
vt 0.04167 0.90000
vt 0.04167 1.00000
vt 0.08333 0.00000
vt 0.08333 0.10000
vt 0.08333 0.20000
vt 0.08333 0.30000
vt 0.08333 0.40000
vt 0.08333 0.50000
vt 0.08333 0.60000
vt 0.08333 0.70000
vt 0.08333 0.80000
vt 0.08333 0.90000
vt 0.08333 1.00000
vt 0.12500 0.00000
vt 0.12500 0.10000
vt 0.12500 0.20000
vt 0.12500 0.30000
vt 0.12500 0.40000
vt 0.12500 0.50000
vt 0.12500 0.60000
vt 0.12500 0.70000
vt 0.12500 0.80000
vt 0.12500 0.90000
vt 0.12500 1.00000
vt 0.16667 0.00000
vt 0.16667 0.10000
vt 0.16667 0.20000
vt 0.16667 0.30000
vt 0.16667 0.40000
vt 0.16667 0.50000
vt 0.16667 0.60000
vt 0.16667 0.70000
vt 0.16667 0.80000
vt 0.16667 0.90000
vt 0.16667 1.00000
vt 0.20833 0.00000
vt 0.20833 0.10000
vt 0.20833 0.20000
vt 0.20833 0.30000
vt 0.20833 0.40000
vt 0.20833 0.50000
vt 0.20833 0.60000
vt 0.20833 0.70000
vt 0.20833 0.80000
vt 0.20833 0.90000
vt 0.20833 1.00000
vt 0.25000 0.00000
vt 0.25000 0.10000
vt 0.25000 0.20000
vt 0.25000 0.30000
vt 0.25000 0.40000
vt 0.25000 0.50000
vt 0.25000 0.60000
vt 0.25000 0.70000
vt 0.25000 0.80000
vt 0.25000 0.90000
vt 0.25000 1.00000
vt 0.29167 0.00000
vt 0.29167 0.10000
vt 0.29167 0.20000
vt 0.29167 0.30000
vt 0.29167 0.40000
vt 0.29167 0.50000
vt 0.29167 0.60000
vt 0.29167 0.70000
vt 0.29167 0.80000
vt 0.29167 0.90000
vt 0.29167 1.00000
vt 0.33333 0.00000
vt 0.33333 0.10000
vt 0.33333 0.20000
vt 0.33333 0.30000
vt 0.33333 0.40000
vt 0.33333 0.50000
vt 0.33333 0.60000
vt 0.33333 0.70000
vt 0.33333 0.80000
vt 0.33333 0.90000
vt 0.33333 1.00000
vt 0.37500 0.00000
vt 0.37500 0.10000
vt 0.37500 0.20000
vt 0.37500 0.30000
vt 0.37500 0.40000
vt 0.37500 0.50000
vt 0.37500 0.60000
vt 0.37500 0.70000
vt 0.37500 0.80000
vt 0.37500 0.90000
vt 0.37500 1.00000
vt 0.41667 0.00000
vt 0.41667 0.10000
vt 0.41667 0.20000
vt 0.41667 0.30000
vt 0.41667 0.40000
vt 0.41667 0.50000
vt 0.41667 0.60000
vt 0.41667 0.70000
vt 0.41667 0.80000
vt 0.41667 0.90000
vt 0.41667 1.00000
vt 0.45833 0.00000
vt 0.45833 0.10000
vt 0.45833 0.20000
vt 0.45833 0.30000
vt 0.45833 0.40000
vt 0.45833 0.50000
vt 0.45833 0.60000
vt 0.45833 0.70000
vt 0.45833 0.80000
vt 0.45833 0.90000
vt 0.45833 1.00000
vt 0.50000 0.00000
vt 0.50000 0.10000
vt 0.50000 0.20000
vt 0.50000 0.30000
vt 0.50000 0.40000
vt 0.50000 0.50000
vt 0.50000 0.60000
vt 0.50000 0.70000
vt 0.50000 0.80000
vt 0.50000 0.90000
vt 0.50000 1.00000
vt 0.54167 0.00000
vt 0.54167 0.10000
vt 0.54167 0.20000
vt 0.54167 0.30000
vt 0.54167 0.40000
vt 0.54167 0.50000
vt 0.54167 0.60000
vt 0.54167 0.70000
vt 0.54167 0.80000
vt 0.54167 0.90000
vt 0.54167 1.00000
vt 0.58333 0.00000
vt 0.58333 0.10000
vt 0.58333 0.20000
vt 0.58333 0.30000
vt 0.58333 0.40000
vt 0.58333 0.50000
vt 0.58333 0.60000
vt 0.58333 0.70000
vt 0.58333 0.80000
vt 0.58333 0.90000
vt 0.58333 1.00000
vt 0.62500 0.00000
vt 0.62500 0.10000
vt 0.62500 0.20000
vt 0.62500 0.30000
vt 0.62500 0.40000
vt 0.62500 0.50000
vt 0.62500 0.60000
vt 0.62500 0.70000
vt 0.62500 0.80000
vt 0.62500 0.90000
vt 0.62500 1.00000
vt 0.66667 0.00000
vt 0.66667 0.10000
vt 0.66667 0.20000
vt 0.66667 0.30000
vt 0.66667 0.40000
vt 0.66667 0.50000
vt 0.66667 0.60000
vt 0.66667 0.70000
vt 0.66667 0.80000
vt 0.66667 0.90000
vt 0.66667 1.00000
vt 0.70833 0.00000
vt 0.70833 0.10000
vt 0.70833 0.20000
vt 0.70833 0.30000
vt 0.70833 0.40000
vt 0.70833 0.50000
vt 0.70833 0.60000
vt 0.70833 0.70000
vt 0.70833 0.80000
vt 0.70833 0.90000
vt 0.70833 1.00000
vt 0.75000 0.00000
vt 0.75000 0.10000
vt 0.75000 0.20000
vt 0.75000 0.30000
vt 0.75000 0.40000
vt 0.75000 0.50000
vt 0.75000 0.60000
vt 0.75000 0.70000
vt 0.75000 0.80000
vt 0.75000 0.90000
vt 0.75000 1.00000
vt 0.79167 0.00000
vt 0.79167 0.10000
vt 0.79167 0.20000
vt 0.79167 0.30000
vt 0.79167 0.40000
vt 0.79167 0.50000
vt 0.79167 0.60000
vt 0.79167 0.70000
vt 0.79167 0.80000
vt 0.79167 0.90000
vt 0.79167 1.00000
vt 0.83333 0.00000
vt 0.83333 0.10000
vt 0.83333 0.20000
vt 0.83333 0.30000
vt 0.83333 0.40000
vt 0.83333 0.50000
vt 0.83333 0.60000
vt 0.83333 0.70000
vt 0.83333 0.80000
vt 0.83333 0.90000
vt 0.83333 1.00000
vt 0.87500 0.00000
vt 0.87500 0.10000
vt 0.87500 0.20000
vt 0.87500 0.30000
vt 0.87500 0.40000
vt 0.87500 0.50000
vt 0.87500 0.60000
vt 0.87500 0.70000
vt 0.87500 0.80000
vt 0.87500 0.90000
vt 0.87500 1.00000
vt 0.91667 0.00000
vt 0.91667 0.10000
vt 0.91667 0.20000
vt 0.91667 0.30000
vt 0.91667 0.40000
vt 0.91667 0.50000
vt 0.91667 0.60000
vt 0.91667 0.70000
vt 0.91667 0.80000
vt 0.91667 0.90000
vt 0.91667 1.00000
vt 0.95833 0.00000
vt 0.95833 0.10000
vt 0.95833 0.20000
vt 0.95833 0.30000
vt 0.95833 0.40000
vt 0.95833 0.50000
vt 0.95833 0.60000
vt 0.95833 0.70000
vt 0.95833 0.80000
vt 0.95833 0.90000
vt 0.95833 1.00000
vt 1.00000 0.00000
vt 1.00000 0.10000
vt 1.00000 0.20000
vt 1.00000 0.30000
vt 1.00000 0.40000
vt 1.00000 0.50000
vt 1.00000 0.60000
vt 1.00000 0.70000
vt 1.00000 0.80000
vt 1.00000 0.90000
vt 1.00000 1.00000
vn -0.99999 -0.00314 -0.00314
vn -0.80901 -0.58778 -0.00254
vn -0.30902 -0.95106 -0.00097
vn 0.30902 -0.95106 0.00097
vn 0.80901 -0.58778 0.00254
vn 1.00000 0.00000 0.00314
vn 0.80901 0.58778 0.00254
vn 0.30902 0.95106 0.00097
vn -0.30902 0.95106 -0.00097
vn -0.80901 0.58778 -0.00254
vn -0.99999 0.00314 -0.00314
vn -0.96592 -0.00314 -0.25882
vn -0.78145 -0.58779 -0.20939
vn -0.29849 -0.95106 -0.07998
vn 0.29849 -0.95106 0.07998
vn 0.78145 -0.58779 0.20939
vn 0.96593 0.00000 0.25882
vn 0.78145 0.58779 0.20939
vn 0.29849 0.95106 0.07998
vn -0.29849 0.95106 -0.07998
vn -0.78145 0.58779 -0.20939
vn -0.96592 0.00314 -0.25882
vn -0.86602 -0.00314 -0.50000
vn -0.70063 -0.58779 -0.40451
vn -0.26762 -0.95106 -0.15451
vn 0.26762 -0.95106 0.15451
vn 0.70063 -0.58779 0.40451
vn 0.86603 0.00000 0.50000
vn 0.70063 0.58779 0.40451
vn 0.26762 0.95106 0.15451
vn -0.26762 0.95106 -0.15451
vn -0.70063 0.58779 -0.40451
vn -0.86602 0.00314 -0.50000
vn -0.70710 -0.00314 -0.70710
vn -0.57206 -0.58779 -0.57206
vn -0.21851 -0.95106 -0.21851
vn 0.21851 -0.95106 0.21851
vn 0.57206 -0.58779 0.57206
vn 0.70711 0.00000 0.70711
vn 0.57206 0.58779 0.57206
vn 0.21851 0.95106 0.21851
vn -0.21851 0.95106 -0.21851
vn -0.57206 0.58779 -0.57206
vn -0.70710 0.00314 -0.70710
vn -0.50000 -0.00314 -0.86602
vn -0.40451 -0.58779 -0.70063
vn -0.15451 -0.95106 -0.26762
vn 0.15451 -0.95106 0.26762
vn 0.40451 -0.58779 0.70063
vn 0.50000 0.00000 0.86603
vn 0.40451 0.58779 0.70063
vn 0.15451 0.95106 0.26762
vn -0.15451 0.95106 -0.26762
vn -0.40451 0.58779 -0.70063
vn -0.50000 0.00314 -0.86602
vn -0.25882 -0.00314 -0.96592
vn -0.20939 -0.58779 -0.78145
vn -0.07998 -0.95106 -0.29849
vn 0.07998 -0.95106 0.29849
vn 0.20939 -0.58779 0.78145
vn 0.25882 0.00000 0.96593
vn 0.20939 0.58779 0.78145
vn 0.07998 0.95106 0.29849
vn -0.07998 0.95106 -0.29849
vn -0.20939 0.58779 -0.78145
vn -0.25882 0.00314 -0.96592
vn -0.00000 -0.00314 -1.00000
vn -0.00000 -0.58779 -0.80902
vn -0.00000 -0.95106 -0.30902
vn 0.00000 -0.95106 0.30902
vn 0.00000 -0.58779 0.80902
vn 0.00000 0.00000 1.00000
vn 0.00000 0.58779 0.80902
vn 0.00000 0.95106 0.30902
vn 0.00000 0.95106 -0.30902
vn 0.00000 0.58779 -0.80902
vn 0.00000 0.00314 -1.00000
vn 0.25882 -0.00314 -0.96592
vn 0.20939 -0.58779 -0.78145
vn 0.07998 -0.95106 -0.29849
vn -0.07998 -0.95106 0.29849
vn -0.20939 -0.58779 0.78145
vn -0.25882 0.00000 0.96593
vn -0.20939 0.58779 0.78145
vn -0.07998 0.95106 0.29849
vn 0.07998 0.95106 -0.29849
vn 0.20939 0.58779 -0.78145
vn 0.25882 0.00314 -0.96592
vn 0.50000 -0.00314 -0.86602
vn 0.40451 -0.58779 -0.70063
vn 0.15451 -0.95106 -0.26762
vn -0.15451 -0.95106 0.26762
vn -0.40451 -0.58779 0.70063
vn -0.50000 0.00000 0.86603
vn -0.40451 0.58779 0.70063
vn -0.15451 0.95106 0.26762
vn 0.15451 0.95106 -0.26762
vn 0.40451 0.58779 -0.70063
vn 0.50000 0.00314 -0.86602
vn 0.70710 -0.00314 -0.70710
vn 0.57206 -0.58779 -0.57206
vn 0.21851 -0.95106 -0.21851
vn -0.21851 -0.95106 0.21851
vn -0.57206 -0.58779 0.57206
vn -0.70711 0.00000 0.70711
vn -0.57206 0.58779 0.57206
vn -0.21851 0.95106 0.21851
vn 0.21851 0.95106 -0.21851
vn 0.57206 0.58779 -0.57206
vn 0.70710 0.00314 -0.70710
vn 0.86602 -0.00314 -0.50000
vn 0.70063 -0.58779 -0.40451
vn 0.26762 -0.95106 -0.15451
vn -0.26762 -0.95106 0.15451
vn -0.70063 -0.58779 0.40451
vn -0.86603 0.00000 0.50000
vn -0.70063 0.58779 0.40451
vn -0.26762 0.95106 0.15451
vn 0.26762 0.95106 -0.15451
vn 0.70063 0.58779 -0.40451
vn 0.86602 0.00314 -0.50000
vn 0.96592 -0.00314 -0.25882
vn 0.78145 -0.58779 -0.20939
vn 0.29849 -0.95106 -0.07998
vn -0.29849 -0.95106 0.07998
vn -0.78145 -0.58779 0.20939
vn -0.96593 0.00000 0.25882
vn -0.78145 0.58779 0.20939
vn -0.29849 0.95106 0.07998
vn 0.29849 0.95106 -0.07998
vn 0.78145 0.58779 -0.20939
vn 0.96592 0.00314 -0.25882
vn 1.00000 -0.00314 0.00000
vn 0.80902 -0.58779 0.00000
vn 0.30902 -0.95106 0.00000
vn -0.30902 -0.95106 -0.00000
vn -0.80902 -0.58779 -0.00000
vn -1.00000 -0.00000 -0.00000
vn -0.80902 0.58779 0.00000
vn -0.30902 0.95106 0.00000
vn 0.30902 0.95106 0.00000
vn 0.80902 0.58779 0.00000
vn 1.00000 0.00314 0.00000
vn 0.96592 -0.00314 0.25882
vn 0.78145 -0.58779 0.20939
vn 0.29849 -0.95106 0.07998
vn -0.29849 -0.95106 -0.07998
vn -0.78145 -0.58779 -0.20939
vn -0.96593 -0.00000 -0.25882
vn -0.78145 0.58779 -0.20939
vn -0.29849 0.95106 -0.07998
vn 0.29849 0.95106 0.07998
vn 0.78145 0.58779 0.20939
vn 0.96592 0.00314 0.25882
vn 0.86602 -0.00314 0.50000
vn 0.70063 -0.58779 0.40451
vn 0.26762 -0.95106 0.15451
vn -0.26762 -0.95106 -0.15451
vn -0.70063 -0.58779 -0.40451
vn -0.86603 -0.00000 -0.50000
vn -0.70063 0.58779 -0.40451
vn -0.26762 0.95106 -0.15451
vn 0.26762 0.95106 0.15451
vn 0.70063 0.58779 0.40451
vn 0.86602 0.00314 0.50000
vn 0.70710 -0.00314 0.70710
vn 0.57206 -0.58779 0.57206
vn 0.21851 -0.95106 0.21851
vn -0.21851 -0.95106 -0.21851
vn -0.57206 -0.58779 -0.57206
vn -0.70711 -0.00000 -0.70711
vn -0.57206 0.58779 -0.57206
vn -0.21851 0.95106 -0.21851
vn 0.21851 0.95106 0.21851
vn 0.57206 0.58779 0.57206
vn 0.70710 0.00314 0.70710
vn 0.50000 -0.00314 0.86602
vn 0.40451 -0.58779 0.70063
vn 0.15451 -0.95106 0.26762
vn -0.15451 -0.95106 -0.26762
vn -0.40451 -0.58779 -0.70063
vn -0.50000 -0.00000 -0.86603
vn -0.40451 0.58779 -0.70063
vn -0.15451 0.95106 -0.26762
vn 0.15451 0.95106 0.26762
vn 0.40451 0.58779 0.70063
vn 0.50000 0.00314 0.86602
vn 0.25882 -0.00314 0.96592
vn 0.20939 -0.58779 0.78145
vn 0.07998 -0.95106 0.29849
vn -0.07998 -0.95106 -0.29849
vn -0.20939 -0.58779 -0.78145
vn -0.25882 -0.00000 -0.96593
vn -0.20939 0.58779 -0.78145
vn -0.07998 0.95106 -0.29849
vn 0.07998 0.95106 0.29849
vn 0.20939 0.58779 0.78145
vn 0.25882 0.00314 0.96592
vn 0.00000 -0.00314 1.00000
vn 0.00000 -0.58779 0.80902
vn 0.00000 -0.95106 0.30902
vn 0.00000 -0.95106 -0.30902
vn 0.00000 -0.58779 -0.80902
vn 0.00000 0.00000 -1.00000
vn 0.00000 0.58779 -0.80902
vn 0.00000 0.95106 -0.30902
vn -0.00000 0.95106 0.30902
vn -0.00000 0.58779 0.80902
vn -0.00000 0.00314 1.00000
vn -0.25882 -0.00314 0.96592
vn -0.20939 -0.58779 0.78145
vn -0.07998 -0.95106 0.29849
vn 0.07998 -0.95106 -0.29849
vn 0.20939 -0.58779 -0.78145
vn 0.25882 0.00000 -0.96593
vn 0.20939 0.58779 -0.78145
vn 0.07998 0.95106 -0.29849
vn -0.07998 0.95106 0.29849
vn -0.20939 0.58779 0.78145
vn -0.25882 0.00314 0.96592
vn -0.50000 -0.00314 0.86602
vn -0.40451 -0.58779 0.70063
vn -0.15451 -0.95106 0.26762
vn 0.15451 -0.95106 -0.26762
vn 0.40451 -0.58779 -0.70063
vn 0.50000 0.00000 -0.86603
vn 0.40451 0.58779 -0.70063
vn 0.15451 0.95106 -0.26762
vn -0.15451 0.95106 0.26762
vn -0.40451 0.58779 0.70063
vn -0.50000 0.00314 0.86602
vn -0.70710 -0.00314 0.70710
vn -0.57206 -0.58779 0.57206
vn -0.21851 -0.95106 0.21851
vn 0.21851 -0.95106 -0.21851
vn 0.57206 -0.58779 -0.57206
vn 0.70711 0.00000 -0.70711
vn 0.57206 0.58779 -0.57206
vn 0.21851 0.95106 -0.21851
vn -0.21851 0.95106 0.21851
vn -0.57206 0.58779 0.57206
vn -0.70710 0.00314 0.70710
vn -0.86602 -0.00314 0.50000
vn -0.70063 -0.58779 0.40451
vn -0.26762 -0.95106 0.15451
vn 0.26762 -0.95106 -0.15451
vn 0.70063 -0.58779 -0.40451
vn 0.86603 0.00000 -0.50000
vn 0.70063 0.58779 -0.40451
vn 0.26762 0.95106 -0.15451
vn -0.26762 0.95106 0.15451
vn -0.70063 0.58779 0.40451
vn -0.86602 0.00314 0.50000
vn -0.96592 -0.00314 0.25882
vn -0.78145 -0.58779 0.20939
vn -0.29849 -0.95106 0.07998
vn 0.29849 -0.95106 -0.07998
vn 0.78145 -0.58779 -0.20939
vn 0.96593 0.00000 -0.25882
vn 0.78145 0.58779 -0.20939
vn 0.29849 0.95106 -0.07998
vn -0.29849 0.95106 0.07998
vn -0.78145 0.58779 0.20939
vn -0.96592 0.00314 0.25882
vn -0.99999 -0.00314 0.00314
vn -0.80901 -0.58778 0.00254
vn -0.30902 -0.95106 0.00097
vn 0.30902 -0.95106 -0.00097
vn 0.80901 -0.58778 -0.00254
vn 1.00000 0.00000 -0.00314
vn 0.80901 0.58778 -0.00254
vn 0.30902 0.95106 -0.00097
vn -0.30902 0.95106 0.00097
vn -0.80901 0.58778 0.00254
vn -0.99999 0.00314 0.00314
vn -0.99999 -0.00314 -0.00314
vn -0.80901 -0.58778 -0.00254
vn -0.30902 -0.95106 -0.00097
vn 0.30902 -0.95106 0.00097
vn 0.80901 -0.58778 0.00254
vn 1.00000 0.00000 0.00314
vn 0.80901 0.58778 0.00254
vn 0.30902 0.95106 0.00097
vn -0.30902 0.95106 -0.00097
vn -0.80901 0.58778 -0.00254
vn -0.99999 0.00314 -0.00314
vn -0.96592 -0.00314 -0.25882
vn -0.78145 -0.58779 -0.20939
vn -0.29849 -0.95106 -0.07998
vn 0.29849 -0.95106 0.07998
vn 0.78145 -0.58779 0.20939
vn 0.96593 0.00000 0.25882
vn 0.78145 0.58779 0.20939
vn 0.29849 0.95106 0.07998
vn -0.29849 0.95106 -0.07998
vn -0.78145 0.58779 -0.20939
vn -0.96592 0.00314 -0.25882
vn -0.86602 -0.00314 -0.50000
vn -0.70063 -0.58779 -0.40451
vn -0.26762 -0.95106 -0.15451
vn 0.26762 -0.95106 0.15451
vn 0.70063 -0.58779 0.40451
vn 0.86603 0.00000 0.50000
vn 0.70063 0.58779 0.40451
vn 0.26762 0.95106 0.15451
vn -0.26762 0.95106 -0.15451
vn -0.70063 0.58779 -0.40451
vn -0.86602 0.00314 -0.50000
vn -0.70710 -0.00314 -0.70710
vn -0.57206 -0.58779 -0.57206
vn -0.21851 -0.95106 -0.21851
vn 0.21851 -0.95106 0.21851
vn 0.57206 -0.58779 0.57206
vn 0.70711 0.00000 0.70711
vn 0.57206 0.58779 0.57206
vn 0.21851 0.95106 0.21851
vn -0.21851 0.95106 -0.21851
vn -0.57206 0.58779 -0.57206
vn -0.70710 0.00314 -0.70710
vn -0.50000 -0.00314 -0.86602
vn -0.40451 -0.58779 -0.70063
vn -0.15451 -0.95106 -0.26762
vn 0.15451 -0.95106 0.26762
vn 0.40451 -0.58779 0.70063
vn 0.50000 0.00000 0.86603
vn 0.40451 0.58779 0.70063
vn 0.15451 0.95106 0.26762
vn -0.15451 0.95106 -0.26762
vn -0.40451 0.58779 -0.70063
vn -0.50000 0.00314 -0.86602
vn -0.25882 -0.00314 -0.96592
vn -0.20939 -0.58779 -0.78145
vn -0.07998 -0.95106 -0.29849
vn 0.07998 -0.95106 0.29849
vn 0.20939 -0.58779 0.78145
vn 0.25882 0.00000 0.96593
vn 0.20939 0.58779 0.78145
vn 0.07998 0.95106 0.29849
vn -0.07998 0.95106 -0.29849
vn -0.20939 0.58779 -0.78145
vn -0.25882 0.00314 -0.96592
vn -0.00000 -0.00314 -1.00000
vn -0.00000 -0.58779 -0.80902
vn -0.00000 -0.95106 -0.30902
vn 0.00000 -0.95106 0.30902
vn 0.00000 -0.58779 0.80902
vn 0.00000 0.00000 1.00000
vn 0.00000 0.58779 0.80902
vn 0.00000 0.95106 0.30902
vn 0.00000 0.95106 -0.30902
vn 0.00000 0.58779 -0.80902
vn 0.00000 0.00314 -1.00000
vn 0.25882 -0.00314 -0.96592
vn 0.20939 -0.58779 -0.78145
vn 0.07998 -0.95106 -0.29849
vn -0.07998 -0.95106 0.29849
vn -0.20939 -0.58779 0.78145
vn -0.25882 0.00000 0.96593
vn -0.20939 0.58779 0.78145
vn -0.07998 0.95106 0.29849
vn 0.07998 0.95106 -0.29849
vn 0.20939 0.58779 -0.78145
vn 0.25882 0.00314 -0.96592
vn 0.50000 -0.00314 -0.86602
vn 0.40451 -0.58779 -0.70063
vn 0.15451 -0.95106 -0.26762
vn -0.15451 -0.95106 0.26762
vn -0.40451 -0.58779 0.70063
vn -0.50000 0.00000 0.86603
vn -0.40451 0.58779 0.70063
vn -0.15451 0.95106 0.26762
vn 0.15451 0.95106 -0.26762
vn 0.40451 0.58779 -0.70063
vn 0.50000 0.00314 -0.86602
vn 0.70710 -0.00314 -0.70710
vn 0.57206 -0.58779 -0.57206
vn 0.21851 -0.95106 -0.21851
vn -0.21851 -0.95106 0.21851
vn -0.57206 -0.58779 0.57206
vn -0.70711 0.00000 0.70711
vn -0.57206 0.58779 0.57206
vn -0.21851 0.95106 0.21851
vn 0.21851 0.95106 -0.21851
vn 0.57206 0.58779 -0.57206
vn 0.70710 0.00314 -0.70710
vn 0.86602 -0.00314 -0.50000
vn 0.70063 -0.58779 -0.40451
vn 0.26762 -0.95106 -0.15451
vn -0.26762 -0.95106 0.15451
vn -0.70063 -0.58779 0.40451
vn -0.86603 0.00000 0.50000
vn -0.70063 0.58779 0.40451
vn -0.26762 0.95106 0.15451
vn 0.26762 0.95106 -0.15451
vn 0.70063 0.58779 -0.40451
vn 0.86602 0.00314 -0.50000
vn 0.96592 -0.00314 -0.25882
vn 0.78145 -0.58779 -0.20939
vn 0.29849 -0.95106 -0.07998
vn -0.29849 -0.95106 0.07998
vn -0.78145 -0.58779 0.20939
vn -0.96593 0.00000 0.25882
vn -0.78145 0.58779 0.20939
vn -0.29849 0.95106 0.07998
vn 0.29849 0.95106 -0.07998
vn 0.78145 0.58779 -0.20939
vn 0.96592 0.00314 -0.25882
vn 1.00000 -0.00314 0.00000
vn 0.80902 -0.58779 0.00000
vn 0.30902 -0.95106 0.00000
vn -0.30902 -0.95106 -0.00000
vn -0.80902 -0.58779 -0.00000
vn -1.00000 -0.00000 -0.00000
vn -0.80902 0.58779 0.00000
vn -0.30902 0.95106 0.00000
vn 0.30902 0.95106 0.00000
vn 0.80902 0.58779 0.00000
vn 1.00000 0.00314 0.00000
vn 0.96592 -0.00314 0.25882
vn 0.78145 -0.58779 0.20939
vn 0.29849 -0.95106 0.07998
vn -0.29849 -0.95106 -0.07998
vn -0.78145 -0.58779 -0.20939
vn -0.96593 -0.00000 -0.25882
vn -0.78145 0.58779 -0.20939
vn -0.29849 0.95106 -0.07998
vn 0.29849 0.95106 0.07998
vn 0.78145 0.58779 0.20939
vn 0.96592 0.00314 0.25882
vn 0.86602 -0.00314 0.50000
vn 0.70063 -0.58779 0.40451
vn 0.26762 -0.95106 0.15451
vn -0.26762 -0.95106 -0.15451
vn -0.70063 -0.58779 -0.40451
vn -0.86603 -0.00000 -0.50000
vn -0.70063 0.58779 -0.40451
vn -0.26762 0.95106 -0.15451
vn 0.26762 0.95106 0.15451
vn 0.70063 0.58779 0.40451
vn 0.86602 0.00314 0.50000
vn 0.70710 -0.00314 0.70710
vn 0.57206 -0.58779 0.57206
vn 0.21851 -0.95106 0.21851
vn -0.21851 -0.95106 -0.21851
vn -0.57206 -0.58779 -0.57206
vn -0.70711 -0.00000 -0.70711
vn -0.57206 0.58779 -0.57206
vn -0.21851 0.95106 -0.21851
vn 0.21851 0.95106 0.21851
vn 0.57206 0.58779 0.57206
vn 0.70710 0.00314 0.70710
vn 0.50000 -0.00314 0.86602
vn 0.40451 -0.58779 0.70063
vn 0.15451 -0.95106 0.26762
vn -0.15451 -0.95106 -0.26762
vn -0.40451 -0.58779 -0.70063
vn -0.50000 -0.00000 -0.86603
vn -0.40451 0.58779 -0.70063
vn -0.15451 0.95106 -0.26762
vn 0.15451 0.95106 0.26762
vn 0.40451 0.58779 0.70063
vn 0.50000 0.00314 0.86602
vn 0.25882 -0.00314 0.96592
vn 0.20939 -0.58779 0.78145
vn 0.07998 -0.95106 0.29849
vn -0.07998 -0.95106 -0.29849
vn -0.20939 -0.58779 -0.78145
vn -0.25882 -0.00000 -0.96593
vn -0.20939 0.58779 -0.78145
vn -0.07998 0.95106 -0.29849
vn 0.07998 0.95106 0.29849
vn 0.20939 0.58779 0.78145
vn 0.25882 0.00314 0.96592
vn 0.00000 -0.00314 1.00000
vn 0.00000 -0.58779 0.80902
vn 0.00000 -0.95106 0.30902
vn 0.00000 -0.95106 -0.30902
vn 0.00000 -0.58779 -0.80902
vn 0.00000 0.00000 -1.00000
vn 0.00000 0.58779 -0.80902
vn 0.00000 0.95106 -0.30902
vn -0.00000 0.95106 0.30902
vn -0.00000 0.58779 0.80902
vn -0.00000 0.00314 1.00000
vn -0.25882 -0.00314 0.96592
vn -0.20939 -0.58779 0.78145
vn -0.07998 -0.95106 0.29849
vn 0.07998 -0.95106 -0.29849
vn 0.20939 -0.58779 -0.78145
vn 0.25882 0.00000 -0.96593
vn 0.20939 0.58779 -0.78145
vn 0.07998 0.95106 -0.29849
vn -0.07998 0.95106 0.29849
vn -0.20939 0.58779 0.78145
vn -0.25882 0.00314 0.96592
vn -0.50000 -0.00314 0.86602
vn -0.40451 -0.58779 0.70063
vn -0.15451 -0.95106 0.26762
vn 0.15451 -0.95106 -0.26762
vn 0.40451 -0.58779 -0.70063
vn 0.50000 0.00000 -0.86603
vn 0.40451 0.58779 -0.70063
vn 0.15451 0.95106 -0.26762
vn -0.15451 0.95106 0.26762
vn -0.40451 0.58779 0.70063
vn -0.50000 0.00314 0.86602
vn -0.70710 -0.00314 0.70710
vn -0.57206 -0.58779 0.57206
vn -0.21851 -0.95106 0.21851
vn 0.21851 -0.95106 -0.21851
vn 0.57206 -0.58779 -0.57206
vn 0.70711 0.00000 -0.70711
vn 0.57206 0.58779 -0.57206
vn 0.21851 0.95106 -0.21851
vn -0.21851 0.95106 0.21851
vn -0.57206 0.58779 0.57206
vn -0.70710 0.00314 0.70710
vn -0.86602 -0.00314 0.50000
vn -0.70063 -0.58779 0.40451
vn -0.26762 -0.95106 0.15451
vn 0.26762 -0.95106 -0.15451
vn 0.70063 -0.58779 -0.40451
vn 0.86603 0.00000 -0.50000
vn 0.70063 0.58779 -0.40451
vn 0.26762 0.95106 -0.15451
vn -0.26762 0.95106 0.15451
vn -0.70063 0.58779 0.40451
vn -0.86602 0.00314 0.50000
vn -0.96592 -0.00314 0.25882
vn -0.78145 -0.58779 0.20939
vn -0.29849 -0.95106 0.07998
vn 0.29849 -0.95106 -0.07998
vn 0.78145 -0.58779 -0.20939
vn 0.96593 0.00000 -0.25882
vn 0.78145 0.58779 -0.20939
vn 0.29849 0.95106 -0.07998
vn -0.29849 0.95106 0.07998
vn -0.78145 0.58779 0.20939
vn -0.96592 0.00314 0.25882
vn -0.99999 -0.00314 0.00314
vn -0.80901 -0.58778 0.00254
vn -0.30902 -0.95106 0.00097
vn 0.30902 -0.95106 -0.00097
vn 0.80901 -0.58778 -0.00254
vn 1.00000 0.00000 -0.00314
vn 0.80901 0.58778 -0.00254
vn 0.30902 0.95106 -0.00097
vn -0.30902 0.95106 0.00097
vn -0.80901 0.58778 0.00254
vn -0.99999 0.00314 0.00314
vn -0.99999 -0.00314 -0.00314
vn -0.80901 -0.58778 -0.00254
vn -0.30902 -0.95106 -0.00097
vn 0.30902 -0.95106 0.00097
vn 0.80901 -0.58778 0.00254
vn 1.00000 0.00000 0.00314
vn 0.80901 0.58778 0.00254
vn 0.30902 0.95106 0.00097
vn -0.30902 0.95106 -0.00097
vn -0.80901 0.58778 -0.00254
vn -0.99999 0.00314 -0.00314
vn -0.96592 -0.00314 -0.25882
vn -0.78145 -0.58779 -0.20939
vn -0.29849 -0.95106 -0.07998
vn 0.29849 -0.95106 0.07998
vn 0.78145 -0.58779 0.20939
vn 0.96593 0.00000 0.25882
vn 0.78145 0.58779 0.20939
vn 0.29849 0.95106 0.07998
vn -0.29849 0.95106 -0.07998
vn -0.78145 0.58779 -0.20939
vn -0.96592 0.00314 -0.25882
vn -0.86602 -0.00314 -0.50000
vn -0.70063 -0.58779 -0.40451
vn -0.26762 -0.95106 -0.15451
vn 0.26762 -0.95106 0.15451
vn 0.70063 -0.58779 0.40451
vn 0.86603 0.00000 0.50000
vn 0.70063 0.58779 0.40451
vn 0.26762 0.95106 0.15451
vn -0.26762 0.95106 -0.15451
vn -0.70063 0.58779 -0.40451
vn -0.86602 0.00314 -0.50000
vn -0.70710 -0.00314 -0.70710
vn -0.57206 -0.58779 -0.57206
vn -0.21851 -0.95106 -0.21851
vn 0.21851 -0.95106 0.21851
vn 0.57206 -0.58779 0.57206
vn 0.70711 0.00000 0.70711
vn 0.57206 0.58779 0.57206
vn 0.21851 0.95106 0.21851
vn -0.21851 0.95106 -0.21851
vn -0.57206 0.58779 -0.57206
vn -0.70710 0.00314 -0.70710
vn -0.50000 -0.00314 -0.86602
vn -0.40451 -0.58779 -0.70063
vn -0.15451 -0.95106 -0.26762
vn 0.15451 -0.95106 0.26762
vn 0.40451 -0.58779 0.70063
vn 0.50000 0.00000 0.86603
vn 0.40451 0.58779 0.70063
vn 0.15451 0.95106 0.26762
vn -0.15451 0.95106 -0.26762
vn -0.40451 0.58779 -0.70063
vn -0.50000 0.00314 -0.86602
vn -0.25882 -0.00314 -0.96592
vn -0.20939 -0.58779 -0.78145
vn -0.07998 -0.95106 -0.29849
vn 0.07998 -0.95106 0.29849
vn 0.20939 -0.58779 0.78145
vn 0.25882 0.00000 0.96593
vn 0.20939 0.58779 0.78145
vn 0.07998 0.95106 0.29849
vn -0.07998 0.95106 -0.29849
vn -0.20939 0.58779 -0.78145
vn -0.25882 0.00314 -0.96592
vn -0.00000 -0.00314 -1.00000
vn -0.00000 -0.58779 -0.80902
vn -0.00000 -0.95106 -0.30902
vn 0.00000 -0.95106 0.30902
vn 0.00000 -0.58779 0.80902
vn 0.00000 0.00000 1.00000
vn 0.00000 0.58779 0.80902
vn 0.00000 0.95106 0.30902
vn 0.00000 0.95106 -0.30902
vn 0.00000 0.58779 -0.80902
vn 0.00000 0.00314 -1.00000
vn 0.25882 -0.00314 -0.96592
vn 0.20939 -0.58779 -0.78145
vn 0.07998 -0.95106 -0.29849
vn -0.07998 -0.95106 0.29849
vn -0.20939 -0.58779 0.78145
vn -0.25882 0.00000 0.96593
vn -0.20939 0.58779 0.78145
vn -0.07998 0.95106 0.29849
vn 0.07998 0.95106 -0.29849
vn 0.20939 0.58779 -0.78145
vn 0.25882 0.00314 -0.96592
vn 0.50000 -0.00314 -0.86602
vn 0.40451 -0.58779 -0.70063
vn 0.15451 -0.95106 -0.26762
vn -0.15451 -0.95106 0.26762
vn -0.40451 -0.58779 0.70063
vn -0.50000 0.00000 0.86603
vn -0.40451 0.58779 0.70063
vn -0.15451 0.95106 0.26762
vn 0.15451 0.95106 -0.26762
vn 0.40451 0.58779 -0.70063
vn 0.50000 0.00314 -0.86602
vn 0.70710 -0.00314 -0.70710
vn 0.57206 -0.58779 -0.57206
vn 0.21851 -0.95106 -0.21851
vn -0.21851 -0.95106 0.21851
vn -0.57206 -0.58779 0.57206
vn -0.70711 0.00000 0.70711
vn -0.57206 0.58779 0.57206
vn -0.21851 0.95106 0.21851
vn 0.21851 0.95106 -0.21851
vn 0.57206 0.58779 -0.57206
vn 0.70710 0.00314 -0.70710
vn 0.86602 -0.00314 -0.50000
vn 0.70063 -0.58779 -0.40451
vn 0.26762 -0.95106 -0.15451
vn -0.26762 -0.95106 0.15451
vn -0.70063 -0.58779 0.40451
vn -0.86603 0.00000 0.50000
vn -0.70063 0.58779 0.40451
vn -0.26762 0.95106 0.15451
vn 0.26762 0.95106 -0.15451
vn 0.70063 0.58779 -0.40451
vn 0.86602 0.00314 -0.50000
vn 0.96592 -0.00314 -0.25882
vn 0.78145 -0.58779 -0.20939
vn 0.29849 -0.95106 -0.07998
vn -0.29849 -0.95106 0.07998
vn -0.78145 -0.58779 0.20939
vn -0.96593 0.00000 0.25882
vn -0.78145 0.58779 0.20939
vn -0.29849 0.95106 0.07998
vn 0.29849 0.95106 -0.07998
vn 0.78145 0.58779 -0.20939
vn 0.96592 0.00314 -0.25882
vn 1.00000 -0.00314 0.00000
vn 0.80902 -0.58779 0.00000
vn 0.30902 -0.95106 0.00000
vn -0.30902 -0.95106 -0.00000
vn -0.80902 -0.58779 -0.00000
vn -1.00000 -0.00000 -0.00000
vn -0.80902 0.58779 0.00000
vn -0.30902 0.95106 0.00000
vn 0.30902 0.95106 0.00000
vn 0.80902 0.58779 0.00000
vn 1.00000 0.00314 0.00000
vn 0.96592 -0.00314 0.25882
vn 0.78145 -0.58779 0.20939
vn 0.29849 -0.95106 0.07998
vn -0.29849 -0.95106 -0.07998
vn -0.78145 -0.58779 -0.20939
vn -0.96593 -0.00000 -0.25882
vn -0.78145 0.58779 -0.20939
vn -0.29849 0.95106 -0.07998
vn 0.29849 0.95106 0.07998
vn 0.78145 0.58779 0.20939
vn 0.96592 0.00314 0.25882
vn 0.86602 -0.00314 0.50000
vn 0.70063 -0.58779 0.40451
vn 0.26762 -0.95106 0.15451
vn -0.26762 -0.95106 -0.15451
vn -0.70063 -0.58779 -0.40451
vn -0.86603 -0.00000 -0.50000
vn -0.70063 0.58779 -0.40451
vn -0.26762 0.95106 -0.15451
vn 0.26762 0.95106 0.15451
vn 0.70063 0.58779 0.40451
vn 0.86602 0.00314 0.50000
vn 0.70710 -0.00314 0.70710
vn 0.57206 -0.58779 0.57206
vn 0.21851 -0.95106 0.21851
vn -0.21851 -0.95106 -0.21851
vn -0.57206 -0.58779 -0.57206
vn -0.70711 -0.00000 -0.70711
vn -0.57206 0.58779 -0.57206
vn -0.21851 0.95106 -0.21851
vn 0.21851 0.95106 0.21851
vn 0.57206 0.58779 0.57206
vn 0.70710 0.00314 0.70710
vn 0.50000 -0.00314 0.86602
vn 0.40451 -0.58779 0.70063
vn 0.15451 -0.95106 0.26762
vn -0.15451 -0.95106 -0.26762
vn -0.40451 -0.58779 -0.70063
vn -0.50000 -0.00000 -0.86603
vn -0.40451 0.58779 -0.70063
vn -0.15451 0.95106 -0.26762
vn 0.15451 0.95106 0.26762
vn 0.40451 0.58779 0.70063
vn 0.50000 0.00314 0.86602
vn 0.25882 -0.00314 0.96592
vn 0.20939 -0.58779 0.78145
vn 0.07998 -0.95106 0.29849
vn -0.07998 -0.95106 -0.29849
vn -0.20939 -0.58779 -0.78145
vn -0.25882 -0.00000 -0.96593
vn -0.20939 0.58779 -0.78145
vn -0.07998 0.95106 -0.29849
vn 0.07998 0.95106 0.29849
vn 0.20939 0.58779 0.78145
vn 0.25882 0.00314 0.96592
vn 0.00000 -0.00314 1.00000
vn 0.00000 -0.58779 0.80902
vn 0.00000 -0.95106 0.30902
vn 0.00000 -0.95106 -0.30902
vn 0.00000 -0.58779 -0.80902
vn 0.00000 0.00000 -1.00000
vn 0.00000 0.58779 -0.80902
vn 0.00000 0.95106 -0.30902
vn -0.00000 0.95106 0.30902
vn -0.00000 0.58779 0.80902
vn -0.00000 0.00314 1.00000
vn -0.25882 -0.00314 0.96592
vn -0.20939 -0.58779 0.78145
vn -0.07998 -0.95106 0.29849
vn 0.07998 -0.95106 -0.29849
vn 0.20939 -0.58779 -0.78145
vn 0.25882 0.00000 -0.96593
vn 0.20939 0.58779 -0.78145
vn 0.07998 0.95106 -0.29849
vn -0.07998 0.95106 0.29849
vn -0.20939 0.58779 0.78145
vn -0.25882 0.00314 0.96592
vn -0.50000 -0.00314 0.86602
vn -0.40451 -0.58779 0.70063
vn -0.15451 -0.95106 0.26762
vn 0.15451 -0.95106 -0.26762
vn 0.40451 -0.58779 -0.70063
vn 0.50000 0.00000 -0.86603
vn 0.40451 0.58779 -0.70063
vn 0.15451 0.95106 -0.26762
vn -0.15451 0.95106 0.26762
vn -0.40451 0.58779 0.70063
vn -0.50000 0.00314 0.86602
vn -0.70710 -0.00314 0.70710
vn -0.57206 -0.58779 0.57206
vn -0.21851 -0.95106 0.21851
vn 0.21851 -0.95106 -0.21851
vn 0.57206 -0.58779 -0.57206
vn 0.70711 0.00000 -0.70711
vn 0.57206 0.58779 -0.57206
vn 0.21851 0.95106 -0.21851
vn -0.21851 0.95106 0.21851
vn -0.57206 0.58779 0.57206
vn -0.70710 0.00314 0.70710
vn -0.86602 -0.00314 0.50000
vn -0.70063 -0.58779 0.40451
vn -0.26762 -0.95106 0.15451
vn 0.26762 -0.95106 -0.15451
vn 0.70063 -0.58779 -0.40451
vn 0.86603 0.00000 -0.50000
vn 0.70063 0.58779 -0.40451
vn 0.26762 0.95106 -0.15451
vn -0.26762 0.95106 0.15451
vn -0.70063 0.58779 0.40451
vn -0.86602 0.00314 0.50000
vn -0.96592 -0.00314 0.25882
vn -0.78145 -0.58779 0.20939
vn -0.29849 -0.95106 0.07998
vn 0.29849 -0.95106 -0.07998
vn 0.78145 -0.58779 -0.20939
vn 0.96593 0.00000 -0.25882
vn 0.78145 0.58779 -0.20939
vn 0.29849 0.95106 -0.07998
vn -0.29849 0.95106 0.07998
vn -0.78145 0.58779 0.20939
vn -0.96592 0.00314 0.25882
vn -0.99999 -0.00314 0.00314
vn -0.80901 -0.58778 0.00254
vn -0.30902 -0.95106 0.00097
vn 0.30902 -0.95106 -0.00097
vn 0.80901 -0.58778 -0.00254
vn 1.00000 0.00000 -0.00314
vn 0.80901 0.58778 -0.00254
vn 0.30902 0.95106 -0.00097
vn -0.30902 0.95106 0.00097
vn -0.80901 0.58778 0.00254
vn -0.99999 0.00314 0.00314
f 1/1/1 12/12/12 13/13/13
f 1/1/1 13/13/13 2/2/2
f 2/2/2 13/13/13 14/14/14
f 2/2/2 14/14/14 3/3/3
f 3/3/3 14/14/14 15/15/15
f 3/3/3 15/15/15 4/4/4
f 4/4/4 15/15/15 16/16/16
f 4/4/4 16/16/16 5/5/5
f 5/5/5 16/16/16 17/17/17
f 5/5/5 17/17/17 6/6/6
f 6/6/6 17/17/17 18/18/18
f 6/6/6 18/18/18 7/7/7
f 7/7/7 18/18/18 19/19/19
f 7/7/7 19/19/19 8/8/8
f 8/8/8 19/19/19 20/20/20
f 8/8/8 20/20/20 9/9/9
f 9/9/9 20/20/20 21/21/21
f 9/9/9 21/21/21 10/10/10
f 10/10/10 21/21/21 22/22/22
f 10/10/10 22/22/22 11/11/11
f 12/12/12 23/23/23 24/24/24
f 12/12/12 24/24/24 13/13/13
f 13/13/13 24/24/24 25/25/25
f 13/13/13 25/25/25 14/14/14
f 14/14/14 25/25/25 26/26/26
f 14/14/14 26/26/26 15/15/15
f 15/15/15 26/26/26 27/27/27
f 15/15/15 27/27/27 16/16/16
f 16/16/16 27/27/27 28/28/28
f 16/16/16 28/28/28 17/17/17
f 17/17/17 28/28/28 29/29/29
f 17/17/17 29/29/29 18/18/18
f 18/18/18 29/29/29 30/30/30
f 18/18/18 30/30/30 19/19/19
f 19/19/19 30/30/30 31/31/31
f 19/19/19 31/31/31 20/20/20
f 20/20/20 31/31/31 32/32/32
f 20/20/20 32/32/32 21/21/21
f 21/21/21 32/32/32 33/33/33
f 21/21/21 33/33/33 22/22/22
f 23/23/23 34/34/34 35/35/35
f 23/23/23 35/35/35 24/24/24
f 24/24/24 35/35/35 36/36/36
f 24/24/24 36/36/36 25/25/25
f 25/25/25 36/36/36 37/37/37
f 25/25/25 37/37/37 26/26/26
f 26/26/26 37/37/37 38/38/38
f 26/26/26 38/38/38 27/27/27
f 27/27/27 38/38/38 39/39/39
f 27/27/27 39/39/39 28/28/28
f 28/28/28 39/39/39 40/40/40
f 28/28/28 40/40/40 29/29/29
f 29/29/29 40/40/40 41/41/41
f 29/29/29 41/41/41 30/30/30
f 30/30/30 41/41/41 42/42/42
f 30/30/30 42/42/42 31/31/31
f 31/31/31 42/42/42 43/43/43
f 31/31/31 43/43/43 32/32/32
f 32/32/32 43/43/43 44/44/44
f 32/32/32 44/44/44 33/33/33
f 34/34/34 45/45/45 46/46/46
f 34/34/34 46/46/46 35/35/35
f 35/35/35 46/46/46 47/47/47
f 35/35/35 47/47/47 36/36/36
f 36/36/36 47/47/47 48/48/48
f 36/36/36 48/48/48 37/37/37
f 37/37/37 48/48/48 49/49/49
f 37/37/37 49/49/49 38/38/38
f 38/38/38 49/49/49 50/50/50
f 38/38/38 50/50/50 39/39/39
f 39/39/39 50/50/50 51/51/51
f 39/39/39 51/51/51 40/40/40
f 40/40/40 51/51/51 52/52/52
f 40/40/40 52/52/52 41/41/41
f 41/41/41 52/52/52 53/53/53
f 41/41/41 53/53/53 42/42/42
f 42/42/42 53/53/53 54/54/54
f 42/42/42 54/54/54 43/43/43
f 43/43/43 54/54/54 55/55/55
f 43/43/43 55/55/55 44/44/44
f 45/45/45 56/56/56 57/57/57
f 45/45/45 57/57/57 46/46/46
f 46/46/46 57/57/57 58/58/58
f 46/46/46 58/58/58 47/47/47
f 47/47/47 58/58/58 59/59/59
f 47/47/47 59/59/59 48/48/48
f 48/48/48 59/59/59 60/60/60
f 48/48/48 60/60/60 49/49/49
f 49/49/49 60/60/60 61/61/61
f 49/49/49 61/61/61 50/50/50
f 50/50/50 61/61/61 62/62/62
f 50/50/50 62/62/62 51/51/51
f 51/51/51 62/62/62 63/63/63
f 51/51/51 63/63/63 52/52/52
f 52/52/52 63/63/63 64/64/64
f 52/52/52 64/64/64 53/53/53
f 53/53/53 64/64/64 65/65/65
f 53/53/53 65/65/65 54/54/54
f 54/54/54 65/65/65 66/66/66
f 54/54/54 66/66/66 55/55/55
f 56/56/56 67/67/67 68/68/68
f 56/56/56 68/68/68 57/57/57
f 57/57/57 68/68/68 69/69/69
f 57/57/57 69/69/69 58/58/58
f 58/58/58 69/69/69 70/70/70
f 58/58/58 70/70/70 59/59/59
f 59/59/59 70/70/70 71/71/71
f 59/59/59 71/71/71 60/60/60
f 60/60/60 71/71/71 72/72/72
f 60/60/60 72/72/72 61/61/61
f 61/61/61 72/72/72 73/73/73
f 61/61/61 73/73/73 62/62/62
f 62/62/62 73/73/73 74/74/74
f 62/62/62 74/74/74 63/63/63
f 63/63/63 74/74/74 75/75/75
f 63/63/63 75/75/75 64/64/64
f 64/64/64 75/75/75 76/76/76
f 64/64/64 76/76/76 65/65/65
f 65/65/65 76/76/76 77/77/77
f 65/65/65 77/77/77 66/66/66
f 67/67/67 78/78/78 79/79/79
f 67/67/67 79/79/79 68/68/68
f 68/68/68 79/79/79 80/80/80
f 68/68/68 80/80/80 69/69/69
f 69/69/69 80/80/80 81/81/81
f 69/69/69 81/81/81 70/70/70
f 70/70/70 81/81/81 82/82/82
f 70/70/70 82/82/82 71/71/71
f 71/71/71 82/82/82 83/83/83
f 71/71/71 83/83/83 72/72/72
f 72/72/72 83/83/83 84/84/84
f 72/72/72 84/84/84 73/73/73
f 73/73/73 84/84/84 85/85/85
f 73/73/73 85/85/85 74/74/74
f 74/74/74 85/85/85 86/86/86
f 74/74/74 86/86/86 75/75/75
f 75/75/75 86/86/86 87/87/87
f 75/75/75 87/87/87 76/76/76
f 76/76/76 87/87/87 88/88/88
f 76/76/76 88/88/88 77/77/77
f 78/78/78 89/89/89 90/90/90
f 78/78/78 90/90/90 79/79/79
f 79/79/79 90/90/90 91/91/91
f 79/79/79 91/91/91 80/80/80
f 80/80/80 91/91/91 92/92/92
f 80/80/80 92/92/92 81/81/81
f 81/81/81 92/92/92 93/93/93
f 81/81/81 93/93/93 82/82/82
f 82/82/82 93/93/93 94/94/94
f 82/82/82 94/94/94 83/83/83
f 83/83/83 94/94/94 95/95/95
f 83/83/83 95/95/95 84/84/84
f 84/84/84 95/95/95 96/96/96
f 84/84/84 96/96/96 85/85/85
f 85/85/85 96/96/96 97/97/97
f 85/85/85 97/97/97 86/86/86
f 86/86/86 97/97/97 98/98/98
f 86/86/86 98/98/98 87/87/87
f 87/87/87 98/98/98 99/99/99
f 87/87/87 99/99/99 88/88/88
f 89/89/89 100/100/100 101/101/101
f 89/89/89 101/101/101 90/90/90
f 90/90/90 101/101/101 102/102/102
f 90/90/90 102/102/102 91/91/91
f 91/91/91 102/102/102 103/103/103
f 91/91/91 103/103/103 92/92/92
f 92/92/92 103/103/103 104/104/104
f 92/92/92 104/104/104 93/93/93
f 93/93/93 104/104/104 105/105/105
f 93/93/93 105/105/105 94/94/94
f 94/94/94 105/105/105 106/106/106
f 94/94/94 106/106/106 95/95/95
f 95/95/95 106/106/106 107/107/107
f 95/95/95 107/107/107 96/96/96
f 96/96/96 107/107/107 108/108/108
f 96/96/96 108/108/108 97/97/97
f 97/97/97 108/108/108 109/109/109
f 97/97/97 109/109/109 98/98/98
f 98/98/98 109/109/109 110/110/110
f 98/98/98 110/110/110 99/99/99
f 100/100/100 111/111/111 112/112/112
f 100/100/100 112/112/112 101/101/101
f 101/101/101 112/112/112 113/113/113
f 101/101/101 113/113/113 102/102/102
f 102/102/102 113/113/113 114/114/114
f 102/102/102 114/114/114 103/103/103
f 103/103/103 114/114/114 115/115/115
f 103/103/103 115/115/115 104/104/104
f 104/104/104 115/115/115 116/116/116
f 104/104/104 116/116/116 105/105/105
f 105/105/105 116/116/116 117/117/117
f 105/105/105 117/117/117 106/106/106
f 106/106/106 117/117/117 118/118/118
f 106/106/106 118/118/118 107/107/107
f 107/107/107 118/118/118 119/119/119
f 107/107/107 119/119/119 108/108/108
f 108/108/108 119/119/119 120/120/120
f 108/108/108 120/120/120 109/109/109
f 109/109/109 120/120/120 121/121/121
f 109/109/109 121/121/121 110/110/110
f 111/111/111 122/122/122 123/123/123
f 111/111/111 123/123/123 112/112/112
f 112/112/112 123/123/123 124/124/124
f 112/112/112 124/124/124 113/113/113
f 113/113/113 124/124/124 125/125/125
f 113/113/113 125/125/125 114/114/114
f 114/114/114 125/125/125 126/126/126
f 114/114/114 126/126/126 115/115/115
f 115/115/115 126/126/126 127/127/127
f 115/115/115 127/127/127 116/116/116
f 116/116/116 127/127/127 128/128/128
f 116/116/116 128/128/128 117/117/117
f 117/117/117 128/128/128 129/129/129
f 117/117/117 129/129/129 118/118/118
f 118/118/118 129/129/129 130/130/130
f 118/118/118 130/130/130 119/119/119
f 119/119/119 130/130/130 131/131/131
f 119/119/119 131/131/131 120/120/120
f 120/120/120 131/131/131 132/132/132
f 120/120/120 132/132/132 121/121/121
f 122/122/122 133/133/133 134/134/134
f 122/122/122 134/134/134 123/123/123
f 123/123/123 134/134/134 135/135/135
f 123/123/123 135/135/135 124/124/124
f 124/124/124 135/135/135 136/136/136
f 124/124/124 136/136/136 125/125/125
f 125/125/125 136/136/136 137/137/137
f 125/125/125 137/137/137 126/126/126
f 126/126/126 137/137/137 138/138/138
f 126/126/126 138/138/138 127/127/127
f 127/127/127 138/138/138 139/139/139
f 127/127/127 139/139/139 128/128/128
f 128/128/128 139/139/139 140/140/140
f 128/128/128 140/140/140 129/129/129
f 129/129/129 140/140/140 141/141/141
f 129/129/129 141/141/141 130/130/130
f 130/130/130 141/141/141 142/142/142
f 130/130/130 142/142/142 131/131/131
f 131/131/131 142/142/142 143/143/143
f 131/131/131 143/143/143 132/132/132
f 133/133/133 144/144/144 145/145/145
f 133/133/133 145/145/145 134/134/134
f 134/134/134 145/145/145 146/146/146
f 134/134/134 146/146/146 135/135/135
f 135/135/135 146/146/146 147/147/147
f 135/135/135 147/147/147 136/136/136
f 136/136/136 147/147/147 148/148/148
f 136/136/136 148/148/148 137/137/137
f 137/137/137 148/148/148 149/149/149
f 137/137/137 149/149/149 138/138/138
f 138/138/138 149/149/149 150/150/150
f 138/138/138 150/150/150 139/139/139
f 139/139/139 150/150/150 151/151/151
f 139/139/139 151/151/151 140/140/140
f 140/140/140 151/151/151 152/152/152
f 140/140/140 152/152/152 141/141/141
f 141/141/141 152/152/152 153/153/153
f 141/141/141 153/153/153 142/142/142
f 142/142/142 153/153/153 154/154/154
f 142/142/142 154/154/154 143/143/143
f 144/144/144 155/155/155 156/156/156
f 144/144/144 156/156/156 145/145/145
f 145/145/145 156/156/156 157/157/157
f 145/145/145 157/157/157 146/146/146
f 146/146/146 157/157/157 158/158/158
f 146/146/146 158/158/158 147/147/147
f 147/147/147 158/158/158 159/159/159
f 147/147/147 159/159/159 148/148/148
f 148/148/148 159/159/159 160/160/160
f 148/148/148 160/160/160 149/149/149
f 149/149/149 160/160/160 161/161/161
f 149/149/149 161/161/161 150/150/150
f 150/150/150 161/161/161 162/162/162
f 150/150/150 162/162/162 151/151/151
f 151/151/151 162/162/162 163/163/163
f 151/151/151 163/163/163 152/152/152
f 152/152/152 163/163/163 164/164/164
f 152/152/152 164/164/164 153/153/153
f 153/153/153 164/164/164 165/165/165
f 153/153/153 165/165/165 154/154/154
f 155/155/155 166/166/166 167/167/167
f 155/155/155 167/167/167 156/156/156
f 156/156/156 167/167/167 168/168/168
f 156/156/156 168/168/168 157/157/157
f 157/157/157 168/168/168 169/169/169
f 157/157/157 169/169/169 158/158/158
f 158/158/158 169/169/169 170/170/170
f 158/158/158 170/170/170 159/159/159
f 159/159/159 170/170/170 171/171/171
f 159/159/159 171/171/171 160/160/160
f 160/160/160 171/171/171 172/172/172
f 160/160/160 172/172/172 161/161/161
f 161/161/161 172/172/172 173/173/173
f 161/161/161 173/173/173 162/162/162
f 162/162/162 173/173/173 174/174/174
f 162/162/162 174/174/174 163/163/163
f 163/163/163 174/174/174 175/175/175
f 163/163/163 175/175/175 164/164/164
f 164/164/164 175/175/175 176/176/176
f 164/164/164 176/176/176 165/165/165
f 166/166/166 177/177/177 178/178/178
f 166/166/166 178/178/178 167/167/167
f 167/167/167 178/178/178 179/179/179
f 167/167/167 179/179/179 168/168/168
f 168/168/168 179/179/179 180/180/180
f 168/168/168 180/180/180 169/169/169
f 169/169/169 180/180/180 181/181/181
f 169/169/169 181/181/181 170/170/170
f 170/170/170 181/181/181 182/182/182
f 170/170/170 182/182/182 171/171/171
f 171/171/171 182/182/182 183/183/183
f 171/171/171 183/183/183 172/172/172
f 172/172/172 183/183/183 184/184/184
f 172/172/172 184/184/184 173/173/173
f 173/173/173 184/184/184 185/185/185
f 173/173/173 185/185/185 174/174/174
f 174/174/174 185/185/185 186/186/186
f 174/174/174 186/186/186 175/175/175
f 175/175/175 186/186/186 187/187/187
f 175/175/175 187/187/187 176/176/176
f 177/177/177 188/188/188 189/189/189
f 177/177/177 189/189/189 178/178/178
f 178/178/178 189/189/189 190/190/190
f 178/178/178 190/190/190 179/179/179
f 179/179/179 190/190/190 191/191/191
f 179/179/179 191/191/191 180/180/180
f 180/180/180 191/191/191 192/192/192
f 180/180/180 192/192/192 181/181/181
f 181/181/181 192/192/192 193/193/193
f 181/181/181 193/193/193 182/182/182
f 182/182/182 193/193/193 194/194/194
f 182/182/182 194/194/194 183/183/183
f 183/183/183 194/194/194 195/195/195
f 183/183/183 195/195/195 184/184/184
f 184/184/184 195/195/195 196/196/196
f 184/184/184 196/196/196 185/185/185
f 185/185/185 196/196/196 197/197/197
f 185/185/185 197/197/197 186/186/186
f 186/186/186 197/197/197 198/198/198
f 186/186/186 198/198/198 187/187/187
f 188/188/188 199/199/199 200/200/200
f 188/188/188 200/200/200 189/189/189
f 189/189/189 200/200/200 201/201/201
f 189/189/189 201/201/201 190/190/190
f 190/190/190 201/201/201 202/202/202
f 190/190/190 202/202/202 191/191/191
f 191/191/191 202/202/202 203/203/203
f 191/191/191 203/203/203 192/192/192
f 192/192/192 203/203/203 204/204/204
f 192/192/192 204/204/204 193/193/193
f 193/193/193 204/204/204 205/205/205
f 193/193/193 205/205/205 194/194/194
f 194/194/194 205/205/205 206/206/206
f 194/194/194 206/206/206 195/195/195
f 195/195/195 206/206/206 207/207/207
f 195/195/195 207/207/207 196/196/196
f 196/196/196 207/207/207 208/208/208
f 196/196/196 208/208/208 197/197/197
f 197/197/197 208/208/208 209/209/209
f 197/197/197 209/209/209 198/198/198
f 199/199/199 210/210/210 211/211/211
f 199/199/199 211/211/211 200/200/200
f 200/200/200 211/211/211 212/212/212
f 200/200/200 212/212/212 201/201/201
f 201/201/201 212/212/212 213/213/213
f 201/201/201 213/213/213 202/202/202
f 202/202/202 213/213/213 214/214/214
f 202/202/202 214/214/214 203/203/203
f 203/203/203 214/214/214 215/215/215
f 203/203/203 215/215/215 204/204/204
f 204/204/204 215/215/215 216/216/216
f 204/204/204 216/216/216 205/205/205
f 205/205/205 216/216/216 217/217/217
f 205/205/205 217/217/217 206/206/206
f 206/206/206 217/217/217 218/218/218
f 206/206/206 218/218/218 207/207/207
f 207/207/207 218/218/218 219/219/219
f 207/207/207 219/219/219 208/208/208
f 208/208/208 219/219/219 220/220/220
f 208/208/208 220/220/220 209/209/209
f 210/210/210 221/221/221 222/222/222
f 210/210/210 222/222/222 211/211/211
f 211/211/211 222/222/222 223/223/223
f 211/211/211 223/223/223 212/212/212
f 212/212/212 223/223/223 224/224/224
f 212/212/212 224/224/224 213/213/213
f 213/213/213 224/224/224 225/225/225
f 213/213/213 225/225/225 214/214/214
f 214/214/214 225/225/225 226/226/226
f 214/214/214 226/226/226 215/215/215
f 215/215/215 226/226/226 227/227/227
f 215/215/215 227/227/227 216/216/216
f 216/216/216 227/227/227 228/228/228
f 216/216/216 228/228/228 217/217/217
f 217/217/217 228/228/228 229/229/229
f 217/217/217 229/229/229 218/218/218
f 218/218/218 229/229/229 230/230/230
f 218/218/218 230/230/230 219/219/219
f 219/219/219 230/230/230 231/231/231
f 219/219/219 231/231/231 220/220/220
f 221/221/221 232/232/232 233/233/233
f 221/221/221 233/233/233 222/222/222
f 222/222/222 233/233/233 234/234/234
f 222/222/222 234/234/234 223/223/223
f 223/223/223 234/234/234 235/235/235
f 223/223/223 235/235/235 224/224/224
f 224/224/224 235/235/235 236/236/236
f 224/224/224 236/236/236 225/225/225
f 225/225/225 236/236/236 237/237/237
f 225/225/225 237/237/237 226/226/226
f 226/226/226 237/237/237 238/238/238
f 226/226/226 238/238/238 227/227/227
f 227/227/227 238/238/238 239/239/239
f 227/227/227 239/239/239 228/228/228
f 228/228/228 239/239/239 240/240/240
f 228/228/228 240/240/240 229/229/229
f 229/229/229 240/240/240 241/241/241
f 229/229/229 241/241/241 230/230/230
f 230/230/230 241/241/241 242/242/242
f 230/230/230 242/242/242 231/231/231
f 232/232/232 243/243/243 244/244/244
f 232/232/232 244/244/244 233/233/233
f 233/233/233 244/244/244 245/245/245
f 233/233/233 245/245/245 234/234/234
f 234/234/234 245/245/245 246/246/246
f 234/234/234 246/246/246 235/235/235
f 235/235/235 246/246/246 247/247/247
f 235/235/235 247/247/247 236/236/236
f 236/236/236 247/247/247 248/248/248
f 236/236/236 248/248/248 237/237/237
f 237/237/237 248/248/248 249/249/249
f 237/237/237 249/249/249 238/238/238
f 238/238/238 249/249/249 250/250/250
f 238/238/238 250/250/250 239/239/239
f 239/239/239 250/250/250 251/251/251
f 239/239/239 251/251/251 240/240/240
f 240/240/240 251/251/251 252/252/252
f 240/240/240 252/252/252 241/241/241
f 241/241/241 252/252/252 253/253/253
f 241/241/241 253/253/253 242/242/242
f 243/243/243 254/254/254 255/255/255
f 243/243/243 255/255/255 244/244/244
f 244/244/244 255/255/255 256/256/256
f 244/244/244 256/256/256 245/245/245
f 245/245/245 256/256/256 257/257/257
f 245/245/245 257/257/257 246/246/246
f 246/246/246 257/257/257 258/258/258
f 246/246/246 258/258/258 247/247/247
f 247/247/247 258/258/258 259/259/259
f 247/247/247 259/259/259 248/248/248
f 248/248/248 259/259/259 260/260/260
f 248/248/248 260/260/260 249/249/249
f 249/249/249 260/260/260 261/261/261
f 249/249/249 261/261/261 250/250/250
f 250/250/250 261/261/261 262/262/262
f 250/250/250 262/262/262 251/251/251
f 251/251/251 262/262/262 263/263/263
f 251/251/251 263/263/263 252/252/252
f 252/252/252 263/263/263 264/264/264
f 252/252/252 264/264/264 253/253/253
f 254/254/254 265/265/265 266/266/266
f 254/254/254 266/266/266 255/255/255
f 255/255/255 266/266/266 267/267/267
f 255/255/255 267/267/267 256/256/256
f 256/256/256 267/267/267 268/268/268
f 256/256/256 268/268/268 257/257/257
f 257/257/257 268/268/268 269/269/269
f 257/257/257 269/269/269 258/258/258
f 258/258/258 269/269/269 270/270/270
f 258/258/258 270/270/270 259/259/259
f 259/259/259 270/270/270 271/271/271
f 259/259/259 271/271/271 260/260/260
f 260/260/260 271/271/271 272/272/272
f 260/260/260 272/272/272 261/261/261
f 261/261/261 272/272/272 273/273/273
f 261/261/261 273/273/273 262/262/262
f 262/262/262 273/273/273 274/274/274
f 262/262/262 274/274/274 263/263/263
f 263/263/263 274/274/274 275/275/275
f 263/263/263 275/275/275 264/264/264
f 276/276/276 287/287/287 288/288/288
f 276/276/276 288/288/288 277/277/277
f 277/277/277 288/288/288 289/289/289
f 277/277/277 289/289/289 278/278/278
f 278/278/278 289/289/289 290/290/290
f 278/278/278 290/290/290 279/279/279
f 279/279/279 290/290/290 291/291/291
f 279/279/279 291/291/291 280/280/280
f 280/280/280 291/291/291 292/292/292
f 280/280/280 292/292/292 281/281/281
f 281/281/281 292/292/292 293/293/293
f 281/281/281 293/293/293 282/282/282
f 282/282/282 293/293/293 294/294/294
f 282/282/282 294/294/294 283/283/283
f 283/283/283 294/294/294 295/295/295
f 283/283/283 295/295/295 284/284/284
f 284/284/284 295/295/295 296/296/296
f 284/284/284 296/296/296 285/285/285
f 285/285/285 296/296/296 297/297/297
f 285/285/285 297/297/297 286/286/286
f 287/287/287 298/298/298 299/299/299
f 287/287/287 299/299/299 288/288/288
f 288/288/288 299/299/299 300/300/300
f 288/288/288 300/300/300 289/289/289
f 289/289/289 300/300/300 301/301/301
f 289/289/289 301/301/301 290/290/290
f 290/290/290 301/301/301 302/302/302
f 290/290/290 302/302/302 291/291/291
f 291/291/291 302/302/302 303/303/303
f 291/291/291 303/303/303 292/292/292
f 292/292/292 303/303/303 304/304/304
f 292/292/292 304/304/304 293/293/293
f 293/293/293 304/304/304 305/305/305
f 293/293/293 305/305/305 294/294/294
f 294/294/294 305/305/305 306/306/306
f 294/294/294 306/306/306 295/295/295
f 295/295/295 306/306/306 307/307/307
f 295/295/295 307/307/307 296/296/296
f 296/296/296 307/307/307 308/308/308
f 296/296/296 308/308/308 297/297/297
f 298/298/298 309/309/309 310/310/310
f 298/298/298 310/310/310 299/299/299
f 299/299/299 310/310/310 311/311/311
f 299/299/299 311/311/311 300/300/300
f 300/300/300 311/311/311 312/312/312
f 300/300/300 312/312/312 301/301/301
f 301/301/301 312/312/312 313/313/313
f 301/301/301 313/313/313 302/302/302
f 302/302/302 313/313/313 314/314/314
f 302/302/302 314/314/314 303/303/303
f 303/303/303 314/314/314 315/315/315
f 303/303/303 315/315/315 304/304/304
f 304/304/304 315/315/315 316/316/316
f 304/304/304 316/316/316 305/305/305
f 305/305/305 316/316/316 317/317/317
f 305/305/305 317/317/317 306/306/306
f 306/306/306 317/317/317 318/318/318
f 306/306/306 318/318/318 307/307/307
f 307/307/307 318/318/318 319/319/319
f 307/307/307 319/319/319 308/308/308
f 309/309/309 320/320/320 321/321/321
f 309/309/309 321/321/321 310/310/310
f 310/310/310 321/321/321 322/322/322
f 310/310/310 322/322/322 311/311/311
f 311/311/311 322/322/322 323/323/323
f 311/311/311 323/323/323 312/312/312
f 312/312/312 323/323/323 324/324/324
f 312/312/312 324/324/324 313/313/313
f 313/313/313 324/324/324 325/325/325
f 313/313/313 325/325/325 314/314/314
f 314/314/314 325/325/325 326/326/326
f 314/314/314 326/326/326 315/315/315
f 315/315/315 326/326/326 327/327/327
f 315/315/315 327/327/327 316/316/316
f 316/316/316 327/327/327 328/328/328
f 316/316/316 328/328/328 317/317/317
f 317/317/317 328/328/328 329/329/329
f 317/317/317 329/329/329 318/318/318
f 318/318/318 329/329/329 330/330/330
f 318/318/318 330/330/330 319/319/319
f 320/320/320 331/331/331 332/332/332
f 320/320/320 332/332/332 321/321/321
f 321/321/321 332/332/332 333/333/333
f 321/321/321 333/333/333 322/322/322
f 322/322/322 333/333/333 334/334/334
f 322/322/322 334/334/334 323/323/323
f 323/323/323 334/334/334 335/335/335
f 323/323/323 335/335/335 324/324/324
f 324/324/324 335/335/335 336/336/336
f 324/324/324 336/336/336 325/325/325
f 325/325/325 336/336/336 337/337/337
f 325/325/325 337/337/337 326/326/326
f 326/326/326 337/337/337 338/338/338
f 326/326/326 338/338/338 327/327/327
f 327/327/327 338/338/338 339/339/339
f 327/327/327 339/339/339 328/328/328
f 328/328/328 339/339/339 340/340/340
f 328/328/328 340/340/340 329/329/329
f 329/329/329 340/340/340 341/341/341
f 329/329/329 341/341/341 330/330/330
f 331/331/331 342/342/342 343/343/343
f 331/331/331 343/343/343 332/332/332
f 332/332/332 343/343/343 344/344/344
f 332/332/332 344/344/344 333/333/333
f 333/333/333 344/344/344 345/345/345
f 333/333/333 345/345/345 334/334/334
f 334/334/334 345/345/345 346/346/346
f 334/334/334 346/346/346 335/335/335
f 335/335/335 346/346/346 347/347/347
f 335/335/335 347/347/347 336/336/336
f 336/336/336 347/347/347 348/348/348
f 336/336/336 348/348/348 337/337/337
f 337/337/337 348/348/348 349/349/349
f 337/337/337 349/349/349 338/338/338
f 338/338/338 349/349/349 350/350/350
f 338/338/338 350/350/350 339/339/339
f 339/339/339 350/350/350 351/351/351
f 339/339/339 351/351/351 340/340/340
f 340/340/340 351/351/351 352/352/352
f 340/340/340 352/352/352 341/341/341
f 342/342/342 353/353/353 354/354/354
f 342/342/342 354/354/354 343/343/343
f 343/343/343 354/354/354 355/355/355
f 343/343/343 355/355/355 344/344/344
f 344/344/344 355/355/355 356/356/356
f 344/344/344 356/356/356 345/345/345
f 345/345/345 356/356/356 357/357/357
f 345/345/345 357/357/357 346/346/346
f 346/346/346 357/357/357 358/358/358
f 346/346/346 358/358/358 347/347/347
f 347/347/347 358/358/358 359/359/359
f 347/347/347 359/359/359 348/348/348
f 348/348/348 359/359/359 360/360/360
f 348/348/348 360/360/360 349/349/349
f 349/349/349 360/360/360 361/361/361
f 349/349/349 361/361/361 350/350/350
f 350/350/350 361/361/361 362/362/362
f 350/350/350 362/362/362 351/351/351
f 351/351/351 362/362/362 363/363/363
f 351/351/351 363/363/363 352/352/352
f 353/353/353 364/364/364 365/365/365
f 353/353/353 365/365/365 354/354/354
f 354/354/354 365/365/365 366/366/366
f 354/354/354 366/366/366 355/355/355
f 355/355/355 366/366/366 367/367/367
f 355/355/355 367/367/367 356/356/356
f 356/356/356 367/367/367 368/368/368
f 356/356/356 368/368/368 357/357/357
f 357/357/357 368/368/368 369/369/369
f 357/357/357 369/369/369 358/358/358
f 358/358/358 369/369/369 370/370/370
f 358/358/358 370/370/370 359/359/359
f 359/359/359 370/370/370 371/371/371
f 359/359/359 371/371/371 360/360/360
f 360/360/360 371/371/371 372/372/372
f 360/360/360 372/372/372 361/361/361
f 361/361/361 372/372/372 373/373/373
f 361/361/361 373/373/373 362/362/362
f 362/362/362 373/373/373 374/374/374
f 362/362/362 374/374/374 363/363/363
f 364/364/364 375/375/375 376/376/376
f 364/364/364 376/376/376 365/365/365
f 365/365/365 376/376/376 377/377/377
f 365/365/365 377/377/377 366/366/366
f 366/366/366 377/377/377 378/378/378
f 366/366/366 378/378/378 367/367/367
f 367/367/367 378/378/378 379/379/379
f 367/367/367 379/379/379 368/368/368
f 368/368/368 379/379/379 380/380/380
f 368/368/368 380/380/380 369/369/369
f 369/369/369 380/380/380 381/381/381
f 369/369/369 381/381/381 370/370/370
f 370/370/370 381/381/381 382/382/382
f 370/370/370 382/382/382 371/371/371
f 371/371/371 382/382/382 383/383/383
f 371/371/371 383/383/383 372/372/372
f 372/372/372 383/383/383 384/384/384
f 372/372/372 384/384/384 373/373/373
f 373/373/373 384/384/384 385/385/385
f 373/373/373 385/385/385 374/374/374
f 375/375/375 386/386/386 387/387/387
f 375/375/375 387/387/387 376/376/376
f 376/376/376 387/387/387 388/388/388
f 376/376/376 388/388/388 377/377/377
f 377/377/377 388/388/388 389/389/389
f 377/377/377 389/389/389 378/378/378
f 378/378/378 389/389/389 390/390/390
f 378/378/378 390/390/390 379/379/379
f 379/379/379 390/390/390 391/391/391
f 379/379/379 391/391/391 380/380/380
f 380/380/380 391/391/391 392/392/392
f 380/380/380 392/392/392 381/381/381
f 381/381/381 392/392/392 393/393/393
f 381/381/381 393/393/393 382/382/382
f 382/382/382 393/393/393 394/394/394
f 382/382/382 394/394/394 383/383/383
f 383/383/383 394/394/394 395/395/395
f 383/383/383 395/395/395 384/384/384
f 384/384/384 395/395/395 396/396/396
f 384/384/384 396/396/396 385/385/385
f 386/386/386 397/397/397 398/398/398
f 386/386/386 398/398/398 387/387/387
f 387/387/387 398/398/398 399/399/399
f 387/387/387 399/399/399 388/388/388
f 388/388/388 399/399/399 400/400/400
f 388/388/388 400/400/400 389/389/389
f 389/389/389 400/400/400 401/401/401
f 389/389/389 401/401/401 390/390/390
f 390/390/390 401/401/401 402/402/402
f 390/390/390 402/402/402 391/391/391
f 391/391/391 402/402/402 403/403/403
f 391/391/391 403/403/403 392/392/392
f 392/392/392 403/403/403 404/404/404
f 392/392/392 404/404/404 393/393/393
f 393/393/393 404/404/404 405/405/405
f 393/393/393 405/405/405 394/394/394
f 394/394/394 405/405/405 406/406/406
f 394/394/394 406/406/406 395/395/395
f 395/395/395 406/406/406 407/407/407
f 395/395/395 407/407/407 396/396/396
f 397/397/397 408/408/408 409/409/409
f 397/397/397 409/409/409 398/398/398
f 398/398/398 409/409/409 410/410/410
f 398/398/398 410/410/410 399/399/399
f 399/399/399 410/410/410 411/411/411
f 399/399/399 411/411/411 400/400/400
f 400/400/400 411/411/411 412/412/412
f 400/400/400 412/412/412 401/401/401
f 401/401/401 412/412/412 413/413/413
f 401/401/401 413/413/413 402/402/402
f 402/402/402 413/413/413 414/414/414
f 402/402/402 414/414/414 403/403/403
f 403/403/403 414/414/414 415/415/415
f 403/403/403 415/415/415 404/404/404
f 404/404/404 415/415/415 416/416/416
f 404/404/404 416/416/416 405/405/405
f 405/405/405 416/416/416 417/417/417
f 405/405/405 417/417/417 406/406/406
f 406/406/406 417/417/417 418/418/418
f 406/406/406 418/418/418 407/407/407
f 408/408/408 419/419/419 420/420/420
f 408/408/408 420/420/420 409/409/409
f 409/409/409 420/420/420 421/421/421
f 409/409/409 421/421/421 410/410/410
f 410/410/410 421/421/421 422/422/422
f 410/410/410 422/422/422 411/411/411
f 411/411/411 422/422/422 423/423/423
f 411/411/411 423/423/423 412/412/412
f 412/412/412 423/423/423 424/424/424
f 412/412/412 424/424/424 413/413/413
f 413/413/413 424/424/424 425/425/425
f 413/413/413 425/425/425 414/414/414
f 414/414/414 425/425/425 426/426/426
f 414/414/414 426/426/426 415/415/415
f 415/415/415 426/426/426 427/427/427
f 415/415/415 427/427/427 416/416/416
f 416/416/416 427/427/427 428/428/428
f 416/416/416 428/428/428 417/417/417
f 417/417/417 428/428/428 429/429/429
f 417/417/417 429/429/429 418/418/418
f 419/419/419 430/430/430 431/431/431
f 419/419/419 431/431/431 420/420/420
f 420/420/420 431/431/431 432/432/432
f 420/420/420 432/432/432 421/421/421
f 421/421/421 432/432/432 433/433/433
f 421/421/421 433/433/433 422/422/422
f 422/422/422 433/433/433 434/434/434
f 422/422/422 434/434/434 423/423/423
f 423/423/423 434/434/434 435/435/435
f 423/423/423 435/435/435 424/424/424
f 424/424/424 435/435/435 436/436/436
f 424/424/424 436/436/436 425/425/425
f 425/425/425 436/436/436 437/437/437
f 425/425/425 437/437/437 426/426/426
f 426/426/426 437/437/437 438/438/438
f 426/426/426 438/438/438 427/427/427
f 427/427/427 438/438/438 439/439/439
f 427/427/427 439/439/439 428/428/428
f 428/428/428 439/439/439 440/440/440
f 428/428/428 440/440/440 429/429/429
f 430/430/430 441/441/441 442/442/442
f 430/430/430 442/442/442 431/431/431
f 431/431/431 442/442/442 443/443/443
f 431/431/431 443/443/443 432/432/432
f 432/432/432 443/443/443 444/444/444
f 432/432/432 444/444/444 433/433/433
f 433/433/433 444/444/444 445/445/445
f 433/433/433 445/445/445 434/434/434
f 434/434/434 445/445/445 446/446/446
f 434/434/434 446/446/446 435/435/435
f 435/435/435 446/446/446 447/447/447
f 435/435/435 447/447/447 436/436/436
f 436/436/436 447/447/447 448/448/448
f 436/436/436 448/448/448 437/437/437
f 437/437/437 448/448/448 449/449/449
f 437/437/437 449/449/449 438/438/438
f 438/438/438 449/449/449 450/450/450
f 438/438/438 450/450/450 439/439/439
f 439/439/439 450/450/450 451/451/451
f 439/439/439 451/451/451 440/440/440
f 441/441/441 452/452/452 453/453/453
f 441/441/441 453/453/453 442/442/442
f 442/442/442 453/453/453 454/454/454
f 442/442/442 454/454/454 443/443/443
f 443/443/443 454/454/454 455/455/455
f 443/443/443 455/455/455 444/444/444
f 444/444/444 455/455/455 456/456/456
f 444/444/444 456/456/456 445/445/445
f 445/445/445 456/456/456 457/457/457
f 445/445/445 457/457/457 446/446/446
f 446/446/446 457/457/457 458/458/458
f 446/446/446 458/458/458 447/447/447
f 447/447/447 458/458/458 459/459/459
f 447/447/447 459/459/459 448/448/448
f 448/448/448 459/459/459 460/460/460
f 448/448/448 460/460/460 449/449/449
f 449/449/449 460/460/460 461/461/461
f 449/449/449 461/461/461 450/450/450
f 450/450/450 461/461/461 462/462/462
f 450/450/450 462/462/462 451/451/451
f 452/452/452 463/463/463 464/464/464
f 452/452/452 464/464/464 453/453/453
f 453/453/453 464/464/464 465/465/465
f 453/453/453 465/465/465 454/454/454
f 454/454/454 465/465/465 466/466/466
f 454/454/454 466/466/466 455/455/455
f 455/455/455 466/466/466 467/467/467
f 455/455/455 467/467/467 456/456/456
f 456/456/456 467/467/467 468/468/468
f 456/456/456 468/468/468 457/457/457
f 457/457/457 468/468/468 469/469/469
f 457/457/457 469/469/469 458/458/458
f 458/458/458 469/469/469 470/470/470
f 458/458/458 470/470/470 459/459/459
f 459/459/459 470/470/470 471/471/471
f 459/459/459 471/471/471 460/460/460
f 460/460/460 471/471/471 472/472/472
f 460/460/460 472/472/472 461/461/461
f 461/461/461 472/472/472 473/473/473
f 461/461/461 473/473/473 462/462/462
f 463/463/463 474/474/474 475/475/475
f 463/463/463 475/475/475 464/464/464
f 464/464/464 475/475/475 476/476/476
f 464/464/464 476/476/476 465/465/465
f 465/465/465 476/476/476 477/477/477
f 465/465/465 477/477/477 466/466/466
f 466/466/466 477/477/477 478/478/478
f 466/466/466 478/478/478 467/467/467
f 467/467/467 478/478/478 479/479/479
f 467/467/467 479/479/479 468/468/468
f 468/468/468 479/479/479 480/480/480
f 468/468/468 480/480/480 469/469/469
f 469/469/469 480/480/480 481/481/481
f 469/469/469 481/481/481 470/470/470
f 470/470/470 481/481/481 482/482/482
f 470/470/470 482/482/482 471/471/471
f 471/471/471 482/482/482 483/483/483
f 471/471/471 483/483/483 472/472/472
f 472/472/472 483/483/483 484/484/484
f 472/472/472 484/484/484 473/473/473
f 474/474/474 485/485/485 486/486/486
f 474/474/474 486/486/486 475/475/475
f 475/475/475 486/486/486 487/487/487
f 475/475/475 487/487/487 476/476/476
f 476/476/476 487/487/487 488/488/488
f 476/476/476 488/488/488 477/477/477
f 477/477/477 488/488/488 489/489/489
f 477/477/477 489/489/489 478/478/478
f 478/478/478 489/489/489 490/490/490
f 478/478/478 490/490/490 479/479/479
f 479/479/479 490/490/490 491/491/491
f 479/479/479 491/491/491 480/480/480
f 480/480/480 491/491/491 492/492/492
f 480/480/480 492/492/492 481/481/481
f 481/481/481 492/492/492 493/493/493
f 481/481/481 493/493/493 482/482/482
f 482/482/482 493/493/493 494/494/494
f 482/482/482 494/494/494 483/483/483
f 483/483/483 494/494/494 495/495/495
f 483/483/483 495/495/495 484/484/484
f 485/485/485 496/496/496 497/497/497
f 485/485/485 497/497/497 486/486/486
f 486/486/486 497/497/497 498/498/498
f 486/486/486 498/498/498 487/487/487
f 487/487/487 498/498/498 499/499/499
f 487/487/487 499/499/499 488/488/488
f 488/488/488 499/499/499 500/500/500
f 488/488/488 500/500/500 489/489/489
f 489/489/489 500/500/500 501/501/501
f 489/489/489 501/501/501 490/490/490
f 490/490/490 501/501/501 502/502/502
f 490/490/490 502/502/502 491/491/491
f 491/491/491 502/502/502 503/503/503
f 491/491/491 503/503/503 492/492/492
f 492/492/492 503/503/503 504/504/504
f 492/492/492 504/504/504 493/493/493
f 493/493/493 504/504/504 505/505/505
f 493/493/493 505/505/505 494/494/494
f 494/494/494 505/505/505 506/506/506
f 494/494/494 506/506/506 495/495/495
f 496/496/496 507/507/507 508/508/508
f 496/496/496 508/508/508 497/497/497
f 497/497/497 508/508/508 509/509/509
f 497/497/497 509/509/509 498/498/498
f 498/498/498 509/509/509 510/510/510
f 498/498/498 510/510/510 499/499/499
f 499/499/499 510/510/510 511/511/511
f 499/499/499 511/511/511 500/500/500
f 500/500/500 511/511/511 512/512/512
f 500/500/500 512/512/512 501/501/501
f 501/501/501 512/512/512 513/513/513
f 501/501/501 513/513/513 502/502/502
f 502/502/502 513/513/513 514/514/514
f 502/502/502 514/514/514 503/503/503
f 503/503/503 514/514/514 515/515/515
f 503/503/503 515/515/515 504/504/504
f 504/504/504 515/515/515 516/516/516
f 504/504/504 516/516/516 505/505/505
f 505/505/505 516/516/516 517/517/517
f 505/505/505 517/517/517 506/506/506
f 507/507/507 518/518/518 519/519/519
f 507/507/507 519/519/519 508/508/508
f 508/508/508 519/519/519 520/520/520
f 508/508/508 520/520/520 509/509/509
f 509/509/509 520/520/520 521/521/521
f 509/509/509 521/521/521 510/510/510
f 510/510/510 521/521/521 522/522/522
f 510/510/510 522/522/522 511/511/511
f 511/511/511 522/522/522 523/523/523
f 511/511/511 523/523/523 512/512/512
f 512/512/512 523/523/523 524/524/524
f 512/512/512 524/524/524 513/513/513
f 513/513/513 524/524/524 525/525/525
f 513/513/513 525/525/525 514/514/514
f 514/514/514 525/525/525 526/526/526
f 514/514/514 526/526/526 515/515/515
f 515/515/515 526/526/526 527/527/527
f 515/515/515 527/527/527 516/516/516
f 516/516/516 527/527/527 528/528/528
f 516/516/516 528/528/528 517/517/517
f 518/518/518 529/529/529 530/530/530
f 518/518/518 530/530/530 519/519/519
f 519/519/519 530/530/530 531/531/531
f 519/519/519 531/531/531 520/520/520
f 520/520/520 531/531/531 532/532/532
f 520/520/520 532/532/532 521/521/521
f 521/521/521 532/532/532 533/533/533
f 521/521/521 533/533/533 522/522/522
f 522/522/522 533/533/533 534/534/534
f 522/522/522 534/534/534 523/523/523
f 523/523/523 534/534/534 535/535/535
f 523/523/523 535/535/535 524/524/524
f 524/524/524 535/535/535 536/536/536
f 524/524/524 536/536/536 525/525/525
f 525/525/525 536/536/536 537/537/537
f 525/525/525 537/537/537 526/526/526
f 526/526/526 537/537/537 538/538/538
f 526/526/526 538/538/538 527/527/527
f 527/527/527 538/538/538 539/539/539
f 527/527/527 539/539/539 528/528/528
f 529/529/529 540/540/540 541/541/541
f 529/529/529 541/541/541 530/530/530
f 530/530/530 541/541/541 542/542/542
f 530/530/530 542/542/542 531/531/531
f 531/531/531 542/542/542 543/543/543
f 531/531/531 543/543/543 532/532/532
f 532/532/532 543/543/543 544/544/544
f 532/532/532 544/544/544 533/533/533
f 533/533/533 544/544/544 545/545/545
f 533/533/533 545/545/545 534/534/534
f 534/534/534 545/545/545 546/546/546
f 534/534/534 546/546/546 535/535/535
f 535/535/535 546/546/546 547/547/547
f 535/535/535 547/547/547 536/536/536
f 536/536/536 547/547/547 548/548/548
f 536/536/536 548/548/548 537/537/537
f 537/537/537 548/548/548 549/549/549
f 537/537/537 549/549/549 538/538/538
f 538/538/538 549/549/549 550/550/550
f 538/538/538 550/550/550 539/539/539
f 551/551/551 562/562/562 563/563/563
f 551/551/551 563/563/563 552/552/552
f 552/552/552 563/563/563 564/564/564
f 552/552/552 564/564/564 553/553/553
f 553/553/553 564/564/564 565/565/565
f 553/553/553 565/565/565 554/554/554
f 554/554/554 565/565/565 566/566/566
f 554/554/554 566/566/566 555/555/555
f 555/555/555 566/566/566 567/567/567
f 555/555/555 567/567/567 556/556/556
f 556/556/556 567/567/567 568/568/568
f 556/556/556 568/568/568 557/557/557
f 557/557/557 568/568/568 569/569/569
f 557/557/557 569/569/569 558/558/558
f 558/558/558 569/569/569 570/570/570
f 558/558/558 570/570/570 559/559/559
f 559/559/559 570/570/570 571/571/571
f 559/559/559 571/571/571 560/560/560
f 560/560/560 571/571/571 572/572/572
f 560/560/560 572/572/572 561/561/561
f 562/562/562 573/573/573 574/574/574
f 562/562/562 574/574/574 563/563/563
f 563/563/563 574/574/574 575/575/575
f 563/563/563 575/575/575 564/564/564
f 564/564/564 575/575/575 576/576/576
f 564/564/564 576/576/576 565/565/565
f 565/565/565 576/576/576 577/577/577
f 565/565/565 577/577/577 566/566/566
f 566/566/566 577/577/577 578/578/578
f 566/566/566 578/578/578 567/567/567
f 567/567/567 578/578/578 579/579/579
f 567/567/567 579/579/579 568/568/568
f 568/568/568 579/579/579 580/580/580
f 568/568/568 580/580/580 569/569/569
f 569/569/569 580/580/580 581/581/581
f 569/569/569 581/581/581 570/570/570
f 570/570/570 581/581/581 582/582/582
f 570/570/570 582/582/582 571/571/571
f 571/571/571 582/582/582 583/583/583
f 571/571/571 583/583/583 572/572/572
f 573/573/573 584/584/584 585/585/585
f 573/573/573 585/585/585 574/574/574
f 574/574/574 585/585/585 586/586/586
f 574/574/574 586/586/586 575/575/575
f 575/575/575 586/586/586 587/587/587
f 575/575/575 587/587/587 576/576/576
f 576/576/576 587/587/587 588/588/588
f 576/576/576 588/588/588 577/577/577
f 577/577/577 588/588/588 589/589/589
f 577/577/577 589/589/589 578/578/578
f 578/578/578 589/589/589 590/590/590
f 578/578/578 590/590/590 579/579/579
f 579/579/579 590/590/590 591/591/591
f 579/579/579 591/591/591 580/580/580
f 580/580/580 591/591/591 592/592/592
f 580/580/580 592/592/592 581/581/581
f 581/581/581 592/592/592 593/593/593
f 581/581/581 593/593/593 582/582/582
f 582/582/582 593/593/593 594/594/594
f 582/582/582 594/594/594 583/583/583
f 584/584/584 595/595/595 596/596/596
f 584/584/584 596/596/596 585/585/585
f 585/585/585 596/596/596 597/597/597
f 585/585/585 597/597/597 586/586/586
f 586/586/586 597/597/597 598/598/598
f 586/586/586 598/598/598 587/587/587
f 587/587/587 598/598/598 599/599/599
f 587/587/587 599/599/599 588/588/588
f 588/588/588 599/599/599 600/600/600
f 588/588/588 600/600/600 589/589/589
f 589/589/589 600/600/600 601/601/601
f 589/589/589 601/601/601 590/590/590
f 590/590/590 601/601/601 602/602/602
f 590/590/590 602/602/602 591/591/591
f 591/591/591 602/602/602 603/603/603
f 591/591/591 603/603/603 592/592/592
f 592/592/592 603/603/603 604/604/604
f 592/592/592 604/604/604 593/593/593
f 593/593/593 604/604/604 605/605/605
f 593/593/593 605/605/605 594/594/594
f 595/595/595 606/606/606 607/607/607
f 595/595/595 607/607/607 596/596/596
f 596/596/596 607/607/607 608/608/608
f 596/596/596 608/608/608 597/597/597
f 597/597/597 608/608/608 609/609/609
f 597/597/597 609/609/609 598/598/598
f 598/598/598 609/609/609 610/610/610
f 598/598/598 610/610/610 599/599/599
f 599/599/599 610/610/610 611/611/611
f 599/599/599 611/611/611 600/600/600
f 600/600/600 611/611/611 612/612/612
f 600/600/600 612/612/612 601/601/601
f 601/601/601 612/612/612 613/613/613
f 601/601/601 613/613/613 602/602/602
f 602/602/602 613/613/613 614/614/614
f 602/602/602 614/614/614 603/603/603
f 603/603/603 614/614/614 615/615/615
f 603/603/603 615/615/615 604/604/604
f 604/604/604 615/615/615 616/616/616
f 604/604/604 616/616/616 605/605/605
f 606/606/606 617/617/617 618/618/618
f 606/606/606 618/618/618 607/607/607
f 607/607/607 618/618/618 619/619/619
f 607/607/607 619/619/619 608/608/608
f 608/608/608 619/619/619 620/620/620
f 608/608/608 620/620/620 609/609/609
f 609/609/609 620/620/620 621/621/621
f 609/609/609 621/621/621 610/610/610
f 610/610/610 621/621/621 622/622/622
f 610/610/610 622/622/622 611/611/611
f 611/611/611 622/622/622 623/623/623
f 611/611/611 623/623/623 612/612/612
f 612/612/612 623/623/623 624/624/624
f 612/612/612 624/624/624 613/613/613
f 613/613/613 624/624/624 625/625/625
f 613/613/613 625/625/625 614/614/614
f 614/614/614 625/625/625 626/626/626
f 614/614/614 626/626/626 615/615/615
f 615/615/615 626/626/626 627/627/627
f 615/615/615 627/627/627 616/616/616
f 617/617/617 628/628/628 629/629/629
f 617/617/617 629/629/629 618/618/618
f 618/618/618 629/629/629 630/630/630
f 618/618/618 630/630/630 619/619/619
f 619/619/619 630/630/630 631/631/631
f 619/619/619 631/631/631 620/620/620
f 620/620/620 631/631/631 632/632/632
f 620/620/620 632/632/632 621/621/621
f 621/621/621 632/632/632 633/633/633
f 621/621/621 633/633/633 622/622/622
f 622/622/622 633/633/633 634/634/634
f 622/622/622 634/634/634 623/623/623
f 623/623/623 634/634/634 635/635/635
f 623/623/623 635/635/635 624/624/624
f 624/624/624 635/635/635 636/636/636
f 624/624/624 636/636/636 625/625/625
f 625/625/625 636/636/636 637/637/637
f 625/625/625 637/637/637 626/626/626
f 626/626/626 637/637/637 638/638/638
f 626/626/626 638/638/638 627/627/627
f 628/628/628 639/639/639 640/640/640
f 628/628/628 640/640/640 629/629/629
f 629/629/629 640/640/640 641/641/641
f 629/629/629 641/641/641 630/630/630
f 630/630/630 641/641/641 642/642/642
f 630/630/630 642/642/642 631/631/631
f 631/631/631 642/642/642 643/643/643
f 631/631/631 643/643/643 632/632/632
f 632/632/632 643/643/643 644/644/644
f 632/632/632 644/644/644 633/633/633
f 633/633/633 644/644/644 645/645/645
f 633/633/633 645/645/645 634/634/634
f 634/634/634 645/645/645 646/646/646
f 634/634/634 646/646/646 635/635/635
f 635/635/635 646/646/646 647/647/647
f 635/635/635 647/647/647 636/636/636
f 636/636/636 647/647/647 648/648/648
f 636/636/636 648/648/648 637/637/637
f 637/637/637 648/648/648 649/649/649
f 637/637/637 649/649/649 638/638/638
f 639/639/639 650/650/650 651/651/651
f 639/639/639 651/651/651 640/640/640
f 640/640/640 651/651/651 652/652/652
f 640/640/640 652/652/652 641/641/641
f 641/641/641 652/652/652 653/653/653
f 641/641/641 653/653/653 642/642/642
f 642/642/642 653/653/653 654/654/654
f 642/642/642 654/654/654 643/643/643
f 643/643/643 654/654/654 655/655/655
f 643/643/643 655/655/655 644/644/644
f 644/644/644 655/655/655 656/656/656
f 644/644/644 656/656/656 645/645/645
f 645/645/645 656/656/656 657/657/657
f 645/645/645 657/657/657 646/646/646
f 646/646/646 657/657/657 658/658/658
f 646/646/646 658/658/658 647/647/647
f 647/647/647 658/658/658 659/659/659
f 647/647/647 659/659/659 648/648/648
f 648/648/648 659/659/659 660/660/660
f 648/648/648 660/660/660 649/649/649
f 650/650/650 661/661/661 662/662/662
f 650/650/650 662/662/662 651/651/651
f 651/651/651 662/662/662 663/663/663
f 651/651/651 663/663/663 652/652/652
f 652/652/652 663/663/663 664/664/664
f 652/652/652 664/664/664 653/653/653
f 653/653/653 664/664/664 665/665/665
f 653/653/653 665/665/665 654/654/654
f 654/654/654 665/665/665 666/666/666
f 654/654/654 666/666/666 655/655/655
f 655/655/655 666/666/666 667/667/667
f 655/655/655 667/667/667 656/656/656
f 656/656/656 667/667/667 668/668/668
f 656/656/656 668/668/668 657/657/657
f 657/657/657 668/668/668 669/669/669
f 657/657/657 669/669/669 658/658/658
f 658/658/658 669/669/669 670/670/670
f 658/658/658 670/670/670 659/659/659
f 659/659/659 670/670/670 671/671/671
f 659/659/659 671/671/671 660/660/660
f 661/661/661 672/672/672 673/673/673
f 661/661/661 673/673/673 662/662/662
f 662/662/662 673/673/673 674/674/674
f 662/662/662 674/674/674 663/663/663
f 663/663/663 674/674/674 675/675/675
f 663/663/663 675/675/675 664/664/664
f 664/664/664 675/675/675 676/676/676
f 664/664/664 676/676/676 665/665/665
f 665/665/665 676/676/676 677/677/677
f 665/665/665 677/677/677 666/666/666
f 666/666/666 677/677/677 678/678/678
f 666/666/666 678/678/678 667/667/667
f 667/667/667 678/678/678 679/679/679
f 667/667/667 679/679/679 668/668/668
f 668/668/668 679/679/679 680/680/680
f 668/668/668 680/680/680 669/669/669
f 669/669/669 680/680/680 681/681/681
f 669/669/669 681/681/681 670/670/670
f 670/670/670 681/681/681 682/682/682
f 670/670/670 682/682/682 671/671/671
f 672/672/672 683/683/683 684/684/684
f 672/672/672 684/684/684 673/673/673
f 673/673/673 684/684/684 685/685/685
f 673/673/673 685/685/685 674/674/674
f 674/674/674 685/685/685 686/686/686
f 674/674/674 686/686/686 675/675/675
f 675/675/675 686/686/686 687/687/687
f 675/675/675 687/687/687 676/676/676
f 676/676/676 687/687/687 688/688/688
f 676/676/676 688/688/688 677/677/677
f 677/677/677 688/688/688 689/689/689
f 677/677/677 689/689/689 678/678/678
f 678/678/678 689/689/689 690/690/690
f 678/678/678 690/690/690 679/679/679
f 679/679/679 690/690/690 691/691/691
f 679/679/679 691/691/691 680/680/680
f 680/680/680 691/691/691 692/692/692
f 680/680/680 692/692/692 681/681/681
f 681/681/681 692/692/692 693/693/693
f 681/681/681 693/693/693 682/682/682
f 683/683/683 694/694/694 695/695/695
f 683/683/683 695/695/695 684/684/684
f 684/684/684 695/695/695 696/696/696
f 684/684/684 696/696/696 685/685/685
f 685/685/685 696/696/696 697/697/697
f 685/685/685 697/697/697 686/686/686
f 686/686/686 697/697/697 698/698/698
f 686/686/686 698/698/698 687/687/687
f 687/687/687 698/698/698 699/699/699
f 687/687/687 699/699/699 688/688/688
f 688/688/688 699/699/699 700/700/700
f 688/688/688 700/700/700 689/689/689
f 689/689/689 700/700/700 701/701/701
f 689/689/689 701/701/701 690/690/690
f 690/690/690 701/701/701 702/702/702
f 690/690/690 702/702/702 691/691/691
f 691/691/691 702/702/702 703/703/703
f 691/691/691 703/703/703 692/692/692
f 692/692/692 703/703/703 704/704/704
f 692/692/692 704/704/704 693/693/693
f 694/694/694 705/705/705 706/706/706
f 694/694/694 706/706/706 695/695/695
f 695/695/695 706/706/706 707/707/707
f 695/695/695 707/707/707 696/696/696
f 696/696/696 707/707/707 708/708/708
f 696/696/696 708/708/708 697/697/697
f 697/697/697 708/708/708 709/709/709
f 697/697/697 709/709/709 698/698/698
f 698/698/698 709/709/709 710/710/710
f 698/698/698 710/710/710 699/699/699
f 699/699/699 710/710/710 711/711/711
f 699/699/699 711/711/711 700/700/700
f 700/700/700 711/711/711 712/712/712
f 700/700/700 712/712/712 701/701/701
f 701/701/701 712/712/712 713/713/713
f 701/701/701 713/713/713 702/702/702
f 702/702/702 713/713/713 714/714/714
f 702/702/702 714/714/714 703/703/703
f 703/703/703 714/714/714 715/715/715
f 703/703/703 715/715/715 704/704/704
f 705/705/705 716/716/716 717/717/717
f 705/705/705 717/717/717 706/706/706
f 706/706/706 717/717/717 718/718/718
f 706/706/706 718/718/718 707/707/707
f 707/707/707 718/718/718 719/719/719
f 707/707/707 719/719/719 708/708/708
f 708/708/708 719/719/719 720/720/720
f 708/708/708 720/720/720 709/709/709
f 709/709/709 720/720/720 721/721/721
f 709/709/709 721/721/721 710/710/710
f 710/710/710 721/721/721 722/722/722
f 710/710/710 722/722/722 711/711/711
f 711/711/711 722/722/722 723/723/723
f 711/711/711 723/723/723 712/712/712
f 712/712/712 723/723/723 724/724/724
f 712/712/712 724/724/724 713/713/713
f 713/713/713 724/724/724 725/725/725
f 713/713/713 725/725/725 714/714/714
f 714/714/714 725/725/725 726/726/726
f 714/714/714 726/726/726 715/715/715
f 716/716/716 727/727/727 728/728/728
f 716/716/716 728/728/728 717/717/717
f 717/717/717 728/728/728 729/729/729
f 717/717/717 729/729/729 718/718/718
f 718/718/718 729/729/729 730/730/730
f 718/718/718 730/730/730 719/719/719
f 719/719/719 730/730/730 731/731/731
f 719/719/719 731/731/731 720/720/720
f 720/720/720 731/731/731 732/732/732
f 720/720/720 732/732/732 721/721/721
f 721/721/721 732/732/732 733/733/733
f 721/721/721 733/733/733 722/722/722
f 722/722/722 733/733/733 734/734/734
f 722/722/722 734/734/734 723/723/723
f 723/723/723 734/734/734 735/735/735
f 723/723/723 735/735/735 724/724/724
f 724/724/724 735/735/735 736/736/736
f 724/724/724 736/736/736 725/725/725
f 725/725/725 736/736/736 737/737/737
f 725/725/725 737/737/737 726/726/726
f 727/727/727 738/738/738 739/739/739
f 727/727/727 739/739/739 728/728/728
f 728/728/728 739/739/739 740/740/740
f 728/728/728 740/740/740 729/729/729
f 729/729/729 740/740/740 741/741/741
f 729/729/729 741/741/741 730/730/730
f 730/730/730 741/741/741 742/742/742
f 730/730/730 742/742/742 731/731/731
f 731/731/731 742/742/742 743/743/743
f 731/731/731 743/743/743 732/732/732
f 732/732/732 743/743/743 744/744/744
f 732/732/732 744/744/744 733/733/733
f 733/733/733 744/744/744 745/745/745
f 733/733/733 745/745/745 734/734/734
f 734/734/734 745/745/745 746/746/746
f 734/734/734 746/746/746 735/735/735
f 735/735/735 746/746/746 747/747/747
f 735/735/735 747/747/747 736/736/736
f 736/736/736 747/747/747 748/748/748
f 736/736/736 748/748/748 737/737/737
f 738/738/738 749/749/749 750/750/750
f 738/738/738 750/750/750 739/739/739
f 739/739/739 750/750/750 751/751/751
f 739/739/739 751/751/751 740/740/740
f 740/740/740 751/751/751 752/752/752
f 740/740/740 752/752/752 741/741/741
f 741/741/741 752/752/752 753/753/753
f 741/741/741 753/753/753 742/742/742
f 742/742/742 753/753/753 754/754/754
f 742/742/742 754/754/754 743/743/743
f 743/743/743 754/754/754 755/755/755
f 743/743/743 755/755/755 744/744/744
f 744/744/744 755/755/755 756/756/756
f 744/744/744 756/756/756 745/745/745
f 745/745/745 756/756/756 757/757/757
f 745/745/745 757/757/757 746/746/746
f 746/746/746 757/757/757 758/758/758
f 746/746/746 758/758/758 747/747/747
f 747/747/747 758/758/758 759/759/759
f 747/747/747 759/759/759 748/748/748
f 749/749/749 760/760/760 761/761/761
f 749/749/749 761/761/761 750/750/750
f 750/750/750 761/761/761 762/762/762
f 750/750/750 762/762/762 751/751/751
f 751/751/751 762/762/762 763/763/763
f 751/751/751 763/763/763 752/752/752
f 752/752/752 763/763/763 764/764/764
f 752/752/752 764/764/764 753/753/753
f 753/753/753 764/764/764 765/765/765
f 753/753/753 765/765/765 754/754/754
f 754/754/754 765/765/765 766/766/766
f 754/754/754 766/766/766 755/755/755
f 755/755/755 766/766/766 767/767/767
f 755/755/755 767/767/767 756/756/756
f 756/756/756 767/767/767 768/768/768
f 756/756/756 768/768/768 757/757/757
f 757/757/757 768/768/768 769/769/769
f 757/757/757 769/769/769 758/758/758
f 758/758/758 769/769/769 770/770/770
f 758/758/758 770/770/770 759/759/759
f 760/760/760 771/771/771 772/772/772
f 760/760/760 772/772/772 761/761/761
f 761/761/761 772/772/772 773/773/773
f 761/761/761 773/773/773 762/762/762
f 762/762/762 773/773/773 774/774/774
f 762/762/762 774/774/774 763/763/763
f 763/763/763 774/774/774 775/775/775
f 763/763/763 775/775/775 764/764/764
f 764/764/764 775/775/775 776/776/776
f 764/764/764 776/776/776 765/765/765
f 765/765/765 776/776/776 777/777/777
f 765/765/765 777/777/777 766/766/766
f 766/766/766 777/777/777 778/778/778
f 766/766/766 778/778/778 767/767/767
f 767/767/767 778/778/778 779/779/779
f 767/767/767 779/779/779 768/768/768
f 768/768/768 779/779/779 780/780/780
f 768/768/768 780/780/780 769/769/769
f 769/769/769 780/780/780 781/781/781
f 769/769/769 781/781/781 770/770/770
f 771/771/771 782/782/782 783/783/783
f 771/771/771 783/783/783 772/772/772
f 772/772/772 783/783/783 784/784/784
f 772/772/772 784/784/784 773/773/773
f 773/773/773 784/784/784 785/785/785
f 773/773/773 785/785/785 774/774/774
f 774/774/774 785/785/785 786/786/786
f 774/774/774 786/786/786 775/775/775
f 775/775/775 786/786/786 787/787/787
f 775/775/775 787/787/787 776/776/776
f 776/776/776 787/787/787 788/788/788
f 776/776/776 788/788/788 777/777/777
f 777/777/777 788/788/788 789/789/789
f 777/777/777 789/789/789 778/778/778
f 778/778/778 789/789/789 790/790/790
f 778/778/778 790/790/790 779/779/779
f 779/779/779 790/790/790 791/791/791
f 779/779/779 791/791/791 780/780/780
f 780/780/780 791/791/791 792/792/792
f 780/780/780 792/792/792 781/781/781
f 782/782/782 793/793/793 794/794/794
f 782/782/782 794/794/794 783/783/783
f 783/783/783 794/794/794 795/795/795
f 783/783/783 795/795/795 784/784/784
f 784/784/784 795/795/795 796/796/796
f 784/784/784 796/796/796 785/785/785
f 785/785/785 796/796/796 797/797/797
f 785/785/785 797/797/797 786/786/786
f 786/786/786 797/797/797 798/798/798
f 786/786/786 798/798/798 787/787/787
f 787/787/787 798/798/798 799/799/799
f 787/787/787 799/799/799 788/788/788
f 788/788/788 799/799/799 800/800/800
f 788/788/788 800/800/800 789/789/789
f 789/789/789 800/800/800 801/801/801
f 789/789/789 801/801/801 790/790/790
f 790/790/790 801/801/801 802/802/802
f 790/790/790 802/802/802 791/791/791
f 791/791/791 802/802/802 803/803/803
f 791/791/791 803/803/803 792/792/792
f 793/793/793 804/804/804 805/805/805
f 793/793/793 805/805/805 794/794/794
f 794/794/794 805/805/805 806/806/806
f 794/794/794 806/806/806 795/795/795
f 795/795/795 806/806/806 807/807/807
f 795/795/795 807/807/807 796/796/796
f 796/796/796 807/807/807 808/808/808
f 796/796/796 808/808/808 797/797/797
f 797/797/797 808/808/808 809/809/809
f 797/797/797 809/809/809 798/798/798
f 798/798/798 809/809/809 810/810/810
f 798/798/798 810/810/810 799/799/799
f 799/799/799 810/810/810 811/811/811
f 799/799/799 811/811/811 800/800/800
f 800/800/800 811/811/811 812/812/812
f 800/800/800 812/812/812 801/801/801
f 801/801/801 812/812/812 813/813/813
f 801/801/801 813/813/813 802/802/802
f 802/802/802 813/813/813 814/814/814
f 802/802/802 814/814/814 803/803/803
f 804/804/804 815/815/815 816/816/816
f 804/804/804 816/816/816 805/805/805
f 805/805/805 816/816/816 817/817/817
f 805/805/805 817/817/817 806/806/806
f 806/806/806 817/817/817 818/818/818
f 806/806/806 818/818/818 807/807/807
f 807/807/807 818/818/818 819/819/819
f 807/807/807 819/819/819 808/808/808
f 808/808/808 819/819/819 820/820/820
f 808/808/808 820/820/820 809/809/809
f 809/809/809 820/820/820 821/821/821
f 809/809/809 821/821/821 810/810/810
f 810/810/810 821/821/821 822/822/822
f 810/810/810 822/822/822 811/811/811
f 811/811/811 822/822/822 823/823/823
f 811/811/811 823/823/823 812/812/812
f 812/812/812 823/823/823 824/824/824
f 812/812/812 824/824/824 813/813/813
f 813/813/813 824/824/824 825/825/825
f 813/813/813 825/825/825 814/814/814
