# procedural asset
v 0.00000 1.55000 0.00000
v 0.16111 1.61111 0.00000
v 0.32222 1.67222 0.00000
v 0.48333 1.73333 0.00000
v 0.64444 1.79444 0.00000
v 0.80556 1.85556 0.00000
v 0.96667 1.91667 0.00000
v 1.12778 1.97778 0.00000
v 1.28889 2.03889 0.00000
v 1.45000 2.10000 0.00000
v 1.28889 2.27222 0.00000
v 1.12778 2.44444 0.00000
v 0.96667 2.61667 0.00000
v 0.80556 2.78889 0.00000
v 0.64444 2.96111 0.00000
v 0.48333 3.13333 0.00000
v 0.32222 3.30556 0.00000
v 0.16111 3.47778 0.00000
v 0.00000 3.65000 0.00000
v 0.00000 1.55000 0.00000
v 0.15139 1.61111 0.05510
v 0.30279 1.67222 0.11021
v 0.45418 1.73333 0.16531
v 0.60558 1.79444 0.22041
v 0.75697 1.85556 0.27552
v 0.90837 1.91667 0.33062
v 1.05976 1.97778 0.38572
v 1.21116 2.03889 0.44083
v 1.36255 2.10000 0.49593
v 1.21116 2.27222 0.44083
v 1.05976 2.44444 0.38572
v 0.90837 2.61667 0.33062
v 0.75697 2.78889 0.27552
v 0.60558 2.96111 0.22041
v 0.45418 3.13333 0.16531
v 0.30279 3.30556 0.11021
v 0.15139 3.47778 0.05510
v 0.00000 3.65000 0.00000
v 0.00000 1.55000 0.00000
v 0.12342 1.61111 0.10356
v 0.24684 1.67222 0.20712
v 0.37025 1.73333 0.31068
v 0.49367 1.79444 0.41424
v 0.61709 1.85556 0.51780
v 0.74051 1.91667 0.62136
v 0.86393 1.97778 0.72492
v 0.98735 2.03889 0.82848
v 1.11076 2.10000 0.93204
v 0.98735 2.27222 0.82848
v 0.86393 2.44444 0.72492
v 0.74051 2.61667 0.62136
v 0.61709 2.78889 0.51780
v 0.49367 2.96111 0.41424
v 0.37025 3.13333 0.31068
v 0.24684 3.30556 0.20712
v 0.12342 3.47778 0.10356
v 0.00000 3.65000 0.00000
v 0.00000 1.55000 0.00000
v 0.08056 1.61111 0.13953
v 0.16111 1.67222 0.27905
v 0.24167 1.73333 0.41858
v 0.32222 1.79444 0.55811
v 0.40278 1.85556 0.69763
v 0.48333 1.91667 0.83716
v 0.56389 1.97778 0.97668
v 0.64444 2.03889 1.11621
v 0.72500 2.10000 1.25574
v 0.64444 2.27222 1.11621
v 0.56389 2.44444 0.97668
v 0.48333 2.61667 0.83716
v 0.40278 2.78889 0.69763
v 0.32222 2.96111 0.55811
v 0.24167 3.13333 0.41858
v 0.16111 3.30556 0.27905
v 0.08056 3.47778 0.13953
v 0.00000 3.65000 0.00000
v 0.00000 1.55000 0.00000
v 0.02798 1.61111 0.15866
v 0.05595 1.67222 0.31733
v 0.08393 1.73333 0.47599
v 0.11191 1.79444 0.63465
v 0.13988 1.85556 0.79332
v 0.16786 1.91667 0.95198
v 0.19584 1.97778 1.11064
v 0.22381 2.03889 1.26931
v 0.25179 2.10000 1.42797
v 0.22381 2.27222 1.26931
v 0.19584 2.44444 1.11064
v 0.16786 2.61667 0.95198
v 0.13988 2.78889 0.79332
v 0.11191 2.96111 0.63465
v 0.08393 3.13333 0.47599
v 0.05595 3.30556 0.31733
v 0.02798 3.47778 0.15866
v 0.00000 3.65000 0.00000
v 0.00000 1.55000 0.00000
v -0.02798 1.61111 0.15866
v -0.05595 1.67222 0.31733
v -0.08393 1.73333 0.47599
v -0.11191 1.79444 0.63465
v -0.13988 1.85556 0.79332
v -0.16786 1.91667 0.95198
v -0.19584 1.97778 1.11064
v -0.22381 2.03889 1.26931
v -0.25179 2.10000 1.42797
v -0.22381 2.27222 1.26931
v -0.19584 2.44444 1.11064
v -0.16786 2.61667 0.95198
v -0.13988 2.78889 0.79332
v -0.11191 2.96111 0.63465
v -0.08393 3.13333 0.47599
v -0.05595 3.30556 0.31733
v -0.02798 3.47778 0.15866
v 0.00000 3.65000 0.00000
v 0.00000 1.55000 0.00000
v -0.08056 1.61111 0.13953
v -0.16111 1.67222 0.27905
v -0.24167 1.73333 0.41858
v -0.32222 1.79444 0.55811
v -0.40278 1.85556 0.69763
v -0.48333 1.91667 0.83716
v -0.56389 1.97778 0.97668
v -0.64444 2.03889 1.11621
v -0.72500 2.10000 1.25574
v -0.64444 2.27222 1.11621
v -0.56389 2.44444 0.97668
v -0.48333 2.61667 0.83716
v -0.40278 2.78889 0.69763
v -0.32222 2.96111 0.55811
v -0.24167 3.13333 0.41858
v -0.16111 3.30556 0.27905
v -0.08056 3.47778 0.13953
v 0.00000 3.65000 0.00000
v 0.00000 1.55000 0.00000
v -0.12342 1.61111 0.10356
v -0.24684 1.67222 0.20712
v -0.37025 1.73333 0.31068
v -0.49367 1.79444 0.41424
v -0.61709 1.85556 0.51780
v -0.74051 1.91667 0.62136
v -0.86393 1.97778 0.72492
v -0.98735 2.03889 0.82848
v -1.11076 2.10000 0.93204
v -0.98735 2.27222 0.82848
v -0.86393 2.44444 0.72492
v -0.74051 2.61667 0.62136
v -0.61709 2.78889 0.51780
v -0.49367 2.96111 0.41424
v -0.37025 3.13333 0.31068
v -0.24684 3.30556 0.20712
v -0.12342 3.47778 0.10356
v 0.00000 3.65000 0.00000
v 0.00000 1.55000 0.00000
v -0.15139 1.61111 0.05510
v -0.30279 1.67222 0.11021
v -0.45418 1.73333 0.16531
v -0.60558 1.79444 0.22041
v -0.75697 1.85556 0.27552
v -0.90837 1.91667 0.33062
v -1.05976 1.97778 0.38572
v -1.21116 2.03889 0.44083
v -1.36255 2.10000 0.49593
v -1.21116 2.27222 0.44083
v -1.05976 2.44444 0.38572
v -0.90837 2.61667 0.33062
v -0.75697 2.78889 0.27552
v -0.60558 2.96111 0.22041
v -0.45418 3.13333 0.16531
v -0.30279 3.30556 0.11021
v -0.15139 3.47778 0.05510
v 0.00000 3.65000 0.00000
v 0.00000 1.55000 0.00000
v -0.16111 1.61111 0.00000
v -0.32222 1.67222 0.00000
v -0.48333 1.73333 0.00000
v -0.64444 1.79444 0.00000
v -0.80556 1.85556 0.00000
v -0.96667 1.91667 0.00000
v -1.12778 1.97778 0.00000
v -1.28889 2.03889 0.00000
v -1.45000 2.10000 0.00000
v -1.28889 2.27222 0.00000
v -1.12778 2.44444 0.00000
v -0.96667 2.61667 0.00000
v -0.80556 2.78889 0.00000
v -0.64444 2.96111 0.00000
v -0.48333 3.13333 0.00000
v -0.32222 3.30556 0.00000
v -0.16111 3.47778 0.00000
v 0.00000 3.65000 0.00000
v 0.00000 1.55000 0.00000
v -0.15139 1.61111 -0.05510
v -0.30279 1.67222 -0.11021
v -0.45418 1.73333 -0.16531
v -0.60558 1.79444 -0.22041
v -0.75697 1.85556 -0.27552
v -0.90837 1.91667 -0.33062
v -1.05976 1.97778 -0.38572
v -1.21116 2.03889 -0.44083
v -1.36255 2.10000 -0.49593
v -1.21116 2.27222 -0.44083
v -1.05976 2.44444 -0.38572
v -0.90837 2.61667 -0.33062
v -0.75697 2.78889 -0.27552
v -0.60558 2.96111 -0.22041
v -0.45418 3.13333 -0.16531
v -0.30279 3.30556 -0.11021
v -0.15139 3.47778 -0.05510
v 0.00000 3.65000 0.00000
v 0.00000 1.55000 0.00000
v -0.12342 1.61111 -0.10356
v -0.24684 1.67222 -0.20712
v -0.37025 1.73333 -0.31068
v -0.49367 1.79444 -0.41424
v -0.61709 1.85556 -0.51780
v -0.74051 1.91667 -0.62136
v -0.86393 1.97778 -0.72492
v -0.98735 2.03889 -0.82848
v -1.11076 2.10000 -0.93204
v -0.98735 2.27222 -0.82848
v -0.86393 2.44444 -0.72492
v -0.74051 2.61667 -0.62136
v -0.61709 2.78889 -0.51780
v -0.49367 2.96111 -0.41424
v -0.37025 3.13333 -0.31068
v -0.24684 3.30556 -0.20712
v -0.12342 3.47778 -0.10356
v 0.00000 3.65000 0.00000
v 0.00000 1.55000 0.00000
v -0.08056 1.61111 -0.13953
v -0.16111 1.67222 -0.27905
v -0.24167 1.73333 -0.41858
v -0.32222 1.79444 -0.55811
v -0.40278 1.85556 -0.69763
v -0.48333 1.91667 -0.83716
v -0.56389 1.97778 -0.97668
v -0.64444 2.03889 -1.11621
v -0.72500 2.10000 -1.25574
v -0.64444 2.27222 -1.11621
v -0.56389 2.44444 -0.97668
v -0.48333 2.61667 -0.83716
v -0.40278 2.78889 -0.69763
v -0.32222 2.96111 -0.55811
v -0.24167 3.13333 -0.41858
v -0.16111 3.30556 -0.27905
v -0.08056 3.47778 -0.13953
v 0.00000 3.65000 0.00000
v 0.00000 1.55000 0.00000
v -0.02798 1.61111 -0.15866
v -0.05595 1.67222 -0.31733
v -0.08393 1.73333 -0.47599
v -0.11191 1.79444 -0.63465
v -0.13988 1.85556 -0.79332
v -0.16786 1.91667 -0.95198
v -0.19584 1.97778 -1.11064
v -0.22381 2.03889 -1.26931
v -0.25179 2.10000 -1.42797
v -0.22381 2.27222 -1.26931
v -0.19584 2.44444 -1.11064
v -0.16786 2.61667 -0.95198
v -0.13988 2.78889 -0.79332
v -0.11191 2.96111 -0.63465
v -0.08393 3.13333 -0.47599
v -0.05595 3.30556 -0.31733
v -0.02798 3.47778 -0.15866
v 0.00000 3.65000 0.00000
v 0.00000 1.55000 0.00000
v 0.02798 1.61111 -0.15866
v 0.05595 1.67222 -0.31733
v 0.08393 1.73333 -0.47599
v 0.11191 1.79444 -0.63465
v 0.13988 1.85556 -0.79332
v 0.16786 1.91667 -0.95198
v 0.19584 1.97778 -1.11064
v 0.22381 2.03889 -1.26931
v 0.25179 2.10000 -1.42797
v 0.22381 2.27222 -1.26931
v 0.19584 2.44444 -1.11064
v 0.16786 2.61667 -0.95198
v 0.13988 2.78889 -0.79332
v 0.11191 2.96111 -0.63465
v 0.08393 3.13333 -0.47599
v 0.05595 3.30556 -0.31733
v 0.02798 3.47778 -0.15866
v 0.00000 3.65000 0.00000
v 0.00000 1.55000 0.00000
v 0.08056 1.61111 -0.13953
v 0.16111 1.67222 -0.27905
v 0.24167 1.73333 -0.41858
v 0.32222 1.79444 -0.55811
v 0.40278 1.85556 -0.69763
v 0.48333 1.91667 -0.83716
v 0.56389 1.97778 -0.97668
v 0.64444 2.03889 -1.11621
v 0.72500 2.10000 -1.25574
v 0.64444 2.27222 -1.11621
v 0.56389 2.44444 -0.97668
v 0.48333 2.61667 -0.83716
v 0.40278 2.78889 -0.69763
v 0.32222 2.96111 -0.55811
v 0.24167 3.13333 -0.41858
v 0.16111 3.30556 -0.27905
v 0.08056 3.47778 -0.13953
v 0.00000 3.65000 0.00000
v 0.00000 1.55000 0.00000
v 0.12342 1.61111 -0.10356
v 0.24684 1.67222 -0.20712
v 0.37025 1.73333 -0.31068
v 0.49367 1.79444 -0.41424
v 0.61709 1.85556 -0.51780
v 0.74051 1.91667 -0.62136
v 0.86393 1.97778 -0.72492
v 0.98735 2.03889 -0.82848
v 1.11076 2.10000 -0.93204
v 0.98735 2.27222 -0.82848
v 0.86393 2.44444 -0.72492
v 0.74051 2.61667 -0.62136
v 0.61709 2.78889 -0.51780
v 0.49367 2.96111 -0.41424
v 0.37025 3.13333 -0.31068
v 0.24684 3.30556 -0.20712
v 0.12342 3.47778 -0.10356
v 0.00000 3.65000 0.00000
v 0.00000 1.55000 0.00000
v 0.15139 1.61111 -0.05510
v 0.30279 1.67222 -0.11021
v 0.45418 1.73333 -0.16531
v 0.60558 1.79444 -0.22041
v 0.75697 1.85556 -0.27552
v 0.90837 1.91667 -0.33062
v 1.05976 1.97778 -0.38572
v 1.21116 2.03889 -0.44083
v 1.36255 2.10000 -0.49593
v 1.21116 2.27222 -0.44083
v 1.05976 2.44444 -0.38572
v 0.90837 2.61667 -0.33062
v 0.75697 2.78889 -0.27552
v 0.60558 2.96111 -0.22041
v 0.45418 3.13333 -0.16531
v 0.30279 3.30556 -0.11021
v 0.15139 3.47778 -0.05510
v 0.00000 3.65000 0.00000
v 0.00000 1.55000 0.00000
v 0.16111 1.61111 -0.00000
v 0.32222 1.67222 -0.00000
v 0.48333 1.73333 -0.00000
v 0.64444 1.79444 -0.00000
v 0.80556 1.85556 -0.00000
v 0.96667 1.91667 -0.00000
v 1.12778 1.97778 -0.00000
v 1.28889 2.03889 -0.00000
v 1.45000 2.10000 -0.00000
v 1.28889 2.27222 -0.00000
v 1.12778 2.44444 -0.00000
v 0.96667 2.61667 -0.00000
v 0.80556 2.78889 -0.00000
v 0.64444 2.96111 -0.00000
v 0.48333 3.13333 -0.00000
v 0.32222 3.30556 -0.00000
v 0.16111 3.47778 -0.00000
v 0.00000 3.65000 0.00000
v 0.00000 2.30000 0.00000
v 0.11667 2.35000 0.00000
v 0.23333 2.40000 0.00000
v 0.35000 2.45000 0.00000
v 0.46667 2.50000 0.00000
v 0.58333 2.55000 0.00000
v 0.70000 2.60000 0.00000
v 0.81667 2.65000 0.00000
v 0.93333 2.70000 0.00000
v 1.05000 2.75000 0.00000
v 0.93333 2.87778 0.00000
v 0.81667 3.00556 0.00000
v 0.70000 3.13333 0.00000
v 0.58333 3.26111 0.00000
v 0.46667 3.38889 0.00000
v 0.35000 3.51667 0.00000
v 0.23333 3.64444 0.00000
v 0.11667 3.77222 0.00000
v 0.00000 3.90000 0.00000
v 0.00000 2.30000 0.00000
v 0.10963 2.35000 0.03990
v 0.21926 2.40000 0.07980
v 0.32889 2.45000 0.11971
v 0.43852 2.50000 0.15961
v 0.54815 2.55000 0.19951
v 0.65778 2.60000 0.23941
v 0.76742 2.65000 0.27932
v 0.87705 2.70000 0.31922
v 0.98668 2.75000 0.35912
v 0.87705 2.87778 0.31922
v 0.76742 3.00556 0.27932
v 0.65778 3.13333 0.23941
v 0.54815 3.26111 0.19951
v 0.43852 3.38889 0.15961
v 0.32889 3.51667 0.11971
v 0.21926 3.64444 0.07980
v 0.10963 3.77222 0.03990
v 0.00000 3.90000 0.00000
v 0.00000 2.30000 0.00000
v 0.08937 2.35000 0.07499
v 0.17874 2.40000 0.14998
v 0.26812 2.45000 0.22498
v 0.35749 2.50000 0.29997
v 0.44686 2.55000 0.37496
v 0.53623 2.60000 0.44995
v 0.62560 2.65000 0.52494
v 0.71497 2.70000 0.59994
v 0.80435 2.75000 0.67493
v 0.71497 2.87778 0.59994
v 0.62560 3.00556 0.52494
v 0.53623 3.13333 0.44995
v 0.44686 3.26111 0.37496
v 0.35749 3.38889 0.29997
v 0.26812 3.51667 0.22498
v 0.17874 3.64444 0.14998
v 0.08937 3.77222 0.07499
v 0.00000 3.90000 0.00000
v 0.00000 2.30000 0.00000
v 0.05833 2.35000 0.10104
v 0.11667 2.40000 0.20207
v 0.17500 2.45000 0.30311
v 0.23333 2.50000 0.40415
v 0.29167 2.55000 0.50518
v 0.35000 2.60000 0.60622
v 0.40833 2.65000 0.70725
v 0.46667 2.70000 0.80829
v 0.52500 2.75000 0.90933
v 0.46667 2.87778 0.80829
v 0.40833 3.00556 0.70725
v 0.35000 3.13333 0.60622
v 0.29167 3.26111 0.50518
v 0.23333 3.38889 0.40415
v 0.17500 3.51667 0.30311
v 0.11667 3.64444 0.20207
v 0.05833 3.77222 0.10104
v 0.00000 3.90000 0.00000
v 0.00000 2.30000 0.00000
v 0.02026 2.35000 0.11489
v 0.04052 2.40000 0.22979
v 0.06078 2.45000 0.34468
v 0.08104 2.50000 0.45958
v 0.10129 2.55000 0.57447
v 0.12155 2.60000 0.68937
v 0.14181 2.65000 0.80426
v 0.16207 2.70000 0.91915
v 0.18233 2.75000 1.03405
v 0.16207 2.87778 0.91915
v 0.14181 3.00556 0.80426
v 0.12155 3.13333 0.68937
v 0.10129 3.26111 0.57447
v 0.08104 3.38889 0.45958
v 0.06078 3.51667 0.34468
v 0.04052 3.64444 0.22979
v 0.02026 3.77222 0.11489
v 0.00000 3.90000 0.00000
v 0.00000 2.30000 0.00000
v -0.02026 2.35000 0.11489
v -0.04052 2.40000 0.22979
v -0.06078 2.45000 0.34468
v -0.08104 2.50000 0.45958
v -0.10129 2.55000 0.57447
v -0.12155 2.60000 0.68937
v -0.14181 2.65000 0.80426
v -0.16207 2.70000 0.91915
v -0.18233 2.75000 1.03405
v -0.16207 2.87778 0.91915
v -0.14181 3.00556 0.80426
v -0.12155 3.13333 0.68937
v -0.10129 3.26111 0.57447
v -0.08104 3.38889 0.45958
v -0.06078 3.51667 0.34468
v -0.04052 3.64444 0.22979
v -0.02026 3.77222 0.11489
v 0.00000 3.90000 0.00000
v 0.00000 2.30000 0.00000
v -0.05833 2.35000 0.10104
v -0.11667 2.40000 0.20207
v -0.17500 2.45000 0.30311
v -0.23333 2.50000 0.40415
v -0.29167 2.55000 0.50518
v -0.35000 2.60000 0.60622
v -0.40833 2.65000 0.70725
v -0.46667 2.70000 0.80829
v -0.52500 2.75000 0.90933
v -0.46667 2.87778 0.80829
v -0.40833 3.00556 0.70725
v -0.35000 3.13333 0.60622
v -0.29167 3.26111 0.50518
v -0.23333 3.38889 0.40415
v -0.17500 3.51667 0.30311
v -0.11667 3.64444 0.20207
v -0.05833 3.77222 0.10104
v 0.00000 3.90000 0.00000
v 0.00000 2.30000 0.00000
v -0.08937 2.35000 0.07499
v -0.17874 2.40000 0.14998
v -0.26812 2.45000 0.22498
v -0.35749 2.50000 0.29997
v -0.44686 2.55000 0.37496
v -0.53623 2.60000 0.44995
v -0.62560 2.65000 0.52494
v -0.71497 2.70000 0.59994
v -0.80435 2.75000 0.67493
v -0.71497 2.87778 0.59994
v -0.62560 3.00556 0.52494
v -0.53623 3.13333 0.44995
v -0.44686 3.26111 0.37496
v -0.35749 3.38889 0.29997
v -0.26812 3.51667 0.22498
v -0.17874 3.64444 0.14998
v -0.08937 3.77222 0.07499
v 0.00000 3.90000 0.00000
v 0.00000 2.30000 0.00000
v -0.10963 2.35000 0.03990
v -0.21926 2.40000 0.07980
v -0.32889 2.45000 0.11971
v -0.43852 2.50000 0.15961
v -0.54815 2.55000 0.19951
v -0.65778 2.60000 0.23941
v -0.76742 2.65000 0.27932
v -0.87705 2.70000 0.31922
v -0.98668 2.75000 0.35912
v -0.87705 2.87778 0.31922
v -0.76742 3.00556 0.27932
v -0.65778 3.13333 0.23941
v -0.54815 3.26111 0.19951
v -0.43852 3.38889 0.15961
v -0.32889 3.51667 0.11971
v -0.21926 3.64444 0.07980
v -0.10963 3.77222 0.03990
v 0.00000 3.90000 0.00000
v 0.00000 2.30000 0.00000
v -0.11667 2.35000 0.00000
v -0.23333 2.40000 0.00000
v -0.35000 2.45000 0.00000
v -0.46667 2.50000 0.00000
v -0.58333 2.55000 0.00000
v -0.70000 2.60000 0.00000
v -0.81667 2.65000 0.00000
v -0.93333 2.70000 0.00000
v -1.05000 2.75000 0.00000
v -0.93333 2.87778 0.00000
v -0.81667 3.00556 0.00000
v -0.70000 3.13333 0.00000
v -0.58333 3.26111 0.00000
v -0.46667 3.38889 0.00000
v -0.35000 3.51667 0.00000
v -0.23333 3.64444 0.00000
v -0.11667 3.77222 0.00000
v 0.00000 3.90000 0.00000
v 0.00000 2.30000 0.00000
v -0.10963 2.35000 -0.03990
v -0.21926 2.40000 -0.07980
v -0.32889 2.45000 -0.11971
v -0.43852 2.50000 -0.15961
v -0.54815 2.55000 -0.19951
v -0.65778 2.60000 -0.23941
v -0.76742 2.65000 -0.27932
v -0.87705 2.70000 -0.31922
v -0.98668 2.75000 -0.35912
v -0.87705 2.87778 -0.31922
v -0.76742 3.00556 -0.27932
v -0.65778 3.13333 -0.23941
v -0.54815 3.26111 -0.19951
v -0.43852 3.38889 -0.15961
v -0.32889 3.51667 -0.11971
v -0.21926 3.64444 -0.07980
v -0.10963 3.77222 -0.03990
v 0.00000 3.90000 0.00000
v 0.00000 2.30000 0.00000
v -0.08937 2.35000 -0.07499
v -0.17874 2.40000 -0.14998
v -0.26812 2.45000 -0.22498
v -0.35749 2.50000 -0.29997
v -0.44686 2.55000 -0.37496
v -0.53623 2.60000 -0.44995
v -0.62560 2.65000 -0.52494
v -0.71497 2.70000 -0.59994
v -0.80435 2.75000 -0.67493
v -0.71497 2.87778 -0.59994
v -0.62560 3.00556 -0.52494
v -0.53623 3.13333 -0.44995
v -0.44686 3.26111 -0.37496
v -0.35749 3.38889 -0.29997
v -0.26812 3.51667 -0.22498
v -0.17874 3.64444 -0.14998
v -0.08937 3.77222 -0.07499
v 0.00000 3.90000 0.00000
v 0.00000 2.30000 0.00000
v -0.05833 2.35000 -0.10104
v -0.11667 2.40000 -0.20207
v -0.17500 2.45000 -0.30311
v -0.23333 2.50000 -0.40415
v -0.29167 2.55000 -0.50518
v -0.35000 2.60000 -0.60622
v -0.40833 2.65000 -0.70725
v -0.46667 2.70000 -0.80829
v -0.52500 2.75000 -0.90933
v -0.46667 2.87778 -0.80829
v -0.40833 3.00556 -0.70725
v -0.35000 3.13333 -0.60622
v -0.29167 3.26111 -0.50518
v -0.23333 3.38889 -0.40415
v -0.17500 3.51667 -0.30311
v -0.11667 3.64444 -0.20207
v -0.05833 3.77222 -0.10104
v 0.00000 3.90000 0.00000
v 0.00000 2.30000 0.00000
v -0.02026 2.35000 -0.11489
v -0.04052 2.40000 -0.22979
v -0.06078 2.45000 -0.34468
v -0.08104 2.50000 -0.45958
v -0.10129 2.55000 -0.57447
v -0.12155 2.60000 -0.68937
v -0.14181 2.65000 -0.80426
v -0.16207 2.70000 -0.91915
v -0.18233 2.75000 -1.03405
v -0.16207 2.87778 -0.91915
v -0.14181 3.00556 -0.80426
v -0.12155 3.13333 -0.68937
v -0.10129 3.26111 -0.57447
v -0.08104 3.38889 -0.45958
v -0.06078 3.51667 -0.34468
v -0.04052 3.64444 -0.22979
v -0.02026 3.77222 -0.11489
v 0.00000 3.90000 0.00000
v 0.00000 2.30000 0.00000
v 0.02026 2.35000 -0.11489
v 0.04052 2.40000 -0.22979
v 0.06078 2.45000 -0.34468
v 0.08104 2.50000 -0.45958
v 0.10129 2.55000 -0.57447
v 0.12155 2.60000 -0.68937
v 0.14181 2.65000 -0.80426
v 0.16207 2.70000 -0.91915
v 0.18233 2.75000 -1.03405
v 0.16207 2.87778 -0.91915
v 0.14181 3.00556 -0.80426
v 0.12155 3.13333 -0.68937
v 0.10129 3.26111 -0.57447
v 0.08104 3.38889 -0.45958
v 0.06078 3.51667 -0.34468
v 0.04052 3.64444 -0.22979
v 0.02026 3.77222 -0.11489
v 0.00000 3.90000 0.00000
v 0.00000 2.30000 0.00000
v 0.05833 2.35000 -0.10104
v 0.11667 2.40000 -0.20207
v 0.17500 2.45000 -0.30311
v 0.23333 2.50000 -0.40415
v 0.29167 2.55000 -0.50518
v 0.35000 2.60000 -0.60622
v 0.40833 2.65000 -0.70725
v 0.46667 2.70000 -0.80829
v 0.52500 2.75000 -0.90933
v 0.46667 2.87778 -0.80829
v 0.40833 3.00556 -0.70725
v 0.35000 3.13333 -0.60622
v 0.29167 3.26111 -0.50518
v 0.23333 3.38889 -0.40415
v 0.17500 3.51667 -0.30311
v 0.11667 3.64444 -0.20207
v 0.05833 3.77222 -0.10104
v 0.00000 3.90000 0.00000
v 0.00000 2.30000 0.00000
v 0.08937 2.35000 -0.07499
v 0.17874 2.40000 -0.14998
v 0.26812 2.45000 -0.22498
v 0.35749 2.50000 -0.29997
v 0.44686 2.55000 -0.37496
v 0.53623 2.60000 -0.44995
v 0.62560 2.65000 -0.52494
v 0.71497 2.70000 -0.59994
v 0.80435 2.75000 -0.67493
v 0.71497 2.87778 -0.59994
v 0.62560 3.00556 -0.52494
v 0.53623 3.13333 -0.44995
v 0.44686 3.26111 -0.37496
v 0.35749 3.38889 -0.29997
v 0.26812 3.51667 -0.22498
v 0.17874 3.64444 -0.14998
v 0.08937 3.77222 -0.07499
v 0.00000 3.90000 0.00000
v 0.00000 2.30000 0.00000
v 0.10963 2.35000 -0.03990
v 0.21926 2.40000 -0.07980
v 0.32889 2.45000 -0.11971
v 0.43852 2.50000 -0.15961
v 0.54815 2.55000 -0.19951
v 0.65778 2.60000 -0.23941
v 0.76742 2.65000 -0.27932
v 0.87705 2.70000 -0.31922
v 0.98668 2.75000 -0.35912
v 0.87705 2.87778 -0.31922
v 0.76742 3.00556 -0.27932
v 0.65778 3.13333 -0.23941
v 0.54815 3.26111 -0.19951
v 0.43852 3.38889 -0.15961
v 0.32889 3.51667 -0.11971
v 0.21926 3.64444 -0.07980
v 0.10963 3.77222 -0.03990
v 0.00000 3.90000 0.00000
v 0.00000 2.30000 0.00000
v 0.11667 2.35000 -0.00000
v 0.23333 2.40000 -0.00000
v 0.35000 2.45000 -0.00000
v 0.46667 2.50000 -0.00000
v 0.58333 2.55000 -0.00000
v 0.70000 2.60000 -0.00000
v 0.81667 2.65000 -0.00000
v 0.93333 2.70000 -0.00000
v 1.05000 2.75000 -0.00000
v 0.93333 2.87778 -0.00000
v 0.81667 3.00556 -0.00000
v 0.70000 3.13333 -0.00000
v 0.58333 3.26111 -0.00000
v 0.46667 3.38889 -0.00000
v 0.35000 3.51667 -0.00000
v 0.23333 3.64444 -0.00000
v 0.11667 3.77222 -0.00000
v 0.00000 3.90000 0.00000
v 0.00000 3.00000 0.00000
v 0.07222 3.03889 0.00000
v 0.14444 3.07778 0.00000
v 0.21667 3.11667 0.00000
v 0.28889 3.15556 0.00000
v 0.36111 3.19444 0.00000
v 0.43333 3.23333 0.00000
v 0.50556 3.27222 0.00000
v 0.57778 3.31111 0.00000
v 0.65000 3.35000 0.00000
v 0.57778 3.43333 0.00000
v 0.50556 3.51667 0.00000
v 0.43333 3.60000 0.00000
v 0.36111 3.68333 0.00000
v 0.28889 3.76667 0.00000
v 0.21667 3.85000 0.00000
v 0.14444 3.93333 0.00000
v 0.07222 4.01667 0.00000
v 0.00000 4.10000 0.00000
v 0.00000 3.00000 0.00000
v 0.06787 3.03889 0.02470
v 0.13573 3.07778 0.04940
v 0.20360 3.11667 0.07410
v 0.27147 3.15556 0.09881
v 0.33933 3.19444 0.12351
v 0.40720 3.23333 0.14821
v 0.47507 3.27222 0.17291
v 0.54293 3.31111 0.19761
v 0.61080 3.35000 0.22231
v 0.54293 3.43333 0.19761
v 0.47507 3.51667 0.17291
v 0.40720 3.60000 0.14821
v 0.33933 3.68333 0.12351
v 0.27147 3.76667 0.09881
v 0.20360 3.85000 0.07410
v 0.13573 3.93333 0.04940
v 0.06787 4.01667 0.02470
v 0.00000 4.10000 0.00000
v 0.00000 3.00000 0.00000
v 0.05533 3.03889 0.04642
v 0.11065 3.07778 0.09285
v 0.16598 3.11667 0.13927
v 0.22130 3.15556 0.18569
v 0.27663 3.19444 0.23212
v 0.33195 3.23333 0.27854
v 0.38728 3.27222 0.32496
v 0.44260 3.31111 0.37139
v 0.49793 3.35000 0.41781
v 0.44260 3.43333 0.37139
v 0.38728 3.51667 0.32496
v 0.33195 3.60000 0.27854
v 0.27663 3.68333 0.23212
v 0.22130 3.76667 0.18569
v 0.16598 3.85000 0.13927
v 0.11065 3.93333 0.09285
v 0.05533 4.01667 0.04642
v 0.00000 4.10000 0.00000
v 0.00000 3.00000 0.00000
v 0.03611 3.03889 0.06255
v 0.07222 3.07778 0.12509
v 0.10833 3.11667 0.18764
v 0.14444 3.15556 0.25019
v 0.18056 3.19444 0.31273
v 0.21667 3.23333 0.37528
v 0.25278 3.27222 0.43782
v 0.28889 3.31111 0.50037
v 0.32500 3.35000 0.56292
v 0.28889 3.43333 0.50037
v 0.25278 3.51667 0.43782
v 0.21667 3.60000 0.37528
v 0.18056 3.68333 0.31273
v 0.14444 3.76667 0.25019
v 0.10833 3.85000 0.18764
v 0.07222 3.93333 0.12509
v 0.03611 4.01667 0.06255
v 0.00000 4.10000 0.00000
v 0.00000 3.00000 0.00000
v 0.01254 3.03889 0.07113
v 0.02508 3.07778 0.14225
v 0.03762 3.11667 0.21338
v 0.05017 3.15556 0.28450
v 0.06271 3.19444 0.35563
v 0.07525 3.23333 0.42675
v 0.08779 3.27222 0.49788
v 0.10033 3.31111 0.56900
v 0.11287 3.35000 0.64013
v 0.10033 3.43333 0.56900
v 0.08779 3.51667 0.49788
v 0.07525 3.60000 0.42675
v 0.06271 3.68333 0.35563
v 0.05017 3.76667 0.28450
v 0.03762 3.85000 0.21338
v 0.02508 3.93333 0.14225
v 0.01254 4.01667 0.07113
v 0.00000 4.10000 0.00000
v 0.00000 3.00000 0.00000
v -0.01254 3.03889 0.07113
v -0.02508 3.07778 0.14225
v -0.03762 3.11667 0.21338
v -0.05017 3.15556 0.28450
v -0.06271 3.19444 0.35563
v -0.07525 3.23333 0.42675
v -0.08779 3.27222 0.49788
v -0.10033 3.31111 0.56900
v -0.11287 3.35000 0.64013
v -0.10033 3.43333 0.56900
v -0.08779 3.51667 0.49788
v -0.07525 3.60000 0.42675
v -0.06271 3.68333 0.35563
v -0.05017 3.76667 0.28450
v -0.03762 3.85000 0.21338
v -0.02508 3.93333 0.14225
v -0.01254 4.01667 0.07113
v 0.00000 4.10000 0.00000
v 0.00000 3.00000 0.00000
v -0.03611 3.03889 0.06255
v -0.07222 3.07778 0.12509
v -0.10833 3.11667 0.18764
v -0.14444 3.15556 0.25019
v -0.18056 3.19444 0.31273
v -0.21667 3.23333 0.37528
v -0.25278 3.27222 0.43782
v -0.28889 3.31111 0.50037
v -0.32500 3.35000 0.56292
v -0.28889 3.43333 0.50037
v -0.25278 3.51667 0.43782
v -0.21667 3.60000 0.37528
v -0.18056 3.68333 0.31273
v -0.14444 3.76667 0.25019
v -0.10833 3.85000 0.18764
v -0.07222 3.93333 0.12509
v -0.03611 4.01667 0.06255
v 0.00000 4.10000 0.00000
v 0.00000 3.00000 0.00000
v -0.05533 3.03889 0.04642
v -0.11065 3.07778 0.09285
v -0.16598 3.11667 0.13927
v -0.22130 3.15556 0.18569
v -0.27663 3.19444 0.23212
v -0.33195 3.23333 0.27854
v -0.38728 3.27222 0.32496
v -0.44260 3.31111 0.37139
v -0.49793 3.35000 0.41781
v -0.44260 3.43333 0.37139
v -0.38728 3.51667 0.32496
v -0.33195 3.60000 0.27854
v -0.27663 3.68333 0.23212
v -0.22130 3.76667 0.18569
v -0.16598 3.85000 0.13927
v -0.11065 3.93333 0.09285
v -0.05533 4.01667 0.04642
v 0.00000 4.10000 0.00000
v 0.00000 3.00000 0.00000
v -0.06787 3.03889 0.02470
v -0.13573 3.07778 0.04940
v -0.20360 3.11667 0.07410
v -0.27147 3.15556 0.09881
v -0.33933 3.19444 0.12351
v -0.40720 3.23333 0.14821
v -0.47507 3.27222 0.17291
v -0.54293 3.31111 0.19761
v -0.61080 3.35000 0.22231
v -0.54293 3.43333 0.19761
v -0.47507 3.51667 0.17291
v -0.40720 3.60000 0.14821
v -0.33933 3.68333 0.12351
v -0.27147 3.76667 0.09881
v -0.20360 3.85000 0.07410
v -0.13573 3.93333 0.04940
v -0.06787 4.01667 0.02470
v 0.00000 4.10000 0.00000
v 0.00000 3.00000 0.00000
v -0.07222 3.03889 0.00000
v -0.14444 3.07778 0.00000
v -0.21667 3.11667 0.00000
v -0.28889 3.15556 0.00000
v -0.36111 3.19444 0.00000
v -0.43333 3.23333 0.00000
v -0.50556 3.27222 0.00000
v -0.57778 3.31111 0.00000
v -0.65000 3.35000 0.00000
v -0.57778 3.43333 0.00000
v -0.50556 3.51667 0.00000
v -0.43333 3.60000 0.00000
v -0.36111 3.68333 0.00000
v -0.28889 3.76667 0.00000
v -0.21667 3.85000 0.00000
v -0.14444 3.93333 0.00000
v -0.07222 4.01667 0.00000
v 0.00000 4.10000 0.00000
v 0.00000 3.00000 0.00000
v -0.06787 3.03889 -0.02470
v -0.13573 3.07778 -0.04940
v -0.20360 3.11667 -0.07410
v -0.27147 3.15556 -0.09881
v -0.33933 3.19444 -0.12351
v -0.40720 3.23333 -0.14821
v -0.47507 3.27222 -0.17291
v -0.54293 3.31111 -0.19761
v -0.61080 3.35000 -0.22231
v -0.54293 3.43333 -0.19761
v -0.47507 3.51667 -0.17291
v -0.40720 3.60000 -0.14821
v -0.33933 3.68333 -0.12351
v -0.27147 3.76667 -0.09881
v -0.20360 3.85000 -0.07410
v -0.13573 3.93333 -0.04940
v -0.06787 4.01667 -0.02470
v 0.00000 4.10000 0.00000
v 0.00000 3.00000 0.00000
v -0.05533 3.03889 -0.04642
v -0.11065 3.07778 -0.09285
v -0.16598 3.11667 -0.13927
v -0.22130 3.15556 -0.18569
v -0.27663 3.19444 -0.23212
v -0.33195 3.23333 -0.27854
v -0.38728 3.27222 -0.32496
v -0.44260 3.31111 -0.37139
v -0.49793 3.35000 -0.41781
v -0.44260 3.43333 -0.37139
v -0.38728 3.51667 -0.32496
v -0.33195 3.60000 -0.27854
v -0.27663 3.68333 -0.23212
v -0.22130 3.76667 -0.18569
v -0.16598 3.85000 -0.13927
v -0.11065 3.93333 -0.09285
v -0.05533 4.01667 -0.04642
v 0.00000 4.10000 0.00000
v 0.00000 3.00000 0.00000
v -0.03611 3.03889 -0.06255
v -0.07222 3.07778 -0.12509
v -0.10833 3.11667 -0.18764
v -0.14444 3.15556 -0.25019
v -0.18056 3.19444 -0.31273
v -0.21667 3.23333 -0.37528
v -0.25278 3.27222 -0.43782
v -0.28889 3.31111 -0.50037
v -0.32500 3.35000 -0.56292
v -0.28889 3.43333 -0.50037
v -0.25278 3.51667 -0.43782
v -0.21667 3.60000 -0.37528
v -0.18056 3.68333 -0.31273
v -0.14444 3.76667 -0.25019
v -0.10833 3.85000 -0.18764
v -0.07222 3.93333 -0.12509
v -0.03611 4.01667 -0.06255
v 0.00000 4.10000 0.00000
v 0.00000 3.00000 0.00000
v -0.01254 3.03889 -0.07113
v -0.02508 3.07778 -0.14225
v -0.03762 3.11667 -0.21338
v -0.05017 3.15556 -0.28450
v -0.06271 3.19444 -0.35563
v -0.07525 3.23333 -0.42675
v -0.08779 3.27222 -0.49788
v -0.10033 3.31111 -0.56900
v -0.11287 3.35000 -0.64013
v -0.10033 3.43333 -0.56900
v -0.08779 3.51667 -0.49788
v -0.07525 3.60000 -0.42675
v -0.06271 3.68333 -0.35563
v -0.05017 3.76667 -0.28450
v -0.03762 3.85000 -0.21338
v -0.02508 3.93333 -0.14225
v -0.01254 4.01667 -0.07113
v 0.00000 4.10000 0.00000
v 0.00000 3.00000 0.00000
v 0.01254 3.03889 -0.07113
v 0.02508 3.07778 -0.14225
v 0.03762 3.11667 -0.21338
v 0.05017 3.15556 -0.28450
v 0.06271 3.19444 -0.35563
v 0.07525 3.23333 -0.42675
v 0.08779 3.27222 -0.49788
v 0.10033 3.31111 -0.56900
v 0.11287 3.35000 -0.64013
v 0.10033 3.43333 -0.56900
v 0.08779 3.51667 -0.49788
v 0.07525 3.60000 -0.42675
v 0.06271 3.68333 -0.35563
v 0.05017 3.76667 -0.28450
v 0.03762 3.85000 -0.21338
v 0.02508 3.93333 -0.14225
v 0.01254 4.01667 -0.07113
v 0.00000 4.10000 0.00000
v 0.00000 3.00000 0.00000
v 0.03611 3.03889 -0.06255
v 0.07222 3.07778 -0.12509
v 0.10833 3.11667 -0.18764
v 0.14444 3.15556 -0.25019
v 0.18056 3.19444 -0.31273
v 0.21667 3.23333 -0.37528
v 0.25278 3.27222 -0.43782
v 0.28889 3.31111 -0.50037
v 0.32500 3.35000 -0.56292
v 0.28889 3.43333 -0.50037
v 0.25278 3.51667 -0.43782
v 0.21667 3.60000 -0.37528
v 0.18056 3.68333 -0.31273
v 0.14444 3.76667 -0.25019
v 0.10833 3.85000 -0.18764
v 0.07222 3.93333 -0.12509
v 0.03611 4.01667 -0.06255
v 0.00000 4.10000 0.00000
v 0.00000 3.00000 0.00000
v 0.05533 3.03889 -0.04642
v 0.11065 3.07778 -0.09285
v 0.16598 3.11667 -0.13927
v 0.22130 3.15556 -0.18569
v 0.27663 3.19444 -0.23212
v 0.33195 3.23333 -0.27854
v 0.38728 3.27222 -0.32496
v 0.44260 3.31111 -0.37139
v 0.49793 3.35000 -0.41781
v 0.44260 3.43333 -0.37139
v 0.38728 3.51667 -0.32496
v 0.33195 3.60000 -0.27854
v 0.27663 3.68333 -0.23212
v 0.22130 3.76667 -0.18569
v 0.16598 3.85000 -0.13927
v 0.11065 3.93333 -0.09285
v 0.05533 4.01667 -0.04642
v 0.00000 4.10000 0.00000
v 0.00000 3.00000 0.00000
v 0.06787 3.03889 -0.02470
v 0.13573 3.07778 -0.04940
v 0.20360 3.11667 -0.07410
v 0.27147 3.15556 -0.09881
v 0.33933 3.19444 -0.12351
v 0.40720 3.23333 -0.14821
v 0.47507 3.27222 -0.17291
v 0.54293 3.31111 -0.19761
v 0.61080 3.35000 -0.22231
v 0.54293 3.43333 -0.19761
v 0.47507 3.51667 -0.17291
v 0.40720 3.60000 -0.14821
v 0.33933 3.68333 -0.12351
v 0.27147 3.76667 -0.09881
v 0.20360 3.85000 -0.07410
v 0.13573 3.93333 -0.04940
v 0.06787 4.01667 -0.02470
v 0.00000 4.10000 0.00000
v 0.00000 3.00000 0.00000
v 0.07222 3.03889 -0.00000
v 0.14444 3.07778 -0.00000
v 0.21667 3.11667 -0.00000
v 0.28889 3.15556 -0.00000
v 0.36111 3.19444 -0.00000
v 0.43333 3.23333 -0.00000
v 0.50556 3.27222 -0.00000
v 0.57778 3.31111 -0.00000
v 0.65000 3.35000 -0.00000
v 0.57778 3.43333 -0.00000
v 0.50556 3.51667 -0.00000
v 0.43333 3.60000 -0.00000
v 0.36111 3.68333 -0.00000
v 0.28889 3.76667 -0.00000
v 0.21667 3.85000 -0.00000
v 0.14444 3.93333 -0.00000
v 0.07222 4.01667 -0.00000
v 0.00000 4.10000 0.00000
vt 0.00000 0.00000
vt 0.00000 0.05556
vt 0.00000 0.11111
vt 0.00000 0.16667
vt 0.00000 0.22222
vt 0.00000 0.27778
vt 0.00000 0.33333
vt 0.00000 0.38889
vt 0.00000 0.44444
vt 0.00000 0.50000
vt 0.00000 0.55556
vt 0.00000 0.61111
vt 0.00000 0.66667
vt 0.00000 0.72222
vt 0.00000 0.77778
vt 0.00000 0.83333
vt 0.00000 0.88889
vt 0.00000 0.94444
vt 0.00000 1.00000
vt 0.05556 0.00000
vt 0.05556 0.05556
vt 0.05556 0.11111
vt 0.05556 0.16667
vt 0.05556 0.22222
vt 0.05556 0.27778
vt 0.05556 0.33333
vt 0.05556 0.38889
vt 0.05556 0.44444
vt 0.05556 0.50000
vt 0.05556 0.55556
vt 0.05556 0.61111
vt 0.05556 0.66667
vt 0.05556 0.72222
vt 0.05556 0.77778
vt 0.05556 0.83333
vt 0.05556 0.88889
vt 0.05556 0.94444
vt 0.05556 1.00000
vt 0.11111 0.00000
vt 0.11111 0.05556
vt 0.11111 0.11111
vt 0.11111 0.16667
vt 0.11111 0.22222
vt 0.11111 0.27778
vt 0.11111 0.33333
vt 0.11111 0.38889
vt 0.11111 0.44444
vt 0.11111 0.50000
vt 0.11111 0.55556
vt 0.11111 0.61111
vt 0.11111 0.66667
vt 0.11111 0.72222
vt 0.11111 0.77778
vt 0.11111 0.83333
vt 0.11111 0.88889
vt 0.11111 0.94444
vt 0.11111 1.00000
vt 0.16667 0.00000
vt 0.16667 0.05556
vt 0.16667 0.11111
vt 0.16667 0.16667
vt 0.16667 0.22222
vt 0.16667 0.27778
vt 0.16667 0.33333
vt 0.16667 0.38889
vt 0.16667 0.44444
vt 0.16667 0.50000
vt 0.16667 0.55556
vt 0.16667 0.61111
vt 0.16667 0.66667
vt 0.16667 0.72222
vt 0.16667 0.77778
vt 0.16667 0.83333
vt 0.16667 0.88889
vt 0.16667 0.94444
vt 0.16667 1.00000
vt 0.22222 0.00000
vt 0.22222 0.05556
vt 0.22222 0.11111
vt 0.22222 0.16667
vt 0.22222 0.22222
vt 0.22222 0.27778
vt 0.22222 0.33333
vt 0.22222 0.38889
vt 0.22222 0.44444
vt 0.22222 0.50000
vt 0.22222 0.55556
vt 0.22222 0.61111
vt 0.22222 0.66667
vt 0.22222 0.72222
vt 0.22222 0.77778
vt 0.22222 0.83333
vt 0.22222 0.88889
vt 0.22222 0.94444
vt 0.22222 1.00000
vt 0.27778 0.00000
vt 0.27778 0.05556
vt 0.27778 0.11111
vt 0.27778 0.16667
vt 0.27778 0.22222
vt 0.27778 0.27778
vt 0.27778 0.33333
vt 0.27778 0.38889
vt 0.27778 0.44444
vt 0.27778 0.50000
vt 0.27778 0.55556
vt 0.27778 0.61111
vt 0.27778 0.66667
vt 0.27778 0.72222
vt 0.27778 0.77778
vt 0.27778 0.83333
vt 0.27778 0.88889
vt 0.27778 0.94444
vt 0.27778 1.00000
vt 0.33333 0.00000
vt 0.33333 0.05556
vt 0.33333 0.11111
vt 0.33333 0.16667
vt 0.33333 0.22222
vt 0.33333 0.27778
vt 0.33333 0.33333
vt 0.33333 0.38889
vt 0.33333 0.44444
vt 0.33333 0.50000
vt 0.33333 0.55556
vt 0.33333 0.61111
vt 0.33333 0.66667
vt 0.33333 0.72222
vt 0.33333 0.77778
vt 0.33333 0.83333
vt 0.33333 0.88889
vt 0.33333 0.94444
vt 0.33333 1.00000
vt 0.38889 0.00000
vt 0.38889 0.05556
vt 0.38889 0.11111
vt 0.38889 0.16667
vt 0.38889 0.22222
vt 0.38889 0.27778
vt 0.38889 0.33333
vt 0.38889 0.38889
vt 0.38889 0.44444
vt 0.38889 0.50000
vt 0.38889 0.55556
vt 0.38889 0.61111
vt 0.38889 0.66667
vt 0.38889 0.72222
vt 0.38889 0.77778
vt 0.38889 0.83333
vt 0.38889 0.88889
vt 0.38889 0.94444
vt 0.38889 1.00000
vt 0.44444 0.00000
vt 0.44444 0.05556
vt 0.44444 0.11111
vt 0.44444 0.16667
vt 0.44444 0.22222
vt 0.44444 0.27778
vt 0.44444 0.33333
vt 0.44444 0.38889
vt 0.44444 0.44444
vt 0.44444 0.50000
vt 0.44444 0.55556
vt 0.44444 0.61111
vt 0.44444 0.66667
vt 0.44444 0.72222
vt 0.44444 0.77778
vt 0.44444 0.83333
vt 0.44444 0.88889
vt 0.44444 0.94444
vt 0.44444 1.00000
vt 0.50000 0.00000
vt 0.50000 0.05556
vt 0.50000 0.11111
vt 0.50000 0.16667
vt 0.50000 0.22222
vt 0.50000 0.27778
vt 0.50000 0.33333
vt 0.50000 0.38889
vt 0.50000 0.44444
vt 0.50000 0.50000
vt 0.50000 0.55556
vt 0.50000 0.61111
vt 0.50000 0.66667
vt 0.50000 0.72222
vt 0.50000 0.77778
vt 0.50000 0.83333
vt 0.50000 0.88889
vt 0.50000 0.94444
vt 0.50000 1.00000
vt 0.55556 0.00000
vt 0.55556 0.05556
vt 0.55556 0.11111
vt 0.55556 0.16667
vt 0.55556 0.22222
vt 0.55556 0.27778
vt 0.55556 0.33333
vt 0.55556 0.38889
vt 0.55556 0.44444
vt 0.55556 0.50000
vt 0.55556 0.55556
vt 0.55556 0.61111
vt 0.55556 0.66667
vt 0.55556 0.72222
vt 0.55556 0.77778
vt 0.55556 0.83333
vt 0.55556 0.88889
vt 0.55556 0.94444
vt 0.55556 1.00000
vt 0.61111 0.00000
vt 0.61111 0.05556
vt 0.61111 0.11111
vt 0.61111 0.16667
vt 0.61111 0.22222
vt 0.61111 0.27778
vt 0.61111 0.33333
vt 0.61111 0.38889
vt 0.61111 0.44444
vt 0.61111 0.50000
vt 0.61111 0.55556
vt 0.61111 0.61111
vt 0.61111 0.66667
vt 0.61111 0.72222
vt 0.61111 0.77778
vt 0.61111 0.83333
vt 0.61111 0.88889
vt 0.61111 0.94444
vt 0.61111 1.00000
vt 0.66667 0.00000
vt 0.66667 0.05556
vt 0.66667 0.11111
vt 0.66667 0.16667
vt 0.66667 0.22222
vt 0.66667 0.27778
vt 0.66667 0.33333
vt 0.66667 0.38889
vt 0.66667 0.44444
vt 0.66667 0.50000
vt 0.66667 0.55556
vt 0.66667 0.61111
vt 0.66667 0.66667
vt 0.66667 0.72222
vt 0.66667 0.77778
vt 0.66667 0.83333
vt 0.66667 0.88889
vt 0.66667 0.94444
vt 0.66667 1.00000
vt 0.72222 0.00000
vt 0.72222 0.05556
vt 0.72222 0.11111
vt 0.72222 0.16667
vt 0.72222 0.22222
vt 0.72222 0.27778
vt 0.72222 0.33333
vt 0.72222 0.38889
vt 0.72222 0.44444
vt 0.72222 0.50000
vt 0.72222 0.55556
vt 0.72222 0.61111
vt 0.72222 0.66667
vt 0.72222 0.72222
vt 0.72222 0.77778
vt 0.72222 0.83333
vt 0.72222 0.88889
vt 0.72222 0.94444
vt 0.72222 1.00000
vt 0.77778 0.00000
vt 0.77778 0.05556
vt 0.77778 0.11111
vt 0.77778 0.16667
vt 0.77778 0.22222
vt 0.77778 0.27778
vt 0.77778 0.33333
vt 0.77778 0.38889
vt 0.77778 0.44444
vt 0.77778 0.50000
vt 0.77778 0.55556
vt 0.77778 0.61111
vt 0.77778 0.66667
vt 0.77778 0.72222
vt 0.77778 0.77778
vt 0.77778 0.83333
vt 0.77778 0.88889
vt 0.77778 0.94444
vt 0.77778 1.00000
vt 0.83333 0.00000
vt 0.83333 0.05556
vt 0.83333 0.11111
vt 0.83333 0.16667
vt 0.83333 0.22222
vt 0.83333 0.27778
vt 0.83333 0.33333
vt 0.83333 0.38889
vt 0.83333 0.44444
vt 0.83333 0.50000
vt 0.83333 0.55556
vt 0.83333 0.61111
vt 0.83333 0.66667
vt 0.83333 0.72222
vt 0.83333 0.77778
vt 0.83333 0.83333
vt 0.83333 0.88889
vt 0.83333 0.94444
vt 0.83333 1.00000
vt 0.88889 0.00000
vt 0.88889 0.05556
vt 0.88889 0.11111
vt 0.88889 0.16667
vt 0.88889 0.22222
vt 0.88889 0.27778
vt 0.88889 0.33333
vt 0.88889 0.38889
vt 0.88889 0.44444
vt 0.88889 0.50000
vt 0.88889 0.55556
vt 0.88889 0.61111
vt 0.88889 0.66667
vt 0.88889 0.72222
vt 0.88889 0.77778
vt 0.88889 0.83333
vt 0.88889 0.88889
vt 0.88889 0.94444
vt 0.88889 1.00000
vt 0.94444 0.00000
vt 0.94444 0.05556
vt 0.94444 0.11111
vt 0.94444 0.16667
vt 0.94444 0.22222
vt 0.94444 0.27778
vt 0.94444 0.33333
vt 0.94444 0.38889
vt 0.94444 0.44444
vt 0.94444 0.50000
vt 0.94444 0.55556
vt 0.94444 0.61111
vt 0.94444 0.66667
vt 0.94444 0.72222
vt 0.94444 0.77778
vt 0.94444 0.83333
vt 0.94444 0.88889
vt 0.94444 0.94444
vt 0.94444 1.00000
vt 1.00000 0.00000
vt 1.00000 0.05556
vt 1.00000 0.11111
vt 1.00000 0.16667
vt 1.00000 0.22222
vt 1.00000 0.27778
vt 1.00000 0.33333
vt 1.00000 0.38889
vt 1.00000 0.44444
vt 1.00000 0.50000
vt 1.00000 0.55556
vt 1.00000 0.61111
vt 1.00000 0.66667
vt 1.00000 0.72222
vt 1.00000 0.77778
vt 1.00000 0.83333
vt 1.00000 0.88889
vt 1.00000 0.94444
vt 1.00000 1.00000
vt 0.00000 0.00000
vt 0.00000 0.05556
vt 0.00000 0.11111
vt 0.00000 0.16667
vt 0.00000 0.22222
vt 0.00000 0.27778
vt 0.00000 0.33333
vt 0.00000 0.38889
vt 0.00000 0.44444
vt 0.00000 0.50000
vt 0.00000 0.55556
vt 0.00000 0.61111
vt 0.00000 0.66667
vt 0.00000 0.72222
vt 0.00000 0.77778
vt 0.00000 0.83333
vt 0.00000 0.88889
vt 0.00000 0.94444
vt 0.00000 1.00000
vt 0.05556 0.00000
vt 0.05556 0.05556
vt 0.05556 0.11111
vt 0.05556 0.16667
vt 0.05556 0.22222
vt 0.05556 0.27778
vt 0.05556 0.33333
vt 0.05556 0.38889
vt 0.05556 0.44444
vt 0.05556 0.50000
vt 0.05556 0.55556
vt 0.05556 0.61111
vt 0.05556 0.66667
vt 0.05556 0.72222
vt 0.05556 0.77778
vt 0.05556 0.83333
vt 0.05556 0.88889
vt 0.05556 0.94444
vt 0.05556 1.00000
vt 0.11111 0.00000
vt 0.11111 0.05556
vt 0.11111 0.11111
vt 0.11111 0.16667
vt 0.11111 0.22222
vt 0.11111 0.27778
vt 0.11111 0.33333
vt 0.11111 0.38889
vt 0.11111 0.44444
vt 0.11111 0.50000
vt 0.11111 0.55556
vt 0.11111 0.61111
vt 0.11111 0.66667
vt 0.11111 0.72222
vt 0.11111 0.77778
vt 0.11111 0.83333
vt 0.11111 0.88889
vt 0.11111 0.94444
vt 0.11111 1.00000
vt 0.16667 0.00000
vt 0.16667 0.05556
vt 0.16667 0.11111
vt 0.16667 0.16667
vt 0.16667 0.22222
vt 0.16667 0.27778
vt 0.16667 0.33333
vt 0.16667 0.38889
vt 0.16667 0.44444
vt 0.16667 0.50000
vt 0.16667 0.55556
vt 0.16667 0.61111
vt 0.16667 0.66667
vt 0.16667 0.72222
vt 0.16667 0.77778
vt 0.16667 0.83333
vt 0.16667 0.88889
vt 0.16667 0.94444
vt 0.16667 1.00000
vt 0.22222 0.00000
vt 0.22222 0.05556
vt 0.22222 0.11111
vt 0.22222 0.16667
vt 0.22222 0.22222
vt 0.22222 0.27778
vt 0.22222 0.33333
vt 0.22222 0.38889
vt 0.22222 0.44444
vt 0.22222 0.50000
vt 0.22222 0.55556
vt 0.22222 0.61111
vt 0.22222 0.66667
vt 0.22222 0.72222
vt 0.22222 0.77778
vt 0.22222 0.83333
vt 0.22222 0.88889
vt 0.22222 0.94444
vt 0.22222 1.00000
vt 0.27778 0.00000
vt 0.27778 0.05556
vt 0.27778 0.11111
vt 0.27778 0.16667
vt 0.27778 0.22222
vt 0.27778 0.27778
vt 0.27778 0.33333
vt 0.27778 0.38889
vt 0.27778 0.44444
vt 0.27778 0.50000
vt 0.27778 0.55556
vt 0.27778 0.61111
vt 0.27778 0.66667
vt 0.27778 0.72222
vt 0.27778 0.77778
vt 0.27778 0.83333
vt 0.27778 0.88889
vt 0.27778 0.94444
vt 0.27778 1.00000
vt 0.33333 0.00000
vt 0.33333 0.05556
vt 0.33333 0.11111
vt 0.33333 0.16667
vt 0.33333 0.22222
vt 0.33333 0.27778
vt 0.33333 0.33333
vt 0.33333 0.38889
vt 0.33333 0.44444
vt 0.33333 0.50000
vt 0.33333 0.55556
vt 0.33333 0.61111
vt 0.33333 0.66667
vt 0.33333 0.72222
vt 0.33333 0.77778
vt 0.33333 0.83333
vt 0.33333 0.88889
vt 0.33333 0.94444
vt 0.33333 1.00000
vt 0.38889 0.00000
vt 0.38889 0.05556
vt 0.38889 0.11111
vt 0.38889 0.16667
vt 0.38889 0.22222
vt 0.38889 0.27778
vt 0.38889 0.33333
vt 0.38889 0.38889
vt 0.38889 0.44444
vt 0.38889 0.50000
vt 0.38889 0.55556
vt 0.38889 0.61111
vt 0.38889 0.66667
vt 0.38889 0.72222
vt 0.38889 0.77778
vt 0.38889 0.83333
vt 0.38889 0.88889
vt 0.38889 0.94444
vt 0.38889 1.00000
vt 0.44444 0.00000
vt 0.44444 0.05556
vt 0.44444 0.11111
vt 0.44444 0.16667
vt 0.44444 0.22222
vt 0.44444 0.27778
vt 0.44444 0.33333
vt 0.44444 0.38889
vt 0.44444 0.44444
vt 0.44444 0.50000
vt 0.44444 0.55556
vt 0.44444 0.61111
vt 0.44444 0.66667
vt 0.44444 0.72222
vt 0.44444 0.77778
vt 0.44444 0.83333
vt 0.44444 0.88889
vt 0.44444 0.94444
vt 0.44444 1.00000
vt 0.50000 0.00000
vt 0.50000 0.05556
vt 0.50000 0.11111
vt 0.50000 0.16667
vt 0.50000 0.22222
vt 0.50000 0.27778
vt 0.50000 0.33333
vt 0.50000 0.38889
vt 0.50000 0.44444
vt 0.50000 0.50000
vt 0.50000 0.55556
vt 0.50000 0.61111
vt 0.50000 0.66667
vt 0.50000 0.72222
vt 0.50000 0.77778
vt 0.50000 0.83333
vt 0.50000 0.88889
vt 0.50000 0.94444
vt 0.50000 1.00000
vt 0.55556 0.00000
vt 0.55556 0.05556
vt 0.55556 0.11111
vt 0.55556 0.16667
vt 0.55556 0.22222
vt 0.55556 0.27778
vt 0.55556 0.33333
vt 0.55556 0.38889
vt 0.55556 0.44444
vt 0.55556 0.50000
vt 0.55556 0.55556
vt 0.55556 0.61111
vt 0.55556 0.66667
vt 0.55556 0.72222
vt 0.55556 0.77778
vt 0.55556 0.83333
vt 0.55556 0.88889
vt 0.55556 0.94444
vt 0.55556 1.00000
vt 0.61111 0.00000
vt 0.61111 0.05556
vt 0.61111 0.11111
vt 0.61111 0.16667
vt 0.61111 0.22222
vt 0.61111 0.27778
vt 0.61111 0.33333
vt 0.61111 0.38889
vt 0.61111 0.44444
vt 0.61111 0.50000
vt 0.61111 0.55556
vt 0.61111 0.61111
vt 0.61111 0.66667
vt 0.61111 0.72222
vt 0.61111 0.77778
vt 0.61111 0.83333
vt 0.61111 0.88889
vt 0.61111 0.94444
vt 0.61111 1.00000
vt 0.66667 0.00000
vt 0.66667 0.05556
vt 0.66667 0.11111
vt 0.66667 0.16667
vt 0.66667 0.22222
vt 0.66667 0.27778
vt 0.66667 0.33333
vt 0.66667 0.38889
vt 0.66667 0.44444
vt 0.66667 0.50000
vt 0.66667 0.55556
vt 0.66667 0.61111
vt 0.66667 0.66667
vt 0.66667 0.72222
vt 0.66667 0.77778
vt 0.66667 0.83333
vt 0.66667 0.88889
vt 0.66667 0.94444
vt 0.66667 1.00000
vt 0.72222 0.00000
vt 0.72222 0.05556
vt 0.72222 0.11111
vt 0.72222 0.16667
vt 0.72222 0.22222
vt 0.72222 0.27778
vt 0.72222 0.33333
vt 0.72222 0.38889
vt 0.72222 0.44444
vt 0.72222 0.50000
vt 0.72222 0.55556
vt 0.72222 0.61111
vt 0.72222 0.66667
vt 0.72222 0.72222
vt 0.72222 0.77778
vt 0.72222 0.83333
vt 0.72222 0.88889
vt 0.72222 0.94444
vt 0.72222 1.00000
vt 0.77778 0.00000
vt 0.77778 0.05556
vt 0.77778 0.11111
vt 0.77778 0.16667
vt 0.77778 0.22222
vt 0.77778 0.27778
vt 0.77778 0.33333
vt 0.77778 0.38889
vt 0.77778 0.44444
vt 0.77778 0.50000
vt 0.77778 0.55556
vt 0.77778 0.61111
vt 0.77778 0.66667
vt 0.77778 0.72222
vt 0.77778 0.77778
vt 0.77778 0.83333
vt 0.77778 0.88889
vt 0.77778 0.94444
vt 0.77778 1.00000
vt 0.83333 0.00000
vt 0.83333 0.05556
vt 0.83333 0.11111
vt 0.83333 0.16667
vt 0.83333 0.22222
vt 0.83333 0.27778
vt 0.83333 0.33333
vt 0.83333 0.38889
vt 0.83333 0.44444
vt 0.83333 0.50000
vt 0.83333 0.55556
vt 0.83333 0.61111
vt 0.83333 0.66667
vt 0.83333 0.72222
vt 0.83333 0.77778
vt 0.83333 0.83333
vt 0.83333 0.88889
vt 0.83333 0.94444
vt 0.83333 1.00000
vt 0.88889 0.00000
vt 0.88889 0.05556
vt 0.88889 0.11111
vt 0.88889 0.16667
vt 0.88889 0.22222
vt 0.88889 0.27778
vt 0.88889 0.33333
vt 0.88889 0.38889
vt 0.88889 0.44444
vt 0.88889 0.50000
vt 0.88889 0.55556
vt 0.88889 0.61111
vt 0.88889 0.66667
vt 0.88889 0.72222
vt 0.88889 0.77778
vt 0.88889 0.83333
vt 0.88889 0.88889
vt 0.88889 0.94444
vt 0.88889 1.00000
vt 0.94444 0.00000
vt 0.94444 0.05556
vt 0.94444 0.11111
vt 0.94444 0.16667
vt 0.94444 0.22222
vt 0.94444 0.27778
vt 0.94444 0.33333
vt 0.94444 0.38889
vt 0.94444 0.44444
vt 0.94444 0.50000
vt 0.94444 0.55556
vt 0.94444 0.61111
vt 0.94444 0.66667
vt 0.94444 0.72222
vt 0.94444 0.77778
vt 0.94444 0.83333
vt 0.94444 0.88889
vt 0.94444 0.94444
vt 0.94444 1.00000
vt 1.00000 0.00000
vt 1.00000 0.05556
vt 1.00000 0.11111
vt 1.00000 0.16667
vt 1.00000 0.22222
vt 1.00000 0.27778
vt 1.00000 0.33333
vt 1.00000 0.38889
vt 1.00000 0.44444
vt 1.00000 0.50000
vt 1.00000 0.55556
vt 1.00000 0.61111
vt 1.00000 0.66667
vt 1.00000 0.72222
vt 1.00000 0.77778
vt 1.00000 0.83333
vt 1.00000 0.88889
vt 1.00000 0.94444
vt 1.00000 1.00000
vt 0.00000 0.00000
vt 0.00000 0.05556
vt 0.00000 0.11111
vt 0.00000 0.16667
vt 0.00000 0.22222
vt 0.00000 0.27778
vt 0.00000 0.33333
vt 0.00000 0.38889
vt 0.00000 0.44444
vt 0.00000 0.50000
vt 0.00000 0.55556
vt 0.00000 0.61111
vt 0.00000 0.66667
vt 0.00000 0.72222
vt 0.00000 0.77778
vt 0.00000 0.83333
vt 0.00000 0.88889
vt 0.00000 0.94444
vt 0.00000 1.00000
vt 0.05556 0.00000
vt 0.05556 0.05556
vt 0.05556 0.11111
vt 0.05556 0.16667
vt 0.05556 0.22222
vt 0.05556 0.27778
vt 0.05556 0.33333
vt 0.05556 0.38889
vt 0.05556 0.44444
vt 0.05556 0.50000
vt 0.05556 0.55556
vt 0.05556 0.61111
vt 0.05556 0.66667
vt 0.05556 0.72222
vt 0.05556 0.77778
vt 0.05556 0.83333
vt 0.05556 0.88889
vt 0.05556 0.94444
vt 0.05556 1.00000
vt 0.11111 0.00000
vt 0.11111 0.05556
vt 0.11111 0.11111
vt 0.11111 0.16667
vt 0.11111 0.22222
vt 0.11111 0.27778
vt 0.11111 0.33333
vt 0.11111 0.38889
vt 0.11111 0.44444
vt 0.11111 0.50000
vt 0.11111 0.55556
vt 0.11111 0.61111
vt 0.11111 0.66667
vt 0.11111 0.72222
vt 0.11111 0.77778
vt 0.11111 0.83333
vt 0.11111 0.88889
vt 0.11111 0.94444
vt 0.11111 1.00000
vt 0.16667 0.00000
vt 0.16667 0.05556
vt 0.16667 0.11111
vt 0.16667 0.16667
vt 0.16667 0.22222
vt 0.16667 0.27778
vt 0.16667 0.33333
vt 0.16667 0.38889
vt 0.16667 0.44444
vt 0.16667 0.50000
vt 0.16667 0.55556
vt 0.16667 0.61111
vt 0.16667 0.66667
vt 0.16667 0.72222
vt 0.16667 0.77778
vt 0.16667 0.83333
vt 0.16667 0.88889
vt 0.16667 0.94444
vt 0.16667 1.00000
vt 0.22222 0.00000
vt 0.22222 0.05556
vt 0.22222 0.11111
vt 0.22222 0.16667
vt 0.22222 0.22222
vt 0.22222 0.27778
vt 0.22222 0.33333
vt 0.22222 0.38889
vt 0.22222 0.44444
vt 0.22222 0.50000
vt 0.22222 0.55556
vt 0.22222 0.61111
vt 0.22222 0.66667
vt 0.22222 0.72222
vt 0.22222 0.77778
vt 0.22222 0.83333
vt 0.22222 0.88889
vt 0.22222 0.94444
vt 0.22222 1.00000
vt 0.27778 0.00000
vt 0.27778 0.05556
vt 0.27778 0.11111
vt 0.27778 0.16667
vt 0.27778 0.22222
vt 0.27778 0.27778
vt 0.27778 0.33333
vt 0.27778 0.38889
vt 0.27778 0.44444
vt 0.27778 0.50000
vt 0.27778 0.55556
vt 0.27778 0.61111
vt 0.27778 0.66667
vt 0.27778 0.72222
vt 0.27778 0.77778
vt 0.27778 0.83333
vt 0.27778 0.88889
vt 0.27778 0.94444
vt 0.27778 1.00000
vt 0.33333 0.00000
vt 0.33333 0.05556
vt 0.33333 0.11111
vt 0.33333 0.16667
vt 0.33333 0.22222
vt 0.33333 0.27778
vt 0.33333 0.33333
vt 0.33333 0.38889
vt 0.33333 0.44444
vt 0.33333 0.50000
vt 0.33333 0.55556
vt 0.33333 0.61111
vt 0.33333 0.66667
vt 0.33333 0.72222
vt 0.33333 0.77778
vt 0.33333 0.83333
vt 0.33333 0.88889
vt 0.33333 0.94444
vt 0.33333 1.00000
vt 0.38889 0.00000
vt 0.38889 0.05556
vt 0.38889 0.11111
vt 0.38889 0.16667
vt 0.38889 0.22222
vt 0.38889 0.27778
vt 0.38889 0.33333
vt 0.38889 0.38889
vt 0.38889 0.44444
vt 0.38889 0.50000
vt 0.38889 0.55556
vt 0.38889 0.61111
vt 0.38889 0.66667
vt 0.38889 0.72222
vt 0.38889 0.77778
vt 0.38889 0.83333
vt 0.38889 0.88889
vt 0.38889 0.94444
vt 0.38889 1.00000
vt 0.44444 0.00000
vt 0.44444 0.05556
vt 0.44444 0.11111
vt 0.44444 0.16667
vt 0.44444 0.22222
vt 0.44444 0.27778
vt 0.44444 0.33333
vt 0.44444 0.38889
vt 0.44444 0.44444
vt 0.44444 0.50000
vt 0.44444 0.55556
vt 0.44444 0.61111
vt 0.44444 0.66667
vt 0.44444 0.72222
vt 0.44444 0.77778
vt 0.44444 0.83333
vt 0.44444 0.88889
vt 0.44444 0.94444
vt 0.44444 1.00000
vt 0.50000 0.00000
vt 0.50000 0.05556
vt 0.50000 0.11111
vt 0.50000 0.16667
vt 0.50000 0.22222
vt 0.50000 0.27778
vt 0.50000 0.33333
vt 0.50000 0.38889
vt 0.50000 0.44444
vt 0.50000 0.50000
vt 0.50000 0.55556
vt 0.50000 0.61111
vt 0.50000 0.66667
vt 0.50000 0.72222
vt 0.50000 0.77778
vt 0.50000 0.83333
vt 0.50000 0.88889
vt 0.50000 0.94444
vt 0.50000 1.00000
vt 0.55556 0.00000
vt 0.55556 0.05556
vt 0.55556 0.11111
vt 0.55556 0.16667
vt 0.55556 0.22222
vt 0.55556 0.27778
vt 0.55556 0.33333
vt 0.55556 0.38889
vt 0.55556 0.44444
vt 0.55556 0.50000
vt 0.55556 0.55556
vt 0.55556 0.61111
vt 0.55556 0.66667
vt 0.55556 0.72222
vt 0.55556 0.77778
vt 0.55556 0.83333
vt 0.55556 0.88889
vt 0.55556 0.94444
vt 0.55556 1.00000
vt 0.61111 0.00000
vt 0.61111 0.05556
vt 0.61111 0.11111
vt 0.61111 0.16667
vt 0.61111 0.22222
vt 0.61111 0.27778
vt 0.61111 0.33333
vt 0.61111 0.38889
vt 0.61111 0.44444
vt 0.61111 0.50000
vt 0.61111 0.55556
vt 0.61111 0.61111
vt 0.61111 0.66667
vt 0.61111 0.72222
vt 0.61111 0.77778
vt 0.61111 0.83333
vt 0.61111 0.88889
vt 0.61111 0.94444
vt 0.61111 1.00000
vt 0.66667 0.00000
vt 0.66667 0.05556
vt 0.66667 0.11111
vt 0.66667 0.16667
vt 0.66667 0.22222
vt 0.66667 0.27778
vt 0.66667 0.33333
vt 0.66667 0.38889
vt 0.66667 0.44444
vt 0.66667 0.50000
vt 0.66667 0.55556
vt 0.66667 0.61111
vt 0.66667 0.66667
vt 0.66667 0.72222
vt 0.66667 0.77778
vt 0.66667 0.83333
vt 0.66667 0.88889
vt 0.66667 0.94444
vt 0.66667 1.00000
vt 0.72222 0.00000
vt 0.72222 0.05556
vt 0.72222 0.11111
vt 0.72222 0.16667
vt 0.72222 0.22222
vt 0.72222 0.27778
vt 0.72222 0.33333
vt 0.72222 0.38889
vt 0.72222 0.44444
vt 0.72222 0.50000
vt 0.72222 0.55556
vt 0.72222 0.61111
vt 0.72222 0.66667
vt 0.72222 0.72222
vt 0.72222 0.77778
vt 0.72222 0.83333
vt 0.72222 0.88889
vt 0.72222 0.94444
vt 0.72222 1.00000
vt 0.77778 0.00000
vt 0.77778 0.05556
vt 0.77778 0.11111
vt 0.77778 0.16667
vt 0.77778 0.22222
vt 0.77778 0.27778
vt 0.77778 0.33333
vt 0.77778 0.38889
vt 0.77778 0.44444
vt 0.77778 0.50000
vt 0.77778 0.55556
vt 0.77778 0.61111
vt 0.77778 0.66667
vt 0.77778 0.72222
vt 0.77778 0.77778
vt 0.77778 0.83333
vt 0.77778 0.88889
vt 0.77778 0.94444
vt 0.77778 1.00000
vt 0.83333 0.00000
vt 0.83333 0.05556
vt 0.83333 0.11111
vt 0.83333 0.16667
vt 0.83333 0.22222
vt 0.83333 0.27778
vt 0.83333 0.33333
vt 0.83333 0.38889
vt 0.83333 0.44444
vt 0.83333 0.50000
vt 0.83333 0.55556
vt 0.83333 0.61111
vt 0.83333 0.66667
vt 0.83333 0.72222
vt 0.83333 0.77778
vt 0.83333 0.83333
vt 0.83333 0.88889
vt 0.83333 0.94444
vt 0.83333 1.00000
vt 0.88889 0.00000
vt 0.88889 0.05556
vt 0.88889 0.11111
vt 0.88889 0.16667
vt 0.88889 0.22222
vt 0.88889 0.27778
vt 0.88889 0.33333
vt 0.88889 0.38889
vt 0.88889 0.44444
vt 0.88889 0.50000
vt 0.88889 0.55556
vt 0.88889 0.61111
vt 0.88889 0.66667
vt 0.88889 0.72222
vt 0.88889 0.77778
vt 0.88889 0.83333
vt 0.88889 0.88889
vt 0.88889 0.94444
vt 0.88889 1.00000
vt 0.94444 0.00000
vt 0.94444 0.05556
vt 0.94444 0.11111
vt 0.94444 0.16667
vt 0.94444 0.22222
vt 0.94444 0.27778
vt 0.94444 0.33333
vt 0.94444 0.38889
vt 0.94444 0.44444
vt 0.94444 0.50000
vt 0.94444 0.55556
vt 0.94444 0.61111
vt 0.94444 0.66667
vt 0.94444 0.72222
vt 0.94444 0.77778
vt 0.94444 0.83333
vt 0.94444 0.88889
vt 0.94444 0.94444
vt 0.94444 1.00000
vt 1.00000 0.00000
vt 1.00000 0.05556
vt 1.00000 0.11111
vt 1.00000 0.16667
vt 1.00000 0.22222
vt 1.00000 0.27778
vt 1.00000 0.33333
vt 1.00000 0.38889
vt 1.00000 0.44444
vt 1.00000 0.50000
vt 1.00000 0.55556
vt 1.00000 0.61111
vt 1.00000 0.66667
vt 1.00000 0.72222
vt 1.00000 0.77778
vt 1.00000 0.83333
vt 1.00000 0.88889
vt 1.00000 0.94444
vt 1.00000 1.00000
vn 0.00000 1.00000 0.00000
vn -0.35465 0.93500 -0.00111
vn -0.35465 0.93500 -0.00111
vn -0.35465 0.93500 -0.00111
vn -0.35465 0.93500 -0.00111
vn -0.35465 0.93500 -0.00111
vn -0.35465 0.93500 -0.00111
vn -0.35465 0.93500 -0.00111
vn -0.35465 0.93500 -0.00111
vn -1.00000 0.00000 -0.00314
vn -0.73027 -0.68316 -0.00229
vn -0.73027 -0.68316 -0.00229
vn -0.73027 -0.68316 -0.00229
vn -0.73027 -0.68316 -0.00229
vn -0.73027 -0.68316 -0.00229
vn -0.73027 -0.68316 -0.00229
vn -0.73027 -0.68316 -0.00229
vn -0.73027 -0.68316 -0.00229
vn 0.00000 1.00000 0.00000
vn 0.00000 1.00000 0.00000
vn -0.33327 0.93500 -0.12130
vn -0.33327 0.93500 -0.12130
vn -0.33327 0.93500 -0.12130
vn -0.33327 0.93500 -0.12130
vn -0.33327 0.93500 -0.12130
vn -0.33327 0.93500 -0.12130
vn -0.33327 0.93500 -0.12130
vn -0.33327 0.93500 -0.12130
vn -0.93969 0.00000 -0.34202
vn -0.68623 -0.68316 -0.24977
vn -0.68623 -0.68316 -0.24977
vn -0.68623 -0.68316 -0.24977
vn -0.68623 -0.68316 -0.24977
vn -0.68623 -0.68316 -0.24977
vn -0.68623 -0.68316 -0.24977
vn -0.68623 -0.68316 -0.24977
vn -0.68623 -0.68316 -0.24977
vn 0.00000 1.00000 0.00000
vn 0.00000 1.00000 0.00000
vn -0.27168 0.93500 -0.22797
vn -0.27168 0.93500 -0.22797
vn -0.27168 0.93500 -0.22797
vn -0.27168 0.93500 -0.22797
vn -0.27168 0.93500 -0.22797
vn -0.27168 0.93500 -0.22797
vn -0.27168 0.93500 -0.22797
vn -0.27168 0.93500 -0.22797
vn -0.76604 0.00000 -0.64279
vn -0.55942 -0.68316 -0.46941
vn -0.55942 -0.68316 -0.46941
vn -0.55942 -0.68316 -0.46941
vn -0.55942 -0.68316 -0.46941
vn -0.55942 -0.68316 -0.46941
vn -0.55942 -0.68316 -0.46941
vn -0.55942 -0.68316 -0.46941
vn -0.55942 -0.68316 -0.46941
vn 0.00000 1.00000 0.00000
vn 0.00000 1.00000 0.00000
vn -0.17733 0.93500 -0.30714
vn -0.17733 0.93500 -0.30714
vn -0.17733 0.93500 -0.30714
vn -0.17733 0.93500 -0.30714
vn -0.17733 0.93500 -0.30714
vn -0.17733 0.93500 -0.30714
vn -0.17733 0.93500 -0.30714
vn -0.17733 0.93500 -0.30714
vn -0.50000 0.00000 -0.86603
vn -0.36514 -0.68316 -0.63243
vn -0.36514 -0.68316 -0.63243
vn -0.36514 -0.68316 -0.63243
vn -0.36514 -0.68316 -0.63243
vn -0.36514 -0.68316 -0.63243
vn -0.36514 -0.68316 -0.63243
vn -0.36514 -0.68316 -0.63243
vn -0.36514 -0.68316 -0.63243
vn 0.00000 1.00000 0.00000
vn 0.00000 1.00000 0.00000
vn -0.06159 0.93500 -0.34927
vn -0.06159 0.93500 -0.34927
vn -0.06159 0.93500 -0.34927
vn -0.06159 0.93500 -0.34927
vn -0.06159 0.93500 -0.34927
vn -0.06159 0.93500 -0.34927
vn -0.06159 0.93500 -0.34927
vn -0.06159 0.93500 -0.34927
vn -0.17365 0.00000 -0.98481
vn -0.12681 -0.68316 -0.71918
vn -0.12681 -0.68316 -0.71918
vn -0.12681 -0.68316 -0.71918
vn -0.12681 -0.68316 -0.71918
vn -0.12681 -0.68316 -0.71918
vn -0.12681 -0.68316 -0.71918
vn -0.12681 -0.68316 -0.71918
vn -0.12681 -0.68316 -0.71918
vn 0.00000 1.00000 0.00000
vn 0.00000 1.00000 0.00000
vn 0.06159 0.93500 -0.34927
vn 0.06159 0.93500 -0.34927
vn 0.06159 0.93500 -0.34927
vn 0.06159 0.93500 -0.34927
vn 0.06159 0.93500 -0.34927
vn 0.06159 0.93500 -0.34927
vn 0.06159 0.93500 -0.34927
vn 0.06159 0.93500 -0.34927
vn 0.17365 0.00000 -0.98481
vn 0.12681 -0.68316 -0.71918
vn 0.12681 -0.68316 -0.71918
vn 0.12681 -0.68316 -0.71918
vn 0.12681 -0.68316 -0.71918
vn 0.12681 -0.68316 -0.71918
vn 0.12681 -0.68316 -0.71918
vn 0.12681 -0.68316 -0.71918
vn 0.12681 -0.68316 -0.71918
vn 0.00000 1.00000 0.00000
vn 0.00000 1.00000 0.00000
vn 0.17733 0.93500 -0.30714
vn 0.17733 0.93500 -0.30714
vn 0.17733 0.93500 -0.30714
vn 0.17733 0.93500 -0.30714
vn 0.17733 0.93500 -0.30714
vn 0.17733 0.93500 -0.30714
vn 0.17733 0.93500 -0.30714
vn 0.17733 0.93500 -0.30714
vn 0.50000 0.00000 -0.86603
vn 0.36514 -0.68316 -0.63243
vn 0.36514 -0.68316 -0.63243
vn 0.36514 -0.68316 -0.63243
vn 0.36514 -0.68316 -0.63243
vn 0.36514 -0.68316 -0.63243
vn 0.36514 -0.68316 -0.63243
vn 0.36514 -0.68316 -0.63243
vn 0.36514 -0.68316 -0.63243
vn 0.00000 1.00000 0.00000
vn 0.00000 1.00000 0.00000
vn 0.27168 0.93500 -0.22797
vn 0.27168 0.93500 -0.22797
vn 0.27168 0.93500 -0.22797
vn 0.27168 0.93500 -0.22797
vn 0.27168 0.93500 -0.22797
vn 0.27168 0.93500 -0.22797
vn 0.27168 0.93500 -0.22797
vn 0.27168 0.93500 -0.22797
vn 0.76604 0.00000 -0.64279
vn 0.55942 -0.68316 -0.46941
vn 0.55942 -0.68316 -0.46941
vn 0.55942 -0.68316 -0.46941
vn 0.55942 -0.68316 -0.46941
vn 0.55942 -0.68316 -0.46941
vn 0.55942 -0.68316 -0.46941
vn 0.55942 -0.68316 -0.46941
vn 0.55942 -0.68316 -0.46941
vn 0.00000 1.00000 0.00000
vn 0.00000 1.00000 0.00000
vn 0.33327 0.93500 -0.12130
vn 0.33327 0.93500 -0.12130
vn 0.33327 0.93500 -0.12130
vn 0.33327 0.93500 -0.12130
vn 0.33327 0.93500 -0.12130
vn 0.33327 0.93500 -0.12130
vn 0.33327 0.93500 -0.12130
vn 0.33327 0.93500 -0.12130
vn 0.93969 0.00000 -0.34202
vn 0.68623 -0.68316 -0.24977
vn 0.68623 -0.68316 -0.24977
vn 0.68623 -0.68316 -0.24977
vn 0.68623 -0.68316 -0.24977
vn 0.68623 -0.68316 -0.24977
vn 0.68623 -0.68316 -0.24977
vn 0.68623 -0.68316 -0.24977
vn 0.68623 -0.68316 -0.24977
vn 0.00000 1.00000 0.00000
vn 0.00000 1.00000 0.00000
vn 0.35465 0.93500 0.00000
vn 0.35465 0.93500 0.00000
vn 0.35465 0.93500 0.00000
vn 0.35465 0.93500 0.00000
vn 0.35465 0.93500 0.00000
vn 0.35465 0.93500 0.00000
vn 0.35465 0.93500 0.00000
vn 0.35465 0.93500 0.00000
vn 1.00000 -0.00000 0.00000
vn 0.73027 -0.68316 0.00000
vn 0.73027 -0.68316 0.00000
vn 0.73027 -0.68316 0.00000
vn 0.73027 -0.68316 0.00000
vn 0.73027 -0.68316 0.00000
vn 0.73027 -0.68316 0.00000
vn 0.73027 -0.68316 0.00000
vn 0.73027 -0.68316 0.00000
vn 0.00000 1.00000 0.00000
vn 0.00000 1.00000 0.00000
vn 0.33327 0.93500 0.12130
vn 0.33327 0.93500 0.12130
vn 0.33327 0.93500 0.12130
vn 0.33327 0.93500 0.12130
vn 0.33327 0.93500 0.12130
vn 0.33327 0.93500 0.12130
vn 0.33327 0.93500 0.12130
vn 0.33327 0.93500 0.12130
vn 0.93969 -0.00000 0.34202
vn 0.68623 -0.68316 0.24977
vn 0.68623 -0.68316 0.24977
vn 0.68623 -0.68316 0.24977
vn 0.68623 -0.68316 0.24977
vn 0.68623 -0.68316 0.24977
vn 0.68623 -0.68316 0.24977
vn 0.68623 -0.68316 0.24977
vn 0.68623 -0.68316 0.24977
vn 0.00000 1.00000 0.00000
vn 0.00000 1.00000 0.00000
vn 0.27168 0.93500 0.22797
vn 0.27168 0.93500 0.22797
vn 0.27168 0.93500 0.22797
vn 0.27168 0.93500 0.22797
vn 0.27168 0.93500 0.22797
vn 0.27168 0.93500 0.22797
vn 0.27168 0.93500 0.22797
vn 0.27168 0.93500 0.22797
vn 0.76604 -0.00000 0.64279
vn 0.55942 -0.68316 0.46941
vn 0.55942 -0.68316 0.46941
vn 0.55942 -0.68316 0.46941
vn 0.55942 -0.68316 0.46941
vn 0.55942 -0.68316 0.46941
vn 0.55942 -0.68316 0.46941
vn 0.55942 -0.68316 0.46941
vn 0.55942 -0.68316 0.46941
vn 0.00000 1.00000 0.00000
vn 0.00000 1.00000 0.00000
vn 0.17733 0.93500 0.30714
vn 0.17733 0.93500 0.30714
vn 0.17733 0.93500 0.30714
vn 0.17733 0.93500 0.30714
vn 0.17733 0.93500 0.30714
vn 0.17733 0.93500 0.30714
vn 0.17733 0.93500 0.30714
vn 0.17733 0.93500 0.30714
vn 0.50000 -0.00000 0.86603
vn 0.36514 -0.68316 0.63243
vn 0.36514 -0.68316 0.63243
vn 0.36514 -0.68316 0.63243
vn 0.36514 -0.68316 0.63243
vn 0.36514 -0.68316 0.63243
vn 0.36514 -0.68316 0.63243
vn 0.36514 -0.68316 0.63243
vn 0.36514 -0.68316 0.63243
vn 0.00000 1.00000 0.00000
vn 0.00000 1.00000 0.00000
vn 0.06159 0.93500 0.34927
vn 0.06159 0.93500 0.34927
vn 0.06159 0.93500 0.34927
vn 0.06159 0.93500 0.34927
vn 0.06159 0.93500 0.34927
vn 0.06159 0.93500 0.34927
vn 0.06159 0.93500 0.34927
vn 0.06159 0.93500 0.34927
vn 0.17365 -0.00000 0.98481
vn 0.12681 -0.68316 0.71918
vn 0.12681 -0.68316 0.71918
vn 0.12681 -0.68316 0.71918
vn 0.12681 -0.68316 0.71918
vn 0.12681 -0.68316 0.71918
vn 0.12681 -0.68316 0.71918
vn 0.12681 -0.68316 0.71918
vn 0.12681 -0.68316 0.71918
vn 0.00000 1.00000 0.00000
vn 0.00000 1.00000 0.00000
vn -0.06159 0.93500 0.34927
vn -0.06159 0.93500 0.34927
vn -0.06159 0.93500 0.34927
vn -0.06159 0.93500 0.34927
vn -0.06159 0.93500 0.34927
vn -0.06159 0.93500 0.34927
vn -0.06159 0.93500 0.34927
vn -0.06159 0.93500 0.34927
vn -0.17365 0.00000 0.98481
vn -0.12681 -0.68316 0.71918
vn -0.12681 -0.68316 0.71918
vn -0.12681 -0.68316 0.71918
vn -0.12681 -0.68316 0.71918
vn -0.12681 -0.68316 0.71918
vn -0.12681 -0.68316 0.71918
vn -0.12681 -0.68316 0.71918
vn -0.12681 -0.68316 0.71918
vn 0.00000 1.00000 0.00000
vn 0.00000 1.00000 0.00000
vn -0.17733 0.93500 0.30714
vn -0.17733 0.93500 0.30714
vn -0.17733 0.93500 0.30714
vn -0.17733 0.93500 0.30714
vn -0.17733 0.93500 0.30714
vn -0.17733 0.93500 0.30714
vn -0.17733 0.93500 0.30714
vn -0.17733 0.93500 0.30714
vn -0.50000 0.00000 0.86603
vn -0.36514 -0.68316 0.63243
vn -0.36514 -0.68316 0.63243
vn -0.36514 -0.68316 0.63243
vn -0.36514 -0.68316 0.63243
vn -0.36514 -0.68316 0.63243
vn -0.36514 -0.68316 0.63243
vn -0.36514 -0.68316 0.63243
vn -0.36514 -0.68316 0.63243
vn 0.00000 1.00000 0.00000
vn 0.00000 1.00000 0.00000
vn -0.27168 0.93500 0.22797
vn -0.27168 0.93500 0.22797
vn -0.27168 0.93500 0.22797
vn -0.27168 0.93500 0.22797
vn -0.27168 0.93500 0.22797
vn -0.27168 0.93500 0.22797
vn -0.27168 0.93500 0.22797
vn -0.27168 0.93500 0.22797
vn -0.76604 0.00000 0.64279
vn -0.55942 -0.68316 0.46941
vn -0.55942 -0.68316 0.46941
vn -0.55942 -0.68316 0.46941
vn -0.55942 -0.68316 0.46941
vn -0.55942 -0.68316 0.46941
vn -0.55942 -0.68316 0.46941
vn -0.55942 -0.68316 0.46941
vn -0.55942 -0.68316 0.46941
vn 0.00000 1.00000 0.00000
vn 0.00000 1.00000 0.00000
vn -0.33327 0.93500 0.12130
vn -0.33327 0.93500 0.12130
vn -0.33327 0.93500 0.12130
vn -0.33327 0.93500 0.12130
vn -0.33327 0.93500 0.12130
vn -0.33327 0.93500 0.12130
vn -0.33327 0.93500 0.12130
vn -0.33327 0.93500 0.12130
vn -0.93969 0.00000 0.34202
vn -0.68623 -0.68316 0.24977
vn -0.68623 -0.68316 0.24977
vn -0.68623 -0.68316 0.24977
vn -0.68623 -0.68316 0.24977
vn -0.68623 -0.68316 0.24977
vn -0.68623 -0.68316 0.24977
vn -0.68623 -0.68316 0.24977
vn -0.68623 -0.68316 0.24977
vn 0.00000 1.00000 0.00000
vn 0.00000 1.00000 0.00000
vn -0.35465 0.93500 0.00111
vn -0.35465 0.93500 0.00111
vn -0.35465 0.93500 0.00111
vn -0.35465 0.93500 0.00111
vn -0.35465 0.93500 0.00111
vn -0.35465 0.93500 0.00111
vn -0.35465 0.93500 0.00111
vn -0.35465 0.93500 0.00111
vn -1.00000 0.00000 0.00314
vn -0.73027 -0.68316 0.00229
vn -0.73027 -0.68316 0.00229
vn -0.73027 -0.68316 0.00229
vn -0.73027 -0.68316 0.00229
vn -0.73027 -0.68316 0.00229
vn -0.73027 -0.68316 0.00229
vn -0.73027 -0.68316 0.00229
vn -0.73027 -0.68316 0.00229
vn 0.00000 1.00000 0.00000
vn 0.00000 1.00000 0.00000
vn -0.39392 0.91914 -0.00124
vn -0.39392 0.91914 -0.00124
vn -0.39392 0.91914 -0.00124
vn -0.39392 0.91914 -0.00124
vn -0.39392 0.91914 -0.00124
vn -0.39392 0.91914 -0.00124
vn -0.39392 0.91914 -0.00124
vn -0.39392 0.91914 -0.00124
vn -1.00000 0.00000 -0.00314
vn -0.73848 -0.67427 -0.00232
vn -0.73848 -0.67427 -0.00232
vn -0.73848 -0.67427 -0.00232
vn -0.73848 -0.67427 -0.00232
vn -0.73848 -0.67427 -0.00232
vn -0.73848 -0.67427 -0.00232
vn -0.73848 -0.67427 -0.00232
vn -0.73848 -0.67427 -0.00232
vn 0.00000 1.00000 0.00000
vn 0.00000 1.00000 0.00000
vn -0.37016 0.91915 -0.13473
vn -0.37016 0.91915 -0.13473
vn -0.37016 0.91915 -0.13473
vn -0.37016 0.91915 -0.13473
vn -0.37016 0.91915 -0.13473
vn -0.37016 0.91915 -0.13473
vn -0.37016 0.91915 -0.13473
vn -0.37016 0.91915 -0.13473
vn -0.93969 0.00000 -0.34202
vn -0.69395 -0.67427 -0.25258
vn -0.69395 -0.67427 -0.25258
vn -0.69395 -0.67427 -0.25258
vn -0.69395 -0.67427 -0.25258
vn -0.69395 -0.67427 -0.25258
vn -0.69395 -0.67427 -0.25258
vn -0.69395 -0.67427 -0.25258
vn -0.69395 -0.67427 -0.25258
vn 0.00000 1.00000 0.00000
vn 0.00000 1.00000 0.00000
vn -0.30176 0.91915 -0.25321
vn -0.30176 0.91915 -0.25321
vn -0.30176 0.91915 -0.25321
vn -0.30176 0.91915 -0.25321
vn -0.30176 0.91915 -0.25321
vn -0.30176 0.91915 -0.25321
vn -0.30176 0.91915 -0.25321
vn -0.30176 0.91915 -0.25321
vn -0.76604 0.00000 -0.64279
vn -0.56571 -0.67427 -0.47469
vn -0.56571 -0.67427 -0.47469
vn -0.56571 -0.67427 -0.47469
vn -0.56571 -0.67427 -0.47469
vn -0.56571 -0.67427 -0.47469
vn -0.56571 -0.67427 -0.47469
vn -0.56571 -0.67427 -0.47469
vn -0.56571 -0.67427 -0.47469
vn 0.00000 1.00000 0.00000
vn 0.00000 1.00000 0.00000
vn -0.19696 0.91915 -0.34114
vn -0.19696 0.91915 -0.34114
vn -0.19696 0.91915 -0.34114
vn -0.19696 0.91915 -0.34114
vn -0.19696 0.91915 -0.34114
vn -0.19696 0.91915 -0.34114
vn -0.19696 0.91915 -0.34114
vn -0.19696 0.91915 -0.34114
vn -0.50000 0.00000 -0.86603
vn -0.36924 -0.67427 -0.63955
vn -0.36924 -0.67427 -0.63955
vn -0.36924 -0.67427 -0.63955
vn -0.36924 -0.67427 -0.63955
vn -0.36924 -0.67427 -0.63955
vn -0.36924 -0.67427 -0.63955
vn -0.36924 -0.67427 -0.63955
vn -0.36924 -0.67427 -0.63955
vn 0.00000 1.00000 0.00000
vn 0.00000 1.00000 0.00000
vn -0.06840 0.91915 -0.38793
vn -0.06840 0.91915 -0.38793
vn -0.06840 0.91915 -0.38793
vn -0.06840 0.91915 -0.38793
vn -0.06840 0.91915 -0.38793
vn -0.06840 0.91915 -0.38793
vn -0.06840 0.91915 -0.38793
vn -0.06840 0.91915 -0.38793
vn -0.17365 0.00000 -0.98481
vn -0.12824 -0.67427 -0.72727
vn -0.12824 -0.67427 -0.72727
vn -0.12824 -0.67427 -0.72727
vn -0.12824 -0.67427 -0.72727
vn -0.12824 -0.67427 -0.72727
vn -0.12824 -0.67427 -0.72727
vn -0.12824 -0.67427 -0.72727
vn -0.12824 -0.67427 -0.72727
vn 0.00000 1.00000 0.00000
vn 0.00000 1.00000 0.00000
vn 0.06840 0.91915 -0.38793
vn 0.06840 0.91915 -0.38793
vn 0.06840 0.91915 -0.38793
vn 0.06840 0.91915 -0.38793
vn 0.06840 0.91915 -0.38793
vn 0.06840 0.91915 -0.38793
vn 0.06840 0.91915 -0.38793
vn 0.06840 0.91915 -0.38793
vn 0.17365 0.00000 -0.98481
vn 0.12824 -0.67427 -0.72727
vn 0.12824 -0.67427 -0.72727
vn 0.12824 -0.67427 -0.72727
vn 0.12824 -0.67427 -0.72727
vn 0.12824 -0.67427 -0.72727
vn 0.12824 -0.67427 -0.72727
vn 0.12824 -0.67427 -0.72727
vn 0.12824 -0.67427 -0.72727
vn 0.00000 1.00000 0.00000
vn 0.00000 1.00000 0.00000
vn 0.19696 0.91915 -0.34114
vn 0.19696 0.91915 -0.34114
vn 0.19696 0.91915 -0.34114
vn 0.19696 0.91915 -0.34114
vn 0.19696 0.91915 -0.34114
vn 0.19696 0.91915 -0.34114
vn 0.19696 0.91915 -0.34114
vn 0.19696 0.91915 -0.34114
vn 0.50000 0.00000 -0.86603
vn 0.36924 -0.67427 -0.63955
vn 0.36924 -0.67427 -0.63955
vn 0.36924 -0.67427 -0.63955
vn 0.36924 -0.67427 -0.63955
vn 0.36924 -0.67427 -0.63955
vn 0.36924 -0.67427 -0.63955
vn 0.36924 -0.67427 -0.63955
vn 0.36924 -0.67427 -0.63955
vn 0.00000 1.00000 0.00000
vn 0.00000 1.00000 0.00000
vn 0.30176 0.91915 -0.25321
vn 0.30176 0.91915 -0.25321
vn 0.30176 0.91915 -0.25321
vn 0.30176 0.91915 -0.25321
vn 0.30176 0.91915 -0.25321
vn 0.30176 0.91915 -0.25321
vn 0.30176 0.91915 -0.25321
vn 0.30176 0.91915 -0.25321
vn 0.76604 0.00000 -0.64279
vn 0.56571 -0.67427 -0.47469
vn 0.56571 -0.67427 -0.47469
vn 0.56571 -0.67427 -0.47469
vn 0.56571 -0.67427 -0.47469
vn 0.56571 -0.67427 -0.47469
vn 0.56571 -0.67427 -0.47469
vn 0.56571 -0.67427 -0.47469
vn 0.56571 -0.67427 -0.47469
vn 0.00000 1.00000 0.00000
vn 0.00000 1.00000 0.00000
vn 0.37016 0.91915 -0.13473
vn 0.37016 0.91915 -0.13473
vn 0.37016 0.91915 -0.13473
vn 0.37016 0.91915 -0.13473
vn 0.37016 0.91915 -0.13473
vn 0.37016 0.91915 -0.13473
vn 0.37016 0.91915 -0.13473
vn 0.37016 0.91915 -0.13473
vn 0.93969 0.00000 -0.34202
vn 0.69395 -0.67427 -0.25258
vn 0.69395 -0.67427 -0.25258
vn 0.69395 -0.67427 -0.25258
vn 0.69395 -0.67427 -0.25258
vn 0.69395 -0.67427 -0.25258
vn 0.69395 -0.67427 -0.25258
vn 0.69395 -0.67427 -0.25258
vn 0.69395 -0.67427 -0.25258
vn 0.00000 1.00000 0.00000
vn 0.00000 1.00000 0.00000
vn 0.39392 0.91915 0.00000
vn 0.39392 0.91915 0.00000
vn 0.39392 0.91915 0.00000
vn 0.39392 0.91915 0.00000
vn 0.39392 0.91915 0.00000
vn 0.39392 0.91915 0.00000
vn 0.39392 0.91915 0.00000
vn 0.39392 0.91915 0.00000
vn 1.00000 -0.00000 0.00000
vn 0.73849 -0.67427 0.00000
vn 0.73849 -0.67427 0.00000
vn 0.73849 -0.67427 0.00000
vn 0.73849 -0.67427 0.00000
vn 0.73849 -0.67427 0.00000
vn 0.73849 -0.67427 0.00000
vn 0.73849 -0.67427 0.00000
vn 0.73849 -0.67427 0.00000
vn 0.00000 1.00000 0.00000
vn 0.00000 1.00000 0.00000
vn 0.37016 0.91915 0.13473
vn 0.37016 0.91915 0.13473
vn 0.37016 0.91915 0.13473
vn 0.37016 0.91915 0.13473
vn 0.37016 0.91915 0.13473
vn 0.37016 0.91915 0.13473
vn 0.37016 0.91915 0.13473
vn 0.37016 0.91915 0.13473
vn 0.93969 -0.00000 0.34202
vn 0.69395 -0.67427 0.25258
vn 0.69395 -0.67427 0.25258
vn 0.69395 -0.67427 0.25258
vn 0.69395 -0.67427 0.25258
vn 0.69395 -0.67427 0.25258
vn 0.69395 -0.67427 0.25258
vn 0.69395 -0.67427 0.25258
vn 0.69395 -0.67427 0.25258
vn 0.00000 1.00000 0.00000
vn 0.00000 1.00000 0.00000
vn 0.30176 0.91915 0.25321
vn 0.30176 0.91915 0.25321
vn 0.30176 0.91915 0.25321
vn 0.30176 0.91915 0.25321
vn 0.30176 0.91915 0.25321
vn 0.30176 0.91915 0.25321
vn 0.30176 0.91915 0.25321
vn 0.30176 0.91915 0.25321
vn 0.76604 -0.00000 0.64279
vn 0.56571 -0.67427 0.47469
vn 0.56571 -0.67427 0.47469
vn 0.56571 -0.67427 0.47469
vn 0.56571 -0.67427 0.47469
vn 0.56571 -0.67427 0.47469
vn 0.56571 -0.67427 0.47469
vn 0.56571 -0.67427 0.47469
vn 0.56571 -0.67427 0.47469
vn 0.00000 1.00000 0.00000
vn 0.00000 1.00000 0.00000
vn 0.19696 0.91915 0.34114
vn 0.19696 0.91915 0.34114
vn 0.19696 0.91915 0.34114
vn 0.19696 0.91915 0.34114
vn 0.19696 0.91915 0.34114
vn 0.19696 0.91915 0.34114
vn 0.19696 0.91915 0.34114
vn 0.19696 0.91915 0.34114
vn 0.50000 -0.00000 0.86603
vn 0.36924 -0.67427 0.63955
vn 0.36924 -0.67427 0.63955
vn 0.36924 -0.67427 0.63955
vn 0.36924 -0.67427 0.63955
vn 0.36924 -0.67427 0.63955
vn 0.36924 -0.67427 0.63955
vn 0.36924 -0.67427 0.63955
vn 0.36924 -0.67427 0.63955
vn 0.00000 1.00000 0.00000
vn 0.00000 1.00000 0.00000
vn 0.06840 0.91915 0.38793
vn 0.06840 0.91915 0.38793
vn 0.06840 0.91915 0.38793
vn 0.06840 0.91915 0.38793
vn 0.06840 0.91915 0.38793
vn 0.06840 0.91915 0.38793
vn 0.06840 0.91915 0.38793
vn 0.06840 0.91915 0.38793
vn 0.17365 -0.00000 0.98481
vn 0.12824 -0.67427 0.72727
vn 0.12824 -0.67427 0.72727
vn 0.12824 -0.67427 0.72727
vn 0.12824 -0.67427 0.72727
vn 0.12824 -0.67427 0.72727
vn 0.12824 -0.67427 0.72727
vn 0.12824 -0.67427 0.72727
vn 0.12824 -0.67427 0.72727
vn 0.00000 1.00000 0.00000
vn 0.00000 1.00000 0.00000
vn -0.06840 0.91915 0.38793
vn -0.06840 0.91915 0.38793
vn -0.06840 0.91915 0.38793
vn -0.06840 0.91915 0.38793
vn -0.06840 0.91915 0.38793
vn -0.06840 0.91915 0.38793
vn -0.06840 0.91915 0.38793
vn -0.06840 0.91915 0.38793
vn -0.17365 0.00000 0.98481
vn -0.12824 -0.67427 0.72727
vn -0.12824 -0.67427 0.72727
vn -0.12824 -0.67427 0.72727
vn -0.12824 -0.67427 0.72727
vn -0.12824 -0.67427 0.72727
vn -0.12824 -0.67427 0.72727
vn -0.12824 -0.67427 0.72727
vn -0.12824 -0.67427 0.72727
vn 0.00000 1.00000 0.00000
vn 0.00000 1.00000 0.00000
vn -0.19696 0.91915 0.34114
vn -0.19696 0.91915 0.34114
vn -0.19696 0.91915 0.34114
vn -0.19696 0.91915 0.34114
vn -0.19696 0.91915 0.34114
vn -0.19696 0.91915 0.34114
vn -0.19696 0.91915 0.34114
vn -0.19696 0.91915 0.34114
vn -0.50000 0.00000 0.86603
vn -0.36924 -0.67427 0.63955
vn -0.36924 -0.67427 0.63955
vn -0.36924 -0.67427 0.63955
vn -0.36924 -0.67427 0.63955
vn -0.36924 -0.67427 0.63955
vn -0.36924 -0.67427 0.63955
vn -0.36924 -0.67427 0.63955
vn -0.36924 -0.67427 0.63955
vn 0.00000 1.00000 0.00000
vn 0.00000 1.00000 0.00000
vn -0.30176 0.91915 0.25321
vn -0.30176 0.91915 0.25321
vn -0.30176 0.91915 0.25321
vn -0.30176 0.91915 0.25321
vn -0.30176 0.91915 0.25321
vn -0.30176 0.91915 0.25321
vn -0.30176 0.91915 0.25321
vn -0.30176 0.91915 0.25321
vn -0.76604 0.00000 0.64279
vn -0.56571 -0.67427 0.47469
vn -0.56571 -0.67427 0.47469
vn -0.56571 -0.67427 0.47469
vn -0.56571 -0.67427 0.47469
vn -0.56571 -0.67427 0.47469
vn -0.56571 -0.67427 0.47469
vn -0.56571 -0.67427 0.47469
vn -0.56571 -0.67427 0.47469
vn 0.00000 1.00000 0.00000
vn 0.00000 1.00000 0.00000
vn -0.37016 0.91915 0.13473
vn -0.37016 0.91915 0.13473
vn -0.37016 0.91915 0.13473
vn -0.37016 0.91915 0.13473
vn -0.37016 0.91915 0.13473
vn -0.37016 0.91915 0.13473
vn -0.37016 0.91915 0.13473
vn -0.37016 0.91915 0.13473
vn -0.93969 0.00000 0.34202
vn -0.69395 -0.67427 0.25258
vn -0.69395 -0.67427 0.25258
vn -0.69395 -0.67427 0.25258
vn -0.69395 -0.67427 0.25258
vn -0.69395 -0.67427 0.25258
vn -0.69395 -0.67427 0.25258
vn -0.69395 -0.67427 0.25258
vn -0.69395 -0.67427 0.25258
vn 0.00000 1.00000 0.00000
vn 0.00000 1.00000 0.00000
vn -0.39392 0.91914 0.00124
vn -0.39392 0.91914 0.00124
vn -0.39392 0.91914 0.00124
vn -0.39392 0.91914 0.00124
vn -0.39392 0.91914 0.00124
vn -0.39392 0.91914 0.00124
vn -0.39392 0.91914 0.00124
vn -0.39392 0.91914 0.00124
vn -1.00000 0.00000 0.00314
vn -0.73848 -0.67427 0.00232
vn -0.73848 -0.67427 0.00232
vn -0.73848 -0.67427 0.00232
vn -0.73848 -0.67427 0.00232
vn -0.73848 -0.67427 0.00232
vn -0.73848 -0.67427 0.00232
vn -0.73848 -0.67427 0.00232
vn -0.73848 -0.67427 0.00232
vn 0.00000 1.00000 0.00000
vn 0.00000 1.00000 0.00000
vn -0.47410 0.88047 -0.00149
vn -0.47410 0.88047 -0.00149
vn -0.47410 0.88047 -0.00149
vn -0.47410 0.88047 -0.00149
vn -0.47410 0.88047 -0.00149
vn -0.47410 0.88047 -0.00149
vn -0.47410 0.88047 -0.00149
vn -0.47410 0.88047 -0.00149
vn -1.00000 0.00000 -0.00314
vn -0.75569 -0.65493 -0.00237
vn -0.75569 -0.65493 -0.00237
vn -0.75569 -0.65493 -0.00237
vn -0.75569 -0.65493 -0.00237
vn -0.75569 -0.65493 -0.00237
vn -0.75569 -0.65493 -0.00237
vn -0.75569 -0.65493 -0.00237
vn -0.75569 -0.65493 -0.00237
vn 0.00000 1.00000 0.00000
vn 0.00000 1.00000 0.00000
vn -0.44551 0.88047 -0.16215
vn -0.44551 0.88047 -0.16215
vn -0.44551 0.88047 -0.16215
vn -0.44551 0.88047 -0.16215
vn -0.44551 0.88047 -0.16215
vn -0.44551 0.88047 -0.16215
vn -0.44551 0.88047 -0.16215
vn -0.44551 0.88047 -0.16215
vn -0.93969 0.00000 -0.34202
vn -0.71012 -0.65493 -0.25846
vn -0.71012 -0.65493 -0.25846
vn -0.71012 -0.65493 -0.25846
vn -0.71012 -0.65493 -0.25846
vn -0.71012 -0.65493 -0.25846
vn -0.71012 -0.65493 -0.25846
vn -0.71012 -0.65493 -0.25846
vn -0.71012 -0.65493 -0.25846
vn 0.00000 1.00000 0.00000
vn 0.00000 1.00000 0.00000
vn -0.36318 0.88047 -0.30475
vn -0.36318 0.88047 -0.30475
vn -0.36318 0.88047 -0.30475
vn -0.36318 0.88047 -0.30475
vn -0.36318 0.88047 -0.30475
vn -0.36318 0.88047 -0.30475
vn -0.36318 0.88047 -0.30475
vn -0.36318 0.88047 -0.30475
vn -0.76604 0.00000 -0.64279
vn -0.57889 -0.65493 -0.48575
vn -0.57889 -0.65493 -0.48575
vn -0.57889 -0.65493 -0.48575
vn -0.57889 -0.65493 -0.48575
vn -0.57889 -0.65493 -0.48575
vn -0.57889 -0.65493 -0.48575
vn -0.57889 -0.65493 -0.48575
vn -0.57889 -0.65493 -0.48575
vn 0.00000 1.00000 0.00000
vn 0.00000 1.00000 0.00000
vn -0.23705 0.88047 -0.41058
vn -0.23705 0.88047 -0.41058
vn -0.23705 0.88047 -0.41058
vn -0.23705 0.88047 -0.41058
vn -0.23705 0.88047 -0.41058
vn -0.23705 0.88047 -0.41058
vn -0.23705 0.88047 -0.41058
vn -0.23705 0.88047 -0.41058
vn -0.50000 0.00000 -0.86603
vn -0.37784 -0.65493 -0.65445
vn -0.37784 -0.65493 -0.65445
vn -0.37784 -0.65493 -0.65445
vn -0.37784 -0.65493 -0.65445
vn -0.37784 -0.65493 -0.65445
vn -0.37784 -0.65493 -0.65445
vn -0.37784 -0.65493 -0.65445
vn -0.37784 -0.65493 -0.65445
vn 0.00000 1.00000 0.00000
vn 0.00000 1.00000 0.00000
vn -0.08233 0.88047 -0.46690
vn -0.08233 0.88047 -0.46690
vn -0.08233 0.88047 -0.46690
vn -0.08233 0.88047 -0.46690
vn -0.08233 0.88047 -0.46690
vn -0.08233 0.88047 -0.46690
vn -0.08233 0.88047 -0.46690
vn -0.08233 0.88047 -0.46690
vn -0.17365 0.00000 -0.98481
vn -0.13122 -0.65493 -0.74421
vn -0.13122 -0.65493 -0.74421
vn -0.13122 -0.65493 -0.74421
vn -0.13122 -0.65493 -0.74421
vn -0.13122 -0.65493 -0.74421
vn -0.13122 -0.65493 -0.74421
vn -0.13122 -0.65493 -0.74421
vn -0.13122 -0.65493 -0.74421
vn 0.00000 1.00000 0.00000
vn 0.00000 1.00000 0.00000
vn 0.08233 0.88047 -0.46690
vn 0.08233 0.88047 -0.46690
vn 0.08233 0.88047 -0.46690
vn 0.08233 0.88047 -0.46690
vn 0.08233 0.88047 -0.46690
vn 0.08233 0.88047 -0.46690
vn 0.08233 0.88047 -0.46690
vn 0.08233 0.88047 -0.46690
vn 0.17365 0.00000 -0.98481
vn 0.13122 -0.65493 -0.74421
vn 0.13122 -0.65493 -0.74421
vn 0.13122 -0.65493 -0.74421
vn 0.13122 -0.65493 -0.74421
vn 0.13122 -0.65493 -0.74421
vn 0.13122 -0.65493 -0.74421
vn 0.13122 -0.65493 -0.74421
vn 0.13122 -0.65493 -0.74421
vn 0.00000 1.00000 0.00000
vn 0.00000 1.00000 0.00000
vn 0.23705 0.88047 -0.41058
vn 0.23705 0.88047 -0.41058
vn 0.23705 0.88047 -0.41058
vn 0.23705 0.88047 -0.41058
vn 0.23705 0.88047 -0.41058
vn 0.23705 0.88047 -0.41058
vn 0.23705 0.88047 -0.41058
vn 0.23705 0.88047 -0.41058
vn 0.50000 0.00000 -0.86603
vn 0.37784 -0.65493 -0.65445
vn 0.37784 -0.65493 -0.65445
vn 0.37784 -0.65493 -0.65445
vn 0.37784 -0.65493 -0.65445
vn 0.37784 -0.65493 -0.65445
vn 0.37784 -0.65493 -0.65445
vn 0.37784 -0.65493 -0.65445
vn 0.37784 -0.65493 -0.65445
vn 0.00000 1.00000 0.00000
vn 0.00000 1.00000 0.00000
vn 0.36318 0.88047 -0.30475
vn 0.36318 0.88047 -0.30475
vn 0.36318 0.88047 -0.30475
vn 0.36318 0.88047 -0.30475
vn 0.36318 0.88047 -0.30475
vn 0.36318 0.88047 -0.30475
vn 0.36318 0.88047 -0.30475
vn 0.36318 0.88047 -0.30475
vn 0.76604 0.00000 -0.64279
vn 0.57889 -0.65493 -0.48575
vn 0.57889 -0.65493 -0.48575
vn 0.57889 -0.65493 -0.48575
vn 0.57889 -0.65493 -0.48575
vn 0.57889 -0.65493 -0.48575
vn 0.57889 -0.65493 -0.48575
vn 0.57889 -0.65493 -0.48575
vn 0.57889 -0.65493 -0.48575
vn 0.00000 1.00000 0.00000
vn 0.00000 1.00000 0.00000
vn 0.44551 0.88047 -0.16215
vn 0.44551 0.88047 -0.16215
vn 0.44551 0.88047 -0.16215
vn 0.44551 0.88047 -0.16215
vn 0.44551 0.88047 -0.16215
vn 0.44551 0.88047 -0.16215
vn 0.44551 0.88047 -0.16215
vn 0.44551 0.88047 -0.16215
vn 0.93969 0.00000 -0.34202
vn 0.71012 -0.65493 -0.25846
vn 0.71012 -0.65493 -0.25846
vn 0.71012 -0.65493 -0.25846
vn 0.71012 -0.65493 -0.25846
vn 0.71012 -0.65493 -0.25846
vn 0.71012 -0.65493 -0.25846
vn 0.71012 -0.65493 -0.25846
vn 0.71012 -0.65493 -0.25846
vn 0.00000 1.00000 0.00000
vn 0.00000 1.00000 0.00000
vn 0.47410 0.88047 0.00000
vn 0.47410 0.88047 0.00000
vn 0.47410 0.88047 0.00000
vn 0.47410 0.88047 0.00000
vn 0.47410 0.88047 0.00000
vn 0.47410 0.88047 0.00000
vn 0.47410 0.88047 0.00000
vn 0.47410 0.88047 0.00000
vn 1.00000 -0.00000 0.00000
vn 0.75569 -0.65493 0.00000
vn 0.75569 -0.65493 0.00000
vn 0.75569 -0.65493 0.00000
vn 0.75569 -0.65493 0.00000
vn 0.75569 -0.65493 0.00000
vn 0.75569 -0.65493 0.00000
vn 0.75569 -0.65493 0.00000
vn 0.75569 -0.65493 0.00000
vn 0.00000 1.00000 0.00000
vn 0.00000 1.00000 0.00000
vn 0.44551 0.88047 0.16215
vn 0.44551 0.88047 0.16215
vn 0.44551 0.88047 0.16215
vn 0.44551 0.88047 0.16215
vn 0.44551 0.88047 0.16215
vn 0.44551 0.88047 0.16215
vn 0.44551 0.88047 0.16215
vn 0.44551 0.88047 0.16215
vn 0.93969 -0.00000 0.34202
vn 0.71012 -0.65493 0.25846
vn 0.71012 -0.65493 0.25846
vn 0.71012 -0.65493 0.25846
vn 0.71012 -0.65493 0.25846
vn 0.71012 -0.65493 0.25846
vn 0.71012 -0.65493 0.25846
vn 0.71012 -0.65493 0.25846
vn 0.71012 -0.65493 0.25846
vn 0.00000 1.00000 0.00000
vn 0.00000 1.00000 0.00000
vn 0.36318 0.88047 0.30475
vn 0.36318 0.88047 0.30475
vn 0.36318 0.88047 0.30475
vn 0.36318 0.88047 0.30475
vn 0.36318 0.88047 0.30475
vn 0.36318 0.88047 0.30475
vn 0.36318 0.88047 0.30475
vn 0.36318 0.88047 0.30475
vn 0.76604 -0.00000 0.64279
vn 0.57889 -0.65493 0.48575
vn 0.57889 -0.65493 0.48575
vn 0.57889 -0.65493 0.48575
vn 0.57889 -0.65493 0.48575
vn 0.57889 -0.65493 0.48575
vn 0.57889 -0.65493 0.48575
vn 0.57889 -0.65493 0.48575
vn 0.57889 -0.65493 0.48575
vn 0.00000 1.00000 0.00000
vn 0.00000 1.00000 0.00000
vn 0.23705 0.88047 0.41058
vn 0.23705 0.88047 0.41058
vn 0.23705 0.88047 0.41058
vn 0.23705 0.88047 0.41058
vn 0.23705 0.88047 0.41058
vn 0.23705 0.88047 0.41058
vn 0.23705 0.88047 0.41058
vn 0.23705 0.88047 0.41058
vn 0.50000 -0.00000 0.86603
vn 0.37784 -0.65493 0.65445
vn 0.37784 -0.65493 0.65445
vn 0.37784 -0.65493 0.65445
vn 0.37784 -0.65493 0.65445
vn 0.37784 -0.65493 0.65445
vn 0.37784 -0.65493 0.65445
vn 0.37784 -0.65493 0.65445
vn 0.37784 -0.65493 0.65445
vn 0.00000 1.00000 0.00000
vn 0.00000 1.00000 0.00000
vn 0.08233 0.88047 0.46690
vn 0.08233 0.88047 0.46690
vn 0.08233 0.88047 0.46690
vn 0.08233 0.88047 0.46690
vn 0.08233 0.88047 0.46690
vn 0.08233 0.88047 0.46690
vn 0.08233 0.88047 0.46690
vn 0.08233 0.88047 0.46690
vn 0.17365 -0.00000 0.98481
vn 0.13122 -0.65493 0.74421
vn 0.13122 -0.65493 0.74421
vn 0.13122 -0.65493 0.74421
vn 0.13122 -0.65493 0.74421
vn 0.13122 -0.65493 0.74421
vn 0.13122 -0.65493 0.74421
vn 0.13122 -0.65493 0.74421
vn 0.13122 -0.65493 0.74421
vn 0.00000 1.00000 0.00000
vn 0.00000 1.00000 0.00000
vn -0.08233 0.88047 0.46690
vn -0.08233 0.88047 0.46690
vn -0.08233 0.88047 0.46690
vn -0.08233 0.88047 0.46690
vn -0.08233 0.88047 0.46690
vn -0.08233 0.88047 0.46690
vn -0.08233 0.88047 0.46690
vn -0.08233 0.88047 0.46690
vn -0.17365 0.00000 0.98481
vn -0.13122 -0.65493 0.74421
vn -0.13122 -0.65493 0.74421
vn -0.13122 -0.65493 0.74421
vn -0.13122 -0.65493 0.74421
vn -0.13122 -0.65493 0.74421
vn -0.13122 -0.65493 0.74421
vn -0.13122 -0.65493 0.74421
vn -0.13122 -0.65493 0.74421
vn 0.00000 1.00000 0.00000
vn 0.00000 1.00000 0.00000
vn -0.23705 0.88047 0.41058
vn -0.23705 0.88047 0.41058
vn -0.23705 0.88047 0.41058
vn -0.23705 0.88047 0.41058
vn -0.23705 0.88047 0.41058
vn -0.23705 0.88047 0.41058
vn -0.23705 0.88047 0.41058
vn -0.23705 0.88047 0.41058
vn -0.50000 0.00000 0.86603
vn -0.37784 -0.65493 0.65445
vn -0.37784 -0.65493 0.65445
vn -0.37784 -0.65493 0.65445
vn -0.37784 -0.65493 0.65445
vn -0.37784 -0.65493 0.65445
vn -0.37784 -0.65493 0.65445
vn -0.37784 -0.65493 0.65445
vn -0.37784 -0.65493 0.65445
vn 0.00000 1.00000 0.00000
vn 0.00000 1.00000 0.00000
vn -0.36318 0.88047 0.30475
vn -0.36318 0.88047 0.30475
vn -0.36318 0.88047 0.30475
vn -0.36318 0.88047 0.30475
vn -0.36318 0.88047 0.30475
vn -0.36318 0.88047 0.30475
vn -0.36318 0.88047 0.30475
vn -0.36318 0.88047 0.30475
vn -0.76604 0.00000 0.64279
vn -0.57889 -0.65493 0.48575
vn -0.57889 -0.65493 0.48575
vn -0.57889 -0.65493 0.48575
vn -0.57889 -0.65493 0.48575
vn -0.57889 -0.65493 0.48575
vn -0.57889 -0.65493 0.48575
vn -0.57889 -0.65493 0.48575
vn -0.57889 -0.65493 0.48575
vn 0.00000 1.00000 0.00000
vn 0.00000 1.00000 0.00000
vn -0.44551 0.88047 0.16215
vn -0.44551 0.88047 0.16215
vn -0.44551 0.88047 0.16215
vn -0.44551 0.88047 0.16215
vn -0.44551 0.88047 0.16215
vn -0.44551 0.88047 0.16215
vn -0.44551 0.88047 0.16215
vn -0.44551 0.88047 0.16215
vn -0.93969 0.00000 0.34202
vn -0.71012 -0.65493 0.25846
vn -0.71012 -0.65493 0.25846
vn -0.71012 -0.65493 0.25846
vn -0.71012 -0.65493 0.25846
vn -0.71012 -0.65493 0.25846
vn -0.71012 -0.65493 0.25846
vn -0.71012 -0.65493 0.25846
vn -0.71012 -0.65493 0.25846
vn 0.00000 1.00000 0.00000
vn 0.00000 1.00000 0.00000
vn -0.47410 0.88047 0.00149
vn -0.47410 0.88047 0.00149
vn -0.47410 0.88047 0.00149
vn -0.47410 0.88047 0.00149
vn -0.47410 0.88047 0.00149
vn -0.47410 0.88047 0.00149
vn -0.47410 0.88047 0.00149
vn -0.47410 0.88047 0.00149
vn -1.00000 0.00000 0.00314
vn -0.75569 -0.65493 0.00237
vn -0.75569 -0.65493 0.00237
vn -0.75569 -0.65493 0.00237
vn -0.75569 -0.65493 0.00237
vn -0.75569 -0.65493 0.00237
vn -0.75569 -0.65493 0.00237
vn -0.75569 -0.65493 0.00237
vn -0.75569 -0.65493 0.00237
vn 0.00000 1.00000 0.00000
f 1/1/1 20/20/20 21/21/21
f 1/1/1 21/21/21 2/2/2
f 2/2/2 21/21/21 22/22/22
f 2/2/2 22/22/22 3/3/3
f 3/3/3 22/22/22 23/23/23
f 3/3/3 23/23/23 4/4/4
f 4/4/4 23/23/23 24/24/24
f 4/4/4 24/24/24 5/5/5
f 5/5/5 24/24/24 25/25/25
f 5/5/5 25/25/25 6/6/6
f 6/6/6 25/25/25 26/26/26
f 6/6/6 26/26/26 7/7/7
f 7/7/7 26/26/26 27/27/27
f 7/7/7 27/27/27 8/8/8
f 8/8/8 27/27/27 28/28/28
f 8/8/8 28/28/28 9/9/9
f 9/9/9 28/28/28 29/29/29
f 9/9/9 29/29/29 10/10/10
f 10/10/10 29/29/29 30/30/30
f 10/10/10 30/30/30 11/11/11
f 11/11/11 30/30/30 31/31/31
f 11/11/11 31/31/31 12/12/12
f 12/12/12 31/31/31 32/32/32
f 12/12/12 32/32/32 13/13/13
f 13/13/13 32/32/32 33/33/33
f 13/13/13 33/33/33 14/14/14
f 14/14/14 33/33/33 34/34/34
f 14/14/14 34/34/34 15/15/15
f 15/15/15 34/34/34 35/35/35
f 15/15/15 35/35/35 16/16/16
f 16/16/16 35/35/35 36/36/36
f 16/16/16 36/36/36 17/17/17
f 17/17/17 36/36/36 37/37/37
f 17/17/17 37/37/37 18/18/18
f 18/18/18 37/37/37 38/38/38
f 18/18/18 38/38/38 19/19/19
f 20/20/20 39/39/39 40/40/40
f 20/20/20 40/40/40 21/21/21
f 21/21/21 40/40/40 41/41/41
f 21/21/21 41/41/41 22/22/22
f 22/22/22 41/41/41 42/42/42
f 22/22/22 42/42/42 23/23/23
f 23/23/23 42/42/42 43/43/43
f 23/23/23 43/43/43 24/24/24
f 24/24/24 43/43/43 44/44/44
f 24/24/24 44/44/44 25/25/25
f 25/25/25 44/44/44 45/45/45
f 25/25/25 45/45/45 26/26/26
f 26/26/26 45/45/45 46/46/46
f 26/26/26 46/46/46 27/27/27
f 27/27/27 46/46/46 47/47/47
f 27/27/27 47/47/47 28/28/28
f 28/28/28 47/47/47 48/48/48
f 28/28/28 48/48/48 29/29/29
f 29/29/29 48/48/48 49/49/49
f 29/29/29 49/49/49 30/30/30
f 30/30/30 49/49/49 50/50/50
f 30/30/30 50/50/50 31/31/31
f 31/31/31 50/50/50 51/51/51
f 31/31/31 51/51/51 32/32/32
f 32/32/32 51/51/51 52/52/52
f 32/32/32 52/52/52 33/33/33
f 33/33/33 52/52/52 53/53/53
f 33/33/33 53/53/53 34/34/34
f 34/34/34 53/53/53 54/54/54
f 34/34/34 54/54/54 35/35/35
f 35/35/35 54/54/54 55/55/55
f 35/35/35 55/55/55 36/36/36
f 36/36/36 55/55/55 56/56/56
f 36/36/36 56/56/56 37/37/37
f 37/37/37 56/56/56 57/57/57
f 37/37/37 57/57/57 38/38/38
f 39/39/39 58/58/58 59/59/59
f 39/39/39 59/59/59 40/40/40
f 40/40/40 59/59/59 60/60/60
f 40/40/40 60/60/60 41/41/41
f 41/41/41 60/60/60 61/61/61
f 41/41/41 61/61/61 42/42/42
f 42/42/42 61/61/61 62/62/62
f 42/42/42 62/62/62 43/43/43
f 43/43/43 62/62/62 63/63/63
f 43/43/43 63/63/63 44/44/44
f 44/44/44 63/63/63 64/64/64
f 44/44/44 64/64/64 45/45/45
f 45/45/45 64/64/64 65/65/65
f 45/45/45 65/65/65 46/46/46
f 46/46/46 65/65/65 66/66/66
f 46/46/46 66/66/66 47/47/47
f 47/47/47 66/66/66 67/67/67
f 47/47/47 67/67/67 48/48/48
f 48/48/48 67/67/67 68/68/68
f 48/48/48 68/68/68 49/49/49
f 49/49/49 68/68/68 69/69/69
f 49/49/49 69/69/69 50/50/50
f 50/50/50 69/69/69 70/70/70
f 50/50/50 70/70/70 51/51/51
f 51/51/51 70/70/70 71/71/71
f 51/51/51 71/71/71 52/52/52
f 52/52/52 71/71/71 72/72/72
f 52/52/52 72/72/72 53/53/53
f 53/53/53 72/72/72 73/73/73
f 53/53/53 73/73/73 54/54/54
f 54/54/54 73/73/73 74/74/74
f 54/54/54 74/74/74 55/55/55
f 55/55/55 74/74/74 75/75/75
f 55/55/55 75/75/75 56/56/56
f 56/56/56 75/75/75 76/76/76
f 56/56/56 76/76/76 57/57/57
f 58/58/58 77/77/77 78/78/78
f 58/58/58 78/78/78 59/59/59
f 59/59/59 78/78/78 79/79/79
f 59/59/59 79/79/79 60/60/60
f 60/60/60 79/79/79 80/80/80
f 60/60/60 80/80/80 61/61/61
f 61/61/61 80/80/80 81/81/81
f 61/61/61 81/81/81 62/62/62
f 62/62/62 81/81/81 82/82/82
f 62/62/62 82/82/82 63/63/63
f 63/63/63 82/82/82 83/83/83
f 63/63/63 83/83/83 64/64/64
f 64/64/64 83/83/83 84/84/84
f 64/64/64 84/84/84 65/65/65
f 65/65/65 84/84/84 85/85/85
f 65/65/65 85/85/85 66/66/66
f 66/66/66 85/85/85 86/86/86
f 66/66/66 86/86/86 67/67/67
f 67/67/67 86/86/86 87/87/87
f 67/67/67 87/87/87 68/68/68
f 68/68/68 87/87/87 88/88/88
f 68/68/68 88/88/88 69/69/69
f 69/69/69 88/88/88 89/89/89
f 69/69/69 89/89/89 70/70/70
f 70/70/70 89/89/89 90/90/90
f 70/70/70 90/90/90 71/71/71
f 71/71/71 90/90/90 91/91/91
f 71/71/71 91/91/91 72/72/72
f 72/72/72 91/91/91 92/92/92
f 72/72/72 92/92/92 73/73/73
f 73/73/73 92/92/92 93/93/93
f 73/73/73 93/93/93 74/74/74
f 74/74/74 93/93/93 94/94/94
f 74/74/74 94/94/94 75/75/75
f 75/75/75 94/94/94 95/95/95
f 75/75/75 95/95/95 76/76/76
f 77/77/77 96/96/96 97/97/97
f 77/77/77 97/97/97 78/78/78
f 78/78/78 97/97/97 98/98/98
f 78/78/78 98/98/98 79/79/79
f 79/79/79 98/98/98 99/99/99
f 79/79/79 99/99/99 80/80/80
f 80/80/80 99/99/99 100/100/100
f 80/80/80 100/100/100 81/81/81
f 81/81/81 100/100/100 101/101/101
f 81/81/81 101/101/101 82/82/82
f 82/82/82 101/101/101 102/102/102
f 82/82/82 102/102/102 83/83/83
f 83/83/83 102/102/102 103/103/103
f 83/83/83 103/103/103 84/84/84
f 84/84/84 103/103/103 104/104/104
f 84/84/84 104/104/104 85/85/85
f 85/85/85 104/104/104 105/105/105
f 85/85/85 105/105/105 86/86/86
f 86/86/86 105/105/105 106/106/106
f 86/86/86 106/106/106 87/87/87
f 87/87/87 106/106/106 107/107/107
f 87/87/87 107/107/107 88/88/88
f 88/88/88 107/107/107 108/108/108
f 88/88/88 108/108/108 89/89/89
f 89/89/89 108/108/108 109/109/109
f 89/89/89 109/109/109 90/90/90
f 90/90/90 109/109/109 110/110/110
f 90/90/90 110/110/110 91/91/91
f 91/91/91 110/110/110 111/111/111
f 91/91/91 111/111/111 92/92/92
f 92/92/92 111/111/111 112/112/112
f 92/92/92 112/112/112 93/93/93
f 93/93/93 112/112/112 113/113/113
f 93/93/93 113/113/113 94/94/94
f 94/94/94 113/113/113 114/114/114
f 94/94/94 114/114/114 95/95/95
f 96/96/96 115/115/115 116/116/116
f 96/96/96 116/116/116 97/97/97
f 97/97/97 116/116/116 117/117/117
f 97/97/97 117/117/117 98/98/98
f 98/98/98 117/117/117 118/118/118
f 98/98/98 118/118/118 99/99/99
f 99/99/99 118/118/118 119/119/119
f 99/99/99 119/119/119 100/100/100
f 100/100/100 119/119/119 120/120/120
f 100/100/100 120/120/120 101/101/101
f 101/101/101 120/120/120 121/121/121
f 101/101/101 121/121/121 102/102/102
f 102/102/102 121/121/121 122/122/122
f 102/102/102 122/122/122 103/103/103
f 103/103/103 122/122/122 123/123/123
f 103/103/103 123/123/123 104/104/104
f 104/104/104 123/123/123 124/124/124
f 104/104/104 124/124/124 105/105/105
f 105/105/105 124/124/124 125/125/125
f 105/105/105 125/125/125 106/106/106
f 106/106/106 125/125/125 126/126/126
f 106/106/106 126/126/126 107/107/107
f 107/107/107 126/126/126 127/127/127
f 107/107/107 127/127/127 108/108/108
f 108/108/108 127/127/127 128/128/128
f 108/108/108 128/128/128 109/109/109
f 109/109/109 128/128/128 129/129/129
f 109/109/109 129/129/129 110/110/110
f 110/110/110 129/129/129 130/130/130
f 110/110/110 130/130/130 111/111/111
f 111/111/111 130/130/130 131/131/131
f 111/111/111 131/131/131 112/112/112
f 112/112/112 131/131/131 132/132/132
f 112/112/112 132/132/132 113/113/113
f 113/113/113 132/132/132 133/133/133
f 113/113/113 133/133/133 114/114/114
f 115/115/115 134/134/134 135/135/135
f 115/115/115 135/135/135 116/116/116
f 116/116/116 135/135/135 136/136/136
f 116/116/116 136/136/136 117/117/117
f 117/117/117 136/136/136 137/137/137
f 117/117/117 137/137/137 118/118/118
f 118/118/118 137/137/137 138/138/138
f 118/118/118 138/138/138 119/119/119
f 119/119/119 138/138/138 139/139/139
f 119/119/119 139/139/139 120/120/120
f 120/120/120 139/139/139 140/140/140
f 120/120/120 140/140/140 121/121/121
f 121/121/121 140/140/140 141/141/141
f 121/121/121 141/141/141 122/122/122
f 122/122/122 141/141/141 142/142/142
f 122/122/122 142/142/142 123/123/123
f 123/123/123 142/142/142 143/143/143
f 123/123/123 143/143/143 124/124/124
f 124/124/124 143/143/143 144/144/144
f 124/124/124 144/144/144 125/125/125
f 125/125/125 144/144/144 145/145/145
f 125/125/125 145/145/145 126/126/126
f 126/126/126 145/145/145 146/146/146
f 126/126/126 146/146/146 127/127/127
f 127/127/127 146/146/146 147/147/147
f 127/127/127 147/147/147 128/128/128
f 128/128/128 147/147/147 148/148/148
f 128/128/128 148/148/148 129/129/129
f 129/129/129 148/148/148 149/149/149
f 129/129/129 149/149/149 130/130/130
f 130/130/130 149/149/149 150/150/150
f 130/130/130 150/150/150 131/131/131
f 131/131/131 150/150/150 151/151/151
f 131/131/131 151/151/151 132/132/132
f 132/132/132 151/151/151 152/152/152
f 132/132/132 152/152/152 133/133/133
f 134/134/134 153/153/153 154/154/154
f 134/134/134 154/154/154 135/135/135
f 135/135/135 154/154/154 155/155/155
f 135/135/135 155/155/155 136/136/136
f 136/136/136 155/155/155 156/156/156
f 136/136/136 156/156/156 137/137/137
f 137/137/137 156/156/156 157/157/157
f 137/137/137 157/157/157 138/138/138
f 138/138/138 157/157/157 158/158/158
f 138/138/138 158/158/158 139/139/139
f 139/139/139 158/158/158 159/159/159
f 139/139/139 159/159/159 140/140/140
f 140/140/140 159/159/159 160/160/160
f 140/140/140 160/160/160 141/141/141
f 141/141/141 160/160/160 161/161/161
f 141/141/141 161/161/161 142/142/142
f 142/142/142 161/161/161 162/162/162
f 142/142/142 162/162/162 143/143/143
f 143/143/143 162/162/162 163/163/163
f 143/143/143 163/163/163 144/144/144
f 144/144/144 163/163/163 164/164/164
f 144/144/144 164/164/164 145/145/145
f 145/145/145 164/164/164 165/165/165
f 145/145/145 165/165/165 146/146/146
f 146/146/146 165/165/165 166/166/166
f 146/146/146 166/166/166 147/147/147
f 147/147/147 166/166/166 167/167/167
f 147/147/147 167/167/167 148/148/148
f 148/148/148 167/167/167 168/168/168
f 148/148/148 168/168/168 149/149/149
f 149/149/149 168/168/168 169/169/169
f 149/149/149 169/169/169 150/150/150
f 150/150/150 169/169/169 170/170/170
f 150/150/150 170/170/170 151/151/151
f 151/151/151 170/170/170 171/171/171
f 151/151/151 171/171/171 152/152/152
f 153/153/153 172/172/172 173/173/173
f 153/153/153 173/173/173 154/154/154
f 154/154/154 173/173/173 174/174/174
f 154/154/154 174/174/174 155/155/155
f 155/155/155 174/174/174 175/175/175
f 155/155/155 175/175/175 156/156/156
f 156/156/156 175/175/175 176/176/176
f 156/156/156 176/176/176 157/157/157
f 157/157/157 176/176/176 177/177/177
f 157/157/157 177/177/177 158/158/158
f 158/158/158 177/177/177 178/178/178
f 158/158/158 178/178/178 159/159/159
f 159/159/159 178/178/178 179/179/179
f 159/159/159 179/179/179 160/160/160
f 160/160/160 179/179/179 180/180/180
f 160/160/160 180/180/180 161/161/161
f 161/161/161 180/180/180 181/181/181
f 161/161/161 181/181/181 162/162/162
f 162/162/162 181/181/181 182/182/182
f 162/162/162 182/182/182 163/163/163
f 163/163/163 182/182/182 183/183/183
f 163/163/163 183/183/183 164/164/164
f 164/164/164 183/183/183 184/184/184
f 164/164/164 184/184/184 165/165/165
f 165/165/165 184/184/184 185/185/185
f 165/165/165 185/185/185 166/166/166
f 166/166/166 185/185/185 186/186/186
f 166/166/166 186/186/186 167/167/167
f 167/167/167 186/186/186 187/187/187
f 167/167/167 187/187/187 168/168/168
f 168/168/168 187/187/187 188/188/188
f 168/168/168 188/188/188 169/169/169
f 169/169/169 188/188/188 189/189/189
f 169/169/169 189/189/189 170/170/170
f 170/170/170 189/189/189 190/190/190
f 170/170/170 190/190/190 171/171/171
f 172/172/172 191/191/191 192/192/192
f 172/172/172 192/192/192 173/173/173
f 173/173/173 192/192/192 193/193/193
f 173/173/173 193/193/193 174/174/174
f 174/174/174 193/193/193 194/194/194
f 174/174/174 194/194/194 175/175/175
f 175/175/175 194/194/194 195/195/195
f 175/175/175 195/195/195 176/176/176
f 176/176/176 195/195/195 196/196/196
f 176/176/176 196/196/196 177/177/177
f 177/177/177 196/196/196 197/197/197
f 177/177/177 197/197/197 178/178/178
f 178/178/178 197/197/197 198/198/198
f 178/178/178 198/198/198 179/179/179
f 179/179/179 198/198/198 199/199/199
f 179/179/179 199/199/199 180/180/180
f 180/180/180 199/199/199 200/200/200
f 180/180/180 200/200/200 181/181/181
f 181/181/181 200/200/200 201/201/201
f 181/181/181 201/201/201 182/182/182
f 182/182/182 201/201/201 202/202/202
f 182/182/182 202/202/202 183/183/183
f 183/183/183 202/202/202 203/203/203
f 183/183/183 203/203/203 184/184/184
f 184/184/184 203/203/203 204/204/204
f 184/184/184 204/204/204 185/185/185
f 185/185/185 204/204/204 205/205/205
f 185/185/185 205/205/205 186/186/186
f 186/186/186 205/205/205 206/206/206
f 186/186/186 206/206/206 187/187/187
f 187/187/187 206/206/206 207/207/207
f 187/187/187 207/207/207 188/188/188
f 188/188/188 207/207/207 208/208/208
f 188/188/188 208/208/208 189/189/189
f 189/189/189 208/208/208 209/209/209
f 189/189/189 209/209/209 190/190/190
f 191/191/191 210/210/210 211/211/211
f 191/191/191 211/211/211 192/192/192
f 192/192/192 211/211/211 212/212/212
f 192/192/192 212/212/212 193/193/193
f 193/193/193 212/212/212 213/213/213
f 193/193/193 213/213/213 194/194/194
f 194/194/194 213/213/213 214/214/214
f 194/194/194 214/214/214 195/195/195
f 195/195/195 214/214/214 215/215/215
f 195/195/195 215/215/215 196/196/196
f 196/196/196 215/215/215 216/216/216
f 196/196/196 216/216/216 197/197/197
f 197/197/197 216/216/216 217/217/217
f 197/197/197 217/217/217 198/198/198
f 198/198/198 217/217/217 218/218/218
f 198/198/198 218/218/218 199/199/199
f 199/199/199 218/218/218 219/219/219
f 199/199/199 219/219/219 200/200/200
f 200/200/200 219/219/219 220/220/220
f 200/200/200 220/220/220 201/201/201
f 201/201/201 220/220/220 221/221/221
f 201/201/201 221/221/221 202/202/202
f 202/202/202 221/221/221 222/222/222
f 202/202/202 222/222/222 203/203/203
f 203/203/203 222/222/222 223/223/223
f 203/203/203 223/223/223 204/204/204
f 204/204/204 223/223/223 224/224/224
f 204/204/204 224/224/224 205/205/205
f 205/205/205 224/224/224 225/225/225
f 205/205/205 225/225/225 206/206/206
f 206/206/206 225/225/225 226/226/226
f 206/206/206 226/226/226 207/207/207
f 207/207/207 226/226/226 227/227/227
f 207/207/207 227/227/227 208/208/208
f 208/208/208 227/227/227 228/228/228
f 208/208/208 228/228/228 209/209/209
f 210/210/210 229/229/229 230/230/230
f 210/210/210 230/230/230 211/211/211
f 211/211/211 230/230/230 231/231/231
f 211/211/211 231/231/231 212/212/212
f 212/212/212 231/231/231 232/232/232
f 212/212/212 232/232/232 213/213/213
f 213/213/213 232/232/232 233/233/233
f 213/213/213 233/233/233 214/214/214
f 214/214/214 233/233/233 234/234/234
f 214/214/214 234/234/234 215/215/215
f 215/215/215 234/234/234 235/235/235
f 215/215/215 235/235/235 216/216/216
f 216/216/216 235/235/235 236/236/236
f 216/216/216 236/236/236 217/217/217
f 217/217/217 236/236/236 237/237/237
f 217/217/217 237/237/237 218/218/218
f 218/218/218 237/237/237 238/238/238
f 218/218/218 238/238/238 219/219/219
f 219/219/219 238/238/238 239/239/239
f 219/219/219 239/239/239 220/220/220
f 220/220/220 239/239/239 240/240/240
f 220/220/220 240/240/240 221/221/221
f 221/221/221 240/240/240 241/241/241
f 221/221/221 241/241/241 222/222/222
f 222/222/222 241/241/241 242/242/242
f 222/222/222 242/242/242 223/223/223
f 223/223/223 242/242/242 243/243/243
f 223/223/223 243/243/243 224/224/224
f 224/224/224 243/243/243 244/244/244
f 224/224/224 244/244/244 225/225/225
f 225/225/225 244/244/244 245/245/245
f 225/225/225 245/245/245 226/226/226
f 226/226/226 245/245/245 246/246/246
f 226/226/226 246/246/246 227/227/227
f 227/227/227 246/246/246 247/247/247
f 227/227/227 247/247/247 228/228/228
f 229/229/229 248/248/248 249/249/249
f 229/229/229 249/249/249 230/230/230
f 230/230/230 249/249/249 250/250/250
f 230/230/230 250/250/250 231/231/231
f 231/231/231 250/250/250 251/251/251
f 231/231/231 251/251/251 232/232/232
f 232/232/232 251/251/251 252/252/252
f 232/232/232 252/252/252 233/233/233
f 233/233/233 252/252/252 253/253/253
f 233/233/233 253/253/253 234/234/234
f 234/234/234 253/253/253 254/254/254
f 234/234/234 254/254/254 235/235/235
f 235/235/235 254/254/254 255/255/255
f 235/235/235 255/255/255 236/236/236
f 236/236/236 255/255/255 256/256/256
f 236/236/236 256/256/256 237/237/237
f 237/237/237 256/256/256 257/257/257
f 237/237/237 257/257/257 238/238/238
f 238/238/238 257/257/257 258/258/258
f 238/238/238 258/258/258 239/239/239
f 239/239/239 258/258/258 259/259/259
f 239/239/239 259/259/259 240/240/240
f 240/240/240 259/259/259 260/260/260
f 240/240/240 260/260/260 241/241/241
f 241/241/241 260/260/260 261/261/261
f 241/241/241 261/261/261 242/242/242
f 242/242/242 261/261/261 262/262/262
f 242/242/242 262/262/262 243/243/243
f 243/243/243 262/262/262 263/263/263
f 243/243/243 263/263/263 244/244/244
f 244/244/244 263/263/263 264/264/264
f 244/244/244 264/264/264 245/245/245
f 245/245/245 264/264/264 265/265/265
f 245/245/245 265/265/265 246/246/246
f 246/246/246 265/265/265 266/266/266
f 246/246/246 266/266/266 247/247/247
f 248/248/248 267/267/267 268/268/268
f 248/248/248 268/268/268 249/249/249
f 249/249/249 268/268/268 269/269/269
f 249/249/249 269/269/269 250/250/250
f 250/250/250 269/269/269 270/270/270
f 250/250/250 270/270/270 251/251/251
f 251/251/251 270/270/270 271/271/271
f 251/251/251 271/271/271 252/252/252
f 252/252/252 271/271/271 272/272/272
f 252/252/252 272/272/272 253/253/253
f 253/253/253 272/272/272 273/273/273
f 253/253/253 273/273/273 254/254/254
f 254/254/254 273/273/273 274/274/274
f 254/254/254 274/274/274 255/255/255
f 255/255/255 274/274/274 275/275/275
f 255/255/255 275/275/275 256/256/256
f 256/256/256 275/275/275 276/276/276
f 256/256/256 276/276/276 257/257/257
f 257/257/257 276/276/276 277/277/277
f 257/257/257 277/277/277 258/258/258
f 258/258/258 277/277/277 278/278/278
f 258/258/258 278/278/278 259/259/259
f 259/259/259 278/278/278 279/279/279
f 259/259/259 279/279/279 260/260/260
f 260/260/260 279/279/279 280/280/280
f 260/260/260 280/280/280 261/261/261
f 261/261/261 280/280/280 281/281/281
f 261/261/261 281/281/281 262/262/262
f 262/262/262 281/281/281 282/282/282
f 262/262/262 282/282/282 263/263/263
f 263/263/263 282/282/282 283/283/283
f 263/263/263 283/283/283 264/264/264
f 264/264/264 283/283/283 284/284/284
f 264/264/264 284/284/284 265/265/265
f 265/265/265 284/284/284 285/285/285
f 265/265/265 285/285/285 266/266/266
f 267/267/267 286/286/286 287/287/287
f 267/267/267 287/287/287 268/268/268
f 268/268/268 287/287/287 288/288/288
f 268/268/268 288/288/288 269/269/269
f 269/269/269 288/288/288 289/289/289
f 269/269/269 289/289/289 270/270/270
f 270/270/270 289/289/289 290/290/290
f 270/270/270 290/290/290 271/271/271
f 271/271/271 290/290/290 291/291/291
f 271/271/271 291/291/291 272/272/272
f 272/272/272 291/291/291 292/292/292
f 272/272/272 292/292/292 273/273/273
f 273/273/273 292/292/292 293/293/293
f 273/273/273 293/293/293 274/274/274
f 274/274/274 293/293/293 294/294/294
f 274/274/274 294/294/294 275/275/275
f 275/275/275 294/294/294 295/295/295
f 275/275/275 295/295/295 276/276/276
f 276/276/276 295/295/295 296/296/296
f 276/276/276 296/296/296 277/277/277
f 277/277/277 296/296/296 297/297/297
f 277/277/277 297/297/297 278/278/278
f 278/278/278 297/297/297 298/298/298
f 278/278/278 298/298/298 279/279/279
f 279/279/279 298/298/298 299/299/299
f 279/279/279 299/299/299 280/280/280
f 280/280/280 299/299/299 300/300/300
f 280/280/280 300/300/300 281/281/281
f 281/281/281 300/300/300 301/301/301
f 281/281/281 301/301/301 282/282/282
f 282/282/282 301/301/301 302/302/302
f 282/282/282 302/302/302 283/283/283
f 283/283/283 302/302/302 303/303/303
f 283/283/283 303/303/303 284/284/284
f 284/284/284 303/303/303 304/304/304
f 284/284/284 304/304/304 285/285/285
f 286/286/286 305/305/305 306/306/306
f 286/286/286 306/306/306 287/287/287
f 287/287/287 306/306/306 307/307/307
f 287/287/287 307/307/307 288/288/288
f 288/288/288 307/307/307 308/308/308
f 288/288/288 308/308/308 289/289/289
f 289/289/289 308/308/308 309/309/309
f 289/289/289 309/309/309 290/290/290
f 290/290/290 309/309/309 310/310/310
f 290/290/290 310/310/310 291/291/291
f 291/291/291 310/310/310 311/311/311
f 291/291/291 311/311/311 292/292/292
f 292/292/292 311/311/311 312/312/312
f 292/292/292 312/312/312 293/293/293
f 293/293/293 312/312/312 313/313/313
f 293/293/293 313/313/313 294/294/294
f 294/294/294 313/313/313 314/314/314
f 294/294/294 314/314/314 295/295/295
f 295/295/295 314/314/314 315/315/315
f 295/295/295 315/315/315 296/296/296
f 296/296/296 315/315/315 316/316/316
f 296/296/296 316/316/316 297/297/297
f 297/297/297 316/316/316 317/317/317
f 297/297/297 317/317/317 298/298/298
f 298/298/298 317/317/317 318/318/318
f 298/298/298 318/318/318 299/299/299
f 299/299/299 318/318/318 319/319/319
f 299/299/299 319/319/319 300/300/300
f 300/300/300 319/319/319 320/320/320
f 300/300/300 320/320/320 301/301/301
f 301/301/301 320/320/320 321/321/321
f 301/301/301 321/321/321 302/302/302
f 302/302/302 321/321/321 322/322/322
f 302/302/302 322/322/322 303/303/303
f 303/303/303 322/322/322 323/323/323
f 303/303/303 323/323/323 304/304/304
f 305/305/305 324/324/324 325/325/325
f 305/305/305 325/325/325 306/306/306
f 306/306/306 325/325/325 326/326/326
f 306/306/306 326/326/326 307/307/307
f 307/307/307 326/326/326 327/327/327
f 307/307/307 327/327/327 308/308/308
f 308/308/308 327/327/327 328/328/328
f 308/308/308 328/328/328 309/309/309
f 309/309/309 328/328/328 329/329/329
f 309/309/309 329/329/329 310/310/310
f 310/310/310 329/329/329 330/330/330
f 310/310/310 330/330/330 311/311/311
f 311/311/311 330/330/330 331/331/331
f 311/311/311 331/331/331 312/312/312
f 312/312/312 331/331/331 332/332/332
f 312/312/312 332/332/332 313/313/313
f 313/313/313 332/332/332 333/333/333
f 313/313/313 333/333/333 314/314/314
f 314/314/314 333/333/333 334/334/334
f 314/314/314 334/334/334 315/315/315
f 315/315/315 334/334/334 335/335/335
f 315/315/315 335/335/335 316/316/316
f 316/316/316 335/335/335 336/336/336
f 316/316/316 336/336/336 317/317/317
f 317/317/317 336/336/336 337/337/337
f 317/317/317 337/337/337 318/318/318
f 318/318/318 337/337/337 338/338/338
f 318/318/318 338/338/338 319/319/319
f 319/319/319 338/338/338 339/339/339
f 319/319/319 339/339/339 320/320/320
f 320/320/320 339/339/339 340/340/340
f 320/320/320 340/340/340 321/321/321
f 321/321/321 340/340/340 341/341/341
f 321/321/321 341/341/341 322/322/322
f 322/322/322 341/341/341 342/342/342
f 322/322/322 342/342/342 323/323/323
f 324/324/324 343/343/343 344/344/344
f 324/324/324 344/344/344 325/325/325
f 325/325/325 344/344/344 345/345/345
f 325/325/325 345/345/345 326/326/326
f 326/326/326 345/345/345 346/346/346
f 326/326/326 346/346/346 327/327/327
f 327/327/327 346/346/346 347/347/347
f 327/327/327 347/347/347 328/328/328
f 328/328/328 347/347/347 348/348/348
f 328/328/328 348/348/348 329/329/329
f 329/329/329 348/348/348 349/349/349
f 329/329/329 349/349/349 330/330/330
f 330/330/330 349/349/349 350/350/350
f 330/330/330 350/350/350 331/331/331
f 331/331/331 350/350/350 351/351/351
f 331/331/331 351/351/351 332/332/332
f 332/332/332 351/351/351 352/352/352
f 332/332/332 352/352/352 333/333/333
f 333/333/333 352/352/352 353/353/353
f 333/333/333 353/353/353 334/334/334
f 334/334/334 353/353/353 354/354/354
f 334/334/334 354/354/354 335/335/335
f 335/335/335 354/354/354 355/355/355
f 335/335/335 355/355/355 336/336/336
f 336/336/336 355/355/355 356/356/356
f 336/336/336 356/356/356 337/337/337
f 337/337/337 356/356/356 357/357/357
f 337/337/337 357/357/357 338/338/338
f 338/338/338 357/357/357 358/358/358
f 338/338/338 358/358/358 339/339/339
f 339/339/339 358/358/358 359/359/359
f 339/339/339 359/359/359 340/340/340
f 340/340/340 359/359/359 360/360/360
f 340/340/340 360/360/360 341/341/341
f 341/341/341 360/360/360 361/361/361
f 341/341/341 361/361/361 342/342/342
f 362/362/362 381/381/381 382/382/382
f 362/362/362 382/382/382 363/363/363
f 363/363/363 382/382/382 383/383/383
f 363/363/363 383/383/383 364/364/364
f 364/364/364 383/383/383 384/384/384
f 364/364/364 384/384/384 365/365/365
f 365/365/365 384/384/384 385/385/385
f 365/365/365 385/385/385 366/366/366
f 366/366/366 385/385/385 386/386/386
f 366/366/366 386/386/386 367/367/367
f 367/367/367 386/386/386 387/387/387
f 367/367/367 387/387/387 368/368/368
f 368/368/368 387/387/387 388/388/388
f 368/368/368 388/388/388 369/369/369
f 369/369/369 388/388/388 389/389/389
f 369/369/369 389/389/389 370/370/370
f 370/370/370 389/389/389 390/390/390
f 370/370/370 390/390/390 371/371/371
f 371/371/371 390/390/390 391/391/391
f 371/371/371 391/391/391 372/372/372
f 372/372/372 391/391/391 392/392/392
f 372/372/372 392/392/392 373/373/373
f 373/373/373 392/392/392 393/393/393
f 373/373/373 393/393/393 374/374/374
f 374/374/374 393/393/393 394/394/394
f 374/374/374 394/394/394 375/375/375
f 375/375/375 394/394/394 395/395/395
f 375/375/375 395/395/395 376/376/376
f 376/376/376 395/395/395 396/396/396
f 376/376/376 396/396/396 377/377/377
f 377/377/377 396/396/396 397/397/397
f 377/377/377 397/397/397 378/378/378
f 378/378/378 397/397/397 398/398/398
f 378/378/378 398/398/398 379/379/379
f 379/379/379 398/398/398 399/399/399
f 379/379/379 399/399/399 380/380/380
f 381/381/381 400/400/400 401/401/401
f 381/381/381 401/401/401 382/382/382
f 382/382/382 401/401/401 402/402/402
f 382/382/382 402/402/402 383/383/383
f 383/383/383 402/402/402 403/403/403
f 383/383/383 403/403/403 384/384/384
f 384/384/384 403/403/403 404/404/404
f 384/384/384 404/404/404 385/385/385
f 385/385/385 404/404/404 405/405/405
f 385/385/385 405/405/405 386/386/386
f 386/386/386 405/405/405 406/406/406
f 386/386/386 406/406/406 387/387/387
f 387/387/387 406/406/406 407/407/407
f 387/387/387 407/407/407 388/388/388
f 388/388/388 407/407/407 408/408/408
f 388/388/388 408/408/408 389/389/389
f 389/389/389 408/408/408 409/409/409
f 389/389/389 409/409/409 390/390/390
f 390/390/390 409/409/409 410/410/410
f 390/390/390 410/410/410 391/391/391
f 391/391/391 410/410/410 411/411/411
f 391/391/391 411/411/411 392/392/392
f 392/392/392 411/411/411 412/412/412
f 392/392/392 412/412/412 393/393/393
f 393/393/393 412/412/412 413/413/413
f 393/393/393 413/413/413 394/394/394
f 394/394/394 413/413/413 414/414/414
f 394/394/394 414/414/414 395/395/395
f 395/395/395 414/414/414 415/415/415
f 395/395/395 415/415/415 396/396/396
f 396/396/396 415/415/415 416/416/416
f 396/396/396 416/416/416 397/397/397
f 397/397/397 416/416/416 417/417/417
f 397/397/397 417/417/417 398/398/398
f 398/398/398 417/417/417 418/418/418
f 398/398/398 418/418/418 399/399/399
f 400/400/400 419/419/419 420/420/420
f 400/400/400 420/420/420 401/401/401
f 401/401/401 420/420/420 421/421/421
f 401/401/401 421/421/421 402/402/402
f 402/402/402 421/421/421 422/422/422
f 402/402/402 422/422/422 403/403/403
f 403/403/403 422/422/422 423/423/423
f 403/403/403 423/423/423 404/404/404
f 404/404/404 423/423/423 424/424/424
f 404/404/404 424/424/424 405/405/405
f 405/405/405 424/424/424 425/425/425
f 405/405/405 425/425/425 406/406/406
f 406/406/406 425/425/425 426/426/426
f 406/406/406 426/426/426 407/407/407
f 407/407/407 426/426/426 427/427/427
f 407/407/407 427/427/427 408/408/408
f 408/408/408 427/427/427 428/428/428
f 408/408/408 428/428/428 409/409/409
f 409/409/409 428/428/428 429/429/429
f 409/409/409 429/429/429 410/410/410
f 410/410/410 429/429/429 430/430/430
f 410/410/410 430/430/430 411/411/411
f 411/411/411 430/430/430 431/431/431
f 411/411/411 431/431/431 412/412/412
f 412/412/412 431/431/431 432/432/432
f 412/412/412 432/432/432 413/413/413
f 413/413/413 432/432/432 433/433/433
f 413/413/413 433/433/433 414/414/414
f 414/414/414 433/433/433 434/434/434
f 414/414/414 434/434/434 415/415/415
f 415/415/415 434/434/434 435/435/435
f 415/415/415 435/435/435 416/416/416
f 416/416/416 435/435/435 436/436/436
f 416/416/416 436/436/436 417/417/417
f 417/417/417 436/436/436 437/437/437
f 417/417/417 437/437/437 418/418/418
f 419/419/419 438/438/438 439/439/439
f 419/419/419 439/439/439 420/420/420
f 420/420/420 439/439/439 440/440/440
f 420/420/420 440/440/440 421/421/421
f 421/421/421 440/440/440 441/441/441
f 421/421/421 441/441/441 422/422/422
f 422/422/422 441/441/441 442/442/442
f 422/422/422 442/442/442 423/423/423
f 423/423/423 442/442/442 443/443/443
f 423/423/423 443/443/443 424/424/424
f 424/424/424 443/443/443 444/444/444
f 424/424/424 444/444/444 425/425/425
f 425/425/425 444/444/444 445/445/445
f 425/425/425 445/445/445 426/426/426
f 426/426/426 445/445/445 446/446/446
f 426/426/426 446/446/446 427/427/427
f 427/427/427 446/446/446 447/447/447
f 427/427/427 447/447/447 428/428/428
f 428/428/428 447/447/447 448/448/448
f 428/428/428 448/448/448 429/429/429
f 429/429/429 448/448/448 449/449/449
f 429/429/429 449/449/449 430/430/430
f 430/430/430 449/449/449 450/450/450
f 430/430/430 450/450/450 431/431/431
f 431/431/431 450/450/450 451/451/451
f 431/431/431 451/451/451 432/432/432
f 432/432/432 451/451/451 452/452/452
f 432/432/432 452/452/452 433/433/433
f 433/433/433 452/452/452 453/453/453
f 433/433/433 453/453/453 434/434/434
f 434/434/434 453/453/453 454/454/454
f 434/434/434 454/454/454 435/435/435
f 435/435/435 454/454/454 455/455/455
f 435/435/435 455/455/455 436/436/436
f 436/436/436 455/455/455 456/456/456
f 436/436/436 456/456/456 437/437/437
f 438/438/438 457/457/457 458/458/458
f 438/438/438 458/458/458 439/439/439
f 439/439/439 458/458/458 459/459/459
f 439/439/439 459/459/459 440/440/440
f 440/440/440 459/459/459 460/460/460
f 440/440/440 460/460/460 441/441/441
f 441/441/441 460/460/460 461/461/461
f 441/441/441 461/461/461 442/442/442
f 442/442/442 461/461/461 462/462/462
f 442/442/442 462/462/462 443/443/443
f 443/443/443 462/462/462 463/463/463
f 443/443/443 463/463/463 444/444/444
f 444/444/444 463/463/463 464/464/464
f 444/444/444 464/464/464 445/445/445
f 445/445/445 464/464/464 465/465/465
f 445/445/445 465/465/465 446/446/446
f 446/446/446 465/465/465 466/466/466
f 446/446/446 466/466/466 447/447/447
f 447/447/447 466/466/466 467/467/467
f 447/447/447 467/467/467 448/448/448
f 448/448/448 467/467/467 468/468/468
f 448/448/448 468/468/468 449/449/449
f 449/449/449 468/468/468 469/469/469
f 449/449/449 469/469/469 450/450/450
f 450/450/450 469/469/469 470/470/470
f 450/450/450 470/470/470 451/451/451
f 451/451/451 470/470/470 471/471/471
f 451/451/451 471/471/471 452/452/452
f 452/452/452 471/471/471 472/472/472
f 452/452/452 472/472/472 453/453/453
f 453/453/453 472/472/472 473/473/473
f 453/453/453 473/473/473 454/454/454
f 454/454/454 473/473/473 474/474/474
f 454/454/454 474/474/474 455/455/455
f 455/455/455 474/474/474 475/475/475
f 455/455/455 475/475/475 456/456/456
f 457/457/457 476/476/476 477/477/477
f 457/457/457 477/477/477 458/458/458
f 458/458/458 477/477/477 478/478/478
f 458/458/458 478/478/478 459/459/459
f 459/459/459 478/478/478 479/479/479
f 459/459/459 479/479/479 460/460/460
f 460/460/460 479/479/479 480/480/480
f 460/460/460 480/480/480 461/461/461
f 461/461/461 480/480/480 481/481/481
f 461/461/461 481/481/481 462/462/462
f 462/462/462 481/481/481 482/482/482
f 462/462/462 482/482/482 463/463/463
f 463/463/463 482/482/482 483/483/483
f 463/463/463 483/483/483 464/464/464
f 464/464/464 483/483/483 484/484/484
f 464/464/464 484/484/484 465/465/465
f 465/465/465 484/484/484 485/485/485
f 465/465/465 485/485/485 466/466/466
f 466/466/466 485/485/485 486/486/486
f 466/466/466 486/486/486 467/467/467
f 467/467/467 486/486/486 487/487/487
f 467/467/467 487/487/487 468/468/468
f 468/468/468 487/487/487 488/488/488
f 468/468/468 488/488/488 469/469/469
f 469/469/469 488/488/488 489/489/489
f 469/469/469 489/489/489 470/470/470
f 470/470/470 489/489/489 490/490/490
f 470/470/470 490/490/490 471/471/471
f 471/471/471 490/490/490 491/491/491
f 471/471/471 491/491/491 472/472/472
f 472/472/472 491/491/491 492/492/492
f 472/472/472 492/492/492 473/473/473
f 473/473/473 492/492/492 493/493/493
f 473/473/473 493/493/493 474/474/474
f 474/474/474 493/493/493 494/494/494
f 474/474/474 494/494/494 475/475/475
f 476/476/476 495/495/495 496/496/496
f 476/476/476 496/496/496 477/477/477
f 477/477/477 496/496/496 497/497/497
f 477/477/477 497/497/497 478/478/478
f 478/478/478 497/497/497 498/498/498
f 478/478/478 498/498/498 479/479/479
f 479/479/479 498/498/498 499/499/499
f 479/479/479 499/499/499 480/480/480
f 480/480/480 499/499/499 500/500/500
f 480/480/480 500/500/500 481/481/481
f 481/481/481 500/500/500 501/501/501
f 481/481/481 501/501/501 482/482/482
f 482/482/482 501/501/501 502/502/502
f 482/482/482 502/502/502 483/483/483
f 483/483/483 502/502/502 503/503/503
f 483/483/483 503/503/503 484/484/484
f 484/484/484 503/503/503 504/504/504
f 484/484/484 504/504/504 485/485/485
f 485/485/485 504/504/504 505/505/505
f 485/485/485 505/505/505 486/486/486
f 486/486/486 505/505/505 506/506/506
f 486/486/486 506/506/506 487/487/487
f 487/487/487 506/506/506 507/507/507
f 487/487/487 507/507/507 488/488/488
f 488/488/488 507/507/507 508/508/508
f 488/488/488 508/508/508 489/489/489
f 489/489/489 508/508/508 509/509/509
f 489/489/489 509/509/509 490/490/490
f 490/490/490 509/509/509 510/510/510
f 490/490/490 510/510/510 491/491/491
f 491/491/491 510/510/510 511/511/511
f 491/491/491 511/511/511 492/492/492
f 492/492/492 511/511/511 512/512/512
f 492/492/492 512/512/512 493/493/493
f 493/493/493 512/512/512 513/513/513
f 493/493/493 513/513/513 494/494/494
f 495/495/495 514/514/514 515/515/515
f 495/495/495 515/515/515 496/496/496
f 496/496/496 515/515/515 516/516/516
f 496/496/496 516/516/516 497/497/497
f 497/497/497 516/516/516 517/517/517
f 497/497/497 517/517/517 498/498/498
f 498/498/498 517/517/517 518/518/518
f 498/498/498 518/518/518 499/499/499
f 499/499/499 518/518/518 519/519/519
f 499/499/499 519/519/519 500/500/500
f 500/500/500 519/519/519 520/520/520
f 500/500/500 520/520/520 501/501/501
f 501/501/501 520/520/520 521/521/521
f 501/501/501 521/521/521 502/502/502
f 502/502/502 521/521/521 522/522/522
f 502/502/502 522/522/522 503/503/503
f 503/503/503 522/522/522 523/523/523
f 503/503/503 523/523/523 504/504/504
f 504/504/504 523/523/523 524/524/524
f 504/504/504 524/524/524 505/505/505
f 505/505/505 524/524/524 525/525/525
f 505/505/505 525/525/525 506/506/506
f 506/506/506 525/525/525 526/526/526
f 506/506/506 526/526/526 507/507/507
f 507/507/507 526/526/526 527/527/527
f 507/507/507 527/527/527 508/508/508
f 508/508/508 527/527/527 528/528/528
f 508/508/508 528/528/528 509/509/509
f 509/509/509 528/528/528 529/529/529
f 509/509/509 529/529/529 510/510/510
f 510/510/510 529/529/529 530/530/530
f 510/510/510 530/530/530 511/511/511
f 511/511/511 530/530/530 531/531/531
f 511/511/511 531/531/531 512/512/512
f 512/512/512 531/531/531 532/532/532
f 512/512/512 532/532/532 513/513/513
f 514/514/514 533/533/533 534/534/534
f 514/514/514 534/534/534 515/515/515
f 515/515/515 534/534/534 535/535/535
f 515/515/515 535/535/535 516/516/516
f 516/516/516 535/535/535 536/536/536
f 516/516/516 536/536/536 517/517/517
f 517/517/517 536/536/536 537/537/537
f 517/517/517 537/537/537 518/518/518
f 518/518/518 537/537/537 538/538/538
f 518/518/518 538/538/538 519/519/519
f 519/519/519 538/538/538 539/539/539
f 519/519/519 539/539/539 520/520/520
f 520/520/520 539/539/539 540/540/540
f 520/520/520 540/540/540 521/521/521
f 521/521/521 540/540/540 541/541/541
f 521/521/521 541/541/541 522/522/522
f 522/522/522 541/541/541 542/542/542
f 522/522/522 542/542/542 523/523/523
f 523/523/523 542/542/542 543/543/543
f 523/523/523 543/543/543 524/524/524
f 524/524/524 543/543/543 544/544/544
f 524/524/524 544/544/544 525/525/525
f 525/525/525 544/544/544 545/545/545
f 525/525/525 545/545/545 526/526/526
f 526/526/526 545/545/545 546/546/546
f 526/526/526 546/546/546 527/527/527
f 527/527/527 546/546/546 547/547/547
f 527/527/527 547/547/547 528/528/528
f 528/528/528 547/547/547 548/548/548
f 528/528/528 548/548/548 529/529/529
f 529/529/529 548/548/548 549/549/549
f 529/529/529 549/549/549 530/530/530
f 530/530/530 549/549/549 550/550/550
f 530/530/530 550/550/550 531/531/531
f 531/531/531 550/550/550 551/551/551
f 531/531/531 551/551/551 532/532/532
f 533/533/533 552/552/552 553/553/553
f 533/533/533 553/553/553 534/534/534
f 534/534/534 553/553/553 554/554/554
f 534/534/534 554/554/554 535/535/535
f 535/535/535 554/554/554 555/555/555
f 535/535/535 555/555/555 536/536/536
f 536/536/536 555/555/555 556/556/556
f 536/536/536 556/556/556 537/537/537
f 537/537/537 556/556/556 557/557/557
f 537/537/537 557/557/557 538/538/538
f 538/538/538 557/557/557 558/558/558
f 538/538/538 558/558/558 539/539/539
f 539/539/539 558/558/558 559/559/559
f 539/539/539 559/559/559 540/540/540
f 540/540/540 559/559/559 560/560/560
f 540/540/540 560/560/560 541/541/541
f 541/541/541 560/560/560 561/561/561
f 541/541/541 561/561/561 542/542/542
f 542/542/542 561/561/561 562/562/562
f 542/542/542 562/562/562 543/543/543
f 543/543/543 562/562/562 563/563/563
f 543/543/543 563/563/563 544/544/544
f 544/544/544 563/563/563 564/564/564
f 544/544/544 564/564/564 545/545/545
f 545/545/545 564/564/564 565/565/565
f 545/545/545 565/565/565 546/546/546
f 546/546/546 565/565/565 566/566/566
f 546/546/546 566/566/566 547/547/547
f 547/547/547 566/566/566 567/567/567
f 547/547/547 567/567/567 548/548/548
f 548/548/548 567/567/567 568/568/568
f 548/548/548 568/568/568 549/549/549
f 549/549/549 568/568/568 569/569/569
f 549/549/549 569/569/569 550/550/550
f 550/550/550 569/569/569 570/570/570
f 550/550/550 570/570/570 551/551/551
f 552/552/552 571/571/571 572/572/572
f 552/552/552 572/572/572 553/553/553
f 553/553/553 572/572/572 573/573/573
f 553/553/553 573/573/573 554/554/554
f 554/554/554 573/573/573 574/574/574
f 554/554/554 574/574/574 555/555/555
f 555/555/555 574/574/574 575/575/575
f 555/555/555 575/575/575 556/556/556
f 556/556/556 575/575/575 576/576/576
f 556/556/556 576/576/576 557/557/557
f 557/557/557 576/576/576 577/577/577
f 557/557/557 577/577/577 558/558/558
f 558/558/558 577/577/577 578/578/578
f 558/558/558 578/578/578 559/559/559
f 559/559/559 578/578/578 579/579/579
f 559/559/559 579/579/579 560/560/560
f 560/560/560 579/579/579 580/580/580
f 560/560/560 580/580/580 561/561/561
f 561/561/561 580/580/580 581/581/581
f 561/561/561 581/581/581 562/562/562
f 562/562/562 581/581/581 582/582/582
f 562/562/562 582/582/582 563/563/563
f 563/563/563 582/582/582 583/583/583
f 563/563/563 583/583/583 564/564/564
f 564/564/564 583/583/583 584/584/584
f 564/564/564 584/584/584 565/565/565
f 565/565/565 584/584/584 585/585/585
f 565/565/565 585/585/585 566/566/566
f 566/566/566 585/585/585 586/586/586
f 566/566/566 586/586/586 567/567/567
f 567/567/567 586/586/586 587/587/587
f 567/567/567 587/587/587 568/568/568
f 568/568/568 587/587/587 588/588/588
f 568/568/568 588/588/588 569/569/569
f 569/569/569 588/588/588 589/589/589
f 569/569/569 589/589/589 570/570/570
f 571/571/571 590/590/590 591/591/591
f 571/571/571 591/591/591 572/572/572
f 572/572/572 591/591/591 592/592/592
f 572/572/572 592/592/592 573/573/573
f 573/573/573 592/592/592 593/593/593
f 573/573/573 593/593/593 574/574/574
f 574/574/574 593/593/593 594/594/594
f 574/574/574 594/594/594 575/575/575
f 575/575/575 594/594/594 595/595/595
f 575/575/575 595/595/595 576/576/576
f 576/576/576 595/595/595 596/596/596
f 576/576/576 596/596/596 577/577/577
f 577/577/577 596/596/596 597/597/597
f 577/577/577 597/597/597 578/578/578
f 578/578/578 597/597/597 598/598/598
f 578/578/578 598/598/598 579/579/579
f 579/579/579 598/598/598 599/599/599
f 579/579/579 599/599/599 580/580/580
f 580/580/580 599/599/599 600/600/600
f 580/580/580 600/600/600 581/581/581
f 581/581/581 600/600/600 601/601/601
f 581/581/581 601/601/601 582/582/582
f 582/582/582 601/601/601 602/602/602
f 582/582/582 602/602/602 583/583/583
f 583/583/583 602/602/602 603/603/603
f 583/583/583 603/603/603 584/584/584
f 584/584/584 603/603/603 604/604/604
f 584/584/584 604/604/604 585/585/585
f 585/585/585 604/604/604 605/605/605
f 585/585/585 605/605/605 586/586/586
f 586/586/586 605/605/605 606/606/606
f 586/586/586 606/606/606 587/587/587
f 587/587/587 606/606/606 607/607/607
f 587/587/587 607/607/607 588/588/588
f 588/588/588 607/607/607 608/608/608
f 588/588/588 608/608/608 589/589/589
f 590/590/590 609/609/609 610/610/610
f 590/590/590 610/610/610 591/591/591
f 591/591/591 610/610/610 611/611/611
f 591/591/591 611/611/611 592/592/592
f 592/592/592 611/611/611 612/612/612
f 592/592/592 612/612/612 593/593/593
f 593/593/593 612/612/612 613/613/613
f 593/593/593 613/613/613 594/594/594
f 594/594/594 613/613/613 614/614/614
f 594/594/594 614/614/614 595/595/595
f 595/595/595 614/614/614 615/615/615
f 595/595/595 615/615/615 596/596/596
f 596/596/596 615/615/615 616/616/616
f 596/596/596 616/616/616 597/597/597
f 597/597/597 616/616/616 617/617/617
f 597/597/597 617/617/617 598/598/598
f 598/598/598 617/617/617 618/618/618
f 598/598/598 618/618/618 599/599/599
f 599/599/599 618/618/618 619/619/619
f 599/599/599 619/619/619 600/600/600
f 600/600/600 619/619/619 620/620/620
f 600/600/600 620/620/620 601/601/601
f 601/601/601 620/620/620 621/621/621
f 601/601/601 621/621/621 602/602/602
f 602/602/602 621/621/621 622/622/622
f 602/602/602 622/622/622 603/603/603
f 603/603/603 622/622/622 623/623/623
f 603/603/603 623/623/623 604/604/604
f 604/604/604 623/623/623 624/624/624
f 604/604/604 624/624/624 605/605/605
f 605/605/605 624/624/624 625/625/625
f 605/605/605 625/625/625 606/606/606
f 606/606/606 625/625/625 626/626/626
f 606/606/606 626/626/626 607/607/607
f 607/607/607 626/626/626 627/627/627
f 607/607/607 627/627/627 608/608/608
f 609/609/609 628/628/628 629/629/629
f 609/609/609 629/629/629 610/610/610
f 610/610/610 629/629/629 630/630/630
f 610/610/610 630/630/630 611/611/611
f 611/611/611 630/630/630 631/631/631
f 611/611/611 631/631/631 612/612/612
f 612/612/612 631/631/631 632/632/632
f 612/612/612 632/632/632 613/613/613
f 613/613/613 632/632/632 633/633/633
f 613/613/613 633/633/633 614/614/614
f 614/614/614 633/633/633 634/634/634
f 614/614/614 634/634/634 615/615/615
f 615/615/615 634/634/634 635/635/635
f 615/615/615 635/635/635 616/616/616
f 616/616/616 635/635/635 636/636/636
f 616/616/616 636/636/636 617/617/617
f 617/617/617 636/636/636 637/637/637
f 617/617/617 637/637/637 618/618/618
f 618/618/618 637/637/637 638/638/638
f 618/618/618 638/638/638 619/619/619
f 619/619/619 638/638/638 639/639/639
f 619/619/619 639/639/639 620/620/620
f 620/620/620 639/639/639 640/640/640
f 620/620/620 640/640/640 621/621/621
f 621/621/621 640/640/640 641/641/641
f 621/621/621 641/641/641 622/622/622
f 622/622/622 641/641/641 642/642/642
f 622/622/622 642/642/642 623/623/623
f 623/623/623 642/642/642 643/643/643
f 623/623/623 643/643/643 624/624/624
f 624/624/624 643/643/643 644/644/644
f 624/624/624 644/644/644 625/625/625
f 625/625/625 644/644/644 645/645/645
f 625/625/625 645/645/645 626/626/626
f 626/626/626 645/645/645 646/646/646
f 626/626/626 646/646/646 627/627/627
f 628/628/628 647/647/647 648/648/648
f 628/628/628 648/648/648 629/629/629
f 629/629/629 648/648/648 649/649/649
f 629/629/629 649/649/649 630/630/630
f 630/630/630 649/649/649 650/650/650
f 630/630/630 650/650/650 631/631/631
f 631/631/631 650/650/650 651/651/651
f 631/631/631 651/651/651 632/632/632
f 632/632/632 651/651/651 652/652/652
f 632/632/632 652/652/652 633/633/633
f 633/633/633 652/652/652 653/653/653
f 633/633/633 653/653/653 634/634/634
f 634/634/634 653/653/653 654/654/654
f 634/634/634 654/654/654 635/635/635
f 635/635/635 654/654/654 655/655/655
f 635/635/635 655/655/655 636/636/636
f 636/636/636 655/655/655 656/656/656
f 636/636/636 656/656/656 637/637/637
f 637/637/637 656/656/656 657/657/657
f 637/637/637 657/657/657 638/638/638
f 638/638/638 657/657/657 658/658/658
f 638/638/638 658/658/658 639/639/639
f 639/639/639 658/658/658 659/659/659
f 639/639/639 659/659/659 640/640/640
f 640/640/640 659/659/659 660/660/660
f 640/640/640 660/660/660 641/641/641
f 641/641/641 660/660/660 661/661/661
f 641/641/641 661/661/661 642/642/642
f 642/642/642 661/661/661 662/662/662
f 642/642/642 662/662/662 643/643/643
f 643/643/643 662/662/662 663/663/663
f 643/643/643 663/663/663 644/644/644
f 644/644/644 663/663/663 664/664/664
f 644/644/644 664/664/664 645/645/645
f 645/645/645 664/664/664 665/665/665
f 645/645/645 665/665/665 646/646/646
f 647/647/647 666/666/666 667/667/667
f 647/647/647 667/667/667 648/648/648
f 648/648/648 667/667/667 668/668/668
f 648/648/648 668/668/668 649/649/649
f 649/649/649 668/668/668 669/669/669
f 649/649/649 669/669/669 650/650/650
f 650/650/650 669/669/669 670/670/670
f 650/650/650 670/670/670 651/651/651
f 651/651/651 670/670/670 671/671/671
f 651/651/651 671/671/671 652/652/652
f 652/652/652 671/671/671 672/672/672
f 652/652/652 672/672/672 653/653/653
f 653/653/653 672/672/672 673/673/673
f 653/653/653 673/673/673 654/654/654
f 654/654/654 673/673/673 674/674/674
f 654/654/654 674/674/674 655/655/655
f 655/655/655 674/674/674 675/675/675
f 655/655/655 675/675/675 656/656/656
f 656/656/656 675/675/675 676/676/676
f 656/656/656 676/676/676 657/657/657
f 657/657/657 676/676/676 677/677/677
f 657/657/657 677/677/677 658/658/658
f 658/658/658 677/677/677 678/678/678
f 658/658/658 678/678/678 659/659/659
f 659/659/659 678/678/678 679/679/679
f 659/659/659 679/679/679 660/660/660
f 660/660/660 679/679/679 680/680/680
f 660/660/660 680/680/680 661/661/661
f 661/661/661 680/680/680 681/681/681
f 661/661/661 681/681/681 662/662/662
f 662/662/662 681/681/681 682/682/682
f 662/662/662 682/682/682 663/663/663
f 663/663/663 682/682/682 683/683/683
f 663/663/663 683/683/683 664/664/664
f 664/664/664 683/683/683 684/684/684
f 664/664/664 684/684/684 665/665/665
f 666/666/666 685/685/685 686/686/686
f 666/666/666 686/686/686 667/667/667
f 667/667/667 686/686/686 687/687/687
f 667/667/667 687/687/687 668/668/668
f 668/668/668 687/687/687 688/688/688
f 668/668/668 688/688/688 669/669/669
f 669/669/669 688/688/688 689/689/689
f 669/669/669 689/689/689 670/670/670
f 670/670/670 689/689/689 690/690/690
f 670/670/670 690/690/690 671/671/671
f 671/671/671 690/690/690 691/691/691
f 671/671/671 691/691/691 672/672/672
f 672/672/672 691/691/691 692/692/692
f 672/672/672 692/692/692 673/673/673
f 673/673/673 692/692/692 693/693/693
f 673/673/673 693/693/693 674/674/674
f 674/674/674 693/693/693 694/694/694
f 674/674/674 694/694/694 675/675/675
f 675/675/675 694/694/694 695/695/695
f 675/675/675 695/695/695 676/676/676
f 676/676/676 695/695/695 696/696/696
f 676/676/676 696/696/696 677/677/677
f 677/677/677 696/696/696 697/697/697
f 677/677/677 697/697/697 678/678/678
f 678/678/678 697/697/697 698/698/698
f 678/678/678 698/698/698 679/679/679
f 679/679/679 698/698/698 699/699/699
f 679/679/679 699/699/699 680/680/680
f 680/680/680 699/699/699 700/700/700
f 680/680/680 700/700/700 681/681/681
f 681/681/681 700/700/700 701/701/701
f 681/681/681 701/701/701 682/682/682
f 682/682/682 701/701/701 702/702/702
f 682/682/682 702/702/702 683/683/683
f 683/683/683 702/702/702 703/703/703
f 683/683/683 703/703/703 684/684/684
f 685/685/685 704/704/704 705/705/705
f 685/685/685 705/705/705 686/686/686
f 686/686/686 705/705/705 706/706/706
f 686/686/686 706/706/706 687/687/687
f 687/687/687 706/706/706 707/707/707
f 687/687/687 707/707/707 688/688/688
f 688/688/688 707/707/707 708/708/708
f 688/688/688 708/708/708 689/689/689
f 689/689/689 708/708/708 709/709/709
f 689/689/689 709/709/709 690/690/690
f 690/690/690 709/709/709 710/710/710
f 690/690/690 710/710/710 691/691/691
f 691/691/691 710/710/710 711/711/711
f 691/691/691 711/711/711 692/692/692
f 692/692/692 711/711/711 712/712/712
f 692/692/692 712/712/712 693/693/693
f 693/693/693 712/712/712 713/713/713
f 693/693/693 713/713/713 694/694/694
f 694/694/694 713/713/713 714/714/714
f 694/694/694 714/714/714 695/695/695
f 695/695/695 714/714/714 715/715/715
f 695/695/695 715/715/715 696/696/696
f 696/696/696 715/715/715 716/716/716
f 696/696/696 716/716/716 697/697/697
f 697/697/697 716/716/716 717/717/717
f 697/697/697 717/717/717 698/698/698
f 698/698/698 717/717/717 718/718/718
f 698/698/698 718/718/718 699/699/699
f 699/699/699 718/718/718 719/719/719
f 699/699/699 719/719/719 700/700/700
f 700/700/700 719/719/719 720/720/720
f 700/700/700 720/720/720 701/701/701
f 701/701/701 720/720/720 721/721/721
f 701/701/701 721/721/721 702/702/702
f 702/702/702 721/721/721 722/722/722
f 702/702/702 722/722/722 703/703/703
f 723/723/723 742/742/742 743/743/743
f 723/723/723 743/743/743 724/724/724
f 724/724/724 743/743/743 744/744/744
f 724/724/724 744/744/744 725/725/725
f 725/725/725 744/744/744 745/745/745
f 725/725/725 745/745/745 726/726/726
f 726/726/726 745/745/745 746/746/746
f 726/726/726 746/746/746 727/727/727
f 727/727/727 746/746/746 747/747/747
f 727/727/727 747/747/747 728/728/728
f 728/728/728 747/747/747 748/748/748
f 728/728/728 748/748/748 729/729/729
f 729/729/729 748/748/748 749/749/749
f 729/729/729 749/749/749 730/730/730
f 730/730/730 749/749/749 750/750/750
f 730/730/730 750/750/750 731/731/731
f 731/731/731 750/750/750 751/751/751
f 731/731/731 751/751/751 732/732/732
f 732/732/732 751/751/751 752/752/752
f 732/732/732 752/752/752 733/733/733
f 733/733/733 752/752/752 753/753/753
f 733/733/733 753/753/753 734/734/734
f 734/734/734 753/753/753 754/754/754
f 734/734/734 754/754/754 735/735/735
f 735/735/735 754/754/754 755/755/755
f 735/735/735 755/755/755 736/736/736
f 736/736/736 755/755/755 756/756/756
f 736/736/736 756/756/756 737/737/737
f 737/737/737 756/756/756 757/757/757
f 737/737/737 757/757/757 738/738/738
f 738/738/738 757/757/757 758/758/758
f 738/738/738 758/758/758 739/739/739
f 739/739/739 758/758/758 759/759/759
f 739/739/739 759/759/759 740/740/740
f 740/740/740 759/759/759 760/760/760
f 740/740/740 760/760/760 741/741/741
f 742/742/742 761/761/761 762/762/762
f 742/742/742 762/762/762 743/743/743
f 743/743/743 762/762/762 763/763/763
f 743/743/743 763/763/763 744/744/744
f 744/744/744 763/763/763 764/764/764
f 744/744/744 764/764/764 745/745/745
f 745/745/745 764/764/764 765/765/765
f 745/745/745 765/765/765 746/746/746
f 746/746/746 765/765/765 766/766/766
f 746/746/746 766/766/766 747/747/747
f 747/747/747 766/766/766 767/767/767
f 747/747/747 767/767/767 748/748/748
f 748/748/748 767/767/767 768/768/768
f 748/748/748 768/768/768 749/749/749
f 749/749/749 768/768/768 769/769/769
f 749/749/749 769/769/769 750/750/750
f 750/750/750 769/769/769 770/770/770
f 750/750/750 770/770/770 751/751/751
f 751/751/751 770/770/770 771/771/771
f 751/751/751 771/771/771 752/752/752
f 752/752/752 771/771/771 772/772/772
f 752/752/752 772/772/772 753/753/753
f 753/753/753 772/772/772 773/773/773
f 753/753/753 773/773/773 754/754/754
f 754/754/754 773/773/773 774/774/774
f 754/754/754 774/774/774 755/755/755
f 755/755/755 774/774/774 775/775/775
f 755/755/755 775/775/775 756/756/756
f 756/756/756 775/775/775 776/776/776
f 756/756/756 776/776/776 757/757/757
f 757/757/757 776/776/776 777/777/777
f 757/757/757 777/777/777 758/758/758
f 758/758/758 777/777/777 778/778/778
f 758/758/758 778/778/778 759/759/759
f 759/759/759 778/778/778 779/779/779
f 759/759/759 779/779/779 760/760/760
f 761/761/761 780/780/780 781/781/781
f 761/761/761 781/781/781 762/762/762
f 762/762/762 781/781/781 782/782/782
f 762/762/762 782/782/782 763/763/763
f 763/763/763 782/782/782 783/783/783
f 763/763/763 783/783/783 764/764/764
f 764/764/764 783/783/783 784/784/784
f 764/764/764 784/784/784 765/765/765
f 765/765/765 784/784/784 785/785/785
f 765/765/765 785/785/785 766/766/766
f 766/766/766 785/785/785 786/786/786
f 766/766/766 786/786/786 767/767/767
f 767/767/767 786/786/786 787/787/787
f 767/767/767 787/787/787 768/768/768
f 768/768/768 787/787/787 788/788/788
f 768/768/768 788/788/788 769/769/769
f 769/769/769 788/788/788 789/789/789
f 769/769/769 789/789/789 770/770/770
f 770/770/770 789/789/789 790/790/790
f 770/770/770 790/790/790 771/771/771
f 771/771/771 790/790/790 791/791/791
f 771/771/771 791/791/791 772/772/772
f 772/772/772 791/791/791 792/792/792
f 772/772/772 792/792/792 773/773/773
f 773/773/773 792/792/792 793/793/793
f 773/773/773 793/793/793 774/774/774
f 774/774/774 793/793/793 794/794/794
f 774/774/774 794/794/794 775/775/775
f 775/775/775 794/794/794 795/795/795
f 775/775/775 795/795/795 776/776/776
f 776/776/776 795/795/795 796/796/796
f 776/776/776 796/796/796 777/777/777
f 777/777/777 796/796/796 797/797/797
f 777/777/777 797/797/797 778/778/778
f 778/778/778 797/797/797 798/798/798
f 778/778/778 798/798/798 779/779/779
f 780/780/780 799/799/799 800/800/800
f 780/780/780 800/800/800 781/781/781
f 781/781/781 800/800/800 801/801/801
f 781/781/781 801/801/801 782/782/782
f 782/782/782 801/801/801 802/802/802
f 782/782/782 802/802/802 783/783/783
f 783/783/783 802/802/802 803/803/803
f 783/783/783 803/803/803 784/784/784
f 784/784/784 803/803/803 804/804/804
f 784/784/784 804/804/804 785/785/785
f 785/785/785 804/804/804 805/805/805
f 785/785/785 805/805/805 786/786/786
f 786/786/786 805/805/805 806/806/806
f 786/786/786 806/806/806 787/787/787
f 787/787/787 806/806/806 807/807/807
f 787/787/787 807/807/807 788/788/788
f 788/788/788 807/807/807 808/808/808
f 788/788/788 808/808/808 789/789/789
f 789/789/789 808/808/808 809/809/809
f 789/789/789 809/809/809 790/790/790
f 790/790/790 809/809/809 810/810/810
f 790/790/790 810/810/810 791/791/791
f 791/791/791 810/810/810 811/811/811
f 791/791/791 811/811/811 792/792/792
f 792/792/792 811/811/811 812/812/812
f 792/792/792 812/812/812 793/793/793
f 793/793/793 812/812/812 813/813/813
f 793/793/793 813/813/813 794/794/794
f 794/794/794 813/813/813 814/814/814
f 794/794/794 814/814/814 795/795/795
f 795/795/795 814/814/814 815/815/815
f 795/795/795 815/815/815 796/796/796
f 796/796/796 815/815/815 816/816/816
f 796/796/796 816/816/816 797/797/797
f 797/797/797 816/816/816 817/817/817
f 797/797/797 817/817/817 798/798/798
f 799/799/799 818/818/818 819/819/819
f 799/799/799 819/819/819 800/800/800
f 800/800/800 819/819/819 820/820/820
f 800/800/800 820/820/820 801/801/801
f 801/801/801 820/820/820 821/821/821
f 801/801/801 821/821/821 802/802/802
f 802/802/802 821/821/821 822/822/822
f 802/802/802 822/822/822 803/803/803
f 803/803/803 822/822/822 823/823/823
f 803/803/803 823/823/823 804/804/804
f 804/804/804 823/823/823 824/824/824
f 804/804/804 824/824/824 805/805/805
f 805/805/805 824/824/824 825/825/825
f 805/805/805 825/825/825 806/806/806
f 806/806/806 825/825/825 826/826/826
f 806/806/806 826/826/826 807/807/807
f 807/807/807 826/826/826 827/827/827
f 807/807/807 827/827/827 808/808/808
f 808/808/808 827/827/827 828/828/828
f 808/808/808 828/828/828 809/809/809
f 809/809/809 828/828/828 829/829/829
f 809/809/809 829/829/829 810/810/810
f 810/810/810 829/829/829 830/830/830
f 810/810/810 830/830/830 811/811/811
f 811/811/811 830/830/830 831/831/831
f 811/811/811 831/831/831 812/812/812
f 812/812/812 831/831/831 832/832/832
f 812/812/812 832/832/832 813/813/813
f 813/813/813 832/832/832 833/833/833
f 813/813/813 833/833/833 814/814/814
f 814/814/814 833/833/833 834/834/834
f 814/814/814 834/834/834 815/815/815
f 815/815/815 834/834/834 835/835/835
f 815/815/815 835/835/835 816/816/816
f 816/816/816 835/835/835 836/836/836
f 816/816/816 836/836/836 817/817/817
f 818/818/818 837/837/837 838/838/838
f 818/818/818 838/838/838 819/819/819
f 819/819/819 838/838/838 839/839/839
f 819/819/819 839/839/839 820/820/820
f 820/820/820 839/839/839 840/840/840
f 820/820/820 840/840/840 821/821/821
f 821/821/821 840/840/840 841/841/841
f 821/821/821 841/841/841 822/822/822
f 822/822/822 841/841/841 842/842/842
f 822/822/822 842/842/842 823/823/823
f 823/823/823 842/842/842 843/843/843
f 823/823/823 843/843/843 824/824/824
f 824/824/824 843/843/843 844/844/844
f 824/824/824 844/844/844 825/825/825
f 825/825/825 844/844/844 845/845/845
f 825/825/825 845/845/845 826/826/826
f 826/826/826 845/845/845 846/846/846
f 826/826/826 846/846/846 827/827/827
f 827/827/827 846/846/846 847/847/847
f 827/827/827 847/847/847 828/828/828
f 828/828/828 847/847/847 848/848/848
f 828/828/828 848/848/848 829/829/829
f 829/829/829 848/848/848 849/849/849
f 829/829/829 849/849/849 830/830/830
f 830/830/830 849/849/849 850/850/850
f 830/830/830 850/850/850 831/831/831
f 831/831/831 850/850/850 851/851/851
f 831/831/831 851/851/851 832/832/832
f 832/832/832 851/851/851 852/852/852
f 832/832/832 852/852/852 833/833/833
f 833/833/833 852/852/852 853/853/853
f 833/833/833 853/853/853 834/834/834
f 834/834/834 853/853/853 854/854/854
f 834/834/834 854/854/854 835/835/835
f 835/835/835 854/854/854 855/855/855
f 835/835/835 855/855/855 836/836/836
f 837/837/837 856/856/856 857/857/857
f 837/837/837 857/857/857 838/838/838
f 838/838/838 857/857/857 858/858/858
f 838/838/838 858/858/858 839/839/839
f 839/839/839 858/858/858 859/859/859
f 839/839/839 859/859/859 840/840/840
f 840/840/840 859/859/859 860/860/860
f 840/840/840 860/860/860 841/841/841
f 841/841/841 860/860/860 861/861/861
f 841/841/841 861/861/861 842/842/842
f 842/842/842 861/861/861 862/862/862
f 842/842/842 862/862/862 843/843/843
f 843/843/843 862/862/862 863/863/863
f 843/843/843 863/863/863 844/844/844
f 844/844/844 863/863/863 864/864/864
f 844/844/844 864/864/864 845/845/845
f 845/845/845 864/864/864 865/865/865
f 845/845/845 865/865/865 846/846/846
f 846/846/846 865/865/865 866/866/866
f 846/846/846 866/866/866 847/847/847
f 847/847/847 866/866/866 867/867/867
f 847/847/847 867/867/867 848/848/848
f 848/848/848 867/867/867 868/868/868
f 848/848/848 868/868/868 849/849/849
f 849/849/849 868/868/868 869/869/869
f 849/849/849 869/869/869 850/850/850
f 850/850/850 869/869/869 870/870/870
f 850/850/850 870/870/870 851/851/851
f 851/851/851 870/870/870 871/871/871
f 851/851/851 871/871/871 852/852/852
f 852/852/852 871/871/871 872/872/872
f 852/852/852 872/872/872 853/853/853
f 853/853/853 872/872/872 873/873/873
f 853/853/853 873/873/873 854/854/854
f 854/854/854 873/873/873 874/874/874
f 854/854/854 874/874/874 855/855/855
f 856/856/856 875/875/875 876/876/876
f 856/856/856 876/876/876 857/857/857
f 857/857/857 876/876/876 877/877/877
f 857/857/857 877/877/877 858/858/858
f 858/858/858 877/877/877 878/878/878
f 858/858/858 878/878/878 859/859/859
f 859/859/859 878/878/878 879/879/879
f 859/859/859 879/879/879 860/860/860
f 860/860/860 879/879/879 880/880/880
f 860/860/860 880/880/880 861/861/861
f 861/861/861 880/880/880 881/881/881
f 861/861/861 881/881/881 862/862/862
f 862/862/862 881/881/881 882/882/882
f 862/862/862 882/882/882 863/863/863
f 863/863/863 882/882/882 883/883/883
f 863/863/863 883/883/883 864/864/864
f 864/864/864 883/883/883 884/884/884
f 864/864/864 884/884/884 865/865/865
f 865/865/865 884/884/884 885/885/885
f 865/865/865 885/885/885 866/866/866
f 866/866/866 885/885/885 886/886/886
f 866/866/866 886/886/886 867/867/867
f 867/867/867 886/886/886 887/887/887
f 867/867/867 887/887/887 868/868/868
f 868/868/868 887/887/887 888/888/888
f 868/868/868 888/888/888 869/869/869
f 869/869/869 888/888/888 889/889/889
f 869/869/869 889/889/889 870/870/870
f 870/870/870 889/889/889 890/890/890
f 870/870/870 890/890/890 871/871/871
f 871/871/871 890/890/890 891/891/891
f 871/871/871 891/891/891 872/872/872
f 872/872/872 891/891/891 892/892/892
f 872/872/872 892/892/892 873/873/873
f 873/873/873 892/892/892 893/893/893
f 873/873/873 893/893/893 874/874/874
f 875/875/875 894/894/894 895/895/895
f 875/875/875 895/895/895 876/876/876
f 876/876/876 895/895/895 896/896/896
f 876/876/876 896/896/896 877/877/877
f 877/877/877 896/896/896 897/897/897
f 877/877/877 897/897/897 878/878/878
f 878/878/878 897/897/897 898/898/898
f 878/878/878 898/898/898 879/879/879
f 879/879/879 898/898/898 899/899/899
f 879/879/879 899/899/899 880/880/880
f 880/880/880 899/899/899 900/900/900
f 880/880/880 900/900/900 881/881/881
f 881/881/881 900/900/900 901/901/901
f 881/881/881 901/901/901 882/882/882
f 882/882/882 901/901/901 902/902/902
f 882/882/882 902/902/902 883/883/883
f 883/883/883 902/902/902 903/903/903
f 883/883/883 903/903/903 884/884/884
f 884/884/884 903/903/903 904/904/904
f 884/884/884 904/904/904 885/885/885
f 885/885/885 904/904/904 905/905/905
f 885/885/885 905/905/905 886/886/886
f 886/886/886 905/905/905 906/906/906
f 886/886/886 906/906/906 887/887/887
f 887/887/887 906/906/906 907/907/907
f 887/887/887 907/907/907 888/888/888
f 888/888/888 907/907/907 908/908/908
f 888/888/888 908/908/908 889/889/889
f 889/889/889 908/908/908 909/909/909
f 889/889/889 909/909/909 890/890/890
f 890/890/890 909/909/909 910/910/910
f 890/890/890 910/910/910 891/891/891
f 891/891/891 910/910/910 911/911/911
f 891/891/891 911/911/911 892/892/892
f 892/892/892 911/911/911 912/912/912
f 892/892/892 912/912/912 893/893/893
f 894/894/894 913/913/913 914/914/914
f 894/894/894 914/914/914 895/895/895
f 895/895/895 914/914/914 915/915/915
f 895/895/895 915/915/915 896/896/896
f 896/896/896 915/915/915 916/916/916
f 896/896/896 916/916/916 897/897/897
f 897/897/897 916/916/916 917/917/917
f 897/897/897 917/917/917 898/898/898
f 898/898/898 917/917/917 918/918/918
f 898/898/898 918/918/918 899/899/899
f 899/899/899 918/918/918 919/919/919
f 899/899/899 919/919/919 900/900/900
f 900/900/900 919/919/919 920/920/920
f 900/900/900 920/920/920 901/901/901
f 901/901/901 920/920/920 921/921/921
f 901/901/901 921/921/921 902/902/902
f 902/902/902 921/921/921 922/922/922
f 902/902/902 922/922/922 903/903/903
f 903/903/903 922/922/922 923/923/923
f 903/903/903 923/923/923 904/904/904
f 904/904/904 923/923/923 924/924/924
f 904/904/904 924/924/924 905/905/905
f 905/905/905 924/924/924 925/925/925
f 905/905/905 925/925/925 906/906/906
f 906/906/906 925/925/925 926/926/926
f 906/906/906 926/926/926 907/907/907
f 907/907/907 926/926/926 927/927/927
f 907/907/907 927/927/927 908/908/908
f 908/908/908 927/927/927 928/928/928
f 908/908/908 928/928/928 909/909/909
f 909/909/909 928/928/928 929/929/929
f 909/909/909 929/929/929 910/910/910
f 910/910/910 929/929/929 930/930/930
f 910/910/910 930/930/930 911/911/911
f 911/911/911 930/930/930 931/931/931
f 911/911/911 931/931/931 912/912/912
f 913/913/913 932/932/932 933/933/933
f 913/913/913 933/933/933 914/914/914
f 914/914/914 933/933/933 934/934/934
f 914/914/914 934/934/934 915/915/915
f 915/915/915 934/934/934 935/935/935
f 915/915/915 935/935/935 916/916/916
f 916/916/916 935/935/935 936/936/936
f 916/916/916 936/936/936 917/917/917
f 917/917/917 936/936/936 937/937/937
f 917/917/917 937/937/937 918/918/918
f 918/918/918 937/937/937 938/938/938
f 918/918/918 938/938/938 919/919/919
f 919/919/919 938/938/938 939/939/939
f 919/919/919 939/939/939 920/920/920
f 920/920/920 939/939/939 940/940/940
f 920/920/920 940/940/940 921/921/921
f 921/921/921 940/940/940 941/941/941
f 921/921/921 941/941/941 922/922/922
f 922/922/922 941/941/941 942/942/942
f 922/922/922 942/942/942 923/923/923
f 923/923/923 942/942/942 943/943/943
f 923/923/923 943/943/943 924/924/924
f 924/924/924 943/943/943 944/944/944
f 924/924/924 944/944/944 925/925/925
f 925/925/925 944/944/944 945/945/945
f 925/925/925 945/945/945 926/926/926
f 926/926/926 945/945/945 946/946/946
f 926/926/926 946/946/946 927/927/927
f 927/927/927 946/946/946 947/947/947
f 927/927/927 947/947/947 928/928/928
f 928/928/928 947/947/947 948/948/948
f 928/928/928 948/948/948 929/929/929
f 929/929/929 948/948/948 949/949/949
f 929/929/929 949/949/949 930/930/930
f 930/930/930 949/949/949 950/950/950
f 930/930/930 950/950/950 931/931/931
f 932/932/932 951/951/951 952/952/952
f 932/932/932 952/952/952 933/933/933
f 933/933/933 952/952/952 953/953/953
f 933/933/933 953/953/953 934/934/934
f 934/934/934 953/953/953 954/954/954
f 934/934/934 954/954/954 935/935/935
f 935/935/935 954/954/954 955/955/955
f 935/935/935 955/955/955 936/936/936
f 936/936/936 955/955/955 956/956/956
f 936/936/936 956/956/956 937/937/937
f 937/937/937 956/956/956 957/957/957
f 937/937/937 957/957/957 938/938/938
f 938/938/938 957/957/957 958/958/958
f 938/938/938 958/958/958 939/939/939
f 939/939/939 958/958/958 959/959/959
f 939/939/939 959/959/959 940/940/940
f 940/940/940 959/959/959 960/960/960
f 940/940/940 960/960/960 941/941/941
f 941/941/941 960/960/960 961/961/961
f 941/941/941 961/961/961 942/942/942
f 942/942/942 961/961/961 962/962/962
f 942/942/942 962/962/962 943/943/943
f 943/943/943 962/962/962 963/963/963
f 943/943/943 963/963/963 944/944/944
f 944/944/944 963/963/963 964/964/964
f 944/944/944 964/964/964 945/945/945
f 945/945/945 964/964/964 965/965/965
f 945/945/945 965/965/965 946/946/946
f 946/946/946 965/965/965 966/966/966
f 946/946/946 966/966/966 947/947/947
f 947/947/947 966/966/966 967/967/967
f 947/947/947 967/967/967 948/948/948
f 948/948/948 967/967/967 968/968/968
f 948/948/948 968/968/968 949/949/949
f 949/949/949 968/968/968 969/969/969
f 949/949/949 969/969/969 950/950/950
f 951/951/951 970/970/970 971/971/971
f 951/951/951 971/971/971 952/952/952
f 952/952/952 971/971/971 972/972/972
f 952/952/952 972/972/972 953/953/953
f 953/953/953 972/972/972 973/973/973
f 953/953/953 973/973/973 954/954/954
f 954/954/954 973/973/973 974/974/974
f 954/954/954 974/974/974 955/955/955
f 955/955/955 974/974/974 975/975/975
f 955/955/955 975/975/975 956/956/956
f 956/956/956 975/975/975 976/976/976
f 956/956/956 976/976/976 957/957/957
f 957/957/957 976/976/976 977/977/977
f 957/957/957 977/977/977 958/958/958
f 958/958/958 977/977/977 978/978/978
f 958/958/958 978/978/978 959/959/959
f 959/959/959 978/978/978 979/979/979
f 959/959/959 979/979/979 960/960/960
f 960/960/960 979/979/979 980/980/980
f 960/960/960 980/980/980 961/961/961
f 961/961/961 980/980/980 981/981/981
f 961/961/961 981/981/981 962/962/962
f 962/962/962 981/981/981 982/982/982
f 962/962/962 982/982/982 963/963/963
f 963/963/963 982/982/982 983/983/983
f 963/963/963 983/983/983 964/964/964
f 964/964/964 983/983/983 984/984/984
f 964/964/964 984/984/984 965/965/965
f 965/965/965 984/984/984 985/985/985
f 965/965/965 985/985/985 966/966/966
f 966/966/966 985/985/985 986/986/986
f 966/966/966 986/986/986 967/967/967
f 967/967/967 986/986/986 987/987/987
f 967/967/967 987/987/987 968/968/968
f 968/968/968 987/987/987 988/988/988
f 968/968/968 988/988/988 969/969/969
f 970/970/970 989/989/989 990/990/990
f 970/970/970 990/990/990 971/971/971
f 971/971/971 990/990/990 991/991/991
f 971/971/971 991/991/991 972/972/972
f 972/972/972 991/991/991 992/992/992
f 972/972/972 992/992/992 973/973/973
f 973/973/973 992/992/992 993/993/993
f 973/973/973 993/993/993 974/974/974
f 974/974/974 993/993/993 994/994/994
f 974/974/974 994/994/994 975/975/975
f 975/975/975 994/994/994 995/995/995
f 975/975/975 995/995/995 976/976/976
f 976/976/976 995/995/995 996/996/996
f 976/976/976 996/996/996 977/977/977
f 977/977/977 996/996/996 997/997/997
f 977/977/977 997/997/997 978/978/978
f 978/978/978 997/997/997 998/998/998
f 978/978/978 998/998/998 979/979/979
f 979/979/979 998/998/998 999/999/999
f 979/979/979 999/999/999 980/980/980
f 980/980/980 999/999/999 1000/1000/1000
f 980/980/980 1000/1000/1000 981/981/981
f 981/981/981 1000/1000/1000 1001/1001/1001
f 981/981/981 1001/1001/1001 982/982/982
f 982/982/982 1001/1001/1001 1002/1002/1002
f 982/982/982 1002/1002/1002 983/983/983
f 983/983/983 1002/1002/1002 1003/1003/1003
f 983/983/983 1003/1003/1003 984/984/984
f 984/984/984 1003/1003/1003 1004/1004/1004
f 984/984/984 1004/1004/1004 985/985/985
f 985/985/985 1004/1004/1004 1005/1005/1005
f 985/985/985 1005/1005/1005 986/986/986
f 986/986/986 1005/1005/1005 1006/1006/1006
f 986/986/986 1006/1006/1006 987/987/987
f 987/987/987 1006/1006/1006 1007/1007/1007
f 987/987/987 1007/1007/1007 988/988/988
f 989/989/989 1008/1008/1008 1009/1009/1009
f 989/989/989 1009/1009/1009 990/990/990
f 990/990/990 1009/1009/1009 1010/1010/1010
f 990/990/990 1010/1010/1010 991/991/991
f 991/991/991 1010/1010/1010 1011/1011/1011
f 991/991/991 1011/1011/1011 992/992/992
f 992/992/992 1011/1011/1011 1012/1012/1012
f 992/992/992 1012/1012/1012 993/993/993
f 993/993/993 1012/1012/1012 1013/1013/1013
f 993/993/993 1013/1013/1013 994/994/994
f 994/994/994 1013/1013/1013 1014/1014/1014
f 994/994/994 1014/1014/1014 995/995/995
f 995/995/995 1014/1014/1014 1015/1015/1015
f 995/995/995 1015/1015/1015 996/996/996
f 996/996/996 1015/1015/1015 1016/1016/1016
f 996/996/996 1016/1016/1016 997/997/997
f 997/997/997 1016/1016/1016 1017/1017/1017
f 997/997/997 1017/1017/1017 998/998/998
f 998/998/998 1017/1017/1017 1018/1018/1018
f 998/998/998 1018/1018/1018 999/999/999
f 999/999/999 1018/1018/1018 1019/1019/1019
f 999/999/999 1019/1019/1019 1000/1000/1000
f 1000/1000/1000 1019/1019/1019 1020/1020/1020
f 1000/1000/1000 1020/1020/1020 1001/1001/1001
f 1001/1001/1001 1020/1020/1020 1021/1021/1021
f 1001/1001/1001 1021/1021/1021 1002/1002/1002
f 1002/1002/1002 1021/1021/1021 1022/1022/1022
f 1002/1002/1002 1022/1022/1022 1003/1003/1003
f 1003/1003/1003 1022/1022/1022 1023/1023/1023
f 1003/1003/1003 1023/1023/1023 1004/1004/1004
f 1004/1004/1004 1023/1023/1023 1024/1024/1024
f 1004/1004/1004 1024/1024/1024 1005/1005/1005
f 1005/1005/1005 1024/1024/1024 1025/1025/1025
f 1005/1005/1005 1025/1025/1025 1006/1006/1006
f 1006/1006/1006 1025/1025/1025 1026/1026/1026
f 1006/1006/1006 1026/1026/1026 1007/1007/1007
f 1008/1008/1008 1027/1027/1027 1028/1028/1028
f 1008/1008/1008 1028/1028/1028 1009/1009/1009
f 1009/1009/1009 1028/1028/1028 1029/1029/1029
f 1009/1009/1009 1029/1029/1029 1010/1010/1010
f 1010/1010/1010 1029/1029/1029 1030/1030/1030
f 1010/1010/1010 1030/1030/1030 1011/1011/1011
f 1011/1011/1011 1030/1030/1030 1031/1031/1031
f 1011/1011/1011 1031/1031/1031 1012/1012/1012
f 1012/1012/1012 1031/1031/1031 1032/1032/1032
f 1012/1012/1012 1032/1032/1032 1013/1013/1013
f 1013/1013/1013 1032/1032/1032 1033/1033/1033
f 1013/1013/1013 1033/1033/1033 1014/1014/1014
f 1014/1014/1014 1033/1033/1033 1034/1034/1034
f 1014/1014/1014 1034/1034/1034 1015/1015/1015
f 1015/1015/1015 1034/1034/1034 1035/1035/1035
f 1015/1015/1015 1035/1035/1035 1016/1016/1016
f 1016/1016/1016 1035/1035/1035 1036/1036/1036
f 1016/1016/1016 1036/1036/1036 1017/1017/1017
f 1017/1017/1017 1036/1036/1036 1037/1037/1037
f 1017/1017/1017 1037/1037/1037 1018/1018/1018
f 1018/1018/1018 1037/1037/1037 1038/1038/1038
f 1018/1018/1018 1038/1038/1038 1019/1019/1019
f 1019/1019/1019 1038/1038/1038 1039/1039/1039
f 1019/1019/1019 1039/1039/1039 1020/1020/1020
f 1020/1020/1020 1039/1039/1039 1040/1040/1040
f 1020/1020/1020 1040/1040/1040 1021/1021/1021
f 1021/1021/1021 1040/1040/1040 1041/1041/1041
f 1021/1021/1021 1041/1041/1041 1022/1022/1022
f 1022/1022/1022 1041/1041/1041 1042/1042/1042
f 1022/1022/1022 1042/1042/1042 1023/1023/1023
f 1023/1023/1023 1042/1042/1042 1043/1043/1043
f 1023/1023/1023 1043/1043/1043 1024/1024/1024
f 1024/1024/1024 1043/1043/1043 1044/1044/1044
f 1024/1024/1024 1044/1044/1044 1025/1025/1025
f 1025/1025/1025 1044/1044/1044 1045/1045/1045
f 1025/1025/1025 1045/1045/1045 1026/1026/1026
f 1027/1027/1027 1046/1046/1046 1047/1047/1047
f 1027/1027/1027 1047/1047/1047 1028/1028/1028
f 1028/1028/1028 1047/1047/1047 1048/1048/1048
f 1028/1028/1028 1048/1048/1048 1029/1029/1029
f 1029/1029/1029 1048/1048/1048 1049/1049/1049
f 1029/1029/1029 1049/1049/1049 1030/1030/1030
f 1030/1030/1030 1049/1049/1049 1050/1050/1050
f 1030/1030/1030 1050/1050/1050 1031/1031/1031
f 1031/1031/1031 1050/1050/1050 1051/1051/1051
f 1031/1031/1031 1051/1051/1051 1032/1032/1032
f 1032/1032/1032 1051/1051/1051 1052/1052/1052
f 1032/1032/1032 1052/1052/1052 1033/1033/1033
f 1033/1033/1033 1052/1052/1052 1053/1053/1053
f 1033/1033/1033 1053/1053/1053 1034/1034/1034
f 1034/1034/1034 1053/1053/1053 1054/1054/1054
f 1034/1034/1034 1054/1054/1054 1035/1035/1035
f 1035/1035/1035 1054/1054/1054 1055/1055/1055
f 1035/1035/1035 1055/1055/1055 1036/1036/1036
f 1036/1036/1036 1055/1055/1055 1056/1056/1056
f 1036/1036/1036 1056/1056/1056 1037/1037/1037
f 1037/1037/1037 1056/1056/1056 1057/1057/1057
f 1037/1037/1037 1057/1057/1057 1038/1038/1038
f 1038/1038/1038 1057/1057/1057 1058/1058/1058
f 1038/1038/1038 1058/1058/1058 1039/1039/1039
f 1039/1039/1039 1058/1058/1058 1059/1059/1059
f 1039/1039/1039 1059/1059/1059 1040/1040/1040
f 1040/1040/1040 1059/1059/1059 1060/1060/1060
f 1040/1040/1040 1060/1060/1060 1041/1041/1041
f 1041/1041/1041 1060/1060/1060 1061/1061/1061
f 1041/1041/1041 1061/1061/1061 1042/1042/1042
f 1042/1042/1042 1061/1061/1061 1062/1062/1062
f 1042/1042/1042 1062/1062/1062 1043/1043/1043
f 1043/1043/1043 1062/1062/1062 1063/1063/1063
f 1043/1043/1043 1063/1063/1063 1044/1044/1044
f 1044/1044/1044 1063/1063/1063 1064/1064/1064
f 1044/1044/1044 1064/1064/1064 1045/1045/1045
f 1046/1046/1046 1065/1065/1065 1066/1066/1066
f 1046/1046/1046 1066/1066/1066 1047/1047/1047
f 1047/1047/1047 1066/1066/1066 1067/1067/1067
f 1047/1047/1047 1067/1067/1067 1048/1048/1048
f 1048/1048/1048 1067/1067/1067 1068/1068/1068
f 1048/1048/1048 1068/1068/1068 1049/1049/1049
f 1049/1049/1049 1068/1068/1068 1069/1069/1069
f 1049/1049/1049 1069/1069/1069 1050/1050/1050
f 1050/1050/1050 1069/1069/1069 1070/1070/1070
f 1050/1050/1050 1070/1070/1070 1051/1051/1051
f 1051/1051/1051 1070/1070/1070 1071/1071/1071
f 1051/1051/1051 1071/1071/1071 1052/1052/1052
f 1052/1052/1052 1071/1071/1071 1072/1072/1072
f 1052/1052/1052 1072/1072/1072 1053/1053/1053
f 1053/1053/1053 1072/1072/1072 1073/1073/1073
f 1053/1053/1053 1073/1073/1073 1054/1054/1054
f 1054/1054/1054 1073/1073/1073 1074/1074/1074
f 1054/1054/1054 1074/1074/1074 1055/1055/1055
f 1055/1055/1055 1074/1074/1074 1075/1075/1075
f 1055/1055/1055 1075/1075/1075 1056/1056/1056
f 1056/1056/1056 1075/1075/1075 1076/1076/1076
f 1056/1056/1056 1076/1076/1076 1057/1057/1057
f 1057/1057/1057 1076/1076/1076 1077/1077/1077
f 1057/1057/1057 1077/1077/1077 1058/1058/1058
f 1058/1058/1058 1077/1077/1077 1078/1078/1078
f 1058/1058/1058 1078/1078/1078 1059/1059/1059
f 1059/1059/1059 1078/1078/1078 1079/1079/1079
f 1059/1059/1059 1079/1079/1079 1060/1060/1060
f 1060/1060/1060 1079/1079/1079 1080/1080/1080
f 1060/1060/1060 1080/1080/1080 1061/1061/1061
f 1061/1061/1061 1080/1080/1080 1081/1081/1081
f 1061/1061/1061 1081/1081/1081 1062/1062/1062
f 1062/1062/1062 1081/1081/1081 1082/1082/1082
f 1062/1062/1062 1082/1082/1082 1063/1063/1063
f 1063/1063/1063 1082/1082/1082 1083/1083/1083
f 1063/1063/1063 1083/1083/1083 1064/1064/1064
